target,K,n_bins,fs,disc,score,n_folds,n_folds_ok,accuracy,accuracy_std,f1,f1_std,precision,precision_std,recall,recall_std,log_loss,log_loss_std,persistence_accuracy,persistence_accuracy_std,persistence_f1,persistence_f1_std,persistence_precision,persistence_precision_std,persistence_recall,persistence_recall_std,ar_dbn_accuracy,ar_dbn_accuracy_std,ar_dbn_f1,ar_dbn_f1_std,ar_dbn_precision,ar_dbn_precision_std,ar_dbn_recall,ar_dbn_recall_std,ar_dbn_log_loss,ar_dbn_log_loss_std,static_bn_si_accuracy,static_bn_si_accuracy_std,static_bn_si_f1,static_bn_si_f1_std,static_bn_si_precision,static_bn_si_precision_std,static_bn_si_recall,static_bn_si_recall_std,static_bn_si_log_loss,static_bn_si_log_loss_std,n_features_incl_target,features,mb_size,mb_fallback,train_time_sec,eval_time_sec,total_time_sec,cache_hits,cache_size,best_fold_accuracy,best_fold,model_pkl_path,edges_csv_path,exclude_other_throughputs,modeling_granularity_sec,error,acc_tput1,acc_tput2,acc_tput3,f1_tput1,f1_tput2,f1_tput3,prec_tput1,prec_tput2,prec_tput3,rec_tput1,rec_tput2,rec_tput3,ll_tput1,ll_tput2,ll_tput3
throughput_3,4,2,markov,classic_uniform,bic,5,5,0.9657785756575763,0.02205704831392022,0.7164115024035027,0.11654254465512182,0.8371818472977688,0.10120300966323577,0.6844820933962431,0.10948770028893025,0.1244310706525564,0.053328451334649016,0.9814642152497687,0.008032980076580562,0.8745284800606118,0.015280170930052748,0.8745284800606118,0.015280170930052748,0.8745284800606118,0.015280170930052748,0.9613251048010882,0.015651587992000626,0.49011454434285956,0.004084685735689133,0.4806625524005441,0.007825793996000313,0.5,0.0,0.16509488330785121,0.049752107589109335,0.9768489968722568,0.01979301155927707,0.8284499637882943,0.0976636012048208,0.9127337418420012,0.1266771576480898,0.7820140366087079,0.09321102474061595,0.10962365869643206,0.06951378390358261,6,"throughput_2,buffer_size_3,data_quality_2,scrape_duration_seconds_3,throughput_3,throughput_1",5.0,trimmed,0.1417055707424879,0.063192833121866,42.72849082807079,1112.4,9.8,0.9821905609973286,5,saved_dbn_models_top5_20260316_105011_seed783122_with_rps_run20260611_100041/best_bins2_dbn_throughput_3_K4_markov_classic_uniform_bic_bins2.pkl,saved_dbn_models_top5_20260316_105011_seed783122_with_rps_run20260611_100041/best_bins2_dbn_throughput_3_K4_markov_classic_uniform_bic_bins2_edges.csv,False,30,,0.8263579697239537,0.9697239536954586,0.9821905609973286,0.5434702391003872,0.4923146473779385,0.8565112951037515,0.5418423234576263,0.4848619768477293,0.8768432993031923,0.6179355518251539,0.5,0.8384186272131943,0.6600076387934046,0.07753630243741522,0.08022667094018178
throughput_3,4,3,markov,classic_uniform,bic,5,5,0.8615127229552876,0.08803170513551878,0.7210601643815326,0.1513150491994662,0.7990455701420989,0.14559810291045736,0.7113782674765452,0.12261190838248408,0.4237423456398982,0.17556961302763424,0.9408317103251889,0.006935310253495855,0.8721575666018826,0.009455766799742776,0.8721585421555386,0.009376860610541746,0.872157977162367,0.009540536343960649,0.6665563497316679,0.02695215561658216,0.2665547123006596,0.006606764081832377,0.22218544991055594,0.008984051872194058,0.3333333333333333,0.0,0.7497565314935167,0.0395736961676848,0.954770838152762,0.008920266570207258,0.8538060908735426,0.05952634108270689,0.9150672196511046,0.06305927510877088,0.8219948990997578,0.06546993190924363,0.20004721438751938,0.0277038171970526,6,"buffer_size_3,scrape_duration_seconds_3,throughput_2,python_gc_objects_collected_total_1,throughput_3,throughput_1",3.0,padded,0.16176207577809693,0.07281174436211586,36.52938693901524,1088.8,33.4,0.9349376114081996,4,saved_dbn_models_top5_20260316_105011_seed783122_with_rps_run20260611_100041/best_bins3_dbn_throughput_3_K4_markov_classic_uniform_bic_bins3.pkl,saved_dbn_models_top5_20260316_105011_seed783122_with_rps_run20260611_100041/best_bins3_dbn_throughput_3_K4_markov_classic_uniform_bic_bins3_edges.csv,False,30,,0.44385026737967914,0.8975044563279857,0.9349376114081996,0.3321705242146286,0.5987586097785612,0.8152541668536702,0.36797248803827753,0.6001058720356965,0.9237639650571493,0.545171339563863,0.5985962137648101,0.7671042546206803,0.9806716572005191,0.29734222404583605,0.26762100608355577
throughput_3,4,4,markov,classic_uniform,bic,5,5,0.8905748067866345,0.017972453751410985,0.5464821086524874,0.07056521151917781,0.554775298680106,0.0733893313970029,0.5441464724547407,0.0694998427955163,0.38773327804198165,0.03633015238502319,0.9378047406123464,0.01516816575748524,0.699514346195783,0.05153008635189212,0.6995379594255418,0.051602941462585816,0.6994913264466999,0.05145771428023833,0.5323630204935533,0.07950957885956239,0.17300320853784265,0.016954454878714057,0.13309075512338833,0.019877394714890598,0.25,0.0,0.8665559329981776,0.0249502557229056,0.9437289859711058,0.01930675194627539,0.7851919484108733,0.07769935136920925,0.8668710261740511,0.1194915587828837,0.7546627780467766,0.07780516127320271,0.24800506066857309,0.08120569623243895,5,"scrape_duration_seconds_3,throughput_2,python_gc_objects_collected_total_1,throughput_1,throughput_3",2.0,padded,0.10435055838897825,0.05785870598629117,32.0340992230922,1084.0,38.2,0.9135472370766489,1,saved_dbn_models_top5_20260316_105011_seed783122_with_rps_run20260611_100041/best_bins4_dbn_throughput_3_K4_markov_classic_uniform_bic_bins4.pkl,saved_dbn_models_top5_20260316_105011_seed783122_with_rps_run20260611_100041/best_bins4_dbn_throughput_3_K4_markov_classic_uniform_bic_bins4_edges.csv,False,30,,0.7130124777183601,0.9233511586452763,0.9135472370766489,0.409465361323527,0.5882685089846216,0.5774375604481802,0.37253608320362247,0.5670196427975615,0.5762974047594417,0.4594111813085956,0.6248673053965533,0.5798439806029939,0.7597408800751614,0.2640512595401404,0.3398093136538234
throughput_3,4,6,markov,classic_uniform,bic,5,4,0.8115350244363915,0.034916295718046914,0.5056186687053806,0.04226373923244799,0.5263262004418711,0.03356047489479904,0.5000462522146235,0.049497146998342435,0.6557565829773333,0.06404790622830235,0.8995401609198687,0.024396358334915127,0.6314033173693511,0.052672285330998464,0.6313566509923442,0.05263625898116262,0.6314514406799598,0.05270885429163168,0.38295948590720996,0.10736974738630238,0.09655471708694995,0.026334308316885352,0.0677630040386051,0.023208579641366463,0.175,0.016666666666666677,1.2617870856534896,0.08012128031149394,0.8642228334754074,0.04762803518906564,0.671662698095958,0.0901876834570872,0.7475273122595336,0.1132777545224746,0.6475183232912,0.09412798071018937,0.5287326941501699,0.13297542905733173,5,"scrape_duration_seconds_3,throughput_2,python_gc_objects_collected_total_1,throughput_1,throughput_3",2.0,padded,0.10544490709435195,0.05415615439414978,28.788576491177082,1069.75,52.5,0.8431372549019608,2,saved_dbn_models_top5_20260316_105011_seed783122_with_rps_run20260611_100041/best_bins6_dbn_throughput_3_K4_markov_classic_uniform_bic_bins6.pkl,saved_dbn_models_top5_20260316_105011_seed783122_with_rps_run20260611_100041/best_bins6_dbn_throughput_3_K4_markov_classic_uniform_bic_bins6_edges.csv,False,30,,0.5080213903743316,0.7976827094474154,0.8431372549019608,0.26193845233736596,0.41350613613981274,0.5383214249389994,0.23769051926816806,0.47572181624563986,0.5438190255431634,0.36123326050686827,0.4265031254689697,0.5371160870830086,1.6437204621324708,0.6385699816141229,0.6163295683425309
throughput_3,4,8,markov,classic_uniform,bic,5,4,0.8209012496765888,0.024398290935407893,0.3880218327689592,0.037674225054371985,0.4029519092230658,0.034896550774056685,0.38315594397517,0.045039094883742664,0.6751834629470167,0.07238946183251901,0.9080040095047166,0.020740055719812616,0.5091279142198466,0.07261808256013037,0.5091485915089654,0.07260778265561788,0.5091076279496978,0.07262873781907801,0.3272615368498245,0.10297616570153997,0.06079101583756281,0.014632786851207604,0.040907692106228064,0.012872020712692497,0.125,0.0,1.3049833393864703,0.05763149854950935,0.8715789319406901,0.023946377673378663,0.5429209851690687,0.09387888098039107,0.590658686337911,0.07829649787080391,0.5256789268290467,0.10209289285541764,0.5833535882495443,0.1012156681504121,5,"throughput_2,python_gc_objects_collected_total_1,throughput_1,python_gc_objects_collected_total_3,throughput_3",1.0,padded,0.12754607701208442,0.049929282162338495,27.067991365212947,1073.75,48.5,0.8538324420677362,2,saved_dbn_models_top5_20260316_105011_seed783122_with_rps_run20260611_100041/best_bins8_dbn_throughput_3_K4_markov_classic_uniform_bic_bins8.pkl,saved_dbn_models_top5_20260316_105011_seed783122_with_rps_run20260611_100041/best_bins8_dbn_throughput_3_K4_markov_classic_uniform_bic_bins8_edges.csv,False,30,,0.4696969696969697,0.7442067736185384,0.8538324420677362,0.18344050796732184,0.25266856872014576,0.43845471294234006,0.15338360235524956,0.2560878056979238,0.4359519194305959,0.2757916601841344,0.260735515811834,0.4450443650630933,1.6867731767760836,0.8757479084562584,0.5898644018607978
throughput_3,4,10,markov,classic_uniform,bic,5,4,0.7752246814697709,0.042508753848026506,0.3036075690451634,0.05426763245296407,0.309554473718502,0.0718062681421281,0.3214524344961835,0.06096547345574365,0.8233482273359436,0.106853970732676,0.9080014301519199,0.014298974228158253,0.5441359479175799,0.03989966370498657,0.5440519615269153,0.04009255886109339,0.5442218480453581,0.03970412754801173,0.31077451218486263,0.11627432335553456,0.04891121342812631,0.014074423191009643,0.03265449617788416,0.011954894606831136,0.10555555555555554,0.006415002990995836,1.5242114665276876,0.0932182529373921,0.8546631338274766,0.04260717488467519,0.4855522137006202,0.12751822825512624,0.5281484010439663,0.14886220474546064,0.501138601270303,0.12198887582823127,0.6360637235320934,0.1894192679946437,5,"throughput_2,python_gc_objects_collected_total_1,throughput_1,python_gc_objects_collected_total_3,throughput_3",1.0,padded,0.10263833007775247,0.056414054124616086,27.527314791921526,1054.0,68.25,0.8253119429590018,2,saved_dbn_models_top5_20260316_105011_seed783122_with_rps_run20260611_100041/best_bins10_dbn_throughput_3_K4_markov_classic_uniform_bic_bins10.pkl,saved_dbn_models_top5_20260316_105011_seed783122_with_rps_run20260611_100041/best_bins10_dbn_throughput_3_K4_markov_classic_uniform_bic_bins10_edges.csv,False,30,,0.4322638146167558,0.7575757575757576,0.8253119429590018,0.12496838730443902,0.22777333124802412,0.31977282380247807,0.1154607913501502,0.2594987334646778,0.31854363792627305,0.1817906790679068,0.23788918926135075,0.329898984583881,1.8215734542563569,0.8726122797792416,0.6834805601394052
throughput_3,4,2,markov,classic_uniform,aic,5,5,0.9620389109258211,0.018326133664622598,0.7257692239238492,0.055593779434759835,0.7716365419246359,0.10215516127352552,0.710588158149711,0.07555305237632724,0.12807343078254432,0.03893151759118355,0.9814642152497687,0.008032980076580562,0.8745284800606118,0.015280170930052748,0.8745284800606118,0.015280170930052748,0.8745284800606118,0.015280170930052748,0.9613251048010882,0.015651587992000626,0.49011454434285956,0.004084685735689133,0.4806625524005441,0.007825793996000313,0.5,0.0,0.16509488330785121,0.049752107589109335,0.9720440926217586,0.01682039212954802,0.7946723681373186,0.06697615827852646,0.8670244736435968,0.12870591705343823,0.768266553647347,0.08866104516150043,0.12895032436048082,0.05485831992939953,6,"throughput_2,process_cpu_seconds_total_2,buffer_size_3,process_resident_memory_bytes_1,throughput_3,throughput_1",10.0,trimmed,0.19248651945963502,0.06329196942970157,65.26286459621042,1113.2,9.0,0.9812834224598931,4,,,False,30,,0.26559714795008915,0.9875222816399287,0.9812834224598931,0.22723139059031214,0.4968609865470852,0.7618917689859026,0.5126696431211377,0.49376114081996436,0.9199974213512119,0.5018132116908781,0.5,0.6926317968126312,0.7714328711062303,0.04279509856646105,0.09113926575629272
throughput_3,4,3,markov,classic_uniform,aic,5,5,0.8641871546643429,0.08471296892994644,0.7100247655457913,0.1209727172884324,0.7732897206302936,0.09622963765152076,0.7114449559453528,0.1106690255784767,0.4164111852350996,0.13325972760059063,0.9408317103251889,0.006935310253495855,0.8721575666018826,0.009455766799742776,0.8721585421555386,0.009376860610541746,0.872157977162367,0.009540536343960649,0.6665563497316679,0.02695215561658216,0.2665547123006596,0.006606764081832377,0.22218544991055594,0.008984051872194058,0.3333333333333333,0.0,0.749756531493517,0.039573696167684726,0.9218240097856846,0.030257096560508116,0.8224907042183691,0.07541083940731388,0.8650522220205683,0.10373386202863742,0.8162393845306655,0.07306354674716846,0.2943007080769957,0.07514668571924268,6,"throughput_2,buffer_size_3,data_quality_1,scrape_duration_seconds_3,throughput_3,throughput_1",5.0,trimmed,0.24290676768869163,0.07731997789815068,44.62767638312653,1090.6,31.6,0.9100623330365093,5,saved_dbn_models_top5_20260316_105011_seed783122_with_rps_run20260611_100041/best_bins3_dbn_throughput_3_K4_markov_classic_uniform_aic_bins3.pkl,saved_dbn_models_top5_20260316_105011_seed783122_with_rps_run20260611_100041/best_bins3_dbn_throughput_3_K4_markov_classic_uniform_aic_bins3_edges.csv,False,30,,0.4728406055209261,0.7969723953695459,0.9100623330365093,0.29432667788832173,0.5908921803605598,0.83741273583138,0.4749034749034749,0.7740064594903305,0.8342137081339853,0.21575442437511402,0.5749408465825216,0.8414836312767967,1.0901425585972528,0.46863477931216946,0.3855542722664951
throughput_3,4,4,markov,classic_uniform,aic,5,5,0.906612032006197,0.009482345478686899,0.5878490565639914,0.037520122075373814,0.6118011313183548,0.05796081760908338,0.5801123538884723,0.044569275267977035,0.3555257986269676,0.026832171621181736,0.9378047406123464,0.01516816575748524,0.699514346195783,0.05153008635189212,0.6995379594255418,0.051602941462585816,0.6994913264466999,0.05145771428023833,0.5323630204935533,0.07950957885956239,0.17300320853784265,0.016954454878714057,0.13309075512338833,0.019877394714890598,0.25,0.0,0.8665559329981776,0.024950255722905587,0.9431947028010257,0.020598565248451373,0.77279873466846,0.09536562530024033,0.8611060810478574,0.13844031358577222,0.7366029524905379,0.08051974355736195,0.24379543985858115,0.07523587531301981,6,"buffer_size_3,scrape_duration_seconds_3,throughput_2,python_gc_objects_collected_total_1,throughput_3,throughput_1",3.0,padded,0.17019098363816737,0.07952650440856815,38.408427794929594,1069.2,53.0,0.9135472370766489,1,saved_dbn_models_top5_20260316_105011_seed783122_with_rps_run20260611_100041/best_bins4_dbn_throughput_3_K4_markov_classic_uniform_aic_bins4.pkl,saved_dbn_models_top5_20260316_105011_seed783122_with_rps_run20260611_100041/best_bins4_dbn_throughput_3_K4_markov_classic_uniform_aic_bins4_edges.csv,False,30,,0.7130124777183601,0.9233511586452763,0.9135472370766489,0.409465361323527,0.5882685089846216,0.5774375604481802,0.37253608320362247,0.5670196427975615,0.5762974047594417,0.4594111813085956,0.6248673053965533,0.5798439806029939,0.7597408800751614,0.26405125954014036,0.34296519676493553
throughput_3,4,6,markov,classic_uniform,aic,5,4,0.7552291417659915,0.14941357289367183,0.44559757999564364,0.12527604919298654,0.47138640749572747,0.12950571921764273,0.4429910029971391,0.1143308275457618,0.7576359492755833,0.32836540826395394,0.8995401609198687,0.024396358334915127,0.6314033173693511,0.052672285330998464,0.6313566509923442,0.05263625898116262,0.6314514406799598,0.05270885429163168,0.38295948590720996,0.10736974738630238,0.09655471708694995,0.026334308316885352,0.0677630040386051,0.023208579641366463,0.175,0.016666666666666677,1.2617870856534896,0.08012128031149394,0.8960572056926825,0.01246381221604016,0.7103881619696616,0.06674678811519705,0.7871760047518293,0.08422324555193741,0.6880813001969678,0.08461109692044766,0.43330149408013535,0.0922592631721998,6,"buffer_size_3,scrape_duration_seconds_3,throughput_2,python_gc_objects_collected_total_1,throughput_3,throughput_1",3.0,padded,0.16816459107212722,0.08233771054074168,32.75196520378813,1023.75,98.5,0.8431372549019608,2,,,False,30,,0.5080213903743316,0.7976827094474154,0.8431372549019608,0.26193845233736596,0.41350613613981274,0.5383214249389994,0.23769051926816806,0.47572181624563986,0.5438190255431634,0.36123326050686827,0.4265031254689697,0.5371160870830086,1.6437204621324708,0.6385699816141229,0.6163295683425309
throughput_3,4,8,markov,classic_uniform,aic,5,4,0.8398291357342743,0.02068006103417045,0.3997043608849234,0.052104070644947105,0.41650306230681156,0.04121266734555003,0.39429717914944834,0.06194260088472677,0.6561180020574943,0.12757173220760487,0.9080040095047166,0.020740055719812616,0.5091279142198466,0.07261808256013037,0.5091485915089654,0.07260778265561788,0.5091076279496978,0.07262873781907801,0.3272615368498245,0.10297616570153997,0.06079101583756281,0.014632786851207604,0.040907692106228064,0.012872020712692497,0.125,0.0,1.3049833393864703,0.05763149854950935,0.8764783101947946,0.027288536269870583,0.5635088291254717,0.1039286230394396,0.6249414079944713,0.12409376466719642,0.5591591113353449,0.10814276807865428,0.6008553134175205,0.10679709392283569,5,"avg_p_latency_3,throughput_2,python_gc_objects_collected_total_1,throughput_1,throughput_3",2.0,padded,0.20649102132301778,0.0756788665894419,29.126997834071517,1010.5,111.75,0.8636363636363636,2,saved_dbn_models_top5_20260316_105011_seed783122_with_rps_run20260611_100041/best_bins8_dbn_throughput_3_K4_markov_classic_uniform_aic_bins8.pkl,saved_dbn_models_top5_20260316_105011_seed783122_with_rps_run20260611_100041/best_bins8_dbn_throughput_3_K4_markov_classic_uniform_aic_bins8_edges.csv,False,30,,0.4786096256684492,0.8600713012477719,0.8636363636363636,0.1996315653730573,0.3290289442501235,0.47177673010866594,0.23697215363623442,0.3238452689099799,0.46181879575190365,0.2876198842761486,0.33565385845296425,0.4832388095075377,1.633187096986908,0.5836680653345689,0.525481554861465
throughput_3,4,10,markov,classic_uniform,aic,5,3,0.7817018331658737,0.021818839836528613,0.31519636462422135,0.03585280516051511,0.3233497833494312,0.06082236773705763,0.33481555626879694,0.0500013457662298,0.8096591584247811,0.08602280547393554,0.9091237131675035,0.017295487300561886,0.5354460531830072,0.04398737458258687,0.535344414789023,0.044228855884929766,0.5355500523894668,0.0437427294203045,0.2705751665732809,0.10287688312776945,0.04512362703658849,0.014527877277815597,0.02916024326985862,0.011879412328865037,0.1074074074074074,0.006415002990995835,1.533941944957366,0.11165290304433127,0.8326406560126927,0.032513514872501405,0.45268143432646424,0.04111619479600683,0.4849180191749609,0.08518627834272283,0.4759705516709025,0.059410566156779095,0.7281519158918606,0.14200855590138312,5,"avg_p_latency_3,throughput_2,python_gc_objects_collected_total_1,throughput_1,throughput_3",2.0,padded,0.15096632453302541,0.07773309294134378,26.071254739072174,1004.0,118.33333333333333,0.7967914438502673,3,saved_dbn_models_top5_20260316_105011_seed783122_with_rps_run20260611_100041/best_bins10_dbn_throughput_3_K4_markov_classic_uniform_aic_bins10.pkl,saved_dbn_models_top5_20260316_105011_seed783122_with_rps_run20260611_100041/best_bins10_dbn_throughput_3_K4_markov_classic_uniform_aic_bins10_edges.csv,False,30,,0.45098039215686275,0.7869875222816399,0.7967914438502673,0.1732198815201144,0.25104865835759427,0.2740990718066838,0.17144179689996025,0.246431711514768,0.26111473378603267,0.17600749834750062,0.26456071397282327,0.2886179930894131,1.571742747901442,0.8162057756516499,0.7310246830474206
throughput_3,4,2,markov,classic_quantile,bic,5,5,0.8977028680815806,0.03307319240384835,0.8840395270423411,0.04630399236064932,0.8941835704528467,0.039140858269675866,0.8778358730128204,0.05143350393471065,0.32754366909766003,0.10988402855129843,0.9615051039439496,0.009907644669638619,0.95756860288466,0.013947998638261171,0.9576261069609678,0.013960280783484892,0.9575117651941841,0.013936392713083686,0.44680961836689664,0.14177892306198198,0.30344556726597544,0.06878354456784515,0.22340480918344832,0.07088946153099099,0.5,0.0,0.6931064040474924,0.00011294491591939425,0.9163105307022686,0.034147032249496605,0.9048280720026943,0.046279559813454184,0.9141953758175033,0.0383429044447643,0.8992190466194672,0.05246387462614463,0.31782857237935835,0.1862363284499214,6,"throughput_2,buffer_size_3,data_quality_1,avg_p_latency_2,throughput_3,throughput_1",8.0,trimmed,0.19962063813582062,0.07431718688458204,46.509455957915634,1108.4,13.8,0.9376114081996435,1,,,False,30,,0.9269162210338681,0.9233511586452763,0.9376114081996435,0.9254755586660057,0.9218402200643474,0.9347743761460576,0.9347944446094298,0.9181766677229473,0.9334761816447648,0.9217680215865334,0.9310921707797544,0.9361803519061584,0.2696456572387157,0.1877889539733123,0.2215712044304471
throughput_3,4,3,markov,classic_quantile,bic,5,5,0.8419271019344352,0.04358115489756578,0.8235741627323161,0.04275761069671698,0.843920220419902,0.03016551533916918,0.8241323923686835,0.061300086284691475,0.4938640883431251,0.1783827908272952,0.9148162786526413,0.02940517186106693,0.9115226560318532,0.028430278954491434,0.9115873485620127,0.02837930046588442,0.9114595572174375,0.028481130897000554,0.2794375582338497,0.14078090686051642,0.1403832720048364,0.0593868065567553,0.09314585274461656,0.046926968953505475,0.3333333333333333,0.0,1.0978579808092266,0.0014899595607214423,0.8844460535614125,0.04872568380401297,0.8644939013749495,0.05572685220640947,0.8920212441806694,0.04794831722414629,0.8591046599622902,0.07184359431060285,0.30440026447024915,0.14660415423721793,6,"throughput_2,buffer_size_3,buffer_size_2,avg_p_latency_2,throughput_3,throughput_1",10.0,trimmed,0.17551804324612022,0.07262110654264689,35.116571984719485,1082.6,39.6,0.8841354723707665,3,,,False,30,,0.8654188948306596,0.8975044563279857,0.8841354723707665,0.8092000043794257,0.853847449298771,0.8534191087816848,0.7839706215373786,0.91414324329798,0.8762444862893294,0.8812463074559848,0.8209560251038962,0.8382109080919314,0.4892872665805023,0.3815094451991352,0.4287318204506729
throughput_3,4,4,markov,classic_quantile,bic,5,5,0.7570787758153532,0.1007267173655645,0.7414930026267933,0.10121580309407517,0.7693129965504346,0.0900499676637675,0.7465150030505264,0.08117968604534341,0.7669153582450858,0.25192949174316925,0.8994865103816965,0.015241371938631324,0.8971870840460584,0.014473683404433798,0.8972505789326594,0.014371448253225687,0.897126481724191,0.014577509030104787,0.2708829957952581,0.08536073757578705,0.105121826370789,0.027027225722333105,0.06772074894881452,0.021340184393946762,0.25,0.0,1.3851846699207504,0.001759869534867277,0.869653920136391,0.07267970487541223,0.8602456954008174,0.08242901973577026,0.883047326692537,0.059228049330003904,0.8540143290629139,0.08990663459347312,0.5378607760011921,0.22828764147321287,6,"buffer_size_3,data_quality_3,throughput_2,python_gc_objects_collected_total_1,throughput_3,throughput_1",3.0,padded,0.14942768234759568,0.07150428192690014,32.36015561502427,1064.4,57.8,0.8743315508021391,1,,,False,30,,0.838680926916221,0.8796791443850267,0.8743315508021391,0.833290222183453,0.8721081895799705,0.8698391221945034,0.845416777748156,0.873258242246512,0.8727796065942321,0.8300196379939936,0.8716488255708337,0.8674386341449749,0.635039127305271,0.4286658345995086,0.46427746708736367
throughput_3,4,6,markov,classic_quantile,bic,5,5,0.7187964184297535,0.11104171879936436,0.6684461863228945,0.1559858650021402,0.6960908081337898,0.1386693345594624,0.6681039126423227,0.15766971899399312,0.9084042352827313,0.15473149188822233,0.8515476910427411,0.03673486897160901,0.8270324539465326,0.03857925678234514,0.8270892208311029,0.03850118468089746,0.8269787204799102,0.0386562202756353,0.29120385141023136,0.042547559254165146,0.07494935386452178,0.00861471542895186,0.048533975235038565,0.00709125987569419,0.16666666666666666,0.0,1.7430248160416781,0.031966408113369434,0.8336932720249205,0.0681192743668494,0.8072684346692613,0.10566090863764993,0.8353302264332754,0.06765676258928298,0.8009503391524392,0.12091397804452808,0.6337535053112454,0.16171834903216703,6,"scrape_duration_seconds_3,buffer_size_3,data_quality_3,throughput_2,throughput_3,throughput_1",4.0,none,0.14856965644285083,0.09219351429492235,30.881000580266118,992.2,130.0,0.8475935828877005,2,,,False,30,,0.7121212121212122,0.7513368983957219,0.8475935828877005,0.6421118701830075,0.7061587509066687,0.8325500215507536,0.614887804221707,0.722122200552963,0.823964613514677,0.6927914980239335,0.7148889717796179,0.844756832783831,1.1087207471503597,0.8307605185285561,0.7141147052527037
throughput_3,4,8,markov,classic_quantile,bic,5,5,0.7472799335876178,0.036962778351942775,0.6751067953600335,0.08866620082568687,0.695529872485247,0.08946007170039227,0.6694279917871011,0.09107752874017723,0.9664277589079695,0.1269512236501096,0.8497611916133734,0.02569089918103424,0.8363568407440543,0.026176506528293876,0.8364191037754521,0.02615472194438187,0.8362985782308415,0.02619781607025511,0.29120385141023136,0.042547559254165146,0.06291955198969593,0.010037270624112795,0.04078886188977331,0.007666282720144682,0.1392857142857143,0.007985957062499245,1.917700432837902,0.08800185511408465,0.8315505937007824,0.06975151737042029,0.7570961853371516,0.11957306316446562,0.7826330496036624,0.11727600805806537,0.7480118180599471,0.12120433232980027,0.7614760915699118,0.29965459447498977,6,"cores_3,buffer_size_3,data_quality_3,throughput_2,throughput_3,throughput_1",4.0,none,0.13576389979571105,0.0924461274407804,31.909777502063662,958.6,163.6,0.7896613190730838,2,,,False,30,,0.517825311942959,0.6408199643493762,0.7896613190730838,0.4566026631048744,0.5187509811654778,0.6843706004811482,0.4388258077968553,0.532934813808117,0.6929053174273401,0.5371365894048429,0.522435740896122,0.6856963766567239,1.8076482257389799,1.0120996968976008,0.9019157973215948
throughput_3,4,10,markov,classic_quantile,bic,5,5,0.6624466867618091,0.03971692996184495,0.5407929659034778,0.05587958733140183,0.5688760418437919,0.0671111366761126,0.5375641587395267,0.061109819600265895,1.2347648729824439,0.12947967412215788,0.7690244332169847,0.07213575352763434,0.669958906567656,0.09281856450614168,0.6700206753899108,0.09291519899986259,0.6699017211692511,0.092722253708761,0.29120385141023136,0.042547559254165146,0.04914319064219148,0.00738284918922222,0.0318509329849752,0.005709090250576839,0.10888888888888888,0.004969039949999528,2.0999575370835126,0.12027466751558917,0.7922094795650947,0.0916334928795518,0.7221817898113801,0.13205134336302402,0.7830589708477447,0.08286095872524632,0.7068207149560537,0.1473117084261378,0.9493113760397647,0.28960048367794383,5,"throughput_2,python_gc_objects_collected_total_1,throughput_1,python_gc_objects_collected_total_3,throughput_3",1.0,padded,0.12193570109084248,0.09001010181382299,30.4404842662625,933.2,189.0,0.7237076648841355,2,,,False,30,,0.5472370766488414,0.6158645276292335,0.7237076648841355,0.4559059622976045,0.5392789942734819,0.618507653359582,0.43475199558637306,0.5590829944703866,0.6261237827997197,0.5024309954416044,0.5454576783904506,0.6273705996799227,2.030008559193043,1.2127793183878153,1.0395233875951266
throughput_3,4,2,markov,classic_quantile,aic,5,5,0.892355274498693,0.028885146338474256,0.8787416521142738,0.041596299923455,0.8878258913382251,0.03391860275833733,0.8732550390462244,0.04730647740051921,0.31617050758873055,0.07543193622140554,0.9615051039439496,0.009907644669638619,0.95756860288466,0.013947998638261171,0.9576261069609678,0.013960280783484892,0.9575117651941841,0.013936392713083686,0.44680961836689664,0.14177892306198198,0.30344556726597544,0.06878354456784515,0.22340480918344832,0.07088946153099099,0.5,0.0,0.6931064040474924,0.00011294491591939425,0.9173841673453479,0.04241527993786036,0.9049442301828797,0.05416404675601027,0.9188132700483672,0.04408884553623445,0.8975719641546137,0.06086632198568208,0.280707003329521,0.18282718191431105,6,"throughput_2,buffer_size_3,avg_p_latency_1,data_quality_1,throughput_3,throughput_1",16.0,trimmed,0.2185142969712615,0.06663004737347364,67.05227292980999,1108.6,13.6,0.9376114081996435,1,,,False,30,,0.9269162210338681,0.9411764705882353,0.9376114081996435,0.9254755586660057,0.9385015546519971,0.9347743761460576,0.9347944446094298,0.9418461075139286,0.9334761816447648,0.9217680215865334,0.9357051643750185,0.9361803519061584,0.26702341224813153,0.18416759467375898,0.22157120443044703
throughput_3,4,3,markov,classic_quantile,aic,5,5,0.7947355806242193,0.15325582272797408,0.7587819719527158,0.17867006176801212,0.8075683275252041,0.12110890477642078,0.7539381622649681,0.17628112875437554,0.5367613405785752,0.20883497663458195,0.9148162786526413,0.02940517186106693,0.9115226560318532,0.028430278954491434,0.9115873485620127,0.02837930046588442,0.9114595572174375,0.028481130897000554,0.2794375582338497,0.14078090686051642,0.1403832720048364,0.0593868065567553,0.09314585274461656,0.046926968953505475,0.3333333333333333,0.0,1.0978579808092266,0.0014899595607214423,0.870738331173173,0.05793809999883643,0.8524171529012656,0.062233479680189746,0.8763633628184427,0.07078108373186799,0.851510397524691,0.06758399997229148,0.35396197289912823,0.20621342500175244,6,"throughput_2,buffer_size_3,avg_p_latency_1,buffer_size_2,throughput_3,throughput_1",11.0,trimmed,0.30575969275087117,0.08169895894825459,43.17952882684767,1078.2,44.0,0.9171122994652406,2,,,False,30,,0.7816399286987522,0.9385026737967914,0.9171122994652406,0.7692716337160782,0.9292693294115976,0.9109394662191924,0.7484954029750427,0.9328583779148792,0.9018091594147273,0.8175512459614653,0.9259673908472069,0.9218294316453827,0.629430808138098,0.30731355181527537,0.3511438843573193
throughput_3,4,4,markov,classic_quantile,aic,5,5,0.7693745902797288,0.06829909710010008,0.7538722771855839,0.07298820550410565,0.7825616384322865,0.07100585720061504,0.766072361223985,0.060739826074920136,0.7061007336395229,0.1374557302152124,0.8994865103816965,0.015241371938631324,0.8971870840460584,0.014473683404433798,0.8972505789326594,0.014371448253225687,0.897126481724191,0.014577509030104787,0.2708829957952581,0.08536073757578705,0.105121826370789,0.027027225722333105,0.06772074894881452,0.021340184393946762,0.25,0.0,1.3851846699207504,0.001759869534867277,0.8481056080719223,0.06514924116251958,0.8375419053961259,0.07321460756901181,0.8602861645326992,0.05767439794898671,0.8474952687564363,0.06300401688309334,0.5575448834864953,0.19149974922661606,6,"throughput_2,buffer_size_3,avg_p_latency_3,cores_1,throughput_3,throughput_1",5.0,trimmed,0.3655759282410145,0.09621848734095692,36.85975050833076,1045.8,76.4,0.8689839572192514,1,,,False,30,,0.8903743315508021,0.8627450980392157,0.8689839572192514,0.8856730274219695,0.8560516023288647,0.8620894172393347,0.8991064605137011,0.8533370491547154,0.8627267675091849,0.8845460157702774,0.8646014118896235,0.8670922289822975,0.3754778681019803,0.4699277267843574,0.5340392218151372
throughput_3,4,6,markov,classic_quantile,aic,5,5,0.6617287536726015,0.12079187552831525,0.6163982476946196,0.1316612622141074,0.6541153445933454,0.13539429295666522,0.6301860052144218,0.1153490468672022,0.9730663370572461,0.15776474508514132,0.8515476910427411,0.03673486897160901,0.8270324539465326,0.03857925678234514,0.8270892208311029,0.03850118468089746,0.8269787204799102,0.0386562202756353,0.29120385141023136,0.042547559254165146,0.07494935386452178,0.00861471542895186,0.048533975235038565,0.00709125987569419,0.16666666666666666,0.0,1.7430248160416781,0.031966408113369434,0.8176709563541987,0.06051727040559885,0.789807169518551,0.10104536832321426,0.8207158116061823,0.0690986384170326,0.7893277208749028,0.11627067057821995,0.6907586397376131,0.11792570545733302,6,"throughput_2,buffer_size_3,avg_p_latency_3,scrape_duration_seconds_3,throughput_3,throughput_1",5.0,trimmed,0.2504533180035651,0.10302871353924274,34.25863111997023,957.6,164.6,0.7593582887700535,1,,,False,30,,0.8119429590017825,0.7771836007130125,0.7593582887700535,0.7920131686787129,0.7629696727168169,0.7522076907563914,0.8147214352413055,0.7655060452625602,0.7519953511383853,0.779732173158312,0.7679641725629264,0.7567915954055877,0.6891725594877185,0.7043528674631495,0.8107499777991393
throughput_3,4,8,markov,classic_quantile,aic,5,5,0.7376609317733407,0.04730320731490583,0.6653553871043545,0.05896837313945081,0.6805929958081129,0.05351210563794101,0.6704418735667097,0.058559434203138874,1.0194846767551529,0.14558413599111747,0.8497611916133734,0.02569089918103424,0.8363568407440543,0.026176506528293876,0.8364191037754521,0.02615472194438187,0.8362985782308415,0.02619781607025511,0.29120385141023136,0.042547559254165146,0.06291955198969593,0.010037270624112795,0.04078886188977331,0.007666282720144682,0.1392857142857143,0.007985957062499245,1.917700432837902,0.08800185511408466,0.8153550954959865,0.0737565910936028,0.7472041173203389,0.09477824611969807,0.769957204797313,0.08414054322382754,0.7496948018130094,0.0914714076030921,0.8228310282105957,0.2679864183406011,6,"buffer_size_3,avg_p_latency_3,throughput_2,python_gc_objects_collected_total_1,throughput_3,throughput_1",3.0,padded,0.25612641414627435,0.10105060758069158,32.12901871511713,963.4,158.8,0.7941176470588235,2,,,False,30,,0.4946524064171123,0.6336898395721925,0.7941176470588235,0.43366390905096414,0.5179281956315659,0.6825920411211195,0.4112074142579406,0.522973442553778,0.6837856298491054,0.5171953645181678,0.5178538136254531,0.6830920623512727,2.0455899323045994,1.1205880251886535,0.9244519335034915
throughput_3,4,10,markov,classic_quantile,aic,5,5,0.5441129645414386,0.09988742757062519,0.41022628240278225,0.09604140845403458,0.41901749488902007,0.09898289379339247,0.4270760608693651,0.0850246181799456,1.3587680340353223,0.31428833900203107,0.7690244332169847,0.07213575352763434,0.669958906567656,0.09281856450614168,0.6700206753899108,0.09291519899986259,0.6699017211692511,0.092722253708761,0.29120385141023136,0.042547559254165146,0.04914319064219148,0.00738284918922222,0.0318509329849752,0.005709090250576839,0.10888888888888888,0.004969039949999528,2.0999575370835126,0.12027466751558917,0.7452030180978124,0.08233395889233502,0.6770210034647697,0.13221510503769024,0.7009233023671294,0.12821015213870143,0.6823073113467272,0.13212376269276105,1.117266284724008,0.25118807875942417,6,"buffer_size_3,avg_p_latency_3,throughput_2,python_gc_objects_collected_total_1,throughput_3,throughput_1",3.0,padded,0.3422615579329431,0.12697778502479196,31.70478894468397,880.6,241.6,0.6265597147950089,3,,,False,30,,0.6114081996434938,0.5374331550802139,0.6265597147950089,0.3829988121227103,0.33675582432159434,0.45346772868041846,0.4284512326811031,0.3405576107696417,0.4635749499368441,0.37751780670207824,0.3380829681275581,0.4551383371100813,1.2894240562076547,1.3179106847388422,1.238831621557666
throughput_3,4,2,markov,kmeans,bic,5,5,0.9704128393039397,0.017876972109401437,0.7596365673165856,0.084525034051459,0.835082855765893,0.11051256194965332,0.7190644125817786,0.08089290857589804,0.12133809201119154,0.055499578824012796,0.9818207214886279,0.00801303710486728,0.8734214976413315,0.017374639814205946,0.8734214976413315,0.017374639814205946,0.8734214976413315,0.017374639814205946,0.9625725591782895,0.01457965533338928,0.4904421156910813,0.0037999489372258677,0.48128627958914477,0.00728982766669464,0.5,0.0,0.16108841344603442,0.047059122201030285,0.9816572285090457,0.014284762561326199,0.8674800522067099,0.06906139723464463,0.936887870538379,0.0939613043138521,0.8302861261298735,0.07831253216678695,0.10338871427981347,0.07048360772578956,6,"buffer_size_3,scrape_duration_seconds_3,throughput_2,python_gc_objects_collected_total_1,throughput_3,throughput_1",3.0,padded,0.15836271904408933,0.06606074711307883,41.911008866969496,1110.2,12.0,0.9839715048975958,5,saved_dbn_models_top5_20260316_105011_seed783122_with_rps_run20260611_100041/best_bins2_dbn_throughput_3_K4_markov_kmeans_bic_bins2.pkl,saved_dbn_models_top5_20260316_105011_seed783122_with_rps_run20260611_100041/best_bins2_dbn_throughput_3_K4_markov_kmeans_bic_bins2_edges.csv,False,30,,0.12288512911843277,0.9679430097951914,0.9839715048975958,0.11905996322232336,0.4918552036199095,0.8635148274185708,0.5485792850595783,0.4848349687778769,0.8855837534372135,0.515732546705998,0.49908172635445364,0.8440023510170704,0.7467155534434179,0.07822262923113275,0.07092114058053373
throughput_3,4,3,markov,kmeans,bic,5,5,0.878625181149931,0.039446616973208865,0.7726182694816921,0.10107118822767402,0.7832319116225194,0.1174299024766369,0.7758132235897832,0.08106762392258077,0.36297667111146836,0.06493597745844018,0.9486727840978535,0.011174929891963102,0.8816544060667898,0.012944780617226773,0.8816910657204164,0.01285437353814961,0.8816185142620597,0.013035388843090813,0.5118678799942222,0.09727538281283896,0.22423701175549038,0.028656531455772377,0.17062262666474073,0.03242512760427965,0.3333333333333333,0.0,0.8376142909955163,0.029487590742458686,0.9485384851836243,0.014355451700876806,0.8620793078437272,0.05906730733364109,0.8961964850253817,0.08507930171418604,0.8478115923095952,0.052387059771676556,0.20510096818038642,0.04634478215386006,6,"buffer_size_3,scrape_duration_seconds_3,throughput_2,python_gc_objects_collected_total_1,throughput_3,throughput_1",3.0,padded,0.14796147784218192,0.07109815767034888,37.22857290506363,1084.2,38.0,0.9127337488869101,5,saved_dbn_models_top5_20260316_105011_seed783122_with_rps_run20260611_100041/best_bins3_dbn_throughput_3_K4_markov_kmeans_bic_bins3.pkl,saved_dbn_models_top5_20260316_105011_seed783122_with_rps_run20260611_100041/best_bins3_dbn_throughput_3_K4_markov_kmeans_bic_bins3_edges.csv,False,30,,0.5422974176313446,0.7996438112199465,0.9127337488869101,0.25375,0.523382307755015,0.8609460822139822,0.2859154929577465,0.5460187520953214,0.8761041584570997,0.22808988764044943,0.520231296402056,0.8477978929415318,1.1732947571102315,0.44710479607907055,0.30399133583545596
throughput_3,4,4,markov,kmeans,bic,5,5,0.9001936498715086,0.01313367818158701,0.5937601853655817,0.03644433484816235,0.6071783474729526,0.054745531844787684,0.6027134371055076,0.04961218435154071,0.3775516108297645,0.0663046324537599,0.9417215473577111,0.012986576123664018,0.7042184652526075,0.04503472007945174,0.7042471797214985,0.045075744544721304,0.7041903434868849,0.04499433637594209,0.5116896268747927,0.09716041007565365,0.16814122653145497,0.021467468889939677,0.12792240671869817,0.024290102518913413,0.25,0.0,0.8767906250433535,0.030192135773252082,0.9373166372483466,0.01922986391795244,0.7769934273368684,0.07669698775480333,0.8341160638854316,0.07968864985338836,0.7735792120346247,0.08980900691805804,0.27653969727283606,0.11838872800190328,6,"buffer_size_3,scrape_duration_seconds_3,throughput_2,python_gc_objects_collected_total_1,throughput_3,throughput_1",3.0,padded,0.13230309300124646,0.07587034050375223,34.11484071891755,1067.8,54.4,0.9136242208370436,5,,,False,30,,0.5342831700801425,0.8005342831700801,0.9136242208370436,0.2247964577651134,0.3945354162745467,0.6562510983662423,0.29636344194727426,0.4157086584221604,0.6482541325849618,0.18883894865987164,0.3919507956569196,0.6648016920759738,1.2773092284010363,0.4421710220571603,0.30994530639150175
throughput_3,4,6,markov,kmeans,bic,5,5,0.8410271062201291,0.02083567640955732,0.48541945615349463,0.050316414806172445,0.49511284623929547,0.07249966764701254,0.4964500417919184,0.04227780364967371,0.5936559912838086,0.03313066123972877,0.9187310219157687,0.010091764446162927,0.6642008490823734,0.01507532665416206,0.6641541381986024,0.01507284893260958,0.6642489917301317,0.015079571524754932,0.358600673330127,0.11566038863997802,0.08653521904577999,0.0212761581733848,0.0597667788883545,0.019276731439996333,0.16666666666666666,0.0,1.2735567944829207,0.057095276259228576,0.8928066661807627,0.028406754950039907,0.6185258781900873,0.09996153172222104,0.669364287259741,0.12400639741757287,0.6453040741260161,0.11098491088318695,0.5040548939071089,0.062321623975124835,5,"buffer_size_3,throughput_2,python_gc_objects_collected_total_1,throughput_1,throughput_3",2.0,padded,0.11352347834035754,0.06575076803565025,30.388659103773534,1053.0,69.2,0.8645276292335116,1,saved_dbn_models_top5_20260316_105011_seed783122_with_rps_run20260611_100041/best_bins6_dbn_throughput_3_K4_markov_kmeans_bic_bins6.pkl,saved_dbn_models_top5_20260316_105011_seed783122_with_rps_run20260611_100041/best_bins6_dbn_throughput_3_K4_markov_kmeans_bic_bins6_edges.csv,False,30,,0.7994652406417112,0.8181818181818182,0.8645276292335116,0.5237791702106048,0.6041468981286565,0.4696790959211638,0.5025433212251805,0.6118599908535992,0.4626826052432212,0.5720943542073801,0.6095959232279452,0.481221595075685,0.5643213100842748,0.6042171820681299,0.5730466680452934
throughput_3,4,8,markov,kmeans,bic,5,5,0.8199987936565382,0.02631208999317594,0.389136595567835,0.0696824191938187,0.3938988280311955,0.07168896831017056,0.40300847186110467,0.06429908022758002,0.6814262699389783,0.05302098121302871,0.9089293225587814,0.015515980528127488,0.5635924055299544,0.08581382596447372,0.5635530623709142,0.08583219531814143,0.5636328724309362,0.08579586500455569,0.32063275889162435,0.08902209248981462,0.06001560179767464,0.012640930467549109,0.04007909486145304,0.011127761561226827,0.125,0.0,1.3970113938141817,0.16434190522553868,0.880342435583386,0.03488880030749579,0.5955481701340587,0.15415111592172429,0.6304164162649029,0.16216664390433394,0.590402931396204,0.14145607039740093,0.568517748968803,0.11805216968864596,5,"throughput_2,python_gc_objects_collected_total_1,throughput_1,python_gc_objects_collected_total_3,throughput_3",1.0,padded,0.10859996331855655,0.06480926917865873,27.80201622704044,1040.0,82.2,0.8547237076648841,2,,,False,30,,0.4875222816399287,0.8012477718360071,0.8547237076648841,0.20539791583929146,0.28706060714703074,0.46958784974144896,0.2702570343487046,0.2852856969315465,0.4797773951543476,0.30483469072843916,0.29382663407984777,0.4651073906078528,1.6165800205555514,0.707101963915429,0.6081077646617944
throughput_3,4,10,markov,kmeans,bic,5,5,0.76349652303243,0.056743112617768404,0.34695828626705333,0.030532479780486243,0.358391018774815,0.027109398186535415,0.36126482191577514,0.04179530045827557,0.887147029491681,0.17296816222748054,0.8895032245878195,0.010482621863332629,0.5620425953246556,0.055402189566873226,0.5620146841356932,0.05541128977597597,0.562071995802208,0.05539311741652251,0.24184567375075988,0.0411021971464149,0.040289648717874306,0.0035431242014632696,0.02507385238200806,0.00302018589662923,0.10444444444444445,0.006085806194501839,1.6722248662373407,0.13973957699043185,0.8260299845038865,0.0695377224342876,0.4558815554727433,0.06329208647285076,0.5004030911311649,0.08419247480360352,0.4617115874004325,0.07075381173913016,0.7480665197822309,0.23877249542151593,5,"throughput_2,python_gc_objects_collected_total_1,throughput_1,python_gc_objects_collected_total_3,throughput_3",1.0,padded,0.13488433584570886,0.07066412083804607,28.082653325982392,1013.8,108.4,0.8163992869875223,2,,,False,30,,0.4661319073083779,0.7566844919786097,0.8163992869875223,0.1574640945148636,0.29344132280139623,0.3426714342642524,0.1392764710983126,0.33456279987227616,0.3419869106915325,0.24478941178611144,0.3092370395233126,0.3526786279584574,1.9194959126592268,0.7874813424796864,0.7179041802797657
throughput_3,4,2,markov,kmeans,aic,5,5,0.9673853934028885,0.010443785564369132,0.6550504288098606,0.10888676141644948,0.7525575941233853,0.1729125340593011,0.6221679390881036,0.08693453578526021,0.12617136323155892,0.024525058320249038,0.9818207214886279,0.00801303710486728,0.8734214976413315,0.017374639814205946,0.8734214976413315,0.017374639814205946,0.8734214976413315,0.017374639814205946,0.9625725591782895,0.01457965533338928,0.4904421156910813,0.0037999489372258677,0.48128627958914477,0.00728982766669464,0.5,0.0,0.16108841344603442,0.047059122201030285,0.9777388350345257,0.017776848387690582,0.8331022284467737,0.09873885394550012,0.8925607911525759,0.1293744376089623,0.8021095181181332,0.1021844873724059,0.10645178720171175,0.0665497052547205,6,"avg_p_latency_2,scrape_duration_seconds_3,buffer_size_3,throughput_2,throughput_3,throughput_1",4.0,none,0.21384668555110692,0.07331735556945204,58.24988009035587,1111.0,11.2,0.9777183600713012,3,,,False,30,,0.4803921568627451,0.983957219251337,0.9777183600713012,0.3573157084425964,0.49595687331536387,0.6894478704206016,0.6964837170129141,0.4919786096256685,0.7585365853658537,0.5179004747670125,0.5,0.6506527231892196,0.7578774792100392,0.0671331627304904,0.08667634645445181
throughput_3,4,3,markov,kmeans,aic,5,5,0.9071450453410538,0.0363525844492812,0.8148156445200112,0.07630961149668024,0.8613173758874177,0.05932503839982964,0.7940662402829066,0.08400874433408288,0.3462705877628075,0.09374686797689497,0.9486727840978535,0.011174929891963102,0.8816544060667898,0.012944780617226773,0.8816910657204164,0.01285437353814961,0.8816185142620597,0.013035388843090813,0.5118678799942222,0.09727538281283896,0.22423701175549038,0.028656531455772377,0.17062262666474073,0.03242512760427965,0.3333333333333333,0.0,0.8376142909955163,0.029487590742458686,0.95209863006753,0.02813056153938108,0.8994899927317312,0.05017060274887704,0.9521674850353922,0.010573940664672068,0.8702698472162538,0.0711055848812847,0.18147836716473625,0.08383232816143582,6,"buffer_size_3,scrape_duration_seconds_3,throughput_2,python_gc_objects_collected_total_1,throughput_3,throughput_1",3.0,padded,0.21336347423493862,0.07376942913979292,42.025376356672496,1083.4,38.8,0.9358288770053476,3,saved_dbn_models_top5_20260316_105011_seed783122_with_rps_run20260611_100041/best_bins3_dbn_throughput_3_K4_markov_kmeans_aic_bins3.pkl,saved_dbn_models_top5_20260316_105011_seed783122_with_rps_run20260611_100041/best_bins3_dbn_throughput_3_K4_markov_kmeans_aic_bins3_edges.csv,False,30,,0.6898395721925134,0.9349376114081996,0.9358288770053476,0.5040570355378079,0.7605628887310075,0.865077691507321,0.4742919389978213,0.7485024170844166,0.8838067206279127,0.5983618504615932,0.7782882988530266,0.8492641685122737,0.7696341499876236,0.25181068670778406,0.23025464686539493
throughput_3,4,4,markov,kmeans,aic,5,5,0.8688287198632387,0.03422791043227548,0.539831071737837,0.08739019882764718,0.5369623809139465,0.09272521949340407,0.5597444015844648,0.09017329966185121,0.42327485739820564,0.04949949016985888,0.9417215473577111,0.012986576123664018,0.7042184652526075,0.04503472007945174,0.7042471797214985,0.045075744544721304,0.7041903434868849,0.04499433637594209,0.5116896268747927,0.09716041007565365,0.16814122653145497,0.021467468889939677,0.12792240671869817,0.024290102518913413,0.25,0.0,0.8767906250433535,0.030192135773252082,0.9464002433745401,0.02811044236944764,0.785977834149416,0.08621646916736994,0.8148170767914478,0.11957192537890118,0.7848501694071087,0.06991490114616329,0.2281498606792875,0.10454414776925042,6,"buffer_size_3,scrape_duration_seconds_3,throughput_2,python_gc_objects_collected_total_1,throughput_3,throughput_1",3.0,padded,0.18573412727564573,0.07681457763537765,37.647376380860806,1066.8,55.4,0.9028520499108734,1,,,False,30,,0.7040998217468806,0.9073083778966132,0.9028520499108734,0.4074192426464398,0.5575681830805976,0.5718906282196119,0.37338238210301344,0.5532264389351227,0.5664177902857703,0.4541275284528602,0.5620406189555126,0.5776228578007302,0.9604948293547508,0.33560859907977786,0.35415308775654397
throughput_3,4,6,markov,kmeans,aic,5,5,0.8340795202562526,0.023045469019280104,0.46694979086920707,0.05104330953480035,0.46921075819649705,0.05024225071270604,0.5010922912727656,0.06687145133874169,0.6049184367105738,0.05655365682003538,0.9187310219157687,0.010091764446162927,0.6642008490823734,0.01507532665416206,0.6641541381986024,0.01507284893260958,0.6642489917301317,0.015079571524754932,0.358600673330127,0.11566038863997802,0.08653521904577999,0.0212761581733848,0.0597667788883545,0.019276731439996333,0.16666666666666666,0.0,1.2735567944829207,0.057095276259228576,0.8952999876411367,0.03087905763566003,0.628882461241288,0.10027782912446147,0.7041924906733847,0.07217829384182002,0.6648264781410067,0.11484540254229733,0.44785545075182503,0.16140212758367817,5,"buffer_size_3,throughput_2,python_gc_objects_collected_total_1,throughput_1,throughput_3",2.0,padded,0.16565365521237255,0.07232448011636734,32.160132908727974,1040.2,82.0,0.8591800356506238,2,,,False,30,,0.5579322638146168,0.8921568627450981,0.8591800356506238,0.2706852057260447,0.5180740889257919,0.5484811690184505,0.23245884318639734,0.5481752330500965,0.5517965291490272,0.3728814801782782,0.508995170671712,0.5489518071485284,1.3594450272706915,0.48186994688373297,0.5593608900551728
throughput_3,4,8,markov,kmeans,aic,5,5,0.7059102893160826,0.28144535205958143,0.35557312696324794,0.18075177819653598,0.3788943157697562,0.135913123249023,0.3802262757964715,0.1657646325067138,0.8032114997678261,0.33466058987404207,0.9089293225587814,0.015515980528127488,0.5635924055299544,0.08581382596447372,0.5635530623709142,0.08583219531814143,0.5636328724309362,0.08579586500455569,0.32063275889162435,0.08902209248981462,0.06001560179767464,0.012640930467549109,0.04007909486145304,0.011127761561226827,0.125,0.0,1.3970113938141817,0.16434190522553857,0.8680494861564887,0.0638448587207246,0.5911720800198188,0.17584221485373605,0.6225224080855931,0.1764039242082467,0.6164470598410366,0.18883940895667173,0.6707802494875275,0.292100361234332,5,"buffer_size_3,throughput_2,python_gc_objects_collected_total_1,throughput_1,throughput_3",2.0,padded,0.1909608207643032,0.07582752369344234,29.483899901621044,1011.4,110.8,0.8547237076648841,2,,,False,30,,0.4875222816399287,0.8012477718360071,0.8547237076648841,0.20539791583929146,0.28706060714703074,0.46958784974144896,0.2702570343487046,0.2852856969315465,0.4797773951543476,0.30483469072843916,0.29382663407984777,0.4651073906078528,1.6165800205555514,0.707101963915429,0.6081077646617944
throughput_3,4,10,markov,kmeans,aic,5,5,0.6857760994788913,0.21070451895791015,0.30788272554432616,0.11756366538503132,0.3193992229694863,0.11707444393391521,0.32319916030901485,0.12231510560630965,1.0629450184395763,0.39104739908356717,0.8895032245878195,0.010482621863332629,0.5620425953246556,0.055402189566873226,0.5620146841356932,0.05541128977597597,0.562071995802208,0.05539311741652251,0.24184567375075988,0.0411021971464149,0.040289648717874306,0.0035431242014632696,0.02507385238200806,0.00302018589662923,0.10444444444444445,0.006085806194501839,1.6722248662373407,0.13973957699043185,0.8221244252336299,0.06363711007638505,0.4625743251917722,0.05408077786220733,0.47398941923293725,0.06652707806015351,0.4918674967065684,0.0676421282471974,0.8205072101326095,0.23563026253720382,5,"buffer_size_3,throughput_2,python_gc_objects_collected_total_1,throughput_1,throughput_3",2.0,padded,0.1836269935593009,0.0803787219338119,28.63406517682597,995.6,126.6,0.8226381461675579,1,,,False,30,,0.9456327985739751,0.8048128342245989,0.8226381461675579,0.4754704705836195,0.33132792073572,0.4204973341110209,0.46975721086586797,0.3322760814507592,0.4170085607416956,0.481512812076759,0.3372821393418689,0.4329379867884133,0.3328569655914835,0.7056882363909278,1.0884484872691043
throughput_3,4,2,mrmr,classic_uniform,bic,5,5,0.9686306255684498,0.017070363591712764,0.7501581100935422,0.08497123237889967,0.8167687788872644,0.11894574761362368,0.7140415791772987,0.07995897127944232,0.12717929865934946,0.04542847843489014,0.9814642152497687,0.008032980076580562,0.8745284800606118,0.015280170930052748,0.8745284800606118,0.015280170930052748,0.8745284800606118,0.015280170930052748,0.9613251048010882,0.015651587992000626,0.49011454434285956,0.004084685735689133,0.4806625524005441,0.007825793996000313,0.5,0.0,0.16509488330785121,0.04975210758910931,0.9691945823813312,0.013776432695343436,0.7823736582240477,0.05269510511226832,0.8151527063765809,0.09821512573529101,0.7780398925474252,0.08815646552021218,0.11618299597239054,0.05671656327855221,5,"throughput_2,buffer_size_3,avg_p_latency_3,throughput_1,throughput_3",,,0.12504176143556833,0.05724584450945258,15.224227460101247,1114.0,8.2,0.9821905609973286,5,,,False,30,,0.9474621549421193,0.9697239536954586,0.9821905609973286,0.4865112025605853,0.4923146473779385,0.8565112951037515,0.4745762711864407,0.4848619768477293,0.8768432993031923,0.49906191369606,0.5,0.8384186272131943,0.6645162258146354,0.07431264422702633,0.09541742112372943
throughput_3,4,3,mrmr,classic_uniform,bic,5,5,0.8916419445621686,0.028909354097901276,0.7568652498472481,0.06514018476813495,0.8134676174539566,0.08219169284562867,0.7400676509238334,0.06523200309098103,0.37162765319166724,0.06862325653137533,0.9408317103251889,0.006935310253495855,0.8721575666018826,0.009455766799742776,0.8721585421555386,0.009376860610541746,0.872157977162367,0.009540536343960649,0.6665563497316679,0.02695215561658216,0.2665547123006596,0.006606764081832377,0.22218544991055594,0.008984051872194058,0.3333333333333333,0.0,0.7497565314935168,0.03957369616768478,0.9234306620231143,0.02498046903053099,0.8111850437916022,0.049274776361011,0.8288239553688503,0.06503673766153484,0.8326169732509762,0.0720895272345111,0.3011104472646734,0.0807211168613901,5,"throughput_2,buffer_size_3,avg_p_latency_3,throughput_1,throughput_3",,,0.1271112823858857,0.06003246102482081,15.015869622118771,1103.8,18.4,0.9251336898395722,1,,,False,30,,0.8440285204991087,0.9242424242424242,0.9251336898395722,0.5983744072664129,0.798773690078038,0.8122312470138557,0.580386864597391,0.7719372986799184,0.8778172076679539,0.6218960974569187,0.8581859430963016,0.7815773077415336,0.47918833968932595,0.265721090922738,0.3004254913189284
throughput_3,4,4,mrmr,classic_uniform,bic,5,5,0.8911130581917865,0.0270603479515379,0.5468586212693374,0.06738708661576494,0.5561181954529097,0.07168612547330137,0.5436372045304053,0.06585435975582936,0.3909321679449901,0.054980735913587396,0.9378047406123464,0.01516816575748524,0.699514346195783,0.05153008635189212,0.6995379594255418,0.051602941462585816,0.6994913264466999,0.05145771428023833,0.5323630204935533,0.07950957885956239,0.17300320853784265,0.016954454878714057,0.13309075512338833,0.019877394714890598,0.25,0.0,0.8665559329981776,0.024950255722905698,0.9357215516394508,0.009153827939033684,0.770294355589398,0.054543081498746,0.8047366243800864,0.06752251521071172,0.764505165284812,0.07210815709375135,0.29909912515391796,0.029087427752455465,5,"throughput_2,buffer_size_3,avg_p_latency_3,throughput_1,throughput_3",,,0.10641072690486908,0.05691225565969944,14.867674245964736,1096.8,25.4,0.9197860962566845,3,,,False,30,,0.6461675579322638,0.9117647058823529,0.9197860962566845,0.35962369664022814,0.5684637025007587,0.5509558033582754,0.32332072953736657,0.5574871355277541,0.585622704680829,0.45936705936705935,0.5856998079795178,0.53611846851255,0.8983958480559393,0.3097791897327664,0.33058165786733545
throughput_3,4,6,mrmr,classic_uniform,bic,5,4,0.8050791027979232,0.03246573239257939,0.5021665592302074,0.038583774404206,0.5241905253996308,0.032779830058405596,0.49594472022471037,0.0446556450625842,0.6744005948442487,0.05106573160348794,0.8995401609198687,0.024396358334915127,0.6314033173693511,0.052672285330998464,0.6313566509923442,0.05263625898116262,0.6314514406799598,0.05270885429163168,0.38295948590720996,0.10736974738630238,0.09655471708694995,0.026334308316885352,0.0677630040386051,0.023208579641366463,0.175,0.016666666666666677,1.2617870856534896,0.08012128031149388,0.8602192747565462,0.04281122948852414,0.6662874772852971,0.0806677666631686,0.7257721551779347,0.07429646668931791,0.6448540604706872,0.09013617650229006,0.5425722916258467,0.10870676994760582,5,"throughput_2,buffer_size_3,avg_p_latency_3,throughput_1,throughput_3",,,0.10758272639941424,0.05308797245379537,14.451808717101812,1080.25,42.0,0.8431372549019608,2,,,False,30,,0.5080213903743316,0.7976827094474154,0.8431372549019608,0.26193845233736596,0.41350613613981274,0.5383214249389994,0.23769051926816806,0.47572181624563986,0.5438190255431634,0.36123326050686827,0.4265031254689697,0.5371160870830086,1.6437204621324708,0.6385699816141228,0.6163295683425309
throughput_3,4,8,mrmr,classic_uniform,bic,5,4,0.8224595755893226,0.022319321968861675,0.3889666414692548,0.03750788317556756,0.4050356615743186,0.03339957511445564,0.3835437985850991,0.04504909805189255,0.6565938979613819,0.04556600915728247,0.9080040095047166,0.020740055719812616,0.5091279142198466,0.07261808256013037,0.5091485915089654,0.07260778265561788,0.5091076279496978,0.07262873781907801,0.3272615368498245,0.10297616570153997,0.06079101583756281,0.014632786851207604,0.040907692106228064,0.012872020712692497,0.125,0.0,1.3049833393864703,0.05763149854950931,0.8784739497342844,0.026219283926497278,0.5465181703121627,0.09623972268758646,0.5939513446768423,0.08042458080172074,0.5291264357258438,0.10395731983194885,0.5487779626514854,0.12744269101833675,5,"throughput_2,buffer_size_3,avg_p_latency_3,throughput_1,throughput_3",,,0.10374326887540519,0.06019575451500714,14.645655971951783,1055.0,67.25,0.8538324420677362,2,,,False,30,,0.47593582887700536,0.7442067736185384,0.8538324420677362,0.20872922826080884,0.25266856872014576,0.43845471294234006,0.18393994555781265,0.2560878056979238,0.4359519194305959,0.29090572314961444,0.260735515811834,0.4450443650630933,1.8954389728609264,0.8757479084562584,0.5898644018607978
throughput_3,4,10,mrmr,classic_uniform,bic,5,4,0.7752246814697709,0.042508753848026506,0.3036075690451634,0.05426763245296407,0.309554473718502,0.0718062681421281,0.3214524344961835,0.06096547345574365,0.8233482273359436,0.106853970732676,0.9080014301519199,0.014298974228158253,0.5441359479175799,0.03989966370498657,0.5440519615269153,0.04009255886109339,0.5442218480453581,0.03970412754801173,0.31077451218486263,0.11627432335553456,0.04891121342812631,0.014074423191009643,0.03265449617788416,0.011954894606831136,0.10555555555555554,0.006415002990995836,1.5242114665276876,0.0932182529373922,0.8575545929022097,0.04286669882539658,0.4928756259922629,0.12373338203702053,0.5373081368157647,0.1402810787097548,0.507010671957971,0.12164145916739402,0.6166598905034969,0.20493078520734936,5,"throughput_2,buffer_size_3,avg_p_latency_3,throughput_1,throughput_3",,,0.11597519658971578,0.06422991130966693,14.840333554893732,1031.75,90.5,0.8253119429590018,2,,,False,30,,0.4322638146167558,0.7575757575757576,0.8253119429590018,0.12496838730443902,0.22777333124802412,0.31977282380247807,0.1154607913501502,0.2594987334646778,0.31854363792627305,0.1817906790679068,0.23788918926135075,0.329898984583881,1.8215734542563569,0.8726122797792415,0.6834805601394052
throughput_3,4,2,mrmr,classic_uniform,aic,5,5,0.9647109616938334,0.014354867799767348,0.7342205566279699,0.05352348510716598,0.7840440648321781,0.10369593358262741,0.7169883218794884,0.07379889352329332,0.12859936108220166,0.039346551397220354,0.9814642152497687,0.008032980076580562,0.8745284800606118,0.015280170930052748,0.8745284800606118,0.015280170930052748,0.8745284800606118,0.015280170930052748,0.9613251048010882,0.015651587992000626,0.49011454434285956,0.004084685735689133,0.4806625524005441,0.007825793996000313,0.5,0.0,0.16509488330785121,0.04975210758910931,0.9713299721450233,0.015106787853828772,0.7927964527911768,0.06550537133930578,0.8304232276540624,0.09491074827055726,0.7791439415946342,0.09008218983639765,0.11800272258724612,0.05678697842209035,5,"throughput_2,buffer_size_3,avg_p_latency_3,throughput_1,throughput_3",,,0.1494995010085404,0.05761770475655794,15.118232530076057,1114.0,8.2,0.9803921568627451,4,,,False,30,,0.26559714795008915,0.9848484848484849,0.9803921568627451,0.22723139059031214,0.738579828132067,0.7330997794213052,0.5126696431211377,0.7078064608484038,0.9450945094509451,0.5018132116908781,0.7807503867973182,0.6608320274385736,0.7371917391561004,0.03951572435548889,0.09356192144231923
throughput_3,4,3,mrmr,classic_uniform,aic,5,5,0.8905721083867855,0.027732419680446478,0.7481757870502089,0.06685244087253649,0.8056601360677524,0.05592360235475566,0.7318394864155787,0.071547457740929,0.3796723444376321,0.047141189829709475,0.9408317103251889,0.006935310253495855,0.8721575666018826,0.009455766799742776,0.8721585421555386,0.009376860610541746,0.872157977162367,0.009540536343960649,0.6665563497316679,0.02695215561658216,0.2665547123006596,0.006606764081832377,0.22218544991055594,0.008984051872194058,0.3333333333333333,0.0,0.7497565314935168,0.03957369616768478,0.925034462215152,0.025576046586722846,0.8190203033614832,0.052981195257120826,0.8270079624668114,0.0448104238842147,0.8402288987294506,0.07345540300663793,0.2978480880504951,0.062121699502808686,5,"throughput_2,buffer_size_3,avg_p_latency_3,throughput_1,throughput_3",,,0.1587674136273563,0.060350509639829394,15.348953837994486,1103.8,18.4,0.9233511586452763,1,,,False,30,,0.8190730837789661,0.9251336898395722,0.9233511586452763,0.5775049021624364,0.6158693317452805,0.8104915561318129,0.5714285714285715,0.6056277056277056,0.8784401751722014,0.5945800254827012,0.6265098336811484,0.7768731624280812,0.5183695480115359,0.2500873973073566,0.32898448843595274
throughput_3,4,4,mrmr,classic_uniform,aic,5,5,0.8946771682039609,0.020827379913301042,0.5664811681435106,0.020695680044933513,0.5862506931094933,0.05279157099675348,0.5672725514568163,0.03997328607033267,0.3943013487190735,0.06854550061758545,0.9378047406123464,0.01516816575748524,0.699514346195783,0.05153008635189212,0.6995379594255418,0.051602941462585816,0.6994913264466999,0.05145771428023833,0.5323630204935533,0.07950957885956239,0.17300320853784265,0.016954454878714057,0.13309075512338833,0.019877394714890598,0.25,0.0,0.8665559329981776,0.024950255722905698,0.9318075946799848,0.018700722636898762,0.7564717262986252,0.05499832606391204,0.7989906473489137,0.08096492484710659,0.7530775930929184,0.07388301722670586,0.2799873420094119,0.027561200492085033,5,"throughput_2,buffer_size_3,avg_p_latency_3,throughput_1,throughput_3",,,0.14420215748250484,0.06827461924403906,15.400901110842824,1089.8,32.4,0.9135472370766489,1,,,False,30,,0.7130124777183601,0.9233511586452763,0.9135472370766489,0.409465361323527,0.5882685089846216,0.5774375604481802,0.37253608320362247,0.5670196427975615,0.5762974047594417,0.4594111813085956,0.6248673053965533,0.5798439806029939,0.7597408800751615,0.2640512595401404,0.3398093136538234
throughput_3,4,6,mrmr,classic_uniform,aic,5,4,0.6768545149785001,0.26827216359579076,0.41364898871933,0.22455614363102047,0.4531470624421761,0.21007383559204956,0.42762770412021806,0.1789469734224185,0.8141979021074948,0.27070252781814436,0.8995401609198687,0.024396358334915127,0.6314033173693511,0.052672285330998464,0.6313566509923442,0.05263625898116262,0.6314514406799598,0.05270885429163168,0.38295948590720996,0.10736974738630238,0.09655471708694995,0.026334308316885352,0.0677630040386051,0.023208579641366463,0.175,0.016666666666666677,1.2617870856534896,0.08012128031149388,0.8635630999198258,0.03737095948059794,0.66087554424405,0.06742179071823394,0.6893868035584851,0.05076100009964003,0.6756108725151466,0.0966026270415743,0.6096062674744283,0.12450421337645672,5,"throughput_2,buffer_size_3,avg_p_latency_3,throughput_1,throughput_3",,,0.16492788295727223,0.06813960778526962,15.013758863788098,1055.75,66.5,0.8431372549019608,2,,,False,30,,0.5017825311942959,0.7976827094474154,0.8431372549019608,0.2483076598383669,0.41350613613981274,0.5383214249389994,0.2400274738075269,0.47572181624563986,0.5438190255431634,0.3006116339046121,0.4265031254689697,0.5371160870830086,2.071867629109685,0.6385699816141229,0.6163295683425309
throughput_3,4,8,mrmr,classic_uniform,aic,5,4,0.8375997812708829,0.024012237284450417,0.4030702403450151,0.0522901674476483,0.4165627133203966,0.040311347567951177,0.39936577916338634,0.06310390201167101,0.616272021055729,0.07545538569434646,0.9080040095047166,0.020740055719812616,0.5091279142198466,0.07261808256013037,0.5091485915089654,0.07260778265561788,0.5091076279496978,0.07262873781907801,0.3272615368498245,0.10297616570153997,0.06079101583756281,0.014632786851207604,0.040907692106228064,0.012872020712692497,0.125,0.0,1.3049833393864703,0.05763149854950931,0.8711354784939932,0.03165474244958371,0.5472726536296433,0.12108269617996795,0.589641903416487,0.13939901835817556,0.5508768240190425,0.11977874637258948,0.6214859242171096,0.12715008232450126,5,"throughput_2,buffer_size_3,avg_p_latency_3,throughput_1,throughput_3",,,0.17084287700708956,0.07186503720004112,15.374026402831078,1033.25,89.0,0.8636363636363636,2,,,False,30,,0.4786096256684492,0.8600713012477719,0.8636363636363636,0.1996315653730573,0.3290289442501235,0.47177673010866594,0.23697215363623442,0.3238452689099799,0.46181879575190365,0.2876198842761486,0.33565385845296425,0.4832388095075377,1.633187096986908,0.5836680653345689,0.5254815548614651
throughput_3,4,10,mrmr,classic_uniform,aic,5,3,0.7817018331658737,0.021818839836528613,0.31519636462422135,0.03585280516051511,0.3233497833494312,0.06082236773705763,0.33481555626879694,0.0500013457662298,0.8096591584247811,0.08602280547393548,0.9091237131675035,0.017295487300561886,0.5354460531830072,0.04398737458258687,0.535344414789023,0.044228855884929766,0.5355500523894668,0.0437427294203045,0.2705751665732809,0.10287688312776945,0.04512362703658849,0.014527877277815597,0.02916024326985862,0.011879412328865037,0.1074074074074074,0.006415002990995835,1.533941944957366,0.11165290304433127,0.8326406560126927,0.032513514872501405,0.45268143432646424,0.04111619479600683,0.4849180191749609,0.08518627834272283,0.4759705516709025,0.059410566156779095,0.7281519158918607,0.1420085559013832,5,"throughput_2,buffer_size_3,avg_p_latency_3,throughput_1,throughput_3",,,0.15268625893319646,0.07638672615091006,14.791991889942437,1020.3333333333334,102.0,0.7967914438502673,3,,,False,30,,0.45098039215686275,0.7869875222816399,0.7967914438502673,0.1732198815201144,0.25104865835759427,0.2740990718066838,0.17144179689996025,0.246431711514768,0.26111473378603267,0.17600749834750062,0.26456071397282327,0.2886179930894131,1.571742747901442,0.8162057756516499,0.7310246830474206
throughput_3,4,2,mrmr,classic_quantile,bic,5,5,0.8993071461564469,0.03503491180547109,0.8857280340265546,0.04832110040450261,0.8954727750393591,0.040726725145085796,0.8797317807882088,0.053623300007095816,0.3358081380381711,0.11319295631390515,0.9615051039439496,0.009907644669638619,0.95756860288466,0.013947998638261171,0.9576261069609678,0.013960280783484892,0.9575117651941841,0.013936392713083686,0.44680961836689664,0.14177892306198198,0.30344556726597544,0.06878354456784515,0.22340480918344832,0.07088946153099099,0.5,0.0,0.6931064040474924,0.00011294491591939425,0.9227219287432303,0.03872683223072385,0.9112366707941725,0.051416185478574246,0.921572308005038,0.043317653394743805,0.90480342081887,0.057221710112944364,0.2999420315600308,0.21042044431215798,5,"throughput_2,buffer_size_3,avg_p_latency_3,throughput_1,throughput_3",,,0.13562885913997888,0.058295658137649295,15.102849009912461,1109.2,13.0,0.9376114081996435,1,,,False,30,,0.9269162210338681,0.9411764705882353,0.9376114081996435,0.9254755586660057,0.9384535085123854,0.9347743761460576,0.9347944446094298,0.9422364641328431,0.9334761816447648,0.9217680215865334,0.9353487957710925,0.9361803519061584,0.2670756649245061,0.18464202528237417,0.22157120443044703
throughput_3,4,3,mrmr,classic_quantile,bic,5,5,0.8547613265333658,0.05158341885367372,0.8400492186364772,0.055791549009759266,0.8613463740077908,0.036073077614610934,0.8302880325504092,0.06789236544504344,0.5139350095008419,0.18775922669284612,0.9148162786526413,0.02940517186106693,0.9115226560318532,0.028430278954491434,0.9115873485620127,0.02837930046588442,0.9114595572174375,0.028481130897000554,0.2794375582338497,0.14078090686051642,0.1403832720048364,0.0593868065567553,0.09314585274461656,0.046926968953505475,0.3333333333333333,0.0,1.0978579808092266,0.0014899595607214423,0.8851679379394923,0.07609168605905942,0.8669912829275388,0.09659736674338248,0.9025611992974572,0.07014407065074482,0.8542072234425901,0.10481455320036229,0.354005294487446,0.21809449366993877,5,"throughput_2,buffer_size_3,avg_p_latency_3,throughput_1,throughput_3",,,0.1363087368197739,0.06279236152768135,15.372394275851548,1089.0,33.2,0.9188948306595366,2,,,False,30,,0.7611408199643493,0.9135472370766489,0.9188948306595366,0.7288459948107758,0.894264197457941,0.9143577820256544,0.7200927975376757,0.888327667684162,0.9067065073224508,0.7544160572958983,0.9010296503482861,0.9231899758630696,0.6396597561576832,0.2912469449248955,0.31881094880428984
throughput_3,4,4,mrmr,classic_quantile,bic,5,5,0.81233359206226,0.06519585690915936,0.80012934138859,0.07441430900910186,0.8268626593015054,0.05279966229235783,0.79049572124431,0.07985279617657332,0.631585051347751,0.15396601337574312,0.8994865103816965,0.015241371938631324,0.8971870840460584,0.014473683404433798,0.8972505789326594,0.014371448253225687,0.897126481724191,0.014577509030104787,0.2708829957952581,0.08536073757578705,0.105121826370789,0.027027225722333105,0.06772074894881452,0.021340184393946762,0.25,0.0,1.3851846699207504,0.001759869534867277,0.8616464858047364,0.07099107522785135,0.8517778708137762,0.08126264812416238,0.8856123178676588,0.05981227634270662,0.8414118579306846,0.0859155883131699,0.4845529399879626,0.16985522492413194,5,"throughput_2,buffer_size_3,avg_p_latency_3,throughput_1,throughput_3",,,0.13395434701815248,0.06640293672680855,15.170388581231236,1069.4,52.8,0.8743315508021391,1,,,False,30,,0.838680926916221,0.8734402852049911,0.8743315508021391,0.833290222183453,0.8641884721312193,0.8698391221945034,0.845416777748156,0.8652500130908454,0.8727796065942321,0.8300196379939936,0.8647629382501638,0.8674386341449749,0.6391376524349841,0.4329292592953197,0.46688450646400304
throughput_3,4,6,mrmr,classic_quantile,bic,5,5,0.7334071425056706,0.10331536014105919,0.6888898921142881,0.14237625934445805,0.7103829288891241,0.1298287661085799,0.6860574670193832,0.1454037587430519,0.9127704025516679,0.1823238198049037,0.8515476910427411,0.03673486897160901,0.8270324539465326,0.03857925678234514,0.8270892208311029,0.03850118468089746,0.8269787204799102,0.0386562202756353,0.29120385141023136,0.042547559254165146,0.07494935386452178,0.00861471542895186,0.048533975235038565,0.00709125987569419,0.16666666666666666,0.0,1.7430248160416781,0.031966408113369434,0.8295993193118332,0.07403750846894301,0.804208716490922,0.10585990250339974,0.8490019720189608,0.04769384865466398,0.7912761858918569,0.1283221500954374,0.6356678388979374,0.19457431855822638,5,"throughput_2,buffer_size_3,avg_p_latency_3,throughput_1,throughput_3",,,0.12526350058615207,0.07593034068122506,15.394723635166883,1011.6,110.6,0.8475935828877005,2,,,False,30,,0.7121212121212122,0.7513368983957219,0.8475935828877005,0.6421118701830075,0.7061587509066687,0.8325500215507536,0.614887804221707,0.722122200552963,0.823964613514677,0.6927914980239335,0.7148889717796179,0.844756832783831,1.1087207471503597,0.8307605185285561,0.7141147052527037
throughput_3,4,8,mrmr,classic_quantile,bic,5,5,0.744608517737217,0.036329497852317615,0.667010416896016,0.08164213658900724,0.6918177252912575,0.08625149691749504,0.6582101169726117,0.08184734835500736,0.9923808887459362,0.11551086061889854,0.8497611916133734,0.02569089918103424,0.8363568407440543,0.026176506528293876,0.8364191037754521,0.02615472194438187,0.8362985782308415,0.02619781607025511,0.29120385141023136,0.042547559254165146,0.06291955198969593,0.010037270624112795,0.04078886188977331,0.007666282720144682,0.1392857142857143,0.007985957062499245,1.917700432837902,0.08800185511408466,0.826034579465907,0.06966905167837947,0.7524892817715448,0.11698476691163352,0.7707623886880286,0.11244456551772758,0.7494005818375197,0.12214055023218127,0.780924186292802,0.28282127562196785,5,"throughput_2,buffer_size_3,avg_p_latency_3,throughput_1,throughput_3",,,0.12396514629945159,0.08551221815869212,15.898200038820505,970.4,151.8,0.7896613190730838,2,,,False,30,,0.517825311942959,0.6461675579322638,0.7896613190730838,0.4566026631048744,0.5271916694656121,0.6843706004811482,0.4388258077968553,0.5351836865981723,0.6929053174273401,0.5371365894048429,0.5342232625059412,0.6856963766567239,1.8076482257389799,0.9886715926384391,0.9019157973215947
throughput_3,4,10,mrmr,classic_quantile,bic,5,5,0.6624466867618091,0.03971692996184495,0.5407929659034778,0.05587958733140183,0.5688760418437919,0.0671111366761126,0.5375641587395267,0.061109819600265895,1.2210858863843455,0.13511918606897097,0.7690244332169847,0.07213575352763434,0.669958906567656,0.09281856450614168,0.6700206753899108,0.09291519899986259,0.6699017211692511,0.092722253708761,0.29120385141023136,0.042547559254165146,0.04914319064219148,0.00738284918922222,0.0318509329849752,0.005709090250576839,0.10888888888888888,0.004969039949999528,2.0999575370835126,0.12027466751558917,0.7849141058996143,0.09770480423415287,0.7214655185215898,0.13280937217459904,0.7754047452109188,0.09496532708136059,0.705255005575586,0.1486687383248232,0.9372021047716863,0.28893631894034194,5,"throughput_2,buffer_size_3,avg_p_latency_3,throughput_1,throughput_3",,,0.12233627522364258,0.09762323722243309,15.971399161964655,927.6,194.6,0.7237076648841355,2,,,False,30,,0.5472370766488414,0.6158645276292335,0.7237076648841355,0.4559059622976045,0.5392789942734819,0.618507653359582,0.43475199558637306,0.5590829944703866,0.6261237827997197,0.5024309954416044,0.5454576783904506,0.6273705996799227,2.030008559193043,1.2127793183878153,1.0395233875951266
throughput_3,4,2,mrmr,classic_quantile,aic,5,5,0.8993071461564469,0.03503491180547109,0.8857280340265546,0.04832110040450261,0.8954727750393591,0.040726725145085796,0.8797317807882088,0.053623300007095816,0.3333331722035662,0.11924817984005158,0.9615051039439496,0.009907644669638619,0.95756860288466,0.013947998638261171,0.9576261069609678,0.013960280783484892,0.9575117651941841,0.013936392713083686,0.44680961836689664,0.14177892306198198,0.30344556726597544,0.06878354456784515,0.22340480918344832,0.07088946153099099,0.5,0.0,0.6931064040474924,0.00011294491591939425,0.9220095511831234,0.03718756056397914,0.9105284360313608,0.049632531478292836,0.9213181529702418,0.041271410513194697,0.9038135187152658,0.05560077316878155,0.29759347555694526,0.21258662161761302,5,"throughput_2,buffer_size_3,avg_p_latency_3,throughput_1,throughput_3",,,0.1662264977581799,0.06283498667180538,15.353435989934951,1109.2,13.0,0.9376114081996435,1,,,False,30,,0.9269162210338681,0.9233511586452763,0.9376114081996435,0.9254755586660057,0.9218402200643474,0.9347743761460576,0.9347944446094298,0.9181766677229473,0.9334761816447648,0.9217680215865334,0.9310921707797544,0.9361803519061584,0.26890246669181356,0.1947522113332921,0.22053529676598554
throughput_3,4,3,mrmr,classic_quantile,aic,5,5,0.8356952268481261,0.063165061007656,0.8093906780422465,0.07953146120193154,0.8476865422661822,0.045823653984189146,0.7982511956619709,0.08945141079973917,0.48661667477867443,0.1324133039507749,0.9148162786526413,0.02940517186106693,0.9115226560318532,0.028430278954491434,0.9115873485620127,0.02837930046588442,0.9114595572174375,0.028481130897000554,0.2794375582338497,0.14078090686051642,0.1403832720048364,0.0593868065567553,0.09314585274461656,0.046926968953505475,0.3333333333333333,0.0,1.0978579808092266,0.0014899595607214423,0.8981569448889761,0.050593384175293764,0.8868290420415915,0.06493768662728194,0.9145089693131565,0.042402600625167444,0.8740247193310203,0.07790622181169503,0.33765319186076936,0.191658773142977,5,"throughput_2,buffer_size_3,avg_p_latency_3,throughput_1,throughput_3",,,0.18232334749773144,0.06500036241486669,15.408404024783522,1089.0,33.2,0.9171122994652406,2,,,False,30,,0.7620320855614974,0.9081996434937611,0.9171122994652406,0.730746262820195,0.8900111738878248,0.9142107944509895,0.721458166013558,0.884055009086893,0.908815926671073,0.7571708782325376,0.8971625717257705,0.9201787014232238,0.6517164192629272,0.3102278045634122,0.298119919048531
throughput_3,4,4,mrmr,classic_quantile,aic,5,5,0.7836411890102111,0.06312479547470276,0.7709572672427244,0.06632177718139336,0.7991187342167462,0.050677863897883625,0.766120192543408,0.06923055503183703,0.682616014423568,0.13329478829096963,0.8994865103816965,0.015241371938631324,0.8971870840460584,0.014473683404433798,0.8972505789326594,0.014371448253225687,0.897126481724191,0.014577509030104787,0.2708829957952581,0.08536073757578705,0.105121826370789,0.027027225722333105,0.06772074894881452,0.021340184393946762,0.25,0.0,1.3851846699207504,0.001759869534867277,0.8579020670991213,0.06860264444799083,0.8491485306214678,0.0858622254582578,0.8801329445428421,0.05944328570273904,0.839409514271833,0.08820918027743008,0.5136573944496645,0.22384201933167822,5,"throughput_2,buffer_size_3,avg_p_latency_3,throughput_1,throughput_3",,,0.18567547975108029,0.06760961189866066,15.678388949949294,1069.4,52.8,0.8805704099821747,1,,,False,30,,0.8458110516934046,0.8511586452762924,0.8805704099821747,0.8402108928890389,0.8427408476252665,0.8737376716432894,0.8514870435742143,0.8422566959368016,0.8731010070021887,0.8375041468013458,0.8523765581699243,0.8750328556680289,0.5668420045841449,0.4885885222895001,0.49289615691018757
throughput_3,4,6,mrmr,classic_quantile,aic,5,5,0.7223348142786622,0.04087040832211655,0.6666895181506322,0.0694367132855858,0.6984653242263594,0.043271088752695475,0.6707808966870686,0.0868676116425345,0.901512730694338,0.17099368238430715,0.8515476910427411,0.03673486897160901,0.8270324539465326,0.03857925678234514,0.8270892208311029,0.03850118468089746,0.8269787204799102,0.0386562202756353,0.29120385141023136,0.042547559254165146,0.07494935386452178,0.00861471542895186,0.048533975235038565,0.00709125987569419,0.16666666666666666,0.0,1.7430248160416781,0.031966408113369434,0.8037754743109934,0.06879118702524988,0.7651093129748217,0.09736589678970209,0.8014867744734063,0.04654383367149125,0.7669708179684845,0.11571931510314205,0.751253656658494,0.32508690514279326,5,"throughput_2,buffer_size_3,avg_p_latency_3,throughput_1,throughput_3",,,0.18101553786545993,0.08887491291388869,15.845077610109001,1011.6,110.6,0.7664884135472371,3,,,False,30,,0.7967914438502673,0.7869875222816399,0.7664884135472371,0.647717285435852,0.6239327530639734,0.7051678406451858,0.6379518486395895,0.6088382597528939,0.7271279906392555,0.6652055752377402,0.6610781940862095,0.7371989255310384,0.8647861457497167,0.823694045993109,0.8664879083845007
throughput_3,4,8,mrmr,classic_quantile,aic,5,5,0.7339093623363698,0.08840967980011809,0.659859904038856,0.10298022876342237,0.6722924533335676,0.08067841119292074,0.6732426201813866,0.09650186460737793,1.0304601451245319,0.24394960399921398,0.8497611916133734,0.02569089918103424,0.8363568407440543,0.026176506528293876,0.8364191037754521,0.02615472194438187,0.8362985782308415,0.02619781607025511,0.29120385141023136,0.042547559254165146,0.06291955198969593,0.010037270624112795,0.04078886188977331,0.007666282720144682,0.1392857142857143,0.007985957062499245,1.917700432837902,0.08800185511408466,0.8146419257010485,0.07204128762280325,0.73692116785069,0.10865036231902783,0.7673575097272162,0.09718077780393089,0.7271091602841074,0.11298128852029729,0.8972334201338382,0.4200760778432082,5,"throughput_2,buffer_size_3,avg_p_latency_3,throughput_1,throughput_3",,,0.22599707245826722,0.08591617401689292,16.577500697225332,970.4,151.8,0.8128342245989305,2,,,False,30,,0.4696969696969697,0.7718360071301248,0.8128342245989305,0.41875110588561304,0.6702667951179466,0.7027267623163779,0.41432250541423704,0.6697632589092803,0.7017016203300224,0.5252800165222054,0.6764166233304638,0.707290800259688,1.3925475810513797,0.913025086414005,0.8735359288597292
throughput_3,4,10,mrmr,classic_quantile,aic,5,5,0.5394783834362694,0.09278218070455499,0.38240524847889473,0.0833974832769063,0.41295142295037124,0.08858262759869566,0.41859160255815775,0.0861717315933827,1.402217508167392,0.29375431011428427,0.7690244332169847,0.07213575352763434,0.669958906567656,0.09281856450614168,0.6700206753899108,0.09291519899986259,0.6699017211692511,0.092722253708761,0.29120385141023136,0.042547559254165146,0.04914319064219148,0.00738284918922222,0.0318509329849752,0.005709090250576839,0.10888888888888888,0.004969039949999528,2.0999575370835126,0.12027466751558917,0.7752928892170502,0.11402038458267644,0.7050032114392937,0.1568344193284992,0.7330250641613348,0.13043935406828738,0.7043274179461158,0.156998262975102,0.9916030144116895,0.41709389917492096,5,"throughput_2,buffer_size_3,avg_p_latency_3,throughput_1,throughput_3",,,0.2356763483956456,0.09378179553896189,16.85802089702338,927.6,194.6,0.6176470588235294,3,,,False,30,,0.6024955436720143,0.6372549019607843,0.6176470588235294,0.4282619692491464,0.3777663709891248,0.38697894847040515,0.4628047774864849,0.39898227699355426,0.4153449949889578,0.4406415977262669,0.389264858745353,0.49413640180322754,1.2314794339126693,1.1524059926728831,1.3436640262998585
throughput_3,4,2,mrmr,kmeans,bic,5,5,0.9602584432137625,0.013865304591155697,0.7141914457870063,0.0547624160528238,0.7356402242200778,0.0973327975188265,0.719200684554084,0.08497871709561838,0.12804534471179657,0.04232256864528675,0.9818207214886279,0.00801303710486728,0.8734214976413315,0.017374639814205946,0.8734214976413315,0.017374639814205946,0.8734214976413315,0.017374639814205946,0.9625725591782895,0.01457965533338928,0.4904421156910813,0.0037999489372258677,0.48128627958914477,0.00728982766669464,0.5,0.0,0.16108841344603442,0.047059122201030285,0.9699087028580664,0.007942045211987575,0.7980015901348839,0.04049934051607159,0.7994005424694769,0.10614120709713502,0.82960846009934,0.08320524360613567,0.11302818680629304,0.05319770527387016,5,"throughput_2,buffer_size_3,avg_p_latency_3,throughput_1,throughput_3",,,0.1192553237080574,0.05788748115301132,15.338756687007844,1112.4,9.8,0.9750445632798574,3,,,False,30,,0.4750445632798574,0.9607843137254902,0.9750445632798574,0.34689759110562074,0.5499726526891522,0.6754545454545455,0.6836660617059891,0.5399942660550459,0.7140700483091788,0.5129417970810621,0.5701992753623188,0.6492841100505334,0.7764109032603235,0.08346991704978614,0.0884286857874154
throughput_3,4,3,mrmr,kmeans,bic,5,5,0.8855754655136563,0.04155997503538139,0.746939479895426,0.0943657657765161,0.7415865335016292,0.0921778815555199,0.7816693419196664,0.07747631833834341,0.37611731394361414,0.07709066473428733,0.9486727840978535,0.011174929891963102,0.8816544060667898,0.012944780617226773,0.8816910657204164,0.01285437353814961,0.8816185142620597,0.013035388843090813,0.5118678799942222,0.09727538281283896,0.22423701175549038,0.028656531455772377,0.17062262666474073,0.03242512760427965,0.3333333333333333,0.0,0.8376142909955163,0.029487590742458665,0.942660102737013,0.023930794507347423,0.8273316084968994,0.059994249240920144,0.8808312105680068,0.0713110729250988,0.8166818402784768,0.08155478066092899,0.23321832046395516,0.09293394968377894,5,"throughput_2,buffer_size_3,avg_p_latency_3,throughput_1,throughput_3",,,0.12345572961494326,0.06197337964549661,15.420539882034063,1097.2,25.0,0.9216384683882458,5,,,False,30,,0.5431878895814782,0.8780053428317008,0.9216384683882458,0.2540079117218405,0.5895252729854951,0.8533800103404148,0.28598218471636194,0.5831213820137654,0.8451684621074071,0.22846441947565543,0.5962116885589187,0.8624719443802892,1.0191922396949349,0.41849486536509556,0.3119443002924623
throughput_3,4,4,mrmr,kmeans,bic,5,5,0.8973441396310811,0.010835851229889585,0.5928863470429702,0.034575860410232806,0.6074023866761357,0.05495753533600287,0.6008060250920765,0.046727831433922305,0.38008967607554817,0.06289769160475384,0.9417215473577111,0.012986576123664018,0.7042184652526075,0.04503472007945174,0.7042471797214985,0.045075744544721304,0.7041903434868849,0.04499433637594209,0.5116896268747927,0.09716041007565365,0.16814122653145497,0.021467468889939677,0.12792240671869817,0.024290102518913413,0.25,0.0,0.8767906250433535,0.030192135773252082,0.9373171125892453,0.017950049960337503,0.7805360775572494,0.07613923752564722,0.8407330257118565,0.0768272819837551,0.777235616551741,0.08927625335358476,0.28425536589613476,0.10241240619677683,5,"throughput_2,buffer_size_3,avg_p_latency_3,throughput_1,throughput_3",,,0.12560932226479055,0.06362929083406925,15.303926962893456,1083.6,38.6,0.9126559714795008,3,,,False,30,,0.49732620320855614,0.9099821746880571,0.9126559714795008,0.2723853582676651,0.5776292770065867,0.565986794588218,0.2674220507875281,0.5727419374968798,0.5404376722380658,0.4386686143572621,0.5852815930684783,0.6470824145975138,1.1452675270074941,0.3249413800712394,0.3480387830526994
throughput_3,4,6,mrmr,kmeans,bic,5,5,0.8444108996306368,0.02156873914814315,0.48908767949524645,0.048200346148421586,0.49796436308707276,0.07018638397217972,0.49854722837181464,0.04404380442236605,0.5822062948076973,0.05126748058937035,0.9187310219157687,0.010091764446162927,0.6642008490823734,0.01507532665416206,0.6641541381986024,0.01507284893260958,0.6642489917301317,0.015079571524754932,0.358600673330127,0.11566038863997802,0.08653521904577999,0.0212761581733848,0.0597667788883545,0.019276731439996333,0.16666666666666666,0.0,1.2735567944829207,0.057095276259228576,0.8974323669124707,0.029749224374290388,0.6192864061804058,0.1031062215679225,0.6451127616265584,0.12584387307632522,0.6494379327158366,0.11531238771315025,0.46362097348348297,0.12063645374248465,5,"throughput_2,buffer_size_3,avg_p_latency_3,throughput_1,throughput_3",,,0.11500761900097131,0.06512731770053506,15.208128043916076,1056.4,65.8,0.8645276292335116,1,saved_dbn_models_top5_20260316_105011_seed783122_with_rps_run20260611_100041/best_bins6_dbn_throughput_3_K4_mrmr_kmeans_bic_bins6.pkl,saved_dbn_models_top5_20260316_105011_seed783122_with_rps_run20260611_100041/best_bins6_dbn_throughput_3_K4_mrmr_kmeans_bic_bins6_edges.csv,False,30,,0.7994652406417112,0.7994652406417112,0.8645276292335116,0.5237791702106048,0.5739798442865555,0.4696790959211638,0.5025433212251805,0.5980185208341459,0.4626826052432212,0.5720943542073801,0.5658328974560868,0.481221595075685,0.5643213100842748,0.6991613119310157,0.5882730558415481
throughput_3,4,8,mrmr,kmeans,bic,5,5,0.8210673599966984,0.02574275032441679,0.3947557661936006,0.06615550039020436,0.4006244003663376,0.0652892784803581,0.40784748701261986,0.06612361784634321,0.6744212930815981,0.05574953286352023,0.9089293225587814,0.015515980528127488,0.5635924055299544,0.08581382596447372,0.5635530623709142,0.08583219531814143,0.5636328724309362,0.08579586500455569,0.32063275889162435,0.08902209248981462,0.06001560179767464,0.012640930467549109,0.04007909486145304,0.011127761561226827,0.125,0.0,1.3970113938141817,0.16434190522553874,0.8828335387862328,0.035054767745306956,0.6093983883539774,0.15996962465207334,0.6445292853201424,0.16585193386198122,0.603970547054567,0.14745604586399408,0.5502801437262972,0.13969407313950613,5,"throughput_2,buffer_size_3,avg_p_latency_3,throughput_1,throughput_3",,,0.113064996432513,0.06622729171067476,15.248691868968308,1039.8,82.4,0.8547237076648841,2,,,False,30,,0.4875222816399287,0.8012477718360071,0.8547237076648841,0.20539791583929146,0.28706060714703074,0.46958784974144896,0.2702570343487046,0.2852856969315465,0.4797773951543476,0.30483469072843916,0.29382663407984777,0.4651073906078528,1.6165800205555514,0.707101963915429,0.6081077646617944
throughput_3,4,10,mrmr,kmeans,bic,5,5,0.7504799183495952,0.0726513353794945,0.33491923268760904,0.01888629682524411,0.3410689224778232,0.027745669288375407,0.3547885457608589,0.03726268600809335,0.8742179844691341,0.1867707862378735,0.8895032245878195,0.010482621863332629,0.5620425953246556,0.055402189566873226,0.5620146841356932,0.05541128977597597,0.562071995802208,0.05539311741652251,0.24184567375075988,0.0411021971464149,0.040289648717874306,0.0035431242014632696,0.02507385238200806,0.00302018589662923,0.10444444444444445,0.006085806194501839,1.6722248662373407,0.13973957699043185,0.8269199811131216,0.06984283826969968,0.4728550712898998,0.06848918338728315,0.5192026383230662,0.08208997517014463,0.4771301947098731,0.08569198685318413,0.8095647634450769,0.3473382496199498,5,"throughput_2,buffer_size_3,avg_p_latency_3,throughput_1,throughput_3",,,0.11173304067924619,0.06852084267884492,15.008863531984389,1017.8,104.4,0.8163992869875223,2,,,False,30,,0.4661319073083779,0.7566844919786097,0.8163992869875223,0.1574640945148636,0.29344132280139623,0.3426714342642524,0.1392764710983126,0.33456279987227616,0.3419869106915325,0.24478941178611144,0.3092370395233126,0.3526786279584574,1.9194959126592268,0.7874813424796864,0.7179041802797657
throughput_3,4,2,mrmr,kmeans,aic,5,5,0.9632890637028713,0.014474951670621168,0.7300236397603488,0.04400187136600579,0.7686290234313349,0.09247922736214777,0.7228687438349061,0.06589570600804202,0.12226364173673891,0.02939588013418799,0.9818207214886279,0.00801303710486728,0.8734214976413315,0.017374639814205946,0.8734214976413315,0.017374639814205946,0.8734214976413315,0.017374639814205946,0.9625725591782895,0.01457965533338928,0.4904421156910813,0.0037999489372258677,0.48128627958914477,0.00728982766669464,0.5,0.0,0.16108841344603442,0.047059122201030285,0.9699087028580664,0.007942045211987575,0.7980015901348839,0.04049934051607159,0.7994005424694769,0.10614120709713502,0.82960846009934,0.08320524360613567,0.11856362974400365,0.04711156285195892,5,"throughput_2,buffer_size_3,avg_p_latency_3,throughput_1,throughput_3",,,0.14585261279717088,0.05806940291076899,15.211804828140885,1112.4,9.8,0.9777183600713012,3,,,False,30,,0.4732620320855615,0.983957219251337,0.9777183600713012,0.34077097054803035,0.49595687331536387,0.6894478704206016,0.7333032490974729,0.4919786096256685,0.7585365853658537,0.5115702479338843,0.5,0.6506527231892196,0.7726715227831565,0.07457074568424872,0.09331085020241535
throughput_3,4,3,mrmr,kmeans,aic,5,5,0.9003706331557151,0.029379401102711335,0.7452638601006667,0.07459425370146767,0.7750809581655781,0.09992905935812353,0.7628169414290633,0.06527537659986243,0.3623133616454998,0.032313172843822756,0.9486727840978535,0.011174929891963102,0.8816544060667898,0.012944780617226773,0.8816910657204164,0.01285437353814961,0.8816185142620597,0.013035388843090813,0.5118678799942222,0.09727538281283896,0.22423701175549038,0.028656531455772377,0.17062262666474073,0.03242512760427965,0.3333333333333333,0.0,0.8376142909955163,0.029487590742458665,0.9298373066550895,0.03449805651380069,0.8150738087939688,0.10539236597015417,0.8839597896801052,0.09829606824613847,0.8245877595430084,0.10874623436867634,0.2686107592817934,0.11190875502979139,5,"throughput_2,buffer_size_3,avg_p_latency_3,throughput_1,throughput_3",,,0.1531732464209199,0.06187610514461994,15.383825154043734,1097.2,25.0,0.9207479964381122,5,,,False,30,,0.5431878895814782,0.8771148708815673,0.9207479964381122,0.2540079117218405,0.5886277193521505,0.8628402042641525,0.28598218471636194,0.58217374267567,0.8740705303444504,0.22846441947565543,0.5954026270702456,0.8526680228116618,1.0123767823841967,0.38029197684647237,0.34007677638229655
throughput_3,4,4,mrmr,kmeans,aic,5,5,0.8755937670138078,0.03773192051730769,0.5742781660970766,0.07468976550899527,0.643201487583792,0.045957071728056936,0.5615163345287866,0.07724769849103519,0.40495768794424053,0.07208931875082629,0.9417215473577111,0.012986576123664018,0.7042184652526075,0.04503472007945174,0.7042471797214985,0.045075744544721304,0.7041903434868849,0.04499433637594209,0.5116896268747927,0.09716041007565365,0.16814122653145497,0.021467468889939677,0.12792240671869817,0.024290102518913413,0.25,0.0,0.8767906250433535,0.030192135773252082,0.932334747736585,0.010621242031837489,0.765346794287116,0.05436327612566863,0.8087229807606746,0.023423684734562966,0.7675372302126436,0.08600642462140098,0.25841948589070574,0.09998375933660612,5,"throughput_2,buffer_size_3,avg_p_latency_3,throughput_1,throughput_3",,,0.15951833371073007,0.06486123502254486,15.176632151007652,1083.6,38.6,0.918967052537845,5,,,False,30,,0.5173642030276047,0.8860195903829029,0.918967052537845,0.20219073248675468,0.6252501493972855,0.6576238811925367,0.28314204923486364,0.6248730104537548,0.6488000754573326,0.17208144582861457,0.6272810374285356,0.6670125834797518,1.20279994278628,0.3777037910469829,0.33187798118743483
throughput_3,4,6,mrmr,kmeans,aic,5,5,0.8378188675292023,0.016753458761375937,0.4768216653629541,0.0467618438781179,0.50166932333593,0.055002634793074545,0.5028229632842097,0.06861228847841547,0.5811164840057467,0.03160002588702016,0.9187310219157687,0.010091764446162927,0.6642008490823734,0.01507532665416206,0.6641541381986024,0.01507284893260958,0.6642489917301317,0.015079571524754932,0.358600673330127,0.11566038863997802,0.08653521904577999,0.0212761581733848,0.0597667788883545,0.019276731439996333,0.16666666666666666,0.0,1.2735567944829207,0.057095276259228576,0.8920952393024532,0.028713475308785267,0.6245383876357058,0.10289269840644119,0.6823736454029566,0.08787557194656047,0.6638555497438926,0.1142193383203939,0.44910173643222856,0.16285805706980702,5,"throughput_2,buffer_size_3,avg_p_latency_3,throughput_1,throughput_3",,,0.1642657614313066,0.06910421159118414,15.68775536539033,1052.6,69.6,0.8591800356506238,2,,,False,30,,0.5579322638146168,0.8921568627450981,0.8591800356506238,0.2706852057260447,0.5180740889257919,0.5484811690184505,0.23245884318639734,0.5481752330500965,0.5517965291490272,0.3728814801782782,0.508995170671712,0.5489518071485284,1.3594450272706915,0.4818699468837331,0.5593608900551726
throughput_3,4,8,mrmr,kmeans,aic,5,5,0.710006460286697,0.2840811019113893,0.3566583808496688,0.18161357701259184,0.3810786772987952,0.13780262157395917,0.3821024942868666,0.16772635274684267,0.7903205387815946,0.35193887694621795,0.9089293225587814,0.015515980528127488,0.5635924055299544,0.08581382596447372,0.5635530623709142,0.08583219531814143,0.5636328724309362,0.08579586500455569,0.32063275889162435,0.08902209248981462,0.06001560179767464,0.012640930467549109,0.04007909486145304,0.011127761561226827,0.125,0.0,1.3970113938141817,0.16434190522553874,0.8739207384896203,0.07097585713784431,0.6029282733473925,0.18693990545065584,0.6236829498452028,0.17820960473327724,0.6191349733262823,0.19200235165186091,0.6745144608991891,0.296813009423205,5,"throughput_2,buffer_size_3,avg_p_latency_3,throughput_1,throughput_3",,,0.16604932313784956,0.07394167147576809,15.84416725486517,1026.8,95.4,0.8637577916295637,5,,,False,30,,0.43811219946571683,0.7996438112199465,0.8637577916295637,0.09758480825958703,0.3984644141163061,0.47393044707121046,0.12754785671074237,0.4146506082186752,0.48015433132524776,0.09723552311971174,0.3919151767724969,0.52533037488396,1.777212410247812,0.7006836254804251,0.5457936290656902
throughput_3,4,10,mrmr,kmeans,aic,5,5,0.6964603343158684,0.2232040648978234,0.33505960313995986,0.14622189312700432,0.34682029171389506,0.14370240852080543,0.3417902839989186,0.14455852118064072,1.0312397931202395,0.4161665530141218,0.8895032245878195,0.010482621863332629,0.5620425953246556,0.055402189566873226,0.5620146841356932,0.05541128977597597,0.562071995802208,0.05539311741652251,0.24184567375075988,0.0411021971464149,0.040289648717874306,0.0035431242014632696,0.02507385238200806,0.00302018589662923,0.10444444444444445,0.006085806194501839,1.6722248662373407,0.13973957699043185,0.8281759902143154,0.06121462536323027,0.48807530540276234,0.08561253192654336,0.5132161902623708,0.13076319860068208,0.502562182100392,0.08147007343829402,0.8339873621360768,0.25528552724607595,5,"throughput_2,buffer_size_3,avg_p_latency_3,throughput_1,throughput_3",,,0.14375110138207675,0.07891957638785244,15.71512160403654,1002.4,119.8,0.8575244879786287,5,,,False,30,,0.4764024933214604,0.7720391807658059,0.8575244879786287,0.14786841634221493,0.381069186281023,0.49658420480828036,0.19982320708475576,0.38737505453332755,0.49908388274496307,0.15400503530615056,0.38049399267075207,0.49952489842371356,1.6816978360410388,0.7629688858546158,0.6220921590362226
throughput_3,8,2,markov,classic_uniform,bic,5,5,0.9700566505238865,0.018011972049684737,0.7665398881701432,0.07417870687148935,0.8413485305274179,0.10420239248885337,0.7260362450953222,0.07190922486587499,0.120856657073989,0.047714034239809196,0.9814642152497687,0.008032980076580562,0.8745284800606118,0.015280170930052748,0.8745284800606118,0.015280170930052748,0.8745284800606118,0.015280170930052748,0.9613251048010882,0.015651587992000626,0.49011454434285956,0.004084685735689133,0.4806625524005441,0.007825793996000313,0.5,0.0,0.16509488330785121,0.04975210758910932,0.9775613744323637,0.018319958414008606,0.8302260896637353,0.09443656394829604,0.9161102440827305,0.1191574289512487,0.782387868384409,0.0927202437125408,0.11044706490304126,0.07092996232158251,9,"scrape_duration_seconds_3,buffer_size_3,cores_1,data_quality_2,throughput_2,python_gc_objects_collected_total_1,throughput_1,python_gc_objects_collected_total_3,throughput_3",5.0,padded,0.40294497441500426,0.11881509739905596,45.39748062193394,1104.2,18.0,0.9821905609973286,5,,,False,30,,0.8958147818343722,0.9697239536954586,0.9821905609973286,0.5573154091069894,0.4923146473779385,0.8565112951037515,0.5497731335074935,0.4848619768477293,0.8768432993031923,0.5714920509528982,0.5,0.8384186272131943,0.5002730751854253,0.07714772902178113,0.07986075836743367
throughput_3,8,3,markov,classic_uniform,bic,5,5,0.8533130794615265,0.06465958991786792,0.6781120564578179,0.14922295271976863,0.7303693677458952,0.15785345215297408,0.6809009835400743,0.12454584418731324,0.4225225434681853,0.10052719436065015,0.9408317103251889,0.006935310253495855,0.8721575666018826,0.009455766799742776,0.8721585421555386,0.009376860610541746,0.872157977162367,0.009540536343960649,0.6665563497316679,0.02695215561658216,0.2665547123006596,0.006606764081832377,0.22218544991055594,0.008984051872194058,0.3333333333333333,0.0,0.749756531493517,0.039573696167684726,0.954770838152762,0.008920266570207258,0.8538060908735426,0.05952634108270689,0.9150672196511046,0.06305927510877088,0.8219948990997578,0.06546993190924363,0.20004721438751938,0.0277038171970526,9,"buffer_size_3,scrape_duration_seconds_3,throughput_2,python_gc_objects_collected_total_1,throughput_1,python_gc_objects_collected_total_3,python_gc_collections_total_7,python_gc_objects_collected_total_2,throughput_3",3.0,padded,0.3760359914973378,0.1322142937220633,41.11003661900759,1068.2,54.0,0.9251336898395722,1,,,False,30,,0.8368983957219251,0.9242424242424242,0.9251336898395722,0.5930084094545283,0.798773690078038,0.8122312470138557,0.5685951369011478,0.7719372986799184,0.8778172076679539,0.6210889530760849,0.8581859430963016,0.7815773077415336,0.5100165813543959,0.265721090922738,0.3004254913189284
throughput_3,8,4,markov,classic_uniform,bic,5,5,0.8727496535730783,0.04160230908910572,0.536599395997298,0.07361742881854443,0.5448363035738789,0.07460367462656821,0.5365049737479703,0.07323618655126922,0.41837725581993357,0.08014442608045644,0.9378047406123464,0.01516816575748524,0.699514346195783,0.05153008635189212,0.6995379594255418,0.051602941462585816,0.6994913264466999,0.05145771428023833,0.5323630204935533,0.07950957885956239,0.17300320853784265,0.016954454878714057,0.13309075512338833,0.019877394714890598,0.25,0.0,0.8665559329981776,0.024950255722905688,0.9437289859711058,0.01930675194627539,0.7851919484108733,0.07769935136920925,0.8668710261740511,0.1194915587828837,0.7546627780467766,0.07780516127320271,0.24800506066857314,0.08120569623243898,9,"scrape_duration_seconds_3,throughput_2,python_gc_objects_collected_total_1,throughput_1,python_gc_objects_collected_total_3,python_gc_collections_total_7,python_gc_objects_collected_total_2,python_gc_collections_total_1,throughput_3",2.0,padded,0.33321846937760713,0.15307997018098832,36.4104712177068,1054.4,67.8,0.9135472370766489,1,,,False,30,,0.7130124777183601,0.9233511586452763,0.9135472370766489,0.409465361323527,0.5882685089846216,0.5774375604481802,0.37253608320362247,0.5670196427975615,0.5762974047594417,0.4594111813085956,0.6248673053965533,0.5798439806029939,0.7597408800751614,0.26405125954014036,0.3398093136538234
throughput_3,8,6,markov,classic_uniform,bic,5,4,0.810644552486258,0.0343008525443295,0.505213541673744,0.041789599136519105,0.5259671398810084,0.03339231839483617,0.4996208544328289,0.048953385180243475,0.6646877689808068,0.05512948283488823,0.8995401609198687,0.024396358334915127,0.6314033173693511,0.052672285330998464,0.6313566509923442,0.05263625898116262,0.6314514406799598,0.05270885429163168,0.38295948590720996,0.10736974738630238,0.09655471708694995,0.026334308316885352,0.0677630040386051,0.023208579641366463,0.175,0.016666666666666677,1.2617870856534896,0.08012128031149394,0.8642228334754074,0.04762803518906564,0.671662698095958,0.0901876834570872,0.7475273122595336,0.1132777545224746,0.6475183232912,0.09412798071018937,0.5287326941501699,0.1329754290573317,9,"scrape_duration_seconds_3,throughput_2,python_gc_objects_collected_total_1,throughput_1,python_gc_objects_collected_total_3,python_gc_collections_total_7,python_gc_objects_collected_total_2,python_gc_collections_total_1,throughput_3",2.0,padded,0.3302783315302804,0.13519630196969956,32.54032151401043,1040.75,81.5,0.8431372549019608,2,,,False,30,,0.5686274509803921,0.7976827094474154,0.8431372549019608,0.25218622316420475,0.41350613613981274,0.5383214249389994,0.2311115953314806,0.47572181624563986,0.5438190255431634,0.30994066466221426,0.4265031254689697,0.5371160870830086,1.9168304321807574,0.6385699816141228,0.6163295683425309
throughput_3,8,8,markov,classic_uniform,bic,5,4,0.7903754029742716,0.040520518913975234,0.35037867697198644,0.04499816927887664,0.37040075883752854,0.05090753089319466,0.34386408355120357,0.04146514248854934,0.7748420890013714,0.1493101473275284,0.9080040095047166,0.020740055719812616,0.5091279142198466,0.07261808256013037,0.5091485915089654,0.07260778265561788,0.5091076279496978,0.07262873781907801,0.3272615368498245,0.10297616570153997,0.06079101583756281,0.014632786851207604,0.040907692106228064,0.012872020712692497,0.125,0.0,1.3049833393864703,0.05763149854950935,0.8715789319406901,0.023946377673378663,0.5429209851690687,0.09387888098039107,0.590658686337911,0.07829649787080391,0.5256789268290467,0.10209289285541764,0.5833535882495442,0.10121566815041207,9,"throughput_2,python_gc_objects_collected_total_1,throughput_1,python_gc_objects_collected_total_3,python_gc_collections_total_7,python_gc_objects_collected_total_2,python_gc_collections_total_1,python_gc_collections_total_4,throughput_3",1.0,padded,0.41044630389660597,0.12598908029031008,31.257854136172682,1036.25,86.0,0.8199643493761141,4,,,False,30,,0.5900178253119429,0.8368983957219251,0.8199643493761141,0.21532472483975862,0.3245962914586904,0.3847516581636013,0.20913198931679158,0.3251215570561109,0.42911372983754426,0.23336872887386584,0.33201822563724226,0.36476050918501385,1.3050318109733259,0.5088746698034211,0.6697267323574085
throughput_3,8,10,markov,classic_uniform,bic,5,4,0.7752246814697709,0.042508753848026506,0.3036075690451634,0.05426763245296407,0.309554473718502,0.0718062681421281,0.3214524344961835,0.06096547345574365,0.8233482273359436,0.106853970732676,0.9080014301519199,0.014298974228158253,0.5441359479175799,0.03989966370498657,0.5440519615269153,0.04009255886109339,0.5442218480453581,0.03970412754801173,0.31077451218486263,0.11627432335553456,0.04891121342812631,0.014074423191009643,0.03265449617788416,0.011954894606831136,0.10555555555555554,0.006415002990995836,1.5242114665276876,0.0932182529373922,0.8546631338274766,0.04260717488467519,0.4855522137006202,0.12751822825512624,0.5281484010439663,0.14886220474546064,0.501138601270303,0.12198887582823127,0.6360637235320934,0.1894192679946437,9,"throughput_2,python_gc_objects_collected_total_1,throughput_1,python_gc_objects_collected_total_3,python_gc_collections_total_7,python_gc_objects_collected_total_2,python_gc_collections_total_1,python_gc_collections_total_4,throughput_3",1.0,padded,0.42172270081937313,0.13219295628368855,30.32221083296463,1012.5,109.75,0.8253119429590018,2,,,False,30,,0.5213903743315508,0.731729055258467,0.8253119429590018,0.1790338134114329,0.20808100242196756,0.31977282380247807,0.16815904307637602,0.19890664075339043,0.31854363792627305,0.21918374685364977,0.21884019517535075,0.329898984583881,1.7793032218376688,1.0220994534918024,0.6834805601394052
throughput_3,8,2,markov,classic_uniform,aic,5,5,0.9691669722207672,0.01384653851109635,0.7582776199857719,0.041853723460973345,0.8248555645091592,0.05913930319139408,0.7255652562511177,0.06763348002065307,0.12260185643185809,0.037704700180375285,0.9814642152497687,0.008032980076580562,0.8745284800606118,0.015280170930052748,0.8745284800606118,0.015280170930052748,0.8745284800606118,0.015280170930052748,0.9613251048010882,0.015651587992000626,0.49011454434285956,0.004084685735689133,0.4806625524005441,0.007825793996000313,0.5,0.0,0.16509488330785121,0.0497521075891093,0.9770270912622836,0.019422974407531476,0.8239254597349106,0.10611260713929431,0.9115385386563739,0.12933981422285165,0.7749341565170134,0.10334570960527786,0.11335543627600582,0.07141466395713678,10,"throughput_2,process_cpu_seconds_total_2,buffer_size_3,process_resident_memory_bytes_1,process_resident_memory_bytes_2,data_quality_2,scrape_duration_seconds_3,cores_1,throughput_3,throughput_1",10.0,trimmed,0.6019672994501889,0.13253672374412417,70.23785873828456,1097.0,25.2,0.982174688057041,3,,,False,30,,0.3966131907308378,0.983957219251337,0.982174688057041,0.28517882433761355,0.49595687331536387,0.7573634358375503,0.6980374665477252,0.4919786096256685,0.8369688065099458,0.5007374631268436,0.5,0.7092574396406514,0.8640313703465934,0.06890802500198617,0.1074595104545006
throughput_3,8,3,markov,classic_uniform,aic,5,5,0.8704541089486876,0.07269362191380853,0.6770411992527415,0.08398308127461326,0.6934914121025161,0.1323867492751309,0.6934280238614573,0.06849050937531372,0.4705051731740091,0.14417222579055242,0.9408317103251889,0.006935310253495855,0.8721575666018826,0.009455766799742776,0.8721585421555386,0.009376860610541746,0.872157977162367,0.009540536343960649,0.6665563497316679,0.02695215561658216,0.2665547123006596,0.006606764081832377,0.22218544991055594,0.008984051872194058,0.3333333333333333,0.0,0.7497565314935168,0.03957369616768475,0.9497841952320139,0.012531842087580132,0.8554615159617202,0.053795843058881125,0.9226677916922039,0.07134914343169098,0.8301271365697159,0.06281265578736968,0.2153651077321405,0.04894192952166569,9,"scrape_duration_seconds_3,python_gc_objects_collected_total_7,buffer_size_3,throughput_2,data_quality_1,python_gc_objects_collected_total_1,throughput_1,python_gc_objects_collected_total_3,throughput_3",5.0,padded,0.6489463196136057,0.17706884182989596,50.397010162938386,1027.8,94.4,0.93048128342246,4,,,False,30,,0.8627450980392157,0.8458110516934046,0.93048128342246,0.6450413883653731,0.5579873817402926,0.8118304599677258,0.6465368520985874,0.5737294135526749,0.9181793973824653,0.6463242538008894,0.5538917838741436,0.7660401155801945,0.47536883278194175,0.4242073295109535,0.4134108546977641
throughput_3,8,4,markov,classic_uniform,aic,5,5,0.8809435828083358,0.039287921561431294,0.5518503190697507,0.06897793613477211,0.5991446689310653,0.0684630103519211,0.5523458047027853,0.070967127537336,0.44696257903492603,0.11872768768673926,0.9378047406123464,0.01516816575748524,0.699514346195783,0.05153008635189212,0.6995379594255418,0.051602941462585816,0.6994913264466999,0.05145771428023833,0.5323630204935533,0.07950957885956239,0.17300320853784265,0.016954454878714057,0.13309075512338833,0.019877394714890598,0.25,0.0,0.8665559329981776,0.024950255722905688,0.9444413635312126,0.01917455915716908,0.7897923901889539,0.0732229432637048,0.8870452113253753,0.08672050232971207,0.7458456476219512,0.0806854257231799,0.23041892699340485,0.06564376948064872,9,"buffer_size_3,scrape_duration_seconds_3,throughput_2,python_gc_objects_collected_total_1,throughput_1,python_gc_objects_collected_total_3,python_gc_collections_total_7,python_gc_objects_collected_total_2,throughput_3",3.0,padded,0.4547801855020225,0.14384977286681533,41.89931184099987,1052.4,69.8,0.9135472370766489,1,,,False,30,,0.7210338680926917,0.9197860962566845,0.9135472370766489,0.4142458221024259,0.5364061537777209,0.5774375604481802,0.37575358511873236,0.5360462817076955,0.5762974047594417,0.46556046268239626,0.5369468762435337,0.5798439806029939,0.8735108258435118,0.2678440217887118,0.3406469460853375
throughput_3,8,6,markov,classic_uniform,aic,5,4,0.7503269825699243,0.14547944064954174,0.43597406728543986,0.11625644557975032,0.4586973446056601,0.12130594870682908,0.44082133957771646,0.11172100909817292,0.7944147922793492,0.3127072454009101,0.8995401609198687,0.024396358334915127,0.6314033173693511,0.052672285330998464,0.6313566509923442,0.05263625898116262,0.6314514406799598,0.05270885429163168,0.38295948590720996,0.10736974738630238,0.09655471708694995,0.026334308316885352,0.0677630040386051,0.023208579641366463,0.175,0.016666666666666677,1.2617870856534896,0.08012128031149394,0.8960572056926825,0.01246381221604016,0.7103881619696616,0.06674678811519705,0.7871760047518293,0.08422324555193741,0.6880813001969678,0.08461109692044766,0.4333014940801353,0.09225926317219983,9,"buffer_size_3,scrape_duration_seconds_3,throughput_2,python_gc_objects_collected_total_1,throughput_1,python_gc_objects_collected_total_3,python_gc_collections_total_7,python_gc_objects_collected_total_2,throughput_3",3.0,padded,0.4229806821094826,0.1714163994183764,36.77186964824796,983.0,139.25,0.8333333333333334,3,,,False,30,,0.45811051693404636,0.8057040998217468,0.8333333333333334,0.1968439979033084,0.4025884529952542,0.47363609272205404,0.1922183412511378,0.4026224181557308,0.5106292446594006,0.3207071403499975,0.40255584846370257,0.4643582982374647,1.4611794167818755,0.6247309813627951,0.5471781118045472
throughput_3,8,8,markov,classic_uniform,aic,5,4,0.808412023434809,0.04879815329725209,0.35901211648913933,0.03895517030224101,0.38322253693947206,0.04590396112990185,0.3499026585435916,0.03451072585817425,0.7732784635502243,0.17402089244270857,0.9080040095047166,0.020740055719812616,0.5091279142198466,0.07261808256013037,0.5091485915089654,0.07260778265561788,0.5091076279496978,0.07262873781907801,0.3272615368498245,0.10297616570153997,0.06079101583756281,0.014632786851207604,0.040907692106228064,0.012872020712692497,0.125,0.0,1.3049833393864705,0.057631498549509365,0.8764783101947946,0.027288536269870583,0.5635088291254717,0.1039286230394396,0.6249414079944713,0.12409376466719642,0.5591591113353449,0.10814276807865428,0.6008553134175205,0.10679709392283569,9,"avg_p_latency_3,throughput_2,python_gc_objects_collected_total_1,throughput_1,python_gc_objects_collected_total_3,python_gc_collections_total_7,python_gc_objects_collected_total_2,python_gc_collections_total_1,throughput_3",2.0,padded,0.45454453316051513,0.15628396475221962,32.596164571121335,992.0,130.25,0.8468388245770259,5,,,False,30,,0.5405164737310775,0.7586821015138023,0.8468388245770259,0.13772715251803996,0.27409267089499645,0.38826764879047243,0.14561870126956228,0.269975619435891,0.40521870637570967,0.13544407894736843,0.27877885867908314,0.3788403584504656,1.941765274079728,0.7360326278195802,0.5930535327460335
throughput_3,8,10,markov,classic_uniform,aic,5,3,0.7508096522291693,0.02731635229689321,0.2929042719319544,0.06490211696735923,0.3031761260600032,0.08700451624355211,0.3098461168263444,0.07445259758174065,0.9173069912468076,0.0844432701654267,0.9091237131675035,0.017295487300561886,0.5354460531830072,0.04398737458258687,0.535344414789023,0.044228855884929766,0.5355500523894668,0.0437427294203045,0.2705751665732809,0.10287688312776945,0.04512362703658849,0.014527877277815597,0.02916024326985862,0.011879412328865037,0.1074074074074074,0.006415002990995835,1.533941944957366,0.11165290304433127,0.8326406560126927,0.032513514872501405,0.45268143432646424,0.04111619479600683,0.4849180191749609,0.08518627834272283,0.4759705516709025,0.059410566156779095,0.7281519158918607,0.1420085559013832,9,"avg_p_latency_3,throughput_2,python_gc_objects_collected_total_1,throughput_1,python_gc_objects_collected_total_3,python_gc_collections_total_7,python_gc_objects_collected_total_2,python_gc_collections_total_1,throughput_3",2.0,padded,0.3958443822339177,0.16765713226050138,30.33912777202204,998.3333333333334,124.0,0.7747105966162066,5,,,False,30,,0.4817453250222618,0.6019590382902938,0.7747105966162066,0.07691153172684066,0.20685485169718137,0.3293185833861635,0.08928183018721354,0.254627885170827,0.3166568186639007,0.06793406593406594,0.20423948541418419,0.37359570663195496,2.189552041222677,1.4932156322796313,0.8418618436408714
throughput_3,8,2,markov,classic_quantile,bic,5,5,0.8674004726961618,0.03136876246665958,0.8531385087810406,0.04512780912118793,0.8586640110743794,0.04791123711247189,0.8523388022978535,0.04721007853047986,0.3469100001017665,0.09977100702474904,0.9615051039439496,0.009907644669638619,0.95756860288466,0.013947998638261171,0.9576261069609678,0.013960280783484892,0.9575117651941841,0.013936392713083686,0.44680961836689664,0.14177892306198198,0.30344556726597544,0.06878354456784515,0.22340480918344832,0.07088946153099099,0.5,0.0,0.6931064040474924,0.00011294491591939425,0.9033058375031293,0.029012209311870808,0.8942150357284551,0.0371088526387379,0.8962559310085524,0.043890529211309,0.8971144740303917,0.030029604844184696,0.34237659346628724,0.15775468254069963,10,"cores_2,scrape_duration_seconds_3,avg_p_latency_2,avg_p_latency_3,cores_3,buffer_size_3,throughput_2,data_quality_1,throughput_3,throughput_1",8.0,none,0.5552868537604809,0.14658262636512517,52.07299461681396,1067.0,55.2,0.910873440285205,1,,,False,30,,0.9269162210338681,0.9215686274509803,0.910873440285205,0.9254755586660057,0.919898753894081,0.9086771370526645,0.9347944446094298,0.9161591379227402,0.9042935186847572,0.9217680215865334,0.9281719280531385,0.9202346041055718,0.2589889770864676,0.22765930496329229,0.24050381828642842
throughput_3,8,3,markov,classic_quantile,bic,5,5,0.8137624741469486,0.07314906680155034,0.7907818812151256,0.08350823993765903,0.8282052227790556,0.06198210907980012,0.8027618863803845,0.051691838343797064,0.4860125691384109,0.08015222699383999,0.9148162786526413,0.02940517186106693,0.9115226560318532,0.028430278954491434,0.9115873485620127,0.02837930046588442,0.9114595572174375,0.028481130897000554,0.2794375582338497,0.14078090686051642,0.1403832720048364,0.0593868065567553,0.09314585274461656,0.046926968953505475,0.3333333333333333,0.0,1.0978579808092266,0.0014899595607213438,0.8855135107728092,0.04717731358761208,0.8647808780886154,0.0553487957186549,0.8971309065554969,0.042353151713590366,0.8587950346753249,0.07182984674039317,0.27477375519124614,0.08476967496948117,10,"throughput_2,buffer_size_3,buffer_size_2,avg_p_latency_2,avg_p_latency_3,data_quality_2,data_quality_3,cores_1,throughput_3,throughput_1",10.0,trimmed,0.46682408843189477,0.15308069428429008,41.696029535960406,1041.6,80.6,0.8841354723707665,3,,,False,30,,0.8654188948306596,0.9144385026737968,0.8841354723707665,0.8092000043794257,0.8954281422105753,0.8534191087816848,0.7839706215373786,0.9221206594558149,0.8762444862893294,0.8812463074559848,0.8752972515762701,0.8382109080919314,0.501076891381517,0.38763464237449746,0.4287318204506728
throughput_3,8,4,markov,classic_quantile,bic,5,5,0.7531572071879022,0.0987059715188242,0.7356693864334483,0.0984920377997931,0.7641517642626144,0.08396298971118156,0.7434815450930669,0.07877533397467974,0.7558563007570639,0.20344050164369784,0.8994865103816965,0.015241371938631324,0.8971870840460584,0.014473683404433798,0.8972505789326594,0.014371448253225687,0.897126481724191,0.014577509030104787,0.2708829957952581,0.08536073757578705,0.105121826370789,0.027027225722333105,0.06772074894881452,0.021340184393946762,0.25,0.0,1.3851846699207506,0.0017598695348673068,0.8698320145264178,0.07279356762356377,0.8614977240154099,0.08338540190057747,0.8851671322561302,0.06031458278323176,0.8541740734718595,0.09004530208408845,0.5400226572081345,0.22716893138537772,9,"buffer_size_3,data_quality_3,throughput_2,python_gc_objects_collected_total_1,throughput_1,python_gc_objects_collected_total_3,python_gc_collections_total_7,python_gc_objects_collected_total_2,throughput_3",3.0,padded,0.41663363939151166,0.14430275252088903,38.61297464789823,1042.0,80.2,0.8600713012477719,1,,,False,30,,0.8663101604278075,0.8475935828877005,0.8600713012477719,0.861149989964087,0.8381436652863756,0.8500920848819391,0.8729966251678598,0.8370478575855639,0.8483382529334491,0.857758515728914,0.8476756232247042,0.8573315709764531,0.5975747919439012,0.46866020440672723,0.5004867423793726
throughput_3,8,6,markov,classic_quantile,bic,5,5,0.7025753845616608,0.09418508882709331,0.6407648630345126,0.14015227042125503,0.6755142121248899,0.12861717427123343,0.6388226093320333,0.14306516424520915,0.9412486978538401,0.11690344025321973,0.8515476910427411,0.03673486897160901,0.8270324539465326,0.03857925678234514,0.8270892208311029,0.03850118468089746,0.8269787204799102,0.0386562202756353,0.29120385141023136,0.042547559254165146,0.07494935386452178,0.00861471542895186,0.048533975235038565,0.00709125987569419,0.16666666666666666,0.0,1.7430248160416781,0.031966408113369434,0.8336932720249205,0.0681192743668494,0.8072684346692613,0.10566090863764993,0.8353302264332754,0.06765676258928298,0.8009503391524392,0.12091397804452808,0.6332877203263791,0.16228143886416782,9,"scrape_duration_seconds_3,buffer_size_3,data_quality_3,throughput_2,python_gc_objects_collected_total_1,throughput_1,python_gc_objects_collected_total_3,python_gc_collections_total_7,throughput_3",4.0,padded,0.39944635834544895,0.18194553023204207,36.66656439099461,937.8,184.4,0.7843137254901961,3,,,False,30,,0.8458110516934046,0.7308377896613191,0.7843137254901961,0.6809327166964921,0.5840813865375966,0.7731175815295074,0.6710671794025053,0.5688819789278299,0.8072529940675383,0.696997482752191,0.6072061419457797,0.756085225855771,0.791036742228538,0.7902603271663056,0.8389484462380243
throughput_3,8,8,markov,classic_quantile,bic,5,5,0.7483484999277781,0.03748059373356205,0.6711788200360734,0.08484964200624376,0.6937820237796379,0.08786627786897792,0.6627122560876993,0.08478441130941995,0.9793643273351085,0.11786438251951234,0.8497611916133734,0.02569089918103424,0.8363568407440543,0.026176506528293876,0.8364191037754521,0.02615472194438187,0.8362985782308415,0.02619781607025511,0.29120385141023136,0.042547559254165146,0.06291955198969593,0.010037270624112795,0.04078886188977331,0.007666282720144682,0.1392857142857143,0.007985957062499245,1.917700432837902,0.08800185511408466,0.8315505937007824,0.06975151737042029,0.7570961853371516,0.11957306316446562,0.7826330496036624,0.11727600805806537,0.7480118180599471,0.12120433232980027,0.7614760915699118,0.29965459447498977,9,"cores_3,buffer_size_3,data_quality_3,throughput_2,python_gc_objects_collected_total_1,throughput_1,python_gc_objects_collected_total_3,python_gc_collections_total_7,throughput_3",4.0,padded,0.3884882815182209,0.18101321263238787,36.54223262285814,933.0,189.2,0.7896613190730838,2,,,False,30,,0.5124777183600713,0.6461675579322638,0.7896613190730838,0.46341132868086465,0.5271916694656121,0.6843706004811482,0.47026362781926057,0.5351836865981723,0.6929053174273401,0.5254174033610617,0.5342232625059412,0.6856963766567239,1.492504352691091,0.9886715926384391,0.9019157973215947
throughput_3,8,10,markov,classic_quantile,bic,5,5,0.5938192357814168,0.1030765317864516,0.46549692548748867,0.0940886531932197,0.4949486566115474,0.11571230522658235,0.47114220328308554,0.07202597646755778,1.3546771713711407,0.09794889422400008,0.7690244332169847,0.07213575352763434,0.669958906567656,0.09281856450614168,0.6700206753899108,0.09291519899986259,0.6699017211692511,0.092722253708761,0.29120385141023136,0.042547559254165146,0.04914319064219148,0.00738284918922222,0.0318509329849752,0.005709090250576839,0.10888888888888888,0.004969039949999528,2.0999575370835126,0.12027466751558917,0.7922094795650947,0.0916334928795518,0.7221817898113801,0.13205134336302402,0.7830589708477447,0.08286095872524632,0.7068207149560537,0.1473117084261378,0.9493113760397647,0.28960048367794383,9,"throughput_2,python_gc_objects_collected_total_1,throughput_1,python_gc_objects_collected_total_3,python_gc_collections_total_7,python_gc_objects_collected_total_2,python_gc_collections_total_1,python_gc_collections_total_4,throughput_3",1.0,padded,0.3889988411217928,0.18468740144744517,34.95139661617577,922.8,199.4,0.674087266251113,5,,,False,30,,0.5859305431878896,0.5440783615316117,0.674087266251113,0.21980325177781945,0.2596438004829394,0.5385695337273655,0.24073668779551133,0.3021015427262483,0.5626312556046825,0.23841318015719543,0.2740648551436304,0.5356713437478129,1.2875349664882014,1.3372054621929885,1.218487788202388
throughput_3,8,2,markov,classic_quantile,aic,5,5,0.88486864348265,0.019451796758594056,0.8720867217863105,0.028323225862639922,0.8798889681947056,0.02305607654695664,0.8681324666975806,0.03413243437639251,0.29919010825371456,0.06267549330020038,0.9615051039439496,0.009907644669638619,0.95756860288466,0.013947998638261171,0.9576261069609678,0.013960280783484892,0.9575117651941841,0.013936392713083686,0.44680961836689664,0.14177892306198198,0.30344556726597544,0.06878354456784515,0.22340480918344832,0.07088946153099099,0.5,0.0,0.6931064040474924,0.00011294491591943999,0.9093672261957201,0.03825251061483166,0.9007208037312384,0.04611469687990472,0.903038966671968,0.0494851945186238,0.9048868470047007,0.041939919926770625,0.23756534121717357,0.1273066158342707,10,"throughput_2,buffer_size_3,avg_p_latency_1,data_quality_1,buffer_size_2,avg_p_latency_2,process_resident_memory_bytes_3,avg_p_latency_3,throughput_3,throughput_1",16.0,trimmed,0.7160706277005374,0.1545828833244741,74.21262896992266,1073.8,48.4,0.9171122994652406,1,,,False,30,,0.9759358288770054,0.9233511586452763,0.9171122994652406,0.9757620659610404,0.9218402200643474,0.9143071837723531,0.9756905334835142,0.9181766677229473,0.9101111374461439,0.9758351818242925,0.9310921707797544,0.9209310850439882,0.10271121346083012,0.23572676325566475,0.2654391554696775
throughput_3,8,3,markov,classic_quantile,aic,5,5,0.7854302281100249,0.10225282854201567,0.7634978692249771,0.1008771951123941,0.792365301539159,0.08929586205465616,0.7760093145345199,0.07114075123696413,0.633499743549939,0.20808564155601184,0.9148162786526413,0.02940517186106693,0.9115226560318532,0.028430278954491434,0.9115873485620127,0.02837930046588442,0.9114595572174375,0.028481130897000554,0.2794375582338497,0.14078090686051642,0.1403832720048364,0.0593868065567553,0.09314585274461656,0.046926968953505475,0.3333333333333333,0.0,1.0978579808092266,0.0014899595607214423,0.8835519373310559,0.03793092512148311,0.8653181266309492,0.04554559858633684,0.8901890782494117,0.03790955706736896,0.8593978491216161,0.06201999013730719,0.32479868929118905,0.13082504767673356,10,"throughput_2,buffer_size_3,avg_p_latency_1,buffer_size_2,avg_p_latency_2,avg_p_latency_3,data_quality_3,cores_1,throughput_3,throughput_1",11.0,trimmed,0.8268138685263693,0.17952216677367688,52.18455298291519,1016.2,106.0,0.8832442067736186,3,,,False,30,,0.8654188948306596,0.8966131907308378,0.8832442067736186,0.8092000043794257,0.8530850661654524,0.8299215843869465,0.7839706215373786,0.9130718684702518,0.8743706355806674,0.8812463074559848,0.8203488605623054,0.8080185756704309,0.4971291991353392,0.488041803633482,0.4101325531786523
throughput_3,8,4,markov,classic_quantile,aic,5,5,0.7007533297460489,0.10186764576483255,0.6802036439115225,0.1247161381097393,0.69502902405013,0.11784418341766481,0.7128724245784095,0.08742517000873459,0.9007384737624351,0.2532467526225441,0.8994865103816965,0.015241371938631324,0.8971870840460584,0.014473683404433798,0.8972505789326594,0.014371448253225687,0.897126481724191,0.014577509030104787,0.2708829957952581,0.08536073757578705,0.105121826370789,0.027027225722333105,0.06772074894881452,0.021340184393946762,0.25,0.0,1.3851846699207504,0.001759869534867277,0.8497190735288991,0.04228130381449997,0.827043583143775,0.0549876552861851,0.8363135023286589,0.057433317708273895,0.8380915856833069,0.050137703348142486,0.5903605392352604,0.1532982161689996,9,"avg_p_latency_3,cores_3,buffer_size_3,cores_1,throughput_2,python_gc_objects_collected_total_1,throughput_1,python_gc_objects_collected_total_3,throughput_3",5.0,padded,1.0741784121841191,0.20495548797771335,46.00199452508241,948.2,174.0,0.8270944741532977,1,,,False,30,,0.8903743315508021,0.820855614973262,0.8270944741532977,0.8856730274219695,0.8214297419817006,0.829653647403695,0.8991064605137011,0.819510563440811,0.824589051221402,0.8845460157702774,0.8345494381688914,0.8377789319836223,0.3818318045964729,0.4949001708384974,0.5799290916556491
throughput_3,8,6,markov,classic_quantile,aic,5,5,0.663513189619732,0.07886591007323975,0.6213976858271847,0.07792116053839622,0.6552066576092451,0.07595735946552536,0.6411839105206698,0.07366003872163233,1.0972304732969131,0.2182415490798201,0.8515476910427411,0.03673486897160901,0.8270324539465326,0.03857925678234514,0.8270892208311029,0.03850118468089746,0.8269787204799102,0.0386562202756353,0.29120385141023136,0.042547559254165146,0.07494935386452178,0.00861471542895186,0.048533975235038565,0.00709125987569419,0.16666666666666666,0.0,1.7430248160416781,0.031966408113369434,0.8192731720765742,0.05833647552102345,0.7899120121779959,0.099818573433767,0.8165563457000464,0.07680005093577763,0.7897132352085106,0.11512094944467845,0.7325190365866803,0.17354674222231797,9,"scrape_duration_seconds_3,avg_p_latency_3,cores_3,buffer_size_3,throughput_2,python_gc_objects_collected_total_1,throughput_1,python_gc_objects_collected_total_3,throughput_3",5.0,padded,0.8043107472360134,0.23456566566601394,42.20008500991389,859.8,262.4,0.7593582887700535,1,,,False,30,,0.7950089126559715,0.7771836007130125,0.7593582887700535,0.7766667569883496,0.7629696727168169,0.7522076907563914,0.7893746170893681,0.7655060452625602,0.7519953511383853,0.7707033996550009,0.7679641725629264,0.7567915954055877,0.6985671239284571,0.7043528674631495,0.8107499777991393
throughput_3,8,8,markov,classic_quantile,aic,5,5,0.7280352633241429,0.06840003773130682,0.6528219992315748,0.06939455991919692,0.6648368873313634,0.06273739564543485,0.6608479604446642,0.06915325885773817,1.0721944433804729,0.20002114783987052,0.8497611916133734,0.02569089918103424,0.8363568407440543,0.026176506528293876,0.8364191037754521,0.02615472194438187,0.8362985782308415,0.02619781607025511,0.29120385141023136,0.042547559254165146,0.06291955198969593,0.010037270624112795,0.04078886188977331,0.007666282720144682,0.1392857142857143,0.007985957062499245,1.917700432837902,0.08800185511408468,0.7704753092092544,0.07905917119552576,0.7099427674850555,0.06781556569538347,0.7326336195583072,0.05203067953460747,0.7037647667881209,0.07911894010361807,1.0131154993153804,0.32955604019984247,9,"buffer_size_3,avg_p_latency_3,throughput_2,python_gc_objects_collected_total_1,throughput_1,python_gc_objects_collected_total_3,python_gc_collections_total_7,python_gc_objects_collected_total_2,throughput_3",3.0,padded,0.6060451339930296,0.2016573720611632,38.2218463672325,886.0,236.2,0.8128342245989305,2,,,False,30,,0.517825311942959,0.6390374331550802,0.8128342245989305,0.45802286849861173,0.5345008056802794,0.7027267623163779,0.44663696732688235,0.5468602103386124,0.7017016203300224,0.5273835986007995,0.5288278117352898,0.707290800259688,1.4877181326913373,1.079790568090618,0.8877556169571854
throughput_3,8,10,markov,classic_quantile,aic,5,5,0.5362698272865367,0.10549963709228755,0.4084018648192262,0.12058736795682128,0.4206620103379076,0.123056253757054,0.4222949277966571,0.11178676928904116,1.396409342436059,0.2650867616556267,0.7690244332169847,0.07213575352763434,0.669958906567656,0.09281856450614168,0.6700206753899108,0.09291519899986259,0.6699017211692511,0.092722253708761,0.29120385141023136,0.042547559254165146,0.04914319064219148,0.00738284918922222,0.0318509329849752,0.005709090250576839,0.10888888888888888,0.004969039949999528,2.0999575370835126,0.12027466751558907,0.7555324927193618,0.07749058851253986,0.6868602132238613,0.12192298539372758,0.7166844094531216,0.1113745427833963,0.6899921100071591,0.12308681750325812,1.0553587344491457,0.18209692837748123,9,"buffer_size_3,avg_p_latency_3,throughput_2,python_gc_objects_collected_total_1,throughput_1,python_gc_objects_collected_total_3,python_gc_collections_total_7,python_gc_objects_collected_total_2,throughput_3",3.0,padded,0.6204634541645646,0.2244625423103571,37.16194249270484,827.8,294.4,0.6221033868092691,4,,,False,30,,0.6809269162210339,0.7522281639928698,0.6221033868092691,0.3308806937708523,0.6467987097730988,0.5460688157658768,0.41877482887922446,0.649488726969782,0.5759115933506351,0.2884374319430423,0.6689766121405942,0.5539418599170587,1.1947456165191346,1.057766930550215,1.2920743304779398
throughput_3,8,2,markov,kmeans,bic,5,5,0.9700563330650807,0.0175768122756912,0.7533052686863748,0.08251148662891729,0.8331194105605478,0.10847718759703269,0.7126127996785527,0.08159546771957484,0.12278178712630443,0.0477481104020194,0.9818207214886279,0.00801303710486728,0.8734214976413315,0.017374639814205946,0.8734214976413315,0.017374639814205946,0.8734214976413315,0.017374639814205946,0.9625725591782895,0.01457965533338928,0.4904421156910813,0.0037999489372258677,0.48128627958914477,0.00728982766669464,0.5,0.0,0.16108841344603442,0.047059122201030285,0.9802324733888319,0.016983129126703043,0.8498917697544695,0.09787557685116112,0.9286663420258835,0.11217309585176953,0.8033948472302539,0.10193293189345952,0.10329148574780375,0.07031423720818059,9,"buffer_size_3,scrape_duration_seconds_3,throughput_2,python_gc_objects_collected_total_1,throughput_1,python_gc_objects_collected_total_3,python_gc_collections_total_7,python_gc_objects_collected_total_2,throughput_3",3.0,padded,0.4492709401994944,0.14203751245513557,47.27267357194796,1102.0,20.2,0.9839715048975958,5,,,False,30,,0.12288512911843277,0.9697239536954586,0.9839715048975958,0.11905996322232336,0.4923146473779385,0.8635148274185708,0.5485792850595783,0.4848619768477293,0.8855837534372135,0.515732546705998,0.5,0.8440023510170704,0.7476685478321852,0.07738489815349957,0.08351246940465862
throughput_3,8,3,markov,kmeans,bic,5,5,0.8789816873887902,0.03888871605632262,0.772859225351545,0.10093652255894627,0.783440390452284,0.11731411083644216,0.7760245283969676,0.08092120776610362,0.39063048750803436,0.10112950387899243,0.9486727840978535,0.011174929891963102,0.8816544060667898,0.012944780617226773,0.8816910657204164,0.01285437353814961,0.8816185142620597,0.013035388843090813,0.5118678799942222,0.09727538281283896,0.22423701175549038,0.028656531455772377,0.17062262666474073,0.03242512760427965,0.3333333333333333,0.0,0.8376142909955163,0.02948759074245868,0.9485384851836243,0.014355451700876806,0.8620793078437272,0.05906730733364109,0.8961964850253817,0.08507930171418604,0.8478115923095952,0.052387059771676556,0.20506676623297837,0.046401868960578574,9,"buffer_size_3,scrape_duration_seconds_3,throughput_2,python_gc_objects_collected_total_1,throughput_1,python_gc_objects_collected_total_3,python_gc_collections_total_7,python_gc_objects_collected_total_2,throughput_3",3.0,padded,0.36766909854486585,0.13153634779155254,42.556122357957065,1074.0,48.2,0.9127337488869101,5,,,False,30,,0.5422974176313446,0.798753339269813,0.9127337488869101,0.25375,0.5227935357378504,0.8609460822139822,0.2859154929577465,0.5449593783502921,0.8761041584570997,0.22808988764044943,0.5197411003236246,0.8477978929415318,1.1732947571102315,0.4463916265666096,0.30399133583545596
throughput_3,8,4,markov,kmeans,bic,5,5,0.8984111186772127,0.01147400826976825,0.5907038240131025,0.03990229898653208,0.6049169194671385,0.05839601471667264,0.6018825191190954,0.04859469242787574,0.3785706449356751,0.06564776211903266,0.9417215473577111,0.012986576123664018,0.7042184652526075,0.04503472007945174,0.7042471797214985,0.045075744544721304,0.7041903434868849,0.04499433637594209,0.5116896268747927,0.09716041007565365,0.16814122653145497,0.021467468889939677,0.12792240671869817,0.024290102518913413,0.25,0.0,0.8767906250433535,0.030192135773252082,0.9378509204184267,0.018968099218444463,0.7799754644191752,0.07509120819749004,0.8392500631393377,0.07365417071652354,0.7777458787012914,0.08986462404139875,0.27457488686502945,0.11681864325089893,9,"buffer_size_3,scrape_duration_seconds_3,throughput_2,python_gc_objects_collected_total_1,throughput_1,python_gc_objects_collected_total_3,python_gc_collections_total_7,python_gc_objects_collected_total_2,throughput_3",3.0,padded,0.36388033935800196,0.14077261611819267,37.888006867840886,1062.2,60.0,0.9136242208370436,5,,,False,30,,0.5342831700801425,0.8005342831700801,0.9136242208370436,0.2247964577651134,0.3945354162745467,0.6562510983662423,0.29636344194727426,0.4157086584221604,0.6482541325849618,0.18883894865987164,0.3919507956569196,0.6648016920759738,1.281483411093728,0.44217102205716025,0.30994530639150175
throughput_3,8,6,markov,kmeans,bic,5,5,0.837996803189826,0.01737828611998906,0.4829017561104517,0.051599509983784,0.4944992793421992,0.07285485183886828,0.4927382475679649,0.044694651969200694,0.6004686121238044,0.031284036907776,0.9187310219157687,0.010091764446162927,0.6642008490823734,0.01507532665416206,0.6641541381986024,0.01507284893260958,0.6642489917301317,0.015079571524754932,0.358600673330127,0.11566038863997802,0.08653521904577999,0.0212761581733848,0.0597667788883545,0.019276731439996333,0.16666666666666666,0.0,1.2735567944829207,0.057095276259228646,0.8920942886206558,0.027620480720310765,0.6106286014710952,0.09822735721595068,0.6403558593271644,0.11846294826855287,0.6450709738929158,0.11102353982337972,0.5002525708409526,0.06752971533774571,9,"buffer_size_3,throughput_2,python_gc_objects_collected_total_1,throughput_1,python_gc_objects_collected_total_3,python_gc_collections_total_7,python_gc_objects_collected_total_2,python_gc_collections_total_1,throughput_3",2.0,padded,0.33964554853737355,0.13822451503947378,33.38383243512362,1032.4,89.8,0.8591800356506238,2,,,False,30,,0.5623885918003565,0.8065953654188949,0.8591800356506238,0.24278451278007754,0.392265617391135,0.5484811690184505,0.217403755566975,0.4611859597571773,0.5517965291490272,0.30371070842129955,0.3919807058078531,0.5489518071485284,1.943641166679345,0.6926704989038845,0.5593608900551726
throughput_3,8,8,markov,kmeans,bic,5,5,0.8199987936565382,0.02631208999317594,0.389136595567835,0.0696824191938187,0.3938988280311955,0.07168896831017056,0.40300847186110467,0.06429908022758002,0.6814262699389781,0.05302098121302868,0.9089293225587814,0.015515980528127488,0.5635924055299544,0.08581382596447372,0.5635530623709142,0.08583219531814143,0.5636328724309362,0.08579586500455569,0.32063275889162435,0.08902209248981462,0.06001560179767464,0.012640930467549109,0.04007909486145304,0.011127761561226827,0.125,0.0,1.3970113938141817,0.16434190522553865,0.880342435583386,0.03488880030749579,0.5955481701340587,0.15415111592172429,0.6304164162649029,0.16216664390433394,0.590402931396204,0.14145607039740093,0.568517748968803,0.11805216968864596,9,"throughput_2,python_gc_objects_collected_total_1,throughput_1,python_gc_objects_collected_total_3,python_gc_collections_total_7,python_gc_objects_collected_total_2,python_gc_collections_total_1,python_gc_collections_total_4,throughput_3",1.0,padded,0.3966065155342221,0.1419770403765142,32.513878874946386,1016.4,105.8,0.8547237076648841,2,,,False,30,,0.4786096256684492,0.7807486631016043,0.8547237076648841,0.18569745324229187,0.25553607855833893,0.46958784974144896,0.18410963545817927,0.26332959845441145,0.4797773951543476,0.2422475661561398,0.26622308420686475,0.4651073906078528,2.4061724340169364,0.7237063799575011,0.6081077646617944
throughput_3,8,10,markov,kmeans,bic,5,5,0.76349652303243,0.056743112617768404,0.34664904776686006,0.031028404040130242,0.35749816163195786,0.027053840428132917,0.36126482191577514,0.04179530045827557,0.8960067789574975,0.18698573275800373,0.8895032245878195,0.010482621863332629,0.5620425953246556,0.055402189566873226,0.5620146841356932,0.05541128977597597,0.562071995802208,0.05539311741652251,0.24184567375075988,0.0411021971464149,0.040289648717874306,0.0035431242014632696,0.02507385238200806,0.00302018589662923,0.10444444444444445,0.006085806194501839,1.6722248662373407,0.13973957699043185,0.8260299845038865,0.0695377224342876,0.4558815554727433,0.06329208647285076,0.5004030911311649,0.08419247480360352,0.4617115874004325,0.07075381173913016,0.7480665197822308,0.238772495421516,9,"throughput_2,python_gc_objects_collected_total_1,throughput_1,python_gc_objects_collected_total_3,python_gc_collections_total_7,python_gc_objects_collected_total_2,python_gc_collections_total_1,python_gc_collections_total_4,throughput_3",1.0,padded,0.4053483000956476,0.1638331619091332,32.50441674888134,987.0,135.2,0.8163992869875223,2,,,False,30,,0.4714795008912656,0.7638146167557932,0.8163992869875223,0.15503750473613814,0.2938232666804096,0.3426714342642524,0.14810788658283908,0.33980250190606437,0.3419869106915325,0.20664212330878998,0.29997818344655813,0.3526786279584574,2.4959896144301363,0.7494000050365824,0.7179041802797657
throughput_3,8,2,markov,kmeans,aic,5,5,0.9533032382385482,0.042679166226287986,0.6571448866392384,0.12537525385920245,0.7736971398878627,0.16682092218935773,0.6252902725662791,0.09501818009207438,0.16635357300933915,0.10803497791068933,0.9818207214886279,0.00801303710486728,0.8734214976413315,0.017374639814205946,0.8734214976413315,0.017374639814205946,0.8734214976413315,0.017374639814205946,0.9625725591782895,0.01457965533338928,0.4904421156910813,0.0037999489372258677,0.48128627958914477,0.00728982766669464,0.5,0.0,0.16108841344603442,0.04705912220103027,0.9665188884628426,0.04015386542854505,0.8238680734754723,0.12258887793252318,0.8704833271766871,0.16310142813099346,0.8049899396621696,0.09575899884435243,0.12764625275687802,0.12368602290656217,9,"avg_p_latency_2,scrape_duration_seconds_3,buffer_size_3,throughput_2,python_gc_objects_collected_total_1,throughput_1,python_gc_objects_collected_total_3,python_gc_collections_total_7,throughput_3",4.0,padded,0.5593582163564861,0.12621777066960932,63.11033661989495,1095.0,27.2,0.9812834224598931,4,,,False,30,,0.25668449197860965,0.9875222816399287,0.9812834224598931,0.20425531914893616,0.4968609865470852,0.7618917689859026,0.12834224598930483,0.49376114081996436,0.9199974213512119,0.5,0.5,0.6926317968126312,0.8896772567115407,0.0798310869690776,0.1281156146340688
throughput_3,8,3,markov,kmeans,aic,5,5,0.845825972257275,0.04939338716348391,0.7052649168621197,0.10969702501085828,0.7719499104849018,0.1230796790801913,0.7051958972153188,0.09121769852632275,0.44229497901869336,0.07196618361356084,0.9486727840978535,0.011174929891963102,0.8816544060667898,0.012944780617226773,0.8816910657204164,0.01285437353814961,0.8816185142620597,0.013035388843090813,0.5118678799942222,0.09727538281283896,0.22423701175549038,0.028656531455772377,0.17062262666474073,0.03242512760427965,0.3333333333333333,0.0,0.8376142909955163,0.029487590742458658,0.9570852729882781,0.019789176918346984,0.9040458253964594,0.043378627596356745,0.9508692090869048,0.011618969830850414,0.8765598286113656,0.06162262885016625,0.18452267456545476,0.08840082709936922,9,"buffer_size_3,scrape_duration_seconds_3,throughput_2,python_gc_objects_collected_total_1,throughput_1,python_gc_objects_collected_total_3,python_gc_collections_total_7,python_gc_objects_collected_total_2,throughput_3",3.0,padded,0.5730954349040985,0.14514554319903256,48.166547196917236,1055.4,66.8,0.9162956366874443,5,,,False,30,,0.5253784505788067,0.8806767586821015,0.9162956366874443,0.2487876871178579,0.7076914032846506,0.8634739676431927,0.28461167390255665,0.8869830681702884,0.8784138180502804,0.22097378277153557,0.6612292207832083,0.8506167794813485,1.1264755005690539,0.38487542094300736,0.32072307969982083
throughput_3,8,4,markov,kmeans,aic,5,5,0.8748840878535498,0.039925497586995276,0.5622539419624034,0.09724482844829117,0.5876631478260814,0.09391425710116388,0.5576099433552348,0.1004693999108524,0.4793273631037699,0.09874658026823241,0.9417215473577111,0.012986576123664018,0.7042184652526075,0.04503472007945174,0.7042471797214985,0.045075744544721304,0.7041903434868849,0.04499433637594209,0.5116896268747927,0.09716041007565365,0.16814122653145497,0.021467468889939677,0.12792240671869817,0.024290102518913413,0.25,0.0,0.8767906250433535,0.030192135773252082,0.9465783377645668,0.026368144683938385,0.7977322103568153,0.06694836447396414,0.8374201379156055,0.08077653317855843,0.7913622482287126,0.06792621602883807,0.21316082938543537,0.09539262366233177,9,"buffer_size_3,scrape_duration_seconds_3,throughput_2,python_gc_objects_collected_total_1,throughput_1,python_gc_objects_collected_total_3,python_gc_collections_total_7,python_gc_objects_collected_total_2,throughput_3",3.0,padded,0.48572699688375,0.14885939387604594,42.666911505162716,1044.4,77.8,0.9019607843137255,1,,,False,30,,0.7174688057040999,0.9028520499108734,0.9019607843137255,0.4125815587639755,0.47169872302943155,0.5712964587964589,0.3738061462400629,0.4922211267690564,0.5741383230667443,0.46475075791461656,0.47098283365570603,0.5699432173283774,0.9747398363436779,0.3422698189959053,0.41766880025322173
throughput_3,8,6,markov,kmeans,aic,5,5,0.7311119153400857,0.15390918089758332,0.39088904030843147,0.13232749350691353,0.3996012971965438,0.12600458550676671,0.41609977488230143,0.14422509471753428,0.8907309528215673,0.4791571545603674,0.9187310219157687,0.010091764446162927,0.6642008490823734,0.01507532665416206,0.6641541381986024,0.01507284893260958,0.6642489917301317,0.015079571524754932,0.358600673330127,0.11566038863997802,0.08653521904577999,0.0212761581733848,0.0597667788883545,0.019276731439996333,0.16666666666666666,0.0,1.2735567944829207,0.057095276259228646,0.8931628549608162,0.02849285177420895,0.6190183010253414,0.09737822149817296,0.6789266199712871,0.08355681291951082,0.6649107069990509,0.11488979282211227,0.44532949427393975,0.1620856865148808,9,"buffer_size_3,throughput_2,python_gc_objects_collected_total_1,throughput_1,python_gc_objects_collected_total_3,python_gc_collections_total_7,python_gc_objects_collected_total_2,python_gc_collections_total_1,throughput_3",2.0,padded,0.40932911457493903,0.14974914276972412,36.34518476109952,1028.2,94.0,0.8440285204991087,3,,,False,30,,0.4393939393939394,0.8306595365418895,0.8440285204991087,0.23220676569214174,0.44719757395363563,0.4855592781982141,0.29844368302876706,0.44987559523178383,0.476042694653799,0.23608693316799023,0.44570458690207154,0.58280893299766,1.4129534415088054,0.5546923228396232,0.589007938902168
throughput_3,8,8,markov,kmeans,aic,5,5,0.7877284711342644,0.10019735720814955,0.3932513440785747,0.10466111257425585,0.3951058371748637,0.1045806932916545,0.4269058370931395,0.08280591210041785,0.7588647002340224,0.23649709993005327,0.9089293225587814,0.015515980528127488,0.5635924055299544,0.08581382596447372,0.5635530623709142,0.08583219531814143,0.5636328724309362,0.08579586500455569,0.32063275889162435,0.08902209248981462,0.06001560179767464,0.012640930467549109,0.04007909486145304,0.011127761561226827,0.125,0.0,1.3970113938141817,0.16434190522553857,0.8833656036987859,0.04530944503444496,0.6118268350487587,0.1492546073832738,0.6620138953052579,0.12654563308040445,0.6386960786788045,0.1624974072998473,0.5851081531928872,0.17618145856823011,9,"buffer_size_3,throughput_2,python_gc_objects_collected_total_1,throughput_1,python_gc_objects_collected_total_3,python_gc_collections_total_7,python_gc_objects_collected_total_2,python_gc_collections_total_1,throughput_3",2.0,padded,0.39000490251928566,0.1470377156510949,32.77767134597525,997.4,124.8,0.8547237076648841,2,,,False,30,,0.4786096256684492,0.7807486631016043,0.8547237076648841,0.18569745324229187,0.25553607855833893,0.46958784974144896,0.18410963545817927,0.26332959845441145,0.4797773951543476,0.2422475661561398,0.26622308420686475,0.4651073906078528,2.4061724340169364,0.7237063799575011,0.6081077646617944
throughput_3,8,10,markov,kmeans,aic,5,5,0.753334031742706,0.08054044230036658,0.3278144973460321,0.07730888113461894,0.3377719021962332,0.07782015405912616,0.34419214214420213,0.08150442606223139,0.9406287609751555,0.19759521370070784,0.8895032245878195,0.010482621863332629,0.5620425953246556,0.055402189566873226,0.5620146841356932,0.05541128977597597,0.562071995802208,0.05539311741652251,0.24184567375075988,0.0411021971464149,0.040289648717874306,0.0035431242014632696,0.02507385238200806,0.00302018589662923,0.10444444444444445,0.006085806194501839,1.6722248662373407,0.13973957699043185,0.8456119697176158,0.061860527855394545,0.49684024941169297,0.10474550884744399,0.5078545837381849,0.12729739132867682,0.517635022658877,0.11204282560202967,0.699000772542621,0.23442393066268744,9,"buffer_size_3,throughput_2,python_gc_objects_collected_total_1,throughput_1,python_gc_objects_collected_total_3,python_gc_collections_total_7,python_gc_objects_collected_total_2,python_gc_collections_total_1,throughput_3",2.0,padded,0.39424967430531976,0.16078144619241358,32.73877704096958,963.4,158.8,0.8226381461675579,1,,,False,30,,0.9456327985739751,0.8048128342245989,0.8226381461675579,0.4754704705836195,0.33132792073572,0.4204973341110209,0.46975721086586797,0.3322760814507592,0.4170085607416956,0.481512812076759,0.3372821393418689,0.4329379867884133,0.3328569655914834,0.7056882363909278,1.0884484872691043
throughput_3,8,2,mrmr,classic_uniform,bic,5,5,0.9625744639311241,0.015016493311343266,0.7068043812201623,0.0534273575959084,0.7766062707609193,0.12156280672119288,0.6831279886605653,0.057740130035759486,0.13003342516920363,0.03987661657867304,0.9814642152497687,0.008032980076580562,0.8745284800606118,0.015280170930052748,0.8745284800606118,0.015280170930052748,0.8745284800606118,0.015280170930052748,0.9613251048010882,0.015651587992000626,0.49011454434285956,0.004084685735689133,0.4806625524005441,0.007825793996000313,0.5,0.0,0.16509488330785121,0.04975210758910931,0.9702629902745252,0.012713666799714807,0.7748250079083034,0.06867711591201478,0.8290677839250664,0.11012856200726001,0.7660826377153553,0.10440971585502676,0.12180995713618512,0.04716679549939037,9,"throughput_2,buffer_size_3,avg_p_latency_3,throughput_1,python_gc_objects_collected_total_3,scrape_duration_seconds_1,avg_p_latency_1,buffer_size_2,throughput_3",,,0.4529505238868296,0.12998466584831475,53.15176127012819,1097.6,24.6,0.9786096256684492,4,,,False,30,,0.7219251336898396,0.9768270944741533,0.9786096256684492,0.7064009661835748,0.49413886384129846,0.6945553539019964,0.732068470612945,0.4936936936936937,0.9341120095837077,0.8085823942857384,0.49458483754512633,0.6285739629224446,0.5311058846336638,0.0581388433398967,0.09784653357021644
throughput_3,8,3,mrmr,classic_uniform,bic,5,5,0.84619438320135,0.0515978541822613,0.6919557362274067,0.12350834179509025,0.7172775397098983,0.1458439318729585,0.691753624807291,0.10667558933497015,0.4338178771283194,0.1177784440890186,0.9408317103251889,0.006935310253495855,0.8721575666018826,0.009455766799742776,0.8721585421555386,0.009376860610541746,0.872157977162367,0.009540536343960649,0.6665563497316679,0.02695215561658216,0.2665547123006596,0.006606764081832377,0.22218544991055594,0.008984051872194058,0.3333333333333333,0.0,0.7497565314935168,0.03957369616768475,0.9307325320142095,0.014049027818215726,0.8295921092054833,0.029634376651616116,0.8384823513025127,0.06431659247495068,0.8452667041410024,0.050503455318965426,0.279889143268676,0.06036027220423973,9,"throughput_2,buffer_size_3,avg_p_latency_3,throughput_1,python_gc_objects_collected_total_3,scrape_duration_seconds_1,avg_p_latency_1,buffer_size_2,throughput_3",,,0.4264590034261346,0.14706755904480814,53.936520317103714,1037.2,85.0,0.9117647058823529,1,,,False,30,,0.8796791443850267,0.9429590017825312,0.9117647058823529,0.625691720485492,0.8150173383065517,0.77828583603354,0.602323359365098,0.9584315999237373,0.7812458515863533,0.6533286057733885,0.7598229017551726,0.7763336668564408,0.32407625766596637,0.20426528144412787,0.2939980131028555
throughput_3,8,4,mrmr,classic_uniform,bic,5,5,0.8672271401882213,0.05081047633858518,0.5413204284623775,0.08203263017757915,0.5413732296323773,0.08054499072045049,0.5474439094307468,0.0843022470860133,0.4269492955436279,0.10202852965336533,0.9378047406123464,0.01516816575748524,0.699514346195783,0.05153008635189212,0.6995379594255418,0.051602941462585816,0.6994913264466999,0.05145771428023833,0.5323630204935533,0.07950957885956239,0.17300320853784265,0.016954454878714057,0.13309075512338833,0.019877394714890598,0.25,0.0,0.8665559329981776,0.024950255722905698,0.9287799900495305,0.017650845052813974,0.7430380955836885,0.06676952910134906,0.7759424070486123,0.09693443202633141,0.7475508024848974,0.0789059973981825,0.2793919057289261,0.024521143888732756,9,"throughput_2,buffer_size_3,avg_p_latency_3,throughput_1,python_gc_objects_collected_total_3,scrape_duration_seconds_1,avg_p_latency_1,buffer_size_2,throughput_3",,,0.3944564636796713,0.18060798393562436,54.43960669822991,972.0,150.2,0.9206773618538324,1,,,False,30,,0.9393939393939394,0.9402852049910874,0.9206773618538324,0.7103768283925918,0.6019309093364116,0.5812948316409715,0.6925285790883043,0.6236881769605473,0.5831960249723408,0.7319020699602266,0.5872873366188129,0.5803410518017398,0.27123540320203765,0.23548121660154606,0.32432222171137937
throughput_3,8,6,mrmr,classic_uniform,bic,5,4,0.7970654504819819,0.03607475797826255,0.49357268889594114,0.033998520911777165,0.5187543508587986,0.0334622120466217,0.4845351735451248,0.03765230832166354,0.6925697635831477,0.06209765134429266,0.8995401609198687,0.024396358334915127,0.6314033173693511,0.052672285330998464,0.6313566509923442,0.05263625898116262,0.6314514406799598,0.05270885429163168,0.38295948590720996,0.10736974738630238,0.09655471708694995,0.026334308316885352,0.0677630040386051,0.023208579641366463,0.175,0.016666666666666677,1.2617870856534898,0.08012128031149407,0.8682263921942687,0.0532192254823915,0.6739947660310779,0.09440017170371,0.750013717165607,0.1179348337741379,0.649686792842482,0.09747134820095049,0.5281137497270387,0.1340916595447823,9,"throughput_2,buffer_size_3,avg_p_latency_3,throughput_1,python_gc_objects_collected_total_3,scrape_duration_seconds_1,avg_p_latency_1,buffer_size_2,throughput_3",,,0.34044924657791853,0.18901481828652322,53.26228171400726,846.75,275.5,0.8431372549019608,2,,,False,30,,0.5686274509803921,0.803921568627451,0.8431372549019608,0.25308526652852786,0.557731981478034,0.5383214249389994,0.232091353789467,0.6611944686619416,0.5438190255431634,0.30994066466221426,0.5370431589134038,0.5371160870830086,1.9543745156623464,0.610913860519116,0.6163295683425309
throughput_3,8,8,mrmr,classic_uniform,bic,5,4,0.7905966320795299,0.03964268528719714,0.3352703112504246,0.04012142843243699,0.37061237123126123,0.05136044033290039,0.33291295911444807,0.04367561616193439,0.8150488956415012,0.15060999371935316,0.9080040095047166,0.020740055719812616,0.5091279142198466,0.07261808256013037,0.5091485915089654,0.07260778265561788,0.5091076279496978,0.07262873781907801,0.3272615368498245,0.10297616570153997,0.06079101583756281,0.014632786851207604,0.040907692106228064,0.012872020712692497,0.125,0.0,1.3049833393864705,0.057631498549509365,0.8715789319406901,0.023946377673378663,0.5429209851690687,0.09387888098039107,0.590658686337911,0.07829649787080391,0.5256789268290467,0.10209289285541764,0.5833535882495442,0.10121566815041207,9,"throughput_2,buffer_size_3,avg_p_latency_3,throughput_1,python_gc_objects_collected_total_3,scrape_duration_seconds_1,avg_p_latency_1,buffer_size_2,throughput_3",,,0.3471436940599233,0.21776644443161786,54.217099650762975,767.75,354.5,0.8146167557932263,3,,,False,30,,0.3609625668449198,0.8333333333333334,0.8146167557932263,0.11561753384413864,0.4254650894590095,0.3472400169452171,0.1218970110167961,0.4611397587311949,0.3653147812058883,0.1100705736486569,0.411294215353354,0.33937343951052823,1.613485031407029,0.7136229624984752,0.6742493214665161
throughput_3,8,10,mrmr,classic_uniform,bic,5,4,0.7553940219332289,0.07691422533215073,0.28943801473843533,0.08238658940407322,0.29771928513857776,0.09399506754024012,0.3060477429846123,0.08949097359862565,0.8333588979944277,0.11909708394082245,0.9080014301519199,0.014298974228158253,0.5441359479175799,0.03989966370498657,0.5440519615269153,0.04009255886109339,0.5442218480453581,0.03970412754801173,0.31077451218486263,0.11627432335553456,0.04891121342812631,0.014074423191009643,0.03265449617788416,0.011954894606831136,0.10555555555555554,0.006415002990995836,1.5242114665276876,0.0932182529373922,0.8546631338274766,0.04260717488467519,0.4855522137006202,0.12751822825512624,0.5281484010439663,0.14886220474546064,0.501138601270303,0.12198887582823127,0.6360637235320934,0.1894192679946437,9,"throughput_2,buffer_size_3,avg_p_latency_3,throughput_1,python_gc_objects_collected_total_3,scrape_duration_seconds_1,avg_p_latency_1,buffer_size_2,throughput_3",,,0.333015795215033,0.20201009477023035,52.80543332407251,710.5,411.75,0.8253119429590018,2,,,False,30,,0.5249554367201426,0.731729055258467,0.8253119429590018,0.1810904352703337,0.20808100242196756,0.31977282380247807,0.17229089468473738,0.19890664075339043,0.31854363792627305,0.21863059630049922,0.21884019517535075,0.329898984583881,1.7803269701569764,1.0220994534918026,0.6834805601394052
throughput_3,8,2,mrmr,classic_uniform,aic,5,5,0.9613257397186997,0.014761856947702826,0.7128492016698585,0.05263408061878189,0.7649553649484376,0.10551819954178744,0.7058279713214491,0.08408297064516325,0.13475074337050177,0.031034812555554733,0.9814642152497687,0.008032980076580562,0.8745284800606118,0.015280170930052748,0.8745284800606118,0.015280170930052748,0.8745284800606118,0.015280170930052748,0.9613251048010882,0.015651587992000626,0.49011454434285956,0.004084685735689133,0.4806625524005441,0.007825793996000313,0.5,0.0,0.16509488330785121,0.04975210758910931,0.9693725183243916,0.012541400791806913,0.7531379071164356,0.10123007670796383,0.8376979374501383,0.12469465893468062,0.7499517226049406,0.13064815395381646,0.13718797401700628,0.05077956393987902,9,"throughput_2,buffer_size_3,avg_p_latency_3,throughput_1,python_gc_objects_collected_total_3,scrape_duration_seconds_1,avg_p_latency_1,buffer_size_2,throughput_3",,,0.6174518225714565,0.12930856533348561,53.818064510356635,1097.6,24.6,0.9777183600713012,4,,,False,30,,0.7424242424242424,0.9768270944741533,0.9777183600713012,0.7251871520429722,0.49413886384129846,0.6738182452468167,0.741980172852059,0.4936936936936937,0.9267280071813285,0.822256591669805,0.49458483754512633,0.6124449306643801,0.8015556234019813,0.0580686750786197,0.1019862675632472
throughput_3,8,3,mrmr,classic_uniform,aic,5,5,0.8397798105723308,0.10318791609468955,0.715907260666942,0.12652703797261683,0.7661805435383658,0.1336691934749324,0.7071709202780577,0.09853365592253352,0.4551688991263821,0.21071943357250628,0.9408317103251889,0.006935310253495855,0.8721575666018826,0.009455766799742776,0.8721585421555386,0.009376860610541746,0.872157977162367,0.009540536343960649,0.6665563497316679,0.02695215561658216,0.2665547123006596,0.006606764081832377,0.22218544991055594,0.008984051872194058,0.3333333333333333,0.0,0.7497565314935168,0.03957369616768475,0.9318010983543698,0.015589050351147573,0.8379147164777884,0.03997583468586197,0.8628499364770705,0.07074151515921268,0.8377806868181485,0.05854905273742203,0.2841819516864827,0.05250305820839887,9,"throughput_2,buffer_size_3,avg_p_latency_3,throughput_1,python_gc_objects_collected_total_3,scrape_duration_seconds_1,avg_p_latency_1,buffer_size_2,throughput_3",,,0.6137367471121251,0.159889689181,55.171700932085514,1037.2,85.0,0.9117647058823529,3,,,False,30,,0.6559714795008913,0.9046345811051694,0.9117647058823529,0.4910969275295651,0.6008540689986778,0.715130866102265,0.48919324137120984,0.603591985428051,0.7469909746716702,0.5765834136965585,0.5987052587695789,0.7024864148226854,0.8598680238130226,0.3179878839595039,0.3019803303317289
throughput_3,8,4,mrmr,classic_uniform,aic,5,5,0.8465442228052883,0.07914598281726357,0.5201049077365705,0.1011417883900353,0.5176669749346905,0.10153040973289157,0.5268571812447294,0.09869827267492201,0.5023054533053787,0.15442779418323116,0.9378047406123464,0.01516816575748524,0.699514346195783,0.05153008635189212,0.6995379594255418,0.051602941462585816,0.6994913264466999,0.05145771428023833,0.5323630204935533,0.07950957885956239,0.17300320853784265,0.016954454878714057,0.13309075512338833,0.019877394714890598,0.25,0.0,0.8665559329981776,0.024950255722905698,0.9314514058999313,0.018789975485501816,0.756296232309329,0.055204046595178295,0.7986498053255667,0.08074900856107908,0.7532518091207929,0.07356356590043274,0.2659203660956988,0.017986136830444165,9,"throughput_2,buffer_size_3,avg_p_latency_3,throughput_1,python_gc_objects_collected_total_3,scrape_duration_seconds_1,avg_p_latency_1,buffer_size_2,throughput_3",,,0.6429538292810321,0.1918653393164277,55.60277935909107,972.0,150.2,0.9153297682709447,1,,,False,30,,0.9393939393939394,0.9393939393939394,0.9153297682709447,0.7103768283925918,0.6076141982958454,0.575182019575051,0.6925285790883043,0.6424445635288143,0.5753243224934161,0.7319020699602266,0.5866005234319998,0.5755446241142553,0.36033096544919674,0.25350848201625975,0.3501551479438475
throughput_3,8,6,mrmr,classic_uniform,aic,5,4,0.7369526414953579,0.12182340844074697,0.4605073779614139,0.07871108114546617,0.4744840436469515,0.08825080788760062,0.46890306962922895,0.07516207518062021,0.8132729273631131,0.18555278617549786,0.8995401609198687,0.024396358334915127,0.6314033173693511,0.052672285330998464,0.6313566509923442,0.05263625898116262,0.6314514406799598,0.05270885429163168,0.38295948590720996,0.10736974738630238,0.09655471708694995,0.026334308316885352,0.0677630040386051,0.023208579641366463,0.175,0.016666666666666677,1.2617870856534898,0.08012128031149407,0.8973893485611432,0.023172841827939328,0.7037548943245594,0.07893767827673213,0.7484774411998256,0.13216696149226173,0.7003150229569055,0.0745248639261113,0.48738008007968847,0.11234543655244338,9,"throughput_2,buffer_size_3,avg_p_latency_3,throughput_1,python_gc_objects_collected_total_3,scrape_duration_seconds_1,avg_p_latency_1,buffer_size_2,throughput_3",,,0.5420154051389545,0.23392115079332143,55.54382235510275,835.0,287.25,0.8172905525846702,3,,,False,30,,0.6301247771836007,0.8368983957219251,0.8172905525846702,0.5038011455449366,0.4334145270880478,0.5252406622358106,0.5342493845503608,0.4313470230033407,0.5370646096634941,0.5753824363943413,0.4358433003137751,0.5250159611012429,1.3032060009634803,0.5760738093133866,0.6511108053327562
throughput_3,8,8,mrmr,classic_uniform,aic,5,4,0.7625511307089015,0.06939840620192875,0.3362154649663802,0.038038408894281985,0.36319348545753083,0.04917916860871441,0.3291138321446475,0.03251889141362205,0.8462656014055959,0.19240680605538638,0.9080040095047166,0.020740055719812616,0.5091279142198466,0.07261808256013037,0.5091485915089654,0.07260778265561788,0.5091076279496978,0.07262873781907801,0.3272615368498245,0.10297616570153997,0.06079101583756281,0.014632786851207604,0.040907692106228064,0.012872020712692497,0.125,0.0,1.3049833393864705,0.057631498549509365,0.8940494845720188,0.034363551693709554,0.5732367427253775,0.10924436817513447,0.6310948158215612,0.13026581405273094,0.5691593849595411,0.10936024887551281,0.5418040356205079,0.17200444126761272,9,"throughput_2,buffer_size_3,avg_p_latency_3,throughput_1,python_gc_objects_collected_total_3,scrape_duration_seconds_1,avg_p_latency_1,buffer_size_2,throughput_3",,,0.6132742431946099,0.265323274070397,56.449238962028176,754.25,368.0,0.8342245989304813,4,,,False,30,,0.45187165775401067,0.7352941176470589,0.8342245989304813,0.18161939439746155,0.3415409430188311,0.39153304769533814,0.20916315256134116,0.3833585406968784,0.4336599658937449,0.17113340485548134,0.34187302417186943,0.3757361091292618,1.8239107190994304,1.0000483064560524,0.819911068586079
throughput_3,8,10,mrmr,classic_uniform,aic,5,3,0.7178293859976327,0.09410656146594927,0.27805663947626597,0.09587249426099725,0.2898231637979383,0.114652150194335,0.29457495196298494,0.10421308642130604,0.903260019767775,0.18552443975598965,0.9091237131675035,0.017295487300561886,0.5354460531830072,0.04398737458258687,0.535344414789023,0.044228855884929766,0.5355500523894668,0.0437427294203045,0.2705751665732809,0.10287688312776945,0.04512362703658849,0.014527877277815597,0.02916024326985862,0.011879412328865037,0.1074074074074074,0.006415002990995835,1.533941944957366,0.11165290304433127,0.8070902904755416,0.1434397531742336,0.4101300603462951,0.10686940828941449,0.4406042152163924,0.07493667148683948,0.4337844362324681,0.13460923505775718,0.7651073914472359,0.5405216579474057,9,"throughput_2,buffer_size_3,avg_p_latency_3,throughput_1,python_gc_objects_collected_total_3,scrape_duration_seconds_1,avg_p_latency_1,buffer_size_2,throughput_3",,,0.6459245183505118,0.2682651753226916,55.14773038774729,702.3333333333334,420.0,0.786286731967943,5,,,False,30,,0.4541406945681211,0.6767586821015138,0.786286731967943,0.12365878332194122,0.26856039140872245,0.335371200378147,0.1434413393654824,0.29696137035443515,0.3251516196312963,0.11529385161622004,0.29445916524229776,0.378032246100371,2.1708073278114526,1.2224769793846504,0.7186041979290356
throughput_3,8,2,mrmr,classic_quantile,bic,5,5,0.8802424750358332,0.03124074262263544,0.865455462396303,0.042096086348547196,0.8775901326533173,0.030136490463036587,0.8615103279122754,0.05085814896940296,0.3251929800025143,0.069742950035159,0.9615051039439496,0.009907644669638619,0.95756860288466,0.013947998638261171,0.9576261069609678,0.013960280783484892,0.9575117651941841,0.013936392713083686,0.44680961836689664,0.14177892306198198,0.30344556726597544,0.06878354456784515,0.22340480918344832,0.07088946153099099,0.5,0.0,0.6931064040474924,0.00011294491591941711,0.9155994207178916,0.04822030962312001,0.9036827698922483,0.06304840708481327,0.9099539622360246,0.06192521976417469,0.9004085607360801,0.06430044960196475,0.2870997733116549,0.2044345390857354,9,"throughput_2,buffer_size_3,avg_p_latency_3,throughput_1,python_gc_objects_collected_total_3,scrape_duration_seconds_1,avg_p_latency_1,buffer_size_2,throughput_3",,,0.5059734513051808,0.1431709428317845,53.78742056200281,1067.4,54.8,0.9135472370766489,2,,,False,30,,0.8868092691622104,0.9340463458110517,0.9135472370766489,0.8836459781865809,0.9325703630551729,0.9121197317582271,0.8799474315461759,0.9302215189873417,0.9116627951993805,0.9076093093925488,0.9358284046896264,0.9126145936070107,0.2950895827894535,0.20705712635059365,0.23089917659777648
throughput_3,8,3,mrmr,classic_quantile,bic,5,5,0.8581465485084993,0.04920848172488437,0.8441907830289196,0.05203803739429125,0.8617787191268951,0.037875628405509086,0.8371999489614659,0.06497763765147745,0.4511465396760207,0.12235647273925736,0.9148162786526413,0.02940517186106693,0.9115226560318532,0.028430278954491434,0.9115873485620127,0.02837930046588442,0.9114595572174375,0.028481130897000554,0.2794375582338497,0.14078090686051642,0.1403832720048364,0.0593868065567553,0.09314585274461656,0.046926968953505475,0.3333333333333333,0.0,1.0978579808092266,0.0014899595607214423,0.9143609992299477,0.04382573427889278,0.9035065329434057,0.04977671782835173,0.915376098567949,0.0466647766953971,0.8959634072465554,0.0558532157863903,0.27779471786109805,0.13845558763165652,9,"throughput_2,buffer_size_3,avg_p_latency_3,throughput_1,python_gc_objects_collected_total_3,scrape_duration_seconds_1,avg_p_latency_1,buffer_size_2,throughput_3",,,0.5035855310969055,0.17763509023934604,55.16877403808758,958.0,164.2,0.9188948306595366,2,,,False,30,,0.6880570409982175,0.9224598930481284,0.9188948306595366,0.661131630028893,0.9161060604984224,0.9136739804615429,0.6598838050561094,0.9203889974179905,0.9055206736964098,0.7480419433114207,0.9124039074146624,0.9231899758630696,0.7170532006585258,0.29947629294309086,0.31639673683781555
throughput_3,8,4,mrmr,classic_quantile,bic,5,5,0.7027207806946951,0.11623336737661637,0.6747993039943913,0.12262131037484841,0.6969330990731046,0.126139024287867,0.7006289788944191,0.09274293229904146,0.799825030080413,0.23750998482584607,0.8994865103816965,0.015241371938631324,0.8971870840460584,0.014473683404433798,0.8972505789326594,0.014371448253225687,0.897126481724191,0.014577509030104787,0.2708829957952581,0.08536073757578705,0.105121826370789,0.027027225722333105,0.06772074894881452,0.021340184393946762,0.25,0.0,1.3851846699207504,0.001759869534867277,0.8429489515564246,0.07126656989278898,0.7932390370712997,0.12649428235530674,0.8070133375750832,0.12841525815440538,0.7996471509460295,0.12265975984879286,0.5649923461038415,0.27296381985204526,9,"throughput_2,buffer_size_3,avg_p_latency_3,throughput_1,python_gc_objects_collected_total_3,scrape_duration_seconds_1,avg_p_latency_1,buffer_size_2,throughput_3",,,0.4666991158388555,0.2121000482700765,55.963777346070856,855.6,266.6,0.8556149732620321,1,,,False,30,,0.9180035650623886,0.8850267379679144,0.8556149732620321,0.9158847588353257,0.8754064456461397,0.8459438912174551,0.916800946178286,0.8738421300206028,0.846430358107686,0.9165967687083352,0.8822027497621401,0.8535436921885744,0.3431687012863823,0.4480108190878025,0.4870175747519774
throughput_3,8,6,mrmr,classic_quantile,bic,5,5,0.7180811837403949,0.0983133397525734,0.6695687318263678,0.1348469042565787,0.7059995154659695,0.1125049473876055,0.6659706017507118,0.14357715305916557,0.9938615910885901,0.24824536642661793,0.8515476910427411,0.03673486897160901,0.8270324539465326,0.03857925678234514,0.8270892208311029,0.03850118468089746,0.8269787204799102,0.0386562202756353,0.29120385141023136,0.042547559254165146,0.07494935386452178,0.00861471542895186,0.048533975235038565,0.00709125987569419,0.16666666666666666,0.0,1.7430248160416781,0.031966408113369434,0.8335172374454546,0.07712135434721841,0.8086368907032941,0.10898647603239371,0.8440323256048112,0.06265590981293874,0.7988039199323441,0.1297907321628919,0.6374082387698892,0.19217811080936797,9,"throughput_2,buffer_size_3,avg_p_latency_3,throughput_1,python_gc_objects_collected_total_3,scrape_duration_seconds_1,avg_p_latency_1,buffer_size_2,throughput_3",,,0.3877187632024288,0.24925656355917453,55.96746735787019,689.0,433.2,0.7905525846702317,1,,,False,30,,0.9180035650623886,0.7985739750445633,0.7905525846702317,0.9093209810252152,0.7896359592627499,0.7781241967705634,0.9170372187910854,0.7919357940567728,0.778581328620919,0.9100618768646218,0.793273551338222,0.7883299421687862,0.37513176846541874,0.6359161168990211,0.7787136623080769
throughput_3,8,8,mrmr,classic_quantile,bic,5,5,0.7454997833343651,0.03653524804507495,0.6663853446911758,0.08088784939844618,0.6907565878989318,0.08541551319580584,0.6600065804797332,0.08436645396720327,1.0087965474528573,0.10131610360120186,0.8497611916133734,0.02569089918103424,0.8363568407440543,0.026176506528293876,0.8364191037754521,0.02615472194438187,0.8362985782308415,0.02619781607025511,0.29120385141023136,0.042547559254165146,0.06291955198969593,0.010037270624112795,0.04078886188977331,0.007666282720144682,0.1392857142857143,0.007985957062499245,1.917700432837902,0.08800185511408465,0.8112554386921154,0.09290107494740642,0.720475410013545,0.13839217614588192,0.7437003510840959,0.12162276481330865,0.7280378813506936,0.1353270929387198,0.7861018451594111,0.2627344475415283,9,"throughput_2,buffer_size_3,avg_p_latency_3,throughput_1,python_gc_objects_collected_total_3,scrape_duration_seconds_1,avg_p_latency_1,buffer_size_2,throughput_3",,,0.3819093776866794,0.27436590790748594,56.827834986615926,581.6,540.6,0.7896613190730838,2,,,False,30,,0.5124777183600713,0.6479500891265597,0.7896613190730838,0.46341132868086465,0.544590262073088,0.6843706004811482,0.47026362781926057,0.550763021977391,0.6929053174273401,0.5254174033610617,0.5533269202342666,0.6856963766567239,1.492504352691091,0.9901139248018008,0.9019157973215947
throughput_3,8,10,mrmr,classic_quantile,bic,5,5,0.6118228008438056,0.09367902288593255,0.47529103250205795,0.09676699915883467,0.49284162804204773,0.12188188384788506,0.49585121236494434,0.0813107181849899,1.2840722373418838,0.06639636035671784,0.7690244332169847,0.07213575352763434,0.669958906567656,0.09281856450614168,0.6700206753899108,0.09291519899986259,0.6699017211692511,0.092722253708761,0.29120385141023136,0.042547559254165146,0.04914319064219148,0.00738284918922222,0.0318509329849752,0.005709090250576839,0.10888888888888888,0.004969039949999528,2.0999575370835126,0.12027466751558921,0.770857166397835,0.1151604145063209,0.6869932842389471,0.18266386321644776,0.7435843671279999,0.15571522396414128,0.6795263733823724,0.17948213730139384,1.0272623267926702,0.34848720222449014,9,"throughput_2,buffer_size_3,avg_p_latency_3,throughput_1,python_gc_objects_collected_total_3,scrape_duration_seconds_1,avg_p_latency_1,buffer_size_2,throughput_3",,,0.3699338033795357,0.31233807671815156,57.25744186062366,499.0,623.2,0.674087266251113,5,,,False,30,,0.5770258236865539,0.6455921638468388,0.674087266251113,0.1415445288541343,0.42847989497535655,0.5385695337273655,0.16088896595836272,0.4250977011664381,0.5626312556046825,0.14124230614409888,0.4469408032812312,0.5356713437478129,1.2694117800276885,1.190968812987652,1.218487788202388
throughput_3,8,2,mrmr,classic_quantile,aic,5,5,0.8870078396452081,0.021253166038419938,0.8737942295926612,0.03370514860653033,0.8816884426398774,0.026473792504302058,0.870138935842359,0.040558834265656714,0.33067522299395835,0.060917526203898585,0.9615051039439496,0.009907644669638619,0.95756860288466,0.013947998638261171,0.9576261069609678,0.013960280783484892,0.9575117651941841,0.013936392713083686,0.44680961836689664,0.14177892306198198,0.30344556726597544,0.06878354456784515,0.22340480918344832,0.07088946153099099,0.5,0.0,0.6931064040474924,0.00011294491591941711,0.8919301375636561,0.05974726434621861,0.8777309216908925,0.07148698329588765,0.8868558875419261,0.06528081078027996,0.8744017579522358,0.0753237202361485,0.30125108517686383,0.17934758658272396,9,"throughput_2,buffer_size_3,avg_p_latency_3,throughput_1,python_gc_objects_collected_total_3,scrape_duration_seconds_1,avg_p_latency_1,buffer_size_2,throughput_3",,,0.6443065222352743,0.14750956650823355,55.51602609734982,1067.4,54.8,0.9188948306595366,1,,,False,30,,0.9759358288770054,0.9242424242424242,0.9188948306595366,0.9757620659610404,0.9226898767269536,0.9160369561731365,0.9756905334835142,0.9189542483660131,0.9120458797689742,0.9758351818242925,0.9314831863312842,0.9219941348973607,0.10271121346083012,0.2728111396414491,0.2768949717704699
throughput_3,8,3,mrmr,classic_quantile,aic,5,5,0.8307038220452918,0.07504094674048087,0.7919186738696846,0.11119335434713418,0.8102218821445539,0.08049203314380546,0.7921637458401746,0.11931444997892207,0.49479867708006237,0.11427306452223984,0.9148162786526413,0.02940517186106693,0.9115226560318532,0.028430278954491434,0.9115873485620127,0.02837930046588442,0.9114595572174375,0.028481130897000554,0.2794375582338497,0.14078090686051642,0.1403832720048364,0.0593868065567553,0.09314585274461656,0.046926968953505475,0.3333333333333333,0.0,1.0978579808092266,0.0014899595607214423,0.879114946936111,0.07142682120104547,0.8567510952764401,0.09133431712940415,0.8690181729998827,0.07598851953852591,0.8515517201572937,0.09697071008516987,0.3477359367629733,0.22111462410249916,9,"throughput_2,buffer_size_3,avg_p_latency_3,throughput_1,python_gc_objects_collected_total_3,scrape_duration_seconds_1,avg_p_latency_1,buffer_size_2,throughput_3",,,0.8665710570290684,0.21890005320310593,57.503649301826954,958.0,164.2,0.9046345811051694,2,,,False,30,,0.7112299465240641,0.8155080213903744,0.9046345811051694,0.682461727495642,0.8106946144430845,0.8948558691957335,0.6765373255795253,0.808629107666531,0.8816738816738816,0.7621525355568869,0.8379571245290333,0.9123014486730524,0.7235202853163529,0.39271579700587794,0.3855155494464161
throughput_3,8,4,mrmr,classic_quantile,aic,5,5,0.7704571248073422,0.06494999159385319,0.7472618722105616,0.06927208710670847,0.7579146998947877,0.0639549555402587,0.7555828571056995,0.06881017155396853,0.7157917730537725,0.11842646421989075,0.8994865103816965,0.015241371938631324,0.8971870840460584,0.014473683404433798,0.8972505789326594,0.014371448253225687,0.897126481724191,0.014577509030104787,0.2708829957952581,0.08536073757578705,0.105121826370789,0.027027225722333105,0.06772074894881452,0.021340184393946762,0.25,0.0,1.3851846699207504,0.001759869534867277,0.8272791803855333,0.06498008764042336,0.810586347236369,0.0750496864636908,0.8124013588343221,0.08154107768461623,0.8213965981586113,0.06631410395189395,0.7506499761031933,0.31831495149935163,9,"throughput_2,buffer_size_3,avg_p_latency_3,throughput_1,python_gc_objects_collected_total_3,scrape_duration_seconds_1,avg_p_latency_1,buffer_size_2,throughput_3",,,0.9404451127164066,0.22820757422596216,59.070151798892766,855.6,266.6,0.8689839572192514,1,,,False,30,,0.8975044563279857,0.8698752228163993,0.8689839572192514,0.8925848721487148,0.866013365126657,0.8620894172393347,0.9051345748652225,0.8622531330214402,0.8627267675091849,0.8922918180803715,0.8750009485105855,0.8670922289822975,0.3585614801845523,0.4193767721178327,0.5080285716830065
throughput_3,8,6,mrmr,classic_quantile,aic,5,5,0.633919362288751,0.11140229278617189,0.5615219361244916,0.11183246015214675,0.5917235771566426,0.1256984000350093,0.5935332115386703,0.10527141332976078,1.0674768326473378,0.2413604131074468,0.8515476910427411,0.03673486897160901,0.8270324539465326,0.03857925678234514,0.8270892208311029,0.03850118468089746,0.8269787204799102,0.0386562202756353,0.29120385141023136,0.042547559254165146,0.07494935386452178,0.00861471542895186,0.048533975235038565,0.00709125987569419,0.16666666666666666,0.0,1.7430248160416781,0.031966408113369434,0.8096525891818749,0.10731089099081204,0.7833295292957089,0.13765865122951348,0.7988158229571096,0.1295156688109972,0.7872278047893744,0.13778027549073898,0.8930875739699117,0.5149805493504631,9,"throughput_2,buffer_size_3,avg_p_latency_3,throughput_1,python_gc_objects_collected_total_3,scrape_duration_seconds_1,avg_p_latency_1,buffer_size_2,throughput_3",,,1.0038401989266277,0.2839061599224806,60.43591647408903,689.0,433.2,0.7442067736185384,3,,,False,30,,0.7718360071301248,0.6862745098039216,0.7442067736185384,0.5953491158836621,0.6079292513343907,0.6365088527456609,0.6017443251477472,0.5944358440971175,0.6909318809924652,0.5903158679843371,0.6464743469103675,0.7004739551958737,0.8185613351085166,1.2249170095717596,0.8829011034609734
throughput_3,8,8,mrmr,classic_quantile,aic,5,5,0.6719228321134978,0.1334555337433511,0.5796814504673937,0.1260777870989888,0.5996319387042002,0.10544654189322192,0.5807074642506866,0.1346821988859396,1.200471048984883,0.2555761961174827,0.8497611916133734,0.02569089918103424,0.8363568407440543,0.026176506528293876,0.8364191037754521,0.02615472194438187,0.8362985782308415,0.02619781607025511,0.29120385141023136,0.042547559254165146,0.06291955198969593,0.010037270624112795,0.04078886188977331,0.007666282720144682,0.1392857142857143,0.007985957062499245,1.917700432837902,0.08800185511408465,0.8176693718845366,0.06652934657091543,0.7531975331927956,0.0985667300458917,0.7929272859549206,0.07190088727535533,0.7396762602836288,0.10733444456983979,0.9497762647245572,0.4947208992079758,9,"throughput_2,buffer_size_3,avg_p_latency_3,throughput_1,python_gc_objects_collected_total_3,scrape_duration_seconds_1,avg_p_latency_1,buffer_size_2,throughput_3",,,0.8011321417987347,0.3083082932047546,60.04374600015581,581.6,540.6,0.8128342245989305,2,,,False,30,,0.5169340463458111,0.6212121212121212,0.8128342245989305,0.4593746768248442,0.519166576578912,0.7027267623163779,0.43906585166593576,0.5343439164994712,0.7017016203300224,0.5328586052313802,0.5088948991133335,0.707290800259688,1.5209942094140467,1.1760080184474482,0.8735359288597291
throughput_3,8,10,mrmr,classic_quantile,aic,5,5,0.5531897467154918,0.09622098562162708,0.42985312535239234,0.0893451129856447,0.4405150082183855,0.08539804752766272,0.45240348002568725,0.08082607848542565,1.4303988208695613,0.2742252096624919,0.7690244332169847,0.07213575352763434,0.669958906567656,0.09281856450614168,0.6700206753899108,0.09291519899986259,0.6699017211692511,0.092722253708761,0.29120385141023136,0.042547559254165146,0.04914319064219148,0.00738284918922222,0.0318509329849752,0.005709090250576839,0.10888888888888888,0.004969039949999528,2.0999575370835126,0.12027466751558921,0.8030760894021162,0.06910298580984503,0.7181836581396009,0.1343350456392696,0.7470007675763431,0.11483360771320952,0.7166131503249826,0.13595209911229797,1.0264418436241474,0.35895901811669956,9,"throughput_2,buffer_size_3,avg_p_latency_3,throughput_1,python_gc_objects_collected_total_3,scrape_duration_seconds_1,avg_p_latency_1,buffer_size_2,throughput_3",,,0.8396247049793601,0.3322621176019311,61.004783620126545,499.0,623.2,0.6078431372549019,1,,,False,30,,0.7290552584670231,0.6363636363636364,0.6078431372549019,0.6638458004181396,0.5455664448048042,0.48602177983629574,0.6717259675245563,0.542885741787073,0.47758121146783983,0.7203508804620777,0.5746467530744042,0.5211277598265276,0.7978772758363101,1.2311858806913947,1.3809789500183167
throughput_3,8,2,mrmr,kmeans,bic,5,5,0.962219227527488,0.016189696807485252,0.7247987528843575,0.061377804645193365,0.7626732935032305,0.1115600564170836,0.7202089338666413,0.08499784004526673,0.13674131607468035,0.03823605835185979,0.9818207214886279,0.00801303710486728,0.8734214976413315,0.017374639814205946,0.8734214976413315,0.017374639814205946,0.8734214976413315,0.017374639814205946,0.9625725591782895,0.01457965533338928,0.4904421156910813,0.0037999489372258677,0.48128627958914477,0.00728982766669464,0.5,0.0,0.16108841344603442,0.04705912220103027,0.9706210804181732,0.011432499177724006,0.8070544840738533,0.017335490168705465,0.8128934264735145,0.06526701819604312,0.8299362860682884,0.08290347181951965,0.10514787988846852,0.04629221953448349,9,"throughput_2,buffer_size_3,avg_p_latency_3,throughput_1,python_gc_objects_collected_total_3,scrape_duration_seconds_1,avg_p_latency_1,buffer_size_2,throughput_3",,,0.45343586718663575,0.1306546527892351,53.47698889300227,1086.0,36.2,0.9803921568627451,4,,,False,30,,0.6336898395721925,0.9928698752228164,0.9803921568627451,0.627812039196031,0.7982014388489209,0.7749863263445762,0.7021312021312022,0.9964157706093191,0.8607147969652145,0.7501873501199041,0.7142857142857143,0.7235149759025458,0.9110830896561298,0.05221608104470115,0.11180920698687356
throughput_3,8,3,mrmr,kmeans,bic,5,5,0.8577800423172588,0.03203579750365369,0.7203793229791878,0.05697986058579966,0.7196661728863503,0.0646746862394522,0.7590237284291834,0.0437204526183884,0.42413398323984863,0.08616942932033786,0.9486727840978535,0.011174929891963102,0.8816544060667898,0.012944780617226773,0.8816910657204164,0.01285437353814961,0.8816185142620597,0.013035388843090813,0.5118678799942222,0.09727538281283896,0.22423701175549038,0.028656531455772377,0.17062262666474073,0.03242512760427965,0.3333333333333333,0.0,0.8376142909955163,0.029487590742458658,0.9435505746871465,0.022451706579561623,0.8525829847130673,0.04666662974172324,0.8827038310034308,0.07335711169314302,0.8425270856115885,0.05322267001836981,0.22128874632399137,0.07075695244759521,9,"throughput_2,buffer_size_3,avg_p_latency_3,throughput_1,python_gc_objects_collected_total_3,scrape_duration_seconds_1,avg_p_latency_1,buffer_size_2,throughput_3",,,0.4176961156539619,0.17056630793958902,53.87033771863207,1006.8,115.4,0.9117647058823529,1,,,False,30,,0.8663101604278075,0.9331550802139037,0.9117647058823529,0.8052750580168326,0.8899550520051784,0.7834301750211835,0.7889016700914616,0.9331200127346172,0.8063297896852667,0.8410983231031409,0.8566558441558442,0.7653071806622945,0.31553985996851736,0.23963240015113732,0.2982537732682412
throughput_3,8,4,mrmr,kmeans,bic,5,5,0.8861170502362687,0.05258856807971862,0.5914361644516217,0.07296836239254412,0.5967733884941495,0.07789457041675346,0.6087157332593166,0.04444642779810432,0.37166043213146954,0.09648448832555703,0.9417215473577111,0.012986576123664018,0.7042184652526075,0.04503472007945174,0.7042471797214985,0.045075744544721304,0.7041903434868849,0.04499433637594209,0.5116896268747927,0.09716041007565365,0.16814122653145497,0.021467468889939677,0.12792240671869817,0.024290102518913413,0.25,0.0,0.8767906250433535,0.030192135773252082,0.9351818812725192,0.01415490713143652,0.765460579074613,0.05127576662964303,0.8194097222997581,0.0339398995053422,0.7759671176088234,0.08786072129147783,0.2911335967531534,0.09388143661910302,9,"throughput_2,buffer_size_3,avg_p_latency_3,throughput_1,python_gc_objects_collected_total_3,scrape_duration_seconds_1,avg_p_latency_1,buffer_size_2,throughput_3",,,0.38986664088442924,0.19796927850693463,54.40161665529013,941.6,180.6,0.9411764705882353,3,,,False,30,,0.49019607843137253,0.9073083778966132,0.9411764705882353,0.2840050484076551,0.6010803779288009,0.6675346358745993,0.28687186684857896,0.7086631789082398,0.6769741425586175,0.4391363642905365,0.5593708462560921,0.6593606308830161,1.069000364477138,0.30615703074369366,0.23423180741964109
throughput_3,8,6,mrmr,kmeans,bic,5,5,0.8054063234619517,0.07763914595419777,0.4653117308554056,0.07508886217975494,0.4849386193583164,0.08461629817911533,0.47113351935826253,0.05375445678459254,0.6548791237995433,0.12337111780363193,0.9187310219157687,0.010091764446162927,0.6642008490823734,0.01507532665416206,0.6641541381986024,0.01507284893260958,0.6642489917301317,0.015079571524754932,0.358600673330127,0.11566038863997802,0.08653521904577999,0.0212761581733848,0.0597667788883545,0.019276731439996333,0.16666666666666666,0.0,1.2735567944829207,0.057095276259228576,0.8899571559403352,0.0306901028324287,0.5952360490501498,0.11492355506914163,0.6413588789617093,0.1180629672462806,0.6309660136130645,0.1301169643225077,0.5388789750935483,0.11839733922041817,9,"throughput_2,buffer_size_3,avg_p_latency_3,throughput_1,python_gc_objects_collected_total_3,scrape_duration_seconds_1,avg_p_latency_1,buffer_size_2,throughput_3",,,0.3562355793081224,0.19600315997377038,54.57648932002485,838.0,284.2,0.8591800356506238,2,,,False,30,,0.5623885918003565,0.8065953654188949,0.8591800356506238,0.24278451278007754,0.392265617391135,0.5484811690184505,0.217403755566975,0.4611859597571773,0.5517965291490272,0.30371070842129955,0.3919807058078531,0.5489518071485284,1.943641166679345,0.6926704989038845,0.5593608900551726
throughput_3,8,8,mrmr,kmeans,bic,5,5,0.8164300804916802,0.03079116231619202,0.4166712429128336,0.06492243497394681,0.4327983661454417,0.06959424719147546,0.4153122980739675,0.070916230670493,0.7640460655624102,0.0977737836730289,0.9089293225587814,0.015515980528127488,0.5635924055299544,0.08581382596447372,0.5635530623709142,0.08583219531814143,0.5636328724309362,0.08579586500455569,0.32063275889162435,0.08902209248981462,0.06001560179767464,0.012640930467549109,0.04007909486145304,0.011127761561226827,0.125,0.0,1.3970113938141817,0.16434190522553868,0.8814110019235463,0.03291626104229461,0.5973004641165096,0.15145623657679694,0.6509980566810144,0.14337474453622068,0.5892761545558017,0.14351913424351465,0.5722086201458766,0.12182501051663724,9,"throughput_2,buffer_size_3,avg_p_latency_3,throughput_1,python_gc_objects_collected_total_3,scrape_duration_seconds_1,avg_p_latency_1,buffer_size_2,throughput_3",,,0.3460922141559422,0.20990948351100086,55.25569985806942,771.8,350.4,0.8547237076648841,2,,,False,30,,0.4857397504456328,0.7807486631016043,0.8547237076648841,0.20630700357009435,0.25553607855833893,0.46958784974144896,0.20422853729463314,0.26332959845441145,0.4797773951543476,0.2632581647529453,0.26622308420686475,0.4651073906078528,2.493571345957812,0.7237063799575011,0.6081077646617944
throughput_3,8,10,mrmr,kmeans,bic,5,5,0.7722336242843288,0.06263586446734058,0.3559966351793436,0.04097061320819774,0.368440080004979,0.028371897043002837,0.3659234874699617,0.04959486838172275,0.9180235460588706,0.16591890576413298,0.8895032245878195,0.010482621863332629,0.5620425953246556,0.055402189566873226,0.5620146841356932,0.05541128977597597,0.562071995802208,0.05539311741652251,0.24184567375075988,0.0411021971464149,0.040289648717874306,0.0035431242014632696,0.02507385238200806,0.00302018589662923,0.10444444444444445,0.006085806194501839,1.6722248662373407,0.13973957699043185,0.8260299845038865,0.0695377224342876,0.4558815554727433,0.06329208647285076,0.5004030911311649,0.08419247480360352,0.4617115874004325,0.07075381173913016,0.7480665197822309,0.23877249542151596,9,"throughput_2,buffer_size_3,avg_p_latency_3,throughput_1,python_gc_objects_collected_total_3,scrape_duration_seconds_1,avg_p_latency_1,buffer_size_2,throughput_3",,,0.3507790663279593,0.22185853580012918,55.49425604194403,714.0,408.2,0.8235294117647058,1,,,False,30,,0.946524064171123,0.8048128342245989,0.8235294117647058,0.475678078875168,0.33169363826011694,0.42095147990939347,0.47014213511317615,0.332588500543917,0.41608934065831954,0.48177460584108367,0.3377113536028588,0.43395894318042805,0.31348694292649004,0.7058571081921149,1.0494997225015914
throughput_3,8,2,mrmr,kmeans,aic,5,5,0.9436837602360624,0.043629658931135094,0.6197343811103297,0.12581538740429563,0.7161983320373964,0.21806163253063707,0.5918749854841832,0.10058897569743758,0.18176046492284206,0.10419068994506056,0.9818207214886279,0.00801303710486728,0.8734214976413315,0.017374639814205946,0.8734214976413315,0.017374639814205946,0.8734214976413315,0.017374639814205946,0.9625725591782895,0.01457965533338928,0.4904421156910813,0.0037999489372258677,0.48128627958914477,0.00728982766669464,0.5,0.0,0.16108841344603442,0.04705912220103027,0.9729348814658245,0.012087546009032052,0.8021252541954109,0.05797719122003365,0.8355187833202427,0.1035519044101444,0.799635769577385,0.09713731026203494,0.10954243630682574,0.05305146607909389,9,"throughput_2,buffer_size_3,avg_p_latency_3,throughput_1,python_gc_objects_collected_total_3,scrape_duration_seconds_1,avg_p_latency_1,buffer_size_2,throughput_3",,,0.6204140308313072,0.1379679431207478,55.24045083206147,1086.0,36.2,0.9803921568627451,4,,,False,30,,0.6372549019607843,0.9795008912655971,0.9803921568627451,0.6309195611323271,0.6839784959404352,0.7749863263445762,0.7020980775987552,0.6489891996676821,0.8607147969652145,0.7514488409272582,0.7427797833935018,0.7235149759025458,0.950326583350018,0.1552984028423588,0.09203229204750796
throughput_3,8,3,mrmr,kmeans,aic,5,5,0.819283082778971,0.08956201854081493,0.6689981604864429,0.10180734694806778,0.6678887809714237,0.10001876579371533,0.6892950123132077,0.11718148063582305,0.5037082232854878,0.13761084233007723,0.9486727840978535,0.011174929891963102,0.8816544060667898,0.012944780617226773,0.8816910657204164,0.01285437353814961,0.8816185142620597,0.013035388843090813,0.5118678799942222,0.09727538281283896,0.22423701175549038,0.028656531455772377,0.17062262666474073,0.03242512760427965,0.3333333333333333,0.0,0.8376142909955163,0.029487590742458658,0.9205779828433626,0.030918322885524967,0.8200083908010954,0.0701408040608554,0.8366572336820353,0.0826166728767908,0.835006919913155,0.06435072759812342,0.3091622845175156,0.11233111186816397,9,"throughput_2,buffer_size_3,avg_p_latency_3,throughput_1,python_gc_objects_collected_total_3,scrape_duration_seconds_1,avg_p_latency_1,buffer_size_2,throughput_3",,,0.7326422011479735,0.20511161191388966,56.595302109606564,1006.8,115.4,0.9010695187165776,1,,,False,30,,0.8360071301247772,0.93048128342246,0.9010695187165776,0.7736012869277852,0.6917981533426835,0.7013472426316464,0.7565400716954945,0.7199325156532456,0.7150878388611237,0.8135460402394304,0.6789817821067822,0.6945917488067875,0.5904439411305328,0.27294935037739326,0.39830075838944345
throughput_3,8,4,mrmr,kmeans,aic,5,5,0.8470896170335698,0.04077840740859945,0.53625911138829,0.043208564563553466,0.5376660668140685,0.05720690529032408,0.5488980654986789,0.039259648878721076,0.5291763764614748,0.10779424903195366,0.9417215473577111,0.012986576123664018,0.7042184652526075,0.04503472007945174,0.7042471797214985,0.045075744544721304,0.7041903434868849,0.04499433637594209,0.5116896268747927,0.09716041007565365,0.16814122653145497,0.021467468889939677,0.12792240671869817,0.024290102518913413,0.25,0.0,0.8767906250433535,0.030192135773252082,0.9298403171474476,0.0196349034567074,0.7528064089215415,0.06147858786923776,0.7682701787781104,0.05523446083935727,0.7720966066387184,0.07971938845964674,0.25839710142575606,0.09252947125007438,9,"throughput_2,buffer_size_3,avg_p_latency_3,throughput_1,python_gc_objects_collected_total_3,scrape_duration_seconds_1,avg_p_latency_1,buffer_size_2,throughput_3",,,0.7069807126186788,0.22946258038282394,57.279552224092185,941.6,180.6,0.9188948306595366,1,,,False,30,,0.964349376114082,0.9358288770053476,0.9188948306595366,0.9551929027597067,0.6617368504154193,0.5865564232510934,0.9564054360437102,0.6757929678490426,0.598342721739007,0.954035816155397,0.6502535662475821,0.5792737081017072,0.18074910629077917,0.2602465288357507,0.34116030887719045
throughput_3,8,6,mrmr,kmeans,aic,5,5,0.7961252565463973,0.05376864917704664,0.46516678738083056,0.03391924902355429,0.4613606708993986,0.037965701531583344,0.5017216330365464,0.05153523324987794,0.7154553956974055,0.17107749965215044,0.9187310219157687,0.010091764446162927,0.6642008490823734,0.01507532665416206,0.6641541381986024,0.01507284893260958,0.6642489917301317,0.015079571524754932,0.358600673330127,0.11566038863997802,0.08653521904577999,0.0212761581733848,0.0597667788883545,0.019276731439996333,0.16666666666666666,0.0,1.2735567944829207,0.057095276259228576,0.8931628549608162,0.02849285177420895,0.6190662976118803,0.09745534479722749,0.6789932646030998,0.08362840086304278,0.6649107069990509,0.11488979282211227,0.44532949427393975,0.16208568651488084,9,"throughput_2,buffer_size_3,avg_p_latency_3,throughput_1,python_gc_objects_collected_total_3,scrape_duration_seconds_1,avg_p_latency_1,buffer_size_2,throughput_3",,,0.5848800077103078,0.26305154617875814,57.125074883922935,833.6,288.6,0.8502673796791443,1,,,False,30,,0.9500891265597148,0.8778966131907309,0.8502673796791443,0.6242930439113379,0.6565875821598547,0.4896101144399079,0.6224310196165671,0.6702176581730507,0.4911785164120354,0.629421004165609,0.64911470991168,0.5442625876947912,0.3103424520990993,0.5030489688418852,0.5214288450901493
throughput_3,8,8,mrmr,kmeans,aic,5,5,0.7638623943060588,0.06977357297209627,0.36343720639340604,0.09368508736157413,0.3907872476124202,0.07484187553250002,0.37368663273346003,0.09909364093949204,0.8262876139968842,0.21186084965339153,0.9089293225587814,0.015515980528127488,0.5635924055299544,0.08581382596447372,0.5635530623709142,0.08583219531814143,0.5636328724309362,0.08579586500455569,0.32063275889162435,0.08902209248981462,0.06001560179767464,0.012640930467549109,0.04007909486145304,0.011127761561226827,0.125,0.0,1.3970113938141817,0.16434190522553868,0.8833656036987859,0.04530944503444496,0.6118268350487587,0.1492546073832738,0.6620138953052579,0.12654563308040445,0.6386960786788045,0.1624974072998473,0.5851081531928872,0.17618145856823011,9,"throughput_2,buffer_size_3,avg_p_latency_3,throughput_1,python_gc_objects_collected_total_3,scrape_duration_seconds_1,avg_p_latency_1,buffer_size_2,throughput_3",,,0.5877510834485292,0.2831353246234357,57.3936878121458,761.0,361.2,0.8547237076648841,2,,,False,30,,0.4857397504456328,0.7807486631016043,0.8547237076648841,0.20630700357009435,0.25553607855833893,0.46958784974144896,0.20422853729463314,0.26332959845441145,0.4797773951543476,0.2632581647529453,0.26622308420686475,0.4651073906078528,2.493571345957812,0.7237063799575011,0.6081077646617944
throughput_3,8,10,mrmr,kmeans,aic,5,5,0.765635560465585,0.06631562265932775,0.33645860281524026,0.0669117793618439,0.3334709452287323,0.06749293228369534,0.3568601405761925,0.06849775749085425,0.914206562987655,0.15123748549644353,0.8895032245878195,0.010482621863332629,0.5620425953246556,0.055402189566873226,0.5620146841356932,0.05541128977597597,0.562071995802208,0.05539311741652251,0.24184567375075988,0.0411021971464149,0.040289648717874306,0.0035431242014632696,0.02507385238200806,0.00302018589662923,0.10444444444444445,0.006085806194501839,1.6722248662373407,0.13973957699043185,0.8450776865475357,0.06295471134100325,0.5047569199932149,0.09740319505195558,0.5346353074865046,0.1156185232971416,0.5317073377670564,0.09861421009846594,0.7283591639334824,0.29056325648546316,9,"throughput_2,buffer_size_3,avg_p_latency_3,throughput_1,python_gc_objects_collected_total_3,scrape_duration_seconds_1,avg_p_latency_1,buffer_size_2,throughput_3",,,0.5260185648687183,0.2608587445691228,57.29560877988115,701.2,421.0,0.8253119429590018,1,,,False,30,,0.946524064171123,0.8057040998217468,0.8253119429590018,0.47689854074302096,0.33209251904832227,0.4219798269236922,0.47204032394892037,0.33392481051240097,0.41914154407709947,0.4819673575313045,0.33759366582161965,0.43432477101029876,0.31776191853181335,0.703084656330647,1.0497393751344954
throughput_3,12,2,markov,classic_uniform,bic,5,5,0.9700566505238865,0.018011972049684737,0.7665398881701432,0.07417870687148935,0.8413485305274179,0.10420239248885337,0.7260362450953222,0.07190922486587499,0.12085704954918945,0.047705447773943234,0.9814642152497687,0.008032980076580562,0.8745284800606118,0.015280170930052748,0.8745284800606118,0.015280170930052748,0.8745284800606118,0.015280170930052748,0.9613251048010882,0.015651587992000626,0.49011454434285956,0.004084685735689133,0.4806625524005441,0.007825793996000313,0.5,0.0,0.16509488330785121,0.04975210758910931,0.9775613744323637,0.018319958414008606,0.8302260896637353,0.09443656394829604,0.9161102440827305,0.1191574289512487,0.782387868384409,0.0927202437125408,0.11044706490304126,0.0709299623215825,13,"scrape_duration_seconds_3,buffer_size_3,cores_1,data_quality_2,throughput_2,python_gc_objects_collected_total_1,throughput_1,python_gc_objects_collected_total_3,python_gc_collections_total_7,python_gc_objects_collected_total_2,python_gc_collections_total_1,python_gc_collections_total_4,throughput_3",5.0,padded,0.8174974536523223,0.19386752555146813,52.663927626330405,1103.6,18.6,0.9821905609973286,5,,,False,30,,0.8878005342831701,0.9697239536954586,0.9821905609973286,0.4702830188679245,0.4923146473779385,0.8565112951037515,0.47296015180265655,0.4848619768477293,0.8768432993031923,0.46763602251407127,0.5,0.8384186272131943,0.5060887373252353,0.07702866434847186,0.07988139700639513
throughput_3,12,3,markov,classic_uniform,bic,5,5,0.8301401739356796,0.07723393092230081,0.6560150718623222,0.15371557267387598,0.6980208134614643,0.15101554898895866,0.6694924701829705,0.1317197874319231,0.46197179012965595,0.15425340048040184,0.9408317103251889,0.006935310253495855,0.8721575666018826,0.009455766799742776,0.8721585421555386,0.009376860610541746,0.872157977162367,0.009540536343960649,0.6665563497316679,0.02695215561658216,0.2665547123006596,0.006606764081832377,0.22218544991055594,0.008984051872194058,0.3333333333333333,0.0,0.7497565314935168,0.039573696167684747,0.954770838152762,0.008920266570207258,0.8538060908735426,0.05952634108270689,0.9150672196511046,0.06305927510877088,0.8219948990997578,0.06546993190924363,0.20004721438751938,0.02770381719705259,13,"buffer_size_3,scrape_duration_seconds_3,throughput_2,python_gc_objects_collected_total_1,throughput_1,python_gc_objects_collected_total_3,python_gc_collections_total_7,python_gc_objects_collected_total_2,python_gc_collections_total_1,python_gc_collections_total_4,python_gc_objects_collected_total_5,process_cpu_seconds_total_1,throughput_3",3.0,padded,0.7967789903283119,0.21099802926182748,46.376944151706994,1062.0,60.2,0.9136242208370436,5,,,False,30,,0.39180765805877116,0.804986642920748,0.9136242208370436,0.20063839489284085,0.5404359264995094,0.8620430146745935,0.32811334824757643,0.5330291177748805,0.8813751590650325,0.14449917898193762,0.5572416732000293,0.8452127691785964,1.0920655142510285,0.45291853863570064,0.3362862517367848
throughput_3,12,4,markov,classic_uniform,bic,5,5,0.8727496535730783,0.04160230908910572,0.536599395997298,0.07361742881854443,0.5448363035738789,0.07460367462656821,0.5365049737479703,0.07323618655126922,0.41837725581993357,0.08014442608045644,0.9378047406123464,0.01516816575748524,0.699514346195783,0.05153008635189212,0.6995379594255418,0.051602941462585816,0.6994913264466999,0.05145771428023833,0.5323630204935533,0.07950957885956239,0.17300320853784265,0.016954454878714057,0.13309075512338833,0.019877394714890598,0.25,0.0,0.8665559329981776,0.024950255722905698,0.9437289859711058,0.01930675194627539,0.7851919484108733,0.07769935136920925,0.8668710261740511,0.1194915587828837,0.7546627780467766,0.07780516127320271,0.24800506066857309,0.08120569623243898,13,"scrape_duration_seconds_3,throughput_2,python_gc_objects_collected_total_1,throughput_1,python_gc_objects_collected_total_3,python_gc_collections_total_7,python_gc_objects_collected_total_2,python_gc_collections_total_1,python_gc_collections_total_4,python_gc_objects_collected_total_5,process_cpu_seconds_total_1,process_cpu_seconds_total_3,throughput_3",2.0,padded,0.7622026341967285,0.21420756876468658,41.756550756748766,1045.8,76.4,0.9135472370766489,1,,,False,30,,0.7130124777183601,0.9233511586452763,0.9135472370766489,0.409465361323527,0.5882685089846216,0.5774375604481802,0.37253608320362247,0.5670196427975615,0.5762974047594417,0.4594111813085956,0.6248673053965533,0.5798439806029939,0.7597408800751615,0.26405125954014036,0.3398093136538234
throughput_3,12,6,markov,classic_uniform,bic,5,4,0.810644552486258,0.0343008525443295,0.505213541673744,0.041789599136519105,0.5259671398810084,0.03339231839483617,0.4996208544328289,0.048953385180243475,0.6645320497847668,0.05524785544022891,0.8995401609198687,0.024396358334915127,0.6314033173693511,0.052672285330998464,0.6313566509923442,0.05263625898116262,0.6314514406799598,0.05270885429163168,0.38295948590720996,0.10736974738630238,0.09655471708694995,0.026334308316885352,0.0677630040386051,0.023208579641366463,0.175,0.016666666666666677,1.2617870856534896,0.08012128031149401,0.8642228334754074,0.04762803518906564,0.671662698095958,0.0901876834570872,0.7475273122595336,0.1132777545224746,0.6475183232912,0.09412798071018937,0.5287326941501699,0.1329754290573317,13,"scrape_duration_seconds_3,throughput_2,python_gc_objects_collected_total_1,throughput_1,python_gc_objects_collected_total_3,python_gc_collections_total_7,python_gc_objects_collected_total_2,python_gc_collections_total_1,python_gc_collections_total_4,python_gc_objects_collected_total_5,process_cpu_seconds_total_1,process_cpu_seconds_total_3,throughput_3",2.0,padded,0.7181629610713571,0.21610790176782757,38.328724534250796,1025.5,96.75,0.8431372549019608,2,,,False,30,,0.5686274509803921,0.7976827094474154,0.8431372549019608,0.25218622316420475,0.41350613613981274,0.5383214249389994,0.2311115953314806,0.47572181624563986,0.5438190255431634,0.30994066466221426,0.4265031254689697,0.5371160870830086,1.9168304321807574,0.6385699816141228,0.6163295683425309
throughput_3,12,8,markov,classic_uniform,bic,5,4,0.7903754029742716,0.040520518913975234,0.35037867697198644,0.04499816927887664,0.37040075883752854,0.05090753089319466,0.34386408355120357,0.04146514248854934,0.7774589105579417,0.15431088475616445,0.9080040095047166,0.020740055719812616,0.5091279142198466,0.07261808256013037,0.5091485915089654,0.07260778265561788,0.5091076279496978,0.07262873781907801,0.3272615368498245,0.10297616570153997,0.06079101583756281,0.014632786851207604,0.040907692106228064,0.012872020712692497,0.125,0.0,1.3049833393864703,0.05763149854950935,0.8715789319406901,0.023946377673378663,0.5429209851690687,0.09387888098039107,0.590658686337911,0.07829649787080391,0.5256789268290467,0.10209289285541764,0.5833535882495443,0.1012156681504121,13,"throughput_2,python_gc_objects_collected_total_1,throughput_1,python_gc_objects_collected_total_3,python_gc_collections_total_7,python_gc_objects_collected_total_2,python_gc_collections_total_1,python_gc_collections_total_4,python_gc_objects_collected_total_5,process_cpu_seconds_total_1,process_cpu_seconds_total_3,python_gc_objects_collected_total_6,throughput_3",1.0,padded,0.7822542233625427,0.2183876041090116,36.74719937611371,1015.5,106.75,0.8199643493761141,4,,,False,30,,0.5900178253119429,0.8368983957219251,0.8199643493761141,0.21542001696552648,0.3245962914586904,0.3847516581636013,0.20929169812677523,0.3251215570561109,0.42911372983754426,0.23336872887386584,0.33201822563724226,0.36476050918501385,1.294140868181921,0.5088746698034211,0.6697267323574085
throughput_3,12,10,markov,classic_uniform,bic,5,4,0.7553940219332289,0.07691422533215073,0.28943801473843533,0.08238658940407322,0.29771928513857776,0.09399506754024012,0.3060477429846123,0.08949097359862565,0.8333588979944277,0.1190970839408224,0.9080014301519199,0.014298974228158253,0.5441359479175799,0.03989966370498657,0.5440519615269153,0.04009255886109339,0.5442218480453581,0.03970412754801173,0.31077451218486263,0.11627432335553456,0.04891121342812631,0.014074423191009643,0.03265449617788416,0.011954894606831136,0.10555555555555554,0.006415002990995836,1.5242114665276876,0.0932182529373922,0.8546631338274766,0.04260717488467519,0.4855522137006202,0.12751822825512624,0.5281484010439663,0.14886220474546064,0.501138601270303,0.12198887582823127,0.6360637235320934,0.1894192679946437,13,"throughput_2,python_gc_objects_collected_total_1,throughput_1,python_gc_objects_collected_total_3,python_gc_collections_total_7,python_gc_objects_collected_total_2,python_gc_collections_total_1,python_gc_collections_total_4,python_gc_objects_collected_total_5,process_cpu_seconds_total_1,process_cpu_seconds_total_3,python_gc_objects_collected_total_6,throughput_3",1.0,padded,0.7898434808012098,0.2406559530645609,36.00080373277888,990.25,132.0,0.8253119429590018,2,,,False,30,,0.5213903743315508,0.731729055258467,0.8253119429590018,0.1790338134114329,0.20808100242196756,0.31977282380247807,0.16815904307637602,0.19890664075339043,0.31854363792627305,0.21918374685364977,0.21884019517535075,0.329898984583881,1.7793032218376688,1.0220994534918026,0.6834805601394053
throughput_3,12,2,markov,classic_uniform,aic,5,5,0.9709479161210345,0.015030772515012175,0.7675515664867982,0.058174076347431054,0.8422454561500656,0.059072391048239935,0.7264869152372928,0.06948343337603198,0.12440526186905665,0.03651515460754759,0.9814642152497687,0.008032980076580562,0.8745284800606118,0.015280170930052748,0.8745284800606118,0.015280170930052748,0.8745284800606118,0.015280170930052748,0.9613251048010882,0.015651587992000626,0.49011454434285956,0.004084685735689133,0.4806625524005441,0.007825793996000313,0.5,0.0,0.16509488330785121,0.049752107589109335,0.9770270912622836,0.019422974407531476,0.8239254597349106,0.10611260713929431,0.9115385386563739,0.12933981422285165,0.7749341565170134,0.10334570960527786,0.1133641134783504,0.07140621912822022,13,"process_resident_memory_bytes_1,cores_2,scrape_duration_seconds_3,python_gc_objects_collected_total_7,buffer_size_3,process_cpu_seconds_total_2,process_resident_memory_bytes_2,cores_1,data_quality_2,throughput_2,python_gc_objects_collected_total_1,throughput_1,throughput_3",10.0,padded,1.2037226974964141,0.21383424680680035,77.39585966710001,1093.4,28.8,0.9821905609973286,5,saved_dbn_models_top5_20260316_105011_seed783122_with_rps_run20260611_100041/best_bins2_dbn_throughput_3_K12_markov_classic_uniform_aic_bins2.pkl,saved_dbn_models_top5_20260316_105011_seed783122_with_rps_run20260611_100041/best_bins2_dbn_throughput_3_K12_markov_classic_uniform_aic_bins2_edges.csv,False,30,,0.9421193232413179,0.9581478183437222,0.9821905609973286,0.5000102744652141,0.48931332423829016,0.8565112951037515,0.5248427672955975,0.4846846846846847,0.8768432993031923,0.5045505414568315,0.49403122130394855,0.8384186272131943,0.3596852879951515,0.08998814080584851,0.0937111246222478
throughput_3,12,3,markov,classic_uniform,aic,5,5,0.8887860851456264,0.061962332188851055,0.7039843718553598,0.12206592759166407,0.720806381375904,0.15752779140515413,0.7044425419953697,0.10160400165517366,0.44251025958674656,0.14665606124318964,0.9408317103251889,0.006935310253495855,0.8721575666018826,0.009455766799742776,0.8721585421555386,0.009376860610541746,0.872157977162367,0.009540536343960649,0.6665563497316679,0.02695215561658216,0.2665547123006596,0.006606764081832377,0.22218544991055594,0.008984051872194058,0.3333333333333333,0.0,0.7497565314935168,0.03957369616768478,0.9494280064519606,0.012856893565176546,0.8526128639405981,0.055791554827413145,0.9204224728403758,0.07525059564392353,0.830372134473541,0.06467391361415822,0.2146855734757486,0.04980737059252792,13,"scrape_duration_seconds_3,python_gc_objects_collected_total_7,buffer_size_3,throughput_2,data_quality_1,python_gc_objects_collected_total_1,throughput_1,python_gc_objects_collected_total_3,python_gc_collections_total_7,python_gc_objects_collected_total_2,python_gc_collections_total_1,python_gc_collections_total_4,throughput_3",5.0,padded,1.3212856085039675,0.3069066312164068,58.79615024663508,1015.0,107.2,0.9349376114081996,4,,,False,30,,0.8181818181818182,0.8065953654188949,0.9349376114081996,0.5512124846772879,0.5240082124644015,0.8150149703549232,0.5350547826055831,0.5690686274509803,0.9232918134444624,0.5712437095614665,0.5179320117781968,0.7671042546206803,0.4810922985011917,0.5247078109764497,0.37359471847013326
throughput_3,12,4,markov,classic_uniform,aic,5,5,0.8816565952860541,0.04005246241325737,0.5522171645700327,0.06915269309599484,0.6019284962165903,0.0675790290306395,0.5508159987645147,0.07030552993886742,0.45408067150994447,0.10951422459070614,0.9378047406123464,0.01516816575748524,0.699514346195783,0.05153008635189212,0.6995379594255418,0.051602941462585816,0.6994913264466999,0.05145771428023833,0.5323630204935533,0.07950957885956239,0.17300320853784265,0.016954454878714057,0.13309075512338833,0.019877394714890598,0.25,0.0,0.8665559329981776,0.024950255722905698,0.9444413635312126,0.01917455915716908,0.7897923901889539,0.0732229432637048,0.8870452113253753,0.08672050232971207,0.7458456476219512,0.0806854257231799,0.23041892699340485,0.06564376948064872,13,"buffer_size_3,scrape_duration_seconds_3,throughput_2,python_gc_objects_collected_total_1,throughput_1,python_gc_objects_collected_total_3,python_gc_collections_total_7,python_gc_objects_collected_total_2,python_gc_collections_total_1,python_gc_collections_total_4,python_gc_objects_collected_total_5,process_cpu_seconds_total_1,throughput_3",3.0,padded,0.9237663441337645,0.2438278816640377,48.014425116125494,1045.0,77.2,0.9171122994652406,1,,,False,30,,0.7014260249554367,0.9180035650623886,0.9171122994652406,0.5475417151042625,0.47815748000079794,0.5792717879495902,0.5410054150401096,0.4972492568003522,0.5902165411870659,0.6043593422284685,0.4786782576754722,0.572194950911641,0.7873357532658968,0.28069757254948385,0.3766830750990619
throughput_3,12,6,markov,classic_uniform,aic,5,4,0.7612394306058861,0.13646306877929407,0.45237729541889904,0.08923962118923978,0.47641488495421414,0.091334696747458,0.4547866306492646,0.0897496825279327,0.7758961444322284,0.3021861134622353,0.8995401609198687,0.024396358334915127,0.6314033173693511,0.052672285330998464,0.6313566509923442,0.05263625898116262,0.6314514406799598,0.05270885429163168,0.38295948590720996,0.10736974738630238,0.09655471708694995,0.026334308316885352,0.0677630040386051,0.023208579641366463,0.175,0.016666666666666677,1.2617870856534898,0.08012128031149407,0.8960572056926825,0.01246381221604016,0.7103881619696616,0.06674678811519705,0.7871760047518293,0.08422324555193741,0.6880813001969678,0.08461109692044766,0.4333014940801353,0.0922592631721998,13,"buffer_size_3,scrape_duration_seconds_3,throughput_2,python_gc_objects_collected_total_1,throughput_1,python_gc_objects_collected_total_3,python_gc_collections_total_7,python_gc_objects_collected_total_2,python_gc_collections_total_1,python_gc_collections_total_4,python_gc_objects_collected_total_5,process_cpu_seconds_total_1,throughput_3",3.0,padded,0.8187838445883244,0.2629710512701422,41.5943700238131,973.75,148.5,0.8422459893048129,2,,,False,30,,0.5606060606060606,0.7611408199643493,0.8422459893048129,0.25418209549549814,0.38458988469601674,0.5074781742696107,0.23988153808771054,0.38124476407630903,0.5028626522563512,0.30734840334902275,0.4062632661336498,0.5365678414689735,1.4919592822810466,0.7813002145422592,0.7171741343375861
throughput_3,12,8,markov,classic_uniform,aic,5,4,0.8115286752602765,0.05234005858579945,0.3651109380919165,0.04628267335386155,0.3853146203191353,0.04740669875522745,0.3588016337719564,0.04684513036325755,0.7736789458170018,0.17944039784062563,0.9080040095047166,0.020740055719812616,0.5091279142198466,0.07261808256013037,0.5091485915089654,0.07260778265561788,0.5091076279496978,0.07262873781907801,0.3272615368498245,0.10297616570153997,0.06079101583756281,0.014632786851207604,0.040907692106228064,0.012872020712692497,0.125,0.0,1.3049833393864705,0.057631498549509365,0.8764783101947946,0.027288536269870583,0.5635088291254717,0.1039286230394396,0.6249414079944713,0.12409376466719642,0.5591591113353449,0.10814276807865428,0.6008553134175205,0.10679709392283569,13,"avg_p_latency_3,throughput_2,python_gc_objects_collected_total_1,throughput_1,python_gc_objects_collected_total_3,python_gc_collections_total_7,python_gc_objects_collected_total_2,python_gc_collections_total_1,python_gc_collections_total_4,python_gc_objects_collected_total_5,process_cpu_seconds_total_1,process_cpu_seconds_total_3,throughput_3",2.0,padded,0.7944828576873988,0.2720867015887052,38.06941591296345,973.0,149.25,0.8593054318788959,5,,,False,30,,0.5271593944790739,0.7560106856634016,0.8593054318788959,0.12203381451453432,0.27391853974442404,0.4126629352015811,0.13916341432708046,0.28625533178594575,0.41358703989436263,0.10870215311004784,0.2703333030983318,0.4144362593639248,2.011303414021989,0.7098429191324914,0.586887151283053
throughput_3,12,10,markov,classic_uniform,aic,5,3,0.7139706742137206,0.09004577934620499,0.27603910047893815,0.0941108041695499,0.2869915634754731,0.11344188478931892,0.29309610547351295,0.1024532418369724,0.9443459016717203,0.1293183086628548,0.9091237131675035,0.017295487300561886,0.5354460531830072,0.04398737458258687,0.535344414789023,0.044228855884929766,0.5355500523894668,0.0437427294203045,0.2705751665732809,0.10287688312776945,0.04512362703658849,0.014527877277815597,0.02916024326985862,0.011879412328865037,0.1074074074074074,0.006415002990995835,1.533941944957366,0.11165290304433116,0.8326406560126927,0.032513514872501405,0.45268143432646424,0.04111619479600683,0.4849180191749609,0.08518627834272283,0.4759705516709025,0.059410566156779095,0.7281519158918607,0.1420085559013832,13,"avg_p_latency_3,throughput_2,python_gc_objects_collected_total_1,throughput_1,python_gc_objects_collected_total_3,python_gc_collections_total_7,python_gc_objects_collected_total_2,python_gc_collections_total_1,python_gc_collections_total_4,python_gc_objects_collected_total_5,process_cpu_seconds_total_1,process_cpu_seconds_total_3,throughput_3",2.0,padded,0.7898810383242866,0.24717525128896037,35.43443520832807,979.6666666666666,142.66666666666666,0.7747105966162066,5,,,False,30,,0.47996438112199463,0.6010685663401603,0.7747105966162066,0.0753319357092942,0.20656852437048095,0.3293185833861635,0.0880718954248366,0.2540138683832235,0.3166568186639007,0.06581196581196581,0.2040410727157715,0.37359570663195496,2.179804420638536,1.4907488913781355,0.8418618436408714
throughput_3,12,2,markov,classic_quantile,bic,5,5,0.8900421109105829,0.03176567775340711,0.8793768938709177,0.039870161961415206,0.8851101123927465,0.04054748151232665,0.882729802307842,0.04171752002902129,0.3227458111246903,0.09112620599142869,0.9615051039439496,0.009907644669638619,0.95756860288466,0.013947998638261171,0.9576261069609678,0.013960280783484892,0.9575117651941841,0.013936392713083686,0.44680961836689664,0.14177892306198198,0.30344556726597544,0.06878354456784515,0.22340480918344832,0.07088946153099099,0.5,0.0,0.6931064040474924,0.00011294491591939425,0.9043736116084584,0.030269847035568676,0.8953966630596895,0.03836475255915701,0.8970414630745127,0.044726439323837464,0.8985394601686855,0.03148886768186214,0.3178778146108689,0.151196348177869,13,"cores_2,scrape_duration_seconds_3,avg_p_latency_2,avg_p_latency_3,cores_3,buffer_size_3,throughput_2,data_quality_1,python_gc_objects_collected_total_1,throughput_1,python_gc_objects_collected_total_3,python_gc_collections_total_7,throughput_3",8.0,padded,1.0921770310029388,0.23510021213442087,59.14414960378781,1046.8,75.4,0.9358288770053476,2,,,False,30,,0.8600713012477719,0.928698752228164,0.9358288770053476,0.857348895703882,0.9270234409553295,0.9343210968597966,0.8589082797366347,0.9249747651215157,0.9373496342122061,0.8865122629790467,0.9297014027007223,0.9320603405067179,0.4016019959316541,0.2977979153426373,0.24275241399841266
throughput_3,12,3,markov,classic_quantile,bic,5,5,0.8472731082232942,0.0369385105724539,0.8295714973847919,0.03484947003353845,0.8465394495233524,0.029792745284982356,0.8304893554025273,0.053530079886658415,0.46121768498718907,0.08474224891771709,0.9148162786526413,0.02940517186106693,0.9115226560318532,0.028430278954491434,0.9115873485620127,0.02837930046588442,0.9114595572174375,0.028481130897000554,0.2794375582338497,0.14078090686051642,0.1403832720048364,0.0593868065567553,0.09314585274461656,0.046926968953505475,0.3333333333333333,0.0,1.0978579808092266,0.0014899595607213438,0.8874709645934409,0.045267127100582366,0.8672193110517942,0.053761051337971766,0.8908266618520126,0.049558005519658624,0.8658070935779643,0.06858474115618893,0.2668636992054145,0.07174435848286365,13,"scrape_duration_seconds_2,avg_p_latency_2,avg_p_latency_3,buffer_size_2,cores_3,buffer_size_3,data_quality_3,cores_1,data_quality_2,throughput_2,python_gc_objects_collected_total_1,throughput_1,throughput_3",10.0,padded,0.9533815455622972,0.27776116542518137,48.29813417606056,986.0,136.2,0.8841354723707665,3,,,False,30,,0.8654188948306596,0.9144385026737968,0.8841354723707665,0.8092000043794257,0.8954281422105753,0.8534191087816848,0.7839706215373786,0.9221206594558149,0.8762444862893294,0.8812463074559848,0.8752972515762701,0.8382109080919314,0.501076891381517,0.38763464237449746,0.4287318204506728
throughput_3,12,4,markov,classic_quantile,bic,5,5,0.7709825191308612,0.06853491886783183,0.7509125476276632,0.07396929693280714,0.7794592758428276,0.05824154238009405,0.7600900887085046,0.0641786361906107,0.6941781451342613,0.12226394316822589,0.8994865103816965,0.015241371938631324,0.8971870840460584,0.014473683404433798,0.8972505789326594,0.014371448253225687,0.897126481724191,0.014577509030104787,0.2708829957952581,0.08536073757578705,0.105121826370789,0.027027225722333105,0.06772074894881452,0.021340184393946762,0.25,0.0,1.3851846699207504,0.001759869534867277,0.8698320145264178,0.07279356762356377,0.8614977240154099,0.08338540190057747,0.8851671322561302,0.06031458278323176,0.8541740734718595,0.09004530208408845,0.5400226572081345,0.22716893138537772,13,"buffer_size_3,data_quality_3,throughput_2,python_gc_objects_collected_total_1,throughput_1,python_gc_objects_collected_total_3,python_gc_collections_total_7,python_gc_objects_collected_total_2,python_gc_collections_total_1,python_gc_collections_total_4,python_gc_objects_collected_total_5,process_cpu_seconds_total_1,throughput_3",3.0,padded,0.8319559098221362,0.22869485141709447,42.85722445230931,1037.0,85.2,0.8600713012477719,1,,,False,30,,0.9117647058823529,0.8475935828877005,0.8600713012477719,0.9091607429010928,0.8381436652863756,0.8500920848819391,0.912445289515318,0.8370478575855639,0.8483382529334491,0.9093574528407538,0.8476756232247042,0.8573315709764531,0.33531309424657735,0.4686039144491183,0.5004682384409682
throughput_3,12,6,markov,classic_quantile,bic,5,5,0.7025753845616608,0.09418508882709331,0.6407648630345126,0.14015227042125503,0.6755142121248899,0.12861717427123343,0.6388226093320333,0.14306516424520915,0.9409005179242488,0.11677988932979771,0.8515476910427411,0.03673486897160901,0.8270324539465326,0.03857925678234514,0.8270892208311029,0.03850118468089746,0.8269787204799102,0.0386562202756353,0.29120385141023136,0.042547559254165146,0.07494935386452178,0.00861471542895186,0.048533975235038565,0.00709125987569419,0.16666666666666666,0.0,1.7430248160416781,0.031966408113369434,0.8381456317755884,0.0717173653675518,0.811020343199733,0.10864140650840563,0.8385513551863191,0.06993925065948682,0.8042183130086485,0.12364485293552654,0.6175952366002927,0.17511278687932275,13,"scrape_duration_seconds_3,buffer_size_3,data_quality_3,throughput_2,python_gc_objects_collected_total_1,throughput_1,python_gc_objects_collected_total_3,python_gc_collections_total_7,python_gc_objects_collected_total_2,python_gc_collections_total_1,python_gc_collections_total_4,python_gc_objects_collected_total_5,throughput_3",4.0,padded,0.7947327634319663,0.28239702228456737,42.735489604994655,922.4,199.8,0.7843137254901961,3,,,False,30,,0.8458110516934046,0.7308377896613191,0.7843137254901961,0.6809327166964921,0.5840813865375966,0.7731175815295074,0.6710671794025053,0.5688819789278299,0.8072529940675383,0.696997482752191,0.6072061419457797,0.756085225855771,0.7700281780135196,0.7902603271663056,0.8389484462380243
throughput_3,12,8,markov,classic_quantile,bic,5,5,0.7544091059883842,0.044596017775113225,0.6757573895021765,0.08691979166637526,0.6957883052029519,0.08811824903725526,0.6686995168766683,0.08877398480565034,0.981527707191516,0.11711200052608811,0.8497611916133734,0.02569089918103424,0.8363568407440543,0.026176506528293876,0.8364191037754521,0.02615472194438187,0.8362985782308415,0.02619781607025511,0.29120385141023136,0.042547559254165146,0.06291955198969593,0.010037270624112795,0.04078886188977331,0.007666282720144682,0.1392857142857143,0.007985957062499245,1.917700432837902,0.08800185511408466,0.8315505937007824,0.06975151737042029,0.7570961853371516,0.11957306316446562,0.7826330496036624,0.11727600805806537,0.7480118180599471,0.12120433232980027,0.7614760915699118,0.29965459447498977,13,"cores_3,buffer_size_3,data_quality_3,throughput_2,python_gc_objects_collected_total_1,throughput_1,python_gc_objects_collected_total_3,python_gc_collections_total_7,python_gc_objects_collected_total_2,python_gc_collections_total_1,python_gc_collections_total_4,python_gc_objects_collected_total_5,throughput_3",4.0,padded,0.7779692742973566,0.27578227389603854,40.91331337578595,911.6,210.6,0.8128342245989305,2,,,False,30,,0.5133689839572193,0.6631016042780749,0.8128342245989305,0.4605464783339066,0.5443520291271846,0.7027267623163779,0.4515250661402251,0.55216826538629,0.7017016203300224,0.5294990360141228,0.5477884858925932,0.707290800259688,1.5057740543659475,1.0838345889423313,0.8735359288597292
throughput_3,12,10,markov,classic_quantile,bic,5,5,0.5836588079739302,0.10473115014381418,0.4508336796506821,0.09660619663043724,0.48151200182278125,0.12099688144077458,0.45914829101561666,0.07277449637235449,1.3729373784468595,0.11542291977298721,0.7690244332169847,0.07213575352763434,0.669958906567656,0.09281856450614168,0.6700206753899108,0.09291519899986259,0.6699017211692511,0.092722253708761,0.29120385141023136,0.042547559254165146,0.04914319064219148,0.00738284918922222,0.0318509329849752,0.005709090250576839,0.10888888888888888,0.004969039949999528,2.0999575370835126,0.12027466751558907,0.7922094795650947,0.0916334928795518,0.7221817898113801,0.13205134336302402,0.7830589708477447,0.08286095872524632,0.7068207149560537,0.1473117084261378,0.9493113760397647,0.28960048367794383,13,"throughput_2,python_gc_objects_collected_total_1,throughput_1,python_gc_objects_collected_total_3,python_gc_collections_total_7,python_gc_objects_collected_total_2,python_gc_collections_total_1,python_gc_collections_total_4,python_gc_objects_collected_total_5,process_cpu_seconds_total_1,process_cpu_seconds_total_3,python_gc_objects_collected_total_6,throughput_3",1.0,padded,0.8117286421358585,0.2944075048901141,40.65117455413565,898.6,223.6,0.674087266251113,5,,,False,30,,0.5859305431878896,0.5440783615316117,0.674087266251113,0.21980325177781945,0.2596438004829394,0.5385695337273655,0.24073668779551133,0.3021015427262483,0.5626312556046825,0.23841318015719543,0.2740648551436304,0.5356713437478129,1.2883461704403179,1.3372054621929885,1.218487788202388
throughput_3,12,2,markov,classic_quantile,aic,5,5,0.8875514878500578,0.03815272857759984,0.8769523678633779,0.04783990550551992,0.8812544227584297,0.044046694543233574,0.8826104661533151,0.0487252370496507,0.30705403391193586,0.07741227347094878,0.9615051039439496,0.009907644669638619,0.95756860288466,0.013947998638261171,0.9576261069609678,0.013960280783484892,0.9575117651941841,0.013936392713083686,0.44680961836689664,0.14177892306198198,0.30344556726597544,0.06878354456784515,0.22340480918344832,0.07088946153099099,0.5,0.0,0.6931064040474924,0.00011294491591941711,0.9241455747346805,0.03687276006009223,0.9169642775228597,0.04555497312390143,0.9156702061139199,0.052527273016865536,0.9225291866553343,0.03432929844745763,0.2372822834598515,0.12015191075955015,14,"throughput_2,buffer_size_3,avg_p_latency_1,data_quality_1,buffer_size_2,avg_p_latency_2,process_resident_memory_bytes_3,avg_p_latency_3,scrape_duration_seconds_1,process_virtual_memory_bytes_2,scrape_duration_seconds_3,cores_1,throughput_3,throughput_1",16.0,trimmed,1.4425617089495062,0.30501859411597254,83.7199778710492,1032.2,90.0,0.9269162210338681,2,,,False,30,,0.8600713012477719,0.9206773618538324,0.9269162210338681,0.857348895703882,0.9191744066047471,0.9254376296680498,0.8589082797366347,0.9163741300179536,0.9266052362147141,0.8865122629790467,0.9240847116089186,0.9244256172290579,0.4384001453150198,0.2586326139902042,0.22073566373033496
throughput_3,12,3,markov,classic_quantile,aic,5,5,0.8289282749447227,0.07385778389377967,0.7928001273613643,0.08961957790455509,0.8366550582175833,0.044624297389656724,0.7906311013755877,0.1038894135179152,0.5489351152746984,0.14679086962744792,0.9148162786526413,0.02940517186106693,0.9115226560318532,0.028430278954491434,0.9115873485620127,0.02837930046588442,0.9114595572174375,0.028481130897000554,0.2794375582338497,0.14078090686051642,0.1403832720048364,0.0593868065567553,0.09314585274461656,0.046926968953505475,0.3333333333333333,0.0,1.0978579808092266,0.0014899595607213438,0.8799818102882784,0.04689512611375068,0.857228978918091,0.0649723331252666,0.8813020541398208,0.06892700292653438,0.8531524676570198,0.06770477864996893,0.3521083222593241,0.16045225634613206,14,"cores_2,scrape_duration_seconds_2,avg_p_latency_2,avg_p_latency_3,buffer_size_2,cores_3,buffer_size_3,avg_p_latency_1,data_quality_3,cores_1,throughput_2,python_gc_objects_collected_total_1,throughput_3,throughput_1",11.0,padded,1.4626833310350775,0.39742801086977125,61.33123653801158,958.4,163.8,0.8832442067736186,3,,,False,30,,0.8654188948306596,0.8966131907308378,0.8832442067736186,0.8092000043794257,0.8530850661654524,0.8299215843869465,0.7839706215373786,0.9130718684702518,0.8743706355806674,0.8812463074559848,0.8203488605623054,0.8080185756704309,0.4964133114858289,0.49092443379503087,0.409312828190122
throughput_3,12,4,markov,classic_quantile,aic,5,5,0.7194862564146519,0.08361768407414241,0.6966613396136868,0.1080017006848431,0.7065261156448429,0.08960807160069455,0.7472766257574042,0.07014629905968169,0.815911646152534,0.20540410097119172,0.8994865103816965,0.015241371938631324,0.8971870840460584,0.014473683404433798,0.8972505789326594,0.014371448253225687,0.897126481724191,0.014577509030104787,0.2708829957952581,0.08536073757578705,0.105121826370789,0.027027225722333105,0.06772074894881452,0.021340184393946762,0.25,0.0,1.3851846699207504,0.001759869534867277,0.8465162265538101,0.04491875044769587,0.8225899162210322,0.05691736616320458,0.8320581145493522,0.06041743289256621,0.8333204900477839,0.0525688779580665,0.6084930869516031,0.16805724182830595,13,"avg_p_latency_3,cores_3,buffer_size_3,cores_1,throughput_2,python_gc_objects_collected_total_1,throughput_1,python_gc_objects_collected_total_3,python_gc_collections_total_7,python_gc_objects_collected_total_2,python_gc_collections_total_1,python_gc_collections_total_4,throughput_3",5.0,padded,1.5492557713761925,0.33384517282247544,52.99604876479134,944.8,177.4,0.8270944741532977,1,,,False,30,,0.857397504456328,0.820855614973262,0.8270944741532977,0.8562489915267798,0.8214297419817006,0.829653647403695,0.8737505582336794,0.819510563440811,0.824589051221402,0.8601049799398007,0.8345494381688914,0.8377789319836223,0.3862581981490716,0.49493533206827484,0.539188586493851
throughput_3,12,6,markov,classic_quantile,aic,5,5,0.6565613179619779,0.07446870362007087,0.6192213763423533,0.07448614909062291,0.6510676937507398,0.07342161781982547,0.6417393894598655,0.07253068631326864,1.0923111019937901,0.21824254554499103,0.8515476910427411,0.03673486897160901,0.8270324539465326,0.03857925678234514,0.8270892208311029,0.03850118468089746,0.8269787204799102,0.0386562202756353,0.29120385141023136,0.042547559254165146,0.07494935386452178,0.00861471542895186,0.048533975235038565,0.00709125987569419,0.16666666666666666,0.0,1.7430248160416781,0.03196640811336945,0.8133960572056926,0.05596052146023135,0.7847457107446766,0.09669488954843408,0.8120703800043652,0.07494592264711743,0.784903249706217,0.11205125922612402,0.7416351533963982,0.1670737741448191,13,"scrape_duration_seconds_3,avg_p_latency_3,cores_3,buffer_size_3,throughput_2,python_gc_objects_collected_total_1,throughput_1,python_gc_objects_collected_total_3,python_gc_collections_total_7,python_gc_objects_collected_total_2,python_gc_collections_total_1,python_gc_collections_total_4,throughput_3",5.0,padded,1.3101088803261518,0.34144227737560867,49.091244355775416,853.0,269.2,0.7477718360071302,1,,,False,30,,0.9046345811051694,0.7816399286987522,0.7477718360071302,0.893987596961102,0.768894668559296,0.7452764921127598,0.893484337178492,0.7724572780501294,0.7463111499536047,0.8946269803923463,0.7724659795752363,0.7521451149011594,0.42240194375176104,0.6882148912746171,0.8207886002052207
throughput_3,12,8,markov,classic_quantile,aic,5,5,0.7358784005790449,0.05662271704964629,0.6659463797451439,0.05575349616275512,0.6823062263930735,0.05017456574697535,0.6742585225665282,0.05009991703215002,1.0250643556510224,0.1468118261863321,0.8497611916133734,0.02569089918103424,0.8363568407440543,0.026176506528293876,0.8364191037754521,0.02615472194438187,0.8362985782308415,0.02619781607025511,0.29120385141023136,0.042547559254165146,0.06291955198969593,0.010037270624112795,0.04078886188977331,0.007666282720144682,0.1392857142857143,0.007985957062499245,1.917700432837902,0.08800185511408466,0.7948742406429143,0.09311544926163864,0.7377260689255489,0.10539253830019811,0.7598427962905531,0.08942887001882852,0.7302882269108535,0.11416226802359998,0.9544224465449197,0.40302323754948166,13,"buffer_size_3,avg_p_latency_3,throughput_2,python_gc_objects_collected_total_1,throughput_1,python_gc_objects_collected_total_3,python_gc_collections_total_7,python_gc_objects_collected_total_2,python_gc_collections_total_1,python_gc_collections_total_4,python_gc_objects_collected_total_5,process_cpu_seconds_total_1,throughput_3",3.0,padded,1.0484222415834665,0.3174637665040791,44.72107039997354,877.0,245.2,0.8128342245989305,2,,,False,30,,0.517825311942959,0.6390374331550802,0.8128342245989305,0.45802286849861173,0.5345008056802794,0.7027267623163779,0.44663696732688235,0.5468602103386124,0.7017016203300224,0.5273835986007995,0.5288278117352898,0.707290800259688,1.4877181326913373,1.0797905680906177,0.8877556169571854
throughput_3,12,10,markov,classic_quantile,aic,5,5,0.5380577552805305,0.07527029739656164,0.4177752041402707,0.08156390571397236,0.4428782517278934,0.06057316128422652,0.4269628354325021,0.08310854731212752,1.5488994158412754,0.33692198959394415,0.7690244332169847,0.07213575352763434,0.669958906567656,0.09281856450614168,0.6700206753899108,0.09291519899986259,0.6699017211692511,0.092722253708761,0.29120385141023136,0.042547559254165146,0.04914319064219148,0.00738284918922222,0.0318509329849752,0.005709090250576839,0.10888888888888888,0.004969039949999528,2.0999575370835126,0.12027466751558917,0.7528648795961503,0.08331239772305879,0.6814636810357887,0.13032124721451943,0.716825949365431,0.11554562519482102,0.677733405930315,0.1341593989710438,1.0907116647347241,0.23241253662538897,13,"buffer_size_3,avg_p_latency_3,throughput_2,python_gc_objects_collected_total_1,throughput_1,python_gc_objects_collected_total_3,python_gc_collections_total_7,python_gc_objects_collected_total_2,python_gc_collections_total_1,python_gc_collections_total_4,python_gc_objects_collected_total_5,process_cpu_seconds_total_1,throughput_3",3.0,padded,1.104608401749283,0.3544255685992539,45.0007599289529,813.4,308.8,0.6256684491978609,1,,,False,30,,0.7067736185383244,0.6550802139037433,0.6256684491978609,0.6475567424823523,0.5943642060475691,0.5361696136975832,0.6529006973129835,0.6016489476249023,0.5293683808179096,0.6734803354999379,0.5946779730289574,0.5496046477537617,0.8062222768387356,1.0479841293667,1.1460613455316926
throughput_3,12,2,markov,kmeans,bic,5,5,0.9700563330650807,0.0175768122756912,0.7533052686863748,0.08251148662891729,0.8331194105605478,0.10847718759703269,0.7126127996785527,0.08159546771957484,0.12343697875880737,0.048870936000849345,0.9818207214886279,0.00801303710486728,0.8734214976413315,0.017374639814205946,0.8734214976413315,0.017374639814205946,0.8734214976413315,0.017374639814205946,0.9625725591782895,0.01457965533338928,0.4904421156910813,0.0037999489372258677,0.48128627958914477,0.00728982766669464,0.5,0.0,0.1610884134460344,0.04705912220103027,0.9802324733888319,0.016983129126703043,0.8498917697544695,0.09787557685116112,0.9286663420258835,0.11217309585176953,0.8033948472302539,0.10193293189345952,0.10283000775561277,0.069859285324572,13,"buffer_size_3,scrape_duration_seconds_3,throughput_2,python_gc_objects_collected_total_1,throughput_1,python_gc_objects_collected_total_3,python_gc_collections_total_7,python_gc_objects_collected_total_2,python_gc_collections_total_1,python_gc_collections_total_4,python_gc_objects_collected_total_5,process_cpu_seconds_total_1,throughput_3",3.0,padded,0.8765054872259498,0.19094972498714924,52.631886734161526,1100.0,22.2,0.9839715048975958,5,,,False,30,,0.12288512911843277,0.9697239536954586,0.9839715048975958,0.11905996322232336,0.4923146473779385,0.8635148274185708,0.5485792850595783,0.4848619768477293,0.8855837534372135,0.515732546705998,0.5,0.8440023510170704,0.7476685478321853,0.07740589681631702,0.0835124694046586
throughput_3,12,3,markov,kmeans,bic,5,5,0.8839727747328187,0.03325993173852582,0.7553876119285096,0.08058734420941235,0.7497347740595706,0.08569180728987487,0.7800789285009484,0.0732155978221396,0.3983917682750612,0.11383985742606799,0.9486727840978535,0.011174929891963102,0.8816544060667898,0.012944780617226773,0.8816910657204164,0.01285437353814961,0.8816185142620597,0.013035388843090813,0.5118678799942222,0.09727538281283896,0.22423701175549038,0.028656531455772377,0.17062262666474073,0.03242512760427965,0.3333333333333333,0.0,0.8376142909955163,0.029487590742458686,0.9485384851836243,0.014355451700876806,0.8620793078437272,0.05906730733364109,0.8961964850253817,0.08507930171418604,0.8478115923095952,0.052387059771676556,0.20506676623297837,0.04640186896057855,13,"buffer_size_3,scrape_duration_seconds_3,throughput_2,python_gc_objects_collected_total_1,throughput_1,python_gc_objects_collected_total_3,python_gc_collections_total_7,python_gc_objects_collected_total_2,python_gc_collections_total_1,python_gc_collections_total_4,python_gc_objects_collected_total_5,process_cpu_seconds_total_1,throughput_3",3.0,padded,0.7884664519689977,0.2080962784588337,46.377867808099836,1065.6,56.6,0.9127337488869101,5,,,False,30,,0.5422974176313446,0.798753339269813,0.9127337488869101,0.2535915053091818,0.5227935357378504,0.8609460822139822,0.28551336146272854,0.5449593783502921,0.8761041584570997,0.22808988764044943,0.5197411003236246,0.8477978929415318,1.2007496433151086,0.4463916265666096,0.303991335835456
throughput_3,12,4,markov,kmeans,bic,5,5,0.9007284092297974,0.013805223583795281,0.5939122866073088,0.03630074790418424,0.607196523782398,0.054717841340330975,0.6030011656354949,0.049936943502212165,0.3710216865600365,0.07084342480765132,0.9417215473577111,0.012986576123664018,0.7042184652526075,0.04503472007945174,0.7042471797214985,0.045075744544721304,0.7041903434868849,0.04499433637594209,0.5116896268747927,0.09716041007565365,0.16814122653145497,0.021467468889939677,0.12792240671869817,0.024290102518913413,0.25,0.0,0.8767906250433535,0.030192135773252082,0.9378509204184267,0.018968099218444463,0.7799754644191752,0.07509120819749004,0.8392500631393377,0.07365417071652354,0.7777458787012914,0.08986462404139875,0.27457488686502945,0.11681864325089888,13,"buffer_size_3,scrape_duration_seconds_3,throughput_2,python_gc_objects_collected_total_1,throughput_1,python_gc_objects_collected_total_3,python_gc_collections_total_7,python_gc_objects_collected_total_2,python_gc_collections_total_1,python_gc_collections_total_4,python_gc_objects_collected_total_5,process_cpu_seconds_total_1,throughput_3",3.0,padded,0.7620329154655338,0.22196594960987567,43.212482712231576,1052.6,69.6,0.9153297682709447,3,,,False,30,,0.5115864527629234,0.9188948306595366,0.9153297682709447,0.2922843081541062,0.5823759962778654,0.5667473007968532,0.28485902271890756,0.5769063318178109,0.5405285537852926,0.4495193955704649,0.5897860975729828,0.6485210572474498,1.2732658381449498,0.277505041350062,0.31629945883166904
throughput_3,12,6,markov,kmeans,bic,5,5,0.8410271062201291,0.02083567640955732,0.48541945615349463,0.050316414806172445,0.49511284623929547,0.07249966764701254,0.4964500417919184,0.04227780364967371,0.5967012688430596,0.03141825134093325,0.9187310219157687,0.010091764446162927,0.6642008490823734,0.01507532665416206,0.6641541381986024,0.01507284893260958,0.6642489917301317,0.015079571524754932,0.358600673330127,0.11566038863997802,0.08653521904577999,0.0212761581733848,0.0597667788883545,0.019276731439996333,0.16666666666666666,0.0,1.2735567944829207,0.057095276259228646,0.8920942886206558,0.027620480720310765,0.6106286014710952,0.09822735721595068,0.6403558593271644,0.11846294826855287,0.6450709738929158,0.11102353982337972,0.5002525708409526,0.06752971533774572,13,"buffer_size_3,throughput_2,python_gc_objects_collected_total_1,throughput_1,python_gc_objects_collected_total_3,python_gc_collections_total_7,python_gc_objects_collected_total_2,python_gc_collections_total_1,python_gc_collections_total_4,python_gc_objects_collected_total_5,process_cpu_seconds_total_1,process_cpu_seconds_total_3,throughput_3",2.0,padded,0.7435110640712083,0.2237706677056849,39.704272779636085,1013.8,108.4,0.8645276292335116,1,,,False,30,,0.8538324420677362,0.8778966131907309,0.8645276292335116,0.43152507162081927,0.650910049326984,0.4696790959211638,0.4025940624029964,0.6398896957822872,0.4626826052432212,0.48506172839506173,0.6680081563490746,0.481221595075685,0.36908332189377624,0.46330519852344804,0.5882730558415481
throughput_3,12,8,markov,kmeans,bic,5,5,0.8114426439239179,0.03497903229908524,0.4017070641964927,0.06766040760013588,0.4140606625502932,0.07988270671677997,0.4130006972074346,0.058821843873450755,0.7072713651405813,0.07034485692998588,0.9089293225587814,0.015515980528127488,0.5635924055299544,0.08581382596447372,0.5635530623709142,0.08583219531814143,0.5636328724309362,0.08579586500455569,0.32063275889162435,0.08902209248981462,0.06001560179767464,0.012640930467549109,0.04007909486145304,0.011127761561226827,0.125,0.0,1.3970113938141817,0.16434190522553857,0.8774929253429585,0.03174977032191282,0.5717116147411201,0.12280874522139747,0.6137677324671513,0.13374992554684564,0.5775977967160693,0.1259032363937815,0.5921960384629568,0.12027131558220701,13,"throughput_2,python_gc_objects_collected_total_1,throughput_1,python_gc_objects_collected_total_3,python_gc_collections_total_7,python_gc_objects_collected_total_2,python_gc_collections_total_1,python_gc_collections_total_4,python_gc_objects_collected_total_5,process_cpu_seconds_total_1,process_cpu_seconds_total_3,python_gc_objects_collected_total_6,throughput_3",1.0,padded,0.7450983172282577,0.23489477122202515,38.33471247088164,995.0,127.2,0.8547237076648841,2,,,False,30,,0.4786096256684492,0.7807486631016043,0.8547237076648841,0.18569745324229187,0.25553607855833893,0.46958784974144896,0.18410963545817927,0.26332959845441145,0.4797773951543476,0.2422475661561398,0.26622308420686475,0.4651073906078528,2.4061724340169364,0.7237063799575011,0.6081077646617944
throughput_3,12,10,markov,kmeans,bic,5,5,0.7752612289147829,0.06282827185132372,0.35222579594206416,0.04201697083162356,0.36155860709042187,0.03468460564805765,0.36693119806812763,0.050356916982908506,0.8953172367492565,0.18580095984755723,0.8895032245878195,0.010482621863332629,0.5620425953246556,0.055402189566873226,0.5620146841356932,0.05541128977597597,0.562071995802208,0.05539311741652251,0.24184567375075988,0.0411021971464149,0.040289648717874306,0.0035431242014632696,0.02507385238200806,0.00302018589662923,0.10444444444444445,0.006085806194501839,1.6722248662373407,0.1397395769904319,0.8260299845038865,0.0695377224342876,0.4558815554727433,0.06329208647285076,0.5004030911311649,0.08419247480360352,0.4617115874004325,0.07075381173913016,0.7480665197822308,0.238772495421516,13,"throughput_2,python_gc_objects_collected_total_1,throughput_1,python_gc_objects_collected_total_3,python_gc_collections_total_7,python_gc_objects_collected_total_2,python_gc_collections_total_1,python_gc_collections_total_4,python_gc_objects_collected_total_5,process_cpu_seconds_total_1,process_cpu_seconds_total_3,python_gc_objects_collected_total_6,throughput_3",1.0,padded,0.7889675217680633,0.24920660508796572,38.49742935411632,964.4,157.8,0.8235294117647058,1,,,False,30,,0.946524064171123,0.8048128342245989,0.8235294117647058,0.475678078875168,0.33169363826011694,0.42095147990939347,0.47014213511317615,0.332588500543917,0.41608934065831954,0.48177460584108367,0.3377113536028588,0.43395894318042805,0.31348694292649004,0.7058571081921149,1.0494997225015914
throughput_3,12,2,markov,kmeans,aic,5,5,0.9602552686257051,0.02957925156062312,0.6531554646884079,0.13845282511292187,0.7251283290560427,0.2095230585215672,0.6198160643024029,0.10325983034706619,0.1660936957533829,0.08102749045861486,0.9818207214886279,0.00801303710486728,0.8734214976413315,0.017374639814205946,0.8734214976413315,0.017374639814205946,0.8734214976413315,0.017374639814205946,0.9625725591782895,0.01457965533338928,0.4904421156910813,0.0037999489372258677,0.48128627958914477,0.00728982766669464,0.5,0.0,0.16108841344603442,0.04705912220103027,0.9636693782224153,0.044454670448910244,0.8138485093019465,0.1336218729715349,0.8617987721594365,0.17331932898346145,0.7960128376520466,0.10580435138521473,0.1336333630031264,0.13307656663507197,13,"avg_p_latency_2,scrape_duration_seconds_3,buffer_size_3,throughput_2,python_gc_objects_collected_total_1,throughput_1,python_gc_objects_collected_total_3,python_gc_collections_total_7,python_gc_objects_collected_total_2,python_gc_collections_total_1,python_gc_collections_total_4,python_gc_objects_collected_total_5,throughput_3",4.0,padded,1.1450171085074543,0.2071541052311659,69.34364492306486,1090.6,31.6,0.9812834224598931,4,,,False,30,,0.25668449197860965,0.9875222816399287,0.9812834224598931,0.20425531914893616,0.4968609865470852,0.7618917689859026,0.12834224598930483,0.49376114081996436,0.9199974213512119,0.5,0.5,0.6926317968126312,0.8897057368090048,0.08017892355655747,0.1284635924479982
throughput_3,12,3,markov,kmeans,aic,5,5,0.8522430845567401,0.05754847775064128,0.6943314560438875,0.10497332145968168,0.7331111228378198,0.10918847341788579,0.7102794650818611,0.08836109362016874,0.4294478073746597,0.07426003218825757,0.9486727840978535,0.011174929891963102,0.8816544060667898,0.012944780617226773,0.8816910657204164,0.01285437353814961,0.8816185142620597,0.013035388843090813,0.5118678799942222,0.09727538281283896,0.22423701175549038,0.028656531455772377,0.17062262666474073,0.03242512760427965,0.3333333333333333,0.0,0.8376142909955163,0.029487590742458665,0.9570852729882781,0.019789176918346984,0.9040458253964594,0.043378627596356745,0.9508692090869048,0.011618969830850414,0.8765598286113656,0.06162262885016625,0.18580575234838662,0.08792591821755114,13,"buffer_size_3,scrape_duration_seconds_3,throughput_2,python_gc_objects_collected_total_1,throughput_1,python_gc_objects_collected_total_3,python_gc_collections_total_7,python_gc_objects_collected_total_2,python_gc_collections_total_1,python_gc_collections_total_4,python_gc_objects_collected_total_5,process_cpu_seconds_total_1,throughput_3",3.0,padded,1.103442500717938,0.23074660301208497,54.783382285851985,1051.4,70.8,0.9162956366874443,5,,,False,30,,0.5503116651825467,0.8824577025823687,0.9162956366874443,0.2560596643878185,0.7091046392318977,0.8671896761488173,0.2865090403337969,0.8878754570620716,0.8870978845383396,0.2314606741573034,0.6628473437605547,0.8506167794813485,1.0896910302283793,0.40927854640081074,0.32659901873354596
throughput_3,12,4,markov,kmeans,aic,5,5,0.8679374542660907,0.03426345281125595,0.5444715656597567,0.0813396489098562,0.5691944081597924,0.08748186173618892,0.5534896161635005,0.0936847121728376,0.500067215522878,0.08510769123645967,0.9417215473577111,0.012986576123664018,0.7042184652526075,0.04503472007945174,0.7042471797214985,0.045075744544721304,0.7041903434868849,0.04499433637594209,0.5116896268747927,0.09716041007565365,0.16814122653145497,0.021467468889939677,0.12792240671869817,0.024290102518913413,0.25,0.0,0.8767906250433535,0.030192135773252082,0.9465783377645668,0.026368144683938385,0.7977322103568153,0.06694836447396414,0.8374201379156055,0.08077653317855843,0.7913622482287126,0.06792621602883807,0.21316082938543537,0.09539262366233175,13,"buffer_size_3,scrape_duration_seconds_3,throughput_2,python_gc_objects_collected_total_1,throughput_1,python_gc_objects_collected_total_3,python_gc_collections_total_7,python_gc_objects_collected_total_2,python_gc_collections_total_1,python_gc_collections_total_4,python_gc_objects_collected_total_5,process_cpu_seconds_total_1,throughput_3",3.0,padded,0.9588210639543832,0.24952974282205104,48.40786026092246,1036.6,85.6,0.9090909090909091,1,,,False,30,,0.8048128342245989,0.9046345811051694,0.9090909090909091,0.7104852687831078,0.4720270563528819,0.5868266421956551,0.7183401549491679,0.48843219100623897,0.6123194926161027,0.7043930117397588,0.4757202006769826,0.5735183464359724,0.5779039541775671,0.31124707461128653,0.38344757389004064
throughput_3,12,6,markov,kmeans,aic,5,5,0.7345001531738738,0.16178149113199808,0.40230687198361137,0.1430030978391128,0.39824934272225654,0.13972645213148271,0.4362097053910675,0.14969874237969857,0.9015347853338508,0.5477289837696384,0.9187310219157687,0.010091764446162927,0.6642008490823734,0.01507532665416206,0.6641541381986024,0.01507284893260958,0.6642489917301317,0.015079571524754932,0.358600673330127,0.11566038863997802,0.08653521904577999,0.0212761581733848,0.0597667788883545,0.019276731439996333,0.16666666666666666,0.0,1.2735567944829207,0.057095276259228646,0.8931628549608162,0.02849285177420895,0.617413828074123,0.09483388210441611,0.6744863267239247,0.07927412519281021,0.6649107069990509,0.11488979282211227,0.44532949427393975,0.16208568651488084,13,"buffer_size_3,throughput_2,python_gc_objects_collected_total_1,throughput_1,python_gc_objects_collected_total_3,python_gc_collections_total_7,python_gc_objects_collected_total_2,python_gc_collections_total_1,python_gc_collections_total_4,python_gc_objects_collected_total_5,process_cpu_seconds_total_1,process_cpu_seconds_total_3,throughput_3",2.0,padded,0.864832854643464,0.2514459636993706,42.530536014121026,1010.2,112.0,0.8654188948306596,1,,,False,30,,0.8226381461675579,0.7058823529411765,0.8654188948306596,0.5482500558635691,0.4505345437642885,0.5021040317083966,0.5941640817338785,0.4160061278209846,0.48795325023992,0.5609323045404399,0.5017975739109902,0.5647625526033779,0.7247261858427135,0.769243433609835,0.5480696338848559
throughput_3,12,8,markov,kmeans,aic,5,5,0.7736475858051469,0.10316679468588985,0.37882740217461386,0.11693078343757135,0.38991352010625846,0.10711113884828075,0.4117215548407209,0.10636778130554383,0.8093023746228589,0.2348115704587374,0.9089293225587814,0.015515980528127488,0.5635924055299544,0.08581382596447372,0.5635530623709142,0.08583219531814143,0.5636328724309362,0.08579586500455569,0.32063275889162435,0.08902209248981462,0.06001560179767464,0.012640930467549109,0.04007909486145304,0.011127761561226827,0.125,0.0,1.3970113938141817,0.16434190522553865,0.8799818102882784,0.04314807942583716,0.5889533446355611,0.1318938376949192,0.6321727423830041,0.11352739082918793,0.6128592426616587,0.14263390687100477,0.6084874221545576,0.1684570279743111,13,"buffer_size_3,throughput_2,python_gc_objects_collected_total_1,throughput_1,python_gc_objects_collected_total_3,python_gc_collections_total_7,python_gc_objects_collected_total_2,python_gc_collections_total_1,python_gc_collections_total_4,python_gc_objects_collected_total_5,process_cpu_seconds_total_1,process_cpu_seconds_total_3,throughput_3",2.0,padded,0.7961462212726473,0.24693922260776163,40.19510859018192,977.2,145.0,0.8547237076648841,2,,,False,30,,0.4786096256684492,0.7807486631016043,0.8547237076648841,0.18569745324229187,0.25553607855833893,0.46958784974144896,0.18410963545817927,0.26332959845441145,0.4797773951543476,0.2422475661561398,0.26622308420686475,0.4651073906078528,2.4061724340169364,0.7237063799575011,0.6081077646617944
throughput_3,12,10,markov,kmeans,aic,5,5,0.7551165629370018,0.07855978205886918,0.3335259276876571,0.06710045401848325,0.34257520461335134,0.0672892887041532,0.3504253322618878,0.07149211529327039,0.9292970371037439,0.1879654620043893,0.8895032245878195,0.010482621863332629,0.5620425953246556,0.055402189566873226,0.5620146841356932,0.05541128977597597,0.562071995802208,0.05539311741652251,0.24184567375075988,0.0411021971464149,0.040289648717874306,0.0035431242014632696,0.02507385238200806,0.00302018589662923,0.10444444444444445,0.006085806194501839,1.6722248662373407,0.1397395769904319,0.8456119697176158,0.061860527855394545,0.49684024941169297,0.10474550884744399,0.5078545837381849,0.12729739132867682,0.517635022658877,0.11204282560202967,0.6990007725426209,0.23442393066268746,13,"buffer_size_3,throughput_2,python_gc_objects_collected_total_1,throughput_1,python_gc_objects_collected_total_3,python_gc_collections_total_7,python_gc_objects_collected_total_2,python_gc_collections_total_1,python_gc_collections_total_4,python_gc_objects_collected_total_5,process_cpu_seconds_total_1,process_cpu_seconds_total_3,throughput_3",2.0,padded,0.7731875515542924,0.25796269737184047,38.83628435013816,942.6,179.6,0.8235294117647058,1,,,False,30,,0.946524064171123,0.8048128342245989,0.8235294117647058,0.475678078875168,0.33169363826011694,0.42095147990939347,0.47014213511317615,0.332588500543917,0.41608934065831954,0.48177460584108367,0.3377113536028588,0.43395894318042805,0.31348694292649004,0.7058571081921149,1.0494997225015914
throughput_3,12,2,mrmr,classic_uniform,bic,5,5,0.9695218911655976,0.0182943311581597,0.7647254376221035,0.07318891400669986,0.8354093042237858,0.10016285271564083,0.725751344810422,0.07182537213968787,0.12172741985743937,0.045785315380447236,0.9814642152497687,0.008032980076580562,0.8745284800606118,0.015280170930052748,0.8745284800606118,0.015280170930052748,0.8745284800606118,0.015280170930052748,0.9613251048010882,0.015651587992000626,0.49011454434285956,0.004084685735689133,0.4806625524005441,0.007825793996000313,0.5,0.0,0.16509488330785121,0.049752107589109335,0.9770270912622836,0.01848160224674156,0.8281176768660844,0.09371534198675299,0.9091260617105753,0.11494088446873703,0.7821032384033844,0.09269377104128904,0.10586380320220641,0.05949709159615082,13,"throughput_2,buffer_size_3,avg_p_latency_3,throughput_1,python_gc_objects_collected_total_3,scrape_duration_seconds_1,avg_p_latency_1,buffer_size_2,avg_p_latency_2,data_quality_1,scrape_duration_seconds_3,python_gc_objects_collected_total_1,throughput_3",,,1.0522934447042644,0.24197695925831794,116.34637752827257,1076.4,45.8,0.9821905609973286,5,,,False,30,,0.6651825467497774,0.9715048975957258,0.9821905609973286,0.5063505424616536,0.5483157365510307,0.8565112951037515,0.5626616419123623,0.9857270294380018,0.8768432993031923,0.8070340015141042,0.5294117647058824,0.8384186272131943,0.4967578873410292,0.07874401137530204,0.08965480766154967
throughput_3,12,3,mrmr,classic_uniform,bic,5,5,0.8649060401299676,0.08007831002981734,0.7072604986746049,0.1468151495624007,0.7418889507328909,0.16907211586029305,0.7041152097246041,0.1174344158178529,0.42615716620898114,0.14892498093058446,0.9408317103251889,0.006935310253495855,0.8721575666018826,0.009455766799742776,0.8721585421555386,0.009376860610541746,0.872157977162367,0.009540536343960649,0.6665563497316679,0.02695215561658216,0.2665547123006596,0.006606764081832377,0.22218544991055594,0.008984051872194058,0.3333333333333333,0.0,0.7497565314935168,0.03957369616768478,0.9480032513317468,0.022387797761225715,0.861679252568457,0.07240942253376813,0.9073382809817894,0.08429377413810471,0.8359164313729055,0.06980479736170096,0.22535776903215013,0.07999083808367834,13,"throughput_2,buffer_size_3,avg_p_latency_3,throughput_1,python_gc_objects_collected_total_3,scrape_duration_seconds_1,avg_p_latency_1,buffer_size_2,avg_p_latency_2,data_quality_1,scrape_duration_seconds_3,python_gc_objects_collected_total_1,throughput_3",,,0.9193589705042541,0.30631964933127165,117.22913722414523,958.8,163.4,0.9349376114081996,4,,,False,30,,0.5374331550802139,0.8716577540106952,0.9349376114081996,0.3934289755381369,0.5779570217412452,0.8152541668536702,0.4093488210433574,0.587359214636323,0.9237639650571493,0.5918124450834731,0.575033061407481,0.7671042546206803,1.1991765404278163,0.31120504809924204,0.303440029321572
throughput_3,12,4,mrmr,classic_uniform,bic,5,5,0.8572508384880706,0.05943658101740774,0.5285250957910996,0.07397523003970229,0.5393594593361771,0.07696772188220777,0.5266889677088024,0.07392309955098228,0.4333662070374803,0.1201357225059152,0.9378047406123464,0.01516816575748524,0.699514346195783,0.05153008635189212,0.6995379594255418,0.051602941462585816,0.6994913264466999,0.05145771428023833,0.5323630204935533,0.07950957885956239,0.17300320853784265,0.016954454878714057,0.13309075512338833,0.019877394714890598,0.25,0.0,0.8665559329981776,0.02495025572290565,0.9417699476808119,0.020320108709971536,0.7765342534633135,0.0887835811313797,0.8643378130484208,0.12415474810781386,0.7401446409860556,0.08496552054755462,0.24389046662663208,0.07604299744825238,13,"throughput_2,buffer_size_3,avg_p_latency_3,throughput_1,python_gc_objects_collected_total_3,scrape_duration_seconds_1,avg_p_latency_1,buffer_size_2,avg_p_latency_2,data_quality_1,scrape_duration_seconds_3,python_gc_objects_collected_total_1,throughput_3",,,0.8216898526996375,0.34632817646488545,117.52150125708431,858.2,264.0,0.9233511586452763,3,,,False,30,,0.5089126559714795,0.8859180035650623,0.9233511586452763,0.3322309260790119,0.44740450682329824,0.5521038212834632,0.35033515567741935,0.4471774193548387,0.58754342790967,0.39914529914529917,0.4498284945265957,0.5350888779441415,1.3130144739856497,0.35401460551178326,0.2847339703746604
throughput_3,12,6,mrmr,classic_uniform,bic,5,4,0.7792456940681235,0.038214811020493726,0.47484271017248325,0.04332387611148209,0.49789839523215623,0.004895009218395001,0.48373502338692265,0.05449888470688931,0.6954009148767105,0.027574918832278306,0.8995401609198687,0.024396358334915127,0.6314033173693511,0.052672285330998464,0.6313566509923442,0.05263625898116262,0.6314514406799598,0.05270885429163168,0.38295948590720996,0.10736974738630238,0.09655471708694995,0.026334308316885352,0.0677630040386051,0.023208579641366463,0.175,0.016666666666666677,1.2617870856534896,0.08012128031149394,0.8642228334754074,0.04762803518906564,0.671662698095958,0.0901876834570872,0.7475273122595336,0.1132777545224746,0.6475183232912,0.09412798071018937,0.5287326941501699,0.13297542905733176,13,"throughput_2,buffer_size_3,avg_p_latency_3,throughput_1,python_gc_objects_collected_total_3,scrape_duration_seconds_1,avg_p_latency_1,buffer_size_2,avg_p_latency_2,data_quality_1,scrape_duration_seconds_3,python_gc_objects_collected_total_1,throughput_3",,,0.7543855832191184,0.37130094587337226,115.36499066604301,712.5,409.75,0.8333333333333334,2,,,False,30,,0.5614973262032086,0.8324420677361853,0.8333333333333334,0.2558480784632824,0.5630581699674722,0.5026772808694663,0.2420031835904042,0.5923170487563574,0.49673343719981006,0.30831739559708476,0.5479278701399044,0.5310853853286226,2.350254836839005,0.5400299460240053,0.6644520293083648
throughput_3,12,8,mrmr,classic_uniform,bic,5,4,0.7899424685279276,0.05239626522313831,0.3383167384132998,0.01940897422337821,0.3731219854227931,0.03742099553273598,0.3378227720541613,0.02802320058247942,0.7238011416393972,0.11110980569533309,0.9080040095047166,0.020740055719812616,0.5091279142198466,0.07261808256013037,0.5091485915089654,0.07260778265561788,0.5091076279496978,0.07262873781907801,0.3272615368498245,0.10297616570153997,0.06079101583756281,0.014632786851207604,0.040907692106228064,0.012872020712692497,0.125,0.0,1.3049833393864705,0.05763149854950932,0.8715789319406901,0.023946377673378663,0.5429209851690687,0.09387888098039107,0.590658686337911,0.07829649787080391,0.5256789268290467,0.10209289285541764,0.5833535882495442,0.10121566815041207,13,"throughput_2,buffer_size_3,avg_p_latency_3,throughput_1,python_gc_objects_collected_total_3,scrape_duration_seconds_1,avg_p_latency_1,buffer_size_2,avg_p_latency_2,data_quality_1,scrape_duration_seconds_3,python_gc_objects_collected_total_1,throughput_3",,,0.727421251591295,0.36768515536095947,115.86297757923603,675.75,446.5,0.8529411764705882,2,,,False,30,,0.46078431372549017,0.8057040998217468,0.8529411764705882,0.18061823954358322,0.27782469674461224,0.3610413520448322,0.1846715695683928,0.28271385869852234,0.3560289656505764,0.23391679312206748,0.2830977832596704,0.37092247526123123,2.969964365203153,0.7307149614811487,0.6189669839538872
throughput_3,12,10,mrmr,classic_uniform,bic,5,4,0.6734053250540077,0.08431847344413906,0.2393204743201149,0.06781896452615281,0.25466044596130544,0.06812518420542689,0.24718746285299906,0.06799585489310757,0.9937189403971773,0.08021003212589471,0.9080014301519199,0.014298974228158253,0.5441359479175799,0.03989966370498657,0.5440519615269153,0.04009255886109339,0.5442218480453581,0.03970412754801173,0.31077451218486263,0.11627432335553456,0.04891121342812631,0.014074423191009643,0.03265449617788416,0.011954894606831136,0.10555555555555554,0.006415002990995836,1.5242114665276876,0.0932182529373922,0.8546631338274766,0.04260717488467519,0.4855522137006202,0.12751822825512624,0.5281484010439663,0.14886220474546064,0.501138601270303,0.12198887582823127,0.6360637235320934,0.1894192679946437,13,"throughput_2,buffer_size_3,avg_p_latency_3,throughput_1,python_gc_objects_collected_total_3,scrape_duration_seconds_1,avg_p_latency_1,buffer_size_2,avg_p_latency_2,data_quality_1,scrape_duration_seconds_3,python_gc_objects_collected_total_1,throughput_3",,,0.7285614492138848,0.39457454287912697,115.82238515699282,600.5,521.75,0.7569011576135352,5,,,False,30,,0.39180765805877116,0.7960819234194123,0.7569011576135352,0.07278710989506618,0.33965228021244287,0.32742910875292164,0.10220075994069802,0.3394893440583453,0.328367938401548,0.05704235347985348,0.3434702288015541,0.3391766468997707,2.1893187522686612,0.7541547766072335,0.9035317447258949
throughput_3,12,2,mrmr,classic_uniform,aic,5,5,0.9677396774301075,0.018649382147867054,0.7468721568486867,0.06939205579692628,0.8275696510715258,0.09708985597866761,0.7090668607274919,0.07605652805542885,0.1221055108723172,0.03616167182319363,0.9814642152497687,0.008032980076580562,0.8745284800606118,0.015280170930052748,0.8745284800606118,0.015280170930052748,0.8745284800606118,0.015280170930052748,0.9613251048010882,0.015651587992000626,0.49011454434285956,0.004084685735689133,0.4806625524005441,0.007825793996000313,0.5,0.0,0.16509488330785121,0.049752107589109335,0.9768489968722568,0.018796427914045358,0.8275052557666858,0.09432569074001153,0.9144890229224929,0.11906134272779631,0.7792958453815725,0.09270767488891342,0.10791986124852544,0.05816993398856264,13,"throughput_2,buffer_size_3,avg_p_latency_3,throughput_1,python_gc_objects_collected_total_3,scrape_duration_seconds_1,avg_p_latency_1,buffer_size_2,avg_p_latency_2,data_quality_1,scrape_duration_seconds_3,python_gc_objects_collected_total_1,throughput_3",,,1.3477170721627771,0.24375664321705698,116.78605495579541,1076.4,45.8,0.982174688057041,3,,,False,30,,0.7664884135472371,0.983957219251337,0.982174688057041,0.7664282990083905,0.49595687331536387,0.7573634358375503,0.8095050186174519,0.4919786096256685,0.8369688065099458,0.8048413457705493,0.5,0.7092574396406514,0.41099235373048354,0.08948292519027808,0.08943146040476052
throughput_3,12,3,mrmr,classic_uniform,aic,5,5,0.8773791553373556,0.08825415210538724,0.7279137985781747,0.11953486667645255,0.785313864752723,0.1446307601050822,0.7167561384780808,0.09455469375976959,0.4351824559896807,0.20208310122933612,0.9408317103251889,0.006935310253495855,0.8721575666018826,0.009455766799742776,0.8721585421555386,0.009376860610541746,0.872157977162367,0.009540536343960649,0.6665563497316679,0.02695215561658216,0.2665547123006596,0.006606764081832377,0.22218544991055594,0.008984051872194058,0.3333333333333333,0.0,0.7497565314935168,0.03957369616768478,0.9396334487883561,0.01833886338107533,0.8539087406082337,0.05587852513789655,0.8991106066439205,0.06372469048215407,0.8326109478825063,0.05880900637454155,0.22882676865898594,0.08721896648163925,13,"throughput_2,buffer_size_3,avg_p_latency_3,throughput_1,python_gc_objects_collected_total_3,scrape_duration_seconds_1,avg_p_latency_1,buffer_size_2,avg_p_latency_2,data_quality_1,scrape_duration_seconds_3,python_gc_objects_collected_total_1,throughput_3",,,1.4525315668433905,0.3476054368540645,119.95772337401286,958.8,163.4,0.9358288770053476,4,,,False,30,,0.5053475935828877,0.8422459893048129,0.9358288770053476,0.3745917380796689,0.5573145092797572,0.8266900608235708,0.4160978514239384,0.5701881014873141,0.9260070849339863,0.5763053492025455,0.5535729975601019,0.7790090165254423,1.1161729725226655,0.4244542951810721,0.32671451109630234
throughput_3,12,4,mrmr,classic_uniform,aic,5,5,0.843886298954132,0.044527372522480534,0.5115368005317042,0.06862293087841391,0.5178264790349927,0.07155593675065865,0.5118827766954965,0.06877425379947885,0.5101735427787911,0.13557794524167194,0.9378047406123464,0.01516816575748524,0.699514346195783,0.05153008635189212,0.6995379594255418,0.051602941462585816,0.6994913264466999,0.05145771428023833,0.5323630204935533,0.07950957885956239,0.17300320853784265,0.016954454878714057,0.13309075512338833,0.019877394714890598,0.25,0.0,0.8665559329981776,0.02495025572290565,0.9447975523112658,0.018483755306985407,0.7932530688517522,0.06801580228394778,0.8872297825013258,0.08657871917376603,0.7495493513256549,0.07478736612225508,0.23070501710859795,0.06881630396918505,13,"throughput_2,buffer_size_3,avg_p_latency_3,throughput_1,python_gc_objects_collected_total_3,scrape_duration_seconds_1,avg_p_latency_1,buffer_size_2,avg_p_latency_2,data_quality_1,scrape_duration_seconds_3,python_gc_objects_collected_total_1,throughput_3",,,1.251705289259553,0.43595960941165685,121.06974643934518,858.2,264.0,0.9153297682709447,1,,,False,30,,0.803030303030303,0.9358288770053476,0.9153297682709447,0.6596843675731339,0.5451069339081418,0.5752409120559805,0.6792297321929743,0.6052897020161323,0.5749898820086548,0.6611258960018105,0.526958278490312,0.5759292870958574,0.4764664864757848,0.2521882599080366,0.3374598841316473
throughput_3,12,6,mrmr,classic_uniform,aic,5,4,0.7770121729579066,0.046661120124540906,0.48099104222799044,0.016147654586543974,0.5076542323057988,0.013792153816052272,0.48073272867738864,0.03610173207391565,0.8195942781262946,0.2130723928160234,0.8995401609198687,0.024396358334915127,0.6314033173693511,0.052672285330998464,0.6313566509923442,0.05263625898116262,0.6314514406799598,0.05270885429163168,0.38295948590720996,0.10736974738630238,0.09655471708694995,0.026334308316885352,0.0677630040386051,0.023208579641366463,0.175,0.016666666666666677,1.2617870856534896,0.08012128031149394,0.8889344203851528,0.013292079816468027,0.67572849875603,0.08977288972711205,0.7543943013889718,0.12934113795550783,0.6509295362100287,0.07248863645529548,0.4323917194028243,0.07428103718866878,13,"throughput_2,buffer_size_3,avg_p_latency_3,throughput_1,python_gc_objects_collected_total_3,scrape_duration_seconds_1,avg_p_latency_1,buffer_size_2,avg_p_latency_2,data_quality_1,scrape_duration_seconds_3,python_gc_objects_collected_total_1,throughput_3",,,1.31246338179335,0.49430416990071535,120.14471899392083,706.5,415.75,0.8333333333333334,2,,,False,30,,0.551693404634581,0.8074866310160428,0.8333333333333334,0.25304498097529876,0.5425996753926233,0.502657073074658,0.24085266750267043,0.5718373318702513,0.4984840901466618,0.30440001667970584,0.5300210621224427,0.5308475059467415,2.534045091382031,0.574649430928928,0.5643501955852354
throughput_3,12,8,mrmr,classic_uniform,aic,5,4,0.7928194389550527,0.05810351252658223,0.35531209100436123,0.0351165322830544,0.3831095052006382,0.01746778263549372,0.35134105049000847,0.03922465843858307,0.8260506205483862,0.2478943368715074,0.9080040095047166,0.020740055719812616,0.5091279142198466,0.07261808256013037,0.5091485915089654,0.07260778265561788,0.5091076279496978,0.07262873781907801,0.3272615368498245,0.10297616570153997,0.06079101583756281,0.014632786851207604,0.040907692106228064,0.012872020712692497,0.125,0.0,1.3049833393864705,0.05763149854950932,0.8940494845720188,0.034363551693709554,0.5732367427253775,0.10924436817513447,0.6310948158215612,0.13026581405273094,0.5691593849595411,0.10936024887551281,0.5418040356205079,0.17200444126761275,13,"throughput_2,buffer_size_3,avg_p_latency_3,throughput_1,python_gc_objects_collected_total_3,scrape_duration_seconds_1,avg_p_latency_1,buffer_size_2,avg_p_latency_2,data_quality_1,scrape_duration_seconds_3,python_gc_objects_collected_total_1,throughput_3",,,1.116566429613158,0.5427499832585454,121.87884692894295,634.25,488.0,0.8263579697239537,5,,,False,30,,0.5022261798753339,0.8058771148708815,0.8263579697239537,0.10079254297424203,0.39020587685717345,0.39815650670894553,0.13810470301194683,0.4015746873564907,0.39712696698670175,0.08332041548676887,0.38546637489890173,0.4018086581331619,1.5187746211997444,0.768790197451092,0.7737044325815992
throughput_3,12,10,mrmr,classic_uniform,aic,5,3,0.6887083606480181,0.12183959710192069,0.2575505666968429,0.09506237573466332,0.28222766109452946,0.12348825406002992,0.2696929169903289,0.10140241527033209,1.0413369517850324,0.14266236437318114,0.9091237131675035,0.017295487300561886,0.5354460531830072,0.04398737458258687,0.535344414789023,0.044228855884929766,0.5355500523894668,0.0437427294203045,0.2705751665732809,0.10287688312776945,0.04512362703658849,0.014527877277815597,0.02916024326985862,0.011879412328865037,0.1074074074074074,0.006415002990995835,1.533941944957366,0.11165290304433127,0.8596281355334222,0.05586274925856503,0.4519324449640887,0.0379211524741606,0.4932659371158034,0.05300465400176105,0.47305657195941136,0.06807705775926425,0.614268725580467,0.2925527130635802,13,"throughput_2,buffer_size_3,avg_p_latency_3,throughput_1,python_gc_objects_collected_total_3,scrape_duration_seconds_1,avg_p_latency_1,buffer_size_2,avg_p_latency_2,data_quality_1,scrape_duration_seconds_3,python_gc_objects_collected_total_1,throughput_3",,,1.037747906986624,0.5600870299773911,118.10453930310905,583.0,539.3333333333334,0.8076580587711487,5,,,False,30,,0.4817453250222618,0.7355298308103295,0.8076580587711487,0.08324349437628122,0.2666565193039297,0.3258406774176057,0.10205789447961333,0.2688922931528565,0.3298598179064328,0.07100675165477796,0.2754313362747098,0.357295891594121,2.008390681600522,0.9643134158880806,0.8784069766932627
throughput_3,12,2,mrmr,classic_quantile,bic,5,5,0.8743626617651028,0.03193923915023518,0.8593602593181113,0.04057621146516877,0.8735852706356525,0.02330437142751782,0.855865406402059,0.05027193586052994,0.3190832265282254,0.06574131499024026,0.9615051039439496,0.009907644669638619,0.95756860288466,0.013947998638261171,0.9576261069609678,0.013960280783484892,0.9575117651941841,0.013936392713083686,0.44680961836689664,0.14177892306198198,0.30344556726597544,0.06878354456784515,0.22340480918344832,0.07088946153099099,0.5,0.0,0.6931064040474924,0.00011294491591939425,0.9095448452448481,0.03979417728301724,0.8978608651029415,0.05395552112478802,0.9026716055601337,0.050575525987193774,0.8957584345983806,0.05743233401144583,0.2935539436034005,0.18319678729601876,13,"throughput_2,buffer_size_3,avg_p_latency_3,throughput_1,python_gc_objects_collected_total_3,scrape_duration_seconds_1,avg_p_latency_1,buffer_size_2,avg_p_latency_2,data_quality_1,scrape_duration_seconds_3,python_gc_objects_collected_total_1,throughput_3",,,1.2340481869876385,0.29178839512169363,119.25895743211731,995.2,127.0,0.9099821746880571,1,,,False,30,,0.9759358288770054,0.9260249554367201,0.9099821746880571,0.9757546169391145,0.9244697529447355,0.9077377002733137,0.9758292776639343,0.9206859627074303,0.9033386251022274,0.9756815410172942,0.932977954642196,0.9190982404692082,0.1068899513555371,0.2416362803444839,0.28045577867634053
throughput_3,12,3,mrmr,classic_quantile,bic,5,5,0.8490543695823669,0.02994667359994607,0.8294261493114021,0.028998980550847146,0.8465799988161544,0.02672919865409839,0.8290880630360338,0.04912642021185776,0.4532623654905432,0.08446051647238619,0.9148162786526413,0.02940517186106693,0.9115226560318532,0.028430278954491434,0.9115873485620127,0.02837930046588442,0.9114595572174375,0.028481130897000554,0.2794375582338497,0.14078090686051642,0.1403832720048364,0.0593868065567553,0.09314585274461656,0.046926968953505475,0.3333333333333333,0.0,1.0978579808092266,0.0014899595607213438,0.8979790089459156,0.04250559834250284,0.8819747872330982,0.04966491271836918,0.9089707523062085,0.04191100613929938,0.8724417159454987,0.06495032768883102,0.2870802425967652,0.08918845810634676,13,"throughput_2,buffer_size_3,avg_p_latency_3,throughput_1,python_gc_objects_collected_total_3,scrape_duration_seconds_1,avg_p_latency_1,buffer_size_2,avg_p_latency_2,data_quality_1,scrape_duration_seconds_3,python_gc_objects_collected_total_1,throughput_3",,,1.1667561802081763,0.4042976357974112,121.96693264693022,776.8,345.4,0.8716577540106952,3,,,False,30,,0.8770053475935828,0.8841354723707665,0.8716577540106952,0.8366288062080213,0.8586069149488984,0.8342722038982245,0.8100215701536763,0.8968026868432242,0.8647535957734148,0.8934159478514317,0.8344088237365826,0.8176956933436207,0.4538288814583782,0.4334346148442113,0.433444141906764
throughput_3,12,4,mrmr,classic_quantile,bic,5,5,0.7153784981976277,0.09826990308480832,0.6876668844906199,0.11730143712677359,0.7112803407381294,0.11394242647422827,0.7188704252130055,0.0919116938769433,0.7574855370565786,0.19277594337918694,0.8994865103816965,0.015241371938631324,0.8971870840460584,0.014473683404433798,0.8972505789326594,0.014371448253225687,0.897126481724191,0.014577509030104787,0.2708829957952581,0.08536073757578705,0.105121826370789,0.027027225722333105,0.06772074894881452,0.021340184393946762,0.25,0.0,1.3851846699207504,0.001759869534867277,0.8520381033264355,0.07599166902599586,0.8399034160860378,0.08707635214945554,0.8737404235635949,0.06307009477575981,0.8289412359078954,0.09404389970626856,0.5932599804527064,0.29160279334158623,13,"throughput_2,buffer_size_3,avg_p_latency_3,throughput_1,python_gc_objects_collected_total_3,scrape_duration_seconds_1,avg_p_latency_1,buffer_size_2,avg_p_latency_2,data_quality_1,scrape_duration_seconds_3,python_gc_objects_collected_total_1,throughput_3",,,1.0340544886887073,0.5233596929349005,123.25556356087327,580.2,542.0,0.8556149732620321,1,,,False,30,,0.9180035650623886,0.8850267379679144,0.8556149732620321,0.9159408922963683,0.8754064456461397,0.8459438912174551,0.9168447371894602,0.8738421300206028,0.846430358107686,0.9165967687083352,0.8822027497621401,0.8535436921885744,0.3400933143185323,0.4480108190878025,0.4870175747519774
throughput_3,12,6,mrmr,classic_quantile,bic,5,5,0.6865278419309114,0.09843426795294066,0.6205574758936061,0.1539805485402287,0.6466273543799845,0.1374676033437449,0.6201291816426983,0.15534705085921718,0.9480634798641037,0.14111098535683084,0.8515476910427411,0.03673486897160901,0.8270324539465326,0.03857925678234514,0.8270892208311029,0.03850118468089746,0.8269787204799102,0.0386562202756353,0.29120385141023136,0.042547559254165146,0.07494935386452178,0.00861471542895186,0.048533975235038565,0.00709125987569419,0.16666666666666666,0.0,1.7430248160416781,0.03196640811336945,0.8294247107550632,0.07979405094385035,0.8043800506936722,0.1123717940994388,0.8489657258100187,0.05519586753820326,0.7912791968553406,0.13497008832265633,0.6424900978055204,0.1922958267543792,13,"throughput_2,buffer_size_3,avg_p_latency_3,throughput_1,python_gc_objects_collected_total_3,scrape_duration_seconds_1,avg_p_latency_1,buffer_size_2,avg_p_latency_2,data_quality_1,scrape_duration_seconds_3,python_gc_objects_collected_total_1,throughput_3",,,0.8229074375703931,0.5039448134601117,122.60527290403843,414.2,708.0,0.7771836007130125,1,,,False,30,,0.9135472370766489,0.7914438502673797,0.7771836007130125,0.9046262544270975,0.7825576474344285,0.7642608829443293,0.9165501195834921,0.7846030044550435,0.7645873042087442,0.9007471517571446,0.785262238668419,0.7711278840405703,0.4339255708885872,0.704283112486829,0.8682415024590462
throughput_3,12,8,mrmr,classic_quantile,bic,5,5,0.6473085048801355,0.09784201853339836,0.5465074650775235,0.11599272292287209,0.5736640435167448,0.10391805254361476,0.5530552138401739,0.11673600416588112,1.1616342497570702,0.21587398415247774,0.8497611916133734,0.02569089918103424,0.8363568407440543,0.026176506528293876,0.8364191037754521,0.02615472194438187,0.8362985782308415,0.02619781607025511,0.29120385141023136,0.042547559254165146,0.06291955198969593,0.010037270624112795,0.04078886188977331,0.007666282720144682,0.1392857142857143,0.007985957062499245,1.917700432837902,0.08800185511408466,0.8201626933449105,0.0719435879676675,0.7469882958978272,0.11503191940524038,0.769110639206364,0.11225428007218789,0.7437209133175606,0.11877891512762968,0.7804916290142724,0.283133937566652,13,"throughput_2,buffer_size_3,avg_p_latency_3,throughput_1,python_gc_objects_collected_total_3,scrape_duration_seconds_1,avg_p_latency_1,buffer_size_2,avg_p_latency_2,data_quality_1,scrape_duration_seconds_3,python_gc_objects_collected_total_1,throughput_3",,,0.7761614603921771,0.5593000691384077,122.89548013405874,286.6,835.6,0.7540106951871658,1,,,False,30,,0.7655971479500892,0.7905525846702317,0.7540106951871658,0.7778597992490567,0.7811207662194973,0.7435864803499972,0.8029600488651162,0.787374255818035,0.7427312951049816,0.8005296843160519,0.7892076567087636,0.7568293717454804,0.6524225235340226,0.7913381420475195,0.966631031003639
throughput_3,12,10,mrmr,classic_quantile,bic,5,5,0.5733413967869994,0.0690832615449087,0.43233194721373536,0.051250159338928264,0.47515680390948417,0.04981353339690975,0.46405784042432296,0.05266493171235484,1.4664966961653,0.3303885179659608,0.7690244332169847,0.07213575352763434,0.669958906567656,0.09281856450614168,0.6700206753899108,0.09291519899986259,0.6699017211692511,0.092722253708761,0.29120385141023136,0.042547559254165146,0.04914319064219148,0.00738284918922222,0.0318509329849752,0.005709090250576839,0.10888888888888888,0.004969039949999528,2.0999575370835126,0.12027466751558917,0.7922094795650947,0.0916334928795518,0.7221817898113801,0.13205134336302402,0.7830589708477447,0.08286095872524632,0.7068207149560537,0.1473117084261378,0.9493113760397647,0.28960048367794383,13,"throughput_2,buffer_size_3,avg_p_latency_3,throughput_1,python_gc_objects_collected_total_3,scrape_duration_seconds_1,avg_p_latency_1,buffer_size_2,avg_p_latency_2,data_quality_1,scrape_duration_seconds_3,python_gc_objects_collected_total_1,throughput_3",,,0.7512849571183324,0.5657760591246188,122.10565983038396,214.8,907.4,0.6550802139037433,3,,,False,30,,0.30213903743315507,0.6800356506238859,0.6550802139037433,0.10488861386138613,0.44660164118467427,0.4221097224423417,0.12107142857142857,0.45694680296702006,0.4858546507012783,0.09252183406113537,0.4614115788714039,0.41664176429522465,1.6629714757850675,1.1548867805902934,1.1906400662210046
throughput_3,12,2,mrmr,classic_quantile,aic,5,5,0.8752539273622506,0.03160688669427881,0.8604625585295655,0.03950117418423634,0.8749002936227056,0.02116914875445111,0.8567241072785767,0.049313021366837725,0.3038825452673473,0.06113684754061455,0.9615051039439496,0.009907644669638619,0.95756860288466,0.013947998638261171,0.9576261069609678,0.013960280783484892,0.9575117651941841,0.013936392713083686,0.44680961836689664,0.14177892306198198,0.30344556726597544,0.06878354456784515,0.22340480918344832,0.07088946153099099,0.5,0.0,0.6931064040474924,0.00011294491591939425,0.9011752011484235,0.0491416443754236,0.893805354704772,0.05588560976200716,0.8966946307507022,0.057265929472686335,0.9058785035376327,0.040762790825347804,0.24918395995183001,0.1451558348156015,13,"throughput_2,buffer_size_3,avg_p_latency_3,throughput_1,python_gc_objects_collected_total_3,scrape_duration_seconds_1,avg_p_latency_1,buffer_size_2,avg_p_latency_2,data_quality_1,scrape_duration_seconds_3,python_gc_objects_collected_total_1,throughput_3",,,1.446602936834097,0.3458663547411561,120.94846497196704,995.2,127.0,0.9081996434937611,1,,,False,30,,0.9679144385026738,0.9242424242424242,0.9081996434937611,0.9676030491247882,0.9226898767269536,0.9059640100735991,0.9689137504543597,0.9189542483660131,0.9016543970360589,0.966602329578736,0.9314831863312842,0.9176319648093841,0.11499678758903142,0.23196551624182898,0.2718251839504139
throughput_3,12,3,mrmr,classic_quantile,aic,5,5,0.8373026795110501,0.06849390245853472,0.818622593290003,0.07834595891238676,0.8375441986104247,0.06120295329735468,0.8116011502116546,0.08776597007268233,0.5191662215862436,0.11187501994503812,0.9148162786526413,0.02940517186106693,0.9115226560318532,0.028430278954491434,0.9115873485620127,0.02837930046588442,0.9114595572174375,0.028481130897000554,0.2794375582338497,0.14078090686051642,0.1403832720048364,0.0593868065567553,0.09314585274461656,0.046926968953505475,0.3333333333333333,0.0,1.0978579808092266,0.0014899595607213438,0.8840865373950685,0.033593795444094396,0.862683660547732,0.035379877871170855,0.892577825265375,0.04394637894225597,0.8565004713691289,0.052670087615164764,0.3455051139977036,0.12510303294528452,13,"throughput_2,buffer_size_3,avg_p_latency_3,throughput_1,python_gc_objects_collected_total_3,scrape_duration_seconds_1,avg_p_latency_1,buffer_size_2,avg_p_latency_2,data_quality_1,scrape_duration_seconds_3,python_gc_objects_collected_total_1,throughput_3",,,1.819183032028377,0.5495333872735501,127.22860189760104,776.8,345.4,0.9162210338680927,2,,,False,30,,0.6158645276292335,0.820855614973262,0.9162210338680927,0.5843200098213478,0.7912460091139013,0.9123121998231313,0.5958044297302725,0.7846039168394506,0.9045235716441088,0.6893946233117489,0.8428811951321036,0.9211422037890049,0.7917252233618569,0.43106238221091325,0.3991690169073554
throughput_3,12,4,mrmr,classic_quantile,aic,5,5,0.7367756978935021,0.06151224965246105,0.7102035886471123,0.07541792161751867,0.7145265186694101,0.07163541962739865,0.7492266105696441,0.0792855638910255,0.7914982177260488,0.20059383594680796,0.8994865103816965,0.015241371938631324,0.8971870840460584,0.014473683404433798,0.8972505789326594,0.014371448253225687,0.897126481724191,0.014577509030104787,0.2708829957952581,0.08536073757578705,0.105121826370789,0.027027225722333105,0.06772074894881452,0.021340184393946762,0.25,0.0,1.3851846699207504,0.001759869534867277,0.8135698735276314,0.045825769591379684,0.8045977727129522,0.048663619919905456,0.8225390077693773,0.045038902803219705,0.8050004201322942,0.056184987778495225,0.7268949462313086,0.25300503103500566,13,"throughput_2,buffer_size_3,avg_p_latency_3,throughput_1,python_gc_objects_collected_total_3,scrape_duration_seconds_1,avg_p_latency_1,buffer_size_2,avg_p_latency_2,data_quality_1,scrape_duration_seconds_3,python_gc_objects_collected_total_1,throughput_3",,,1.9285658066160978,0.6314120465889573,131.8670996692963,580.2,542.0,0.8270944741532977,1,,,False,30,,0.8877005347593583,0.8351158645276292,0.8270944741532977,0.8838229564361266,0.835937266723774,0.829653647403695,0.8964982582210362,0.8334173499484376,0.824589051221402,0.8850700446792056,0.8496762483763829,0.8377789319836223,0.3747812787166999,0.5171077642247017,0.5210250227153318
throughput_3,12,6,mrmr,classic_quantile,aic,5,5,0.6503232524289567,0.12070530532911278,0.5994330169519567,0.1352538856852029,0.6225735309246105,0.13381712627894995,0.6296874860397754,0.12341861378788377,1.0997697339777666,0.27867397682626055,0.8515476910427411,0.03673486897160901,0.8270324539465326,0.03857925678234514,0.8270892208311029,0.03850118468089746,0.8269787204799102,0.0386562202756353,0.29120385141023136,0.042547559254165146,0.07494935386452178,0.00861471542895186,0.048533975235038565,0.00709125987569419,0.16666666666666666,0.0,1.7430248160416781,0.03196640811336945,0.8157114427230061,0.05608640699053972,0.7850001909741302,0.0896263863446063,0.8265480780363731,0.0524783514780536,0.7830732815192704,0.10054682822428204,0.6705378843483835,0.14699495344117983,13,"throughput_2,buffer_size_3,avg_p_latency_3,throughput_1,python_gc_objects_collected_total_3,scrape_duration_seconds_1,avg_p_latency_1,buffer_size_2,avg_p_latency_2,data_quality_1,scrape_duration_seconds_3,python_gc_objects_collected_total_1,throughput_3",,,1.8318755883723497,0.7430538861081004,133.13901731697842,362.0,760.2,0.768270944741533,3,,,False,30,,0.8556149732620321,0.7067736185383244,0.768270944741533,0.6644970466655109,0.6563420542346468,0.7060103134998181,0.6469407863683564,0.6335128799700925,0.7396262950030916,0.7000344956181243,0.7032234367035377,0.7347399271745338,0.6455384315875757,1.0604459300612674,0.8162145489697054
throughput_3,12,8,mrmr,classic_quantile,aic,5,5,0.5956351001503168,0.10006977439245325,0.49820649160538916,0.14327792870517478,0.5180675987608574,0.14299352215403388,0.5001741752205735,0.1507563056990769,1.3162254187142783,0.21250608930953188,0.8497611916133734,0.02569089918103424,0.8363568407440543,0.026176506528293876,0.8364191037754521,0.02615472194438187,0.8362985782308415,0.02619781607025511,0.29120385141023136,0.042547559254165146,0.06291955198969593,0.010037270624112795,0.04078886188977331,0.007666282720144682,0.1392857142857143,0.007985957062499245,1.917700432837902,0.08800185511408466,0.819801275814972,0.0670867833371032,0.7596599598103071,0.10469576102382476,0.792412903126265,0.0771175968900116,0.7505184886067217,0.11209241917916839,0.7713874931893581,0.3064371372631014,13,"throughput_2,buffer_size_3,avg_p_latency_3,throughput_1,python_gc_objects_collected_total_3,scrape_duration_seconds_1,avg_p_latency_1,buffer_size_2,avg_p_latency_2,data_quality_1,scrape_duration_seconds_3,python_gc_objects_collected_total_1,throughput_3",,,1.6211729066446423,0.686801964044571,131.61284543015063,242.2,880.0,0.7415329768270945,1,,,False,30,,0.8538324420677362,0.7058823529411765,0.7415329768270945,0.8324361038567775,0.6845694695520089,0.727478798091368,0.8377440260389305,0.7135660981687881,0.7258487590320089,0.8375275646010799,0.7024234969900929,0.7426359576856655,0.6476245042676694,0.9212486632407598,1.018398252447825
throughput_3,12,10,mrmr,classic_quantile,aic,5,5,0.5242997255568624,0.12419809231298766,0.37635126896726373,0.12923348226136044,0.3966078801390637,0.129015438291829,0.41141792131660554,0.11253596519597271,1.6156857268443545,0.3145422857790852,0.7690244332169847,0.07213575352763434,0.669958906567656,0.09281856450614168,0.6700206753899108,0.09291519899986259,0.6699017211692511,0.092722253708761,0.29120385141023136,0.042547559254165146,0.04914319064219148,0.00738284918922222,0.0318509329849752,0.005709090250576839,0.10888888888888888,0.004969039949999528,2.0999575370835126,0.12027466751558917,0.7852688686569718,0.07411540457696962,0.7160504483907149,0.1160408792489877,0.741692268110189,0.09708903312890518,0.7134805506852371,0.12041934899606455,1.006532619794351,0.40366402469462065,13,"throughput_2,buffer_size_3,avg_p_latency_3,throughput_1,python_gc_objects_collected_total_3,scrape_duration_seconds_1,avg_p_latency_1,buffer_size_2,avg_p_latency_2,data_quality_1,scrape_duration_seconds_3,python_gc_objects_collected_total_1,throughput_3",,,1.5172051507979631,0.7437340913340449,130.59121300512925,176.6,945.6,0.678539626001781,5,,,False,30,,0.5422974176313446,0.4942119323241318,0.678539626001781,0.11741071438610585,0.32504207655281125,0.5410255032790423,0.1430601780430956,0.3206172792077502,0.5813573897202631,0.10149107987092658,0.3711117186357709,0.5363526361121654,1.405976245999297,1.5275929768104353,1.4113605229244683
throughput_3,12,2,mrmr,kmeans,bic,5,5,0.9702345861845103,0.01772304601118755,0.7545632785255579,0.08272280897155143,0.8397143634131465,0.1158324574863704,0.7127044587069671,0.08156766369701932,0.12413840903045781,0.03953625528035993,0.9818207214886279,0.00801303710486728,0.8734214976413315,0.017374639814205946,0.8734214976413315,0.017374639814205946,0.8734214976413315,0.017374639814205946,0.9625725591782895,0.01457965533338928,0.4904421156910813,0.0037999489372258677,0.48128627958914477,0.00728982766669464,0.5,0.0,0.16108841344603442,0.04705912220103027,0.9793420014386985,0.018747467687502257,0.8474123391011178,0.10250122460399179,0.9233508139545676,0.12397474967281205,0.8029284293198062,0.10260588300074522,0.10124799278032963,0.054812600772953975,13,"throughput_2,buffer_size_3,avg_p_latency_3,throughput_1,python_gc_objects_collected_total_3,scrape_duration_seconds_1,avg_p_latency_1,buffer_size_2,avg_p_latency_2,data_quality_1,scrape_duration_seconds_3,python_gc_objects_collected_total_1,throughput_3",,,1.064194993674755,0.2693507133051753,115.9097120212391,1048.6,73.6,0.9839715048975958,5,,,False,30,,0.6642920747996438,0.9804096170970614,0.9839715048975958,0.5642919258813298,0.7558695652173912,0.8635148274185708,0.6070067039251028,0.9900990099009901,0.8855837534372135,0.8062002560249346,0.6764705882352942,0.8440023510170704,0.5090889477025919,0.08609052119953584,0.083526515888762
throughput_3,12,3,mrmr,kmeans,bic,5,5,0.8408480594536851,0.05074292965177432,0.7433173922827437,0.044498787829385746,0.7758560735698226,0.07361634972798861,0.7494943161917148,0.058853310433507736,0.4413601140689867,0.11739248845114551,0.9486727840978535,0.011174929891963102,0.8816544060667898,0.012944780617226773,0.8816910657204164,0.01285437353814961,0.8816185142620597,0.013035388843090813,0.5118678799942222,0.09727538281283896,0.22423701175549038,0.028656531455772377,0.17062262666474073,0.03242512760427965,0.3333333333333333,0.0,0.8376142909955163,0.029487590742458686,0.9471137300634105,0.01494102265681783,0.8609742015408779,0.05811972770987923,0.8962300993315896,0.08511201376357036,0.8458345330932234,0.05172557805267199,0.20197737300204555,0.04448360253196211,13,"throughput_2,buffer_size_3,avg_p_latency_3,throughput_1,python_gc_objects_collected_total_3,scrape_duration_seconds_1,avg_p_latency_1,buffer_size_2,avg_p_latency_2,data_quality_1,scrape_duration_seconds_3,python_gc_objects_collected_total_1,throughput_3",,,0.9855820905417204,0.32535493820905687,118.5972312418744,915.4,206.8,0.9117647058823529,1,,,False,30,,0.8663101604278075,0.9206773618538324,0.9117647058823529,0.8052750580168326,0.8159423366867745,0.7834301750211835,0.7889016700914616,0.848672049276888,0.8063297896852667,0.8410983231031409,0.7906926406926407,0.7653071806622945,0.31553666958484516,0.24375257977145548,0.2982537732682412
throughput_3,12,4,mrmr,kmeans,bic,5,5,0.8871835530941915,0.046815035553347914,0.5951763040949076,0.05580780969786546,0.6030887254210925,0.06213506904636702,0.5953654798870782,0.053390951587527845,0.37168677891239116,0.10992432458606073,0.9417215473577111,0.012986576123664018,0.7042184652526075,0.04503472007945174,0.7042471797214985,0.045075744544721304,0.7041903434868849,0.04499433637594209,0.5116896268747927,0.09716041007565365,0.16814122653145497,0.021467468889939677,0.12792240671869817,0.024290102518913413,0.25,0.0,0.8767906250433535,0.030192135773252082,0.9390975811486137,0.017251202781955754,0.7893014319513046,0.062032838521129736,0.8353973388830258,0.07465506802704401,0.7917458787012913,0.06087695812579061,0.25311091160227683,0.09306691708658911,13,"throughput_2,buffer_size_3,avg_p_latency_3,throughput_1,python_gc_objects_collected_total_3,scrape_duration_seconds_1,avg_p_latency_1,buffer_size_2,avg_p_latency_2,data_quality_1,scrape_duration_seconds_3,python_gc_objects_collected_total_1,throughput_3",,,0.8325604028068483,0.3972086458466947,117.82789931911975,808.6,313.6,0.9429590017825312,3,,,False,30,,0.3859180035650624,0.9073083778966132,0.9429590017825312,0.256768141671289,0.5637969076092828,0.6558911443365225,0.2956984660980233,0.6439920974219459,0.6856785850871228,0.3986750098463563,0.5348508344409983,0.634684185671627,1.4880214068750806,0.3151937428853565,0.2247516296597574
throughput_3,12,6,mrmr,kmeans,bic,5,5,0.8057367980787393,0.03501672797840541,0.4713944246875693,0.023028597516502824,0.492757082432298,0.036647512342163506,0.47986015886761085,0.03571037501925927,0.6387794302973268,0.046228035021385325,0.9187310219157687,0.010091764446162927,0.6642008490823734,0.01507532665416206,0.6641541381986024,0.01507284893260958,0.6642489917301317,0.015079571524754932,0.358600673330127,0.11566038863997802,0.08653521904577999,0.0212761581733848,0.0597667788883545,0.019276731439996333,0.16666666666666666,0.0,1.2735567944829207,0.057095276259228646,0.8899571559403352,0.0306901028324287,0.6164056733729094,0.10130161267811956,0.6714127534466288,0.08178976263237259,0.6420771247241757,0.12236828420177494,0.5332750386922085,0.1153093955315275,13,"throughput_2,buffer_size_3,avg_p_latency_3,throughput_1,python_gc_objects_collected_total_3,scrape_duration_seconds_1,avg_p_latency_1,buffer_size_2,avg_p_latency_2,data_quality_1,scrape_duration_seconds_3,python_gc_objects_collected_total_1,throughput_3",,,0.7242003132589161,0.4411996079608798,117.60073389485478,639.8,482.4,0.8547237076648841,1,,,False,30,,0.8716577540106952,0.8743315508021391,0.8547237076648841,0.4399745802960437,0.6214336867444058,0.4624802688887982,0.41102169698352053,0.6243294613882849,0.4668294657423599,0.491862062563817,0.6227735483072425,0.46701103489976004,0.3503793927605852,0.47282504060180763,0.5605391508004217
throughput_3,12,8,mrmr,kmeans,bic,5,5,0.7982492146862792,0.026539028023135534,0.3622387508450632,0.06640696959034482,0.37605185670969266,0.061138979594926916,0.36160156511450436,0.07283866003931808,0.7376691332020042,0.023388256462806376,0.9089293225587814,0.015515980528127488,0.5635924055299544,0.08581382596447372,0.5635530623709142,0.08583219531814143,0.5636328724309362,0.08579586500455569,0.32063275889162435,0.08902209248981462,0.06001560179767464,0.012640930467549109,0.04007909486145304,0.011127761561226827,0.125,0.0,1.3970113938141817,0.16434190522553857,0.8814110019235463,0.03291626104229461,0.5973004641165096,0.15145623657679694,0.6509980566810144,0.14337474453622068,0.5892761545558017,0.14351913424351465,0.5722086201458766,0.12182501051663724,13,"throughput_2,buffer_size_3,avg_p_latency_3,throughput_1,python_gc_objects_collected_total_3,scrape_duration_seconds_1,avg_p_latency_1,buffer_size_2,avg_p_latency_2,data_quality_1,scrape_duration_seconds_3,python_gc_objects_collected_total_1,throughput_3",,,0.6986463328823447,0.39761251080781224,117.75786055717617,611.8,510.4,0.8244206773618539,1,,,False,30,,0.9402852049910874,0.8431372549019608,0.8244206773618539,0.5847709216102522,0.4583206952673656,0.44514129766310284,0.5766376460934406,0.4580250119310126,0.44717976454858466,0.5955763186571918,0.47694153443975007,0.4561481579295251,0.31893668536137443,0.5827674856733134,0.7380620343339243
throughput_3,12,10,mrmr,kmeans,bic,5,5,0.7340909487732598,0.060923003829591364,0.3566641226597803,0.05144169627640584,0.38584695463885377,0.0538947598685413,0.36156616192656255,0.05185250898744967,1.0015831762016991,0.07199993655273017,0.8895032245878195,0.010482621863332629,0.5620425953246556,0.055402189566873226,0.5620146841356932,0.05541128977597597,0.562071995802208,0.05539311741652251,0.24184567375075988,0.0411021971464149,0.040289648717874306,0.0035431242014632696,0.02507385238200806,0.00302018589662923,0.10444444444444445,0.006085806194501839,1.6722248662373407,0.1397395769904319,0.8260299845038865,0.0695377224342876,0.4558815554727433,0.06329208647285076,0.5004030911311649,0.08419247480360352,0.4617115874004325,0.07075381173913016,0.7480665197822308,0.238772495421516,13,"throughput_2,buffer_size_3,avg_p_latency_3,throughput_1,python_gc_objects_collected_total_3,scrape_duration_seconds_1,avg_p_latency_1,buffer_size_2,avg_p_latency_2,data_quality_1,scrape_duration_seconds_3,python_gc_objects_collected_total_1,throughput_3",,,0.7144169420003891,0.39327616821974515,118.14759780885652,585.6,536.6,0.8235294117647058,1,,,False,30,,0.946524064171123,0.8048128342245989,0.8235294117647058,0.475678078875168,0.33169363826011694,0.42095147990939347,0.47014213511317615,0.332588500543917,0.41608934065831954,0.48177460584108367,0.3377113536028588,0.43395894318042805,0.31348694292649004,0.7058571081921149,1.0494997225015914
throughput_3,12,2,mrmr,kmeans,aic,5,5,0.9524126075590116,0.04207444172342135,0.672290606651458,0.09311528944787913,0.7797894580022884,0.17246091056124557,0.6331961066625008,0.06336033670320226,0.19066512508596017,0.11026342031387242,0.9818207214886279,0.00801303710486728,0.8734214976413315,0.017374639814205946,0.8734214976413315,0.017374639814205946,0.8734214976413315,0.017374639814205946,0.9625725591782895,0.01457965533338928,0.4904421156910813,0.0037999489372258677,0.48128627958914477,0.00728982766669464,0.5,0.0,0.16108841344603442,0.04705912220103027,0.9752497916422393,0.01574539804507768,0.8223445648048596,0.0794277348874891,0.8864136634554981,0.13209647725491905,0.7993953344332763,0.09876743613477337,0.1060983604665144,0.05517103356029754,13,"throughput_2,buffer_size_3,avg_p_latency_3,throughput_1,python_gc_objects_collected_total_3,scrape_duration_seconds_1,avg_p_latency_1,buffer_size_2,avg_p_latency_2,data_quality_1,scrape_duration_seconds_3,python_gc_objects_collected_total_1,throughput_3",,,1.370088560320437,0.2713253414258361,118.15961225889623,1048.6,73.6,0.9812834224598931,4,,,False,30,,0.6844919786096256,0.9688057040998217,0.9812834224598931,0.6709023117076809,0.6348844777090791,0.7618917689859026,0.7053304167626065,0.5967801287948482,0.9199974213512119,0.7673111510791366,0.7373646209386282,0.6926317968126312,0.8898907145790168,0.09782178539829042,0.11320171819009171
throughput_3,12,3,mrmr,kmeans,aic,5,5,0.8486780221681484,0.056504930037739216,0.7039202767664762,0.0909100894420007,0.7057383204817773,0.10027878217755044,0.7349367332249824,0.07706241179753893,0.4644868129843843,0.10133211756890802,0.9486727840978535,0.011174929891963102,0.8816544060667898,0.012944780617226773,0.8816910657204164,0.01285437353814961,0.8816185142620597,0.013035388843090813,0.5118678799942222,0.09727538281283896,0.22423701175549038,0.028656531455772377,0.17062262666474073,0.03242512760427965,0.3333333333333333,0.0,0.8376142909955163,0.029487590742458686,0.9586881224985184,0.018909528224234317,0.9078280155040156,0.03325263441002787,0.9287290550654289,0.04404942265064056,0.894512526176458,0.0396195817841899,0.17310063354717845,0.06595013723463661,13,"throughput_2,buffer_size_3,avg_p_latency_3,throughput_1,python_gc_objects_collected_total_3,scrape_duration_seconds_1,avg_p_latency_1,buffer_size_2,avg_p_latency_2,data_quality_1,scrape_duration_seconds_3,python_gc_objects_collected_total_1,throughput_3",,,1.5263429442420602,0.44975866759195926,123.61652641789988,915.4,206.8,0.9162956366874443,5,,,False,30,,0.6215494211932324,0.8067675868210151,0.9162956366874443,0.308848255569567,0.7491939225362515,0.8636914666032802,0.3679555264561812,0.7678608732517249,0.8780470455713303,0.2709279709376155,0.7465038411230448,0.8524163365134637,0.7428292125931607,0.44790679421451474,0.3702820458349129
throughput_3,12,4,mrmr,kmeans,aic,5,5,0.8608127262886051,0.033179604717731674,0.5682328157013075,0.06485522507056951,0.6135955145150602,0.06776093227289143,0.5567531205023208,0.07414793353996416,0.5129480275525371,0.1205374542657004,0.9417215473577111,0.012986576123664018,0.7042184652526075,0.04503472007945174,0.7042471797214985,0.045075744544721304,0.7041903434868849,0.04499433637594209,0.5116896268747927,0.09716041007565365,0.16814122653145497,0.021467468889939677,0.12792240671869817,0.024290102518913413,0.25,0.0,0.8767906250433535,0.030192135773252082,0.9483591232178676,0.024794652501305966,0.801081790388589,0.06416279246507481,0.8637079013892182,0.08953272687718487,0.7929258019274634,0.06549975049782877,0.20282768296719098,0.08550210710892614,13,"throughput_2,buffer_size_3,avg_p_latency_3,throughput_1,python_gc_objects_collected_total_3,scrape_duration_seconds_1,avg_p_latency_1,buffer_size_2,avg_p_latency_2,data_quality_1,scrape_duration_seconds_3,python_gc_objects_collected_total_1,throughput_3",,,1.6050956822931766,0.4916050545871258,124.77419529575855,808.6,313.6,0.9126559714795008,1,,,False,30,,0.9634581105169341,0.9331550802139037,0.9126559714795008,0.9531187031800894,0.5717982554657083,0.5844238034084341,0.9554976360553644,0.582176214659064,0.595877158953547,0.9508224628253965,0.5642429279497099,0.5786641475609354,0.21168465072940498,0.2607180655682178,0.3421440868863596
throughput_3,12,6,mrmr,kmeans,aic,5,5,0.7718888640212824,0.05669949359525194,0.4606927511407687,0.05200329428664461,0.4648666194155887,0.0640485678834908,0.4923054097458732,0.048518137398965946,0.75996818502089,0.19573424771993417,0.9187310219157687,0.010091764446162927,0.6642008490823734,0.01507532665416206,0.6641541381986024,0.01507284893260958,0.6642489917301317,0.015079571524754932,0.358600673330127,0.11566038863997802,0.08653521904577999,0.0212761581733848,0.0597667788883545,0.019276731439996333,0.16666666666666666,0.0,1.2735567944829207,0.057095276259228646,0.8947657044710565,0.030813929261747346,0.6261598075049494,0.10941475539973047,0.6973323251569638,0.10942972831145201,0.663029664544238,0.11295895292411529,0.44532949427393975,0.16208568651488084,13,"throughput_2,buffer_size_3,avg_p_latency_3,throughput_1,python_gc_objects_collected_total_3,scrape_duration_seconds_1,avg_p_latency_1,buffer_size_2,avg_p_latency_2,data_quality_1,scrape_duration_seconds_3,python_gc_objects_collected_total_1,throughput_3",,,1.15340232886374,0.5638666975311935,124.70977026131004,636.4,485.8,0.8502673796791443,1,,,False,30,,0.9598930481283422,0.8627450980392157,0.8502673796791443,0.6384301850318486,0.6313099674926513,0.4807547641297841,0.6347863589120447,0.6265996955428982,0.477618343131714,0.6425798271489934,0.6416845892713418,0.5209076214050422,0.548000798926056,0.6188644895701976,0.610919702863693
throughput_3,12,8,mrmr,kmeans,aic,5,5,0.7624255757512266,0.06884583555868758,0.34244388864020575,0.06954724686583667,0.34466689967730396,0.06947517548926636,0.3657701440764133,0.07864137746481693,0.763776692697183,0.18302438045025513,0.9089293225587814,0.015515980528127488,0.5635924055299544,0.08581382596447372,0.5635530623709142,0.08583219531814143,0.5636328724309362,0.08579586500455569,0.32063275889162435,0.08902209248981462,0.06001560179767464,0.012640930467549109,0.04007909486145304,0.011127761561226827,0.125,0.0,1.3970113938141817,0.16434190522553857,0.8833656036987859,0.04530944503444496,0.6118268350487587,0.1492546073832738,0.6620138953052579,0.12654563308040445,0.6386960786788045,0.1624974072998473,0.5851081531928873,0.17618145856823017,13,"throughput_2,buffer_size_3,avg_p_latency_3,throughput_1,python_gc_objects_collected_total_3,scrape_duration_seconds_1,avg_p_latency_1,buffer_size_2,avg_p_latency_2,data_quality_1,scrape_duration_seconds_3,python_gc_objects_collected_total_1,throughput_3",,,1.0695982157252728,0.5676002849824726,124.49906434770674,548.8,573.4,0.820855614973262,1,,,False,30,,0.9385026737967914,0.8475935828877005,0.820855614973262,0.5857766781367619,0.4473766681478488,0.44942507711581264,0.5785595642791349,0.44634837519856463,0.4469970991966275,0.5955856889720345,0.4537694384562781,0.4682401800587401,0.35643672163689794,0.5732891785785967,0.6650442812351413
throughput_3,12,10,mrmr,kmeans,aic,5,5,0.738191246708349,0.05547691262586694,0.3178673207463385,0.074807540977531,0.3220842297687419,0.07999434781093175,0.32743633205046035,0.07460558239182494,1.0295900222290417,0.03341826985346551,0.8895032245878195,0.010482621863332629,0.5620425953246556,0.055402189566873226,0.5620146841356932,0.05541128977597597,0.562071995802208,0.05539311741652251,0.24184567375075988,0.0411021971464149,0.040289648717874306,0.0035431242014632696,0.02507385238200806,0.00302018589662923,0.10444444444444445,0.006085806194501839,1.6722248662373407,0.1397395769904319,0.8450776865475357,0.06295471134100325,0.5047569199932149,0.09740319505195558,0.5346353074865046,0.1156185232971416,0.5317073377670564,0.09861421009846594,0.7283591639334824,0.29056325648546316,13,"throughput_2,buffer_size_3,avg_p_latency_3,throughput_1,python_gc_objects_collected_total_3,scrape_duration_seconds_1,avg_p_latency_1,buffer_size_2,avg_p_latency_2,data_quality_1,scrape_duration_seconds_3,python_gc_objects_collected_total_1,throughput_3",,,1.0652410064823925,0.772249806765467,125.49347272934392,463.4,658.8,0.8235294117647058,1,,,False,30,,0.946524064171123,0.8003565062388592,0.8235294117647058,0.475678078875168,0.3387990803583587,0.42095147990939347,0.47014213511317615,0.3515575331369226,0.41608934065831954,0.48177460584108367,0.3408924374265389,0.43395894318042805,0.31348694292649004,0.7033694581171972,1.0494997225015914
throughput_3,16,2,markov,classic_uniform,bic,5,5,0.97041283930394,0.01832676720744377,0.7686961375527541,0.07752889517308689,0.8461299623258078,0.10675550848020342,0.7262205768925573,0.0722696037629354,0.12283407915940317,0.0465700838853708,0.9814642152497687,0.008032980076580562,0.8745284800606118,0.015280170930052748,0.8745284800606118,0.015280170930052748,0.8745284800606118,0.015280170930052748,0.9613251048010882,0.015651587992000626,0.49011454434285956,0.004084685735689133,0.4806625524005441,0.007825793996000313,0.5,0.0,0.16509488330785121,0.04975210758910933,0.9779172463184848,0.018705214522370193,0.8328579371685775,0.09844956099173803,0.9219936051900527,0.12301367793107955,0.7825720304470241,0.09306251231633508,0.11189581400296891,0.06940321809467874,17,"scrape_duration_seconds_3,buffer_size_3,cores_1,data_quality_2,throughput_2,python_gc_objects_collected_total_1,throughput_1,python_gc_objects_collected_total_3,python_gc_collections_total_7,python_gc_objects_collected_total_2,python_gc_collections_total_1,python_gc_collections_total_4,python_gc_objects_collected_total_5,process_cpu_seconds_total_1,process_cpu_seconds_total_3,python_gc_objects_collected_total_6,throughput_3",5.0,padded,1.5492655446752905,0.28021916477009656,59.51192788500339,1099.0,23.2,0.9839715048975958,5,,,False,30,,0.8984861976847729,0.9697239536954586,0.9839715048975958,0.4732645403377111,0.4923146473779385,0.8672925420168067,0.4732645403377111,0.4848619768477293,0.900750458295142,0.4732645403377111,0.5,0.8393402861993694,0.5037459779915913,0.07980107384660258,0.08610218414266561
throughput_3,16,3,markov,classic_uniform,bic,5,5,0.7653101651896896,0.12168560235750743,0.5839764014440075,0.1613113424288302,0.6378872463206886,0.18698135139382774,0.6055656522284733,0.12889652891175996,0.5539503864230951,0.19769384849989682,0.9408317103251889,0.006935310253495855,0.8721575666018826,0.009455766799742776,0.8721585421555386,0.009376860610541746,0.872157977162367,0.009540536343960649,0.6665563497316679,0.02695215561658216,0.2665547123006596,0.006606764081832377,0.22218544991055594,0.008984051872194058,0.3333333333333333,0.0,0.7497565314935168,0.03957369616768478,0.954770838152762,0.008920266570207258,0.8538060908735426,0.05952634108270689,0.9150672196511046,0.06305927510877088,0.8219948990997578,0.06546993190924363,0.20004721438751938,0.02770381719705259,17,"buffer_size_3,scrape_duration_seconds_3,throughput_2,python_gc_objects_collected_total_1,throughput_1,python_gc_objects_collected_total_3,python_gc_collections_total_7,python_gc_objects_collected_total_2,python_gc_collections_total_1,python_gc_collections_total_4,python_gc_objects_collected_total_5,process_cpu_seconds_total_1,process_cpu_seconds_total_3,python_gc_objects_collected_total_6,process_cpu_seconds_total_2,python_gc_objects_collected_total_8,throughput_3",3.0,padded,1.5339223736897112,0.3210943634621799,53.794254748150706,1050.4,71.8,0.910873440285205,1,,,False,30,,0.8333333333333334,0.9313725490196079,0.910873440285205,0.6991983376771568,0.622416864262402,0.7766040103821178,0.7037746627342002,0.6167149611102638,0.778085828123214,0.6951658500925725,0.6285097704420414,0.7758915802074574,0.36482338900468453,0.20947337667778881,0.2933750132133811
throughput_3,16,4,markov,classic_uniform,bic,5,5,0.8756021796721603,0.041785257250401324,0.5665353901405055,0.054139757806546784,0.5935951999233644,0.0648459838672299,0.5571428551366461,0.05438091430035969,0.3947573942135978,0.0884656390532669,0.9378047406123464,0.01516816575748524,0.699514346195783,0.05153008635189212,0.6995379594255418,0.051602941462585816,0.6994913264466999,0.05145771428023833,0.5323630204935533,0.07950957885956239,0.17300320853784265,0.016954454878714057,0.13309075512338833,0.019877394714890598,0.25,0.0,0.8665559329981776,0.024950255722905698,0.9437289859711058,0.01930675194627539,0.7851919484108733,0.07769935136920925,0.8668710261740511,0.1194915587828837,0.7546627780467766,0.07780516127320271,0.24800506066857309,0.08120569623243898,17,"scrape_duration_seconds_3,throughput_2,python_gc_objects_collected_total_1,throughput_1,python_gc_objects_collected_total_3,python_gc_collections_total_7,python_gc_objects_collected_total_2,python_gc_collections_total_1,python_gc_collections_total_4,python_gc_objects_collected_total_5,process_cpu_seconds_total_1,process_cpu_seconds_total_3,python_gc_objects_collected_total_6,process_cpu_seconds_total_2,buffer_size_3,python_gc_objects_collected_total_8,throughput_3",2.0,padded,1.3332244076766073,0.3441382559016347,49.47878406336531,1026.6,95.6,0.9135472370766489,1,,,False,30,,0.7130124777183601,0.9233511586452763,0.9135472370766489,0.409465361323527,0.5882685089846216,0.5774375604481802,0.37253608320362247,0.5670196427975615,0.5762974047594417,0.4594111813085956,0.6248673053965533,0.5798439806029939,0.7597408800751614,0.26405125954014036,0.3398093136538234
throughput_3,16,6,markov,classic_uniform,bic,5,4,0.8110905821083392,0.03241237747997724,0.5062018201723734,0.039785753346705324,0.5239086023228262,0.03315373059569957,0.5029305870596636,0.048919136258248945,0.6598303663564877,0.0703369272392443,0.8995401609198687,0.024396358334915127,0.6314033173693511,0.052672285330998464,0.6313566509923442,0.05263625898116262,0.6314514406799598,0.05270885429163168,0.38295948590720996,0.10736974738630238,0.09655471708694995,0.026334308316885352,0.0677630040386051,0.023208579641366463,0.175,0.016666666666666677,1.2617870856534896,0.080121280311494,0.8642228334754074,0.04762803518906564,0.671662698095958,0.0901876834570872,0.7475273122595336,0.1132777545224746,0.6475183232912,0.09412798071018937,0.5287326941501698,0.13297542905733173,17,"scrape_duration_seconds_3,throughput_2,python_gc_objects_collected_total_1,throughput_1,python_gc_objects_collected_total_3,python_gc_collections_total_7,python_gc_objects_collected_total_2,python_gc_collections_total_1,python_gc_collections_total_4,python_gc_objects_collected_total_5,process_cpu_seconds_total_1,process_cpu_seconds_total_3,python_gc_objects_collected_total_6,process_cpu_seconds_total_2,buffer_size_3,python_gc_objects_collected_total_8,throughput_3",2.0,padded,1.2696651285514235,0.3260345181915909,44.27127001201734,1003.5,118.75,0.8431372549019608,2,,,False,30,,0.5686274509803921,0.7976827094474154,0.8431372549019608,0.25218622316420475,0.41350613613981274,0.5383214249389994,0.2311115953314806,0.47572181624563986,0.5438190255431634,0.30994066466221426,0.4265031254689697,0.5371160870830086,1.9168304321807574,0.6385699816141229,0.6163295683425309
throughput_3,16,8,markov,classic_uniform,bic,5,4,0.790819845302324,0.04002787594053326,0.3506522091848375,0.045312302763787476,0.37161207788359285,0.050855895061721404,0.3435344301989911,0.04143665702100985,0.7849970386930839,0.1452668484151366,0.9080040095047166,0.020740055719812616,0.5091279142198466,0.07261808256013037,0.5091485915089654,0.07260778265561788,0.5091076279496978,0.07262873781907801,0.3272615368498245,0.10297616570153997,0.06079101583756281,0.014632786851207604,0.040907692106228064,0.012872020712692497,0.125,0.0,1.3049833393864703,0.05763149854950935,0.8693547326524339,0.024855172250885696,0.5198500492637489,0.0916274790647507,0.5664098450909132,0.07946203028708157,0.5120919703073075,0.0991701180025474,0.5752170047644367,0.10390082341335795,17,"throughput_2,python_gc_objects_collected_total_1,throughput_1,python_gc_objects_collected_total_3,python_gc_collections_total_7,python_gc_objects_collected_total_2,python_gc_collections_total_1,python_gc_collections_total_4,python_gc_objects_collected_total_5,process_cpu_seconds_total_1,process_cpu_seconds_total_3,python_gc_objects_collected_total_6,process_cpu_seconds_total_2,buffer_size_3,python_gc_objects_collected_total_8,python_gc_collections_total_6,throughput_3",1.0,padded,1.2964286054484546,0.3472772577079013,43.409174400847405,983.5,138.75,0.8163992869875223,4,,,False,30,,0.482174688057041,0.839572192513369,0.8163992869875223,0.20144026279675656,0.3259072362495105,0.38253044524824015,0.19449733536033578,0.3426633473902382,0.42632987914373566,0.22438123855115186,0.32797243650539554,0.3623353171940989,1.6981787146739633,0.48482256860134526,0.7112064697734419
throughput_3,16,10,markov,classic_uniform,bic,5,4,0.7536114907389331,0.07480747775164409,0.29661895355984,0.08703275282629754,0.30269823515767563,0.09597250435910445,0.3151459432976013,0.09443738144820651,0.8234363406757399,0.12877573828690128,0.9080014301519199,0.014298974228158253,0.5441359479175799,0.03989966370498657,0.5440519615269153,0.04009255886109339,0.5442218480453581,0.03970412754801173,0.31077451218486263,0.11627432335553456,0.04891121342812631,0.014074423191009643,0.03265449617788416,0.011954894606831136,0.10555555555555554,0.006415002990995836,1.5242114665276876,0.0932182529373921,0.8546631338274766,0.04260717488467519,0.4855522137006202,0.12751822825512624,0.5281484010439663,0.14886220474546064,0.501138601270303,0.12198887582823127,0.6360637235320934,0.1894192679946437,17,"throughput_2,python_gc_objects_collected_total_1,throughput_1,python_gc_objects_collected_total_3,python_gc_collections_total_7,python_gc_objects_collected_total_2,python_gc_collections_total_1,python_gc_collections_total_4,python_gc_objects_collected_total_5,process_cpu_seconds_total_1,process_cpu_seconds_total_3,python_gc_objects_collected_total_6,process_cpu_seconds_total_2,buffer_size_3,python_gc_objects_collected_total_8,python_gc_collections_total_6,throughput_3",1.0,padded,1.3248728468315676,0.3336571737891063,43.53392806230113,961.0,161.25,0.8181818181818182,2,,,False,30,,0.535650623885918,0.8315508021390374,0.8181818181818182,0.18135943368381632,0.2927448594832115,0.34849657908809684,0.16723929144604838,0.2774061832754593,0.3384594380026645,0.2231109056351775,0.31129835183661925,0.3662917858358372,1.5649197998729594,0.6900902501389502,0.6664109125896235
throughput_3,16,2,markov,classic_uniform,aic,5,5,0.9698783974044568,0.0164540024543636,0.763086951287376,0.06565529779674752,0.8325335810153962,0.07610343332445425,0.7241323959369416,0.07266772477560149,0.1213532102955184,0.03613367086091755,0.9814642152497687,0.008032980076580562,0.8745284800606118,0.015280170930052748,0.8745284800606118,0.015280170930052748,0.8745284800606118,0.015280170930052748,0.9613251048010882,0.015651587992000626,0.49011454434285956,0.004084685735689133,0.4806625524005441,0.007825793996000313,0.5,0.0,0.16509488330785121,0.04975210758910931,0.9779175632124172,0.0181131668892442,0.8325072814372243,0.09463034387674142,0.9229270313438661,0.12083690601517662,0.7825724840311601,0.09262900293073047,0.11901450918624287,0.07025307308165682,17,"process_resident_memory_bytes_1,cores_2,scrape_duration_seconds_3,python_gc_objects_collected_total_7,buffer_size_3,process_cpu_seconds_total_2,process_resident_memory_bytes_2,cores_1,data_quality_2,throughput_2,python_gc_objects_collected_total_1,throughput_1,python_gc_objects_collected_total_3,python_gc_collections_total_7,python_gc_objects_collected_total_2,python_gc_collections_total_1,throughput_3",10.0,padded,2.0494077569805085,0.30640191016718743,86.07796864397824,1090.6,31.6,0.9821905609973286,5,,,False,30,,0.9421193232413179,0.9715048975957258,0.9821905609973286,0.611383516208547,0.696404433630711,0.8565112951037515,0.6622903324184203,0.7645738893925658,0.8768432993031923,0.5875794081827458,0.6576324744773943,0.8384186272131943,0.3663420660532958,0.08023250920927082,0.09293431473641973
throughput_3,16,3,markov,classic_uniform,aic,5,5,0.8877191060994948,0.05719725009179796,0.6974465955588811,0.11160913678117132,0.7164518577327572,0.14165984750525162,0.7001621266514207,0.101034251256134,0.44595951084801155,0.10339659640541449,0.9408317103251889,0.006935310253495855,0.8721575666018826,0.009455766799742776,0.8721585421555386,0.009376860610541746,0.872157977162367,0.009540536343960649,0.6665563497316679,0.02695215561658216,0.2665547123006596,0.006606764081832377,0.22218544991055594,0.008984051872194058,0.3333333333333333,0.0,0.7497565314935168,0.03957369616768475,0.9494280064519606,0.012856893565176546,0.8526128639405981,0.055791554827413145,0.9204224728403758,0.07525059564392353,0.830372134473541,0.06467391361415822,0.2148331220232627,0.04974077779969142,17,"scrape_duration_seconds_3,python_gc_objects_collected_total_7,buffer_size_3,throughput_2,data_quality_1,python_gc_objects_collected_total_1,throughput_1,python_gc_objects_collected_total_3,python_gc_collections_total_7,python_gc_objects_collected_total_2,python_gc_collections_total_1,python_gc_collections_total_4,python_gc_objects_collected_total_5,process_cpu_seconds_total_1,process_cpu_seconds_total_3,python_gc_objects_collected_total_6,throughput_3",5.0,padded,2.1734754213131966,0.4443863071501255,68.19048947002739,1011.6,110.6,0.9349376114081996,4,,,False,30,,0.8181818181818182,0.8065953654188949,0.9349376114081996,0.5512124846772879,0.5240082124644015,0.8150149703549232,0.5350547826055831,0.5690686274509803,0.9232918134444624,0.5712437095614665,0.5179320117781968,0.7671042546206803,0.4784669533026672,0.5251234221945926,0.37353805432148746
throughput_3,16,4,markov,classic_uniform,aic,5,5,0.8663323825442102,0.03858908775392742,0.5301162314971055,0.07724779212195768,0.5306871167404794,0.08091298741654805,0.5339378958539531,0.0734528599776417,0.49159518423488124,0.10397210102510691,0.9378047406123464,0.01516816575748524,0.699514346195783,0.05153008635189212,0.6995379594255418,0.051602941462585816,0.6994913264466999,0.05145771428023833,0.5323630204935533,0.07950957885956239,0.17300320853784265,0.016954454878714057,0.13309075512338833,0.019877394714890598,0.25,0.0,0.8665559329981776,0.024950255722905674,0.9312623786692356,0.04713915337164392,0.7560017950185608,0.137245618261218,0.8288200272447955,0.17965585649198965,0.7227824276075117,0.12372122617178705,0.279420566045212,0.15392240781478997,17,"buffer_size_3,scrape_duration_seconds_3,throughput_2,python_gc_objects_collected_total_1,throughput_1,python_gc_objects_collected_total_3,python_gc_collections_total_7,python_gc_objects_collected_total_2,python_gc_collections_total_1,python_gc_collections_total_4,python_gc_objects_collected_total_5,process_cpu_seconds_total_1,process_cpu_seconds_total_3,python_gc_objects_collected_total_6,process_cpu_seconds_total_2,python_gc_objects_collected_total_8,throughput_3",3.0,padded,1.7389185507781804,0.39319470413029195,57.577108386904,1026.6,95.6,0.9162210338680927,1,,,False,30,,0.6978609625668449,0.9171122994652406,0.9162210338680927,0.545733592443479,0.4615630197196484,0.5764558846727379,0.5376100159530393,0.454675833837816,0.5838698971000372,0.6035483877679451,0.46867825767547217,0.5714596567939939,0.7607206622143902,0.28538576336151616,0.3765849536505828
throughput_3,16,6,markov,classic_uniform,aic,5,4,0.8233558014803104,0.03425218181189027,0.5407811365182842,0.020957739699192755,0.55128405354016,0.03547127789274134,0.5394087603478153,0.012732893100448374,0.6929782486843956,0.12890537532221705,0.8995401609198687,0.024396358334915127,0.6314033173693511,0.052672285330998464,0.6313566509923442,0.05263625898116262,0.6314514406799598,0.05270885429163168,0.38295948590720996,0.10736974738630238,0.09655471708694995,0.026334308316885352,0.0677630040386051,0.023208579641366463,0.175,0.016666666666666677,1.2617870856534898,0.08012128031149407,0.8967250596552827,0.011597269467211978,0.7152917130582386,0.05996143421740188,0.7852104545237494,0.08467354954075108,0.694648996158963,0.07462880772905045,0.4310323507865844,0.09283903991058191,17,"buffer_size_3,scrape_duration_seconds_3,throughput_2,python_gc_objects_collected_total_1,throughput_1,python_gc_objects_collected_total_3,python_gc_collections_total_7,python_gc_objects_collected_total_2,python_gc_collections_total_1,python_gc_collections_total_4,python_gc_objects_collected_total_5,process_cpu_seconds_total_1,process_cpu_seconds_total_3,python_gc_objects_collected_total_6,process_cpu_seconds_total_2,python_gc_objects_collected_total_8,throughput_3",3.0,padded,1.4911334110656753,0.44062841520644724,50.08102222997695,953.0,169.25,0.8538324420677362,2,,,False,30,,0.5525846702317291,0.7540106951871658,0.8538324420677362,0.2534171980953179,0.3815875190728773,0.5503407608838163,0.23991948391473036,0.3795399288981168,0.5475031643762294,0.30337054101764954,0.4041349381895829,0.5535603926794018,1.489273048579686,0.7877424973309721,0.6414329064382939
throughput_3,16,8,markov,classic_uniform,aic,5,4,0.8072967509678526,0.04871786928533794,0.36647266104482923,0.04247287546724702,0.3799506765430226,0.047360397105029706,0.36864804337402035,0.04599563121054387,0.743036660366757,0.17967229039230673,0.9080040095047166,0.020740055719812616,0.5091279142198466,0.07261808256013037,0.5091485915089654,0.07260778265561788,0.5091076279496978,0.07262873781907801,0.3272615368498245,0.10297616570153997,0.06079101583756281,0.014632786851207604,0.040907692106228064,0.012872020712692497,0.125,0.0,1.3049833393864703,0.057631498549509455,0.8764783101947946,0.027288536269870583,0.5635088291254717,0.1039286230394396,0.6249414079944713,0.12409376466719642,0.5591591113353449,0.10814276807865428,0.6008553134175205,0.10679709392283569,17,"avg_p_latency_3,throughput_2,python_gc_objects_collected_total_1,throughput_1,python_gc_objects_collected_total_3,python_gc_collections_total_7,python_gc_objects_collected_total_2,python_gc_collections_total_1,python_gc_collections_total_4,python_gc_objects_collected_total_5,process_cpu_seconds_total_1,process_cpu_seconds_total_3,python_gc_objects_collected_total_6,process_cpu_seconds_total_2,buffer_size_3,python_gc_objects_collected_total_8,throughput_3",2.0,padded,1.4411102102603763,0.40470990794710815,45.93869916908443,946.0,176.25,0.8521816562778273,5,,,False,30,,0.5369545859305432,0.8023152270703473,0.8521816562778273,0.09775519250253294,0.29603070969088163,0.408512556162576,0.11073369565217392,0.287722911321063,0.4100035464862505,0.0880623840445269,0.3050791149207213,0.4100903584504656,1.820414705399539,0.6554544152344585,0.5835431501514178
throughput_3,16,10,markov,classic_uniform,aic,5,3,0.76209901645971,0.011244472189246547,0.34221925707460105,0.013926560940092316,0.33593328989695664,0.016145470071377344,0.3659939669262881,0.02051574767085711,0.8368555982017588,0.03228904711609296,0.9091237131675035,0.017295487300561886,0.5354460531830072,0.04398737458258687,0.535344414789023,0.044228855884929766,0.5355500523894668,0.0437427294203045,0.2705751665732809,0.10287688312776945,0.04512362703658849,0.014527877277815597,0.02916024326985862,0.011879412328865037,0.1074074074074074,0.006415002990995835,1.533941944957366,0.11165290304433116,0.8326406560126927,0.032513514872501405,0.45268143432646424,0.04111619479600683,0.4849180191749609,0.08518627834272283,0.4759705516709025,0.059410566156779095,0.7281519158918607,0.1420085559013832,17,"avg_p_latency_3,throughput_2,python_gc_objects_collected_total_1,throughput_1,python_gc_objects_collected_total_3,python_gc_collections_total_7,python_gc_objects_collected_total_2,python_gc_collections_total_1,python_gc_collections_total_4,python_gc_objects_collected_total_5,process_cpu_seconds_total_1,process_cpu_seconds_total_3,python_gc_objects_collected_total_6,process_cpu_seconds_total_2,buffer_size_3,python_gc_objects_collected_total_8,throughput_3",2.0,padded,1.4656794491844873,0.3761551834953328,42.31003333022818,948.3333333333334,174.0,0.7747105966162066,5,,,False,30,,0.47996438112199463,0.6010685663401603,0.7747105966162066,0.0753319357092942,0.20656852437048095,0.33026555308313316,0.0880718954248366,0.2540138683832235,0.31742604943313146,0.06581196581196581,0.2040410727157715,0.37359570663195496,2.1941456568576263,1.4953856873692049,0.84432764771027
throughput_3,16,2,markov,classic_quantile,bic,5,5,0.8464016838015057,0.09451690834387522,0.8178258759537943,0.13546935362817936,0.8560120854495453,0.06115667586882454,0.8286588417145084,0.12595242653819627,0.3824863141510496,0.13592822404407695,0.9615051039439496,0.009907644669638619,0.95756860288466,0.013947998638261171,0.9576261069609678,0.013960280783484892,0.9575117651941841,0.013936392713083686,0.44680961836689664,0.14177892306198198,0.30344556726597544,0.06878354456784515,0.22340480918344832,0.07088946153099099,0.5,0.0,0.6931064040474924,0.00011294491591941711,0.9041955172184318,0.030367997584140327,0.8951881430996496,0.038464162039479645,0.8969088144863788,0.04470738118156633,0.8983090454221416,0.03175591636299054,0.3263211279389375,0.16241080782733072,17,"cores_2,scrape_duration_seconds_3,avg_p_latency_2,avg_p_latency_3,cores_3,buffer_size_3,throughput_2,data_quality_1,python_gc_objects_collected_total_1,throughput_1,python_gc_objects_collected_total_3,python_gc_collections_total_7,python_gc_objects_collected_total_2,python_gc_collections_total_1,python_gc_collections_total_4,python_gc_objects_collected_total_5,throughput_3",8.0,padded,1.846278224978596,0.3485596890561283,68.02567135402933,1045.8,76.4,0.9376114081996435,1,,,False,30,,0.9607843137254902,0.9233511586452763,0.9376114081996435,0.9603752504237941,0.9218402200643474,0.9347743761460576,0.9621477937267411,0.9181766677229473,0.9334761816447648,0.9591123402375671,0.9310921707797544,0.9361803519061584,0.1330435067409047,0.21668504680805298,0.24100446160444655
throughput_3,16,3,markov,classic_quantile,bic,5,5,0.8141180280093906,0.07139837697108603,0.7913939520722273,0.07855881204165308,0.8242323767026752,0.06741148884400804,0.801472476533281,0.055205245538750704,0.5276208081386825,0.19134301421778793,0.9148162786526413,0.02940517186106693,0.9115226560318532,0.028430278954491434,0.9115873485620127,0.02837930046588442,0.9114595572174375,0.028481130897000554,0.2794375582338497,0.14078090686051642,0.1403832720048364,0.0593868065567553,0.09314585274461656,0.046926968953505475,0.3333333333333333,0.0,1.0978579808092266,0.0014899595607213438,0.8958414009246966,0.03525181614714224,0.8780186421111218,0.03908619150315964,0.8895091674334527,0.05006055372450278,0.8796222753984535,0.04527167356603699,0.2551301622352643,0.06374283959690367,17,"scrape_duration_seconds_2,avg_p_latency_2,avg_p_latency_3,buffer_size_2,cores_3,buffer_size_3,data_quality_3,cores_1,data_quality_2,throughput_2,python_gc_objects_collected_total_1,throughput_1,python_gc_objects_collected_total_3,python_gc_collections_total_7,python_gc_objects_collected_total_2,python_gc_collections_total_1,throughput_3",10.0,padded,1.602479902934283,0.37922230353578923,55.8318610410206,978.0,144.2,0.8841354723707665,3,,,False,30,,0.8778966131907309,0.8975044563279857,0.8841354723707665,0.8150536568034212,0.852802096395101,0.8534191087816848,0.7893415095752859,0.9112908113723526,0.8762444862893294,0.8909010792075308,0.8209560251038962,0.8382109080919314,0.4646771817899376,0.37025898657591183,0.4290858130933974
throughput_3,16,4,markov,classic_quantile,bic,5,5,0.6667409520272125,0.14124225337688479,0.6468194605710279,0.15136296419460796,0.6801149977125277,0.13512034281862403,0.6785190693460617,0.12954117543392657,0.8399222718405346,0.22717232956189948,0.8994865103816965,0.015241371938631324,0.8971870840460584,0.014473683404433798,0.8972505789326594,0.014371448253225687,0.897126481724191,0.014577509030104787,0.2708829957952581,0.08536073757578705,0.105121826370789,0.027027225722333105,0.06772074894881452,0.021340184393946762,0.25,0.0,1.3851846699207504,0.001759869534867277,0.8698320145264178,0.07279356762356377,0.8614977240154099,0.08338540190057747,0.8851671322561302,0.06031458278323176,0.8541740734718595,0.09004530208408845,0.5401929990493574,0.22708492392849752,17,"buffer_size_3,data_quality_3,throughput_2,python_gc_objects_collected_total_1,throughput_1,python_gc_objects_collected_total_3,python_gc_collections_total_7,python_gc_objects_collected_total_2,python_gc_collections_total_1,python_gc_collections_total_4,python_gc_objects_collected_total_5,process_cpu_seconds_total_1,process_cpu_seconds_total_3,python_gc_objects_collected_total_6,process_cpu_seconds_total_2,python_gc_objects_collected_total_8,throughput_3",3.0,padded,1.5064243314787746,0.3424166997894645,50.7135646189563,1022.2,100.0,0.8600713012477719,1,,,False,30,,0.9117647058823529,0.8475935828877005,0.8600713012477719,0.9091607429010928,0.8381436652863756,0.8500920848819391,0.912445289515318,0.8370478575855639,0.8483382529334491,0.9093574528407538,0.8476756232247042,0.8573315709764531,0.3329781973180437,0.4674484137881787,0.4996760222186968
throughput_3,16,6,markov,classic_quantile,bic,5,5,0.7339185686417367,0.04349950729920243,0.6835683475987112,0.07920909858773824,0.7183916102747987,0.06444276124189854,0.6778632483405452,0.08682012395987432,0.8714212831179953,0.06744913123477755,0.8515476910427411,0.03673486897160901,0.8270324539465326,0.03857925678234514,0.8270892208311029,0.03850118468089746,0.8269787204799102,0.0386562202756353,0.29120385141023136,0.042547559254165146,0.07494935386452178,0.00861471542895186,0.048533975235038565,0.00709125987569419,0.16666666666666666,0.0,1.7430248160416781,0.031966408113369434,0.8381456317755884,0.0717173653675518,0.811020343199733,0.10864140650840563,0.8385513551863191,0.06993925065948682,0.8042183130086485,0.12364485293552654,0.6175952366002926,0.17511278687932272,17,"scrape_duration_seconds_3,buffer_size_3,data_quality_3,throughput_2,python_gc_objects_collected_total_1,throughput_1,python_gc_objects_collected_total_3,python_gc_collections_total_7,python_gc_objects_collected_total_2,python_gc_collections_total_1,python_gc_collections_total_4,python_gc_objects_collected_total_5,process_cpu_seconds_total_1,process_cpu_seconds_total_3,python_gc_objects_collected_total_6,process_cpu_seconds_total_2,throughput_3",4.0,padded,1.4102520926855504,0.4007595432922244,50.34254554985091,901.4,220.8,0.7798573975044564,3,,,False,30,,0.7745098039215687,0.7834224598930482,0.7798573975044564,0.5959086472744971,0.7736666364659005,0.7702956799965522,0.5872339458499615,0.7562391712858799,0.7981730618198019,0.6465772888308783,0.8081971458063105,0.7559818290887602,0.8393337377450688,0.8234344072129026,0.8549965410667557
throughput_3,16,8,markov,classic_quantile,bic,5,5,0.7517332457147029,0.05288889314062416,0.6650104821503924,0.09341244059189377,0.6826221427281425,0.08496772064569155,0.6633664860310254,0.09521180407626224,0.9486489440541318,0.09232106331836717,0.8497611916133734,0.02569089918103424,0.8363568407440543,0.026176506528293876,0.8364191037754521,0.02615472194438187,0.8362985782308415,0.02619781607025511,0.29120385141023136,0.042547559254165146,0.06291955198969593,0.010037270624112795,0.04078886188977331,0.007666282720144682,0.1392857142857143,0.007985957062499245,1.917700432837902,0.08800185511408466,0.8197963639590192,0.09364942323681781,0.732744562933331,0.14512035473005133,0.7591397816684816,0.12987285685658503,0.7330099263176809,0.1384103315440807,0.7534431209564978,0.2875441172310359,17,"cores_3,buffer_size_3,data_quality_3,throughput_2,python_gc_objects_collected_total_1,throughput_1,python_gc_objects_collected_total_3,python_gc_collections_total_7,python_gc_objects_collected_total_2,python_gc_collections_total_1,python_gc_collections_total_4,python_gc_objects_collected_total_5,process_cpu_seconds_total_1,process_cpu_seconds_total_3,python_gc_objects_collected_total_6,process_cpu_seconds_total_2,throughput_3",4.0,padded,1.437099798116833,0.40800499310716987,49.29036722285673,899.6,222.6,0.8092691622103387,2,,,False,30,,0.5409982174688057,0.7442067736185384,0.8092691622103387,0.5065529179540901,0.6201852229790341,0.6973525625536089,0.47804664215000603,0.6371973095157634,0.6982334853268737,0.6138681085681662,0.6316917426370012,0.6997635380948748,1.4481940565103077,0.9416022441915275,0.8543252847091714
throughput_3,16,10,markov,classic_quantile,bic,5,5,0.637669503161096,0.027215539991635,0.5032967502129904,0.0691540123579338,0.5423089787951946,0.09986800340131415,0.5081324561247443,0.0639094921629665,1.2441667072201603,0.09348159266548646,0.7690244332169847,0.07213575352763434,0.669958906567656,0.09281856450614168,0.6700206753899108,0.09291519899986259,0.6699017211692511,0.092722253708761,0.29120385141023136,0.042547559254165146,0.04914319064219148,0.00738284918922222,0.0318509329849752,0.005709090250576839,0.10888888888888888,0.004969039949999528,2.0999575370835126,0.12027466751558921,0.7922094795650947,0.0916334928795518,0.7221817898113801,0.13205134336302402,0.7830589708477447,0.08286095872524632,0.7068207149560537,0.1473117084261378,0.9493113760397647,0.28960048367794383,17,"throughput_2,python_gc_objects_collected_total_1,throughput_1,python_gc_objects_collected_total_3,python_gc_collections_total_7,python_gc_objects_collected_total_2,python_gc_collections_total_1,python_gc_collections_total_4,python_gc_objects_collected_total_5,process_cpu_seconds_total_1,process_cpu_seconds_total_3,python_gc_objects_collected_total_6,process_cpu_seconds_total_2,buffer_size_3,python_gc_objects_collected_total_8,python_gc_collections_total_6,throughput_3",1.0,padded,1.373930068872869,0.42902661198750136,48.639373203739524,868.0,254.2,0.674087266251113,5,,,False,30,,0.5859305431878896,0.6153161175422974,0.674087266251113,0.21980325177781945,0.3904174835503298,0.5385695337273655,0.24073668779551133,0.3989855423991809,0.5626312556046825,0.23841318015719543,0.40582737192926893,0.5356713437478129,1.2862105754315472,1.2083394187865344,1.218487788202388
throughput_3,16,2,markov,classic_quantile,aic,5,5,0.861898276674873,0.06711726559672952,0.8449751172767517,0.08177550182426592,0.8563855667949166,0.06304716299787218,0.8466486380258111,0.08624004747912455,0.33326875649802484,0.10623124327807373,0.9615051039439496,0.009907644669638619,0.95756860288466,0.013947998638261171,0.9576261069609678,0.013960280783484892,0.9575117651941841,0.013936392713083686,0.44680961836689664,0.14177892306198198,0.30344556726597544,0.06878354456784515,0.22340480918344832,0.07088946153099099,0.5,0.0,0.6931064040474924,0.00011294491591941711,0.9020610781365368,0.03899334287863591,0.895170627704837,0.04418168086929498,0.8916979066400958,0.04996804965844895,0.9054159386980782,0.031175754464949225,0.28280987359440324,0.1213426860177035,18,"process_virtual_memory_bytes_2,cores_2,process_virtual_memory_bytes_3,process_resident_memory_bytes_3,scrape_duration_seconds_3,scrape_duration_seconds_1,avg_p_latency_2,avg_p_latency_3,buffer_size_2,python_gc_objects_collected_total_7,cores_3,buffer_size_3,avg_p_latency_1,cores_1,throughput_2,data_quality_1,throughput_3,throughput_1",16.0,none,2.522660383209586,0.44809657232835887,97.68062257114798,994.4,127.8,0.9188948306595366,2,,,False,30,,0.8600713012477719,0.9206773618538324,0.9188948306595366,0.857348895703882,0.919093203482319,0.9175172616590419,0.8589082797366347,0.9164058453986625,0.9172306897442521,0.8865122629790467,0.9234631791060399,0.9178175879965723,0.41314659137065923,0.27309387813220504,0.25608556641629243
throughput_3,16,3,markov,classic_quantile,aic,5,5,0.7874008536467286,0.0981375646082883,0.7503480601414931,0.10964390185248421,0.8065206292913274,0.093941355655727,0.757838422016434,0.0938909125528655,0.5447387971977703,0.1302173720332076,0.9148162786526413,0.02940517186106693,0.9115226560318532,0.028430278954491434,0.9115873485620127,0.02837930046588442,0.9114595572174375,0.028481130897000554,0.2794375582338497,0.14078090686051642,0.1403832720048364,0.0593868065567553,0.09314585274461656,0.046926968953505475,0.3333333333333333,0.0,1.0978579808092266,0.0014899595607214423,0.8963664941707361,0.034327839002853196,0.8804053603109354,0.03922746966140323,0.8911281885847998,0.052666866581842886,0.8838356740766262,0.04034677018854054,0.38126015613918507,0.09478822447514787,17,"cores_2,scrape_duration_seconds_2,avg_p_latency_2,avg_p_latency_3,buffer_size_2,cores_3,buffer_size_3,avg_p_latency_1,data_quality_3,cores_1,throughput_2,python_gc_objects_collected_total_1,throughput_1,python_gc_objects_collected_total_3,python_gc_collections_total_7,python_gc_objects_collected_total_2,throughput_3",11.0,padded,2.43433967968449,0.578070895280689,73.20587323512882,943.2,179.0,0.8966131907308378,3,,,False,30,,0.8556149732620321,0.8975044563279857,0.8966131907308378,0.7906568501927943,0.8706904222496544,0.8517819360109419,0.7678476434773311,0.8571266548146635,0.9090630135846388,0.8821354720548268,0.888221182532988,0.8246310292020294,0.5295133935769369,0.3965509291620762,0.38544452282528624
throughput_3,16,4,markov,classic_quantile,aic,5,5,0.6469923159096067,0.17234712347335668,0.5857682360722936,0.24694274626958068,0.6074156035554109,0.21412142848535815,0.6513029450792299,0.2179660509752403,0.9406826882892872,0.31847359095350125,0.8994865103816965,0.015241371938631324,0.8971870840460584,0.014473683404433798,0.8972505789326594,0.014371448253225687,0.897126481724191,0.014577509030104787,0.2708829957952581,0.08536073757578705,0.105121826370789,0.027027225722333105,0.06772074894881452,0.021340184393946762,0.25,0.0,1.3851846699207504,0.001759869534867277,0.8465162265538101,0.04491875044769587,0.8225899162210322,0.05691736616320458,0.8320581145493522,0.06041743289256621,0.8333204900477839,0.0525688779580665,0.6091136300840057,0.16764150868110278,17,"avg_p_latency_3,cores_3,buffer_size_3,cores_1,throughput_2,python_gc_objects_collected_total_1,throughput_1,python_gc_objects_collected_total_3,python_gc_collections_total_7,python_gc_objects_collected_total_2,python_gc_collections_total_1,python_gc_collections_total_4,python_gc_objects_collected_total_5,process_cpu_seconds_total_1,process_cpu_seconds_total_3,python_gc_objects_collected_total_6,throughput_3",5.0,padded,2.2367346342653036,0.44561034301295877,61.783241677097976,943.4,178.8,0.8270944741532977,1,,,False,30,,0.857397504456328,0.820855614973262,0.8270944741532977,0.8562489915267798,0.8214297419817006,0.829653647403695,0.8737505582336794,0.819510563440811,0.824589051221402,0.8601049799398007,0.8345494381688914,0.8377789319836223,0.3860422067240292,0.5624617498706892,0.5459742564924265
throughput_3,16,6,markov,classic_quantile,aic,5,5,0.6262582876589476,0.09594052798455484,0.5798094430893861,0.11804747442233667,0.6113256864894362,0.1206904922351752,0.611670133259057,0.10738792808149536,1.0888189742899688,0.2364217294223106,0.8515476910427411,0.03673486897160901,0.8270324539465326,0.03857925678234514,0.8270892208311029,0.03850118468089746,0.8269787204799102,0.0386562202756353,0.29120385141023136,0.042547559254165146,0.07494935386452178,0.00861471542895186,0.048533975235038565,0.00709125987569419,0.16666666666666666,0.0,1.7430248160416781,0.031966408113369434,0.7898875977221663,0.09638064308382119,0.7608391249710883,0.1295647863135565,0.7869638063721439,0.12093450063489704,0.7651039193043392,0.13186606059095082,0.9152548719167142,0.4246289102963649,17,"scrape_duration_seconds_3,avg_p_latency_3,cores_3,buffer_size_3,throughput_2,python_gc_objects_collected_total_1,throughput_1,python_gc_objects_collected_total_3,python_gc_collections_total_7,python_gc_objects_collected_total_2,python_gc_collections_total_1,python_gc_collections_total_4,python_gc_objects_collected_total_5,process_cpu_seconds_total_1,process_cpu_seconds_total_3,python_gc_objects_collected_total_6,throughput_3",5.0,padded,2.0491424206644298,0.4956433425657451,58.746741824783385,822.8,299.4,0.7477718360071302,1,,,False,30,,0.9046345811051694,0.7816399286987522,0.7477718360071302,0.893987596961102,0.768894668559296,0.7452764921127598,0.893484337178492,0.7724572780501294,0.7463111499536047,0.8946269803923463,0.7724659795752363,0.7521451149011594,0.42240194375176104,0.6882148912746172,0.822423334022578
throughput_3,16,8,markov,classic_quantile,aic,5,5,0.6569122686717365,0.14603205572036146,0.5728995878414187,0.16038567254669053,0.5927806045913686,0.1624448931153524,0.5841093272997793,0.14445426772072195,1.3127476026324993,0.6869632403590406,0.8497611916133734,0.02569089918103424,0.8363568407440543,0.026176506528293876,0.8364191037754521,0.02615472194438187,0.8362985782308415,0.02619781607025511,0.29120385141023136,0.042547559254165146,0.06291955198969593,0.010037270624112795,0.04078886188977331,0.007666282720144682,0.1392857142857143,0.007985957062499245,1.917700432837902,0.08800185511408466,0.8189169832965207,0.06813214884521153,0.7532118842544933,0.08946183806165844,0.7710082357906706,0.08385291437350657,0.7519646591086582,0.08903466102172879,0.8321483884090484,0.27036882288210845,17,"buffer_size_3,avg_p_latency_3,throughput_2,python_gc_objects_collected_total_1,throughput_1,python_gc_objects_collected_total_3,python_gc_collections_total_7,python_gc_objects_collected_total_2,python_gc_collections_total_1,python_gc_collections_total_4,python_gc_objects_collected_total_5,process_cpu_seconds_total_1,process_cpu_seconds_total_3,python_gc_objects_collected_total_6,process_cpu_seconds_total_2,python_gc_objects_collected_total_8,throughput_3",3.0,padded,1.7028440384194254,0.45613170098513367,53.360377305187285,861.8,260.4,0.7486631016042781,3,,,False,30,,0.8458110516934046,0.7771836007130125,0.7486631016042781,0.5334344463448982,0.5589875469008553,0.6017838439795594,0.5365268072221236,0.5601867473354444,0.6012971404957451,0.5612774400540358,0.5598446978577692,0.6460783765965818,0.8465479247907154,1.1087739969803054,1.1944597499828906
throughput_3,16,10,markov,classic_quantile,aic,5,5,0.560864948262151,0.11263426238771394,0.4370099528262008,0.14222939142533897,0.4674893248032972,0.12519434361264117,0.45294640845706047,0.13242503321124308,1.4233218197478554,0.3003673051557434,0.7690244332169847,0.07213575352763434,0.669958906567656,0.09281856450614168,0.6700206753899108,0.09291519899986259,0.6699017211692511,0.092722253708761,0.29120385141023136,0.042547559254165146,0.04914319064219148,0.00738284918922222,0.0318509329849752,0.005709090250576839,0.10888888888888888,0.004969039949999528,2.0999575370835126,0.12027466751558917,0.7528648795961503,0.08331239772305879,0.6814636810357887,0.13032124721451943,0.716825949365431,0.11554562519482102,0.677733405930315,0.1341593989710438,1.0906792606389284,0.23244945586679663,17,"buffer_size_3,avg_p_latency_3,throughput_2,python_gc_objects_collected_total_1,throughput_1,python_gc_objects_collected_total_3,python_gc_collections_total_7,python_gc_objects_collected_total_2,python_gc_collections_total_1,python_gc_collections_total_4,python_gc_objects_collected_total_5,process_cpu_seconds_total_1,process_cpu_seconds_total_3,python_gc_objects_collected_total_6,process_cpu_seconds_total_2,python_gc_objects_collected_total_8,throughput_3",3.0,padded,1.779881367087364,0.5362656014971435,54.05936855683103,805.2,317.0,0.7245989304812834,2,,,False,30,,0.41622103386809267,0.6631016042780749,0.7245989304812834,0.25026732071032387,0.5668414230095575,0.6457219153366559,0.2525606861599377,0.5803975071103397,0.656686747098713,0.36433011049163483,0.5729964662870403,0.6542519636860207,2.2764555656164944,1.1010664546220466,1.0497961377962572
throughput_3,16,2,markov,kmeans,bic,5,5,0.9693433205873623,0.019707482314158108,0.7604145207415461,0.08442709207090347,0.8385183297126625,0.10747211649609376,0.7239664296644526,0.08583297601783067,0.12086461114938855,0.054595835093311756,0.9818207214886279,0.00801303710486728,0.8734214976413315,0.017374639814205946,0.8734214976413315,0.017374639814205946,0.8734214976413315,0.017374639814205946,0.9625725591782895,0.01457965533338928,0.4904421156910813,0.0037999489372258677,0.48128627958914477,0.00728982766669464,0.5,0.0,0.16108841344603442,0.04705912220103027,0.9802324733888319,0.016983129126703043,0.8498917697544695,0.09787557685116112,0.9286663420258835,0.11217309585176953,0.8033948472302539,0.10193293189345952,0.1026806584001676,0.06974242708084774,17,"buffer_size_3,scrape_duration_seconds_3,throughput_2,python_gc_objects_collected_total_1,throughput_1,python_gc_objects_collected_total_3,python_gc_collections_total_7,python_gc_objects_collected_total_2,python_gc_collections_total_1,python_gc_collections_total_4,python_gc_objects_collected_total_5,process_cpu_seconds_total_1,process_cpu_seconds_total_3,python_gc_objects_collected_total_6,process_cpu_seconds_total_2,python_gc_objects_collected_total_8,throughput_3",3.0,padded,1.48292046058923,0.28626172272488476,60.04342756187543,1093.4,28.8,0.9839715048975958,5,,,False,30,,0.12288512911843277,0.9679430097951914,0.9839715048975958,0.11905996322232336,0.4918552036199095,0.8635148274185708,0.5485792850595783,0.4848349687778769,0.8855837534372135,0.515732546705998,0.49908172635445364,0.8440023510170704,0.7476376587303262,0.0794833732590957,0.07418221677638802
throughput_3,16,3,markov,kmeans,bic,5,5,0.8447997866676825,0.09687043360309583,0.6678121793064538,0.1398243731419223,0.7169710813154937,0.1757872437895582,0.6661643712709768,0.13596501529329857,0.48401883209753793,0.1899032018112427,0.9486727840978535,0.011174929891963102,0.8816544060667898,0.012944780617226773,0.8816910657204164,0.01285437353814961,0.8816185142620597,0.013035388843090813,0.5118678799942222,0.09727538281283896,0.22423701175549038,0.028656531455772377,0.17062262666474073,0.03242512760427965,0.3333333333333333,0.0,0.8376142909955163,0.029487590742458665,0.9485384851836243,0.014355451700876806,0.8620793078437272,0.05906730733364109,0.8961964850253817,0.08507930171418604,0.8478115923095952,0.052387059771676556,0.20506676623297837,0.046401868960578574,17,"buffer_size_3,scrape_duration_seconds_3,throughput_2,python_gc_objects_collected_total_1,throughput_1,python_gc_objects_collected_total_3,python_gc_collections_total_7,python_gc_objects_collected_total_2,python_gc_collections_total_1,python_gc_collections_total_4,python_gc_objects_collected_total_5,process_cpu_seconds_total_1,process_cpu_seconds_total_3,python_gc_objects_collected_total_6,process_cpu_seconds_total_2,python_gc_objects_collected_total_8,throughput_3",3.0,padded,1.4677699563093483,0.30594494715332987,53.71213360782713,1056.6,65.6,0.9073083778966132,1,,,False,30,,0.8467023172905526,0.910873440285205,0.9073083778966132,0.7480464678444437,0.7117536829641806,0.7936270451839648,0.742975556371584,0.7212076088702025,0.7755200303765623,0.7538119033125534,0.7043290043290042,0.8188510556036968,0.3700019371646934,0.2690424546438502,0.3296405027155565
throughput_3,16,4,markov,kmeans,bic,5,5,0.8984111186772126,0.019622739566663182,0.5799491226138852,0.04841077713638323,0.576326752337951,0.05477241425210226,0.5987092520821804,0.05504742525837774,0.36681471524142395,0.050472490661506136,0.9417215473577111,0.012986576123664018,0.7042184652526075,0.04503472007945174,0.7042471797214985,0.045075744544721304,0.7041903434868849,0.04499433637594209,0.5116896268747927,0.09716041007565365,0.16814122653145497,0.021467468889939677,0.12792240671869817,0.024290102518913413,0.25,0.0,0.8767906250433535,0.030192135773252082,0.9378509204184267,0.018968099218444463,0.7799754644191752,0.07509120819749004,0.8392500631393377,0.07365417071652354,0.7777458787012914,0.08986462404139875,0.27457488686502945,0.11681864325089893,17,"buffer_size_3,scrape_duration_seconds_3,throughput_2,python_gc_objects_collected_total_1,throughput_1,python_gc_objects_collected_total_3,python_gc_collections_total_7,python_gc_objects_collected_total_2,python_gc_collections_total_1,python_gc_collections_total_4,python_gc_objects_collected_total_5,process_cpu_seconds_total_1,process_cpu_seconds_total_3,python_gc_objects_collected_total_6,process_cpu_seconds_total_2,python_gc_objects_collected_total_8,throughput_3",3.0,padded,1.3410836764611305,0.3226902705617249,50.08858445798978,1035.0,87.2,0.9153297682709447,3,,,False,30,,0.5106951871657754,0.9188948306595366,0.9153297682709447,0.2899342982225527,0.5823759962778654,0.5667473007968532,0.282487453116799,0.5769063318178109,0.5405285537852926,0.4487356965109038,0.5897860975729828,0.6485210572474498,1.2707920715141325,0.2774225883404702,0.3158447516774083
throughput_3,16,6,markov,kmeans,bic,5,5,0.8410271062201291,0.02083567640955732,0.48541945615349463,0.050316414806172445,0.49511284623929547,0.07249966764701254,0.4964500417919184,0.04227780364967371,0.5967012688430596,0.0314182513409332,0.9187310219157687,0.010091764446162927,0.6642008490823734,0.01507532665416206,0.6641541381986024,0.01507284893260958,0.6642489917301317,0.015079571524754932,0.358600673330127,0.11566038863997802,0.08653521904577999,0.0212761581733848,0.0597667788883545,0.019276731439996333,0.16666666666666666,0.0,1.2735567944829207,0.057095276259228646,0.8920942886206558,0.027620480720310765,0.6106286014710952,0.09822735721595068,0.6403558593271644,0.11846294826855287,0.6450709738929158,0.11102353982337972,0.5002525708409526,0.06752971533774572,17,"buffer_size_3,throughput_2,python_gc_objects_collected_total_1,throughput_1,python_gc_objects_collected_total_3,python_gc_collections_total_7,python_gc_objects_collected_total_2,python_gc_collections_total_1,python_gc_collections_total_4,python_gc_objects_collected_total_5,process_cpu_seconds_total_1,process_cpu_seconds_total_3,python_gc_objects_collected_total_6,process_cpu_seconds_total_2,python_gc_objects_collected_total_8,python_gc_collections_total_6,throughput_3",2.0,padded,1.28637521173805,0.3669723704457283,45.88989780796692,992.2,130.0,0.8645276292335116,1,,,False,30,,0.8538324420677362,0.8778966131907309,0.8645276292335116,0.43152507162081927,0.650910049326984,0.4696790959211638,0.4025940624029964,0.6398896957822872,0.4626826052432212,0.48506172839506173,0.6680081563490746,0.481221595075685,0.36908332189377624,0.46330519852344804,0.5882730558415481
throughput_3,16,8,markov,kmeans,bic,5,5,0.819283082778971,0.02387287262599348,0.39478196416735223,0.05994627120601996,0.3905644097823483,0.05537872989096344,0.41115342033367697,0.06633013455089291,0.7008103687986892,0.08231044546758941,0.9089293225587814,0.015515980528127488,0.5635924055299544,0.08581382596447372,0.5635530623709142,0.08583219531814143,0.5636328724309362,0.08579586500455569,0.32063275889162435,0.08902209248981462,0.06001560179767464,0.012640930467549109,0.04007909486145304,0.011127761561226827,0.125,0.0,1.3970113938141817,0.16434190522553857,0.8774929253429585,0.03174977032191282,0.5588190244357761,0.11973419708942412,0.597479406907919,0.1352473076200298,0.5775977967160693,0.1259032363937815,0.5935502129673421,0.11875814167096924,17,"throughput_2,python_gc_objects_collected_total_1,throughput_1,python_gc_objects_collected_total_3,python_gc_collections_total_7,python_gc_objects_collected_total_2,python_gc_collections_total_1,python_gc_collections_total_4,python_gc_objects_collected_total_5,process_cpu_seconds_total_1,process_cpu_seconds_total_3,python_gc_objects_collected_total_6,process_cpu_seconds_total_2,buffer_size_3,python_gc_objects_collected_total_8,python_gc_collections_total_6,throughput_3",1.0,padded,1.3359764759428798,0.3873155500739813,46.136518879793584,970.0,152.2,0.8458110516934046,2,,,False,30,,0.4803921568627451,0.8627450980392157,0.8458110516934046,0.1847810244331541,0.3754924623147629,0.4206946019576343,0.1811024293092978,0.3673715623371262,0.4191033724424259,0.24278869169726533,0.38676119157699695,0.42614719715547184,2.378491486505591,0.6149230306691137,0.5900067102045736
throughput_3,16,10,markov,kmeans,bic,5,5,0.7752612289147829,0.06282827185132372,0.3525350344422574,0.04160029974687197,0.362451464233279,0.03459721900326086,0.36693119806812763,0.050356916982908506,0.8818579359874159,0.17184025227105817,0.8895032245878195,0.010482621863332629,0.5620425953246556,0.055402189566873226,0.5620146841356932,0.05541128977597597,0.562071995802208,0.05539311741652251,0.24184567375075988,0.0411021971464149,0.040289648717874306,0.0035431242014632696,0.02507385238200806,0.00302018589662923,0.10444444444444445,0.006085806194501839,1.6722248662373407,0.1397395769904319,0.8260299845038865,0.0695377224342876,0.4558815554727433,0.06329208647285076,0.5004030911311649,0.08419247480360352,0.4617115874004325,0.07075381173913016,0.7480665197822308,0.238772495421516,17,"throughput_2,python_gc_objects_collected_total_1,throughput_1,python_gc_objects_collected_total_3,python_gc_collections_total_7,python_gc_objects_collected_total_2,python_gc_collections_total_1,python_gc_collections_total_4,python_gc_objects_collected_total_5,process_cpu_seconds_total_1,process_cpu_seconds_total_3,python_gc_objects_collected_total_6,process_cpu_seconds_total_2,buffer_size_3,python_gc_objects_collected_total_8,python_gc_collections_total_6,throughput_3",1.0,padded,1.3096660850569606,0.35056947274133565,45.09239810612053,942.0,180.2,0.8235294117647058,1,,,False,30,,0.946524064171123,0.8048128342245989,0.8235294117647058,0.475678078875168,0.33169363826011694,0.42095147990939347,0.47014213511317615,0.332588500543917,0.41608934065831954,0.48177460584108367,0.3377113536028588,0.43395894318042805,0.31348694292649,0.7058571081921149,1.0494997225015914
throughput_3,16,2,markov,kmeans,aic,5,5,0.9411796451762926,0.054490594320798044,0.6991373883079423,0.14503104489713448,0.7236122911601791,0.18121596652032632,0.694251095345704,0.12756742283971675,0.17198471523684863,0.11668864949976093,0.9818207214886279,0.00801303710486728,0.8734214976413315,0.017374639814205946,0.8734214976413315,0.017374639814205946,0.8734214976413315,0.017374639814205946,0.9625725591782895,0.01457965533338928,0.4904421156910813,0.0037999489372258677,0.48128627958914477,0.00728982766669464,0.5,0.0,0.16108841344603442,0.04705912220103027,0.9617103399321214,0.04851698971265732,0.8038785762405963,0.1488749454969412,0.8542906700611702,0.18626990096025206,0.7793461709853797,0.12163390201048349,0.1304578676787438,0.12415191722871083,17,"avg_p_latency_2,scrape_duration_seconds_3,buffer_size_3,throughput_2,python_gc_objects_collected_total_1,throughput_1,python_gc_objects_collected_total_3,python_gc_collections_total_7,python_gc_objects_collected_total_2,python_gc_collections_total_1,python_gc_collections_total_4,python_gc_objects_collected_total_5,process_cpu_seconds_total_1,process_cpu_seconds_total_3,python_gc_objects_collected_total_6,process_cpu_seconds_total_2,throughput_3",4.0,padded,1.9864669354632496,0.3070088906213641,78.52835295815021,1085.6,36.6,0.9830659536541889,4,,,False,30,,0.7575757575757576,0.9866310160427807,0.9830659536541889,0.7414755303756764,0.63948332369385,0.7935482621369565,0.7545793715360756,0.7093529788597053,0.9298146473779385,0.8335206834532374,0.6053378029912325,0.7248898613287602,0.9008714060156059,0.050344148781940386,0.09455326944517002
throughput_3,16,3,markov,kmeans,aic,5,5,0.8075534560946535,0.11286956702874126,0.5889880323087721,0.1545810063189677,0.6399185760914116,0.17594480322071251,0.5867046469491917,0.1342316351658974,0.6142668798037728,0.26191051889561656,0.9486727840978535,0.011174929891963102,0.8816544060667898,0.012944780617226773,0.8816910657204164,0.01285437353814961,0.8816185142620597,0.013035388843090813,0.5118678799942222,0.09727538281283896,0.22423701175549038,0.028656531455772377,0.17062262666474073,0.03242512760427965,0.3333333333333333,0.0,0.8376142909955163,0.029487590742458658,0.9570852729882781,0.019789176918346984,0.9040458253964594,0.043378627596356745,0.9508692090869048,0.011618969830850414,0.8765598286113656,0.06162262885016625,0.18571478816148862,0.08793363962580465,17,"buffer_size_3,scrape_duration_seconds_3,throughput_2,python_gc_objects_collected_total_1,throughput_1,python_gc_objects_collected_total_3,python_gc_collections_total_7,python_gc_objects_collected_total_2,python_gc_collections_total_1,python_gc_collections_total_4,python_gc_objects_collected_total_5,process_cpu_seconds_total_1,process_cpu_seconds_total_3,python_gc_objects_collected_total_6,process_cpu_seconds_total_2,python_gc_objects_collected_total_8,throughput_3",3.0,padded,1.9691017297096551,0.35726974345743656,64.95095960004255,1042.6,79.6,0.9331550802139037,1,,,False,30,,0.8556149732620321,0.9162210338680927,0.9331550802139037,0.7586449926283952,0.6135245946728961,0.8212438848140516,0.7565063368453199,0.6122948901693527,0.8941823954717938,0.7615941844523558,0.6165990259740259,0.7826656982154945,0.43967078583773583,0.2707942135478349,0.2894969852534374
throughput_3,16,4,markov,kmeans,aic,5,5,0.8704283947854217,0.030267891007365596,0.5325692626458286,0.09373785419362396,0.5620970602780642,0.11947076516582875,0.523616588502114,0.09095193181143252,0.48636898394257233,0.1329451663353224,0.9417215473577111,0.012986576123664018,0.7042184652526075,0.04503472007945174,0.7042471797214985,0.045075744544721304,0.7041903434868849,0.04499433637594209,0.5116896268747927,0.09716041007565365,0.16814122653145497,0.021467468889939677,0.12792240671869817,0.024290102518913413,0.25,0.0,0.8767906250433535,0.030192135773252082,0.9465783377645668,0.026368144683938385,0.7977322103568153,0.06694836447396414,0.8374201379156055,0.08077653317855843,0.7913622482287126,0.06792621602883807,0.21316082938543537,0.09539262366233175,17,"buffer_size_3,scrape_duration_seconds_3,throughput_2,python_gc_objects_collected_total_1,throughput_1,python_gc_objects_collected_total_3,python_gc_collections_total_7,python_gc_objects_collected_total_2,python_gc_collections_total_1,python_gc_collections_total_4,python_gc_objects_collected_total_5,process_cpu_seconds_total_1,process_cpu_seconds_total_3,python_gc_objects_collected_total_6,process_cpu_seconds_total_2,python_gc_objects_collected_total_8,throughput_3",3.0,padded,1.7377641083672644,0.38338260166347027,58.27050572168082,1013.8,108.4,0.9090909090909091,1,,,False,30,,0.803921568627451,0.9055258467023173,0.9090909090909091,0.7087694110869223,0.47249069874988725,0.5868266421956551,0.7168629977867006,0.4889659797867666,0.6123194926161027,0.7025547764456411,0.47607531431334627,0.5735183464359724,0.5888334341697443,0.31037899130717617,0.38207028080953725
throughput_3,16,6,markov,kmeans,aic,5,5,0.7302219195781607,0.16090616743004862,0.3958239463267327,0.14609931864772463,0.3936699765305853,0.1398135400785014,0.4314466947903088,0.15393438443624227,0.9285763809453357,0.5353100257563984,0.9187310219157687,0.010091764446162927,0.6642008490823734,0.01507532665416206,0.6641541381986024,0.01507284893260958,0.6642489917301317,0.015079571524754932,0.358600673330127,0.11566038863997802,0.08653521904577999,0.0212761581733848,0.0597667788883545,0.019276731439996333,0.16666666666666666,0.0,1.2735567944829207,0.057095276259228646,0.8929847605707895,0.02825125505769413,0.6152788574925017,0.09155671230499762,0.6731367484671299,0.07817610413644868,0.6623466044349483,0.11228859104148979,0.44532949427393975,0.16208568651488084,17,"buffer_size_3,throughput_2,python_gc_objects_collected_total_1,throughput_1,python_gc_objects_collected_total_3,python_gc_collections_total_7,python_gc_objects_collected_total_2,python_gc_collections_total_1,python_gc_collections_total_4,python_gc_objects_collected_total_5,process_cpu_seconds_total_1,process_cpu_seconds_total_3,python_gc_objects_collected_total_6,process_cpu_seconds_total_2,python_gc_objects_collected_total_8,python_gc_collections_total_6,throughput_3",2.0,padded,1.5079505045898258,0.38981394106522205,50.83709687087685,988.0,134.2,0.8654188948306596,1,,,False,30,,0.8226381461675579,0.7058823529411765,0.8654188948306596,0.5482500558635691,0.4505345437642885,0.5021040317083966,0.5941640817338785,0.4160061278209846,0.48795325023992,0.5609323045404399,0.5017975739109902,0.5647625526033779,0.7247261858427134,0.7692434336098352,0.5480696338848559
throughput_3,16,8,markov,kmeans,aic,5,5,0.7904021091963054,0.07659646376963834,0.3942819330189813,0.10180308155184079,0.3996316592444415,0.09538043143819142,0.4121963505773875,0.10693323597756059,0.7565244705576599,0.16727453798472916,0.9089293225587814,0.015515980528127488,0.5635924055299544,0.08581382596447372,0.5635530623709142,0.08583219531814143,0.5636328724309362,0.08579586500455569,0.32063275889162435,0.08902209248981462,0.06001560179767464,0.012640930467549109,0.04007909486145304,0.011127761561226827,0.125,0.0,1.3970113938141817,0.16434190522553857,0.8799818102882784,0.04314807942583716,0.5889533446355611,0.1318938376949192,0.6321727423830041,0.11352739082918793,0.6128592426616587,0.14263390687100477,0.6084874221545576,0.1684570279743111,17,"buffer_size_3,throughput_2,python_gc_objects_collected_total_1,throughput_1,python_gc_objects_collected_total_3,python_gc_collections_total_7,python_gc_objects_collected_total_2,python_gc_collections_total_1,python_gc_collections_total_4,python_gc_objects_collected_total_5,process_cpu_seconds_total_1,process_cpu_seconds_total_3,python_gc_objects_collected_total_6,process_cpu_seconds_total_2,python_gc_objects_collected_total_8,python_gc_collections_total_6,throughput_3",2.0,padded,1.4000209403224289,0.38235855055972934,47.98462250176817,956.6,165.6,0.8547237076648841,2,,,False,30,,0.4786096256684492,0.7807486631016043,0.8547237076648841,0.18569745324229187,0.25553607855833893,0.46958784974144896,0.18410963545817927,0.26332959845441145,0.4797773951543476,0.2422475661561398,0.26622308420686475,0.4651073906078528,2.4061724340169364,0.7237063799575011,0.6081077646617944
throughput_3,16,10,markov,kmeans,aic,5,5,0.7442431226517969,0.09418962105764865,0.32697194497283527,0.08244744409304994,0.3245345675619344,0.08176143941379298,0.34715535580094914,0.08566233754748924,0.8774740101228963,0.22658295233099882,0.8895032245878195,0.010482621863332629,0.5620425953246556,0.055402189566873226,0.5620146841356932,0.05541128977597597,0.562071995802208,0.05539311741652251,0.24184567375075988,0.0411021971464149,0.040289648717874306,0.0035431242014632696,0.02507385238200806,0.00302018589662923,0.10444444444444445,0.006085806194501839,1.6722248662373407,0.1397395769904319,0.8456119697176158,0.061860527855394545,0.49684024941169297,0.10474550884744399,0.5078545837381849,0.12729739132867682,0.517635022658877,0.11204282560202967,0.699000772542621,0.2344239306626875,17,"buffer_size_3,throughput_2,python_gc_objects_collected_total_1,throughput_1,python_gc_objects_collected_total_3,python_gc_collections_total_7,python_gc_objects_collected_total_2,python_gc_collections_total_1,python_gc_collections_total_4,python_gc_objects_collected_total_5,process_cpu_seconds_total_1,process_cpu_seconds_total_3,python_gc_objects_collected_total_6,process_cpu_seconds_total_2,python_gc_objects_collected_total_8,python_gc_collections_total_6,throughput_3",2.0,padded,1.3397580002434553,0.40991795314475893,46.86361781787127,919.0,203.2,0.8235294117647058,1,,,False,30,,0.946524064171123,0.786096256684492,0.8235294117647058,0.475678078875168,0.32553067688400955,0.4468420208205933,0.47014213511317615,0.32699916009213925,0.4436523225306483,0.48177460584108367,0.3307827223662863,0.4576882835925071,0.31348694292649,0.6891229758644708,0.7646508245846895
throughput_3,16,2,mrmr,classic_uniform,bic,5,5,0.9695218911655976,0.0182943311581597,0.7647254376221035,0.07318891400669986,0.8354093042237858,0.10016285271564083,0.725751344810422,0.07182537213968787,0.12162299715679689,0.045738152697292506,0.9814642152497687,0.008032980076580562,0.8745284800606118,0.015280170930052748,0.8745284800606118,0.015280170930052748,0.8745284800606118,0.015280170930052748,0.9613251048010882,0.015651587992000626,0.49011454434285956,0.004084685735689133,0.4806625524005441,0.007825793996000313,0.5,0.0,0.16509488330785121,0.04975210758910933,0.9770270912622836,0.01848160224674156,0.8281176768660844,0.09371534198675299,0.9091260617105753,0.11494088446873703,0.7821032384033844,0.09269377104128904,0.10586380320220642,0.059497091596150846,17,"throughput_2,buffer_size_3,avg_p_latency_3,throughput_1,python_gc_objects_collected_total_3,scrape_duration_seconds_1,avg_p_latency_1,buffer_size_2,avg_p_latency_2,data_quality_1,scrape_duration_seconds_3,python_gc_objects_collected_total_1,scrape_duration_seconds_2,process_open_fds_1,process_cpu_seconds_total_1,rps,throughput_3",,,1.7450700297020376,0.31960654174909,195.91916783712804,1061.4,60.8,0.9821905609973286,5,,,False,30,,0.678539626001781,0.9715048975957258,0.9821905609973286,0.5150826829341227,0.5483157365510307,0.8565112951037515,0.5650146835374038,0.9857270294380018,0.8768432993031923,0.814069648793654,0.5294117647058824,0.8384186272131943,0.4799387770908656,0.07727206261952908,0.08961523355855962
throughput_3,16,3,mrmr,classic_uniform,bic,5,5,0.860086539270448,0.06878416236756378,0.7036396247164525,0.14257212122658677,0.7368148475971305,0.15903607748666893,0.7034941608095207,0.11808301416445809,0.44999044504643776,0.13698728937590499,0.9408317103251889,0.006935310253495855,0.8721575666018826,0.009455766799742776,0.8721585421555386,0.009376860610541746,0.872157977162367,0.009540536343960649,0.6665563497316679,0.02695215561658216,0.2665547123006596,0.006606764081832377,0.22218544991055594,0.008984051872194058,0.3333333333333333,0.0,0.7497565314935168,0.03957369616768475,0.9549489325427887,0.009143966190465692,0.8681495449900856,0.06125320971388763,0.9178836085776284,0.06430836724499876,0.8391906299412216,0.0648410778771654,0.19942177070875172,0.02859156363869389,17,"throughput_2,buffer_size_3,avg_p_latency_3,throughput_1,python_gc_objects_collected_total_3,scrape_duration_seconds_1,avg_p_latency_1,buffer_size_2,avg_p_latency_2,data_quality_1,scrape_duration_seconds_3,python_gc_objects_collected_total_1,scrape_duration_seconds_2,process_open_fds_1,process_cpu_seconds_total_1,rps,throughput_3",,,1.6072325036861002,0.4880889384075999,197.49885032698512,912.4,209.8,0.9145146927871772,5,,,False,30,,0.5743544078361532,0.8183437221727515,0.9145146927871772,0.2611348705119318,0.5495995951098663,0.8626721822150327,0.33463234392026964,0.541849547727186,0.8821890624410648,0.21458067262664968,0.5667450670169961,0.845692385485551,1.4199786557443321,0.4937024576752048,0.37944774276265375
throughput_3,16,4,mrmr,classic_uniform,bic,5,5,0.8868292690669726,0.047847422521984005,0.5737915742329157,0.05597529276001585,0.599369927981163,0.0649210206077891,0.5635759425828478,0.055995716024781594,0.40134877196761787,0.10228054146800857,0.9378047406123464,0.01516816575748524,0.699514346195783,0.05153008635189212,0.6995379594255418,0.051602941462585816,0.6994913264466999,0.05145771428023833,0.5323630204935533,0.07950957885956239,0.17300320853784265,0.016954454878714057,0.13309075512338833,0.019877394714890598,0.25,0.0,0.8665559329981776,0.024950255722905698,0.9417699476808119,0.020320108709971536,0.7765342534633135,0.0887835811313797,0.8643378130484208,0.12415474810781386,0.7401446409860556,0.08496552054755462,0.24389046662663208,0.0760429974482524,17,"throughput_2,buffer_size_3,avg_p_latency_3,throughput_1,python_gc_objects_collected_total_3,scrape_duration_seconds_1,avg_p_latency_1,buffer_size_2,avg_p_latency_2,data_quality_1,scrape_duration_seconds_3,python_gc_objects_collected_total_1,scrape_duration_seconds_2,process_open_fds_1,process_cpu_seconds_total_1,rps,throughput_3",,,1.4086004617623984,0.5008649671450257,199.112992038019,810.4,311.8,0.9233511586452763,3,,,False,30,,0.5089126559714795,0.8868092691622104,0.9233511586452763,0.3322309260790119,0.49211514836514836,0.5521038212834632,0.35033515567741935,0.6959232323232323,0.58754342790967,0.39914529914529917,0.4748284945265957,0.5350888779441415,1.3130144739856495,0.35301969848457054,0.2847339703746604
throughput_3,16,6,mrmr,classic_uniform,bic,5,4,0.7912706368064915,0.02805139453271976,0.49789547825199776,0.01358279600652212,0.5119250887770734,0.02705085296719872,0.505129452942167,0.03189396253534679,0.6882272997782288,0.020209823447494633,0.8995401609198687,0.024396358334915127,0.6314033173693511,0.052672285330998464,0.6313566509923442,0.05263625898116262,0.6314514406799598,0.05270885429163168,0.38295948590720996,0.10736974738630238,0.09655471708694995,0.026334308316885352,0.0677630040386051,0.023208579641366463,0.175,0.016666666666666677,1.2617870856534898,0.08012128031149407,0.8642228334754074,0.04762803518906564,0.671662698095958,0.0901876834570872,0.7475273122595336,0.1132777545224746,0.6475183232912,0.09412798071018937,0.5287326941501699,0.13297542905733167,17,"throughput_2,buffer_size_3,avg_p_latency_3,throughput_1,python_gc_objects_collected_total_3,scrape_duration_seconds_1,avg_p_latency_1,buffer_size_2,avg_p_latency_2,data_quality_1,scrape_duration_seconds_3,python_gc_objects_collected_total_1,scrape_duration_seconds_2,process_open_fds_1,process_cpu_seconds_total_1,rps,throughput_3",,,1.3452728390693665,0.6233955549541861,198.46302585490048,580.25,542.0,0.8333333333333334,2,,,False,30,,0.5614973262032086,0.8324420677361853,0.8333333333333334,0.2558480784632824,0.5630581699674722,0.5026772808694663,0.2420031835904042,0.5923170487563574,0.49673343719981006,0.30831739559708476,0.5479278701399044,0.5310853853286226,2.350254836839005,0.5400299460240054,0.6644520293083648
throughput_3,16,8,mrmr,classic_uniform,bic,5,4,0.7906109177257886,0.052786101079861855,0.33859288245763797,0.01910908042548422,0.37338197164868847,0.03794072818211263,0.3381173502941418,0.027688225646074097,0.7235200085570211,0.11125579222255375,0.9080040095047166,0.020740055719812616,0.5091279142198466,0.07261808256013037,0.5091485915089654,0.07260778265561788,0.5091076279496978,0.07262873781907801,0.3272615368498245,0.10297616570153997,0.06079101583756281,0.014632786851207604,0.040907692106228064,0.012872020712692497,0.125,0.0,1.3049833393864703,0.05763149854950935,0.8715789319406901,0.023946377673378663,0.5429209851690687,0.09387888098039107,0.590658686337911,0.07829649787080391,0.5256789268290467,0.10209289285541764,0.5833535882495443,0.1012156681504121,17,"throughput_2,buffer_size_3,avg_p_latency_3,throughput_1,python_gc_objects_collected_total_3,scrape_duration_seconds_1,avg_p_latency_1,buffer_size_2,avg_p_latency_2,data_quality_1,scrape_duration_seconds_3,python_gc_objects_collected_total_1,scrape_duration_seconds_2,process_open_fds_1,process_cpu_seconds_total_1,rps,throughput_3",,,1.2948918630136177,0.5346649748971686,198.16891670925543,576.75,545.5,0.8529411764705882,2,,,False,30,,0.46078431372549017,0.8057040998217468,0.8529411764705882,0.18061823954358322,0.27782469674461224,0.3610413520448322,0.1846715695683928,0.28271385869852234,0.3560289656505764,0.23391679312206748,0.2830977832596704,0.37092247526123123,2.969964365203153,0.7307149614811487,0.6189669839538872
throughput_3,16,10,mrmr,classic_uniform,bic,5,4,0.6829778985179435,0.09801799966228632,0.24493200680651295,0.07774210169092081,0.256432606510569,0.07072430248865498,0.2595420282950621,0.09090988844128901,0.9968846458927285,0.07558033088179876,0.9080014301519199,0.014298974228158253,0.5441359479175799,0.03989966370498657,0.5440519615269153,0.04009255886109339,0.5442218480453581,0.03970412754801173,0.31077451218486263,0.11627432335553456,0.04891121342812631,0.014074423191009643,0.03265449617788416,0.011954894606831136,0.10555555555555554,0.006415002990995836,1.5242114665276876,0.09321825293739211,0.8546631338274766,0.04260717488467519,0.4855522137006202,0.12751822825512624,0.5281484010439663,0.14886220474546064,0.501138601270303,0.12198887582823127,0.6360637235320934,0.1894192679946437,17,"throughput_2,buffer_size_3,avg_p_latency_3,throughput_1,python_gc_objects_collected_total_3,scrape_duration_seconds_1,avg_p_latency_1,buffer_size_2,avg_p_latency_2,data_quality_1,scrape_duration_seconds_3,python_gc_objects_collected_total_1,scrape_duration_seconds_2,process_open_fds_1,process_cpu_seconds_total_1,rps,throughput_3",,,1.249660538858734,0.5058349925093353,195.38404255732894,558.0,564.25,0.7951914514692787,5,,,False,30,,0.3935886019590383,0.7960819234194123,0.7951914514692787,0.07299381032950127,0.33965228021244287,0.3498752386985137,0.10220483641536274,0.3394893440583453,0.33545658059860195,0.057286553724053724,0.3434702288015541,0.38859490866802293,2.1791805554098334,0.7502947114597358,0.9161945667080994
throughput_3,16,2,mrmr,classic_uniform,aic,5,5,0.9691653849267384,0.01827485876819133,0.7565794201644792,0.07531246703727416,0.8370658161464213,0.1027353855701353,0.7165925360979546,0.07617634227645079,0.1241013265412169,0.03744412299706507,0.9814642152497687,0.008032980076580562,0.8745284800606118,0.015280170930052748,0.8745284800606118,0.015280170930052748,0.8745284800606118,0.015280170930052748,0.9613251048010882,0.015651587992000626,0.49011454434285956,0.004084685735689133,0.4806625524005441,0.007825793996000313,0.5,0.0,0.16509488330785121,0.04975210758910933,0.9772051856523103,0.01864391062708287,0.8299351470075349,0.09480267554321538,0.9150092314170021,0.11925583770001807,0.7821943961062102,0.0927248859197929,0.10270098551721182,0.05265559738117906,17,"throughput_2,buffer_size_3,avg_p_latency_3,throughput_1,python_gc_objects_collected_total_3,scrape_duration_seconds_1,avg_p_latency_1,buffer_size_2,avg_p_latency_2,data_quality_1,scrape_duration_seconds_3,python_gc_objects_collected_total_1,scrape_duration_seconds_2,process_open_fds_1,process_cpu_seconds_total_1,rps,throughput_3",,,2.2978168652392923,0.3709575511515141,202.8602517801337,1061.4,60.8,0.9821905609973286,5,,,False,30,,0.6544968833481746,0.9715048975957258,0.9821905609973286,0.49945778537490926,0.5483157365510307,0.8565112951037515,0.5608920009841669,0.9857270294380018,0.8768432993031923,0.8014054836904645,0.5294117647058824,0.8384186272131943,0.48151337644187603,0.09255819889088604,0.10672705650577007
throughput_3,16,3,mrmr,classic_uniform,aic,5,5,0.8625819242130592,0.07979791838127805,0.6876917515993741,0.13676670983044903,0.7218690346290451,0.16771665568932398,0.6865268807136298,0.10894040901958862,0.4499128814716914,0.14892402264290286,0.9408317103251889,0.006935310253495855,0.8721575666018826,0.009455766799742776,0.8721585421555386,0.009376860610541746,0.872157977162367,0.009540536343960649,0.6665563497316679,0.02695215561658216,0.2665547123006596,0.006606764081832377,0.22218544991055594,0.008984051872194058,0.3333333333333333,0.0,0.7497565314935168,0.03957369616768475,0.9467572243894246,0.009035897781604907,0.8549134622640009,0.05305029731327496,0.9170391937560154,0.05827502885965083,0.8311893726519408,0.06481479192768658,0.20327676248590273,0.04179824496282876,17,"throughput_2,buffer_size_3,avg_p_latency_3,throughput_1,python_gc_objects_collected_total_3,scrape_duration_seconds_1,avg_p_latency_1,buffer_size_2,avg_p_latency_2,data_quality_1,scrape_duration_seconds_3,python_gc_objects_collected_total_1,scrape_duration_seconds_2,process_open_fds_1,process_cpu_seconds_total_1,rps,throughput_3",,,2.1626155895181,0.5310610141605139,203.94812135212123,912.4,209.8,0.9154051647373108,5,,,False,30,,0.5494211932324132,0.8352626892252895,0.9154051647373108,0.2515800203873598,0.6521075938986387,0.8633019624263197,0.3317204301075269,0.8826767782693756,0.88300695178022,0.20262725779967158,0.6204618636053645,0.8461720017925054,1.0347188909361937,0.5133203785745305,0.40236274826336654
throughput_3,16,4,mrmr,classic_uniform,aic,5,5,0.849397225092579,0.04826130865814703,0.5219984991900287,0.08231962787596739,0.5705419405878681,0.08083657688873414,0.519785837497143,0.08691591496447924,0.5174455599306538,0.1352267160841799,0.9378047406123464,0.01516816575748524,0.699514346195783,0.05153008635189212,0.6995379594255418,0.051602941462585816,0.6994913264466999,0.05145771428023833,0.5323630204935533,0.07950957885956239,0.17300320853784265,0.016954454878714057,0.13309075512338833,0.019877394714890598,0.25,0.0,0.8665559329981776,0.024950255722905698,0.9447975523112658,0.018483755306985407,0.7932530688517522,0.06801580228394778,0.8872297825013258,0.08657871917376603,0.7495493513256549,0.07478736612225508,0.23070501710859795,0.06881630396918503,17,"throughput_2,buffer_size_3,avg_p_latency_3,throughput_1,python_gc_objects_collected_total_3,scrape_duration_seconds_1,avg_p_latency_1,buffer_size_2,avg_p_latency_2,data_quality_1,scrape_duration_seconds_3,python_gc_objects_collected_total_1,scrape_duration_seconds_2,process_open_fds_1,process_cpu_seconds_total_1,rps,throughput_3",,,1.9340412204153836,0.6649592350237071,206.94873537821695,800.8,321.4,0.9153297682709447,1,,,False,30,,0.8057040998217468,0.9358288770053476,0.9153297682709447,0.6622842647843166,0.5455583214444603,0.5752409120559805,0.6819283374205612,0.6062362930866068,0.5749898820086548,0.6651346618364355,0.526958278490312,0.5759292870958574,0.4749026939604952,0.2518578688982051,0.3371087635958163
throughput_3,16,6,mrmr,classic_uniform,aic,5,4,0.7164368661736531,0.1091624568086298,0.42210984611804964,0.08460415891149205,0.43996535763722067,0.08085253953556745,0.43264911764637837,0.09099371584986408,0.8696556074754149,0.26098069051714934,0.8995401609198687,0.024396358334915127,0.6314033173693511,0.052672285330998464,0.6313566509923442,0.05263625898116262,0.6314514406799598,0.05270885429163168,0.38295948590720996,0.10736974738630238,0.09655471708694995,0.026334308316885352,0.0677630040386051,0.023208579641366463,0.175,0.016666666666666677,1.2617870856534898,0.08012128031149407,0.8884891844100862,0.013952683984767003,0.6705941350690348,0.09781930781374494,0.7492660962607666,0.1382369206281253,0.6425962028766954,0.08323271521914169,0.4323917194028243,0.07428103718866878,17,"throughput_2,buffer_size_3,avg_p_latency_3,throughput_1,python_gc_objects_collected_total_3,scrape_duration_seconds_1,avg_p_latency_1,buffer_size_2,avg_p_latency_2,data_quality_1,scrape_duration_seconds_3,python_gc_objects_collected_total_1,scrape_duration_seconds_2,process_open_fds_1,process_cpu_seconds_total_1,rps,throughput_3",,,1.8018384032184258,0.8292622019071132,203.69476228114218,575.75,546.5,0.8333333333333334,2,,,False,30,,0.551693404634581,0.8074866310160428,0.8333333333333334,0.25304498097529876,0.5425996753926233,0.502657073074658,0.24085266750267043,0.5718373318702513,0.4984840901466618,0.30440001667970584,0.5300210621224427,0.5308475059467415,2.534045091382031,0.574649430928928,0.5643501955852354
throughput_3,16,8,mrmr,classic_uniform,aic,5,4,0.7489436558238611,0.07891267560819226,0.3074164952478651,0.07072483290206709,0.31470317016788896,0.06486874205798622,0.31415701601005164,0.06549056521680674,0.8915304257539598,0.27460713388132285,0.9080040095047166,0.020740055719812616,0.5091279142198466,0.07261808256013037,0.5091485915089654,0.07260778265561788,0.5091076279496978,0.07262873781907801,0.3272615368498245,0.10297616570153997,0.06079101583756281,0.014632786851207604,0.040907692106228064,0.012872020712692497,0.125,0.0,1.3049833393864703,0.05763149854950935,0.8940494845720188,0.034363551693709554,0.5732367427253775,0.10924436817513447,0.6310948158215612,0.13026581405273094,0.5691593849595411,0.10936024887551281,0.5418040356205079,0.17200444126761272,17,"throughput_2,buffer_size_3,avg_p_latency_3,throughput_1,python_gc_objects_collected_total_3,scrape_duration_seconds_1,avg_p_latency_1,buffer_size_2,avg_p_latency_2,data_quality_1,scrape_duration_seconds_3,python_gc_objects_collected_total_1,scrape_duration_seconds_2,process_open_fds_1,process_cpu_seconds_total_1,rps,throughput_3",,,1.7122663527261466,0.8172191522317007,206.15530182002112,471.0,651.25,0.8163992869875223,2,,,False,30,,0.46078431372549017,0.8529411764705882,0.8163992869875223,0.18061823954358322,0.3252523835502559,0.3623383269277345,0.1846715695683928,0.31748273290051454,0.3741624237307641,0.23391679312206748,0.33363612224620554,0.36067707648822506,2.969964365203153,0.5892673711017223,0.6267951111564959
throughput_3,16,10,mrmr,classic_uniform,aic,5,3,0.6343467147510937,0.13507872953279998,0.23111891788191152,0.08355595937568255,0.2701576668933295,0.10381240135595186,0.25144439070719354,0.10254253736022673,1.292252413699593,0.25642171116876983,0.9091237131675035,0.017295487300561886,0.5354460531830072,0.04398737458258687,0.535344414789023,0.044228855884929766,0.5355500523894668,0.0437427294203045,0.2705751665732809,0.10287688312776945,0.04512362703658849,0.014527877277815597,0.02916024326985862,0.011879412328865037,0.1074074074074074,0.006415002990995835,1.533941944957366,0.11165290304433116,0.8596281355334222,0.05586274925856503,0.4519324449640887,0.0379211524741606,0.4932659371158034,0.05300465400176105,0.47305657195941136,0.06807705775926425,0.614268725580467,0.2925527130635802,17,"throughput_2,buffer_size_3,avg_p_latency_3,throughput_1,python_gc_objects_collected_total_3,scrape_duration_seconds_1,avg_p_latency_1,buffer_size_2,avg_p_latency_2,data_quality_1,scrape_duration_seconds_3,python_gc_objects_collected_total_1,scrape_duration_seconds_2,process_open_fds_1,process_cpu_seconds_total_1,rps,throughput_3",,,1.7398213553242385,0.8433088619882861,200.80296262307093,425.0,697.3333333333334,0.7889581478183437,5,,,False,30,,0.44879786286731965,0.7284060552092609,0.7889581478183437,0.07626558477248402,0.30602911144960376,0.3215845076009609,0.09799137033179586,0.31636039879144867,0.3454765633300053,0.06297886141636141,0.30159733081419826,0.36437236721110733,2.1112251585477777,1.2454190372033367,1.1382595557342563
throughput_3,16,2,mrmr,classic_quantile,bic,5,5,0.8731148899290957,0.03175744065244968,0.8586863981998716,0.04093896398986181,0.8707424996900628,0.027204872167592833,0.8571718037084564,0.049702603528425905,0.3194080279130813,0.06543262048173992,0.9615051039439496,0.009907644669638619,0.95756860288466,0.013947998638261171,0.9576261069609678,0.013960280783484892,0.9575117651941841,0.013936392713083686,0.44680961836689664,0.14177892306198198,0.30344556726597544,0.06878354456784515,0.22340480918344832,0.07088946153099099,0.5,0.0,0.6931064040474924,0.00011294491591939425,0.9122143597316542,0.040772470718554915,0.9007515445524262,0.0553097200694034,0.905098163620389,0.051270163724495145,0.8994336858587904,0.05950151546989965,0.2893523210179443,0.18827311810253314,15,"throughput_2,buffer_size_3,avg_p_latency_3,throughput_1,python_gc_objects_collected_total_3,scrape_duration_seconds_1,avg_p_latency_1,buffer_size_2,avg_p_latency_2,data_quality_1,scrape_duration_seconds_3,python_gc_objects_collected_total_1,scrape_duration_seconds_2,process_cpu_seconds_total_1,throughput_3",,,1.7516028305515647,0.42099128682166337,197.53986519388855,925.8,196.4,0.9099821746880571,1,,,False,30,,0.9732620320855615,0.9251336898395722,0.9099821746880571,0.9730479371983307,0.9235796458885382,0.9077377002733137,0.9733636308278075,0.9198184714294413,0.9033386251022274,0.9727575644091071,0.9322305704867401,0.9190982404692082,0.12138074648157966,0.24333225634632052,0.2826649630937848
throughput_3,16,3,mrmr,classic_quantile,bic,5,5,0.8363983981028662,0.043552310297063385,0.8196783230469412,0.04183895990907997,0.8363190915098464,0.02717492676633459,0.819982762887614,0.06214752223988872,0.48194063268386556,0.11114225175293987,0.9148162786526413,0.02940517186106693,0.9115226560318532,0.028430278954491434,0.9115873485620127,0.02837930046588442,0.9114595572174375,0.028481130897000554,0.2794375582338497,0.14078090686051642,0.1403832720048364,0.0593868065567553,0.09314585274461656,0.046926968953505475,0.3333333333333333,0.0,1.0978579808092266,0.0014899595607213438,0.8954850536976767,0.03819823385619873,0.8796638376752581,0.04483515782068889,0.9065014242952941,0.039262847712988276,0.8701447907551983,0.060569216951444675,0.296577106297485,0.08153402199831646,15,"throughput_2,buffer_size_3,avg_p_latency_3,throughput_1,python_gc_objects_collected_total_3,scrape_duration_seconds_1,avg_p_latency_1,buffer_size_2,avg_p_latency_2,data_quality_1,scrape_duration_seconds_3,python_gc_objects_collected_total_1,scrape_duration_seconds_2,process_cpu_seconds_total_1,throughput_3",,,1.6191820486448705,0.684789351373911,205.61251143785194,588.8,533.4,0.8707664884135472,1,,,False,30,,0.9233511586452763,0.8547237076648841,0.8707664884135472,0.9230395667395448,0.8539189511176114,0.8685814988211183,0.9235300103144187,0.8568330483606368,0.8717358606467466,0.9232178902494798,0.863351075741741,0.8758036831858922,0.30956802855755344,0.39899380158864706,0.384085124152699
throughput_3,16,4,mrmr,classic_quantile,bic,5,5,0.7144872326004796,0.09821587777260216,0.6868084128863218,0.11723467023366597,0.7108500379956413,0.11380223213353304,0.7171750091770986,0.0924599403639848,0.7682128866642843,0.19819681715181636,0.8994865103816965,0.015241371938631324,0.8971870840460584,0.014473683404433798,0.8972505789326594,0.014371448253225687,0.897126481724191,0.014577509030104787,0.2708829957952581,0.08536073757578705,0.105121826370789,0.027027225722333105,0.06772074894881452,0.021340184393946762,0.25,0.0,1.3851846699207504,0.0017598695348673256,0.8520381033264355,0.07599166902599586,0.8399034160860378,0.08707635214945554,0.8737404235635949,0.06307009477575981,0.8289412359078954,0.09404389970626856,0.5932599804527064,0.29160279334158623,15,"throughput_2,buffer_size_3,avg_p_latency_3,throughput_1,python_gc_objects_collected_total_3,scrape_duration_seconds_1,avg_p_latency_1,buffer_size_2,avg_p_latency_2,data_quality_1,scrape_duration_seconds_3,python_gc_objects_collected_total_1,scrape_duration_seconds_2,process_cpu_seconds_total_1,throughput_3",,,1.4826128408312798,0.812144617550075,208.86082063708454,348.2,774.0,0.8556149732620321,1,,,False,30,,0.9180035650623886,0.8859180035650623,0.8556149732620321,0.9159408922963683,0.8764419576184282,0.8459438912174551,0.9168447371894602,0.8749002819613506,0.846430358107686,0.9165967687083352,0.8830075560017291,0.8535436921885744,0.3400877223352583,0.4296189496350385,0.4870175747519774
throughput_3,16,6,mrmr,classic_quantile,bic,5,5,0.6883103731252074,0.09622486591036646,0.6214543003599284,0.15270364606992456,0.6517599674870411,0.1307724470777285,0.6214539487451731,0.15347047657457802,0.9633260961701222,0.16342072136054,0.8515476910427411,0.03673486897160901,0.8270324539465326,0.03857925678234514,0.8270892208311029,0.03850118468089746,0.8269787204799102,0.0386562202756353,0.29120385141023136,0.042547559254165146,0.07494935386452178,0.00861471542895186,0.048533975235038565,0.00709125987569419,0.16666666666666666,0.0,1.7430248160416781,0.031966408113369454,0.8294247107550632,0.07979405094385035,0.8017822925899972,0.11688461527930905,0.8379355090122406,0.07236407431131173,0.7912791968553406,0.13497008832265633,0.675240683963448,0.2514654995106896,16,"throughput_2,buffer_size_3,avg_p_latency_3,throughput_1,python_gc_objects_collected_total_3,scrape_duration_seconds_1,avg_p_latency_1,buffer_size_2,avg_p_latency_2,data_quality_1,scrape_duration_seconds_3,python_gc_objects_collected_total_1,scrape_duration_seconds_2,process_open_fds_1,process_cpu_seconds_total_1,throughput_3",,,1.369552326016128,0.8369461007416248,208.9370925789699,162.2,960.0,0.7771836007130125,1,,,False,30,,0.9135472370766489,0.7914438502673797,0.7771836007130125,0.9046262544270975,0.7825576474344285,0.7642608829443293,0.9165501195834921,0.7846030044550435,0.7645873042087442,0.9007471517571446,0.785262238668419,0.7711278840405703,0.4339255708885872,0.7042831124868288,0.8682415024590462
throughput_3,16,8,mrmr,classic_quantile,bic,5,5,0.6481997704772835,0.09704434635044895,0.5533331847644574,0.11238310299738945,0.5674746294218176,0.10525871982109572,0.5647259172110264,0.11007986027694247,1.1692120403832884,0.21740281045681328,0.8497611916133734,0.02569089918103424,0.8363568407440543,0.026176506528293876,0.8364191037754521,0.02615472194438187,0.8362985782308415,0.02619781607025511,0.29120385141023136,0.042547559254165146,0.06291955198969593,0.010037270624112795,0.04078886188977331,0.007666282720144682,0.1392857142857143,0.007985957062499245,1.917700432837902,0.08800185511408465,0.8201626933449105,0.0719435879676675,0.7469882958978272,0.11503191940524038,0.769110639206364,0.11225428007218789,0.7437209133175606,0.11877891512762968,0.7804916290142724,0.283133937566652,16,"throughput_2,buffer_size_3,avg_p_latency_3,throughput_1,python_gc_objects_collected_total_3,scrape_duration_seconds_1,avg_p_latency_1,buffer_size_2,avg_p_latency_2,data_quality_1,scrape_duration_seconds_3,python_gc_objects_collected_total_1,scrape_duration_seconds_2,process_open_fds_1,process_cpu_seconds_total_1,throughput_3",,,1.3459894933737815,0.8328138341195881,209.26810575975105,89.8,1032.4,0.7540106951871658,1,,,False,30,,0.7655971479500892,0.7905525846702317,0.7540106951871658,0.7778597992490567,0.7811207662194973,0.7435864803499972,0.8029600488651162,0.787374255818035,0.7427312951049816,0.8005296843160519,0.7892076567087636,0.7568293717454804,0.6524225235340226,0.7913381420475195,0.966631031003639
throughput_3,16,10,mrmr,classic_quantile,bic,5,5,0.5688850688012597,0.07059663674827059,0.43139314927981554,0.05187469123579797,0.46652697104254576,0.05441995086201631,0.46237775313396534,0.05386456154307506,1.479691379900509,0.3279289984699538,0.7690244332169847,0.07213575352763434,0.669958906567656,0.09281856450614168,0.6700206753899108,0.09291519899986259,0.6699017211692511,0.092722253708761,0.29120385141023136,0.042547559254165146,0.04914319064219148,0.00738284918922222,0.0318509329849752,0.005709090250576839,0.10888888888888888,0.004969039949999528,2.0999575370835126,0.12027466751558917,0.7922094795650947,0.0916334928795518,0.7221817898113801,0.13205134336302402,0.7830589708477447,0.08286095872524632,0.7068207149560537,0.1473117084261378,0.9493113760397647,0.28960048367794383,16,"throughput_2,buffer_size_3,avg_p_latency_3,throughput_1,python_gc_objects_collected_total_3,scrape_duration_seconds_1,avg_p_latency_1,buffer_size_2,avg_p_latency_2,data_quality_1,scrape_duration_seconds_3,python_gc_objects_collected_total_1,scrape_duration_seconds_2,process_open_fds_1,process_cpu_seconds_total_1,throughput_3",,,1.289629662781954,0.8472433323971927,206.3233348093927,57.8,1064.4,0.6550802139037433,3,,,False,30,,0.30213903743315507,0.6800356506238859,0.6550802139037433,0.10488861386138613,0.44660164118467427,0.4221097224423417,0.12107142857142857,0.45694680296702006,0.4858546507012783,0.09252183406113537,0.4614115788714039,0.41664176429522465,1.655997630578523,1.1548867805902931,1.1906400662210046
throughput_3,16,2,mrmr,classic_quantile,aic,5,5,0.8702628400182221,0.03164818592841928,0.8552421059358588,0.04312419584579978,0.8669089760952943,0.03298359070968731,0.8540572776923925,0.05104036850958685,0.30183969224096907,0.060122303086510856,0.9615051039439496,0.009907644669638619,0.95756860288466,0.013947998638261171,0.9576261069609678,0.013960280783484892,0.9575117651941841,0.013936392713083686,0.44680961836689664,0.14177892306198198,0.30344556726597544,0.06878354456784515,0.22340480918344832,0.07088946153099099,0.5,0.0,0.6931064040474924,0.00011294491591939425,0.9020640886288952,0.051496740250623105,0.8943219891488849,0.058889539123887766,0.8977184228078994,0.06130730186711385,0.9048839181212831,0.04297812334857518,0.2788746654318563,0.13402045038597823,15,"throughput_2,buffer_size_3,avg_p_latency_3,throughput_1,python_gc_objects_collected_total_3,scrape_duration_seconds_1,avg_p_latency_1,buffer_size_2,avg_p_latency_2,data_quality_1,scrape_duration_seconds_3,python_gc_objects_collected_total_1,scrape_duration_seconds_2,process_cpu_seconds_total_1,throughput_3",,,2.060022270306945,0.5065479865297675,204.07653505029157,925.8,196.4,0.9081996434937611,1,,,False,30,,0.9732620320855615,0.9206773618538324,0.9081996434937611,0.9730479371983307,0.9190517532788101,0.9060166243373077,0.9733636308278075,0.915359477124183,0.9017795087454079,0.9727575644091071,0.9277809125016087,0.9180351906158357,0.11973614263438599,0.21984829797678548,0.26599502872086705
throughput_3,16,3,mrmr,classic_quantile,aic,5,5,0.8362317322298466,0.06394882867216002,0.8158298343701968,0.07073463944184852,0.8405998488007818,0.060637865989398465,0.80586350550082,0.0810498262614483,0.5232901252002156,0.10514548639964458,0.9148162786526413,0.02940517186106693,0.9115226560318532,0.028430278954491434,0.9115873485620127,0.02837930046588442,0.9114595572174375,0.028481130897000554,0.2794375582338497,0.14078090686051642,0.1403832720048364,0.0593868065567553,0.09314585274461656,0.046926968953505475,0.3333333333333333,0.0,1.0978579808092266,0.0014899595607213438,0.880705754476919,0.044869682731979464,0.8637428207944966,0.05044537809628065,0.8864002718799966,0.0421587513057485,0.8596336938769295,0.06566548546447651,0.34840358149014,0.13348013787273297,15,"throughput_2,buffer_size_3,avg_p_latency_3,throughput_1,python_gc_objects_collected_total_3,scrape_duration_seconds_1,avg_p_latency_1,buffer_size_2,avg_p_latency_2,data_quality_1,scrape_duration_seconds_3,python_gc_objects_collected_total_1,scrape_duration_seconds_2,process_cpu_seconds_total_1,throughput_3",,,2.4440681863576175,0.9607832473702729,215.0152242979966,588.8,533.4,0.9162210338680927,2,,,False,30,,0.6158645276292335,0.820855614973262,0.9162210338680927,0.5843200098213478,0.7912460091139013,0.9123121998231313,0.5958044297302725,0.7846039168394506,0.9045235716441088,0.6893946233117489,0.8428811951321036,0.9211422037890049,0.7927280101791491,0.43106238221091325,0.3991690169073554
throughput_3,16,4,mrmr,classic_quantile,aic,5,5,0.7442624876389476,0.07904936884728234,0.7065896663440776,0.0971728782393439,0.7176752494097266,0.09062178133988144,0.7378453721240419,0.09065637909825046,0.7835184223576328,0.21066015607908642,0.8994865103816965,0.015241371938631324,0.8971870840460584,0.014473683404433798,0.8972505789326594,0.014371448253225687,0.897126481724191,0.014577509030104787,0.2708829957952581,0.08536073757578705,0.105121826370789,0.027027225722333105,0.06772074894881452,0.021340184393946762,0.25,0.0,1.3851846699207504,0.0017598695348673256,0.8306669349701963,0.04779936891326531,0.8240945317275127,0.056760476311840696,0.8437894735309763,0.04407552583023963,0.8214755785554875,0.063693675133156,0.6681191200574845,0.28891502370081706,15,"throughput_2,buffer_size_3,avg_p_latency_3,throughput_1,python_gc_objects_collected_total_3,scrape_duration_seconds_1,avg_p_latency_1,buffer_size_2,avg_p_latency_2,data_quality_1,scrape_duration_seconds_3,python_gc_objects_collected_total_1,scrape_duration_seconds_2,process_cpu_seconds_total_1,throughput_3",,,2.673772104922682,1.0558270978741349,222.54382374696434,348.2,774.0,0.8689839572192514,1,,,False,30,,0.8770053475935828,0.8770053475935828,0.8689839572192514,0.8740667644352684,0.871183291514767,0.8620894172393347,0.8875408259310613,0.8677815752461253,0.8627267675091849,0.8760114407795571,0.8811121156818154,0.8670922289822975,0.3815736780585024,0.4465768082660329,0.4866141569132549
throughput_3,16,6,mrmr,classic_quantile,aic,5,5,0.638380452156577,0.1021345975262364,0.5911230568228497,0.10618194213575499,0.6231699070084825,0.09105296246612389,0.6201045577386507,0.09734317750542934,1.0783213869745636,0.19685492489097145,0.8515476910427411,0.03673486897160901,0.8270324539465326,0.03857925678234514,0.8270892208311029,0.03850118468089746,0.8269787204799102,0.0386562202756353,0.29120385141023136,0.042547559254165146,0.07494935386452178,0.00861471542895186,0.048533975235038565,0.00709125987569419,0.16666666666666666,0.0,1.7430248160416781,0.031966408113369454,0.8157114427230061,0.05608640699053972,0.7850001909741302,0.0896263863446063,0.8265480780363731,0.0524783514780536,0.7830732815192704,0.10054682822428204,0.6705378843483835,0.14699495344117983,16,"throughput_2,buffer_size_3,avg_p_latency_3,throughput_1,python_gc_objects_collected_total_3,scrape_duration_seconds_1,avg_p_latency_1,buffer_size_2,avg_p_latency_2,data_quality_1,scrape_duration_seconds_3,python_gc_objects_collected_total_1,scrape_duration_seconds_2,process_open_fds_1,process_cpu_seconds_total_1,throughput_3",,,2.644930895976722,1.2853220648132264,226.28279731003568,132.8,989.4,0.768270944741533,3,,,False,30,,0.8556149732620321,0.7067736185383244,0.768270944741533,0.6644970466655109,0.6563420542346468,0.7060103134998181,0.6469407863683564,0.6335128799700925,0.7396262950030916,0.7000344956181243,0.7032234367035377,0.7347399271745338,0.645027829453612,1.0599120701763667,0.8156554748642425
throughput_3,16,8,mrmr,classic_quantile,aic,5,5,0.5683623728775895,0.12552570638451227,0.4708266189700372,0.1681353553974736,0.4953439274650854,0.16539769158786358,0.4730933220925321,0.17169905379372483,1.3260838157344694,0.22284336846465458,0.8497611916133734,0.02569089918103424,0.8363568407440543,0.026176506528293876,0.8364191037754521,0.02615472194438187,0.8362985782308415,0.02619781607025511,0.29120385141023136,0.042547559254165146,0.06291955198969593,0.010037270624112795,0.04078886188977331,0.007666282720144682,0.1392857142857143,0.007985957062499245,1.917700432837902,0.08800185511408465,0.819801275814972,0.0670867833371032,0.7596599598103071,0.10469576102382476,0.792412903126265,0.0771175968900116,0.7505184886067217,0.11209241917916839,0.7713874931893581,0.3064371372631014,16,"throughput_2,buffer_size_3,avg_p_latency_3,throughput_1,python_gc_objects_collected_total_3,scrape_duration_seconds_1,avg_p_latency_1,buffer_size_2,avg_p_latency_2,data_quality_1,scrape_duration_seconds_3,python_gc_objects_collected_total_1,scrape_duration_seconds_2,process_open_fds_1,process_cpu_seconds_total_1,throughput_3",,,2.431650195363909,1.0824356463737785,220.9154606256634,65.6,1056.6,0.7415329768270945,1,,,False,30,,0.8538324420677362,0.696969696969697,0.7415329768270945,0.8324361038567775,0.6679811523191315,0.727478798091368,0.8377440260389305,0.7162642161115974,0.7258487590320089,0.8375275646010799,0.6926248778613154,0.7426359576856655,0.6476245042676694,0.9125789494645263,1.018398252447825
throughput_3,16,10,mrmr,classic_quantile,aic,5,5,0.5437309028687165,0.10550233005396761,0.3983531623112386,0.11083015705061267,0.4343848901913547,0.11714545090114051,0.4282079117185312,0.09297011306134552,1.5941692806992902,0.3081187189328606,0.7690244332169847,0.07213575352763434,0.669958906567656,0.09281856450614168,0.6700206753899108,0.09291519899986259,0.6699017211692511,0.092722253708761,0.29120385141023136,0.042547559254165146,0.04914319064219148,0.00738284918922222,0.0318509329849752,0.005709090250576839,0.10888888888888888,0.004969039949999528,2.0999575370835126,0.12027466751558917,0.7934612105982006,0.08099864000367868,0.7266811914735529,0.12740069822289463,0.7519509383179175,0.10757759700538719,0.7241468918472223,0.13172820619383868,0.9990476639464164,0.4123415995816651,16,"throughput_2,buffer_size_3,avg_p_latency_3,throughput_1,python_gc_objects_collected_total_3,scrape_duration_seconds_1,avg_p_latency_1,buffer_size_2,avg_p_latency_2,data_quality_1,scrape_duration_seconds_3,python_gc_objects_collected_total_1,scrape_duration_seconds_2,process_open_fds_1,process_cpu_seconds_total_1,throughput_3",,,2.2567683486267924,1.0922726245597005,217.96694632805884,40.2,1082.0,0.6696349065004452,5,,,False,30,,0.5431878895814782,0.4924309884238646,0.6696349065004452,0.11769457093330585,0.32306061369125183,0.5378856949421289,0.1435255220969507,0.31728621827927883,0.5792476947569106,0.1016528659896776,0.3695487262616611,0.5339717116796158,1.3957813558868741,1.5266776053441025,1.4129710220242373
throughput_3,16,2,mrmr,kmeans,bic,5,5,0.9700566505238862,0.017554112698826584,0.757443055614384,0.08123357311785366,0.8304854158330552,0.10834330394334718,0.7188804199414841,0.08053795857490359,0.12262771846590985,0.040547652842266274,0.9818207214886279,0.00801303710486728,0.8734214976413315,0.017374639814205946,0.8734214976413315,0.017374639814205946,0.8734214976413315,0.017374639814205946,0.9625725591782895,0.01457965533338928,0.4904421156910813,0.0037999489372258677,0.48128627958914477,0.00728982766669464,0.5,0.0,0.16108841344603442,0.04705912220103027,0.9793420014386985,0.018747467687502257,0.8474123391011178,0.10250122460399179,0.9233508139545676,0.12397474967281205,0.8029284293198062,0.10260588300074522,0.10007502610101922,0.05519811308625103,17,"throughput_2,buffer_size_3,avg_p_latency_3,throughput_1,python_gc_objects_collected_total_3,scrape_duration_seconds_1,avg_p_latency_1,buffer_size_2,avg_p_latency_2,data_quality_1,scrape_duration_seconds_3,python_gc_objects_collected_total_1,scrape_duration_seconds_2,process_open_fds_1,process_cpu_seconds_total_1,rps,throughput_3",,,1.7591393204405903,0.406880306173116,198.82922622701153,1001.0,121.2,0.9830659536541889,4,,,False,30,,0.7762923351158645,0.9937611408199644,0.9830659536541889,0.7589436805979373,0.8317588843904633,0.7935482621369565,0.7648079073189844,0.9968609865470852,0.9298146473779385,0.8461106115107914,0.75,0.7248898613287602,0.5069714265644119,0.033697957668863666,0.09113404127549289
throughput_3,16,3,mrmr,kmeans,bic,5,5,0.8262440020126889,0.05929707359192376,0.6812944460230119,0.09638053107825642,0.7600018450336474,0.15294971212663908,0.6656330536691173,0.08857415188984694,0.5092211388185873,0.14608714709789092,0.9486727840978535,0.011174929891963102,0.8816544060667898,0.012944780617226773,0.8816910657204164,0.01285437353814961,0.8816185142620597,0.013035388843090813,0.5118678799942222,0.09727538281283896,0.22423701175549038,0.028656531455772377,0.17062262666474073,0.03242512760427965,0.3333333333333333,0.0,0.8376142909955163,0.029487590742458658,0.947291666006471,0.015083961678663802,0.8610995845143709,0.05834567392480038,0.8963433181335041,0.08523366529540106,0.8459754774202143,0.05199237408037484,0.20058368064222792,0.04683723516541613,17,"throughput_2,buffer_size_3,avg_p_latency_3,throughput_1,python_gc_objects_collected_total_3,scrape_duration_seconds_1,avg_p_latency_1,buffer_size_2,avg_p_latency_2,data_quality_1,scrape_duration_seconds_3,python_gc_objects_collected_total_1,scrape_duration_seconds_2,process_open_fds_1,process_cpu_seconds_total_1,rps,throughput_3",,,1.6444135559722781,0.5263475117273628,201.94578677229583,813.8,308.4,0.9117647058823529,1,,,False,30,,0.8912655971479501,0.9206773618538324,0.9117647058823529,0.8134185330816651,0.8159423366867745,0.7834301750211835,0.8129840549127213,0.848672049276888,0.8063297896852667,0.8138596141835439,0.7906926406926407,0.7653071806622945,0.2840316552818887,0.24375257977145542,0.2982537732682412
throughput_3,16,4,mrmr,kmeans,bic,5,5,0.8784529597478107,0.04590949799022433,0.609733920868257,0.04618567013366107,0.6246985979747197,0.04670815881050401,0.6021402197622734,0.04788842568543267,0.38320202856784125,0.10923800145865802,0.9417215473577111,0.012986576123664018,0.7042184652526075,0.04503472007945174,0.7042471797214985,0.045075744544721304,0.7041903434868849,0.04499433637594209,0.5116896268747927,0.09716041007565365,0.16814122653145497,0.021467468889939677,0.12792240671869817,0.024290102518913413,0.25,0.0,0.8767906250433535,0.030192135773252082,0.9389194867585869,0.017354389616455992,0.7874730036815032,0.06347916044647131,0.8346995061950429,0.07534557425252343,0.7851188945743072,0.06327382856168902,0.22846994024014164,0.07736789548149674,17,"throughput_2,buffer_size_3,avg_p_latency_3,throughput_1,python_gc_objects_collected_total_3,scrape_duration_seconds_1,avg_p_latency_1,buffer_size_2,avg_p_latency_2,data_quality_1,scrape_duration_seconds_3,python_gc_objects_collected_total_1,scrape_duration_seconds_2,process_open_fds_1,process_cpu_seconds_total_1,rps,throughput_3",,,1.4538611562922596,0.6066285260953009,201.74114877497777,701.6,420.6,0.9429590017825312,3,,,False,30,,0.3859180035650624,0.9073083778966132,0.9429590017825312,0.25686704626363943,0.5568698019496043,0.6558911443365225,0.29575218186526325,0.6069749140001298,0.6856785850871228,0.3986750098463563,0.5348508344409983,0.634684185671627,1.4863849091483057,0.3131502074521023,0.2247516296597574
throughput_3,16,6,mrmr,kmeans,bic,5,5,0.82070482204053,0.027258406096982022,0.480095106225866,0.022595916465946563,0.5006051820332897,0.04254782949949257,0.4874273933696392,0.03714604624669435,0.641350264189904,0.04983055150875101,0.9187310219157687,0.010091764446162927,0.6642008490823734,0.01507532665416206,0.6641541381986024,0.01507284893260958,0.6642489917301317,0.015079571524754932,0.358600673330127,0.11566038863997802,0.08653521904577999,0.0212761581733848,0.0597667788883545,0.019276731439996333,0.16666666666666666,0.0,1.2735567944829207,0.057095276259228646,0.8899571559403352,0.0306901028324287,0.6164056733729094,0.10130161267811956,0.6714127534466288,0.08178976263237259,0.6420771247241757,0.12236828420177494,0.5332750386922085,0.1153093955315275,17,"throughput_2,buffer_size_3,avg_p_latency_3,throughput_1,python_gc_objects_collected_total_3,scrape_duration_seconds_1,avg_p_latency_1,buffer_size_2,avg_p_latency_2,data_quality_1,scrape_duration_seconds_3,python_gc_objects_collected_total_1,scrape_duration_seconds_2,process_open_fds_1,process_cpu_seconds_total_1,rps,throughput_3",,,1.3043947721831501,0.722599542234093,203.9150697570294,471.0,651.2,0.8547237076648841,1,,,False,30,,0.8716577540106952,0.8743315508021391,0.8547237076648841,0.4399745802960437,0.6214336867444058,0.4624802688887982,0.41102169698352053,0.6243294613882849,0.4668294657423599,0.491862062563817,0.6227735483072425,0.46701103489976004,0.3503793927605852,0.47282504060180763,0.5605391508004217
throughput_3,16,8,mrmr,kmeans,bic,5,5,0.7973589014655486,0.025495018243555007,0.36635385200563053,0.0655811034175018,0.39156950851587047,0.05450687770857975,0.362588155852709,0.07083072235321071,0.7434440723280998,0.035946775769341154,0.9089293225587814,0.015515980528127488,0.5635924055299544,0.08581382596447372,0.5635530623709142,0.08583219531814143,0.5636328724309362,0.08579586500455569,0.32063275889162435,0.08902209248981462,0.06001560179767464,0.012640930467549109,0.04007909486145304,0.011127761561226827,0.125,0.0,1.3970113938141817,0.16434190522553854,0.8814110019235463,0.03291626104229461,0.5973004641165096,0.15145623657679694,0.6509980566810144,0.14337474453622068,0.5892761545558017,0.14351913424351465,0.5722086201458766,0.12182501051663724,17,"throughput_2,buffer_size_3,avg_p_latency_3,throughput_1,python_gc_objects_collected_total_3,scrape_duration_seconds_1,avg_p_latency_1,buffer_size_2,avg_p_latency_2,data_quality_1,scrape_duration_seconds_3,python_gc_objects_collected_total_1,scrape_duration_seconds_2,process_open_fds_1,process_cpu_seconds_total_1,rps,throughput_3",,,1.2485725835897028,0.6534503312781453,202.47820920776576,449.0,673.2,0.8244206773618539,1,,,False,30,,0.9402852049910874,0.8431372549019608,0.8244206773618539,0.5847709216102522,0.4583206952673656,0.44514129766310284,0.5766376460934406,0.4580250119310126,0.44717976454858466,0.5955763186571918,0.47694153443975007,0.4561481579295251,0.31893668536137443,0.5827674856733134,0.7380620343339243
throughput_3,16,10,mrmr,kmeans,bic,5,5,0.7340909487732598,0.060923003829591364,0.3566245735199741,0.0514882448936534,0.3857290301105518,0.053960274988332085,0.36156616192656255,0.05185250898744967,0.989760610869463,0.07097592569301354,0.8895032245878195,0.010482621863332629,0.5620425953246556,0.055402189566873226,0.5620146841356932,0.05541128977597597,0.562071995802208,0.05539311741652251,0.24184567375075988,0.0411021971464149,0.040289648717874306,0.0035431242014632696,0.02507385238200806,0.00302018589662923,0.10444444444444445,0.006085806194501839,1.6722248662373407,0.13973957699043185,0.8260299845038865,0.0695377224342876,0.4558815554727433,0.06329208647285076,0.5004030911311649,0.08419247480360352,0.4617115874004325,0.07075381173913016,0.7480665197822308,0.23877249542151596,17,"throughput_2,buffer_size_3,avg_p_latency_3,throughput_1,python_gc_objects_collected_total_3,scrape_duration_seconds_1,avg_p_latency_1,buffer_size_2,avg_p_latency_2,data_quality_1,scrape_duration_seconds_3,python_gc_objects_collected_total_1,scrape_duration_seconds_2,process_open_fds_1,process_cpu_seconds_total_1,rps,throughput_3",,,1.2186026303097606,0.5657126927748323,200.27278591599315,508.4,613.8,0.8235294117647058,1,,,False,30,,0.946524064171123,0.8048128342245989,0.8235294117647058,0.475678078875168,0.33169363826011694,0.42095147990939347,0.47014213511317615,0.332588500543917,0.41608934065831954,0.48177460584108367,0.3377113536028588,0.43395894318042805,0.31348694292649,0.7058571081921149,1.0494997225015914
throughput_3,16,2,mrmr,kmeans,aic,5,5,0.9484913563903664,0.04485649476468003,0.6645513189796599,0.0946301074279612,0.7635584876263164,0.17020542397235142,0.6441131895451904,0.0934777551676084,0.18940754563607232,0.12095810351989217,0.9818207214886279,0.00801303710486728,0.8734214976413315,0.017374639814205946,0.8734214976413315,0.017374639814205946,0.8734214976413315,0.017374639814205946,0.9625725591782895,0.01457965533338928,0.4904421156910813,0.0037999489372258677,0.48128627958914477,0.00728982766669464,0.5,0.0,0.16108841344603442,0.04705912220103027,0.9772088299325332,0.012362037132513904,0.8330525601142778,0.06010643926486733,0.9002793311266479,0.11216057271719905,0.807891456762805,0.08771309216802747,0.09874962135311877,0.043895471473800504,17,"throughput_2,buffer_size_3,avg_p_latency_3,throughput_1,python_gc_objects_collected_total_3,scrape_duration_seconds_1,avg_p_latency_1,buffer_size_2,avg_p_latency_2,data_quality_1,scrape_duration_seconds_3,python_gc_objects_collected_total_1,scrape_duration_seconds_2,process_open_fds_1,process_cpu_seconds_total_1,rps,throughput_3",,,2.3721659293398263,0.4561454901471734,204.62098159920424,1001.0,121.2,0.9803921568627451,3,,,False,30,,0.8110516934046346,0.983957219251337,0.9803921568627451,0.8105798297110567,0.49595687331536387,0.705539915064179,0.8284791661880868,0.4919786096256685,0.8252252252252252,0.8200105503780553,0.5,0.6520213363279057,0.3318535845930099,0.0996199213738114,0.13636597572591766
throughput_3,16,3,mrmr,kmeans,aic,5,5,0.8187643550903726,0.05700083816211044,0.6363370274903527,0.040170914541133945,0.6365773677710287,0.048985787922258925,0.6688143768682304,0.05724063102429773,0.528998586284865,0.11342516038724851,0.9486727840978535,0.011174929891963102,0.8816544060667898,0.012944780617226773,0.8816910657204164,0.01285437353814961,0.8816185142620597,0.013035388843090813,0.5118678799942222,0.09727538281283896,0.22423701175549038,0.028656531455772377,0.17062262666474073,0.03242512760427965,0.3333333333333333,0.0,0.8376142909955163,0.029487590742458658,0.9569071785982514,0.020040091106796845,0.9116483954247769,0.03582708970591263,0.9539221504321498,0.010356039360571254,0.8855016615711861,0.05185601119346709,0.18098957393041176,0.0831468093649912,17,"throughput_2,buffer_size_3,avg_p_latency_3,throughput_1,python_gc_objects_collected_total_3,scrape_duration_seconds_1,avg_p_latency_1,buffer_size_2,avg_p_latency_2,data_quality_1,scrape_duration_seconds_3,python_gc_objects_collected_total_1,scrape_duration_seconds_2,process_open_fds_1,process_cpu_seconds_total_1,rps,throughput_3",,,2.4220839592628183,0.8028033403679729,209.80338165722787,813.8,308.4,0.8823529411764706,1,,,False,30,,0.8770053475935828,0.93048128342246,0.8823529411764706,0.8296268383499585,0.6917981533426835,0.6856212837595815,0.8088338318109557,0.7199325156532456,0.7037342123471076,0.8845888044475828,0.6789817821067822,0.6744639735894583,0.5410385466966044,0.27904282635855404,0.3908357495433151
throughput_3,16,4,mrmr,kmeans,aic,5,5,0.8647266759047179,0.035504557058513936,0.5452246502627041,0.04891218062428449,0.6049166703971606,0.07696939513093161,0.5268103100664638,0.05194350192783803,0.4932741871756674,0.11672996310357092,0.9417215473577111,0.012986576123664018,0.7042184652526075,0.04503472007945174,0.7042471797214985,0.045075744544721304,0.7041903434868849,0.04499433637594209,0.5116896268747927,0.09716041007565365,0.16814122653145497,0.021467468889939677,0.12792240671869817,0.024290102518913413,0.25,0.0,0.8767906250433535,0.030192135773252082,0.9487149951039887,0.025077861299999726,0.8026205583642605,0.0649875144120382,0.8657993486785557,0.08784295175281086,0.7931372184179496,0.06576424676642344,0.20282768296719098,0.08550210710892614,17,"throughput_2,buffer_size_3,avg_p_latency_3,throughput_1,python_gc_objects_collected_total_3,scrape_duration_seconds_1,avg_p_latency_1,buffer_size_2,avg_p_latency_2,data_quality_1,scrape_duration_seconds_3,python_gc_objects_collected_total_1,scrape_duration_seconds_2,process_open_fds_1,process_cpu_seconds_total_1,rps,throughput_3",,,2.4193391553126276,0.8748926363885403,213.2075183512643,691.8,430.4,0.9126559714795008,1,,,False,30,,0.9634581105169341,0.9331550802139037,0.9126559714795008,0.9531187031800894,0.5717982554657083,0.5858780124174956,0.9554976360553644,0.582176214659064,0.6000879924083736,0.9508224628253965,0.5642429279497099,0.5786641475609354,0.2117542604078713,0.2678013861436687,0.3303327026518845
throughput_3,16,6,mrmr,kmeans,aic,5,5,0.7624471629500178,0.06901698650717161,0.45557693324938675,0.05731018944195508,0.46373064913307227,0.05999775976925089,0.4889656343180815,0.05278514096235367,0.7635809586067372,0.20919412253837508,0.9187310219157687,0.010091764446162927,0.6642008490823734,0.01507532665416206,0.6641541381986024,0.01507284893260958,0.6642489917301317,0.015079571524754932,0.358600673330127,0.11566038863997802,0.08653521904577999,0.0212761581733848,0.0597667788883545,0.019276731439996333,0.16666666666666666,0.0,1.2735567944829207,0.057095276259228646,0.8947657044710565,0.030813929261747346,0.6261598075049494,0.10941475539973047,0.6973323251569638,0.10942972831145201,0.663029664544238,0.11295895292411529,0.44532949427393975,0.1620856865148808,17,"throughput_2,buffer_size_3,avg_p_latency_3,throughput_1,python_gc_objects_collected_total_3,scrape_duration_seconds_1,avg_p_latency_1,buffer_size_2,avg_p_latency_2,data_quality_1,scrape_duration_seconds_3,python_gc_objects_collected_total_1,scrape_duration_seconds_2,process_open_fds_1,process_cpu_seconds_total_1,rps,throughput_3",,,2.01860753595829,0.9638618865050376,214.39802305214107,468.8,653.4,0.8493761140819964,1,,,False,30,,0.9598930481283422,0.8627450980392157,0.8493761140819964,0.63842292413406,0.6368381733228191,0.4801632301530576,0.6349351299424041,0.6334386548696912,0.4772139649753894,0.6424285229626016,0.6422311904927716,0.5206056890378924,0.5355765423578849,0.6097442299904444,0.5969295313984905
throughput_3,16,8,mrmr,kmeans,aic,5,5,0.7599295558910037,0.07571217638158934,0.34372794106704047,0.07911634399873378,0.34060585161197193,0.07667041496485043,0.369466287463463,0.0837107968513936,0.7742741741391848,0.1925989946243193,0.9089293225587814,0.015515980528127488,0.5635924055299544,0.08581382596447372,0.5635530623709142,0.08583219531814143,0.5636328724309362,0.08579586500455569,0.32063275889162435,0.08902209248981462,0.06001560179767464,0.012640930467549109,0.04007909486145304,0.011127761561226827,0.125,0.0,1.3970113938141817,0.16434190522553854,0.8833656036987859,0.04530944503444496,0.6118268350487587,0.1492546073832738,0.6620138953052579,0.12654563308040445,0.6386960786788045,0.1624974072998473,0.5851081531928872,0.17618145856823011,17,"throughput_2,buffer_size_3,avg_p_latency_3,throughput_1,python_gc_objects_collected_total_3,scrape_duration_seconds_1,avg_p_latency_1,buffer_size_2,avg_p_latency_2,data_quality_1,scrape_duration_seconds_3,python_gc_objects_collected_total_1,scrape_duration_seconds_2,process_open_fds_1,process_cpu_seconds_total_1,rps,throughput_3",,,1.5530552472919226,0.9744291852228344,210.39227360486984,374.6,747.6,0.820855614973262,1,,,False,30,,0.9385026737967914,0.8475935828877005,0.820855614973262,0.5857766781367619,0.4473766681478488,0.44942507711581264,0.5785595642791349,0.44634837519856463,0.4469970991966275,0.5955856889720345,0.4537694384562781,0.4682401800587401,0.35643672163689794,0.5732891785785967,0.6650442812351414
throughput_3,16,10,mrmr,kmeans,aic,5,5,0.6856019733239366,0.16261583284245326,0.29693217437123476,0.10624051272471337,0.301223671349167,0.10994123675050357,0.30967655347971,0.10091048258856027,1.1450115506439476,0.18366888208310053,0.8895032245878195,0.010482621863332629,0.5620425953246556,0.055402189566873226,0.5620146841356932,0.05541128977597597,0.562071995802208,0.05539311741652251,0.24184567375075988,0.0411021971464149,0.040289648717874306,0.0035431242014632696,0.02507385238200806,0.00302018589662923,0.10444444444444445,0.006085806194501839,1.6722248662373407,0.13973957699043185,0.8450776865475357,0.06295471134100325,0.5047569199932149,0.09740319505195558,0.5346353074865046,0.1156185232971416,0.5317073377670564,0.09861421009846594,0.7283591639334824,0.29056325648546316,17,"throughput_2,buffer_size_3,avg_p_latency_3,throughput_1,python_gc_objects_collected_total_3,scrape_duration_seconds_1,avg_p_latency_1,buffer_size_2,avg_p_latency_2,data_quality_1,scrape_duration_seconds_3,python_gc_objects_collected_total_1,scrape_duration_seconds_2,process_open_fds_1,process_cpu_seconds_total_1,rps,throughput_3",,,1.673764192685485,1.2369181256741286,213.55940131423995,287.6,834.6,0.8235294117647058,1,,,False,30,,0.946524064171123,0.8003565062388592,0.8235294117647058,0.475678078875168,0.3387990803583587,0.42095147990939347,0.47014213511317615,0.3515575331369226,0.41608934065831954,0.48177460584108367,0.3408924374265389,0.43395894318042805,0.31348694292649004,0.7033694581171972,1.0494997225015914
throughput_3,20,2,markov,classic_uniform,bic,5,5,0.968630308109644,0.01956399846901931,0.7521737837970432,0.07737319705041179,0.8446917762354165,0.10574335994849376,0.7090192060679981,0.07718847800456909,0.1229393872598632,0.04676423949257487,0.9814642152497687,0.008032980076580562,0.8745284800606118,0.015280170930052748,0.8745284800606118,0.015280170930052748,0.8745284800606118,0.015280170930052748,0.9613251048010882,0.015651587992000626,0.49011454434285956,0.004084685735689133,0.4806625524005441,0.007825793996000313,0.5,0.0,0.16509488330785121,0.04975210758910931,0.9779172463184848,0.018705214522370193,0.8328579371685775,0.09844956099173803,0.9219936051900527,0.12301367793107955,0.7825720304470241,0.09306251231633508,0.11087635042764683,0.06855000559355297,21,"scrape_duration_seconds_3,buffer_size_3,cores_1,data_quality_2,throughput_2,python_gc_objects_collected_total_1,throughput_1,python_gc_objects_collected_total_3,python_gc_collections_total_7,python_gc_objects_collected_total_2,python_gc_collections_total_1,python_gc_collections_total_4,python_gc_objects_collected_total_5,process_cpu_seconds_total_1,process_cpu_seconds_total_3,python_gc_objects_collected_total_6,process_cpu_seconds_total_2,python_gc_objects_collected_total_8,python_gc_collections_total_6,python_gc_collections_total_3,throughput_3",5.0,padded,2.5199638986960053,0.39236846193671227,69.79602483380586,1095.8,26.4,0.9839715048975958,5,,,False,30,,0.8984861976847729,0.9697239536954586,0.9839715048975958,0.4732645403377111,0.4923146473779385,0.8672925420168067,0.4732645403377111,0.4848619768477293,0.900750458295142,0.4732645403377111,0.5,0.8393402861993694,0.5035364803148286,0.08176464685640455,0.08574416207940612
throughput_3,20,3,markov,classic_uniform,bic,5,5,0.7654884183091192,0.12195250084206045,0.584312766574292,0.1618143934594132,0.6385192510133164,0.18757808593414374,0.60565406955827,0.1290426428084485,0.5540334389125918,0.19753220451304676,0.9408317103251889,0.006935310253495855,0.8721575666018826,0.009455766799742776,0.8721585421555386,0.009376860610541746,0.872157977162367,0.009540536343960649,0.6665563497316679,0.02695215561658216,0.2665547123006596,0.006606764081832377,0.22218544991055594,0.008984051872194058,0.3333333333333333,0.0,0.7497565314935168,0.039573696167684747,0.954770838152762,0.008920266570207258,0.8538060908735426,0.05952634108270689,0.9150672196511046,0.06305927510877088,0.8219948990997578,0.06546993190924363,0.20004721438751938,0.0277038171970526,21,"buffer_size_3,scrape_duration_seconds_3,throughput_2,python_gc_objects_collected_total_1,throughput_1,python_gc_objects_collected_total_3,python_gc_collections_total_7,python_gc_objects_collected_total_2,python_gc_collections_total_1,python_gc_collections_total_4,python_gc_objects_collected_total_5,process_cpu_seconds_total_1,process_cpu_seconds_total_3,python_gc_objects_collected_total_6,process_cpu_seconds_total_2,python_gc_objects_collected_total_8,python_gc_collections_total_6,python_gc_collections_total_3,avg_p_latency_1,python_gc_collections_total_2,throughput_3",3.0,padded,2.4100608254782854,0.49347393698990344,63.37586037768051,1038.2,84.0,0.9117647058823529,1,,,False,30,,0.8796791443850267,0.9331550802139037,0.9117647058823529,0.625691720485492,0.7407928982921331,0.77828583603354,0.602323359365098,0.7876688099548453,0.7812458515863533,0.6533286057733885,0.7163201451050055,0.7763336668564408,0.32407625766596637,0.20933390592648238,0.2939980131028555
throughput_3,20,4,markov,classic_uniform,bic,5,5,0.8766693174476947,0.042700296940974575,0.568075373083513,0.05534911812060045,0.5932738082176655,0.06212859202539198,0.5589930615656209,0.057035698140775054,0.3898942950245721,0.09211233828561549,0.9378047406123464,0.01516816575748524,0.699514346195783,0.05153008635189212,0.6995379594255418,0.051602941462585816,0.6994913264466999,0.05145771428023833,0.5323630204935533,0.07950957885956239,0.17300320853784265,0.016954454878714057,0.13309075512338833,0.019877394714890598,0.25,0.0,0.8665559329981776,0.02495025572290568,0.9437289859711058,0.01930675194627539,0.7851919484108733,0.07769935136920925,0.8668710261740511,0.1194915587828837,0.7546627780467766,0.07780516127320271,0.24800506066857309,0.08120569623243896,21,"scrape_duration_seconds_3,throughput_2,python_gc_objects_collected_total_1,throughput_1,python_gc_objects_collected_total_3,python_gc_collections_total_7,python_gc_objects_collected_total_2,python_gc_collections_total_1,python_gc_collections_total_4,python_gc_objects_collected_total_5,process_cpu_seconds_total_1,process_cpu_seconds_total_3,python_gc_objects_collected_total_6,process_cpu_seconds_total_2,buffer_size_3,python_gc_objects_collected_total_8,python_gc_collections_total_6,python_gc_collections_total_3,avg_p_latency_1,python_gc_collections_total_2,throughput_3",2.0,padded,2.1502053923904896,0.5229636060073972,59.096355316694826,1012.8,109.4,0.9206773618538324,1,,,False,30,,0.9278074866310161,0.9242424242424242,0.9206773618538324,0.7252077933254399,0.48210727308417556,0.5812948316409715,0.8099456654456654,0.4994877049180328,0.5831960249723408,0.7357573124696242,0.48450182129847874,0.5803410518017398,0.31158247716481224,0.25594351554271777,0.32270915420027935
throughput_3,20,6,markov,classic_uniform,bic,5,4,0.8106453461332723,0.032160309399824616,0.5070640642174831,0.04073094632850542,0.5262245174555765,0.03373948661272317,0.5022634796530001,0.04804534074262573,0.6609791165516317,0.0699158441549471,0.8995401609198687,0.024396358334915127,0.6314033173693511,0.052672285330998464,0.6313566509923442,0.05263625898116262,0.6314514406799598,0.05270885429163168,0.38295948590720996,0.10736974738630238,0.09655471708694995,0.026334308316885352,0.0677630040386051,0.023208579641366463,0.175,0.016666666666666677,1.2617870856534896,0.080121280311494,0.8642228334754074,0.04762803518906564,0.671662698095958,0.0901876834570872,0.7475273122595336,0.1132777545224746,0.6475183232912,0.09412798071018937,0.5287326941501699,0.1329754290573317,21,"scrape_duration_seconds_3,throughput_2,python_gc_objects_collected_total_1,throughput_1,python_gc_objects_collected_total_3,python_gc_collections_total_7,python_gc_objects_collected_total_2,python_gc_collections_total_1,python_gc_collections_total_4,python_gc_objects_collected_total_5,process_cpu_seconds_total_1,process_cpu_seconds_total_3,python_gc_objects_collected_total_6,process_cpu_seconds_total_2,buffer_size_3,python_gc_objects_collected_total_8,python_gc_collections_total_6,python_gc_collections_total_3,avg_p_latency_1,python_gc_collections_total_2,throughput_3",2.0,padded,2.081458956352435,0.5192045391304418,52.594117051921785,987.75,134.5,0.8431372549019608,2,,,False,30,,0.5686274509803921,0.7976827094474154,0.8431372549019608,0.25218622316420475,0.41350613613981274,0.5383214249389994,0.2311115953314806,0.47572181624563986,0.5438190255431634,0.30994066466221426,0.4265031254689697,0.5371160870830086,1.9168304321807574,0.6385699816141229,0.6163295683425309
throughput_3,20,8,markov,classic_uniform,bic,5,4,0.7912650812773907,0.04018155926767194,0.35016597479445855,0.04482824529966393,0.36948160205754976,0.05002564844872251,0.34498052274891433,0.0433997155411336,0.8248688890982658,0.1571643358352788,0.9080040095047166,0.020740055719812616,0.5091279142198466,0.07261808256013037,0.5091485915089654,0.07260778265561788,0.5091076279496978,0.07262873781907801,0.3272615368498245,0.10297616570153997,0.06079101583756281,0.014632786851207604,0.040907692106228064,0.012872020712692497,0.125,0.0,1.3049833393864703,0.05763149854950935,0.8693547326524339,0.024855172250885696,0.5198500492637489,0.0916274790647507,0.5664098450909132,0.07946203028708157,0.5120919703073075,0.0991701180025474,0.5752170047644367,0.10390082341335795,21,"throughput_2,python_gc_objects_collected_total_1,throughput_1,python_gc_objects_collected_total_3,python_gc_collections_total_7,python_gc_objects_collected_total_2,python_gc_collections_total_1,python_gc_collections_total_4,python_gc_objects_collected_total_5,process_cpu_seconds_total_1,process_cpu_seconds_total_3,python_gc_objects_collected_total_6,process_cpu_seconds_total_2,buffer_size_3,python_gc_objects_collected_total_8,python_gc_collections_total_6,python_gc_collections_total_3,avg_p_latency_1,python_gc_collections_total_2,python_gc_collections_total_5,throughput_3",1.0,padded,2.10278843913693,0.505715100793168,51.875117463991046,960.75,161.5,0.8163992869875223,4,,,False,30,,0.482174688057041,0.839572192513369,0.8163992869875223,0.20144026279675656,0.3259072362495105,0.38253044524824015,0.19449733536033578,0.3426633473902382,0.42632987914373566,0.22438123855115186,0.32797243650539554,0.3623353171940989,1.7191668223588585,0.48385546376556293,0.7102169647512496
throughput_3,20,10,markov,classic_uniform,bic,5,4,0.7536114907389331,0.07480747775164409,0.29661895355984,0.08703275282629754,0.30269823515767563,0.09597250435910445,0.3151459432976013,0.09443738144820651,0.8234363406757399,0.12877573828690125,0.9080014301519199,0.014298974228158253,0.5441359479175799,0.03989966370498657,0.5440519615269153,0.04009255886109339,0.5442218480453581,0.03970412754801173,0.31077451218486263,0.11627432335553456,0.04891121342812631,0.014074423191009643,0.03265449617788416,0.011954894606831136,0.10555555555555554,0.006415002990995836,1.5242114665276876,0.09321825293739211,0.8546631338274766,0.04260717488467519,0.4855522137006202,0.12751822825512624,0.5281484010439663,0.14886220474546064,0.501138601270303,0.12198887582823127,0.6360637235320934,0.1894192679946437,21,"throughput_2,python_gc_objects_collected_total_1,throughput_1,python_gc_objects_collected_total_3,python_gc_collections_total_7,python_gc_objects_collected_total_2,python_gc_collections_total_1,python_gc_collections_total_4,python_gc_objects_collected_total_5,process_cpu_seconds_total_1,process_cpu_seconds_total_3,python_gc_objects_collected_total_6,process_cpu_seconds_total_2,buffer_size_3,python_gc_objects_collected_total_8,python_gc_collections_total_6,python_gc_collections_total_3,avg_p_latency_1,python_gc_collections_total_2,python_gc_collections_total_5,throughput_3",1.0,padded,2.164377377135679,0.4647266714600846,50.901733017060906,945.75,176.5,0.8181818181818182,2,,,False,30,,0.535650623885918,0.8315508021390374,0.8181818181818182,0.18135943368381632,0.2927448594832115,0.34849657908809684,0.16723929144604838,0.2774061832754593,0.3384594380026645,0.2231109056351775,0.31129835183661925,0.3662917858358372,1.5649197998729596,0.6900902501389502,0.6664109125896235
throughput_3,20,2,markov,classic_uniform,aic,5,5,0.9711261692404639,0.015201513446620093,0.7688749556232196,0.057959233943821124,0.8468300146312743,0.05944880565952815,0.7265781561132052,0.06945544656178008,0.12194888509411124,0.03554764181255416,0.9814642152497687,0.008032980076580562,0.8745284800606118,0.015280170930052748,0.8745284800606118,0.015280170930052748,0.8745284800606118,0.015280170930052748,0.9613251048010882,0.015651587992000626,0.49011454434285956,0.004084685735689133,0.4806625524005441,0.007825793996000313,0.5,0.0,0.16509488330785121,0.049752107589109335,0.9772051856523103,0.019577479835247276,0.8257429298763611,0.10716303203069741,0.9174217083628007,0.13305582632138602,0.7750253142198392,0.10338152042503748,0.11716602598532207,0.06662272902235464,21,"process_resident_memory_bytes_1,cores_2,scrape_duration_seconds_3,python_gc_objects_collected_total_7,buffer_size_3,process_cpu_seconds_total_2,process_resident_memory_bytes_2,cores_1,data_quality_2,throughput_2,python_gc_objects_collected_total_1,throughput_1,python_gc_objects_collected_total_3,python_gc_collections_total_7,python_gc_objects_collected_total_2,python_gc_collections_total_1,python_gc_collections_total_4,python_gc_objects_collected_total_5,process_cpu_seconds_total_1,process_cpu_seconds_total_3,throughput_3",10.0,padded,3.295099327620119,0.42163656977936625,99.08255847496912,1088.2,34.0,0.9830659536541889,3,saved_dbn_models_top5_20260316_105011_seed783122_with_rps_run20260611_100041/best_bins2_dbn_throughput_3_K20_markov_classic_uniform_aic_bins2.pkl,saved_dbn_models_top5_20260316_105011_seed783122_with_rps_run20260611_100041/best_bins2_dbn_throughput_3_K20_markov_classic_uniform_aic_bins2_edges.csv,False,30,,0.9607843137254902,0.983957219251337,0.9830659536541889,0.9587699811254573,0.49595687331536387,0.7639803815196573,0.9616043823094502,0.4919786096256685,0.8598915989159892,0.9562803954396875,0.5,0.7097136440202133,0.32581621234897085,0.0674030262676436,0.09006829340757308
throughput_3,20,3,markov,classic_uniform,aic,5,5,0.8921747991676231,0.04925324744004878,0.7045336854205806,0.11712658001651269,0.7233590829720675,0.15008252338844452,0.7012226302927417,0.10290618246765244,0.4602281899822637,0.13853101951355645,0.9408317103251889,0.006935310253495855,0.8721575666018826,0.009455766799742776,0.8721585421555386,0.009376860610541746,0.872157977162367,0.009540536343960649,0.6665563497316679,0.02695215561658216,0.2665547123006596,0.006606764081832377,0.22218544991055594,0.008984051872194058,0.3333333333333333,0.0,0.7497565314935168,0.039573696167684747,0.9488937232818804,0.013013562468321051,0.8522217727607335,0.05590010740293073,0.9198395539257028,0.0749152824884321,0.8302213191528025,0.064787954764021,0.21458057057487342,0.04958384539026271,21,"scrape_duration_seconds_3,python_gc_objects_collected_total_7,buffer_size_3,throughput_2,data_quality_1,python_gc_objects_collected_total_1,throughput_1,python_gc_objects_collected_total_3,python_gc_collections_total_7,python_gc_objects_collected_total_2,python_gc_collections_total_1,python_gc_collections_total_4,python_gc_objects_collected_total_5,process_cpu_seconds_total_1,process_cpu_seconds_total_3,python_gc_objects_collected_total_6,process_cpu_seconds_total_2,python_gc_objects_collected_total_8,python_gc_collections_total_6,python_gc_collections_total_3,throughput_3",5.0,padded,3.468622788507491,0.5877394242212176,80.73484448483214,1002.4,119.8,0.9349376114081996,4,,,False,30,,0.8137254901960784,0.8074866310160428,0.9349376114081996,0.5483029701779701,0.524981604120677,0.8150149703549232,0.5313833418672128,0.5697352961503905,0.9232918134444624,0.5686476555635435,0.518677723933305,0.7671042546206803,0.5106820755059169,0.5508057779859492,0.37354341104823624
throughput_3,20,4,markov,classic_uniform,aic,5,5,0.8634803326333366,0.04782639407603783,0.5372549816857554,0.07201576425966767,0.5885232400443858,0.06616754734277809,0.5340259405931117,0.0732040452101656,0.4909412738635878,0.10769864229766189,0.9378047406123464,0.01516816575748524,0.699514346195783,0.05153008635189212,0.6995379594255418,0.051602941462585816,0.6994913264466999,0.05145771428023833,0.5323630204935533,0.07950957885956239,0.17300320853784265,0.016954454878714057,0.13309075512338833,0.019877394714890598,0.25,0.0,0.8665559329981776,0.024950255722905698,0.9312623786692356,0.04713915337164392,0.7560017950185608,0.137245618261218,0.8288200272447955,0.17965585649198965,0.7227824276075117,0.12372122617178705,0.2777471097317544,0.15492348146539325,21,"buffer_size_3,scrape_duration_seconds_3,throughput_2,python_gc_objects_collected_total_1,throughput_1,python_gc_objects_collected_total_3,python_gc_collections_total_7,python_gc_objects_collected_total_2,python_gc_collections_total_1,python_gc_collections_total_4,python_gc_objects_collected_total_5,process_cpu_seconds_total_1,process_cpu_seconds_total_3,python_gc_objects_collected_total_6,process_cpu_seconds_total_2,python_gc_objects_collected_total_8,python_gc_collections_total_6,python_gc_collections_total_3,avg_p_latency_1,python_gc_collections_total_2,throughput_3",3.0,padded,2.6207397022284566,0.5323041186667978,68.38557827100158,1012.8,109.4,0.9126559714795008,1,,,False,30,,0.8903743315508021,0.9188948306595366,0.9126559714795008,0.7454601818649469,0.4795744989340951,0.5740999098347566,0.7497170614049291,0.5001796273535005,0.582669183331435,0.7671147123722144,0.4786878233187426,0.5681338173418035,0.4679110511888108,0.2734055006279289,0.37033371452901326
throughput_3,20,6,markov,classic_uniform,aic,5,4,0.7763840013460254,0.12623555366289552,0.4945789123381642,0.11939092935550807,0.5113119936087838,0.1322218323923784,0.4912202222186777,0.11211687874669836,0.7661549534548271,0.29412928191985543,0.8995401609198687,0.024396358334915127,0.6314033173693511,0.052672285330998464,0.6313566509923442,0.05263625898116262,0.6314514406799598,0.05270885429163168,0.38295948590720996,0.10736974738630238,0.09655471708694995,0.026334308316885352,0.0677630040386051,0.023208579641366463,0.175,0.016666666666666677,1.2617870856534896,0.08012128031149394,0.8956129600111546,0.009849618694650848,0.7147220534583983,0.058977302828070954,0.7846073005839836,0.08352525912827795,0.694156541564946,0.0741020727585104,0.43801888371484854,0.0853631536629725,21,"buffer_size_3,scrape_duration_seconds_3,throughput_2,python_gc_objects_collected_total_1,throughput_1,python_gc_objects_collected_total_3,python_gc_collections_total_7,python_gc_objects_collected_total_2,python_gc_collections_total_1,python_gc_collections_total_4,python_gc_objects_collected_total_5,process_cpu_seconds_total_1,process_cpu_seconds_total_3,python_gc_objects_collected_total_6,process_cpu_seconds_total_2,python_gc_objects_collected_total_8,python_gc_collections_total_6,python_gc_collections_total_3,avg_p_latency_1,python_gc_collections_total_2,throughput_3",3.0,padded,2.4498747304314747,0.6311214313609526,60.33501249784604,935.75,186.5,0.8538324420677362,2,,,False,30,,0.5606060606060606,0.7406417112299465,0.8538324420677362,0.2532708823199586,0.3757202861619005,0.5527252957915564,0.23891651056565186,0.375280485527073,0.5486994530308239,0.30734840334902275,0.3989056205802268,0.5574038973131152,1.4595319087672307,0.7874267331498727,0.6461490445284983
throughput_3,20,8,markov,classic_uniform,aic,5,4,0.7416244446455017,0.1084634380322682,0.3259798729970057,0.06183129077728402,0.352992384630698,0.054676696285036235,0.3255183111623226,0.06920913298923075,0.925306179586797,0.2960552223485652,0.9080040095047166,0.020740055719812616,0.5091279142198466,0.07261808256013037,0.5091485915089654,0.07260778265561788,0.5091076279496978,0.07262873781907801,0.3272615368498245,0.10297616570153997,0.06079101583756281,0.014632786851207604,0.040907692106228064,0.012872020712692497,0.125,0.0,1.3049833393864703,0.057631498549509344,0.8940494845720188,0.034363551693709554,0.5732367427253775,0.10924436817513447,0.6310948158215612,0.13026581405273094,0.5691593849595411,0.10936024887551281,0.5418040356205079,0.17200444126761272,21,"avg_p_latency_3,throughput_2,python_gc_objects_collected_total_1,throughput_1,python_gc_objects_collected_total_3,python_gc_collections_total_7,python_gc_objects_collected_total_2,python_gc_collections_total_1,python_gc_collections_total_4,python_gc_objects_collected_total_5,process_cpu_seconds_total_1,process_cpu_seconds_total_3,python_gc_objects_collected_total_6,process_cpu_seconds_total_2,buffer_size_3,python_gc_objects_collected_total_8,python_gc_collections_total_6,python_gc_collections_total_3,avg_p_latency_1,python_gc_collections_total_2,throughput_3",2.0,padded,2.323900760966353,0.5841643933672458,56.3472921163775,925.5,196.75,0.8199643493761141,4,,,False,30,,0.43493761140819964,0.7745098039215687,0.8199643493761141,0.1472100823030144,0.2782393467817373,0.3847516581636013,0.16887168964819704,0.27958633504387864,0.42911372983754426,0.1464749082263535,0.2966938377643783,0.36476050918501385,1.7968234330412403,0.7498295859849785,0.6591663109876627
throughput_3,20,10,markov,classic_uniform,aic,5,3,0.7650672562934885,0.016284105186022444,0.34413500004177006,0.011672987617017886,0.33848354946956377,0.01177254747378519,0.3672105119384535,0.02128566238955885,0.7937225270919525,0.0752136337733811,0.9091237131675035,0.017295487300561886,0.5354460531830072,0.04398737458258687,0.535344414789023,0.044228855884929766,0.5355500523894668,0.0437427294203045,0.2705751665732809,0.10287688312776945,0.04512362703658849,0.014527877277815597,0.02916024326985862,0.011879412328865037,0.1074074074074074,0.006415002990995835,1.533941944957366,0.11165290304433116,0.8590344875666666,0.056792261477884826,0.45124469031115005,0.03895420297719147,0.4636376591936206,0.04838257720726749,0.47728504116825804,0.06110931444130651,0.5976231625311796,0.2667475697111185,21,"avg_p_latency_3,throughput_2,python_gc_objects_collected_total_1,throughput_1,python_gc_objects_collected_total_3,python_gc_collections_total_7,python_gc_objects_collected_total_2,python_gc_collections_total_1,python_gc_collections_total_4,python_gc_objects_collected_total_5,process_cpu_seconds_total_1,process_cpu_seconds_total_3,python_gc_objects_collected_total_6,process_cpu_seconds_total_2,buffer_size_3,python_gc_objects_collected_total_8,python_gc_collections_total_6,python_gc_collections_total_3,avg_p_latency_1,python_gc_collections_total_2,throughput_3",2.0,padded,2.2546547455713153,0.5787683858846625,50.61943782772869,930.6666666666666,191.66666666666666,0.7836153161175423,5,,,False,30,,0.39091718610863757,0.6571682991985752,0.7836153161175423,0.06596543951915854,0.2449084433483411,0.33601278198464024,0.0857421875,0.30430383632813757,0.325076828150953,0.0536019536019536,0.22933080704165043,0.3772453416684513,2.376777958943392,1.3709535237736972,0.7149284343808509
throughput_3,20,2,markov,classic_quantile,bic,5,5,0.8464016838015057,0.09451690834387522,0.8178258759537943,0.13546935362817936,0.8560120854495453,0.06115667586882454,0.8286588417145084,0.12595242653819627,0.3824869227670318,0.135929217499442,0.9615051039439496,0.009907644669638619,0.95756860288466,0.013947998638261171,0.9576261069609678,0.013960280783484892,0.9575117651941841,0.013936392713083686,0.44680961836689664,0.14177892306198198,0.30344556726597544,0.06878354456784515,0.22340480918344832,0.07088946153099099,0.5,0.0,0.6931064040474924,0.00011294491591941711,0.9041955172184318,0.030367997584140327,0.8951881430996496,0.038464162039479645,0.8969088144863788,0.04470738118156633,0.8983090454221416,0.03175591636299054,0.3263211279389375,0.16241080782733072,21,"cores_2,scrape_duration_seconds_3,avg_p_latency_2,avg_p_latency_3,cores_3,buffer_size_3,throughput_2,data_quality_1,python_gc_objects_collected_total_1,throughput_1,python_gc_objects_collected_total_3,python_gc_collections_total_7,python_gc_objects_collected_total_2,python_gc_collections_total_1,python_gc_collections_total_4,python_gc_objects_collected_total_5,process_cpu_seconds_total_1,process_cpu_seconds_total_3,python_gc_objects_collected_total_6,process_cpu_seconds_total_2,throughput_3",8.0,padded,2.862785851676017,0.4492521393112838,76.10423693386838,1045.2,77.0,0.9376114081996435,1,,,False,30,,0.9607843137254902,0.9233511586452763,0.9376114081996435,0.9603752504237941,0.9218402200643474,0.9347743761460576,0.9621477937267411,0.9181766677229473,0.9334761816447648,0.9591123402375671,0.9310921707797544,0.9361803519061584,0.13304350674090473,0.216685046808053,0.24100446160444655
throughput_3,20,3,markov,classic_quantile,bic,5,5,0.8141180280093906,0.07139837697108603,0.7913939520722273,0.07855881204165308,0.8242323767026752,0.06741148884400804,0.801472476533281,0.055205245538750704,0.5276208081386824,0.19134301421778796,0.9148162786526413,0.02940517186106693,0.9115226560318532,0.028430278954491434,0.9115873485620127,0.02837930046588442,0.9114595572174375,0.028481130897000554,0.2794375582338497,0.14078090686051642,0.1403832720048364,0.0593868065567553,0.09314585274461656,0.046926968953505475,0.3333333333333333,0.0,1.0978579808092266,0.0014899595607213438,0.8958414009246966,0.03525181614714224,0.8780186421111218,0.03908619150315964,0.8895091674334527,0.05006055372450278,0.8796222753984535,0.04527167356603699,0.2551301622352643,0.06374283959690366,21,"scrape_duration_seconds_2,avg_p_latency_2,avg_p_latency_3,buffer_size_2,cores_3,buffer_size_3,data_quality_3,cores_1,data_quality_2,throughput_2,python_gc_objects_collected_total_1,throughput_1,python_gc_objects_collected_total_3,python_gc_collections_total_7,python_gc_objects_collected_total_2,python_gc_collections_total_1,python_gc_collections_total_4,python_gc_objects_collected_total_5,process_cpu_seconds_total_1,process_cpu_seconds_total_3,throughput_3",10.0,padded,2.506533292774111,0.5216292866505683,64.95574153959751,976.6,145.6,0.8841354723707665,3,,,False,30,,0.8778966131907309,0.8975044563279857,0.8841354723707665,0.8150536568034212,0.852802096395101,0.8534191087816848,0.7893415095752859,0.9112908113723526,0.8762444862893294,0.8909010792075308,0.8209560251038962,0.8382109080919314,0.4646771817899377,0.37025898657591183,0.42908581309339733
throughput_3,20,4,markov,classic_quantile,bic,5,5,0.6658496864300647,0.13972320561718163,0.645989821838131,0.14997526904709654,0.6797334187473749,0.13452791129297745,0.6777614935884861,0.12823854996442777,0.8374425755387813,0.2319862826308139,0.8994865103816965,0.015241371938631324,0.8971870840460584,0.014473683404433798,0.8972505789326594,0.014371448253225687,0.897126481724191,0.014577509030104787,0.2708829957952581,0.08536073757578705,0.105121826370789,0.027027225722333105,0.06772074894881452,0.021340184393946762,0.25,0.0,1.3851846699207504,0.001759869534867277,0.8698320145264178,0.07279356762356377,0.8614977240154099,0.08338540190057747,0.8851671322561302,0.06031458278323176,0.8541740734718595,0.09004530208408845,0.5401249403388471,0.22711841553267254,21,"buffer_size_3,data_quality_3,throughput_2,python_gc_objects_collected_total_1,throughput_1,python_gc_objects_collected_total_3,python_gc_collections_total_7,python_gc_objects_collected_total_2,python_gc_collections_total_1,python_gc_collections_total_4,python_gc_objects_collected_total_5,process_cpu_seconds_total_1,process_cpu_seconds_total_3,python_gc_objects_collected_total_6,process_cpu_seconds_total_2,python_gc_objects_collected_total_8,python_gc_collections_total_6,python_gc_collections_total_3,avg_p_latency_1,python_gc_collections_total_2,throughput_3",3.0,padded,2.385329413972795,0.5116829137317837,60.884002605918795,1007.0,115.2,0.8556149732620321,1,,,False,30,,0.9180035650623886,0.8600713012477719,0.8556149732620321,0.9159408922963683,0.8510386693456713,0.8459438912174551,0.9168447371894602,0.8495948340298362,0.846430358107686,0.9165967687083352,0.8590318143097166,0.8535436921885744,0.340436452379691,0.4524311468174041,0.4870175747519774
throughput_3,20,6,markov,classic_quantile,bic,5,5,0.7437253473396158,0.04788906402428863,0.6936550013908646,0.09181558252964041,0.7314678053343263,0.06705943460650972,0.6894087118047303,0.10095620953943056,0.8544867662801279,0.04962416578996202,0.8515476910427411,0.03673486897160901,0.8270324539465326,0.03857925678234514,0.8270892208311029,0.03850118468089746,0.8269787204799102,0.0386562202756353,0.29120385141023136,0.042547559254165146,0.07494935386452178,0.00861471542895186,0.048533975235038565,0.00709125987569419,0.16666666666666666,0.0,1.7430248160416781,0.031966408113369434,0.8381456317755884,0.0717173653675518,0.811020343199733,0.10864140650840563,0.8385513551863191,0.06993925065948682,0.8042183130086485,0.12364485293552654,0.6175952366002926,0.17511278687932272,21,"scrape_duration_seconds_3,buffer_size_3,data_quality_3,throughput_2,python_gc_objects_collected_total_1,throughput_1,python_gc_objects_collected_total_3,python_gc_collections_total_7,python_gc_objects_collected_total_2,python_gc_collections_total_1,python_gc_collections_total_4,python_gc_objects_collected_total_5,process_cpu_seconds_total_1,process_cpu_seconds_total_3,python_gc_objects_collected_total_6,process_cpu_seconds_total_2,python_gc_objects_collected_total_8,python_gc_collections_total_6,python_gc_collections_total_3,avg_p_latency_1,throughput_3",4.0,padded,2.2511529569514095,0.5484514490701258,59.565210619941354,890.6,231.6,0.7798573975044564,3,,,False,30,,0.7745098039215687,0.7834224598930482,0.7798573975044564,0.5959086472744971,0.7736666364659005,0.7702956799965522,0.5872339458499615,0.7562391712858799,0.7981730618198019,0.6465772888308783,0.8081971458063105,0.7559818290887602,0.8393337377450689,0.8234344072129026,0.8549965410667558
throughput_3,20,8,markov,classic_quantile,bic,5,5,0.7508422975763607,0.05263228229216499,0.6640678968942983,0.09229836881789437,0.6829547749758976,0.08546415809501123,0.6634677238828257,0.09534440316484166,0.9575599206359161,0.0911299294242737,0.8497611916133734,0.02569089918103424,0.8363568407440543,0.026176506528293876,0.8364191037754521,0.02615472194438187,0.8362985782308415,0.02619781607025511,0.29120385141023136,0.042547559254165146,0.06291955198969593,0.010037270624112795,0.04078886188977331,0.007666282720144682,0.1392857142857143,0.007985957062499245,1.917700432837902,0.08800185511408466,0.8197963639590192,0.09364942323681781,0.732744562933331,0.14512035473005133,0.7591397816684816,0.12987285685658503,0.7330099263176809,0.1384103315440807,0.7534431209564978,0.28754411723103596,21,"cores_3,buffer_size_3,data_quality_3,throughput_2,python_gc_objects_collected_total_1,throughput_1,python_gc_objects_collected_total_3,python_gc_collections_total_7,python_gc_objects_collected_total_2,python_gc_collections_total_1,python_gc_collections_total_4,python_gc_objects_collected_total_5,process_cpu_seconds_total_1,process_cpu_seconds_total_3,python_gc_objects_collected_total_6,process_cpu_seconds_total_2,python_gc_objects_collected_total_8,python_gc_collections_total_6,python_gc_collections_total_3,avg_p_latency_1,throughput_3",4.0,padded,2.223886333871633,0.5410304419696331,59.164588646031916,893.4,228.8,0.8092691622103387,2,,,False,30,,0.5409982174688057,0.7442067736185384,0.8092691622103387,0.5065529179540901,0.6201852229790341,0.6973525625536089,0.47804664215000603,0.6371973095157634,0.6982334853268737,0.6138681085681662,0.6316917426370012,0.6997635380948748,1.4481940565103077,0.9416022441915275,0.8543252847091714
throughput_3,20,10,markov,classic_quantile,bic,5,5,0.6408780593108286,0.022741260059093178,0.5063236091140993,0.06956582189859616,0.5454535492994632,0.0984894665598065,0.5120231477700907,0.06553443456860877,1.2750364256977034,0.10010899748382607,0.7690244332169847,0.07213575352763434,0.669958906567656,0.09281856450614168,0.6700206753899108,0.09291519899986259,0.6699017211692511,0.092722253708761,0.29120385141023136,0.042547559254165146,0.04914319064219148,0.00738284918922222,0.0318509329849752,0.005709090250576839,0.10888888888888888,0.004969039949999528,2.0999575370835126,0.12027466751558917,0.770857166397835,0.1151604145063209,0.6869932842389471,0.18266386321644776,0.7435843671279999,0.15571522396414128,0.6795263733823724,0.17948213730139384,1.0272623267926702,0.34848720222449003,21,"throughput_2,python_gc_objects_collected_total_1,throughput_1,python_gc_objects_collected_total_3,python_gc_collections_total_7,python_gc_objects_collected_total_2,python_gc_collections_total_1,python_gc_collections_total_4,python_gc_objects_collected_total_5,process_cpu_seconds_total_1,process_cpu_seconds_total_3,python_gc_objects_collected_total_6,process_cpu_seconds_total_2,buffer_size_3,python_gc_objects_collected_total_8,python_gc_collections_total_6,python_gc_collections_total_3,avg_p_latency_1,python_gc_collections_total_2,python_gc_collections_total_5,throughput_3",1.0,padded,2.19153501233086,0.5471025157719851,57.56953926710412,855.6,266.6,0.674087266251113,5,,,False,30,,0.5770258236865539,0.6153161175422974,0.674087266251113,0.1415445288541343,0.3904174835503298,0.5385695337273655,0.16088896595836272,0.3989855423991809,0.5626312556046825,0.14124230614409888,0.40582737192926893,0.5356713437478129,1.2694117800276885,1.2083394187865344,1.218487788202388
throughput_3,20,2,markov,classic_quantile,aic,5,5,0.8594027330028589,0.06747462304632958,0.8433019042639318,0.0823446147577968,0.8536669390137483,0.06549061374934376,0.8479685033456764,0.08615558337876462,0.33625784348838117,0.11143360700127247,0.9615051039439496,0.009907644669638619,0.95756860288466,0.013947998638261171,0.9576261069609678,0.013960280783484892,0.9575117651941841,0.013936392713083686,0.44680961836689664,0.14177892306198198,0.30344556726597544,0.06878354456784515,0.22340480918344832,0.07088946153099099,0.5,0.0,0.6931064040474924,0.00011294491591935853,0.8860319492462677,0.04040855195630835,0.8764555230130842,0.04944090889013754,0.8760758210750368,0.05497260282851509,0.8828224257727679,0.03985923861501799,0.3110874576276809,0.1448353561694965,21,"process_virtual_memory_bytes_2,cores_2,process_virtual_memory_bytes_3,process_resident_memory_bytes_3,scrape_duration_seconds_3,scrape_duration_seconds_1,avg_p_latency_2,avg_p_latency_3,buffer_size_2,python_gc_objects_collected_total_7,cores_3,buffer_size_3,avg_p_latency_1,cores_1,throughput_2,data_quality_1,python_gc_objects_collected_total_1,throughput_1,python_gc_objects_collected_total_3,python_gc_collections_total_7,throughput_3",16.0,padded,3.923940920084715,0.5846706693992019,111.11818051710725,992.2,130.0,0.9188948306595366,2,,,False,30,,0.8600713012477719,0.9206773618538324,0.9188948306595366,0.857348895703882,0.919093203482319,0.9175172616590419,0.8589082797366347,0.9164058453986625,0.9172306897442521,0.8865122629790467,0.9234631791060399,0.9178175879965723,0.4131465913706592,0.2730938781322051,0.25608556641629243
throughput_3,20,3,markov,classic_quantile,aic,5,5,0.7872226005272991,0.09797729572480288,0.7501612992146581,0.10941694494333298,0.8063270947442731,0.093810634790867,0.7576657104447588,0.09365613848161783,0.5448252492793132,0.13017286366639857,0.9148162786526413,0.02940517186106693,0.9115226560318532,0.028430278954491434,0.9115873485620127,0.02837930046588442,0.9114595572174375,0.028481130897000554,0.2794375582338497,0.14078090686051642,0.1403832720048364,0.0593868065567553,0.09314585274461656,0.046926968953505475,0.3333333333333333,0.0,1.0978579808092266,0.0014899595607213438,0.8963664941707361,0.034327839002853196,0.8804053603109354,0.03922746966140323,0.8911281885847998,0.052666866581842886,0.8838356740766262,0.04034677018854054,0.38126015613918507,0.09478822447514787,21,"cores_2,scrape_duration_seconds_2,avg_p_latency_2,avg_p_latency_3,buffer_size_2,cores_3,buffer_size_3,avg_p_latency_1,data_quality_3,cores_1,throughput_2,python_gc_objects_collected_total_1,throughput_1,python_gc_objects_collected_total_3,python_gc_collections_total_7,python_gc_objects_collected_total_2,python_gc_collections_total_1,python_gc_collections_total_4,python_gc_objects_collected_total_5,process_cpu_seconds_total_1,throughput_3",11.0,padded,3.3756260009482504,0.7201639598235487,82.71454962808639,942.2,180.0,0.8966131907308378,3,,,False,30,,0.8556149732620321,0.8983957219251337,0.8966131907308378,0.7906568501927943,0.8713691295029834,0.8517819360109419,0.7678476434773311,0.8578537926878583,0.9090630135846388,0.8821354720548268,0.8888283470745787,0.8246310292020294,0.5296505887993089,0.39714128002192517,0.385258547736685
throughput_3,20,4,markov,classic_quantile,aic,5,5,0.6469923159096067,0.17234712347335668,0.5857562147121023,0.24696712734885884,0.6075992234706933,0.2137457519008281,0.6513029450792299,0.2179660509752403,0.941487484286702,0.31891999546298916,0.8994865103816965,0.015241371938631324,0.8971870840460584,0.014473683404433798,0.8972505789326594,0.014371448253225687,0.897126481724191,0.014577509030104787,0.2708829957952581,0.08536073757578705,0.105121826370789,0.027027225722333105,0.06772074894881452,0.021340184393946762,0.25,0.0,1.3851846699207504,0.001759869534867277,0.8465162265538101,0.04491875044769587,0.8225899162210322,0.05691736616320458,0.8320581145493522,0.06041743289256621,0.8333204900477839,0.0525688779580665,0.6089932222572915,0.16753947652108522,21,"avg_p_latency_3,cores_3,buffer_size_3,cores_1,throughput_2,python_gc_objects_collected_total_1,throughput_1,python_gc_objects_collected_total_3,python_gc_collections_total_7,python_gc_objects_collected_total_2,python_gc_collections_total_1,python_gc_collections_total_4,python_gc_objects_collected_total_5,process_cpu_seconds_total_1,process_cpu_seconds_total_3,python_gc_objects_collected_total_6,process_cpu_seconds_total_2,python_gc_objects_collected_total_8,python_gc_collections_total_6,python_gc_collections_total_3,throughput_3",5.0,padded,3.2705045425333084,0.5861216813325882,72.82707841834053,940.2,182.0,0.8270944741532977,1,,,False,30,,0.857397504456328,0.8199643493761141,0.8270944741532977,0.8562489915267798,0.8206749545507839,0.829653647403695,0.8737505582336794,0.8188913656273955,0.824589051221402,0.8601049799398007,0.8338737624932158,0.8377789319836223,0.38589798391063185,0.5632788022566722,0.5463509578875457
throughput_3,20,6,markov,classic_quantile,aic,5,5,0.6178803910457569,0.07849139323741695,0.5688096666151278,0.09155303717144934,0.5939656028231065,0.10487972059100144,0.6037542189464286,0.0897762344166282,1.0984214440729918,0.21526409310645556,0.8515476910427411,0.03673486897160901,0.8270324539465326,0.03857925678234514,0.8270892208311029,0.03850118468089746,0.8269787204799102,0.0386562202756353,0.29120385141023136,0.042547559254165146,0.07494935386452178,0.00861471542895186,0.048533975235038565,0.00709125987569419,0.16666666666666666,0.0,1.7430248160416781,0.03196640811336945,0.8043132433143303,0.1068653250331607,0.7737752094847392,0.1399991473200945,0.7981253273695823,0.12805589224871144,0.7769489744070477,0.1418058884802501,0.8768365150566897,0.4598133639001456,21,"scrape_duration_seconds_3,avg_p_latency_3,cores_3,buffer_size_3,throughput_2,python_gc_objects_collected_total_1,throughput_1,python_gc_objects_collected_total_3,python_gc_collections_total_7,python_gc_objects_collected_total_2,python_gc_collections_total_1,python_gc_collections_total_4,python_gc_objects_collected_total_5,process_cpu_seconds_total_1,process_cpu_seconds_total_3,python_gc_objects_collected_total_6,process_cpu_seconds_total_2,python_gc_objects_collected_total_8,python_gc_collections_total_6,python_gc_collections_total_3,throughput_3",5.0,padded,2.9660128680989146,0.6415405311621726,69.34822845691815,820.2,302.0,0.691006233303651,5,,,False,30,,0.5325022261798753,0.6081923419412288,0.691006233303651,0.2922413178935397,0.4540031053987919,0.6157276332807554,0.3083473669837513,0.5197124279416269,0.6970542729816877,0.34293438451918634,0.4398355897379011,0.5963606357683292,1.3273195800820567,1.1358099879828263,0.949803668484064
throughput_3,20,8,markov,classic_quantile,aic,5,5,0.6098907465520005,0.14822406723349268,0.5199322848636613,0.13936913313721075,0.5448870459575431,0.1378931373942947,0.5352098399213948,0.13351344482391775,1.430518349724238,0.6415214552446494,0.8497611916133734,0.02569089918103424,0.8363568407440543,0.026176506528293876,0.8364191037754521,0.02615472194438187,0.8362985782308415,0.02619781607025511,0.29120385141023136,0.042547559254165146,0.06291955198969593,0.010037270624112795,0.04078886188977331,0.007666282720144682,0.1392857142857143,0.007985957062499245,1.917700432837902,0.08800185511408466,0.8201625348979442,0.0673209475381734,0.7586943025095674,0.08835549489059888,0.7818700634806615,0.08318751338103926,0.7520316438462704,0.08902131656344951,0.8622915039253989,0.2765582766230579,21,"buffer_size_3,avg_p_latency_3,throughput_2,python_gc_objects_collected_total_1,throughput_1,python_gc_objects_collected_total_3,python_gc_collections_total_7,python_gc_objects_collected_total_2,python_gc_collections_total_1,python_gc_collections_total_4,python_gc_objects_collected_total_5,process_cpu_seconds_total_1,process_cpu_seconds_total_3,python_gc_objects_collected_total_6,process_cpu_seconds_total_2,python_gc_objects_collected_total_8,python_gc_collections_total_6,python_gc_collections_total_3,avg_p_latency_1,python_gc_collections_total_2,throughput_3",3.0,padded,2.492163909506053,0.5926234907470643,63.068967640865594,853.6,268.6,0.7486631016042781,3,,,False,30,,0.8458110516934046,0.7762923351158645,0.7486631016042781,0.5334344463448982,0.5585181202413555,0.6017838439795594,0.5365268072221236,0.5595390474075729,0.6012971404957451,0.5612774400540358,0.5594707262796091,0.6460783765965818,0.8526208798241366,1.1113946950115594,1.1985046088393911
throughput_3,20,10,markov,classic_quantile,aic,5,5,0.5606863776839158,0.11547862459740597,0.42347396549946736,0.14862448304255513,0.44068195642724356,0.1349923987062004,0.4500337502744304,0.13941437012098085,1.420839042697673,0.2583317173011243,0.7690244332169847,0.07213575352763434,0.669958906567656,0.09281856450614168,0.6700206753899108,0.09291519899986259,0.6699017211692511,0.092722253708761,0.29120385141023136,0.042547559254165146,0.04914319064219148,0.00738284918922222,0.0318509329849752,0.005709090250576839,0.10888888888888888,0.004969039949999528,2.0999575370835126,0.12027466751558907,0.7822390457689906,0.0826795269285752,0.7087225107652723,0.14260156623092177,0.7400347411459914,0.12289948237514216,0.7059451666967917,0.14529786708233036,0.983296897056333,0.259571460476453,21,"buffer_size_3,avg_p_latency_3,throughput_2,python_gc_objects_collected_total_1,throughput_1,python_gc_objects_collected_total_3,python_gc_collections_total_7,python_gc_objects_collected_total_2,python_gc_collections_total_1,python_gc_collections_total_4,python_gc_objects_collected_total_5,process_cpu_seconds_total_1,process_cpu_seconds_total_3,python_gc_objects_collected_total_6,process_cpu_seconds_total_2,python_gc_objects_collected_total_8,python_gc_collections_total_6,python_gc_collections_total_3,avg_p_latency_1,python_gc_collections_total_2,throughput_3",3.0,padded,2.6674299269914625,0.7005570755340159,64.63749441504478,799.0,323.2,0.7263814616755794,2,,,False,30,,0.41622103386809267,0.6844919786096256,0.7263814616755794,0.25026732071032387,0.5911727071815707,0.6500675732092099,0.2525606861599377,0.6065814132089444,0.6606263173070701,0.36433011049163483,0.5980031242562078,0.6579021567066987,2.2779946776253017,1.1014621365355373,1.0502295682472025
throughput_3,20,2,markov,kmeans,bic,5,5,0.9693433205873623,0.019707482314158108,0.7604145207415461,0.08442709207090347,0.8385183297126625,0.10747211649609376,0.7239664296644526,0.08583297601783067,0.12057322228652265,0.05426055037015192,0.9818207214886279,0.00801303710486728,0.8734214976413315,0.017374639814205946,0.8734214976413315,0.017374639814205946,0.8734214976413315,0.017374639814205946,0.9625725591782895,0.01457965533338928,0.4904421156910813,0.0037999489372258677,0.48128627958914477,0.00728982766669464,0.5,0.0,0.16108841344603442,0.04705912220103027,0.9802324733888319,0.016983129126703043,0.8498917697544695,0.09787557685116112,0.9286663420258835,0.11217309585176953,0.8033948472302539,0.10193293189345952,0.1026806584001676,0.06974242708084774,21,"buffer_size_3,scrape_duration_seconds_3,throughput_2,python_gc_objects_collected_total_1,throughput_1,python_gc_objects_collected_total_3,python_gc_collections_total_7,python_gc_objects_collected_total_2,python_gc_collections_total_1,python_gc_collections_total_4,python_gc_objects_collected_total_5,process_cpu_seconds_total_1,process_cpu_seconds_total_3,python_gc_objects_collected_total_6,process_cpu_seconds_total_2,python_gc_objects_collected_total_8,python_gc_collections_total_6,python_gc_collections_total_3,avg_p_latency_1,python_gc_collections_total_2,throughput_3",3.0,padded,2.5074495904147627,0.402262775041163,69.49859572714195,1088.6,33.6,0.9839715048975958,5,,,False,30,,0.7462154942119323,0.9679430097951914,0.9839715048975958,0.6296641283733826,0.4918552036199095,0.8635148274185708,0.6330082294124256,0.4848349687778769,0.8855837534372135,0.851431327804679,0.49908172635445364,0.8440023510170704,0.8347485639360268,0.07948824402082935,0.07418221677638802
throughput_3,20,3,markov,kmeans,bic,5,5,0.8382110878837086,0.11416001344606119,0.6605005860501443,0.14858914001516627,0.7205580772689453,0.18372513941605575,0.6495359345490812,0.13512326891189633,0.4755048867650725,0.19210491393471638,0.9486727840978535,0.011174929891963102,0.8816544060667898,0.012944780617226773,0.8816910657204164,0.01285437353814961,0.8816185142620597,0.013035388843090813,0.5118678799942222,0.09727538281283896,0.22423701175549038,0.028656531455772377,0.17062262666474073,0.03242512760427965,0.3333333333333333,0.0,0.8376142909955163,0.029487590742458658,0.9485384851836243,0.014355451700876806,0.8620793078437272,0.05906730733364109,0.8961964850253817,0.08507930171418604,0.8478115923095952,0.052387059771676556,0.20506676623297837,0.046401868960578546,21,"buffer_size_3,scrape_duration_seconds_3,throughput_2,python_gc_objects_collected_total_1,throughput_1,python_gc_objects_collected_total_3,python_gc_collections_total_7,python_gc_objects_collected_total_2,python_gc_collections_total_1,python_gc_collections_total_4,python_gc_objects_collected_total_5,process_cpu_seconds_total_1,process_cpu_seconds_total_3,python_gc_objects_collected_total_6,process_cpu_seconds_total_2,python_gc_objects_collected_total_8,python_gc_collections_total_6,python_gc_collections_total_3,avg_p_latency_1,python_gc_collections_total_2,throughput_3",3.0,padded,2.4215027493424714,0.450820202101022,64.49981608381495,1046.0,76.2,0.9117647058823529,1,,,False,30,,0.85650623885918,0.9081996434937611,0.9117647058823529,0.757909137189575,0.788850965537154,0.7834301750211835,0.7552450232530715,0.7692684866216902,0.8063297896852667,0.7608253067506864,0.8447871572871574,0.7653071806622945,0.319700092025633,0.26614280605822455,0.2982537732682412
throughput_3,20,4,markov,kmeans,bic,5,5,0.8989454018472927,0.020169270233501544,0.577916863555133,0.04445886046447248,0.5713517756854696,0.04721415818332443,0.6008437454957436,0.05835823877459026,0.37886646943318436,0.044465716514616414,0.9417215473577111,0.012986576123664018,0.7042184652526075,0.04503472007945174,0.7042471797214985,0.045075744544721304,0.7041903434868849,0.04499433637594209,0.5116896268747927,0.09716041007565365,0.16814122653145497,0.021467468889939677,0.12792240671869817,0.024290102518913413,0.25,0.0,0.8767906250433535,0.030192135773252082,0.9378509204184267,0.018968099218444463,0.7799754644191752,0.07509120819749004,0.8392500631393377,0.07365417071652354,0.7777458787012914,0.08986462404139875,0.27457488686502945,0.11681864325089891,21,"buffer_size_3,scrape_duration_seconds_3,throughput_2,python_gc_objects_collected_total_1,throughput_1,python_gc_objects_collected_total_3,python_gc_collections_total_7,python_gc_objects_collected_total_2,python_gc_collections_total_1,python_gc_collections_total_4,python_gc_objects_collected_total_5,process_cpu_seconds_total_1,process_cpu_seconds_total_3,python_gc_objects_collected_total_6,process_cpu_seconds_total_2,python_gc_objects_collected_total_8,python_gc_collections_total_6,python_gc_collections_total_3,avg_p_latency_1,python_gc_collections_total_2,throughput_3",3.0,padded,2.1683729958720503,0.5035895506851376,60.618841112125665,1023.0,99.2,0.9162956366874443,5,,,False,30,,0.5351736420302761,0.7898486197684773,0.9162956366874443,0.25963081861958265,0.39222931076364476,0.6460898030724816,0.3232708593044749,0.3978148760580183,0.6233792493225543,0.21946371272178178,0.39272634572298504,0.6754741591437898,1.4216622620888586,0.4884169613579837,0.3472134156102286
throughput_3,20,6,markov,kmeans,bic,5,5,0.8319425463053352,0.024739749099422344,0.47873424302031775,0.055783204936656706,0.49413210388187945,0.07380968826426937,0.48858609279533693,0.04140094408747184,0.6413715856382551,0.11187678156807015,0.9187310219157687,0.010091764446162927,0.6642008490823734,0.01507532665416206,0.6641541381986024,0.01507284893260958,0.6642489917301317,0.015079571524754932,0.358600673330127,0.11566038863997802,0.08653521904577999,0.0212761581733848,0.0597667788883545,0.019276731439996333,0.16666666666666666,0.0,1.2735567944829207,0.057095276259228646,0.8920942886206558,0.027620480720310765,0.6106286014710952,0.09822735721595068,0.6403558593271644,0.11846294826855287,0.6450709738929158,0.11102353982337972,0.5002525708409526,0.06752971533774571,21,"buffer_size_3,throughput_2,python_gc_objects_collected_total_1,throughput_1,python_gc_objects_collected_total_3,python_gc_collections_total_7,python_gc_objects_collected_total_2,python_gc_collections_total_1,python_gc_collections_total_4,python_gc_objects_collected_total_5,process_cpu_seconds_total_1,process_cpu_seconds_total_3,python_gc_objects_collected_total_6,process_cpu_seconds_total_2,python_gc_objects_collected_total_8,python_gc_collections_total_6,python_gc_collections_total_3,avg_p_latency_1,python_gc_collections_total_2,python_gc_collections_total_5,throughput_3",2.0,padded,2.1051388004794718,0.5017868398688734,55.73868665797636,978.2,144.0,0.8591800356506238,2,,,False,30,,0.5623885918003565,0.8065953654188949,0.8591800356506238,0.24278451278007754,0.392265617391135,0.5484811690184505,0.217403755566975,0.4611859597571773,0.5517965291490272,0.30371070842129955,0.3919807058078531,0.5489518071485284,1.943641166679345,0.6926704989038845,0.5593608900551726
throughput_3,20,8,markov,kmeans,bic,5,5,0.8135815226276701,0.02176866615169421,0.3833684036445108,0.052791453433261616,0.3862298294640686,0.052593579507964755,0.39899805295317137,0.05661333944733289,0.7444366861741438,0.10709793320325861,0.9089293225587814,0.015515980528127488,0.5635924055299544,0.08581382596447372,0.5635530623709142,0.08583219531814143,0.5636328724309362,0.08579586500455569,0.32063275889162435,0.08902209248981462,0.06001560179767464,0.012640930467549109,0.04007909486145304,0.011127761561226827,0.125,0.0,1.3970113938141817,0.1643419052255385,0.880342435583386,0.03488880030749579,0.5826555798287147,0.1542243299454963,0.6141280907056705,0.16546528332085703,0.590402931396204,0.14145607039740093,0.5698719234731883,0.11685368188172376,21,"throughput_2,python_gc_objects_collected_total_1,throughput_1,python_gc_objects_collected_total_3,python_gc_collections_total_7,python_gc_objects_collected_total_2,python_gc_collections_total_1,python_gc_collections_total_4,python_gc_objects_collected_total_5,process_cpu_seconds_total_1,process_cpu_seconds_total_3,python_gc_objects_collected_total_6,process_cpu_seconds_total_2,buffer_size_3,python_gc_objects_collected_total_8,python_gc_collections_total_6,python_gc_collections_total_3,avg_p_latency_1,python_gc_collections_total_2,python_gc_collections_total_5,throughput_3",1.0,padded,2.12492400072515,0.4957532444037497,54.67916897498071,949.0,173.2,0.8458110516934046,2,,,False,30,,0.4803921568627451,0.8627450980392157,0.8458110516934046,0.1847810244331541,0.3754924623147629,0.4206946019576343,0.1811024293092978,0.3673715623371262,0.4191033724424259,0.24278869169726533,0.38676119157699695,0.42614719715547184,2.378491486505591,0.6149230306691137,0.5900067102045737
throughput_3,20,10,markov,kmeans,bic,5,5,0.7724117186743555,0.06262694405716542,0.35597657383480624,0.04097007763840167,0.36830973814520795,0.028454851471363337,0.3659664059248973,0.04962547669889273,0.9149291215003794,0.16656880170204041,0.8895032245878195,0.010482621863332629,0.5620425953246556,0.055402189566873226,0.5620146841356932,0.05541128977597597,0.562071995802208,0.05539311741652251,0.24184567375075988,0.0411021971464149,0.040289648717874306,0.0035431242014632696,0.02507385238200806,0.00302018589662923,0.10444444444444445,0.006085806194501839,1.6722248662373407,0.13973957699043185,0.8260299845038865,0.0695377224342876,0.4558815554727433,0.06329208647285076,0.5004030911311649,0.08419247480360352,0.4617115874004325,0.07075381173913016,0.7480665197822308,0.238772495421516,21,"throughput_2,python_gc_objects_collected_total_1,throughput_1,python_gc_objects_collected_total_3,python_gc_collections_total_7,python_gc_objects_collected_total_2,python_gc_collections_total_1,python_gc_collections_total_4,python_gc_objects_collected_total_5,process_cpu_seconds_total_1,process_cpu_seconds_total_3,python_gc_objects_collected_total_6,process_cpu_seconds_total_2,buffer_size_3,python_gc_objects_collected_total_8,python_gc_collections_total_6,python_gc_collections_total_3,avg_p_latency_1,python_gc_collections_total_2,python_gc_collections_total_5,throughput_3",1.0,padded,2.1565430108457804,0.4766860304400325,55.01457974687219,923.0,199.2,0.8235294117647058,1,,,False,30,,0.946524064171123,0.8048128342245989,0.8235294117647058,0.475678078875168,0.33169363826011694,0.42095147990939347,0.47014213511317615,0.332588500543917,0.41608934065831954,0.48177460584108367,0.3377113536028588,0.43395894318042805,0.31348694292649,0.7058571081921149,1.0494997225015914
throughput_3,20,2,markov,kmeans,aic,5,5,0.9404663152397686,0.053861438362580574,0.6924616488595423,0.14229510915595514,0.7034813480544942,0.15775736485803712,0.6901298026927692,0.1254191025018566,0.17531880727946997,0.11417794643971428,0.9818207214886279,0.00801303710486728,0.8734214976413315,0.017374639814205946,0.8734214976413315,0.017374639814205946,0.8734214976413315,0.017374639814205946,0.9625725591782895,0.01457965533338928,0.4904421156910813,0.0037999489372258677,0.48128627958914477,0.00728982766669464,0.5,0.0,0.16108841344603442,0.047059122201030285,0.9617103399321214,0.04851698971265732,0.8038785762405963,0.1488749454969412,0.8542906700611702,0.18626990096025206,0.7793461709853797,0.12163390201048349,0.13243366085373362,0.13034002214914395,21,"avg_p_latency_2,scrape_duration_seconds_3,buffer_size_3,throughput_2,python_gc_objects_collected_total_1,throughput_1,python_gc_objects_collected_total_3,python_gc_collections_total_7,python_gc_objects_collected_total_2,python_gc_collections_total_1,python_gc_collections_total_4,python_gc_objects_collected_total_5,process_cpu_seconds_total_1,process_cpu_seconds_total_3,python_gc_objects_collected_total_6,process_cpu_seconds_total_2,python_gc_objects_collected_total_8,python_gc_collections_total_6,python_gc_collections_total_3,avg_p_latency_1,throughput_3",4.0,padded,3.252046862617135,0.45262174056842924,91.37848073290661,1079.4,42.8,0.9839715048975958,5,,,False,30,,0.6634016028495102,0.9697239536954586,0.9839715048975958,0.5636189810436284,0.4923146473779385,0.8635148274185708,0.6067781233799896,0.4848619768477293,0.8855837534372135,0.8057086139403722,0.5,0.8440023510170704,0.618443138828774,0.07438542086456335,0.0911850621449179
throughput_3,20,3,markov,kmeans,aic,5,5,0.8246525810194555,0.08042391286430724,0.6217684209754624,0.12563366598239015,0.6662961142188631,0.12977606782500792,0.6190770824935382,0.12025626721522532,0.5613137061527221,0.1520669276740047,0.9486727840978535,0.011174929891963102,0.8816544060667898,0.012944780617226773,0.8816910657204164,0.01285437353814961,0.8816185142620597,0.013035388843090813,0.5118678799942222,0.09727538281283896,0.22423701175549038,0.028656531455772377,0.17062262666474073,0.03242512760427965,0.3333333333333333,0.0,0.8376142909955163,0.029487590742458696,0.9554824234780377,0.02220300474049874,0.9080072077834931,0.03870305740873187,0.9497769773203444,0.012944763171788823,0.8822122123728284,0.05480687099206874,0.20062704470042703,0.1157252029821679,21,"buffer_size_3,scrape_duration_seconds_3,throughput_2,python_gc_objects_collected_total_1,throughput_1,python_gc_objects_collected_total_3,python_gc_collections_total_7,python_gc_objects_collected_total_2,python_gc_collections_total_1,python_gc_collections_total_4,python_gc_objects_collected_total_5,process_cpu_seconds_total_1,process_cpu_seconds_total_3,python_gc_objects_collected_total_6,process_cpu_seconds_total_2,python_gc_objects_collected_total_8,python_gc_collections_total_6,python_gc_collections_total_3,avg_p_latency_1,python_gc_collections_total_2,throughput_3",3.0,padded,3.0330773612484334,0.5585248702205717,77.00230530509725,1029.0,93.2,0.9135472370766489,1,,,False,30,,0.8538324420677362,0.9117647058823529,0.9135472370766489,0.7898534035312045,0.7335024522239134,0.804849383375072,0.7746433215520065,0.7750402576489533,0.8128111981092175,0.8250982559817266,0.7073683261183262,0.797784436740053,0.5135261016235345,0.3377258002144704,0.34671812658584716
throughput_3,20,4,markov,kmeans,aic,5,5,0.8606359017338013,0.02691799977678014,0.5326284671409225,0.05672244413345053,0.5885483563448529,0.09446465955621017,0.5174819383388201,0.05438419360654757,0.5486570668758233,0.11546764962309397,0.9417215473577111,0.012986576123664018,0.7042184652526075,0.04503472007945174,0.7042471797214985,0.045075744544721304,0.7041903434868849,0.04499433637594209,0.5116896268747927,0.09716041007565365,0.16814122653145497,0.021467468889939677,0.12792240671869817,0.024290102518913413,0.25,0.0,0.8767906250433535,0.030192135773252082,0.9465783377645668,0.026368144683938385,0.7977322103568153,0.06694836447396414,0.8374201379156055,0.08077653317855843,0.7913622482287126,0.06792621602883807,0.21316082938543537,0.09539262366233174,21,"buffer_size_3,scrape_duration_seconds_3,throughput_2,python_gc_objects_collected_total_1,throughput_1,python_gc_objects_collected_total_3,python_gc_collections_total_7,python_gc_objects_collected_total_2,python_gc_collections_total_1,python_gc_collections_total_4,python_gc_objects_collected_total_5,process_cpu_seconds_total_1,process_cpu_seconds_total_3,python_gc_objects_collected_total_6,process_cpu_seconds_total_2,python_gc_objects_collected_total_8,python_gc_collections_total_6,python_gc_collections_total_3,avg_p_latency_1,python_gc_collections_total_2,throughput_3",3.0,padded,2.737897341698408,0.5845739231444895,70.62713876925409,1001.8,120.4,0.9046345811051694,1,,,False,30,,0.9545454545454546,0.9037433155080213,0.9046345811051694,0.9406549100709014,0.4711682141285072,0.5717097387852167,0.9513773204870145,0.4900181604028416,0.5727203908954949,0.9315309757503054,0.4719575072533849,0.5717503124897207,0.22681273181135214,0.3329143501419717,0.401219311057079
throughput_3,20,6,markov,kmeans,aic,5,5,0.7467832692860192,0.12040819687379162,0.41218889139532705,0.10817576035273738,0.4166003462335833,0.09431050961921855,0.44291684511471197,0.1226813211258784,0.8225322024337582,0.25300875843324405,0.9187310219157687,0.010091764446162927,0.6642008490823734,0.01507532665416206,0.6641541381986024,0.01507284893260958,0.6642489917301317,0.015079571524754932,0.358600673330127,0.11566038863997802,0.08653521904577999,0.0212761581733848,0.0597667788883545,0.019276731439996333,0.16666666666666666,0.0,1.2735567944829207,0.057095276259228646,0.8929847605707895,0.02825125505769413,0.6152788574925017,0.09155671230499762,0.6731367484671299,0.07817610413644868,0.6623466044349483,0.11228859104148979,0.44532949427393975,0.16208568651488084,21,"buffer_size_3,throughput_2,python_gc_objects_collected_total_1,throughput_1,python_gc_objects_collected_total_3,python_gc_collections_total_7,python_gc_objects_collected_total_2,python_gc_collections_total_1,python_gc_collections_total_4,python_gc_objects_collected_total_5,process_cpu_seconds_total_1,process_cpu_seconds_total_3,python_gc_objects_collected_total_6,process_cpu_seconds_total_2,python_gc_objects_collected_total_8,python_gc_collections_total_6,python_gc_collections_total_3,avg_p_latency_1,python_gc_collections_total_2,python_gc_collections_total_5,throughput_3",2.0,padded,2.337407050374895,0.5618155624717474,62.21088058780879,973.6,148.6,0.8556149732620321,1,,,False,30,,0.9349376114081996,0.8484848484848485,0.8556149732620321,0.6031244884154767,0.6226990033722105,0.4926083983550677,0.6047241310552752,0.6226069828330268,0.490662732329399,0.6019061994547167,0.6320070081697811,0.547799509709974,0.612673355898451,0.6598920643318662,0.6215123791415758
throughput_3,20,8,markov,kmeans,aic,5,5,0.7382229925889241,0.11135025284839564,0.3494847601822867,0.10470652965957672,0.37105142252161377,0.08703671610609587,0.36771605390767564,0.09371249787171028,0.8704493573632549,0.26333223108197906,0.9089293225587814,0.015515980528127488,0.5635924055299544,0.08581382596447372,0.5635530623709142,0.08583219531814143,0.5636328724309362,0.08579586500455569,0.32063275889162435,0.08902209248981462,0.06001560179767464,0.012640930467549109,0.04007909486145304,0.011127761561226827,0.125,0.0,1.3970113938141817,0.16434190522553868,0.8833656036987859,0.04530944503444496,0.6118268350487587,0.1492546073832738,0.6620138953052579,0.12654563308040445,0.6386960786788045,0.1624974072998473,0.5851081531928872,0.17618145856823011,21,"buffer_size_3,throughput_2,python_gc_objects_collected_total_1,throughput_1,python_gc_objects_collected_total_3,python_gc_collections_total_7,python_gc_objects_collected_total_2,python_gc_collections_total_1,python_gc_collections_total_4,python_gc_objects_collected_total_5,process_cpu_seconds_total_1,process_cpu_seconds_total_3,python_gc_objects_collected_total_6,process_cpu_seconds_total_2,python_gc_objects_collected_total_8,python_gc_collections_total_6,python_gc_collections_total_3,avg_p_latency_1,python_gc_collections_total_2,python_gc_collections_total_5,throughput_3",2.0,padded,2.0929577952250837,0.5993941663764417,57.052729124203324,935.4,186.8,0.8547237076648841,2,,,False,30,,0.4786096256684492,0.7807486631016043,0.8547237076648841,0.18569745324229187,0.25553607855833893,0.46958784974144896,0.18410963545817927,0.26332959845441145,0.4797773951543476,0.2422475661561398,0.26622308420686475,0.4651073906078528,2.4061724340169364,0.7237063799575011,0.6081077646617944
throughput_3,20,10,markov,kmeans,aic,5,5,0.7458474007266632,0.09160302074901591,0.32773838493452434,0.08180151602578951,0.32537441770473297,0.08114634356770127,0.34785958115306187,0.08493304212131166,0.8790783013656005,0.22938593284197287,0.8895032245878195,0.010482621863332629,0.5620425953246556,0.055402189566873226,0.5620146841356932,0.05541128977597597,0.562071995802208,0.05539311741652251,0.24184567375075988,0.0411021971464149,0.040289648717874306,0.0035431242014632696,0.02507385238200806,0.00302018589662923,0.10444444444444445,0.006085806194501839,1.6722248662373407,0.13973957699043185,0.8456119697176158,0.061860527855394545,0.49684024941169297,0.10474550884744399,0.5078545837381849,0.12729739132867682,0.517635022658877,0.11204282560202967,0.6990007725426208,0.2344239306626874,21,"buffer_size_3,throughput_2,python_gc_objects_collected_total_1,throughput_1,python_gc_objects_collected_total_3,python_gc_collections_total_7,python_gc_objects_collected_total_2,python_gc_collections_total_1,python_gc_collections_total_4,python_gc_objects_collected_total_5,process_cpu_seconds_total_1,process_cpu_seconds_total_3,python_gc_objects_collected_total_6,process_cpu_seconds_total_2,python_gc_objects_collected_total_8,python_gc_collections_total_6,python_gc_collections_total_3,avg_p_latency_1,python_gc_collections_total_2,python_gc_collections_total_5,throughput_3",2.0,padded,2.102848511748016,0.5502967743203044,56.38448625989258,900.6,221.6,0.8235294117647058,1,,,False,30,,0.946524064171123,0.786096256684492,0.8235294117647058,0.475678078875168,0.32553067688400955,0.4468420208205933,0.47014213511317615,0.32699916009213925,0.4436523225306483,0.48177460584108367,0.3307827223662863,0.4576882835925071,0.31348694292649,0.6891229758644707,0.7646508245846895
throughput_3,20,2,mrmr,classic_uniform,bic,5,5,0.9695218911655976,0.0182943311581597,0.7647254376221035,0.07318891400669986,0.8354093042237858,0.10016285271564083,0.725751344810422,0.07182537213968787,0.12295895124163263,0.04601065557205463,0.9814642152497687,0.008032980076580562,0.8745284800606118,0.015280170930052748,0.8745284800606118,0.015280170930052748,0.8745284800606118,0.015280170930052748,0.9613251048010882,0.015651587992000626,0.49011454434285956,0.004084685735689133,0.4806625524005441,0.007825793996000313,0.5,0.0,0.16509488330785121,0.04975210758910931,0.9775610575384313,0.019030934591868304,0.832566994512377,0.0988104904907214,0.9208925925243243,0.12317475815739633,0.7823785581688253,0.09306761600572025,0.10497014900307793,0.06044705227929225,21,"throughput_2,buffer_size_3,avg_p_latency_3,throughput_1,python_gc_objects_collected_total_3,scrape_duration_seconds_1,avg_p_latency_1,buffer_size_2,avg_p_latency_2,data_quality_1,scrape_duration_seconds_3,python_gc_objects_collected_total_1,scrape_duration_seconds_2,process_open_fds_1,process_cpu_seconds_total_1,rps,data_quality_2,cores_1,python_gc_objects_collected_total_8,process_open_fds_2,throughput_3",,,2.536410458292812,0.42382971551269294,293.75414406415075,1049.4,72.8,0.9821905609973286,5,,,False,30,,0.9073909171861086,0.9715048975957258,0.9821905609973286,0.4757236227824463,0.5483157365510307,0.8565112951037515,0.47351301115241634,0.9857270294380018,0.8768432993031923,0.47795497185741087,0.5294117647058824,0.8384186272131943,0.44799960749828904,0.08175630028312568,0.08771953647043752
throughput_3,20,3,mrmr,classic_uniform,bic,5,5,0.8567021109423288,0.07663154848549925,0.6971921428954919,0.12250284289228797,0.7376945822526035,0.11615654976308672,0.7145774434957358,0.11325362532436817,0.41741966693021915,0.13844371497528674,0.9408317103251889,0.006935310253495855,0.8721575666018826,0.009455766799742776,0.8721585421555386,0.009376860610541746,0.872157977162367,0.009540536343960649,0.6665563497316679,0.02695215561658216,0.2665547123006596,0.006606764081832377,0.22218544991055594,0.008984051872194058,0.3333333333333333,0.0,0.7497565314935168,0.03957369616768475,0.9549489325427887,0.009143966190465692,0.8681495449900856,0.06125320971388763,0.9178836085776284,0.06430836724499876,0.8391906299412216,0.0648410778771654,0.19942177070875172,0.028591563638693883,21,"throughput_2,buffer_size_3,avg_p_latency_3,throughput_1,python_gc_objects_collected_total_3,scrape_duration_seconds_1,avg_p_latency_1,buffer_size_2,avg_p_latency_2,data_quality_1,scrape_duration_seconds_3,python_gc_objects_collected_total_1,scrape_duration_seconds_2,process_open_fds_1,process_cpu_seconds_total_1,rps,data_quality_2,cores_1,python_gc_objects_collected_total_8,process_open_fds_2,throughput_3",,,2.4081802939996124,0.6485440921969712,298.0570414653048,888.6,233.6,0.9135472370766489,1,,,False,30,,0.8796791443850267,0.9420677361853832,0.9135472370766489,0.625691720485492,0.8251055160508488,0.787067543969887,0.602323359365098,0.8644884871520385,0.8100295121367919,0.6533286057733885,0.7963654041841292,0.7720102092892661,0.32407625766596637,0.20620774836237496,0.29392986358396544
throughput_3,20,4,mrmr,classic_uniform,bic,5,5,0.8912814700882375,0.04904780508917799,0.5743960123296198,0.05894850756682215,0.6012026744448673,0.06625710654038833,0.5643193097672774,0.06081126289464002,0.39514797428421944,0.10068397903539238,0.9378047406123464,0.01516816575748524,0.699514346195783,0.05153008635189212,0.6995379594255418,0.051602941462585816,0.6994913264466999,0.05145771428023833,0.5323630204935533,0.07950957885956239,0.17300320853784265,0.016954454878714057,0.13309075512338833,0.019877394714890598,0.25,0.0,0.8665559329981776,0.024950255722905698,0.9417699476808119,0.020320108709971536,0.7765342534633135,0.0887835811313797,0.8643378130484208,0.12415474810781386,0.7401446409860556,0.08496552054755462,0.24389046662663208,0.07604299744825238,21,"throughput_2,buffer_size_3,avg_p_latency_3,throughput_1,python_gc_objects_collected_total_3,scrape_duration_seconds_1,avg_p_latency_1,buffer_size_2,avg_p_latency_2,data_quality_1,scrape_duration_seconds_3,python_gc_objects_collected_total_1,scrape_duration_seconds_2,process_open_fds_1,process_cpu_seconds_total_1,rps,data_quality_2,cores_1,python_gc_objects_collected_total_8,process_open_fds_2,throughput_3",,,2.1577417124062777,0.6698124052025378,295.9234544886276,774.4,347.8,0.9233511586452763,3,,,False,30,,0.8128342245989305,0.8859180035650623,0.9233511586452763,0.7137929971713453,0.4914440780738249,0.5521038212834632,0.7699049999186506,0.6950769677606738,0.58754342790967,0.7404105097653484,0.47436977893026544,0.5350888779441415,0.5490578901385037,0.3764034775936636,0.2847339703746604
throughput_3,20,6,mrmr,classic_uniform,bic,5,4,0.7959462097799535,0.025896812900912964,0.4832102239710615,0.0496773549558799,0.5086294542182995,0.03449894820475396,0.4875234125284219,0.06360992591029091,0.6844615486941237,0.029368996367350037,0.8995401609198687,0.024396358334915127,0.6314033173693511,0.052672285330998464,0.6313566509923442,0.05263625898116262,0.6314514406799598,0.05270885429163168,0.38295948590720996,0.10736974738630238,0.09655471708694995,0.026334308316885352,0.0677630040386051,0.023208579641366463,0.175,0.016666666666666677,1.2617870856534898,0.08012128031149407,0.8642228334754074,0.04762803518906564,0.671662698095958,0.0901876834570872,0.7475273122595336,0.1132777545224746,0.6475183232912,0.09412798071018937,0.5287326941501699,0.1329754290573317,21,"throughput_2,buffer_size_3,avg_p_latency_3,throughput_1,python_gc_objects_collected_total_3,scrape_duration_seconds_1,avg_p_latency_1,buffer_size_2,avg_p_latency_2,data_quality_1,scrape_duration_seconds_3,python_gc_objects_collected_total_1,scrape_duration_seconds_2,process_open_fds_1,process_cpu_seconds_total_1,rps,data_quality_2,cores_1,python_gc_objects_collected_total_8,process_open_fds_2,throughput_3",,,1.970727821229957,0.8208039586897939,292.95239870995283,560.0,562.25,0.8333333333333334,2,,,False,30,,0.5614973262032086,0.8324420677361853,0.8333333333333334,0.2558480784632824,0.5630581699674722,0.5026772808694663,0.2420031835904042,0.5923170487563574,0.49673343719981006,0.30831739559708476,0.5479278701399044,0.5310853853286226,2.350254836839005,0.5400299460240054,0.6644520293083648
throughput_3,20,8,mrmr,classic_uniform,bic,5,4,0.8024096710650584,0.04116104191287444,0.340770139594078,0.020932104318358416,0.3765803371674119,0.03620141586380572,0.3380023302880518,0.027616668160921707,0.7143316616443649,0.0943455574055438,0.9080040095047166,0.020740055719812616,0.5091279142198466,0.07261808256013037,0.5091485915089654,0.07260778265561788,0.5091076279496978,0.07262873781907801,0.3272615368498245,0.10297616570153997,0.06079101583756281,0.014632786851207604,0.040907692106228064,0.012872020712692497,0.125,0.0,1.3049833393864703,0.05763149854950935,0.8715789319406901,0.023946377673378663,0.5429209851690687,0.09387888098039107,0.590658686337911,0.07829649787080391,0.5256789268290467,0.10209289285541764,0.5833535882495443,0.10121566815041207,21,"throughput_2,buffer_size_3,avg_p_latency_3,throughput_1,python_gc_objects_collected_total_3,scrape_duration_seconds_1,avg_p_latency_1,buffer_size_2,avg_p_latency_2,data_quality_1,scrape_duration_seconds_3,python_gc_objects_collected_total_1,scrape_duration_seconds_2,process_open_fds_1,process_cpu_seconds_total_1,rps,data_quality_2,cores_1,python_gc_objects_collected_total_8,process_open_fds_2,throughput_3",,,1.8625609515001997,0.6664203143445775,295.8241755021736,557.75,564.5,0.8529411764705882,2,,,False,30,,0.46078431372549017,0.8057040998217468,0.8529411764705882,0.18061823954358322,0.27782469674461224,0.3610413520448322,0.1846715695683928,0.28271385869852234,0.3560289656505764,0.23391679312206748,0.2830977832596704,0.37092247526123123,2.969964365203153,0.7307149614811487,0.6189669839538872
throughput_3,20,10,mrmr,classic_uniform,bic,5,4,0.6845378117247061,0.09869149630121365,0.24472345394654862,0.07752575040312147,0.26011817660504993,0.07122462219547918,0.2590800705948061,0.09070922379692356,1.000105261358503,0.07898778825955068,0.9080014301519199,0.014298974228158253,0.5441359479175799,0.03989966370498657,0.5440519615269153,0.04009255886109339,0.5442218480453581,0.03970412754801173,0.31077451218486263,0.11627432335553456,0.04891121342812631,0.014074423191009643,0.03265449617788416,0.011954894606831136,0.10555555555555554,0.006415002990995836,1.5242114665276876,0.0932182529373921,0.8546631338274766,0.04260717488467519,0.4855522137006202,0.12751822825512624,0.5281484010439663,0.14886220474546064,0.501138601270303,0.12198887582823127,0.6360637235320934,0.1894192679946437,21,"throughput_2,buffer_size_3,avg_p_latency_3,throughput_1,python_gc_objects_collected_total_3,scrape_duration_seconds_1,avg_p_latency_1,buffer_size_2,avg_p_latency_2,data_quality_1,scrape_duration_seconds_3,python_gc_objects_collected_total_1,scrape_duration_seconds_2,process_open_fds_1,process_cpu_seconds_total_1,rps,data_quality_2,cores_1,python_gc_objects_collected_total_8,process_open_fds_2,throughput_3",,,1.838497114018537,0.6349333879770711,292.16486892616376,548.25,574.0,0.7943009795191451,5,,,False,30,,0.4977738201246661,0.7969723953695459,0.7943009795191451,0.18444824181666286,0.33967371919709255,0.34940922216662174,0.21940219075133022,0.3393372674796823,0.3346080546928652,0.1685638087893727,0.3436686414999668,0.3880685928785493,1.4995399641819427,0.7559810313401031,0.9150054091692896
throughput_3,20,2,mrmr,classic_uniform,aic,5,5,0.9682741193295904,0.02029345372864787,0.7571690604890216,0.07364469093472331,0.8392107457920186,0.10708706428827422,0.7183532689306791,0.07262795467060457,0.12942141954981076,0.03410729618439076,0.9814642152497687,0.008032980076580562,0.8745284800606118,0.015280170930052748,0.8745284800606118,0.015280170930052748,0.8745284800606118,0.015280170930052748,0.9613251048010882,0.015651587992000626,0.49011454434285956,0.004084685735689133,0.4806625524005441,0.007825793996000313,0.5,0.0,0.16509488330785121,0.04975210758910931,0.9772051856523103,0.01864391062708287,0.8299351470075349,0.09480267554321538,0.9150092314170021,0.11925583770001807,0.7821943961062102,0.0927248859197929,0.10057646491162713,0.053902769052140795,21,"throughput_2,buffer_size_3,avg_p_latency_3,throughput_1,python_gc_objects_collected_total_3,scrape_duration_seconds_1,avg_p_latency_1,buffer_size_2,avg_p_latency_2,data_quality_1,scrape_duration_seconds_3,python_gc_objects_collected_total_1,scrape_duration_seconds_2,process_open_fds_1,process_cpu_seconds_total_1,rps,data_quality_2,cores_1,python_gc_objects_collected_total_8,process_open_fds_2,throughput_3",,,3.3187917817384003,0.5073569328524172,302.15378291811794,1049.4,72.8,0.9830659536541889,3,,,False,30,,0.9144385026737968,0.9812834224598931,0.9830659536541889,0.9122294654498044,0.49527665317139,0.7639803815196573,0.9079228295819936,0.49195710455764075,0.8598915989159892,0.9214302798373595,0.4986413043478261,0.7097136440202133,0.2285329949479374,0.09743790334831537,0.08745607401890527
throughput_3,20,3,mrmr,classic_uniform,aic,5,5,0.8631174772183625,0.08321618564209103,0.6850163260764076,0.13143328359729137,0.7145632199098036,0.1596989241183449,0.6877553732290308,0.10871604072483795,0.42684690760215815,0.1268878337049309,0.9408317103251889,0.006935310253495855,0.8721575666018826,0.009455766799742776,0.8721585421555386,0.009376860610541746,0.872157977162367,0.009540536343960649,0.6665563497316679,0.02695215561658216,0.2665547123006596,0.006606764081832377,0.22218544991055594,0.008984051872194058,0.3333333333333333,0.0,0.7497565314935168,0.03957369616768475,0.9465792884463641,0.008759121011665373,0.839190646709481,0.07090877447113966,0.8897705883651195,0.08743914491003135,0.8212691938550478,0.07690425023773435,0.2053036035699125,0.03975180961768038,21,"throughput_2,buffer_size_3,avg_p_latency_3,throughput_1,python_gc_objects_collected_total_3,scrape_duration_seconds_1,avg_p_latency_1,buffer_size_2,avg_p_latency_2,data_quality_1,scrape_duration_seconds_3,python_gc_objects_collected_total_1,scrape_duration_seconds_2,process_open_fds_1,process_cpu_seconds_total_1,rps,data_quality_2,cores_1,python_gc_objects_collected_total_8,process_open_fds_2,throughput_3",,,3.1295489211566747,0.7436211087740958,305.61238807300106,888.6,233.6,0.9171122994652406,3,,,False,30,,0.910873440285205,0.8885918003565062,0.9171122994652406,0.8856019906396817,0.5861319324321439,0.7242339399255747,0.8826124089054753,0.5941930618401207,0.7870326968030117,0.8907649329862308,0.5811422786016318,0.6962933787653959,0.3823570894935285,0.35694021805905374,0.39362945861216964
throughput_3,20,4,mrmr,classic_uniform,aic,5,5,0.8369526811777087,0.08423430094004494,0.5299677268615255,0.03656679100993222,0.5328833326256754,0.037771423061505126,0.531000068321371,0.033203989063146054,0.571338504491889,0.23913948278237965,0.9378047406123464,0.01516816575748524,0.699514346195783,0.05153008635189212,0.6995379594255418,0.051602941462585816,0.6994913264466999,0.05145771428023833,0.5323630204935533,0.07950957885956239,0.17300320853784265,0.016954454878714057,0.13309075512338833,0.019877394714890598,0.25,0.0,0.8665559329981776,0.024950255722905698,0.9447975523112658,0.018483755306985407,0.7932530688517522,0.06801580228394778,0.8872297825013258,0.08657871917376603,0.7495493513256549,0.07478736612225508,0.23070501710859795,0.06881630396918503,21,"throughput_2,buffer_size_3,avg_p_latency_3,throughput_1,python_gc_objects_collected_total_3,scrape_duration_seconds_1,avg_p_latency_1,buffer_size_2,avg_p_latency_2,data_quality_1,scrape_duration_seconds_3,python_gc_objects_collected_total_1,scrape_duration_seconds_2,process_open_fds_1,process_cpu_seconds_total_1,rps,data_quality_2,cores_1,python_gc_objects_collected_total_8,process_open_fds_2,throughput_3",,,2.807749857287854,0.9356658147647977,306.2822188367136,764.8,357.4,0.9144385026737968,1,,,False,30,,0.8939393939393939,0.9349376114081996,0.9144385026737968,0.7507162872129237,0.5453708379903686,0.5746678290291748,0.7521964586042622,0.6062280619896139,0.5746111976723521,0.7727737534754269,0.5266100890752702,0.5751939929782104,0.45465187829196074,0.24696665180102254,0.3396221768627679
throughput_3,20,6,mrmr,classic_uniform,aic,5,4,0.6984036187129268,0.13419401321001656,0.42929038989201873,0.10080765996604812,0.4912018387659895,0.04687338227185807,0.43255272296327957,0.09764170080175472,0.9615548701901178,0.3186431190838825,0.8995401609198687,0.024396358334915127,0.6314033173693511,0.052672285330998464,0.6313566509923442,0.05263625898116262,0.6314514406799598,0.05270885429163168,0.38295948590720996,0.10736974738630238,0.09655471708694995,0.026334308316885352,0.0677630040386051,0.023208579641366463,0.175,0.016666666666666677,1.2617870856534898,0.08012128031149407,0.8889344203851528,0.013292079816468027,0.67572849875603,0.08977288972711205,0.7543943013889718,0.12934113795550783,0.6509295362100287,0.07248863645529548,0.4323917194028243,0.07428103718866878,21,"throughput_2,buffer_size_3,avg_p_latency_3,throughput_1,python_gc_objects_collected_total_3,scrape_duration_seconds_1,avg_p_latency_1,buffer_size_2,avg_p_latency_2,data_quality_1,scrape_duration_seconds_3,python_gc_objects_collected_total_1,scrape_duration_seconds_2,process_open_fds_1,process_cpu_seconds_total_1,rps,data_quality_2,cores_1,python_gc_objects_collected_total_8,process_open_fds_2,throughput_3",,,2.7647139109903947,1.0487084975466132,305.4956084578298,550.5,571.75,0.8431372549019608,2,,,False,30,,0.551693404634581,0.8074866310160428,0.8431372549019608,0.25304498097529876,0.5425996753926233,0.5445903496568855,0.24085266750267043,0.5718373318702513,0.5481597104872286,0.30440001667970584,0.5300210621224427,0.5424243025316239,2.534045091382031,0.574649430928928,0.5646644419655149
throughput_3,20,8,mrmr,classic_uniform,aic,5,3,0.8105120134348566,0.010338967685709913,0.36883028195031314,0.025098622336793417,0.3652267794228797,0.028265629027162547,0.38516244352633383,0.02374916674499954,0.767884758127499,0.12219617523612579,0.9067504440455045,0.025215001660285893,0.522385514787002,0.08279791685347777,0.5224130845058271,0.0827777416124975,0.5223584664268036,0.08281842798381567,0.35999696297742495,0.09734725117512567,0.06552411007009824,0.013666184195485941,0.04499962037217812,0.01216840639689071,0.125,0.0,1.295864040818538,0.06695606618796097,0.9032562436027037,0.03553440665629291,0.5980778094302259,0.11915966765969155,0.6297769377535536,0.15950972588095746,0.6083781961597104,0.09333169418500867,0.5035857078280966,0.18871790653826742,21,"throughput_2,buffer_size_3,avg_p_latency_3,throughput_1,python_gc_objects_collected_total_3,scrape_duration_seconds_1,avg_p_latency_1,buffer_size_2,avg_p_latency_2,data_quality_1,scrape_duration_seconds_3,python_gc_objects_collected_total_1,scrape_duration_seconds_2,process_open_fds_1,process_cpu_seconds_total_1,rps,data_quality_2,cores_1,python_gc_objects_collected_total_8,process_open_fds_2,throughput_3",,,2.226324947706113,0.9134876729610065,297.5648058396764,436.0,686.3333333333334,0.8165627782724845,5,,,False,30,,0.609973285841496,0.7978628673196795,0.8165627782724845,0.18681983517574413,0.38799834632514607,0.39653707983201525,0.20363256955212142,0.39212851500497814,0.38794464247095894,0.17877826668945088,0.38849165136019714,0.4080996593791845,1.4992503451618633,0.8218919388151038,0.8369500950343973
throughput_3,20,10,mrmr,classic_uniform,aic,5,3,0.7053492866965184,0.16483076838587182,0.3084741942626002,0.09666360976106193,0.32851875817210396,0.07510380279834751,0.33004433263123995,0.09431617641696884,1.2247068155024132,0.4067871580536323,0.9091237131675035,0.017295487300561886,0.5354460531830072,0.04398737458258687,0.535344414789023,0.044228855884929766,0.5355500523894668,0.0437427294203045,0.2705751665732809,0.10287688312776945,0.04512362703658849,0.014527877277815597,0.02916024326985862,0.011879412328865037,0.1074074074074074,0.006415002990995835,1.533941944957366,0.11165290304433116,0.8596281355334222,0.05586274925856503,0.4519324449640887,0.0379211524741606,0.4932659371158034,0.05300465400176105,0.47305657195941136,0.06807705775926425,0.614268725580467,0.2925527130635802,21,"throughput_2,buffer_size_3,avg_p_latency_3,throughput_1,python_gc_objects_collected_total_3,scrape_duration_seconds_1,avg_p_latency_1,buffer_size_2,avg_p_latency_2,data_quality_1,scrape_duration_seconds_3,python_gc_objects_collected_total_1,scrape_duration_seconds_2,process_open_fds_1,process_cpu_seconds_total_1,rps,data_quality_2,cores_1,python_gc_objects_collected_total_8,process_open_fds_2,throughput_3",,,2.4206848423928022,1.1365695625233154,300.5808804719709,397.6666666666667,724.6666666666666,0.8065953654188949,3,,,False,30,,0.7183600713012478,0.7406417112299465,0.8065953654188949,0.4501827479936715,0.31123970744715085,0.37460510293062654,0.48490965286443044,0.34701355925983185,0.3607691834067683,0.4326199874013869,0.3094564243199638,0.3953193588313127,1.3139268591519169,1.229670245488241,0.9742541644862921
throughput_3,20,2,mrmr,classic_quantile,bic,5,5,0.8521005455529578,0.07845307138790267,0.8330018509635335,0.09141811206398393,0.8463536905952868,0.0773979167299456,0.8302949876390144,0.09604016763411799,0.31864928863977104,0.08796389290186168,0.9615051039439496,0.009907644669638619,0.95756860288466,0.013947998638261171,0.9576261069609678,0.013960280783484892,0.9575117651941841,0.013936392713083686,0.44680961836689664,0.14177892306198198,0.30344556726597544,0.06878354456784515,0.22340480918344832,0.07088946153099099,0.5,0.0,0.6931064040474924,0.00011294491591941711,0.9022440843825162,0.051563179197188634,0.8954770358727728,0.05824102176211616,0.8968360310693848,0.060368753431139226,0.9091285747248076,0.042165749747412044,0.2937110784318136,0.1924481872449108,18,"throughput_2,buffer_size_3,avg_p_latency_3,throughput_1,python_gc_objects_collected_total_3,scrape_duration_seconds_1,avg_p_latency_1,buffer_size_2,avg_p_latency_2,data_quality_1,scrape_duration_seconds_3,python_gc_objects_collected_total_1,scrape_duration_seconds_2,process_cpu_seconds_total_1,data_quality_2,cores_1,python_gc_objects_collected_total_8,throughput_3",,,2.2130548994988204,0.5480766239576041,296.4461001707241,917.8,204.4,0.9099821746880571,1,,,False,30,,0.9732620320855615,0.9251336898395722,0.9099821746880571,0.9730479371983307,0.9235796458885382,0.9077899516255681,0.9733636308278075,0.9198184714294413,0.9034523759923337,0.9727575644091071,0.9322305704867401,0.9195014662756598,0.12138074648157965,0.2249221665183271,0.2640200805084381
throughput_3,20,3,mrmr,classic_quantile,bic,5,5,0.8205329180972154,0.06744358833531341,0.7962535450044924,0.076863794999858,0.8196394491476638,0.0629395700860372,0.8105433556563628,0.03966406592305071,0.5440449906270074,0.1833946111868556,0.9148162786526413,0.02940517186106693,0.9115226560318532,0.028430278954491434,0.9115873485620127,0.02837930046588442,0.9114595572174375,0.028481130897000554,0.2794375582338497,0.14078090686051642,0.1403832720048364,0.0593868065567553,0.09314585274461656,0.046926968953505475,0.3333333333333333,0.0,1.0978579808092266,0.0014899595607213438,0.8995775803880683,0.033046045217767,0.88296405264575,0.04245856677565738,0.9067990731374701,0.03886990946528024,0.8749344584620673,0.05839997767478754,0.2801964074834026,0.05553342488699368,18,"throughput_2,buffer_size_3,avg_p_latency_3,throughput_1,python_gc_objects_collected_total_3,scrape_duration_seconds_1,avg_p_latency_1,buffer_size_2,avg_p_latency_2,data_quality_1,scrape_duration_seconds_3,python_gc_objects_collected_total_1,scrape_duration_seconds_2,process_cpu_seconds_total_1,data_quality_2,cores_1,python_gc_objects_collected_total_8,throughput_3",,,2.185279102344066,0.8306113835424185,302.4264209480025,584.2,538.0,0.8707664884135472,1,,,False,30,,0.9233511586452763,0.8547237076648841,0.8707664884135472,0.9230395667395448,0.8539189511176114,0.8685814988211183,0.9235300103144187,0.8568330483606368,0.8717358606467466,0.9232178902494798,0.863351075741741,0.8758036831858922,0.3095680285575535,0.39899380158864706,0.384085124152699
throughput_3,20,4,mrmr,classic_quantile,bic,5,5,0.6909768683641189,0.10570793847333439,0.6685128095621287,0.11992314874575334,0.6938895171678323,0.11672629089294902,0.707550568319412,0.09766715173951594,0.7884939002629916,0.19903392409670484,0.8994865103816965,0.015241371938631324,0.8971870840460584,0.014473683404433798,0.8972505789326594,0.014371448253225687,0.897126481724191,0.014577509030104787,0.2708829957952581,0.08536073757578705,0.105121826370789,0.027027225722333105,0.06772074894881452,0.021340184393946762,0.25,0.0,1.3851846699207504,0.001759869534867277,0.8525723864965157,0.07599449577607283,0.8402666129347873,0.08703948708777552,0.8740590139729392,0.06317598025033822,0.8293614039751223,0.09390401897931422,0.6030749672391037,0.31110191883052885,18,"throughput_2,buffer_size_3,avg_p_latency_3,throughput_1,python_gc_objects_collected_total_3,scrape_duration_seconds_1,avg_p_latency_1,buffer_size_2,avg_p_latency_2,data_quality_1,scrape_duration_seconds_3,python_gc_objects_collected_total_1,scrape_duration_seconds_2,process_cpu_seconds_total_1,data_quality_2,cores_1,python_gc_objects_collected_total_8,throughput_3",,,2.0223702853545547,0.9877695045433939,305.7225920506753,345.8,776.4,0.8556149732620321,1,,,False,30,,0.9180035650623886,0.8859180035650623,0.8556149732620321,0.9159408922963683,0.8764419576184282,0.8459438912174551,0.9168447371894602,0.8749002819613506,0.846430358107686,0.9165967687083352,0.8830075560017291,0.8535436921885744,0.3400877223352583,0.4296189496350385,0.4870175747519774
throughput_3,20,6,mrmr,classic_quantile,bic,5,5,0.7237656011161852,0.08757147355333318,0.6643458592198552,0.14967760189348284,0.6969036316466304,0.12438536467508088,0.6619158632371689,0.14941621778831995,0.9241979601660129,0.1922422366594172,0.8515476910427411,0.03673486897160901,0.8270324539465326,0.03857925678234514,0.8270892208311029,0.03850118468089746,0.8269787204799102,0.0386562202756353,0.29120385141023136,0.042547559254165146,0.07494935386452178,0.00861471542895186,0.048533975235038565,0.00709125987569419,0.16666666666666666,0.0,1.7430248160416781,0.031966408113369434,0.8294247107550632,0.07979405094385035,0.8017822925899972,0.11688461527930905,0.8379355090122406,0.07236407431131173,0.7912791968553406,0.13497008832265633,0.6531527142187106,0.2105912495316605,20,"throughput_2,buffer_size_3,avg_p_latency_3,throughput_1,python_gc_objects_collected_total_3,scrape_duration_seconds_1,avg_p_latency_1,buffer_size_2,avg_p_latency_2,data_quality_1,scrape_duration_seconds_3,python_gc_objects_collected_total_1,scrape_duration_seconds_2,process_open_fds_1,process_cpu_seconds_total_1,data_quality_2,cores_1,python_gc_objects_collected_total_8,process_open_fds_2,throughput_3",,,1.8517935286276042,1.0245793899521232,305.45417239284143,143.8,978.4,0.7985739750445633,2,,,False,30,,0.5409982174688057,0.6764705882352942,0.7985739750445633,0.39082853954112284,0.6040559721023581,0.779246143579385,0.3674788785826978,0.5718862845748561,0.7914360102263328,0.5565951054867755,0.6515228521216059,0.7792823193755245,1.44626465330195,0.9559424098642745,0.7677202392614338
throughput_3,20,8,mrmr,classic_quantile,bic,5,5,0.6695739544097409,0.08943241586411967,0.5735510171755817,0.11903560309968733,0.5884619681867338,0.12486066122618943,0.5833870398032216,0.10801805924905337,1.1005075342408948,0.1471448643774013,0.8497611916133734,0.02569089918103424,0.8363568407440543,0.026176506528293876,0.8364191037754521,0.02615472194438187,0.8362985782308415,0.02619781607025511,0.29120385141023136,0.042547559254165146,0.06291955198969593,0.010037270624112795,0.04078886188977331,0.007666282720144682,0.1392857142857143,0.007985957062499245,1.917700432837902,0.08800185511408466,0.8306609139854799,0.06959051640861964,0.7576792352825704,0.11995973430008412,0.7803518484051344,0.11589217890661302,0.7523192064533136,0.1243381140801578,0.7715236987371858,0.2902670945574,20,"throughput_2,buffer_size_3,avg_p_latency_3,throughput_1,python_gc_objects_collected_total_3,scrape_duration_seconds_1,avg_p_latency_1,buffer_size_2,avg_p_latency_2,data_quality_1,scrape_duration_seconds_3,python_gc_objects_collected_total_1,scrape_duration_seconds_2,process_open_fds_1,process_cpu_seconds_total_1,data_quality_2,cores_1,python_gc_objects_collected_total_8,process_open_fds_2,throughput_3",,,1.8190970536321402,1.064106165524572,307.5237171240151,62.0,1060.2,0.7540106951871658,1,,,False,30,,0.7655971479500892,0.7905525846702317,0.7540106951871658,0.7778597992490567,0.7811207662194973,0.7435864803499972,0.8029600488651162,0.787374255818035,0.7427312951049816,0.8005296843160519,0.7892076567087636,0.7568293717454804,0.6524225235340226,0.7913381420475195,0.966631031003639
throughput_3,20,10,mrmr,classic_quantile,bic,5,5,0.6159311939784413,0.04394929043907387,0.473463759989431,0.06377623497317408,0.5055895857675043,0.0549045859321645,0.49416624174430035,0.07895409682879502,1.3287849880434277,0.11520550407917202,0.7690244332169847,0.07213575352763434,0.669958906567656,0.09281856450614168,0.6700206753899108,0.09291519899986259,0.6699017211692511,0.092722253708761,0.29120385141023136,0.042547559254165146,0.04914319064219148,0.00738284918922222,0.0318509329849752,0.005709090250576839,0.10888888888888888,0.004969039949999528,2.0999575370835126,0.12027466751558907,0.7922094795650947,0.0916334928795518,0.7221817898113801,0.13205134336302402,0.7830589708477447,0.08286095872524632,0.7068207149560537,0.1473117084261378,0.9493113760397647,0.28960048367794383,20,"throughput_2,buffer_size_3,avg_p_latency_3,throughput_1,python_gc_objects_collected_total_3,scrape_duration_seconds_1,avg_p_latency_1,buffer_size_2,avg_p_latency_2,data_quality_1,scrape_duration_seconds_3,python_gc_objects_collected_total_1,scrape_duration_seconds_2,process_open_fds_1,process_cpu_seconds_total_1,data_quality_2,cores_1,python_gc_objects_collected_total_8,process_open_fds_2,throughput_3",,,1.7972323523834348,1.0143390526995062,303.39550507999957,52.4,1069.8,0.6541889483065954,3,,,False,30,,0.30213903743315507,0.6800356506238859,0.6541889483065954,0.10488861386138613,0.44660164118467427,0.42083698783194406,0.12107142857142857,0.45694680296702006,0.4900745149634763,0.09252183406113537,0.4614115788714039,0.4135936836780441,1.655997630578523,1.1548867805902934,1.1407210759231412
throughput_3,20,2,mrmr,classic_quantile,aic,5,5,0.8531654611168518,0.066401067757007,0.8376812615762332,0.07412001500597869,0.8426158188112733,0.0669436075403465,0.8368991044172633,0.08007753541090849,0.3093935285114524,0.08696132087633933,0.9615051039439496,0.009907644669638619,0.95756860288466,0.013947998638261171,0.9576261069609678,0.013960280783484892,0.9575117651941841,0.013936392713083686,0.44680961836689664,0.14177892306198198,0.30344556726597544,0.06878354456784515,0.22340480918344832,0.07088946153099099,0.5,0.0,0.6931064040474924,0.00011294491591941711,0.9050928023881127,0.045659895379885636,0.8981205931175132,0.05258764060274248,0.8989325817238993,0.05554389610685538,0.910671543309444,0.03778325453923468,0.2756824799867601,0.16404690885594633,18,"throughput_2,buffer_size_3,avg_p_latency_3,throughput_1,python_gc_objects_collected_total_3,scrape_duration_seconds_1,avg_p_latency_1,buffer_size_2,avg_p_latency_2,data_quality_1,scrape_duration_seconds_3,python_gc_objects_collected_total_1,scrape_duration_seconds_2,process_cpu_seconds_total_1,data_quality_2,cores_1,python_gc_objects_collected_total_8,throughput_3",,,2.7393963313661516,0.6727726066485047,303.20417970605195,917.8,204.4,0.9081996434937611,1,,,False,30,,0.9732620320855615,0.9197860962566845,0.9081996434937611,0.9730479371983307,0.9180782710280374,0.9060166243373077,0.9733636308278075,0.9143599364987733,0.9017795087454079,0.9727575644091071,0.9263207911383007,0.9180351906158357,0.11973614263438596,0.20918483610504435,0.2535141765910486
throughput_3,20,3,mrmr,classic_quantile,aic,5,5,0.7959398606038384,0.07029804739406087,0.775372457949059,0.06159225391092065,0.8112962586954813,0.06638003574577131,0.7743090069516179,0.04511336932815361,0.5582651953803903,0.11375838155370648,0.9148162786526413,0.02940517186106693,0.9115226560318532,0.028430278954491434,0.9115873485620127,0.02837930046588442,0.9114595572174375,0.028481130897000554,0.2794375582338497,0.14078090686051642,0.1403832720048364,0.0593868065567553,0.09314585274461656,0.046926968953505475,0.3333333333333333,0.0,1.0978579808092266,0.0014899595607213438,0.8908549164509146,0.03666989293432691,0.868606151329347,0.04449587793069624,0.8968847931264265,0.044335721690688674,0.8630587975605402,0.06048166562797033,0.3302372859950822,0.1349706395798058,18,"throughput_2,buffer_size_3,avg_p_latency_3,throughput_1,python_gc_objects_collected_total_3,scrape_duration_seconds_1,avg_p_latency_1,buffer_size_2,avg_p_latency_2,data_quality_1,scrape_duration_seconds_3,python_gc_objects_collected_total_1,scrape_duration_seconds_2,process_cpu_seconds_total_1,data_quality_2,cores_1,python_gc_objects_collected_total_8,throughput_3",,,3.0385085593909027,1.3164608594030143,316.4861405757256,584.2,538.0,0.8591800356506238,3,,,False,30,,0.8547237076648841,0.9028520499108734,0.8591800356506238,0.8044123583755362,0.8811393443022043,0.8090710707948298,0.7786297092382877,0.8598751603259928,0.855798860332896,0.87428955453149,0.9161856794159577,0.7848286514226931,0.6470543614699031,0.43130685070025504,0.46577257388786864
throughput_3,20,4,mrmr,classic_quantile,aic,5,5,0.7164656358779246,0.09163213420155551,0.6867041380737059,0.10492068300009542,0.6982119449641528,0.09938812234207775,0.7025652430935451,0.10913353907418068,0.7853429795539486,0.17777690550658407,0.8994865103816965,0.015241371938631324,0.8971870840460584,0.014473683404433798,0.8972505789326594,0.014371448253225687,0.897126481724191,0.014577509030104787,0.2708829957952581,0.08536073757578705,0.105121826370789,0.027027225722333105,0.06772074894881452,0.021340184393946762,0.25,0.0,1.3851846699207504,0.001759869534867277,0.8345772476494393,0.05160436240606047,0.8284409829074153,0.06005575960515934,0.853528961375409,0.04198077075777675,0.8305328766771238,0.055561927001922355,0.6290503300987339,0.2613844300583584,18,"throughput_2,buffer_size_3,avg_p_latency_3,throughput_1,python_gc_objects_collected_total_3,scrape_duration_seconds_1,avg_p_latency_1,buffer_size_2,avg_p_latency_2,data_quality_1,scrape_duration_seconds_3,python_gc_objects_collected_total_1,scrape_duration_seconds_2,process_cpu_seconds_total_1,data_quality_2,cores_1,python_gc_objects_collected_total_8,throughput_3",,,3.2358954488299787,1.3156458071433008,318.40297079412267,345.8,776.4,0.8636363636363636,1,,,False,30,,0.8770053475935828,0.8333333333333334,0.8636363636363636,0.8730788182356565,0.8342398297525437,0.8577676203237988,0.8871385956727122,0.8330817604801196,0.8570952178844068,0.8716226986672838,0.8486457864763557,0.863070781261118,0.3860854266137744,0.5201954913548031,0.5121307825154823
throughput_3,20,6,mrmr,classic_quantile,aic,5,5,0.6417609122496243,0.10947854160355085,0.6044043164192652,0.12218780523427042,0.6166425314064482,0.1299273780373452,0.6340258518072199,0.09399268827618101,1.0972483034282878,0.2063951352605587,0.8515476910427411,0.03673486897160901,0.8270324539465326,0.03857925678234514,0.8270892208311029,0.03850118468089746,0.8269787204799102,0.0386562202756353,0.29120385141023136,0.042547559254165146,0.07494935386452178,0.00861471542895186,0.048533975235038565,0.00709125987569419,0.16666666666666666,0.0,1.7430248160416781,0.031966408113369434,0.8146428763828458,0.055477520866441685,0.7846810917765633,0.0893143909527111,0.8241640780158882,0.0490399887632035,0.7834677717031396,0.10074222818329648,0.6282074875863504,0.10452658819762807,20,"throughput_2,buffer_size_3,avg_p_latency_3,throughput_1,python_gc_objects_collected_total_3,scrape_duration_seconds_1,avg_p_latency_1,buffer_size_2,avg_p_latency_2,data_quality_1,scrape_duration_seconds_3,python_gc_objects_collected_total_1,scrape_duration_seconds_2,process_open_fds_1,process_cpu_seconds_total_1,data_quality_2,cores_1,python_gc_objects_collected_total_8,process_open_fds_2,throughput_3",,,3.4325042204931377,1.3366098633036017,324.8819028311409,119.4,1002.8,0.7620320855614974,3,,,False,30,,0.8431372549019608,0.6720142602495544,0.7620320855614974,0.6649436406759996,0.6145412674741727,0.7490965479652602,0.6477784997823283,0.5943055234783773,0.7746639891824901,0.6947088383367518,0.6876653253140793,0.7379125210921295,0.8094735170785434,1.017802392082116,0.8802373537219734
throughput_3,20,8,mrmr,classic_quantile,aic,5,5,0.5500153173873775,0.13368759646474243,0.4653749865563356,0.1392415362909354,0.4893556979609679,0.14291803900755284,0.5011670690494363,0.13027884127932932,1.361716341988767,0.28503818008910337,0.8497611916133734,0.02569089918103424,0.8363568407440543,0.026176506528293876,0.8364191037754521,0.02615472194438187,0.8362985782308415,0.02619781607025511,0.29120385141023136,0.042547559254165146,0.06291955198969593,0.010037270624112795,0.04078886188977331,0.007666282720144682,0.1392857142857143,0.007985957062499245,1.917700432837902,0.08800185511408466,0.819801275814972,0.0670867833371032,0.7596599598103071,0.10469576102382476,0.792412903126265,0.0771175968900116,0.7505184886067217,0.11209241917916839,0.7713874931893581,0.3064371372631014,20,"throughput_2,buffer_size_3,avg_p_latency_3,throughput_1,python_gc_objects_collected_total_3,scrape_duration_seconds_1,avg_p_latency_1,buffer_size_2,avg_p_latency_2,data_quality_1,scrape_duration_seconds_3,python_gc_objects_collected_total_1,scrape_duration_seconds_2,process_open_fds_1,process_cpu_seconds_total_1,data_quality_2,cores_1,python_gc_objects_collected_total_8,process_open_fds_2,throughput_3",,,3.2683763765729963,1.320894727576524,324.0122561012395,62.0,1060.2,0.696969696969697,1,,,False,30,,0.8538324420677362,0.6809269162210339,0.696969696969697,0.8324361038567775,0.6453859140645297,0.6597344657041322,0.8377440260389305,0.7170889907537662,0.6762724766921759,0.8375275646010799,0.6683988117260533,0.6790976229316736,0.6476245042676694,0.9017704780049334,0.9967671458462867
throughput_3,20,10,mrmr,classic_quantile,aic,5,5,0.5587141648531831,0.04970798218194492,0.4189952560781526,0.05657416796623116,0.4559450462348879,0.039201721496754334,0.4495789038291081,0.06347900611558453,1.4597586737239843,0.1416291186011789,0.7690244332169847,0.07213575352763434,0.669958906567656,0.09281856450614168,0.6700206753899108,0.09291519899986259,0.6699017211692511,0.092722253708761,0.29120385141023136,0.042547559254165146,0.04914319064219148,0.00738284918922222,0.0318509329849752,0.005709090250576839,0.10888888888888888,0.004969039949999528,2.0999575370835126,0.12027466751558907,0.7827755471965979,0.0832183923531591,0.7253772276525172,0.1284095359841899,0.7513254447846984,0.10934482258413118,0.7269497988128342,0.1300981755022705,0.8802689933502764,0.25242533050828864,20,"throughput_2,buffer_size_3,avg_p_latency_3,throughput_1,python_gc_objects_collected_total_3,scrape_duration_seconds_1,avg_p_latency_1,buffer_size_2,avg_p_latency_2,data_quality_1,scrape_duration_seconds_3,python_gc_objects_collected_total_1,scrape_duration_seconds_2,process_open_fds_1,process_cpu_seconds_total_1,data_quality_2,cores_1,python_gc_objects_collected_total_8,process_open_fds_2,throughput_3",,,2.8610865976661444,1.422920268587768,320.1260694023222,38.0,1084.2,0.6135351736420303,5,,,False,30,,0.705253784505788,0.5360641139804097,0.6135351736420303,0.29594865497054296,0.37964721744404084,0.4722111464064316,0.33026801602448036,0.41084159820186567,0.48335098361287204,0.27467802491766796,0.42854301625835245,0.49449637083625664,1.0123521743203434,1.3685287734919531,1.348523612967744
throughput_3,20,2,mrmr,kmeans,bic,5,5,0.9707696630016047,0.018097609243724836,0.7761701509163611,0.07522617079007904,0.8361467865644624,0.10705636609137283,0.7417748612665823,0.07248637948781898,0.11997761898955916,0.047123962494030426,0.9818207214886279,0.00801303710486728,0.8734214976413315,0.017374639814205946,0.8734214976413315,0.017374639814205946,0.8734214976413315,0.017374639814205946,0.9625725591782895,0.01457965533338928,0.4904421156910813,0.0037999489372258677,0.48128627958914477,0.00728982766669464,0.5,0.0,0.16108841344603442,0.04705912220103027,0.9796978733248196,0.019124084056351874,0.8501934105865017,0.10629448331364609,0.929233839006508,0.12732065604064416,0.803112252849218,0.10292108008862484,0.09295159637147633,0.061403402319854694,21,"throughput_2,buffer_size_3,avg_p_latency_3,throughput_1,python_gc_objects_collected_total_3,scrape_duration_seconds_1,avg_p_latency_1,buffer_size_2,avg_p_latency_2,data_quality_1,scrape_duration_seconds_3,python_gc_objects_collected_total_1,scrape_duration_seconds_2,process_open_fds_1,process_cpu_seconds_total_1,rps,data_quality_2,cores_1,python_gc_objects_collected_total_8,process_open_fds_2,throughput_3",,,2.686585642583668,0.5436043803580105,299.3770333728753,979.4,142.8,0.9830659536541889,3,,,False,30,,0.9581105169340464,0.983957219251337,0.9830659536541889,0.957978030384528,0.49595687331536387,0.7935482621369565,0.9573069092759894,0.4919786096256685,0.8278837420526793,0.959609636011957,0.5,0.7660373385738349,0.5159197842656149,0.0662183044887412,0.0778037457641663
throughput_3,20,3,mrmr,kmeans,bic,5,5,0.8146658031787151,0.07679958528198423,0.6658919519590845,0.11307971734739718,0.7075611984278625,0.14370757188190897,0.6521918622472921,0.10070755111087912,0.4926576156362986,0.18048254142834888,0.9486727840978535,0.011174929891963102,0.8816544060667898,0.012944780617226773,0.8816910657204164,0.01285437353814961,0.8816185142620597,0.013035388843090813,0.5118678799942222,0.09727538281283896,0.22423701175549038,0.028656531455772377,0.17062262666474073,0.03242512760427965,0.3333333333333333,0.0,0.8376142909955163,0.029487590742458672,0.9471137300634105,0.01494102265681783,0.8609742015408779,0.05811972770987923,0.8962300993315896,0.08511201376357036,0.8458345330932234,0.05172557805267199,0.20197737300204555,0.04448360253196212,21,"throughput_2,buffer_size_3,avg_p_latency_3,throughput_1,python_gc_objects_collected_total_3,scrape_duration_seconds_1,avg_p_latency_1,buffer_size_2,avg_p_latency_2,data_quality_1,scrape_duration_seconds_3,python_gc_objects_collected_total_1,scrape_duration_seconds_2,process_open_fds_1,process_cpu_seconds_total_1,rps,data_quality_2,cores_1,python_gc_objects_collected_total_8,process_open_fds_2,throughput_3",,,2.4830037425272167,0.7555068328976631,301.16628403496,781.8,340.4,0.9117647058823529,1,,,False,30,,0.8912655971479501,0.9206773618538324,0.9117647058823529,0.8134185330816651,0.8159423366867745,0.7834301750211835,0.8129840549127213,0.848672049276888,0.8063297896852667,0.8138596141835439,0.7906926406926407,0.7653071806622945,0.28403165528188873,0.24375257977145548,0.2982537732682412
throughput_3,20,4,mrmr,kmeans,bic,5,5,0.876314557232267,0.046951414084048335,0.6021621288548463,0.05095031722381267,0.6115161217538047,0.05388976934306199,0.5995836477997032,0.05259595710582661,0.3828335262658634,0.10850824276920792,0.9417215473577111,0.012986576123664018,0.7042184652526075,0.04503472007945174,0.7042471797214985,0.045075744544721304,0.7041903434868849,0.04499433637594209,0.5116896268747927,0.09716041007565365,0.16814122653145497,0.021467468889939677,0.12792240671869817,0.024290102518913413,0.25,0.0,0.8767906250433535,0.030192135773252082,0.9376728260284001,0.019047429519244027,0.7781470361493739,0.07601046406818997,0.8385522304513546,0.0743991574788878,0.7711188945743073,0.09022903944885066,0.2499339155028943,0.11087456248225838,21,"throughput_2,buffer_size_3,avg_p_latency_3,throughput_1,python_gc_objects_collected_total_3,scrape_duration_seconds_1,avg_p_latency_1,buffer_size_2,avg_p_latency_2,data_quality_1,scrape_duration_seconds_3,python_gc_objects_collected_total_1,scrape_duration_seconds_2,process_open_fds_1,process_cpu_seconds_total_1,rps,data_quality_2,cores_1,python_gc_objects_collected_total_8,process_open_fds_2,throughput_3",,,2.190481126215309,0.7862347459420562,301.5075293816626,666.0,456.2,0.9429590017825312,3,,,False,30,,0.8502673796791443,0.9046345811051694,0.9429590017825312,0.6415882361976382,0.5555016641885494,0.6558911443365225,0.6771689072893892,0.6058741819977775,0.6856785850871228,0.6514594152859681,0.533499483089647,0.634684185671627,0.5133526830351554,0.3292174238065376,0.2247516296597574
throughput_3,20,6,mrmr,kmeans,bic,5,5,0.8233790950201826,0.025583274621041742,0.48161403319154167,0.025496286665382787,0.5011779582424803,0.04492018637439446,0.4897953062170079,0.03516899339090279,0.6535520945147872,0.0666145017593747,0.9187310219157687,0.010091764446162927,0.6642008490823734,0.01507532665416206,0.6641541381986024,0.01507284893260958,0.6642489917301317,0.015079571524754932,0.358600673330127,0.11566038863997802,0.08653521904577999,0.0212761581733848,0.0597667788883545,0.019276731439996333,0.16666666666666666,0.0,1.2735567944829207,0.057095276259228576,0.8899571559403352,0.0306901028324287,0.6164056733729094,0.10130161267811956,0.6714127534466288,0.08178976263237259,0.6420771247241757,0.12236828420177494,0.5332750386922085,0.11530939553152748,21,"throughput_2,buffer_size_3,avg_p_latency_3,throughput_1,python_gc_objects_collected_total_3,scrape_duration_seconds_1,avg_p_latency_1,buffer_size_2,avg_p_latency_2,data_quality_1,scrape_duration_seconds_3,python_gc_objects_collected_total_1,scrape_duration_seconds_2,process_open_fds_1,process_cpu_seconds_total_1,rps,data_quality_2,cores_1,python_gc_objects_collected_total_8,process_open_fds_2,throughput_3",,,1.9348222913220525,0.8441802224144339,302.73395100189373,459.6,662.6,0.8547237076648841,1,,,False,30,,0.8716577540106952,0.8743315508021391,0.8547237076648841,0.4399745802960437,0.6214336867444058,0.4624802688887982,0.41102169698352053,0.6243294613882849,0.4668294657423599,0.491862062563817,0.6227735483072425,0.46701103489976004,0.3503793927605852,0.47282504060180763,0.5605391508004217
throughput_3,20,8,mrmr,kmeans,bic,5,5,0.8146494540502189,0.007981190964419516,0.37851874985566053,0.05606592365669469,0.3972556036652187,0.04759172878174497,0.3848927647382917,0.06133940484738225,0.7274042476141263,0.059856092612957046,0.9089293225587814,0.015515980528127488,0.5635924055299544,0.08581382596447372,0.5635530623709142,0.08583219531814143,0.5636328724309362,0.08579586500455569,0.32063275889162435,0.08902209248981462,0.06001560179767464,0.012640930467549109,0.04007909486145304,0.011127761561226827,0.125,0.0,1.3970113938141817,0.16434190522553857,0.8814110019235463,0.03291626104229461,0.5973004641165096,0.15145623657679694,0.6509980566810144,0.14337474453622068,0.5892761545558017,0.14351913424351465,0.5722086201458766,0.12182501051663724,21,"throughput_2,buffer_size_3,avg_p_latency_3,throughput_1,python_gc_objects_collected_total_3,scrape_duration_seconds_1,avg_p_latency_1,buffer_size_2,avg_p_latency_2,data_quality_1,scrape_duration_seconds_3,python_gc_objects_collected_total_1,scrape_duration_seconds_2,process_open_fds_1,process_cpu_seconds_total_1,rps,data_quality_2,cores_1,python_gc_objects_collected_total_8,process_open_fds_2,throughput_3",,,1.7981339720077814,0.7739968621172011,299.8103974289261,434.6,687.6,0.8244206773618539,1,,,False,30,,0.9402852049910874,0.8431372549019608,0.8244206773618539,0.5847709216102522,0.4583206952673656,0.44514129766310284,0.5766376460934406,0.4580250119310126,0.44717976454858466,0.5955763186571918,0.47694153443975007,0.4561481579295251,0.31893668536137443,0.5827674856733134,0.7380620343339243
throughput_3,20,10,mrmr,kmeans,bic,5,5,0.733378571213153,0.06064219033771421,0.33770343588111823,0.047232506478339584,0.35770928819695735,0.03604532921010615,0.3471732688615517,0.051916151576041375,0.9957551328614572,0.07469819860277814,0.8895032245878195,0.010482621863332629,0.5620425953246556,0.055402189566873226,0.5620146841356932,0.05541128977597597,0.562071995802208,0.05539311741652251,0.24184567375075988,0.0411021971464149,0.040289648717874306,0.0035431242014632696,0.02507385238200806,0.00302018589662923,0.10444444444444445,0.006085806194501839,1.6722248662373407,0.13973957699043194,0.8260299845038865,0.0695377224342876,0.4558815554727433,0.06329208647285076,0.5004030911311649,0.08419247480360352,0.4617115874004325,0.07075381173913016,0.7480665197822308,0.23877249542151596,21,"throughput_2,buffer_size_3,avg_p_latency_3,throughput_1,python_gc_objects_collected_total_3,scrape_duration_seconds_1,avg_p_latency_1,buffer_size_2,avg_p_latency_2,data_quality_1,scrape_duration_seconds_3,python_gc_objects_collected_total_1,scrape_duration_seconds_2,process_open_fds_1,process_cpu_seconds_total_1,rps,data_quality_2,cores_1,python_gc_objects_collected_total_8,process_open_fds_2,throughput_3",,,1.7117428592406214,0.6750579494982958,295.305385844782,501.2,621.0,0.8235294117647058,1,,,False,30,,0.946524064171123,0.8048128342245989,0.8235294117647058,0.475678078875168,0.33169363826011694,0.42095147990939347,0.47014213511317615,0.332588500543917,0.41608934065831954,0.48177460584108367,0.3377113536028588,0.43395894318042805,0.31348694292649,0.7058571081921149,1.0494997225015914
throughput_3,20,2,mrmr,kmeans,aic,5,5,0.9477772328068278,0.04460490550299575,0.7032626048028459,0.12152640094159527,0.7352575391683309,0.1634993357127887,0.7030432617428686,0.1177771547112058,0.18462149179012552,0.12257213220568507,0.9818207214886279,0.00801303710486728,0.8734214976413315,0.017374639814205946,0.8734214976413315,0.017374639814205946,0.8734214976413315,0.017374639814205946,0.9625725591782895,0.01457965533338928,0.4904421156910813,0.0037999489372258677,0.48128627958914477,0.00728982766669464,0.5,0.0,0.16108841344603442,0.04705912220103027,0.9820131003951668,0.01451575334301693,0.8610581512521188,0.08541441468767828,0.9460513294792143,0.08982417438963279,0.810373074409864,0.09216604093457545,0.08837251608066106,0.052309747848147806,21,"throughput_2,buffer_size_3,avg_p_latency_3,throughput_1,python_gc_objects_collected_total_3,scrape_duration_seconds_1,avg_p_latency_1,buffer_size_2,avg_p_latency_2,data_quality_1,scrape_duration_seconds_3,python_gc_objects_collected_total_1,scrape_duration_seconds_2,process_open_fds_1,process_cpu_seconds_total_1,rps,data_quality_2,cores_1,python_gc_objects_collected_total_8,process_open_fds_2,throughput_3",,,3.547182702459395,0.6901239581406117,308.4942875527777,979.4,142.8,0.9848484848484849,3,,,False,30,,0.9367201426024956,0.9723707664884136,0.9848484848484849,0.9365325459721168,0.4929959331224582,0.8072457177504926,0.9359320934256055,0.49188458070333635,0.8629813427494393,0.9382275364867241,0.4941123188405797,0.766949747332959,0.2305859250857315,0.08154053127987135,0.08274525654953772
throughput_3,20,3,mrmr,kmeans,aic,5,5,0.8358687180854695,0.06568962911797852,0.6518142108225156,0.09019524853399248,0.7016115646330913,0.12476861846646932,0.6423005565177763,0.08053638866866877,0.5297817905010018,0.12105607591621742,0.9486727840978535,0.011174929891963102,0.8816544060667898,0.012944780617226773,0.8816910657204164,0.01285437353814961,0.8816185142620597,0.013035388843090813,0.5118678799942222,0.09727538281283896,0.22423701175549038,0.028656531455772377,0.17062262666474073,0.03242512760427965,0.3333333333333333,0.0,0.8376142909955163,0.029487590742458672,0.9569071785982514,0.020040091106796845,0.9116483954247769,0.03582708970591263,0.9539221504321498,0.010356039360571254,0.8855016615711861,0.05185601119346709,0.1809895739304118,0.08314680936499122,21,"throughput_2,buffer_size_3,avg_p_latency_3,throughput_1,python_gc_objects_collected_total_3,scrape_duration_seconds_1,avg_p_latency_1,buffer_size_2,avg_p_latency_2,data_quality_1,scrape_duration_seconds_3,python_gc_objects_collected_total_1,scrape_duration_seconds_2,process_open_fds_1,process_cpu_seconds_total_1,rps,data_quality_2,cores_1,python_gc_objects_collected_total_8,process_open_fds_2,throughput_3",,,3.485504320077598,1.1336500800214708,314.26182109024376,781.8,340.4,0.9215686274509803,1,,,False,30,,0.8627450980392157,0.9385026737967914,0.9215686274509803,0.8101125660681544,0.8775354249907207,0.7998747521898869,0.7920107299348368,0.8995009746588695,0.8291640304993421,0.8614029430886228,0.8594967532467533,0.777995924711496,0.5431279095164011,0.2819395876691304,0.34670612713082144
throughput_3,20,4,mrmr,kmeans,aic,5,5,0.8654403233000478,0.054799895578638264,0.5529583411813441,0.06149543034444831,0.5845525150845907,0.062333222306643725,0.5436307576830641,0.06767980892737731,0.6080320396408867,0.2565425050561409,0.9417215473577111,0.012986576123664018,0.7042184652526075,0.04503472007945174,0.7042471797214985,0.045075744544721304,0.7041903434868849,0.04499433637594209,0.5116896268747927,0.09716041007565365,0.16814122653145497,0.021467468889939677,0.12792240671869817,0.024290102518913413,0.25,0.0,0.8767906250433535,0.030192135773252082,0.9485370591609282,0.02493348459445865,0.801826602201368,0.06454039715091503,0.8646923591376243,0.08871064063548802,0.7930315101727066,0.06563170623144629,0.20282768296719098,0.08550210710892614,21,"throughput_2,buffer_size_3,avg_p_latency_3,throughput_1,python_gc_objects_collected_total_3,scrape_duration_seconds_1,avg_p_latency_1,buffer_size_2,avg_p_latency_2,data_quality_1,scrape_duration_seconds_3,python_gc_objects_collected_total_1,scrape_duration_seconds_2,process_open_fds_1,process_cpu_seconds_total_1,rps,data_quality_2,cores_1,python_gc_objects_collected_total_8,process_open_fds_2,throughput_3",,,3.3173105504363773,1.1491632306016981,314.2026993278414,656.0,466.2,0.9153297682709447,3,,,False,30,,0.7486631016042781,0.8698752228163993,0.9153297682709447,0.5604725385396598,0.5489647189830991,0.5353569415065318,0.6002576685769493,0.564643626240874,0.5848832410267334,0.5874425725933488,0.5404174666469749,0.516334945337438,0.7007131854273609,0.4193722419147561,0.36981602433240035
throughput_3,20,6,mrmr,kmeans,aic,5,5,0.7809900905233784,0.08357607455675058,0.4676828305193325,0.10324381990656763,0.4824452958660184,0.10542988762827807,0.48930699649278353,0.1095909416706617,0.8354697404965445,0.2552101878657191,0.9187310219157687,0.010091764446162927,0.6642008490823734,0.01507532665416206,0.6641541381986024,0.01507284893260958,0.6642489917301317,0.015079571524754932,0.358600673330127,0.11566038863997802,0.08653521904577999,0.0212761581733848,0.0597667788883545,0.019276731439996333,0.16666666666666666,0.0,1.2735567944829207,0.057095276259228576,0.8910257222804956,0.025850840359302272,0.6155324137566585,0.09193906131582118,0.669570333821137,0.07577797022993735,0.6657957847478835,0.11584001130486833,0.48180174159251055,0.14387377953206412,21,"throughput_2,buffer_size_3,avg_p_latency_3,throughput_1,python_gc_objects_collected_total_3,scrape_duration_seconds_1,avg_p_latency_1,buffer_size_2,avg_p_latency_2,data_quality_1,scrape_duration_seconds_3,python_gc_objects_collected_total_1,scrape_duration_seconds_2,process_open_fds_1,process_cpu_seconds_total_1,rps,data_quality_2,cores_1,python_gc_objects_collected_total_8,process_open_fds_2,throughput_3",,,2.6763334178365765,1.0917758571915328,313.93110147304833,440.0,682.2,0.8556149732620321,1,,,False,30,,0.9349376114081996,0.8556149732620321,0.8556149732620321,0.6031244884154767,0.6269369877368618,0.4926083983550677,0.6047241310552752,0.6237800928267981,0.490662732329399,0.6019061994547167,0.6352914588215501,0.547799509709974,0.612673355898451,0.6505019973046993,0.6215123791415755
throughput_3,20,8,mrmr,kmeans,aic,5,5,0.7756056717190235,0.09238708790423363,0.36406898312600966,0.10305397290662391,0.3706834700368953,0.11464573701251526,0.37816958910750387,0.09736651560576637,0.7570993048216943,0.1642530159080046,0.9089293225587814,0.015515980528127488,0.5635924055299544,0.08581382596447372,0.5635530623709142,0.08583219531814143,0.5636328724309362,0.08579586500455569,0.32063275889162435,0.08902209248981462,0.06001560179767464,0.012640930467549109,0.04007909486145304,0.011127761561226827,0.125,0.0,1.3970113938141817,0.16434190522553857,0.8833656036987859,0.04530944503444496,0.6118268350487587,0.1492546073832738,0.6620138953052579,0.12654563308040445,0.6386960786788045,0.1624974072998473,0.5851081531928873,0.17618145856823017,21,"throughput_2,buffer_size_3,avg_p_latency_3,throughput_1,python_gc_objects_collected_total_3,scrape_duration_seconds_1,avg_p_latency_1,buffer_size_2,avg_p_latency_2,data_quality_1,scrape_duration_seconds_3,python_gc_objects_collected_total_1,scrape_duration_seconds_2,process_open_fds_1,process_cpu_seconds_total_1,rps,data_quality_2,cores_1,python_gc_objects_collected_total_8,process_open_fds_2,throughput_3",,,2.1443602673709394,1.149461387563497,310.0650217179209,345.4,776.8,0.8521816562778273,5,,,False,30,,0.4915405164737311,0.8121104185218165,0.8521816562778273,0.16993742872640974,0.43820498942500397,0.4851944553567053,0.17432413233771324,0.4733127774757633,0.5230966379906625,0.20271392161304425,0.4266951252497158,0.4819299323352414,1.4443254122423694,0.6521824278646534,0.6537722306659868
throughput_3,20,10,mrmr,kmeans,aic,5,5,0.7004012679304701,0.14698322957508114,0.3152957002149934,0.10987006627860889,0.3295938231546793,0.10567314284658738,0.32118333938608223,0.1067730718570088,1.039661966197222,0.2517615023385015,0.8895032245878195,0.010482621863332629,0.5620425953246556,0.055402189566873226,0.5620146841356932,0.05541128977597597,0.562071995802208,0.05539311741652251,0.24184567375075988,0.0411021971464149,0.040289648717874306,0.0035431242014632696,0.02507385238200806,0.00302018589662923,0.10444444444444445,0.006085806194501839,1.6722248662373407,0.13973957699043194,0.8450776865475357,0.06295471134100325,0.5047569199932149,0.09740319505195558,0.5346353074865046,0.1156185232971416,0.5317073377670564,0.09861421009846594,0.7283591639334824,0.29056325648546316,21,"throughput_2,buffer_size_3,avg_p_latency_3,throughput_1,python_gc_objects_collected_total_3,scrape_duration_seconds_1,avg_p_latency_1,buffer_size_2,avg_p_latency_2,data_quality_1,scrape_duration_seconds_3,python_gc_objects_collected_total_1,scrape_duration_seconds_2,process_open_fds_1,process_cpu_seconds_total_1,rps,data_quality_2,cores_1,python_gc_objects_collected_total_8,process_open_fds_2,throughput_3",,,2.205026341881603,1.4957749902270734,313.2646696320735,267.0,855.2,0.8235294117647058,1,,,False,30,,0.946524064171123,0.786096256684492,0.8235294117647058,0.475678078875168,0.33844495204778097,0.4468420208205933,0.47014213511317615,0.34349709542623436,0.4436523225306483,0.48177460584108367,0.34118363454839695,0.4576882835925071,0.31348694292649,0.6824491191099333,0.7646508245846894
