target,K,n_bins,fs,disc,score,accuracy,mean_prob_true,mae,accuracy_t2,mae_t2,naive_dbn_accuracy,naive_dbn_mean_prob,naive_dbn_mae,persistence_accuracy,majority_accuracy,majority_class,n_features_incl_target,features,mb_size,mb_fallback,train_time_sec,eval_time_sec,total_time_sec,cache_hits,cache_size,model_pkl_path,edges_csv_path,exclude_other_throughputs,modeling_granularity_sec,error
throughput_3,3,2.0,markov,classic_uniform,bic,0.9584261321455085,0.9005409448281497,9.98327146745855,,,0.8351893095768375,0.7440674750474306,39.576540460282104,0.9628804751299184,0.8351893095768375,0.0,4.0,"throughput_2,throughput_1,buffer_size_3,throughput_3",10.0,trimmed,0.09076286002527922,0.04825380595866591,9.102092663059011,1343.0,4.0,saved_dbn_models_top5_20260313_192652_seed783122/rank1_dbn_throughput_3_K3_markov_classic_uniform_bic_bins2.pkl,saved_dbn_models_top5_20260313_192652_seed783122/rank1_dbn_throughput_3_K3_markov_classic_uniform_bic_bins2_edges.csv,False,30,
throughput_3,3,3.0,markov,classic_uniform,bic,0.8878990348923533,0.7890845908090074,20.085391404767797,,,0.6993318485523385,0.5641388270230142,62.63314361131733,0.9198218262806236,0.6993318485523385,0.0,4.0,"throughput_2,throughput_1,buffer_size_3,throughput_3",5.0,trimmed,0.09096717997454107,0.05024309200234711,7.42973648395855,1336.0,11.0,saved_dbn_models_top5_20260313_192652_seed783122/rank5_dbn_throughput_3_K3_markov_classic_uniform_bic_bins3.pkl,saved_dbn_models_top5_20260313_192652_seed783122/rank5_dbn_throughput_3_K3_markov_classic_uniform_bic_bins3_edges.csv,False,30,
throughput_3,3,4.0,markov,classic_uniform,bic,0.8285077951002228,0.7282936426001039,23.79940608760208,,,0.4669636228656273,0.38632936016937497,91.6321702548874,0.8960653303637713,0.4669636228656273,0.0,4.0,"throughput_2,throughput_1,buffer_size_3,throughput_3",5.0,trimmed,0.08461737399920821,0.05387217795941979,6.367971763946116,1325.0,22.0,saved_dbn_models_top5_20260313_192652_seed783122/rank5_dbn_throughput_3_K3_markov_classic_uniform_bic_bins4.pkl,saved_dbn_models_top5_20260313_192652_seed783122/rank5_dbn_throughput_3_K3_markov_classic_uniform_bic_bins4_edges.csv,False,30,
throughput_3,3,5.0,markov,classic_uniform,bic,0.8433556050482554,0.739477703124722,19.25345211581292,,,0.4446919079435783,0.33940677500068733,94.76976985894579,0.8975501113585747,0.4446919079435783,0.0,4.0,"throughput_2,buffer_size_3,data_quality_3,throughput_3",4.0,trimmed,0.09612181002739817,0.055630440008826554,6.0839062969898805,1318.0,29.0,saved_dbn_models_top5_20260313_192652_seed783122/rank5_dbn_throughput_3_K3_markov_classic_uniform_bic_bins5.pkl,saved_dbn_models_top5_20260313_192652_seed783122/rank5_dbn_throughput_3_K3_markov_classic_uniform_bic_bins5_edges.csv,False,30,
throughput_3,3,6.0,markov,classic_uniform,bic,0.696362286562732,0.6052191947582932,36.0110863647612,,,0.2969561989606533,0.27455552805961125,104.94319887816549,0.8485523385300668,0.2969561989606533,0.0,4.0,"throughput_2,throughput_1,data_quality_1,throughput_3",4.0,trimmed,0.08321586297824979,0.060713598039001226,5.639515193994157,1276.0,71.0,saved_dbn_models_top5_20260313_192652_seed783122/rank5_dbn_throughput_3_K3_markov_classic_uniform_bic_bins6.pkl,saved_dbn_models_top5_20260313_192652_seed783122/rank5_dbn_throughput_3_K3_markov_classic_uniform_bic_bins6_edges.csv,False,30,
throughput_3,3,8.0,markov,classic_uniform,bic,0.6481069042316259,0.5473836471143181,39.175426874536,,,0.25315515961395696,0.2102098971651681,116.10009898539964,0.8418708240534521,0.25315515961395696,0.0,4.0,"cores_1,throughput_2,data_quality_1,throughput_3",3.0,none,0.08241701894439757,0.057628687005490065,5.262258717906661,1304.0,43.0,,,False,30,
throughput_3,3,2.0,markov,classic_uniform,aic,0.9524870081662955,0.816008755684444,11.409453105666914,,,0.8351893095768375,0.7440674750474306,39.576540460282104,0.9628804751299184,0.8351893095768375,0.0,4.0,"throughput_2,buffer_size_3,data_quality_1,throughput_3",5.0,trimmed,0.1115299400407821,0.049946295912377536,15.180003116023727,1343.0,4.0,saved_dbn_models_top5_20260313_192652_seed783122/rank4_dbn_throughput_3_K3_markov_classic_uniform_aic_bins2.pkl,saved_dbn_models_top5_20260313_192652_seed783122/rank4_dbn_throughput_3_K3_markov_classic_uniform_aic_bins2_edges.csv,False,30,
throughput_3,3,3.0,markov,classic_uniform,aic,0.6696362286562731,0.5440178146225964,56.33417470923039,,,0.6993318485523385,0.5641388270230142,62.63314361131733,0.9198218262806236,0.6993318485523385,0.0,4.0,"throughput_2,throughput_1,buffer_size_3,throughput_3",7.0,trimmed,0.10521075804717839,0.05157568003050983,9.398150590946898,1336.0,11.0,,,False,30,
throughput_3,3,4.0,markov,classic_uniform,aic,0.5018559762435041,0.451506603276799,72.73526354862658,,,0.4669636228656273,0.38632936016937497,91.6321702548874,0.8960653303637713,0.4669636228656273,0.0,4.0,"throughput_2,throughput_1,buffer_size_3,throughput_3",7.0,trimmed,0.10222384601365775,0.053751044906675816,8.047230305033736,1325.0,22.0,,,False,30,
throughput_3,3,5.0,markov,classic_uniform,aic,0.8069784706755754,0.695095129799573,24.387706013363026,,,0.4446919079435783,0.33940677500068733,94.76976985894579,0.8975501113585747,0.4446919079435783,0.0,4.0,"throughput_2,buffer_size_3,process_cpu_seconds_total_1,throughput_3",7.0,trimmed,0.10511512809898704,0.05550010793376714,6.830625950009562,1312.0,35.0,,,False,30,
throughput_3,3,6.0,markov,classic_uniform,aic,0.7698589458054937,0.6433037024701403,27.572845005361703,,,0.2969561989606533,0.27455552805961125,104.94319887816549,0.8485523385300668,0.2969561989606533,0.0,4.0,"throughput_2,buffer_size_3,python_gc_collections_total_8,throughput_3",6.0,trimmed,0.11786047008354217,0.0560943289892748,6.775621088920161,1298.0,49.0,,,False,30,
throughput_3,3,8.0,markov,classic_uniform,aic,0.6896807720861173,0.574220422814353,33.06958673595645,,,0.25315515961395696,0.2102098971651681,116.10009898539964,0.8418708240534521,0.25315515961395696,0.0,4.0,"throughput_2,throughput_1,buffer_size_3,throughput_3",7.0,trimmed,0.11026937398128211,0.059359433013014495,6.336478558019735,1270.0,77.0,,,False,30,
throughput_3,3,2.0,markov,classic_quantile,bic,0.8054936896807721,0.7376535740464156,46.70744865132393,,,0.43875278396436523,0.5,134.7741648106904,0.9547141796585004,0.5612472160356348,1.0,4.0,"throughput_2,buffer_size_3,data_quality_1,throughput_3",8.0,trimmed,0.09338931902311742,0.05204032000619918,10.533279643044807,1339.0,8.0,,,False,30,
throughput_3,3,3.0,markov,classic_quantile,bic,0.8374164810690423,0.7371093178827088,25.253695454920404,,,0.3838158871566444,0.33338282603316005,101.79754598696694,0.9034892353377877,0.3838158871566444,1.0,4.0,"throughput_2,buffer_size_3,avg_p_latency_1,throughput_3",7.0,trimmed,0.09796316898427904,0.05364180007018149,7.81156069599092,1328.0,19.0,saved_dbn_models_top5_20260313_192652_seed783122/rank5_dbn_throughput_3_K3_markov_classic_quantile_bic_bins3.pkl,saved_dbn_models_top5_20260313_192652_seed783122/rank5_dbn_throughput_3_K3_markov_classic_quantile_bic_bins3_edges.csv,False,30,
throughput_3,3,4.0,markov,classic_quantile,bic,0.7661469933184856,0.6204059296554522,29.09732120762188,,,0.12694877505567928,0.24998178393686932,131.78745360059392,0.9079435783221975,0.12694877505567928,0.0,4.0,"throughput_2,buffer_size_3,data_quality_1,throughput_3",6.0,trimmed,0.10252922505605966,0.055620862054638565,7.168063999968581,1312.0,35.0,,,False,30,
throughput_3,3,5.0,markov,classic_quantile,bic,0.7386785449146251,0.6171291106997145,31.280215293244243,,,0.14996288047512993,0.20002942066045257,117.27908933432317,0.8626577579806979,0.14996288047512993,1.0,4.0,"throughput_2,buffer_size_3,avg_p_latency_1,throughput_3",6.0,trimmed,0.10890941706020385,0.05605881195515394,6.564587513101287,1287.0,60.0,,,False,30,
throughput_3,3,6.0,markov,classic_quantile,bic,0.7572383073496659,0.5633892663689126,21.4564670461107,,,0.19970304380103934,0.1666703786191537,201.82587230883442,0.8596881959910914,0.19970304380103934,5.0,4.0,"throughput_2,buffer_size_3,data_quality_1,throughput_3",6.0,trimmed,0.1000051440205425,0.06035930197685957,6.373823538888246,1274.0,73.0,,,False,30,
throughput_3,3,8.0,markov,classic_quantile,bic,0.6599851521900519,0.4944107583795984,28.64598799802029,,,0.15293244246473645,0.12515339299953257,91.66214736451374,0.8433556050482554,0.15293244246473645,5.0,4.0,"throughput_2,buffer_size_3,data_quality_1,throughput_3",4.0,trimmed,0.07294432492926717,0.0718397389864549,6.153588611050509,1220.0,127.0,,,False,30,
throughput_3,3,2.0,markov,classic_quantile,aic,0.8544914625092799,0.7654911399283473,34.94145013610492,,,0.43875278396436523,0.5,134.7741648106904,0.9547141796585004,0.5612472160356348,1.0,4.0,"throughput_2,buffer_size_3,python_gc_objects_collected_total_4,throughput_3",12.0,trimmed,0.09825105895288289,0.05060719302855432,16.297047763946466,1339.0,8.0,saved_dbn_models_top5_20260313_192652_seed783122/rank5_dbn_throughput_3_K3_markov_classic_quantile_aic_bins2.pkl,saved_dbn_models_top5_20260313_192652_seed783122/rank5_dbn_throughput_3_K3_markov_classic_quantile_aic_bins2_edges.csv,False,30,
throughput_3,3,3.0,markov,classic_quantile,aic,0.8255382331106161,0.732117609581414,28.406908356017496,,,0.3838158871566444,0.33338282603316005,101.79754598696694,0.9034892353377877,0.3838158871566444,1.0,4.0,"throughput_2,buffer_size_3,avg_p_latency_1,throughput_3",12.0,trimmed,0.11661294905934483,0.0509792409138754,9.989053403027356,1328.0,19.0,,,False,30,
throughput_3,3,4.0,markov,classic_quantile,aic,0.7364513734224202,0.6321296919105014,35.87670131155655,,,0.12694877505567928,0.24998178393686932,131.78745360059392,0.9079435783221975,0.12694877505567928,0.0,4.0,"throughput_2,buffer_size_3,data_quality_1,throughput_3",8.0,trimmed,0.15951592894271016,0.0565984119893983,8.107223541941494,1312.0,35.0,,,False,30,
throughput_3,3,5.0,markov,classic_quantile,aic,0.7698589458054937,0.6263914199972798,25.112521653056174,,,0.14996288047512993,0.20002942066045257,117.27908933432317,0.8626577579806979,0.14996288047512993,1.0,4.0,"throughput_2,buffer_size_3,avg_p_latency_1,throughput_3",7.0,trimmed,0.09614780894480646,0.05931142205372453,7.236786872963421,1287.0,60.0,,,False,30,
throughput_3,3,6.0,markov,classic_quantile,aic,0.28878990348923533,0.2516570180121497,72.6526437350491,,,0.19970304380103934,0.1666703786191537,201.82587230883442,0.8596881959910914,0.19970304380103934,5.0,4.0,"throughput_2,buffer_size_3,avg_p_latency_1,throughput_3",7.0,trimmed,0.11355149396695197,0.061967329937033355,6.802927889046259,1267.0,80.0,,,False,30,
throughput_3,3,8.0,markov,classic_quantile,aic,0.6221232368225686,0.42601486012909956,36.43466344964118,,,0.15293244246473645,0.12515339299953257,91.66214736451374,0.8433556050482554,0.15293244246473645,5.0,4.0,"throughput_2,throughput_1,buffer_size_3,throughput_3",7.0,trimmed,0.13226460001897067,0.0674942759796977,6.119455093983561,1245.0,102.0,,,False,30,
throughput_3,3,2.0,markov,kmeans,bic,0.9168522642910171,0.8350785489917323,19.966542934917097,,,0.7453600593912398,0.6481247765954522,61.14753773818362,0.9510022271714922,0.7453600593912398,0.0,4.0,"throughput_2,buffer_size_3,data_quality_2,throughput_3",6.0,trimmed,0.09096599696204066,0.051602886989712715,9.638198727043346,1339.0,8.0,saved_dbn_models_top5_20260313_192652_seed783122/rank5_dbn_throughput_3_K3_markov_kmeans_bic_bins2.pkl,saved_dbn_models_top5_20260313_192652_seed783122/rank5_dbn_throughput_3_K3_markov_kmeans_bic_bins2_edges.csv,False,30,
throughput_3,3,3.0,markov,kmeans,bic,0.680029695619896,0.5366946577566287,47.49613301460849,,,0.44988864142538976,0.39978250708020563,99.84776367013497,0.9265033407572383,0.44988864142538976,0.0,4.0,"throughput_2,throughput_1,buffer_size_3,throughput_3",7.0,trimmed,0.08079805003944784,0.05479367100633681,7.973725487012416,1328.0,19.0,,,False,30,
throughput_3,3,4.0,markov,kmeans,bic,0.8322197475872308,0.7318118747648378,27.7353063144953,,,0.44766146993318484,0.3743557012840606,94.73243681950947,0.9161098737936154,0.44766146993318484,0.0,4.0,"throughput_2,throughput_1,buffer_size_3,throughput_3",6.0,trimmed,0.08821193198673427,0.05343943799380213,7.116649258998223,1320.0,27.0,,,False,30,
throughput_3,3,5.0,markov,kmeans,bic,0.8270230141054195,0.6871904571861703,20.902212466449274,,,0.2858203414996288,0.2754892903296764,107.99846471377408,0.8804751299183371,0.2858203414996288,0.0,4.0,"throughput_2,buffer_size_3,data_quality_1,throughput_3",5.0,trimmed,0.08160634990781546,0.05726373894140124,6.274707658099942,1301.0,46.0,,,False,30,
throughput_3,3,6.0,markov,kmeans,bic,0.43801039346696363,0.32681989667240385,81.93954434518628,,,0.25092798812175204,0.217594517308697,117.70653090533958,0.8775055679287305,0.25092798812175204,0.0,4.0,"throughput_2,buffer_size_3,throughput_1,throughput_3",2.0,padded,0.09731353400275111,0.06056361098308116,5.823018384049647,1290.0,57.0,,,False,30,
throughput_3,3,8.0,markov,kmeans,bic,0.6117297698589458,0.536222485432734,41.32168903712732,,,0.25092798812175204,0.2048649605433199,114.85640908517944,0.8678544914625093,0.25092798812175204,0.0,4.0,"throughput_2,data_quality_1,throughput_1,throughput_3",2.0,padded,0.08647890202701092,0.0692792619811371,5.70257787394803,1233.0,114.0,,,False,30,
throughput_3,3,2.0,markov,kmeans,aic,0.9101707498144024,0.833938028620856,21.570997277901512,,,0.7453600593912398,0.6481247765954522,61.14753773818362,0.9510022271714922,0.7453600593912398,0.0,4.0,"throughput_2,buffer_size_3,avg_p_latency_1,throughput_3",10.0,trimmed,0.10141730704344809,0.04950659500900656,16.854441274888813,1340.0,7.0,saved_dbn_models_top5_20260313_192652_seed783122/rank5_dbn_throughput_3_K3_markov_kmeans_aic_bins2.pkl,saved_dbn_models_top5_20260313_192652_seed783122/rank5_dbn_throughput_3_K3_markov_kmeans_aic_bins2_edges.csv,False,30,
throughput_3,3,3.0,markov,kmeans,aic,0.8485523385300668,0.7560057384699622,25.931856328935503,,,0.44988864142538976,0.39978250708020563,99.84776367013497,0.9265033407572383,0.44988864142538976,0.0,4.0,"throughput_2,throughput_1,buffer_size_3,throughput_3",12.0,trimmed,0.11254512309096754,0.05303688207641244,10.292651330004446,1328.0,19.0,,,False,30,
throughput_3,3,4.0,markov,kmeans,aic,0.7676317743132888,0.5179740730865862,34.901160367955704,,,0.44766146993318484,0.3743557012840606,94.73243681950947,0.9161098737936154,0.44766146993318484,0.0,4.0,"throughput_2,buffer_size_3,data_quality_1,throughput_3",5.0,trimmed,0.12501179601531476,0.05475114600267261,7.838104187045246,1319.0,28.0,,,False,30,
throughput_3,3,5.0,markov,kmeans,aic,0.7809948032665182,0.6848301229183444,25.099893814302394,,,0.2858203414996288,0.2754892903296764,107.99846471377408,0.8804751299183371,0.2858203414996288,0.0,4.0,"throughput_2,buffer_size_3,python_gc_objects_collected_total_4,throughput_3",8.0,trimmed,0.10967185895424336,0.054722314001992345,6.841010975069366,1295.0,52.0,,,False,30,
throughput_3,3,6.0,markov,kmeans,aic,0.7646622123236823,0.6653556783560092,25.144005604691735,,,0.25092798812175204,0.21759451730869697,117.70653090533958,0.8775055679287305,0.25092798812175204,0.0,4.0,"throughput_2,buffer_size_3,scrape_duration_seconds_2,throughput_3",4.0,trimmed,0.11013777693733573,0.06199267797637731,6.68624313804321,1285.0,62.0,,,False,30,
throughput_3,3,8.0,markov,kmeans,aic,0.7074981440237565,0.5858065568667451,42.5104517285917,,,0.25092798812175204,0.20486496054331985,114.85640908517944,0.8678544914625093,0.25092798812175204,0.0,4.0,"throughput_2,buffer_size_3,throughput_1,throughput_3",2.0,padded,0.11446373991202563,0.06177791103255004,5.931850545108318,1270.0,77.0,,,False,30,
throughput_3,3,,markov,dbscan,bic,0.3771343726800297,0.2805736348510686,28.22255519326627,,,0.09502598366740905,0.04152576612596704,104.42724471089282,0.5419450631031922,0.09502598366740905,9.0,4.0,"throughput_2,throughput_1,buffer_size_3,throughput_3",10.0,trimmed,0.09385758894495666,0.08253694197628647,9.25419093191158,1049.0,298.0,,,False,30,
throughput_3,3,,markov,dbscan,aic,0.17668893838158872,0.04772879261364822,90.7020925273662,,,0.09502598366740905,0.04152576612596704,104.42724471089282,0.5419450631031922,0.09502598366740905,9.0,4.0,"throughput_2,buffer_size_3,data_quality_1,throughput_3",5.0,trimmed,0.26181376504246145,0.15026028093416244,15.04388811707031,830.0,517.0,,,False,30,
throughput_3,3,2.0,mrmr,classic_uniform,bic,0.9584261321455085,0.9005409448281497,9.98327146745855,,,0.8351893095768375,0.7440674750474306,39.576540460282104,0.9628804751299184,0.8351893095768375,0.0,4.0,"throughput_2,buffer_size_3,throughput_1,throughput_3",,,0.09124699607491493,0.0484708909643814,2.2531115469755605,1343.0,4.0,saved_dbn_models_top5_20260313_192652_seed783122/rank3_dbn_throughput_3_K3_mrmr_classic_uniform_bic_bins2.pkl,saved_dbn_models_top5_20260313_192652_seed783122/rank3_dbn_throughput_3_K3_mrmr_classic_uniform_bic_bins2_edges.csv,False,30,
throughput_3,3,3.0,mrmr,classic_uniform,bic,0.8878990348923533,0.7890845908090074,20.085391404767797,,,0.6993318485523385,0.5641388270230142,62.63314361131733,0.9198218262806236,0.6993318485523385,0.0,4.0,"throughput_2,buffer_size_3,throughput_1,throughput_3",,,0.09333584900014102,0.049863652093335986,2.2551830440061167,1336.0,11.0,,,False,30,
throughput_3,3,4.0,mrmr,classic_uniform,bic,0.8285077951002228,0.7282936426001039,23.79940608760208,,,0.4669636228656273,0.38632936016937497,91.6321702548874,0.8960653303637713,0.4669636228656273,0.0,4.0,"throughput_2,buffer_size_3,throughput_1,throughput_3",,,0.09843630192335695,0.053594194003380835,2.265286453999579,1325.0,22.0,,,False,30,
throughput_3,3,5.0,mrmr,classic_uniform,bic,0.8017817371937639,0.6780935979517464,24.672942341004706,,,0.4446919079435783,0.33940677500068733,94.76976985894579,0.8975501113585747,0.4446919079435783,0.0,4.0,"throughput_2,buffer_size_3,throughput_1,throughput_3",,,0.09186091204173863,0.05664257798343897,2.2681570979766548,1313.0,34.0,,,False,30,
throughput_3,3,6.0,mrmr,classic_uniform,bic,0.7631774313288789,0.6371281687335585,24.898754433721024,,,0.2969561989606533,0.27455552805961125,104.94319887816549,0.8485523385300668,0.2969561989606533,0.0,4.0,"throughput_2,buffer_size_3,throughput_1,throughput_3",,,0.08686748205218464,0.054800971993245184,2.278951048036106,1298.0,49.0,,,False,30,
throughput_3,3,8.0,mrmr,classic_uniform,bic,0.7520415738678545,0.5876989771002211,24.73533778767632,,,0.25315515961395696,0.2102098971651681,116.10009898539964,0.8418708240534521,0.25315515961395696,0.0,4.0,"throughput_2,buffer_size_3,throughput_1,throughput_3",,,0.08620425302069634,0.06081910210195929,2.2544288700446486,1270.0,77.0,,,False,30,
throughput_3,3,2.0,mrmr,classic_uniform,aic,0.9517446176688938,0.8644665322911292,11.58772581044296,,,0.8351893095768375,0.7440674750474306,39.576540460282104,0.9628804751299184,0.8351893095768375,0.0,4.0,"throughput_2,buffer_size_3,throughput_1,throughput_3",,,0.1018663669237867,0.05032560194376856,2.2178365300642326,1343.0,4.0,saved_dbn_models_top5_20260313_192652_seed783122/rank5_dbn_throughput_3_K3_mrmr_classic_uniform_aic_bins2.pkl,saved_dbn_models_top5_20260313_192652_seed783122/rank5_dbn_throughput_3_K3_mrmr_classic_uniform_aic_bins2_edges.csv,False,30,
throughput_3,3,3.0,mrmr,classic_uniform,aic,0.6696362286562731,0.5440178146225964,56.33417470923039,,,0.6993318485523385,0.5641388270230142,62.63314361131733,0.9198218262806236,0.6993318485523385,0.0,4.0,"throughput_2,buffer_size_3,throughput_1,throughput_3",,,0.10353819793090224,0.05150058900471777,2.195558806997724,1336.0,11.0,,,False,30,
throughput_3,3,4.0,mrmr,classic_uniform,aic,0.5018559762435041,0.451506603276799,72.73526354862658,,,0.4669636228656273,0.38632936016937497,91.6321702548874,0.8960653303637713,0.4669636228656273,0.0,4.0,"throughput_2,buffer_size_3,throughput_1,throughput_3",,,0.11310318997129798,0.0529845179989934,2.228792162030004,1325.0,22.0,,,False,30,
throughput_3,3,5.0,mrmr,classic_uniform,aic,0.8069784706755754,0.6962314459369928,24.387706013363026,,,0.4446919079435783,0.33940677500068733,94.76976985894579,0.8975501113585747,0.4446919079435783,0.0,4.0,"throughput_2,buffer_size_3,throughput_1,throughput_3",,,0.11504682898521423,0.054940107045695186,2.2841017739847302,1313.0,34.0,,,False,30,
throughput_3,3,6.0,mrmr,classic_uniform,aic,0.40311804008908686,0.3603780244840225,73.5077786026561,,,0.2969561989606533,0.27455552805961125,104.94319887816549,0.8485523385300668,0.2969561989606533,0.0,4.0,"throughput_2,buffer_size_3,throughput_1,throughput_3",,,0.12648168299347162,0.05848642601631582,2.306714416015893,1298.0,49.0,,,False,30,
throughput_3,3,8.0,mrmr,classic_uniform,aic,0.6896807720861173,0.574220422814353,33.06958673595645,,,0.25315515961395696,0.2102098971651681,116.10009898539964,0.8418708240534521,0.25315515961395696,0.0,4.0,"throughput_2,buffer_size_3,throughput_1,throughput_3",,,0.12252530304249376,0.05843552993610501,2.307236674008891,1270.0,77.0,,,False,30,
throughput_3,3,2.0,mrmr,classic_quantile,bic,0.7876763177431328,0.7041658889396528,50.98599356594901,,,0.43875278396436523,0.5,134.7741648106904,0.9547141796585004,0.5612472160356348,1.0,4.0,"throughput_2,buffer_size_3,throughput_1,throughput_3",,,0.0959264129633084,0.050247603096067905,2.263400304946117,1340.0,7.0,,,False,30,
throughput_3,3,3.0,mrmr,classic_quantile,bic,0.8374164810690423,0.7303695860305603,25.253695454920404,,,0.3838158871566444,0.33338282603316005,101.79754598696694,0.9034892353377877,0.3838158871566444,1.0,4.0,"throughput_2,buffer_size_3,throughput_1,throughput_3",,,0.09949975600466132,0.0512449259404093,2.217295676935464,1332.0,15.0,,,False,30,
throughput_3,3,4.0,mrmr,classic_quantile,bic,0.48997772828507796,0.3957162142043983,86.6155159613957,,,0.12694877505567928,0.24998178393686932,131.78745360059392,0.9079435783221975,0.12694877505567928,0.0,4.0,"throughput_2,buffer_size_3,throughput_1,throughput_3",,,0.09728043898940086,0.053793521015904844,2.221574041992426,1319.0,28.0,,,False,30,
throughput_3,3,5.0,mrmr,classic_quantile,bic,0.7149220489977728,0.6060286851419666,35.5742266765652,,,0.14996288047512993,0.20002942066045257,117.27908933432317,0.8626577579806979,0.14996288047512993,1.0,4.0,"throughput_2,buffer_size_3,throughput_1,throughput_3",,,0.10439798701554537,0.056440884014591575,2.2327109980396926,1301.0,46.0,,,False,30,
throughput_3,3,6.0,mrmr,classic_quantile,bic,0.7728285077951003,0.5725601738864912,20.522304710055266,,,0.19970304380103934,0.1666703786191537,201.82587230883442,0.8596881959910914,0.19970304380103934,5.0,4.0,"throughput_2,buffer_size_3,throughput_1,throughput_3",,,0.101276850909926,0.05835497099906206,2.2269872220931575,1284.0,63.0,,,False,30,
throughput_3,3,8.0,mrmr,classic_quantile,bic,0.7023014105419451,0.528183219813314,25.002932442464733,,,0.15293244246473645,0.12515339299953257,91.66214736451374,0.8433556050482554,0.15293244246473645,5.0,4.0,"throughput_2,buffer_size_3,throughput_1,throughput_3",,,0.08755029598250985,0.06390839896630496,2.287681992049329,1245.0,102.0,,,False,30,
throughput_3,3,2.0,mrmr,classic_quantile,aic,0.6347438752783965,0.5959015425407452,87.71017074981438,,,0.43875278396436523,0.5,134.7741648106904,0.9547141796585004,0.5612472160356348,1.0,4.0,"throughput_2,buffer_size_3,throughput_1,throughput_3",,,0.10841240000445396,0.049126681056804955,2.274650844046846,1340.0,7.0,,,False,30,
throughput_3,3,3.0,mrmr,classic_quantile,aic,0.8374164810690423,0.7271703580424937,25.253695454920404,,,0.3838158871566444,0.33338282603316005,101.79754598696694,0.9034892353377877,0.3838158871566444,1.0,4.0,"throughput_2,buffer_size_3,throughput_1,throughput_3",,,0.12203081091865897,0.05087475199252367,2.2736695249332115,1332.0,15.0,,,False,30,
throughput_3,3,4.0,mrmr,classic_quantile,aic,0.48997772828507796,0.3957162142043983,86.6155159613957,,,0.12694877505567928,0.24998178393686932,131.78745360059392,0.9079435783221975,0.12694877505567928,0.0,4.0,"throughput_2,buffer_size_3,throughput_1,throughput_3",,,0.14155845798086375,0.05385598505381495,2.2768774480791762,1319.0,28.0,,,False,30,
throughput_3,3,5.0,mrmr,classic_quantile,aic,0.7654046028210839,0.6460832435555649,25.22751794110368,,,0.14996288047512993,0.20002942066045257,117.27908933432317,0.8626577579806979,0.14996288047512993,1.0,4.0,"throughput_2,buffer_size_3,throughput_1,throughput_3",,,0.10375653498340398,0.056478325044736266,2.2342060649534687,1301.0,46.0,,,False,30,
throughput_3,3,6.0,mrmr,classic_quantile,aic,0.7074981440237565,0.5895006369421196,26.128932607440408,,,0.19970304380103934,0.1666703786191537,201.82587230883442,0.8596881959910914,0.19970304380103934,5.0,4.0,"throughput_2,buffer_size_3,throughput_1,throughput_3",,,0.12548703397624195,0.05758564709685743,2.270023345015943,1284.0,63.0,,,False,30,
throughput_3,3,8.0,mrmr,classic_quantile,aic,0.6221232368225686,0.42601486012909956,36.43466344964118,,,0.15293244246473645,0.12515339299953257,91.66214736451374,0.8433556050482554,0.15293244246473645,5.0,4.0,"throughput_2,buffer_size_3,throughput_1,throughput_3",,,0.14368926302995533,0.09459955804049969,2.3355701870750636,1245.0,102.0,,,False,30,
throughput_3,3,2.0,mrmr,kmeans,bic,0.9064587973273942,0.7946958558936237,22.462360801781738,,,0.7453600593912398,0.6481247765954522,61.14753773818362,0.9510022271714922,0.7453600593912398,0.0,4.0,"throughput_2,buffer_size_3,throughput_1,throughput_3",,,0.09559214406181127,0.051848331931978464,2.300201295991428,1340.0,7.0,,,False,30,
throughput_3,3,3.0,mrmr,kmeans,bic,0.680029695619896,0.5366946577566287,47.49613301460849,,,0.44988864142538976,0.39978250708020563,99.84776367013497,0.9265033407572383,0.44988864142538976,0.0,4.0,"throughput_2,buffer_size_3,throughput_1,throughput_3",,,0.09474165306892246,0.053148517035879195,2.274657107074745,1328.0,19.0,,,False,30,
throughput_3,3,4.0,mrmr,kmeans,bic,0.8322197475872308,0.7318118747648378,27.7353063144953,,,0.44766146993318484,0.3743557012840606,94.73243681950947,0.9161098737936154,0.44766146993318484,0.0,4.0,"throughput_2,buffer_size_3,throughput_1,throughput_3",,,0.09823829203378409,0.05202884308528155,2.2444346860283986,1320.0,27.0,,,False,30,
throughput_3,3,5.0,mrmr,kmeans,bic,0.8017817371937639,0.6775291910359296,22.985854652371163,,,0.2858203414996288,0.2754892903296764,107.99846471377408,0.8804751299183371,0.2858203414996288,0.0,4.0,"throughput_2,buffer_size_3,throughput_1,throughput_3",,,0.09700034593697637,0.056487092981114984,2.2793917460367084,1303.0,44.0,,,False,30,
throughput_3,3,6.0,mrmr,kmeans,bic,0.43801039346696363,0.32681989667240385,81.93954434518628,,,0.25092798812175204,0.217594517308697,117.70653090533958,0.8775055679287305,0.25092798812175204,0.0,4.0,"throughput_2,buffer_size_3,throughput_1,throughput_3",,,0.08423279400449246,0.05830961198080331,2.2630118790548295,1290.0,57.0,,,False,30,
throughput_3,3,8.0,mrmr,kmeans,bic,0.7334818114328137,0.5991490538210559,25.107321435467032,,,0.25092798812175204,0.20486496054331985,114.85640908517944,0.8678544914625093,0.25092798812175204,0.0,4.0,"throughput_2,buffer_size_3,throughput_1,throughput_3",,,0.07560344506055117,0.05892181699164212,2.2526413099840283,1270.0,77.0,,,False,30,
throughput_3,3,2.0,mrmr,kmeans,aic,0.9064587973273942,0.7272204149653502,22.462360801781738,,,0.7453600593912398,0.6481247765954522,61.14753773818362,0.9510022271714922,0.7453600593912398,0.0,4.0,"throughput_2,buffer_size_3,throughput_1,throughput_3",,,0.10329996200744063,0.05111334507819265,2.2429750580340624,1340.0,7.0,,,False,30,
throughput_3,3,3.0,mrmr,kmeans,aic,0.8485523385300668,0.7560057384699622,25.931856328935503,,,0.44988864142538976,0.39978250708020563,99.84776367013497,0.9265033407572383,0.44988864142538976,0.0,4.0,"throughput_2,buffer_size_3,throughput_1,throughput_3",,,0.11376061500050128,0.053148021921515465,2.2515687299892306,1328.0,19.0,,,False,30,
throughput_3,3,4.0,mrmr,kmeans,aic,0.7809948032665182,0.6639215767565907,29.076627964930513,,,0.44766146993318484,0.3743557012840606,94.73243681950947,0.9161098737936154,0.44766146993318484,0.0,4.0,"throughput_2,buffer_size_3,throughput_1,throughput_3",,,0.11338386498391628,0.05506798007991165,2.2826932329917327,1320.0,27.0,,,False,30,
throughput_3,3,5.0,mrmr,kmeans,aic,0.4610244988864143,0.38217627247075786,75.51497775547946,,,0.2858203414996288,0.2754892903296764,107.99846471377408,0.8804751299183371,0.2858203414996288,0.0,4.0,"throughput_2,buffer_size_3,throughput_1,throughput_3",,,0.141286076977849,0.05439827195368707,2.3672353730071336,1303.0,44.0,,,False,30,
throughput_3,3,6.0,mrmr,kmeans,aic,0.5560504825538233,0.3817967872851036,42.94008510362306,,,0.25092798812175204,0.217594517308697,117.70653090533958,0.8775055679287305,0.25092798812175204,0.0,4.0,"throughput_2,buffer_size_3,throughput_1,throughput_3",,,0.11636919400189072,0.06155554798897356,2.2815416139783338,1290.0,57.0,,,False,30,
throughput_3,3,8.0,mrmr,kmeans,aic,0.7074981440237565,0.5858065568667451,42.5104517285917,,,0.25092798812175204,0.20486496054331985,114.85640908517944,0.8678544914625093,0.25092798812175204,0.0,4.0,"throughput_2,buffer_size_3,throughput_1,throughput_3",,,0.10850846499670297,0.062492536031641066,2.2795784269692376,1270.0,77.0,,,False,30,
throughput_3,3,,mrmr,dbscan,bic,0.3771343726800297,0.2805736348510686,28.22255519326627,,,0.09502598366740905,0.04152576612596704,104.42724471089282,0.5419450631031922,0.09502598366740905,9.0,4.0,"throughput_2,buffer_size_3,throughput_1,throughput_3",,,0.10444669297430664,0.08125585003290325,2.3568852910539135,1049.0,298.0,,,False,30,
throughput_3,3,,mrmr,dbscan,aic,0.19227913882702302,0.09258260104176301,66.07709646307998,,,0.09502598366740905,0.04152576612596704,104.42724471089282,0.5419450631031922,0.09502598366740905,9.0,4.0,"throughput_2,buffer_size_3,throughput_1,throughput_3",,,0.16854693391360343,0.19947796303313226,2.5549068009713665,747.0,600.0,,,False,30,
throughput_3,3,2.0,pca,classic_uniform,bic,0.8351893095768375,0.7482686671205604,39.576540460282104,,,0.8351893095768375,0.7440674750474306,39.576540460282104,0.9628804751299184,0.8351893095768375,0.0,4.0,"pca_1,pca_2,pca_3,throughput_3",,,0.08173207193613052,0.0506824660114944,0.3292126749875024,1341.0,6.0,,,False,30,
throughput_3,3,3.0,pca,classic_uniform,bic,0.6867112100965108,0.5675634375075647,64.65356759877919,,,0.6993318485523385,0.5641388270230142,62.63314361131733,0.9198218262806236,0.6993318485523385,0.0,4.0,"pca_1,pca_2,pca_3,throughput_3",,,0.09092573798261583,0.05091987398918718,0.36068626202177256,1336.0,11.0,,,False,30,
throughput_3,3,4.0,pca,classic_uniform,bic,0.4669636228656273,0.3864704152499644,91.6321702548874,,,0.4669636228656273,0.38632936016937497,91.6321702548874,0.8960653303637713,0.4669636228656273,0.0,4.0,"pca_1,pca_2,pca_3,throughput_3",,,0.08348119899164885,0.05126768001355231,0.36104837199673057,1330.0,17.0,,,False,30,
throughput_3,3,5.0,pca,classic_uniform,bic,0.4446919079435783,0.33940677500068733,94.76976985894579,,,0.4446919079435783,0.33940677500068733,94.76976985894579,0.8975501113585747,0.4446919079435783,0.0,4.0,"pca_1,pca_2,pca_3,throughput_3",,,0.08397090795915574,0.052166971960105,0.3592437260085717,1325.0,22.0,,,False,30,
throughput_3,3,6.0,pca,classic_uniform,bic,,,,,,,,,,,,,,,,,,0.19143653195351362,,,,,False,30,The node throughput_3_t1 is not in the digraph.
throughput_3,3,8.0,pca,classic_uniform,bic,0.25315515961395696,0.2102098971651681,116.10009898539964,,,0.25315515961395696,0.21020989716516816,116.10009898539964,0.8418708240534521,0.25315515961395696,0.0,4.0,"pca_1,pca_2,pca_3,throughput_3",,,0.08719506906345487,0.05438447999767959,0.3707236360060051,1308.0,39.0,,,False,30,
throughput_3,3,2.0,pca,classic_uniform,aic,0.8351893095768375,0.7476710661660039,39.576540460282104,,,0.8351893095768375,0.7440674750474306,39.576540460282104,0.9628804751299184,0.8351893095768375,0.0,4.0,"pca_1,pca_2,pca_3,throughput_3",,,0.09726999397389591,0.050987025955691934,0.3771881320280954,1341.0,6.0,,,False,30,
throughput_3,3,3.0,pca,classic_uniform,aic,0.6926503340757239,0.5647001291750111,63.70277983997361,,,0.6993318485523385,0.5641388270230142,62.63314361131733,0.9198218262806236,0.6993318485523385,0.0,4.0,"pca_1,pca_2,pca_3,throughput_3",,,0.1070039930054918,0.05010162200778723,0.380315940012224,1336.0,11.0,,,False,30,
throughput_3,3,4.0,pca,classic_uniform,aic,0.4729027468448404,0.3892668130673962,90.91907943578322,,,0.4669636228656273,0.38632936016937497,91.6321702548874,0.8960653303637713,0.4669636228656273,0.0,4.0,"pca_1,pca_2,pca_3,throughput_3",,,0.09403396199923009,0.052359354915097356,0.3876065920339897,1330.0,17.0,,,False,30,
throughput_3,3,5.0,pca,classic_uniform,aic,0.44023756495916855,0.3399317962474627,95.12631526849789,,,0.4446919079435783,0.33940677500068733,94.76976985894579,0.8975501113585747,0.4446919079435783,0.0,4.0,"pca_1,pca_2,pca_3,throughput_3",,,0.12660343199968338,0.05380184296518564,0.41913217899855226,1325.0,22.0,,,False,30,
throughput_3,3,6.0,pca,classic_uniform,aic,0.303637713437268,0.27558840102792015,104.58665346861339,,,0.2969561989606533,0.27455552805961125,104.94319887816549,0.8485523385300668,0.2969561989606533,0.0,4.0,"pca_1,pca_2,pca_3,throughput_3",,,0.1159571809694171,0.05460107105318457,0.40399142203386873,1322.0,25.0,,,False,30,
throughput_3,3,8.0,pca,classic_uniform,aic,0.26280623608017817,0.20998943806219442,114.85219005196733,,,0.25315515961395696,0.21020989716516816,116.10009898539964,0.8418708240534521,0.25315515961395696,0.0,4.0,"pca_1,pca_2,pca_3,throughput_3",,,0.08920262707397342,0.054607167025096714,0.3744671540334821,1308.0,39.0,,,False,30,
throughput_3,3,2.0,pca,classic_quantile,bic,0.43875278396436523,0.5,134.7741648106904,,,0.43875278396436523,0.5,134.7741648106904,0.9547141796585004,0.5612472160356348,1.0,4.0,"pca_1,pca_2,pca_3,throughput_3",,,0.06663774698972702,0.05017914203926921,0.3257077340967953,1340.0,7.0,,,False,30,
throughput_3,3,3.0,pca,classic_quantile,bic,0.2709725315515961,0.32883034229035235,129.7656768126702,,,0.3838158871566444,0.33338282603316005,101.79754598696694,0.9034892353377877,0.3838158871566444,1.0,4.0,"pca_1,pca_2,pca_3,throughput_3",,,0.09315855894237757,0.05317346204537898,0.3534209079807624,1330.0,17.0,,,False,30,
throughput_3,3,4.0,pca,classic_quantile,bic,0.2553823311061618,0.2524527609300636,110.93955085374908,,,0.12694877505567928,0.24998178393686932,131.78745360059392,0.9079435783221975,0.12694877505567928,0.0,4.0,"pca_1,pca_2,pca_3,throughput_3",,,0.0913070640526712,0.05479231895878911,0.3615305779967457,1320.0,27.0,,,False,30,
throughput_3,3,5.0,pca,classic_quantile,bic,0.22791388270230142,0.20573542631248454,123.23219500123729,,,0.14996288047512993,0.20002942066045257,117.27908933432317,0.8626577579806979,0.14996288047512993,1.0,4.0,"pca_1,pca_2,pca_3,throughput_3",,,0.1090036160312593,0.05523238005116582,0.3757728280033916,1308.0,39.0,,,False,30,
throughput_3,3,6.0,pca,classic_quantile,bic,0.15367483296213807,0.16706129285308965,117.0999752536501,,,0.19970304380103934,0.1666703786191537,201.82587230883442,0.8596881959910914,0.19970304380103934,5.0,4.0,"pca_1,pca_2,pca_3,throughput_3",,,0.09055769199039787,0.05818124604411423,0.360392760951072,1297.0,50.0,,,False,30,
throughput_3,3,8.0,pca,classic_quantile,bic,0.11952487008166296,0.12416522159607327,113.0629732739421,,,0.15293244246473645,0.12515339299953257,91.66214736451374,0.8433556050482554,0.15293244246473645,5.0,4.0,"pca_1,pca_2,pca_3,throughput_3",,,0.08331776096019894,0.06290456501301378,0.35949916602112353,1274.0,73.0,,,False,30,
throughput_3,3,2.0,pca,classic_quantile,aic,0.5129918337045286,0.4975783898736192,116.94689433308585,,,0.43875278396436523,0.5,134.7741648106904,0.9547141796585004,0.5612472160356348,1.0,4.0,"pca_1,pca_2,pca_3,throughput_3",,,0.08704532601404935,0.05113833607174456,0.35339441196992993,1340.0,7.0,,,False,30,
throughput_3,3,3.0,pca,classic_quantile,aic,0.29101707498144025,0.33189075538208146,139.67902746844845,,,0.3838158871566444,0.33338282603316005,101.79754598696694,0.9034892353377877,0.3838158871566444,1.0,4.0,"pca_1,pca_2,pca_3,throughput_3",,,0.11247404699679464,0.05246773804537952,0.37528228701557964,1330.0,17.0,,,False,30,
throughput_3,3,4.0,pca,classic_quantile,aic,0.2858203414996288,0.25336698855061596,126.28545533283842,,,0.12694877505567928,0.24998178393686932,131.78745360059392,0.9079435783221975,0.12694877505567928,0.0,4.0,"pca_1,pca_2,pca_3,throughput_3",,,0.12460352201014757,0.05325866292696446,0.401637468021363,1320.0,27.0,,,False,30,
throughput_3,3,5.0,pca,classic_quantile,aic,0.2524127691165553,0.2009278506420303,122.48509032417718,,,0.14996288047512993,0.20002942066045257,117.27908933432317,0.8626577579806979,0.14996288047512993,1.0,4.0,"pca_1,pca_2,pca_3,throughput_3",,,0.3671181360259652,0.05545207497198135,0.6560272369533777,1308.0,39.0,,,False,30,
throughput_3,3,6.0,pca,classic_quantile,aic,0.16406829992576094,0.16378291744204976,121.71408067310074,,,0.19970304380103934,0.1666703786191537,201.82587230883442,0.8596881959910914,0.19970304380103934,5.0,4.0,"pca_1,pca_2,pca_3,throughput_3",,,0.17950184096116573,0.055133579997345805,0.47408827394247055,1297.0,50.0,,,False,30,
throughput_3,3,8.0,pca,classic_quantile,aic,0.09131403118040089,0.12462171946386892,122.11719871318978,,,0.15293244246473645,0.12515339299953257,91.66214736451374,0.8433556050482554,0.15293244246473645,5.0,4.0,"pca_1,pca_2,pca_3,throughput_3",,,0.10679873102344573,0.06262357602827251,0.38314696797169745,1274.0,73.0,,,False,30,
throughput_3,3,2.0,pca,kmeans,bic,0.7453600593912398,0.6481247765954522,61.14753773818362,,,0.7453600593912398,0.6481247765954522,61.14753773818362,0.9510022271714922,0.7453600593912398,0.0,4.0,"pca_1,pca_2,pca_3,throughput_3",,,0.072543621994555,0.04902737098746002,0.3783415840007365,1342.0,5.0,,,False,30,
throughput_3,3,3.0,pca,kmeans,bic,0.4573125463994061,0.40049441057672197,98.85901010550127,,,0.44988864142538976,0.39978250708020563,99.84776367013497,0.9265033407572383,0.44988864142538976,0.0,4.0,"pca_1,pca_2,pca_3,throughput_3",,,0.08461725793313235,0.05132782401051372,0.3996479900088161,1335.0,12.0,,,False,30,
throughput_3,3,4.0,pca,kmeans,bic,0.4550853749072012,0.3774544925661862,93.8988498585735,,,0.44766146993318484,0.37435570128406054,94.73243681950947,0.9161098737936154,0.44766146993318484,0.0,4.0,"pca_1,pca_2,pca_3,throughput_3",,,0.08821143198292702,0.054309152998030186,0.41027558501809835,1329.0,18.0,,,False,30,
throughput_3,3,5.0,pca,kmeans,bic,0.2858203414996288,0.2754892903296764,107.99846471377408,,,0.2858203414996288,0.2754892903296764,107.99846471377408,0.8804751299183371,0.2858203414996288,0.0,4.0,"pca_1,pca_2,pca_3,throughput_3",,,0.08952483395114541,0.05130593606736511,0.4124307900201529,1325.0,22.0,,,False,30,
throughput_3,3,6.0,pca,kmeans,bic,,,,,,,,,,,,,,,,,,0.25232136505655944,,,,,False,30,The node throughput_3_t1 is not in the digraph.
throughput_3,3,8.0,pca,kmeans,bic,,,,,,,,,,,,,,,,,,0.24091487796977162,,,,,False,30,The node throughput_3_t1 is not in the digraph.
throughput_3,3,2.0,pca,kmeans,aic,0.7453600593912398,0.6478693643338607,61.14753773818362,,,0.7453600593912398,0.6481247765954522,61.14753773818362,0.9510022271714922,0.7453600593912398,0.0,4.0,"pca_1,pca_2,pca_3,throughput_3",,,0.09893753891810775,0.05025168496649712,0.4316414470085874,1342.0,5.0,,,False,30,
throughput_3,3,3.0,pca,kmeans,aic,0.47438752783964366,0.39917196186295917,92.72873800477217,,,0.44988864142538976,0.39978250708020563,99.84776367013497,0.9265033407572383,0.44988864142538976,0.0,4.0,"pca_1,pca_2,pca_3,throughput_3",,,0.1002601080108434,0.050851362058892846,0.4174051498994231,1335.0,12.0,,,False,30,
throughput_3,3,4.0,pca,kmeans,aic,0.45582776540460285,0.38147894010889966,93.8154911624799,,,0.44766146993318484,0.37435570128406054,94.73243681950947,0.9161098737936154,0.44766146993318484,0.0,4.0,"pca_1,pca_2,pca_3,throughput_3",,,0.11046556092333049,0.05238337104674429,0.4340431960299611,1329.0,18.0,,,False,30,
throughput_3,3,5.0,pca,kmeans,aic,0.2991833704528582,0.2740749368121199,102.62486314565112,,,0.2858203414996288,0.2754892903296764,107.99846471377408,0.8804751299183371,0.2858203414996288,0.0,4.0,"pca_1,pca_2,pca_3,throughput_3",,,0.1324768429622054,0.05166111793369055,0.4298075520200655,1325.0,22.0,,,False,30,
throughput_3,3,6.0,pca,kmeans,aic,0.23311061618411286,0.21787286410478665,115.17453421162912,,,0.25092798812175204,0.21759451730869697,117.70653090533958,0.8775055679287305,0.25092798812175204,0.0,4.0,"pca_1,pca_2,pca_3,throughput_3",,,0.11686669697519392,0.05558253906201571,0.4688121419167146,1317.0,30.0,,,False,30,
throughput_3,3,8.0,pca,kmeans,aic,0.25760950259836674,0.20791207787439717,114.00427344999912,,,0.25092798812175204,0.20486496054331985,114.85640908517944,0.8678544914625093,0.25092798812175204,0.0,4.0,"pca_1,pca_2,pca_3,throughput_3",,,0.0913421850418672,0.057619823957793415,0.4212107959901914,1306.0,41.0,,,False,30,
throughput_3,3,,pca,dbscan,bic,0.09502598366740905,0.04152576612596702,104.42724471089282,,,0.09502598366740905,0.04152576612596702,104.42724471089282,0.5419450631031922,0.09502598366740905,9.0,1.0,throughput_3,,,0.016533917048946023,0.012463105958886445,0.19132258102763444,1346.0,1.0,,,False,30,
throughput_3,3,,pca,dbscan,aic,,,,,,,,,,,,,,,,,,0.07813226606231183,,,,,False,30,The node throughput_3_t1 is not in the digraph.
throughput_3,8,2.0,markov,classic_uniform,bic,0.9524870081662955,0.8788428473914193,11.409453105666914,,,0.8351893095768375,0.7440674750474306,39.576540460282104,0.9628804751299184,0.8351893095768375,0.0,9.0,"throughput_2,throughput_1,buffer_size_3,avg_p_latency_1,buffer_size_2,data_quality_1,buffer_size_1,data_quality_3,throughput_3",10.0,trimmed,0.49494574195705354,0.1547992929117754,9.963575926958583,1314.0,33.0,saved_dbn_models_top5_20260313_192652_seed783122/rank5_dbn_throughput_3_K8_markov_classic_uniform_bic_bins2.pkl,saved_dbn_models_top5_20260313_192652_seed783122/rank5_dbn_throughput_3_K8_markov_classic_uniform_bic_bins2_edges.csv,False,30,
throughput_3,8,3.0,markov,classic_uniform,bic,0.9005196733481812,0.8161863648817456,17.589573537903156,,,0.6993318485523385,0.5641388270230142,62.63314361131733,0.9198218262806236,0.6993318485523385,0.0,9.0,"throughput_2,data_quality_2,cores_2,throughput_1,buffer_size_3,python_gc_objects_collected_total_1,python_gc_objects_collected_total_2,python_gc_objects_collected_total_3,throughput_3",5.0,padded,0.4329134450526908,0.15450678300112486,9.011359998025,1284.0,63.0,,,False,30,
throughput_3,8,4.0,markov,classic_uniform,bic,0.7572383073496659,0.6816988920714144,32.445632269240285,,,0.4669636228656273,0.3863293601693751,91.6321702548874,0.8960653303637713,0.4669636228656273,0.0,9.0,"throughput_2,scrape_duration_seconds_3,data_quality_1,throughput_1,buffer_size_3,python_gc_objects_collected_total_1,python_gc_objects_collected_total_2,python_gc_objects_collected_total_3,throughput_3",5.0,padded,0.38836475694552064,0.16296330105978996,7.770173077005893,1252.0,95.0,,,False,30,
throughput_3,8,5.0,markov,classic_uniform,bic,0.8262806236080178,0.7131544649370866,20.7509428359317,,,0.4446919079435783,0.33940677500068733,94.76976985894579,0.8975501113585747,0.4446919079435783,0.0,9.0,"throughput_2,scrape_duration_seconds_3,data_quality_3,buffer_size_3,throughput_1,python_gc_objects_collected_total_1,python_gc_objects_collected_total_2,python_gc_objects_collected_total_3,throughput_3",4.0,padded,0.38434713101014495,0.184406555024907,7.087430003914051,1205.0,142.0,,,False,30,
throughput_3,8,6.0,markov,classic_uniform,bic,0.7045285820341499,0.6158176670595688,35.060298605955616,,,0.2969561989606533,0.27455552805961125,104.94319887816549,0.8485523385300668,0.2969561989606533,0.0,9.0,"throughput_2,cores_1,data_quality_1,throughput_1,buffer_size_3,python_gc_objects_collected_total_1,python_gc_objects_collected_total_2,python_gc_objects_collected_total_3,throughput_3",4.0,padded,0.3922164359828457,0.20121895300690085,6.651301346952096,1140.0,207.0,,,False,30,
throughput_3,8,8.0,markov,classic_uniform,bic,0.5374907201187825,0.40153699247951125,45.905221479831724,,,0.25315515961395696,0.2102098971651681,116.10009898539964,0.8418708240534521,0.25315515961395696,0.0,9.0,"cores_1,throughput_2,data_quality_1,throughput_1,buffer_size_3,python_gc_objects_collected_total_1,python_gc_objects_collected_total_2,python_gc_objects_collected_total_3,throughput_3",3.0,padded,0.3639523539459333,0.22462250106036663,5.896725866012275,1076.0,271.0,,,False,30,
throughput_3,8,2.0,markov,classic_uniform,aic,0.9584261321455085,0.7581731673674621,9.98327146745855,,,0.8351893095768375,0.7440674750474306,39.576540460282104,0.9628804751299184,0.8351893095768375,0.0,9.0,"throughput_2,data_quality_3,cores_1,data_quality_1,buffer_size_3,throughput_1,python_gc_objects_collected_total_1,python_gc_objects_collected_total_2,throughput_3",5.0,padded,0.5536369690671563,0.14978687395341694,15.579932956025004,1326.0,21.0,saved_dbn_models_top5_20260313_192652_seed783122/rank2_dbn_throughput_3_K8_markov_classic_uniform_aic_bins2.pkl,saved_dbn_models_top5_20260313_192652_seed783122/rank2_dbn_throughput_3_K8_markov_classic_uniform_aic_bins2_edges.csv,False,30,
throughput_3,8,3.0,markov,classic_uniform,aic,0.882702301410542,0.7992963905864051,20.79848222387198,,,0.6993318485523385,0.5641388270230142,62.63314361131733,0.9198218262806236,0.6993318485523385,0.0,9.0,"throughput_2,process_resident_memory_bytes_2,cores_1,data_quality_2,cores_2,throughput_1,buffer_size_3,python_gc_objects_collected_total_1,throughput_3",7.0,padded,0.8198499579448253,0.179609879036434,10.164534767041914,1265.0,82.0,,,False,30,
throughput_3,8,4.0,markov,classic_uniform,aic,0.7988121752041574,0.5142281646493222,27.364860183122985,,,0.4669636228656273,0.38632936016937497,91.6321702548874,0.8960653303637713,0.4669636228656273,0.0,9.0,"throughput_2,scrape_duration_seconds_3,data_quality_3,data_quality_1,cores_2,throughput_1,buffer_size_3,python_gc_objects_collected_total_1,throughput_3",7.0,padded,0.7273499220609665,0.2223919089883566,9.101829176070169,1189.0,158.0,,,False,30,
throughput_3,8,5.0,markov,classic_uniform,aic,0.7104677060133631,0.5605425447339555,37.93643157634249,,,0.4446919079435783,0.33940677500068733,94.76976985894579,0.8975501113585747,0.4446919079435783,0.0,9.0,"throughput_2,scrape_duration_seconds_3,cores_1,data_quality_1,cores_2,process_cpu_seconds_total_1,buffer_size_3,throughput_1,throughput_3",7.0,padded,0.8216380040394142,0.2163866099435836,7.789224197040312,1159.0,188.0,,,False,30,
throughput_3,8,6.0,markov,classic_uniform,aic,0.6458797327394209,0.33923840622354046,42.01293409222139,,,0.2969561989606533,0.27455552805961125,104.94319887816549,0.8485523385300668,0.2969561989606533,0.0,9.0,"throughput_2,python_gc_collections_total_8,scrape_duration_seconds_3,cores_1,data_quality_1,buffer_size_3,throughput_1,python_gc_objects_collected_total_1,throughput_3",6.0,padded,1.0096643579890952,0.2529644949827343,8.018474100041203,1119.0,228.0,,,False,30,
throughput_3,8,8.0,markov,classic_uniform,aic,0.5983667409057164,0.42996119889120304,48.40103934669636,,,0.25315515961395696,0.2102098971651681,116.10009898539964,0.8418708240534521,0.25315515961395696,0.0,9.0,"throughput_2,scrape_duration_seconds_3,cores_1,buffer_size_1,data_quality_1,throughput_1,buffer_size_3,python_gc_objects_collected_total_1,throughput_3",7.0,padded,1.3655952130211517,0.33974081894848496,8.062607110943645,907.0,440.0,,,False,30,
throughput_3,8,2.0,markov,classic_quantile,bic,0.8574610244988864,0.7231252185020022,34.22835931700074,,,0.43875278396436523,0.5,134.7741648106904,0.9547141796585004,0.5612472160356348,1.0,9.0,"throughput_2,scrape_duration_seconds_3,scrape_duration_seconds_2,data_quality_1,cores_3,cores_2,buffer_size_3,avg_p_latency_2,throughput_3",8.0,none,0.6491316800238565,0.21805732499342412,10.51007345796097,1240.0,107.0,,,False,30,
throughput_3,8,3.0,markov,classic_quantile,bic,0.8151447661469933,0.7358652558467544,28.949575187659825,,,0.3838158871566444,0.33338282603316005,101.79754598696694,0.9034892353377877,0.3838158871566444,1.0,9.0,"throughput_2,cores_1,avg_p_latency_1,cores_3,cores_2,buffer_size_3,avg_p_latency_2,throughput_1,throughput_3",7.0,padded,0.5195094409864396,0.19353218202013522,8.7161474149907,1231.0,116.0,,,False,30,
throughput_3,8,4.0,markov,classic_quantile,bic,0.6585003711952487,0.5903228031545006,42.19388146498392,,,0.12694877505567928,0.24998178393686932,131.78745360059392,0.9079435783221975,0.12694877505567928,0.0,9.0,"throughput_2,cores_1,avg_p_latency_3,data_quality_1,cores_2,buffer_size_3,throughput_1,python_gc_objects_collected_total_1,throughput_3",6.0,padded,0.47021355701144785,0.22808452497702092,8.187887008069083,1131.0,216.0,,,False,30,
throughput_3,8,5.0,markov,classic_quantile,bic,0.732739420935412,0.5152255413118045,24.787119524870082,,,0.14996288047512993,0.20002942066045257,117.27908933432317,0.8626577579806979,0.14996288047512993,1.0,9.0,"throughput_2,cores_1,data_quality_2,avg_p_latency_3,avg_p_latency_1,buffer_size_3,throughput_1,python_gc_objects_collected_total_1,throughput_3",6.0,padded,0.48897133802529424,0.24772303691133857,7.2957460168981925,1036.0,311.0,,,False,30,
throughput_3,8,6.0,markov,classic_quantile,bic,0.6243504083147736,0.5049234078930506,41.693318485523385,,,0.19970304380103934,0.1666703786191537,201.82587230883442,0.8596881959910914,0.19970304380103934,5.0,9.0,"throughput_2,data_quality_3,cores_1,data_quality_1,cores_2,buffer_size_3,throughput_1,python_gc_objects_collected_total_1,throughput_3",6.0,padded,0.47622247401159257,0.24892639194149524,6.978310622973368,1060.0,287.0,,,False,30,
throughput_3,8,8.0,markov,classic_quantile,bic,0.5835189309576837,0.497050704108974,34.75477295223954,,,0.15293244246473645,0.12515339299953257,91.66214736451374,0.8433556050482554,0.15293244246473645,5.0,9.0,"throughput_2,cores_1,data_quality_1,buffer_size_3,throughput_1,python_gc_objects_collected_total_1,python_gc_objects_collected_total_2,python_gc_objects_collected_total_3,throughput_3",4.0,padded,0.4006205910118297,0.24194791598711163,6.796277698013,1031.0,316.0,,,False,30,
throughput_3,8,2.0,markov,classic_quantile,aic,0.8277654046028211,0.7500618888784025,41.35926750804256,,,0.43875278396436523,0.5,134.7741648106904,0.9547141796585004,0.5612472160356348,1.0,9.0,"throughput_2,buffer_size_3,python_gc_objects_collected_total_4,data_quality_1,avg_p_latency_2,avg_p_latency_3,buffer_size_1,scrape_duration_seconds_2,throughput_3",12.0,trimmed,0.6373016569996253,0.18205219495575875,17.1074818019988,1262.0,85.0,,,False,30,
throughput_3,8,3.0,markov,classic_quantile,aic,0.8433556050482554,0.7473195153628184,25.474981440237567,,,0.3838158871566444,0.33338282603316005,101.79754598696694,0.9034892353377877,0.3838158871566444,1.0,9.0,"throughput_2,buffer_size_3,avg_p_latency_1,buffer_size_2,avg_p_latency_2,avg_p_latency_3,buffer_size_1,data_quality_3,throughput_3",12.0,trimmed,0.9797339799115434,0.25806195102632046,11.180761511088349,1144.0,203.0,,,False,30,
throughput_3,8,4.0,markov,classic_quantile,aic,0.7134372680029696,0.5258625623665371,42.60173843108142,,,0.12694877505567928,0.24998178393686932,131.78745360059392,0.9079435783221975,0.12694877505567928,0.0,9.0,"throughput_2,cores_1,avg_p_latency_3,data_quality_1,cores_3,cores_2,buffer_size_3,avg_p_latency_2,throughput_3",8.0,none,1.7770250529283658,0.2971854080678895,10.137632812955417,1133.0,214.0,,,False,30,
throughput_3,8,5.0,markov,classic_quantile,aic,0.7260579064587973,0.45501837646512167,27.13996535511012,,,0.14996288047512993,0.20002942066045257,117.27908933432317,0.8626577579806979,0.14996288047512993,1.0,9.0,"throughput_2,cores_1,data_quality_2,avg_p_latency_3,avg_p_latency_1,cores_2,buffer_size_3,throughput_1,throughput_3",7.0,padded,2.0349031100049615,0.28708131494931877,9.84642314107623,1067.0,280.0,,,False,30,
throughput_3,8,6.0,markov,classic_quantile,aic,0.5731254639940608,0.4326820541189337,42.98090819104183,,,0.19970304380103934,0.16667037861915368,201.82587230883442,0.8596881959910914,0.19970304380103934,5.0,9.0,"throughput_2,cores_1,data_quality_2,data_quality_1,avg_p_latency_1,cores_2,buffer_size_3,throughput_1,throughput_3",7.0,padded,1.1157311330316588,0.2519774390384555,8.306048423983157,1103.0,244.0,,,False,30,
throughput_3,8,8.0,markov,classic_quantile,aic,0.6028210838901262,0.41587352844294306,34.058608636476116,,,0.15293244246473645,0.12515339299953257,91.66214736451374,0.8433556050482554,0.15293244246473645,5.0,9.0,"throughput_2,scrape_duration_seconds_3,buffer_size_1,scrape_duration_seconds_2,avg_p_latency_3,throughput_1,buffer_size_3,python_gc_objects_collected_total_1,throughput_3",7.0,padded,1.1104417550377548,0.5558507059467956,8.345437904004939,205.0,1142.0,,,False,30,
throughput_3,8,2.0,markov,kmeans,bic,0.9079435783221975,0.8034410281400856,22.105815392229648,,,0.7453600593912398,0.6481247765954522,61.14753773818362,0.9510022271714922,0.7453600593912398,0.0,9.0,"throughput_2,scrape_duration_seconds_3,data_quality_2,buffer_size_1,cores_3,buffer_size_3,throughput_1,python_gc_objects_collected_total_1,throughput_3",6.0,padded,0.4759306350024417,0.1539525599218905,10.837884056032635,1309.0,38.0,,,False,30,
throughput_3,8,3.0,markov,kmeans,bic,0.8240534521158129,0.6784511836297603,27.484358904821168,,,0.44988864142538976,0.39978250708020563,99.84776367013497,0.9265033407572383,0.44988864142538976,0.0,9.0,"throughput_2,scrape_duration_seconds_3,buffer_size_1,avg_p_latency_3,avg_p_latency_1,throughput_1,buffer_size_3,python_gc_objects_collected_total_1,throughput_3",7.0,padded,0.6496708280174062,0.29051875800359994,8.887120483908802,1163.0,184.0,,,False,30,
throughput_3,8,4.0,markov,kmeans,bic,0.8492947290274685,0.7723237708909035,20.76601415903265,,,0.44766146993318484,0.3743557012840606,94.73243681950947,0.9161098737936154,0.44766146993318484,0.0,9.0,"throughput_2,scrape_duration_seconds_3,data_quality_2,avg_p_latency_3,throughput_1,buffer_size_3,python_gc_objects_collected_total_1,python_gc_objects_collected_total_2,throughput_3",6.0,padded,0.3798575709806755,0.1834924640133977,8.012724810047075,1176.0,171.0,,,False,30,
throughput_3,8,5.0,markov,kmeans,bic,0.7787676317743133,0.6788627189948223,25.579682637860643,,,0.2858203414996288,0.2754892903296764,107.99846471377408,0.8804751299183371,0.2858203414996288,0.0,9.0,"throughput_2,avg_p_latency_3,data_quality_1,cores_2,buffer_size_3,throughput_1,python_gc_objects_collected_total_1,python_gc_objects_collected_total_2,throughput_3",5.0,padded,0.39153463405091316,0.21277932997327298,7.317410718998872,1108.0,239.0,,,False,30,
throughput_3,8,6.0,markov,kmeans,bic,0.43801039346696363,0.32681989667240385,81.93954434518628,,,0.25092798812175204,0.21759451730869697,117.70653090533958,0.8775055679287305,0.25092798812175204,0.0,9.0,"throughput_2,buffer_size_3,throughput_1,python_gc_objects_collected_total_1,python_gc_objects_collected_total_2,python_gc_objects_collected_total_3,avg_p_latency_1,python_gc_collections_total_4,throughput_3",2.0,padded,0.3873345929896459,0.2882079540286213,6.252190744969994,1124.0,223.0,,,False,30,
throughput_3,8,8.0,markov,kmeans,bic,0.6117297698589458,0.536222485432734,41.32168903712733,,,0.25092798812175204,0.2048649605433199,114.85640908517944,0.8678544914625093,0.25092798812175204,0.0,9.0,"throughput_2,data_quality_1,throughput_1,buffer_size_3,python_gc_objects_collected_total_1,python_gc_objects_collected_total_2,python_gc_objects_collected_total_3,avg_p_latency_1,throughput_3",2.0,padded,0.37078435299918056,0.2103266710182652,6.060194606077857,1063.0,284.0,,,False,30,
throughput_3,8,2.0,markov,kmeans,aic,0.8262806236080178,0.7560956683573387,41.715812917594654,,,0.7453600593912398,0.6481247765954522,61.14753773818362,0.9510022271714922,0.7453600593912398,0.0,9.0,"throughput_2,buffer_size_3,avg_p_latency_1,buffer_size_2,python_gc_objects_collected_total_7,data_quality_2,buffer_size_1,process_virtual_memory_bytes_2,throughput_3",10.0,trimmed,0.5895457060541958,0.1841351999901235,17.2442018390866,1288.0,59.0,,,False,30,
throughput_3,8,3.0,markov,kmeans,aic,0.7535263548626577,0.6501977772775569,44.69305651933366,,,0.44988864142538976,0.39978250708020563,99.84776367013497,0.9265033407572383,0.44988864142538976,0.0,9.0,"throughput_2,throughput_1,buffer_size_3,avg_p_latency_1,python_gc_collections_total_8,buffer_size_2,data_quality_1,buffer_size_1,throughput_3",12.0,trimmed,0.7993420320563018,0.25109457096550614,11.348560859914869,1169.0,178.0,,,False,30,
throughput_3,8,4.0,markov,kmeans,aic,0.755011135857461,0.5434738831828734,33.18676690995028,,,0.44766146993318484,0.3743557012840606,94.73243681950947,0.9161098737936154,0.44766146993318484,0.0,9.0,"throughput_2,scrape_duration_seconds_3,avg_p_latency_3,data_quality_1,buffer_size_3,throughput_1,python_gc_objects_collected_total_1,python_gc_objects_collected_total_2,throughput_3",5.0,padded,0.8769428569357842,0.2937131799990311,9.13649413199164,1163.0,184.0,,,False,30,
throughput_3,8,5.0,markov,kmeans,aic,0.771343726800297,0.5699023834255428,25.605228842932124,,,0.2858203414996288,0.2754892903296764,107.99846471377408,0.8804751299183371,0.2858203414996288,0.0,9.0,"throughput_2,scrape_duration_seconds_3,scrape_duration_seconds_2,avg_p_latency_3,data_quality_1,cores_2,buffer_size_3,python_gc_objects_collected_total_4,throughput_3",8.0,none,1.3727300020400435,0.4084128789836541,9.013878272962756,941.0,406.0,,,False,30,
throughput_3,8,6.0,markov,kmeans,aic,0.5657015590200446,0.381498411038771,43.94560689158865,,,0.25092798812175204,0.21759451730869697,117.70653090533958,0.8775055679287305,0.25092798812175204,0.0,9.0,"throughput_2,scrape_duration_seconds_3,scrape_duration_seconds_2,buffer_size_3,throughput_1,python_gc_objects_collected_total_1,python_gc_objects_collected_total_2,python_gc_objects_collected_total_3,throughput_3",4.0,padded,0.5087819299660623,0.34172546002082527,8.238240367965773,933.0,414.0,,,False,30,
throughput_3,8,8.0,markov,kmeans,aic,0.7282850779510023,0.5831593439323275,35.27831226516217,,,0.25092798812175204,0.2048649605433199,114.85640908517944,0.8678544914625093,0.25092798812175204,0.0,9.0,"throughput_2,buffer_size_3,throughput_1,python_gc_objects_collected_total_1,python_gc_objects_collected_total_2,python_gc_objects_collected_total_3,avg_p_latency_1,python_gc_collections_total_4,throughput_3",2.0,padded,0.5047950859880075,0.3233337419806048,7.278709588921629,1077.0,270.0,,,False,30,
throughput_3,8,,markov,dbscan,bic,0.25686711210096513,0.12278524007014083,95.53430693948681,,,0.09502598366740905,0.04152576612596705,104.42724471089282,0.5419450631031922,0.09502598366740905,9.0,9.0,"throughput_2,throughput_1,buffer_size_3,avg_p_latency_1,buffer_size_2,data_quality_1,buffer_size_1,data_quality_3,throughput_3",10.0,trimmed,0.3900990829570219,0.2613335329806432,11.005178453051485,503.0,844.0,,,False,30,
throughput_3,8,,markov,dbscan,aic,0.1945063103192279,0.08257466577069689,67.57230970138812,,,0.09502598366740905,0.04152576612596704,104.42724471089282,0.5419450631031922,0.09502598366740905,9.0,7.0,"throughput_2,data_quality_3,cores_1,data_quality_1,buffer_size_3,throughput_1,throughput_3",5.0,padded,0.5336864690762013,0.3809802340110764,16.625515292049386,586.0,761.0,,,False,30,
throughput_3,8,2.0,mrmr,classic_uniform,bic,0.9539717891610987,0.8765457630640381,11.052907696114822,,,0.8351893095768375,0.7440674750474306,39.576540460282104,0.9628804751299184,0.8351893095768375,0.0,9.0,"throughput_2,buffer_size_3,throughput_1,avg_p_latency_2,avg_p_latency_1,buffer_size_1,python_gc_objects_collected_total_1,buffer_size_2,throughput_3",,,0.4696495659882203,0.1527040279470384,14.32002469105646,1313.0,34.0,saved_dbn_models_top5_20260313_192652_seed783122/rank5_dbn_throughput_3_K8_mrmr_classic_uniform_bic_bins2.pkl,saved_dbn_models_top5_20260313_192652_seed783122/rank5_dbn_throughput_3_K8_mrmr_classic_uniform_bic_bins2_edges.csv,False,30,
throughput_3,8,3.0,mrmr,classic_uniform,bic,0.8641425389755011,0.7269485901200395,24.24508784954219,,,0.6993318485523385,0.5641388270230142,62.63314361131733,0.9198218262806236,0.6993318485523385,0.0,9.0,"throughput_2,buffer_size_3,throughput_1,avg_p_latency_2,avg_p_latency_1,buffer_size_1,python_gc_objects_collected_total_1,buffer_size_2,throughput_3",,,0.4298174569848925,0.21125888102687895,14.374812912079506,1225.0,122.0,,,False,30,
throughput_3,8,4.0,mrmr,classic_uniform,bic,0.7698589458054937,0.6678125854021904,40.55704033655036,,,0.4669636228656273,0.38632936016937497,91.6321702548874,0.8960653303637713,0.4669636228656273,0.0,9.0,"throughput_2,buffer_size_3,throughput_1,avg_p_latency_2,avg_p_latency_1,buffer_size_1,python_gc_objects_collected_total_1,buffer_size_2,throughput_3",,,0.42530959099531174,0.23602575494442135,14.437979395966977,1112.0,235.0,,,False,30,
throughput_3,8,5.0,mrmr,classic_uniform,bic,0.7357089829250185,0.6089503544633472,40.57486760702797,,,0.4446919079435783,0.33940677500068733,94.76976985894579,0.8975501113585747,0.4446919079435783,0.0,9.0,"throughput_2,buffer_size_3,throughput_1,avg_p_latency_2,avg_p_latency_1,buffer_size_1,python_gc_objects_collected_total_1,buffer_size_2,throughput_3",,,0.4345168119762093,0.26362269395031035,14.700821137987077,1044.0,303.0,,,False,30,
throughput_3,8,6.0,mrmr,classic_uniform,bic,0.7631774313288789,0.6371281687335585,24.898754433721024,,,0.2969561989606533,0.27455552805961125,104.94319887816549,0.8485523385300668,0.2969561989606533,0.0,9.0,"throughput_2,buffer_size_3,throughput_1,avg_p_latency_2,avg_p_latency_1,buffer_size_1,python_gc_objects_collected_total_1,buffer_size_2,throughput_3",,,0.35636698408052325,0.22851056000217795,14.624662997899577,962.0,385.0,,,False,30,
throughput_3,8,8.0,mrmr,classic_uniform,bic,0.7520415738678545,0.5876989771002211,24.73533778767632,,,0.25315515961395696,0.2102098971651681,116.10009898539964,0.8418708240534521,0.25315515961395696,0.0,9.0,"throughput_2,buffer_size_3,throughput_1,avg_p_latency_2,avg_p_latency_1,buffer_size_1,python_gc_objects_collected_total_1,buffer_size_2,throughput_3",,,0.3543799379840493,0.2589151189895347,14.665327459922992,831.0,516.0,,,False,30,
throughput_3,8,2.0,mrmr,classic_uniform,aic,0.9465478841870824,0.8851231205918085,12.835634743875277,,,0.8351893095768375,0.7440674750474306,39.576540460282104,0.9628804751299184,0.8351893095768375,0.0,9.0,"throughput_2,buffer_size_3,throughput_1,avg_p_latency_2,avg_p_latency_1,buffer_size_1,python_gc_objects_collected_total_1,buffer_size_2,throughput_3",,,0.6214362200116739,0.16347313206642866,14.715228436049074,1313.0,34.0,,,False,30,
throughput_3,8,3.0,mrmr,classic_uniform,aic,0.8856718634001485,0.700089047570606,20.085391404767797,,,0.6993318485523385,0.5641388270230142,62.63314361131733,0.9198218262806236,0.6993318485523385,0.0,9.0,"throughput_2,buffer_size_3,throughput_1,avg_p_latency_2,avg_p_latency_1,buffer_size_1,python_gc_objects_collected_total_1,buffer_size_2,throughput_3",,,0.6809593590442091,0.24558944103773683,14.905495551996864,1225.0,122.0,,,False,30,
throughput_3,8,4.0,mrmr,classic_uniform,aic,0.6889383815887157,0.5698748694344888,53.303538728037616,,,0.4669636228656273,0.38632936016937497,91.6321702548874,0.8960653303637713,0.4669636228656273,0.0,9.0,"throughput_2,buffer_size_3,throughput_1,avg_p_latency_2,avg_p_latency_1,buffer_size_1,python_gc_objects_collected_total_1,buffer_size_2,throughput_3",,,0.7962332699680701,0.26577918394468725,15.036208329955116,1112.0,235.0,,,False,30,
throughput_3,8,5.0,mrmr,classic_uniform,aic,0.7008166295471417,0.6321157939253446,39.79046770601337,,,0.4446919079435783,0.33940677500068733,94.76976985894579,0.8975501113585747,0.4446919079435783,0.0,9.0,"throughput_2,buffer_size_3,throughput_1,avg_p_latency_2,avg_p_latency_1,buffer_size_1,python_gc_objects_collected_total_1,buffer_size_2,throughput_3",,,0.6722327009774745,0.2392024650471285,14.68287025403697,1044.0,303.0,,,False,30,
throughput_3,8,6.0,mrmr,classic_uniform,aic,0.734966592427617,0.6063548411834588,34.168935082075386,,,0.2969561989606533,0.27455552805961125,104.94319887816549,0.8485523385300668,0.2969561989606533,0.0,9.0,"throughput_2,buffer_size_3,throughput_1,avg_p_latency_2,avg_p_latency_1,buffer_size_1,python_gc_objects_collected_total_1,buffer_size_2,throughput_3",,,1.2765088860178366,0.24448239197954535,15.513586414977908,962.0,385.0,,,False,30,
throughput_3,8,8.0,mrmr,classic_uniform,aic,0.6733481811432813,0.5403805055736547,35.69910913140311,,,0.25315515961395696,0.2102098971651681,116.10009898539964,0.8418708240534521,0.25315515961395696,0.0,9.0,"throughput_2,buffer_size_3,throughput_1,avg_p_latency_2,avg_p_latency_1,buffer_size_1,python_gc_objects_collected_total_1,buffer_size_2,throughput_3",,,0.7367913379566744,0.27981769596226513,15.05012465803884,831.0,516.0,,,False,30,
throughput_3,8,2.0,mrmr,classic_quantile,bic,0.8485523385300668,0.7477416150389369,36.36763177431329,,,0.43875278396436523,0.5,134.7741648106904,0.9547141796585004,0.5612472160356348,1.0,9.0,"throughput_2,buffer_size_3,throughput_1,avg_p_latency_2,avg_p_latency_1,buffer_size_1,python_gc_objects_collected_total_1,buffer_size_2,throughput_3",,,0.5500914849108085,0.1933196319732815,14.682455715024844,1282.0,65.0,,,False,30,
throughput_3,8,3.0,mrmr,classic_quantile,bic,0.8151447661469933,0.7529019574624245,28.949575187659825,,,0.3838158871566444,0.33338282603316005,101.79754598696694,0.9034892353377877,0.3838158871566444,1.0,9.0,"throughput_2,buffer_size_3,throughput_1,avg_p_latency_2,avg_p_latency_1,buffer_size_1,python_gc_objects_collected_total_1,buffer_size_2,throughput_3",,,0.5682793359737843,0.21452207397669554,14.758784828940406,1134.0,213.0,,,False,30,
throughput_3,8,4.0,mrmr,classic_quantile,bic,0.7817371937639198,0.6934566190869164,26.125723830734966,,,0.12694877505567928,0.24998178393686932,131.78745360059392,0.9079435783221975,0.12694877505567928,0.0,9.0,"throughput_2,buffer_size_3,throughput_1,avg_p_latency_2,avg_p_latency_1,buffer_size_1,python_gc_objects_collected_total_1,buffer_size_2,throughput_3",,,0.5349698179634288,0.2296331700636074,14.770330636994913,1017.0,330.0,,,False,30,
throughput_3,8,5.0,mrmr,classic_quantile,bic,0.6985894580549369,0.592320518868471,35.82291512001979,,,0.14996288047512993,0.20002942066045257,117.27908933432317,0.8626577579806979,0.14996288047512993,1.0,9.0,"throughput_2,buffer_size_3,throughput_1,avg_p_latency_2,avg_p_latency_1,buffer_size_1,python_gc_objects_collected_total_1,buffer_size_2,throughput_3",,,0.5282663309480995,0.25619099603500217,14.857048386940733,912.0,435.0,,,False,30,
throughput_3,8,6.0,mrmr,classic_quantile,bic,0.6985894580549369,0.5565614112013827,32.130817454425475,,,0.19970304380103934,0.1666703786191537,201.82587230883442,0.8596881959910914,0.19970304380103934,5.0,9.0,"throughput_2,buffer_size_3,throughput_1,avg_p_latency_2,avg_p_latency_1,buffer_size_1,python_gc_objects_collected_total_1,buffer_size_2,throughput_3",,,0.49298766895662993,0.27052070398349315,14.819905451033264,844.0,503.0,,,False,30,
throughput_3,8,8.0,mrmr,classic_quantile,bic,0.7023014105419451,0.528183219813314,25.002932442464733,,,0.15293244246473645,0.12515339299953257,91.66214736451374,0.8433556050482554,0.15293244246473645,5.0,9.0,"throughput_2,buffer_size_3,throughput_1,avg_p_latency_2,avg_p_latency_1,buffer_size_1,python_gc_objects_collected_total_1,buffer_size_2,throughput_3",,,0.4199056199286133,0.2901586260413751,14.791858118027449,692.0,655.0,,,False,30,
throughput_3,8,2.0,mrmr,classic_quantile,aic,0.8492947290274685,0.795962316046103,36.18935906953724,,,0.43875278396436523,0.5,134.7741648106904,0.9547141796585004,0.5612472160356348,1.0,9.0,"throughput_2,buffer_size_3,throughput_1,avg_p_latency_2,avg_p_latency_1,buffer_size_1,python_gc_objects_collected_total_1,buffer_size_2,throughput_3",,,0.6398851610720158,0.15483602590393275,14.524937718990259,1282.0,65.0,,,False,30,
throughput_3,8,3.0,mrmr,classic_quantile,aic,0.8247958426132146,0.7496367132533631,30.12733234347934,,,0.3838158871566444,0.33338282603316005,101.79754598696694,0.9034892353377877,0.3838158871566444,1.0,9.0,"throughput_2,buffer_size_3,throughput_1,avg_p_latency_2,avg_p_latency_1,buffer_size_1,python_gc_objects_collected_total_1,buffer_size_2,throughput_3",,,1.287932604085654,0.25282440602313727,15.326071101007983,1134.0,213.0,,,False,30,
throughput_3,8,4.0,mrmr,classic_quantile,aic,0.42761692650334077,0.3671648916588452,101.1920564216778,,,0.12694877505567928,0.24998178393686932,131.78745360059392,0.9079435783221975,0.12694877505567928,0.0,9.0,"throughput_2,buffer_size_3,throughput_1,avg_p_latency_2,avg_p_latency_1,buffer_size_1,python_gc_objects_collected_total_1,buffer_size_2,throughput_3",,,2.3394922179868445,0.2736392989754677,16.58954101393465,1017.0,330.0,,,False,30,
throughput_3,8,5.0,mrmr,classic_quantile,aic,0.7594654788418709,0.6641823766553249,25.10613709477852,,,0.14996288047512993,0.20002942066045257,117.27908933432317,0.8626577579806979,0.14996288047512993,1.0,9.0,"throughput_2,buffer_size_3,throughput_1,avg_p_latency_2,avg_p_latency_1,buffer_size_1,python_gc_objects_collected_total_1,buffer_size_2,throughput_3",,,1.4581836520228535,0.3168488210067153,15.54807806503959,912.0,435.0,,,False,30,
throughput_3,8,6.0,mrmr,classic_quantile,aic,0.6414253897550112,0.5448914995082222,37.926284747999674,,,0.19970304380103934,0.1666703786191537,201.82587230883442,0.8596881959910914,0.19970304380103934,5.0,9.0,"throughput_2,buffer_size_3,throughput_1,avg_p_latency_2,avg_p_latency_1,buffer_size_1,python_gc_objects_collected_total_1,buffer_size_2,throughput_3",,,1.7144688150146976,0.32160627096891403,15.862715379917063,844.0,503.0,,,False,30,
throughput_3,8,8.0,mrmr,classic_quantile,aic,0.39198218262806234,0.30740579442261723,61.90875711457559,,,0.15293244246473645,0.12515339299953257,91.66214736451374,0.8433556050482554,0.15293244246473645,5.0,9.0,"throughput_2,buffer_size_3,throughput_1,avg_p_latency_2,avg_p_latency_1,buffer_size_1,python_gc_objects_collected_total_1,buffer_size_2,throughput_3",,,1.2012509499909356,0.4020703509449959,15.663203823962249,692.0,655.0,,,False,30,
throughput_3,8,2.0,mrmr,kmeans,bic,0.9079435783221975,0.800158445809916,22.105815392229644,,,0.7453600593912398,0.6481247765954522,61.14753773818362,0.9510022271714922,0.7453600593912398,0.0,9.0,"throughput_2,buffer_size_3,throughput_1,avg_p_latency_2,avg_p_latency_1,buffer_size_1,python_gc_objects_collected_total_1,buffer_size_2,throughput_3",,,0.5213323590578511,0.16860026703216136,14.416799886967055,1286.0,61.0,,,False,30,
throughput_3,8,3.0,mrmr,kmeans,bic,0.7706013363028953,0.6606048802774915,35.13878665146262,,,0.44988864142538976,0.39978250708020563,99.84776367013497,0.9265033407572383,0.44988864142538976,0.0,9.0,"throughput_2,buffer_size_3,throughput_1,avg_p_latency_2,avg_p_latency_1,buffer_size_1,python_gc_objects_collected_total_1,buffer_size_2,throughput_3",,,0.5069682688917965,0.27760091493837535,14.61521688697394,1153.0,194.0,,,False,30,
throughput_3,8,4.0,mrmr,kmeans,bic,0.8507795100222717,0.741018068615483,23.24623829748459,,,0.44766146993318484,0.37435570128406054,94.73243681950947,0.9161098737936154,0.44766146993318484,0.0,9.0,"throughput_2,buffer_size_3,throughput_1,avg_p_latency_2,avg_p_latency_1,buffer_size_1,python_gc_objects_collected_total_1,buffer_size_2,throughput_3",,,0.43594398407731205,0.25050885300152004,14.735392261995003,1072.0,275.0,,,False,30,
throughput_3,8,5.0,mrmr,kmeans,bic,0.7728285077951003,0.6620575874569636,28.542525064474603,,,0.2858203414996288,0.2754892903296764,107.99846471377408,0.8804751299183371,0.2858203414996288,0.0,9.0,"throughput_2,buffer_size_3,throughput_1,avg_p_latency_2,avg_p_latency_1,buffer_size_1,python_gc_objects_collected_total_1,buffer_size_2,throughput_3",,,0.4242037850199267,0.24864795000758022,14.724090454052202,975.0,372.0,,,False,30,
throughput_3,8,6.0,mrmr,kmeans,bic,0.5048255382331106,0.3858646356367209,77.07538706963602,,,0.25092798812175204,0.21759451730869697,117.70653090533958,0.8775055679287305,0.25092798812175204,0.0,9.0,"throughput_2,buffer_size_3,throughput_1,avg_p_latency_2,avg_p_latency_1,buffer_size_1,python_gc_objects_collected_total_1,buffer_size_2,throughput_3",,,0.4490876990603283,0.28459086699876934,14.851611263933592,910.0,437.0,,,False,30,
throughput_3,8,8.0,mrmr,kmeans,bic,0.7334818114328137,0.5991490538210559,25.107321435467032,,,0.25092798812175204,0.2048649605433199,114.85640908517944,0.8678544914625093,0.25092798812175204,0.0,9.0,"throughput_2,buffer_size_3,throughput_1,avg_p_latency_2,avg_p_latency_1,buffer_size_1,python_gc_objects_collected_total_1,buffer_size_2,throughput_3",,,0.3541350639425218,0.2608472369611263,14.445577448001131,828.0,519.0,,,False,30,
throughput_3,8,2.0,mrmr,kmeans,aic,0.894580549368968,0.8297413297486065,25.314724078198463,,,0.7453600593912398,0.6481247765954522,61.14753773818362,0.9510022271714922,0.7453600593912398,0.0,9.0,"throughput_2,buffer_size_3,throughput_1,avg_p_latency_2,avg_p_latency_1,buffer_size_1,python_gc_objects_collected_total_1,buffer_size_2,throughput_3",,,0.6082776139955968,0.19405686692334712,14.570942313992418,1286.0,61.0,,,False,30,
throughput_3,8,3.0,mrmr,kmeans,aic,0.8277654046028211,0.7671533242786728,31.004002636095805,,,0.44988864142538976,0.39978250708020563,99.84776367013497,0.9265033407572383,0.44988864142538976,0.0,9.0,"throughput_2,buffer_size_3,throughput_1,avg_p_latency_2,avg_p_latency_1,buffer_size_1,python_gc_objects_collected_total_1,buffer_size_2,throughput_3",,,0.9107549430336803,0.22353896708227694,14.919570164987817,1153.0,194.0,,,False,30,
throughput_3,8,4.0,mrmr,kmeans,aic,0.7201187824795843,0.5474144792899208,44.24724747064477,,,0.44766146993318484,0.37435570128406054,94.73243681950947,0.9161098737936154,0.44766146993318484,0.0,9.0,"throughput_2,buffer_size_3,throughput_1,avg_p_latency_2,avg_p_latency_1,buffer_size_1,python_gc_objects_collected_total_1,buffer_size_2,throughput_3",,,0.9235665469896048,0.42280811502132565,15.150162371923216,1072.0,275.0,,,False,30,
throughput_3,8,5.0,mrmr,kmeans,aic,0.576837416481069,0.46531109593879233,62.68997464646794,,,0.2858203414996288,0.2754892903296764,107.99846471377408,0.8804751299183371,0.2858203414996288,0.0,9.0,"throughput_2,buffer_size_3,throughput_1,avg_p_latency_2,avg_p_latency_1,buffer_size_1,python_gc_objects_collected_total_1,buffer_size_2,throughput_3",,,1.4840496890246868,0.2847943890374154,15.55206873791758,975.0,372.0,,,False,30,
throughput_3,8,6.0,mrmr,kmeans,aic,0.623608017817372,0.43220093559912287,37.867840309717984,,,0.25092798812175204,0.21759451730869697,117.70653090533958,0.8775055679287305,0.25092798812175204,0.0,9.0,"throughput_2,buffer_size_3,throughput_1,avg_p_latency_2,avg_p_latency_1,buffer_size_1,python_gc_objects_collected_total_1,buffer_size_2,throughput_3",,,1.3135915420716628,0.41943282005377114,15.547507311915979,910.0,437.0,,,False,30,
throughput_3,8,8.0,mrmr,kmeans,aic,0.6169265033407573,0.520971047758195,46.79477949133767,,,0.25092798812175204,0.2048649605433199,114.85640908517944,0.8678544914625093,0.25092798812175204,0.0,9.0,"throughput_2,buffer_size_3,throughput_1,avg_p_latency_2,avg_p_latency_1,buffer_size_1,python_gc_objects_collected_total_1,buffer_size_2,throughput_3",,,0.5811434439383447,0.3019045959226787,14.93133290600963,828.0,519.0,,,False,30,
throughput_3,8,,mrmr,dbscan,bic,0.08611729769858946,0.04552754575901762,103.65360533977545,,,0.09502598366740905,0.04152576612596705,104.42724471089282,0.5419450631031922,0.09502598366740905,9.0,8.0,"throughput_2,buffer_size_3,throughput_1,avg_p_latency_2,avg_p_latency_1,buffer_size_1,buffer_size_2,throughput_3",,,0.36635144194588065,0.29089976905379444,14.9982198899379,506.0,841.0,,,False,30,
throughput_3,8,,mrmr,dbscan,aic,0.19227913882702302,0.09258260104176301,66.07709646307998,,,0.09502598366740905,0.04152576612596705,104.42724471089282,0.5419450631031922,0.09502598366740905,9.0,8.0,"throughput_2,buffer_size_3,throughput_1,avg_p_latency_2,avg_p_latency_1,buffer_size_1,buffer_size_2,throughput_3",,,0.7254077509278432,0.4489031459670514,15.119817252038047,220.0,1127.0,,,False,30,
throughput_3,8,2.0,pca,classic_uniform,bic,0.8351893095768375,0.7403156919018432,39.576540460282104,,,0.8351893095768375,0.7440674750474306,39.576540460282104,0.9628804751299184,0.8351893095768375,0.0,9.0,"pca_1,pca_2,pca_3,pca_4,pca_5,pca_6,pca_7,pca_8,throughput_3",,,0.4392749030375853,0.13932533795014024,0.899493788019754,1314.0,33.0,,,False,30,
throughput_3,8,3.0,pca,classic_uniform,bic,0.6889383815887157,0.5611434614755558,66.43629464653964,,,0.6993318485523385,0.5641388270230142,62.63314361131733,0.9198218262806236,0.6993318485523385,0.0,9.0,"pca_1,pca_2,pca_3,pca_4,pca_5,pca_6,pca_7,pca_8,throughput_3",,,0.46807209495455027,0.1741137959761545,0.9496548939496279,1277.0,70.0,,,False,30,
throughput_3,8,4.0,pca,classic_uniform,bic,0.44320712694877507,0.37763432287765547,94.30626082652807,,,0.4669636228656273,0.38632936016937497,91.6321702548874,0.8960653303637713,0.4669636228656273,0.0,9.0,"pca_1,pca_2,pca_3,pca_4,pca_5,pca_6,pca_7,pca_8,throughput_3",,,0.4254602820146829,0.19050155894365162,0.9672259939834476,1244.0,103.0,,,False,30,
throughput_3,8,5.0,pca,classic_uniform,bic,0.4446919079435783,0.33175285115924685,94.76976985894579,,,0.4446919079435783,0.33940677500068733,94.76976985894579,0.8975501113585747,0.4446919079435783,0.0,9.0,"pca_1,pca_2,pca_3,pca_4,pca_5,pca_6,pca_7,pca_8,throughput_3",,,0.4792541059432551,0.222827916033566,1.053628767025657,1160.0,187.0,,,False,30,
throughput_3,8,6.0,pca,classic_uniform,bic,0.2806236080178174,0.27166916909344246,110.88562237070033,,,0.2969561989606533,0.27455552805961125,104.94319887816549,0.8485523385300668,0.2969561989606533,0.0,9.0,"pca_1,pca_2,pca_3,pca_4,pca_5,pca_6,pca_7,pca_8,throughput_3",,,0.41475820494815707,0.22929831792134792,0.9969973569968715,1185.0,162.0,,,False,30,
throughput_3,8,8.0,pca,classic_uniform,bic,0.22865627319970305,0.21494210258068464,126.93016580054442,,,0.25315515961395696,0.21020989716516816,116.10009898539964,0.8418708240534521,0.25315515961395696,0.0,9.0,"pca_1,pca_2,pca_3,pca_4,pca_5,pca_6,pca_7,pca_8,throughput_3",,,0.35036145499907434,0.1950089930323884,0.9210613019531593,1083.0,264.0,,,False,30,
throughput_3,8,2.0,pca,classic_uniform,aic,0.8351893095768375,0.7440349653354776,39.576540460282104,,,0.8351893095768375,0.7440674750474306,39.576540460282104,0.9628804751299184,0.8351893095768375,0.0,9.0,"pca_1,pca_2,pca_3,pca_4,pca_5,pca_6,pca_7,pca_8,throughput_3",,,0.6639485399937257,0.14174396602902561,1.114546558004804,1314.0,33.0,,,False,30,
throughput_3,8,3.0,pca,classic_uniform,aic,0.6896807720861173,0.5419976845036841,65.60435535758477,,,0.6993318485523385,0.5641388270230142,62.63314361131733,0.9198218262806236,0.6993318485523385,0.0,9.0,"pca_1,pca_2,pca_3,pca_4,pca_5,pca_6,pca_7,pca_8,throughput_3",,,0.9045196210499853,0.2025100460741669,1.42453417298384,1277.0,70.0,,,False,30,
throughput_3,8,4.0,pca,classic_uniform,aic,0.42316258351893093,0.3384153484973656,98.49566938876515,,,0.4669636228656273,0.38632936016937497,91.6321702548874,0.8960653303637713,0.4669636228656273,0.0,9.0,"pca_1,pca_2,pca_3,pca_4,pca_5,pca_6,pca_7,pca_8,throughput_3",,,0.8298193840309978,0.17237118096090853,1.3201993579277769,1244.0,103.0,,,False,30,
throughput_3,8,5.0,pca,classic_uniform,aic,0.42316258351893093,0.3116615510769157,102.04329621380847,,,0.4446919079435783,0.33940677500068733,94.76976985894579,0.8975501113585747,0.4446919079435783,0.0,9.0,"pca_1,pca_2,pca_3,pca_4,pca_5,pca_6,pca_7,pca_8,throughput_3",,,1.1725022030295804,0.2316373309586197,1.7386091289808974,1160.0,187.0,,,False,30,
throughput_3,8,6.0,pca,classic_uniform,aic,0.25760950259836674,0.2634620289839869,117.30343974263796,,,0.2969561989606533,0.27455552805961125,104.94319887816549,0.8485523385300668,0.2969561989606533,0.0,9.0,"pca_1,pca_2,pca_3,pca_4,pca_5,pca_6,pca_7,pca_8,throughput_3",,,0.562163777067326,0.24167481902986765,1.159338394063525,1185.0,162.0,,,False,30,
throughput_3,8,8.0,pca,classic_uniform,aic,0.2613214550853749,0.2173800998583513,114.45107646622121,,,0.25315515961395696,0.21020989716516816,116.10009898539964,0.8418708240534521,0.25315515961395696,0.0,9.0,"pca_1,pca_2,pca_3,pca_4,pca_5,pca_6,pca_7,pca_8,throughput_3",,,0.5414471550611779,0.20421299699228257,1.106662436039187,1083.0,264.0,,,False,30,
throughput_3,8,2.0,pca,classic_quantile,bic,0.5441722345953972,0.520652116661045,109.45944073249194,,,0.43875278396436523,0.5,134.7741648106904,0.9547141796585004,0.5612472160356348,1.0,9.0,"pca_1,pca_2,pca_3,pca_4,pca_5,pca_6,pca_7,pca_8,throughput_3",,,0.45929890498518944,0.18967476300895214,0.9926269470015541,1282.0,65.0,,,False,30,
throughput_3,8,3.0,pca,classic_quantile,bic,0.36080178173719374,0.3392944004125953,128.610199620556,,,0.3838158871566444,0.33338282603316005,101.79754598696694,0.9034892353377877,0.3838158871566444,1.0,9.0,"pca_1,pca_2,pca_3,pca_4,pca_5,pca_6,pca_7,pca_8,throughput_3",,,0.568444291013293,0.19871163205243647,1.1547679199138656,1161.0,186.0,,,False,30,
throughput_3,8,4.0,pca,classic_quantile,bic,0.28507795100222716,0.251634598444835,128.17521653056173,,,0.12694877505567928,0.24998178393686932,131.78745360059392,0.9079435783221975,0.12694877505567928,0.0,9.0,"pca_1,pca_2,pca_3,pca_4,pca_5,pca_6,pca_7,pca_8,throughput_3",,,0.5069760059705004,0.30232203600462526,1.1574816830689088,1099.0,248.0,,,False,30,
throughput_3,8,5.0,pca,classic_quantile,bic,0.20044543429844097,0.20231538097030577,150.4390249938134,,,0.14996288047512993,0.20002942066045257,117.27908933432317,0.8626577579806979,0.14996288047512993,1.0,9.0,"pca_1,pca_2,pca_3,pca_4,pca_5,pca_6,pca_7,pca_8,throughput_3",,,0.6912969230907038,0.27560854598414153,1.3002793729538098,995.0,352.0,,,False,30,
throughput_3,8,6.0,pca,classic_quantile,bic,0.16258351893095768,0.17107324382317254,120.43743297863567,,,0.19970304380103934,0.1666703786191537,201.82587230883442,0.8596881959910914,0.19970304380103934,5.0,9.0,"pca_1,pca_2,pca_3,pca_4,pca_5,pca_6,pca_7,pca_8,throughput_3",,,0.4856212279992178,0.42145054100546986,1.2879023919813335,929.0,418.0,,,False,30,
throughput_3,8,8.0,pca,classic_quantile,bic,0.12323682256867112,0.12606827073734872,130.87882640435535,,,0.15293244246473645,0.12515339299953257,91.66214736451374,0.8433556050482554,0.15293244246473645,5.0,9.0,"pca_1,pca_2,pca_3,pca_4,pca_5,pca_6,pca_7,pca_8,throughput_3",,,0.5133098009973764,0.3328289140481502,1.224883284070529,865.0,482.0,,,False,30,
throughput_3,8,2.0,pca,classic_quantile,aic,0.5463994060876021,0.509110621393919,108.92462261816381,,,0.43875278396436523,0.5,134.7741648106904,0.9547141796585004,0.5612472160356348,1.0,9.0,"pca_1,pca_2,pca_3,pca_4,pca_5,pca_6,pca_7,pca_8,throughput_3",,,0.6717668080236763,0.195654031005688,1.1728356269886717,1282.0,65.0,,,False,30,
throughput_3,8,3.0,pca,classic_quantile,aic,0.36971046770601335,0.3412590526035872,129.7473150210344,,,0.3838158871566444,0.33338282603316005,101.79754598696694,0.9034892353377877,0.3838158871566444,1.0,9.0,"pca_1,pca_2,pca_3,pca_4,pca_5,pca_6,pca_7,pca_8,throughput_3",,,1.2987684529507533,0.2324415190378204,1.8553505439776927,1161.0,186.0,,,False,30,
throughput_3,8,4.0,pca,classic_quantile,aic,0.2256867112100965,0.24953896443178905,116.5591994555803,,,0.12694877505567928,0.24998178393686932,131.78745360059392,0.9079435783221975,0.12694877505567928,0.0,9.0,"pca_1,pca_2,pca_3,pca_4,pca_5,pca_6,pca_7,pca_8,throughput_3",,,3.746079306001775,0.21518491301685572,4.308998422930017,1099.0,248.0,,,False,30,
throughput_3,8,5.0,pca,classic_quantile,aic,0.17223459539717892,0.1899036806068718,131.76778025241276,,,0.14996288047512993,0.20002942066045257,117.27908933432317,0.8626577579806979,0.14996288047512993,1.0,9.0,"pca_1,pca_2,pca_3,pca_4,pca_5,pca_6,pca_7,pca_8,throughput_3",,,3.7717828958993778,0.29450290999375284,4.418800262967125,995.0,352.0,,,False,30,
throughput_3,8,6.0,pca,classic_quantile,aic,0.21306607275426875,0.18543396386946148,103.76619648601832,,,0.19970304380103934,0.1666703786191537,201.82587230883442,0.8596881959910914,0.19970304380103934,5.0,9.0,"pca_1,pca_2,pca_3,pca_4,pca_5,pca_6,pca_7,pca_8,throughput_3",,,4.805191646097228,0.2854886290151626,5.498379677068442,929.0,418.0,,,False,30,
throughput_3,8,8.0,pca,classic_quantile,aic,0.12843355605048257,0.12255203373929968,116.89166666666668,,,0.15293244246473645,0.12515339299953257,91.66214736451374,0.8433556050482554,0.15293244246473645,5.0,9.0,"pca_1,pca_2,pca_3,pca_4,pca_5,pca_6,pca_7,pca_8,throughput_3",,,0.8593758429633453,0.2915627449983731,1.5524755439255387,865.0,482.0,,,False,30,
throughput_3,8,2.0,pca,kmeans,bic,0.7453600593912398,0.6347860497951878,61.14753773818362,,,0.7453600593912398,0.6481247765954522,61.14753773818362,0.9510022271714922,0.7453600593912398,0.0,9.0,"pca_1,pca_2,pca_3,pca_4,pca_5,pca_6,pca_7,pca_8,throughput_3",,,0.4443286140449345,0.14814263698644936,0.9774463039357215,1300.0,47.0,,,False,30,
throughput_3,8,3.0,pca,kmeans,bic,0.43801039346696363,0.40127122925983744,104.20150874685405,,,0.44988864142538976,0.39978250708020563,99.84776367013497,0.9265033407572383,0.44988864142538976,0.0,9.0,"pca_1,pca_2,pca_3,pca_4,pca_5,pca_6,pca_7,pca_8,throughput_3",,,0.4871593040879816,0.24416410399135202,1.1569448449881747,1214.0,133.0,,,False,30,
throughput_3,8,4.0,pca,kmeans,bic,0.44766146993318484,0.37273695315441113,94.73243681950947,,,0.44766146993318484,0.3743557012840606,94.73243681950947,0.9161098737936154,0.44766146993318484,0.0,9.0,"pca_1,pca_2,pca_3,pca_4,pca_5,pca_6,pca_7,pca_8,throughput_3",,,0.4295125239295885,0.23417217703536153,1.0858449010411277,1147.0,200.0,,,False,30,
throughput_3,8,5.0,pca,kmeans,bic,0.24350408314773572,0.26918444411545506,126.45410606132042,,,0.2858203414996288,0.2754892903296764,107.99846471377408,0.8804751299183371,0.2858203414996288,0.0,9.0,"pca_1,pca_2,pca_3,pca_4,pca_5,pca_6,pca_7,pca_8,throughput_3",,,0.42893335793633014,0.2867998540168628,1.1611787719884887,1091.0,256.0,,,False,30,
throughput_3,8,6.0,pca,kmeans,bic,0.21083890126206384,0.21228585434475183,135.1994677484034,,,0.25092798812175204,0.21759451730869697,117.70653090533958,0.8775055679287305,0.25092798812175204,0.0,9.0,"pca_1,pca_2,pca_3,pca_4,pca_5,pca_6,pca_7,pca_8,throughput_3",,,0.4433609399711713,0.28169552504550666,1.146126793930307,1080.0,267.0,,,False,30,
throughput_3,8,8.0,pca,kmeans,bic,0.24276169265033407,0.19239099112925193,115.15579630024449,,,0.25092798812175204,0.2048649605433199,114.85640908517944,0.8678544914625093,0.25092798812175204,0.0,9.0,"pca_1,pca_2,pca_3,pca_4,pca_5,pca_6,pca_7,pca_8,throughput_3",,,0.413692767964676,0.2328424359438941,1.086580459959805,1036.0,311.0,,,False,30,
throughput_3,8,2.0,pca,kmeans,aic,0.7446176688938382,0.6399202394582474,61.325810442959664,,,0.7453600593912398,0.6481247765954522,61.14753773818362,0.9510022271714922,0.7453600593912398,0.0,9.0,"pca_1,pca_2,pca_3,pca_4,pca_5,pca_6,pca_7,pca_8,throughput_3",,,0.6816674040164798,0.14679472101852298,1.2293278289726004,1300.0,47.0,,,False,30,
throughput_3,8,3.0,pca,kmeans,aic,0.44691907943578324,0.4011464869929062,97.80826009381452,,,0.44988864142538976,0.39978250708020563,99.84776367013497,0.9265033407572383,0.44988864142538976,0.0,9.0,"pca_1,pca_2,pca_3,pca_4,pca_5,pca_6,pca_7,pca_8,throughput_3",,,1.192343162954785,0.17427843098994344,1.7744679359020665,1214.0,133.0,,,False,30,
throughput_3,8,4.0,pca,kmeans,aic,0.36971046770601335,0.3392039140372829,124.05076490528376,,,0.44766146993318484,0.3743557012840606,94.73243681950947,0.9161098737936154,0.44766146993318484,0.0,9.0,"pca_1,pca_2,pca_3,pca_4,pca_5,pca_6,pca_7,pca_8,throughput_3",,,2.6883411209564656,0.25693295896053314,3.3669498190283775,1147.0,200.0,,,False,30,
throughput_3,8,5.0,pca,kmeans,aic,0.2746844840386043,0.25683797848209605,110.87092517905255,,,0.2858203414996288,0.2754892903296764,107.99846471377408,0.8804751299183371,0.2858203414996288,0.0,9.0,"pca_1,pca_2,pca_3,pca_4,pca_5,pca_6,pca_7,pca_8,throughput_3",,,1.276806447072886,0.21424325101543218,1.9065128220245242,1091.0,256.0,,,False,30,
throughput_3,8,6.0,pca,kmeans,aic,0.21603563474387527,0.2295862371749762,117.90514254741895,,,0.25092798812175204,0.21759451730869697,117.70653090533958,0.8775055679287305,0.25092798812175204,0.0,9.0,"pca_1,pca_2,pca_3,pca_4,pca_5,pca_6,pca_7,pca_8,throughput_3",,,2.519700707984157,0.22313101298641413,3.1992477100575343,1080.0,267.0,,,False,30,
throughput_3,8,8.0,pca,kmeans,aic,0.1915367483296214,0.19023380600539494,132.06432504085132,,,0.25092798812175204,0.2048649605433199,114.85640908517944,0.8678544914625093,0.25092798812175204,0.0,9.0,"pca_1,pca_2,pca_3,pca_4,pca_5,pca_6,pca_7,pca_8,throughput_3",,,0.8359388259705156,0.3201740150107071,1.61836718802806,1036.0,311.0,,,False,30,
throughput_3,8,,pca,dbscan,bic,0.09502598366740905,0.04152576612596702,104.42724471089282,,,0.09502598366740905,0.04152576612596702,104.42724471089282,0.5419450631031922,0.09502598366740905,9.0,1.0,throughput_3,,,0.016598906950093806,0.011603774968534708,0.21643067407421768,1346.0,1.0,,,False,30,
throughput_3,8,,pca,dbscan,aic,,,,,,,,,,,,,,,,,,0.09085535199847072,,,,,False,30,The node throughput_3_t1 is not in the digraph.
throughput_3,12,2.0,markov,classic_uniform,bic,0.9576837416481069,0.8477708743768106,10.161544172234594,,,0.8351893095768375,0.7440674750474306,39.576540460282104,0.9628804751299184,0.8351893095768375,0.0,13.0,"throughput_2,data_quality_3,cores_1,buffer_size_1,data_quality_1,avg_p_latency_1,buffer_size_2,cores_2,throughput_1,buffer_size_3,python_gc_objects_collected_total_1,python_gc_objects_collected_total_2,throughput_3",10.0,padded,1.0497073790756986,0.27622236707247794,11.524088138947263,1289.0,58.0,saved_dbn_models_top5_20260313_192652_seed783122/rank5_dbn_throughput_3_K12_markov_classic_uniform_bic_bins2.pkl,saved_dbn_models_top5_20260313_192652_seed783122/rank5_dbn_throughput_3_K12_markov_classic_uniform_bic_bins2_edges.csv,False,30,
throughput_3,12,3.0,markov,classic_uniform,bic,0.8626577579806979,0.7290354597354501,24.24508784954219,,,0.6993318485523385,0.5641388270230142,62.63314361131733,0.9198218262806236,0.6993318485523385,0.0,13.0,"throughput_2,data_quality_2,cores_2,throughput_1,buffer_size_3,python_gc_objects_collected_total_1,python_gc_objects_collected_total_2,python_gc_objects_collected_total_3,avg_p_latency_1,python_gc_collections_total_4,python_gc_collections_total_1,python_gc_collections_total_7,throughput_3",5.0,padded,0.8678276650607586,0.28986631706357,9.68880916305352,1259.0,88.0,,,False,30,
throughput_3,12,4.0,markov,classic_uniform,bic,0.7802524127691166,0.6898291219321877,30.752041573867853,,,0.4669636228656273,0.38632936016937497,91.6321702548874,0.8960653303637713,0.4669636228656273,0.0,13.0,"throughput_2,scrape_duration_seconds_3,data_quality_1,throughput_1,buffer_size_3,python_gc_objects_collected_total_1,python_gc_objects_collected_total_2,python_gc_objects_collected_total_3,avg_p_latency_1,python_gc_collections_total_4,python_gc_collections_total_1,python_gc_collections_total_7,throughput_3",5.0,padded,0.8242347330087796,0.3824635490309447,8.657814968028106,1224.0,123.0,,,False,30,
throughput_3,12,5.0,markov,classic_uniform,bic,0.7980697847067557,0.6821701747986298,24.601633259094285,,,0.4446919079435783,0.33940677500068733,94.76976985894579,0.8975501113585747,0.4446919079435783,0.0,13.0,"throughput_2,scrape_duration_seconds_3,data_quality_3,buffer_size_3,throughput_1,python_gc_objects_collected_total_1,python_gc_objects_collected_total_2,python_gc_objects_collected_total_3,avg_p_latency_1,python_gc_collections_total_4,python_gc_collections_total_1,python_gc_collections_total_7,throughput_3",4.0,padded,0.7912939970847219,0.32354926597326994,7.810750501928851,1159.0,188.0,,,False,30,
throughput_3,12,6.0,markov,classic_uniform,bic,0.7045285820341499,0.6158176670595688,35.060298605955616,,,0.2969561989606533,0.27455552805961125,104.94319887816549,0.8485523385300668,0.2969561989606533,0.0,13.0,"throughput_2,cores_1,data_quality_1,throughput_1,buffer_size_3,python_gc_objects_collected_total_1,python_gc_objects_collected_total_2,python_gc_objects_collected_total_3,avg_p_latency_1,python_gc_collections_total_4,python_gc_collections_total_1,python_gc_collections_total_7,throughput_3",4.0,padded,0.841556441038847,0.31974832294508815,7.671091516967863,1121.0,226.0,,,False,30,
throughput_3,12,8.0,markov,classic_uniform,bic,0.635486265775798,0.517166359509136,40.02222222222222,,,0.25315515961395696,0.21020989716516816,116.10009898539964,0.8418708240534521,0.25315515961395696,0.0,13.0,"cores_1,throughput_2,data_quality_1,throughput_1,buffer_size_3,python_gc_objects_collected_total_1,python_gc_objects_collected_total_2,python_gc_objects_collected_total_3,avg_p_latency_1,python_gc_collections_total_4,python_gc_collections_total_1,python_gc_collections_total_7,throughput_3",3.0,padded,0.9337215219857171,0.36339465097989887,7.12404335103929,1045.0,302.0,,,False,30,
throughput_3,12,2.0,markov,classic_uniform,aic,0.9584261321455085,0.8699140168030236,9.98327146745855,,,0.8351893095768375,0.7440674750474306,39.576540460282104,0.9628804751299184,0.8351893095768375,0.0,13.0,"throughput_2,data_quality_3,cores_1,data_quality_1,buffer_size_3,throughput_1,python_gc_objects_collected_total_1,python_gc_objects_collected_total_2,python_gc_objects_collected_total_3,avg_p_latency_1,python_gc_collections_total_4,python_gc_collections_total_1,throughput_3",5.0,padded,1.2372230200562626,0.2521823860006407,17.15332109690644,1320.0,27.0,saved_dbn_models_top5_20260313_192652_seed783122/rank4_dbn_throughput_3_K12_markov_classic_uniform_aic_bins2.pkl,saved_dbn_models_top5_20260313_192652_seed783122/rank4_dbn_throughput_3_K12_markov_classic_uniform_aic_bins2_edges.csv,False,30,
throughput_3,12,3.0,markov,classic_uniform,aic,0.8723088344469191,0.4277141509904438,24.839330198795675,,,0.6993318485523385,0.5641388270230142,62.63314361131733,0.9198218262806236,0.6993318485523385,0.0,13.0,"throughput_2,process_resident_memory_bytes_2,cores_1,data_quality_2,cores_2,throughput_1,buffer_size_3,python_gc_objects_collected_total_1,python_gc_objects_collected_total_2,python_gc_objects_collected_total_3,avg_p_latency_1,python_gc_collections_total_4,throughput_3",7.0,padded,1.796593953971751,0.4011151910526678,11.885402858955786,1236.0,111.0,,,False,30,
throughput_3,12,4.0,markov,classic_uniform,aic,0.7921306607275427,0.5105239491912188,28.167087354615195,,,0.4669636228656273,0.38632936016937497,91.6321702548874,0.8960653303637713,0.4669636228656273,0.0,13.0,"throughput_2,scrape_duration_seconds_3,data_quality_3,data_quality_1,cores_2,throughput_1,buffer_size_3,python_gc_objects_collected_total_1,python_gc_objects_collected_total_2,python_gc_objects_collected_total_3,avg_p_latency_1,python_gc_collections_total_4,throughput_3",7.0,padded,1.3179932510247454,0.42015421006362885,10.17615238390863,1160.0,187.0,,,False,30,
throughput_3,12,5.0,markov,classic_uniform,aic,0.7112100965107646,0.5624024486353678,37.72250433061124,,,0.4446919079435783,0.33940677500068733,94.76976985894579,0.8975501113585747,0.4446919079435783,0.0,13.0,"throughput_2,scrape_duration_seconds_3,cores_1,data_quality_1,cores_2,process_cpu_seconds_total_1,buffer_size_3,throughput_1,python_gc_objects_collected_total_1,python_gc_objects_collected_total_2,python_gc_objects_collected_total_3,avg_p_latency_1,throughput_3",7.0,padded,1.351894487044774,0.3518025130033493,9.036338857957162,1138.0,209.0,,,False,30,
throughput_3,12,6.0,markov,classic_uniform,aic,0.6065330363771344,0.33122612304074495,44.56817619401138,,,0.2969561989606533,0.27455552805961125,104.94319887816549,0.8485523385300668,0.2969561989606533,0.0,13.0,"throughput_2,python_gc_collections_total_8,scrape_duration_seconds_3,cores_1,data_quality_1,buffer_size_3,throughput_1,python_gc_objects_collected_total_1,python_gc_objects_collected_total_2,python_gc_objects_collected_total_3,avg_p_latency_1,python_gc_collections_total_4,throughput_3",6.0,padded,1.558513491996564,0.4660959579050541,9.452015361981466,1103.0,244.0,,,False,30,
throughput_3,12,8.0,markov,classic_uniform,aic,0.5657015590200446,0.40665997212161464,49.292402870576595,,,0.25315515961395696,0.21020989716516816,116.10009898539964,0.8418708240534521,0.25315515961395696,0.0,13.0,"throughput_2,scrape_duration_seconds_3,cores_1,buffer_size_1,data_quality_1,throughput_1,buffer_size_3,python_gc_objects_collected_total_1,python_gc_objects_collected_total_2,python_gc_objects_collected_total_3,avg_p_latency_1,python_gc_collections_total_4,throughput_3",7.0,padded,1.2156874050851911,0.5327117660781369,8.425926420954056,875.0,472.0,,,False,30,
throughput_3,12,2.0,markov,classic_quantile,bic,0.8723088344469191,0.7956366281657912,30.662905221479832,,,0.43875278396436523,0.5,134.7741648106904,0.9547141796585004,0.5612472160356348,1.0,13.0,"throughput_2,scrape_duration_seconds_3,scrape_duration_seconds_2,data_quality_1,cores_3,cores_2,buffer_size_3,avg_p_latency_2,throughput_1,python_gc_objects_collected_total_1,python_gc_objects_collected_total_2,python_gc_objects_collected_total_3,throughput_3",8.0,padded,1.264689875068143,0.4264126569032669,11.961118699982762,1187.0,160.0,,,False,30,
throughput_3,12,3.0,markov,classic_quantile,bic,0.7928730512249443,0.7424958591317006,27.947075806318576,,,0.3838158871566444,0.33338282603316005,101.79754598696694,0.9034892353377877,0.3838158871566444,1.0,13.0,"throughput_2,cores_1,avg_p_latency_1,cores_3,cores_2,buffer_size_3,avg_p_latency_2,throughput_1,python_gc_objects_collected_total_1,python_gc_objects_collected_total_2,python_gc_objects_collected_total_3,python_gc_collections_total_4,throughput_3",7.0,padded,1.1820484899217263,0.3354741670191288,9.635647631948814,1183.0,164.0,,,False,30,
throughput_3,12,4.0,markov,classic_quantile,bic,0.6585003711952487,0.5847660580890298,42.19388146498392,,,0.12694877505567928,0.24998178393686932,131.78745360059392,0.9079435783221975,0.12694877505567928,0.0,13.0,"throughput_2,cores_1,avg_p_latency_3,data_quality_1,cores_2,buffer_size_3,throughput_1,python_gc_objects_collected_total_1,python_gc_objects_collected_total_2,python_gc_objects_collected_total_3,avg_p_latency_1,python_gc_collections_total_4,throughput_3",6.0,padded,1.0518477719742805,0.3587154180277139,8.938509738072753,1120.0,227.0,,,False,30,
throughput_3,12,5.0,markov,classic_quantile,bic,0.7134372680029696,0.5185677484849108,25.05829002722098,,,0.14996288047512993,0.20002942066045257,117.27908933432317,0.8626577579806979,0.14996288047512993,1.0,13.0,"throughput_2,cores_1,data_quality_2,avg_p_latency_3,avg_p_latency_1,buffer_size_3,throughput_1,python_gc_objects_collected_total_1,python_gc_objects_collected_total_2,python_gc_objects_collected_total_3,python_gc_collections_total_4,python_gc_collections_total_1,throughput_3",6.0,padded,1.0461393169825897,0.3796456790296361,8.628949746023864,1036.0,311.0,,,False,30,
throughput_3,12,6.0,markov,classic_quantile,bic,0.623608017817372,0.5048701364261272,41.728660397591355,,,0.19970304380103934,0.1666703786191537,201.82587230883442,0.8596881959910914,0.19970304380103934,5.0,13.0,"throughput_2,data_quality_3,cores_1,data_quality_1,cores_2,buffer_size_3,throughput_1,python_gc_objects_collected_total_1,python_gc_objects_collected_total_2,python_gc_objects_collected_total_3,avg_p_latency_1,python_gc_collections_total_4,throughput_3",6.0,padded,1.0419145510531962,0.39369884005282074,8.440895171952434,1050.0,297.0,,,False,30,
throughput_3,12,8.0,markov,classic_quantile,bic,0.5835189309576837,0.497050704108974,34.75477295223954,,,0.15293244246473645,0.12515339299953257,91.66214736451374,0.8433556050482554,0.15293244246473645,5.0,13.0,"throughput_2,cores_1,data_quality_1,buffer_size_3,throughput_1,python_gc_objects_collected_total_1,python_gc_objects_collected_total_2,python_gc_objects_collected_total_3,avg_p_latency_1,python_gc_collections_total_4,python_gc_collections_total_1,python_gc_collections_total_7,throughput_3",4.0,padded,0.846835080999881,0.37638873304240406,8.033092846977524,1014.0,333.0,,,False,30,
throughput_3,12,2.0,markov,classic_quantile,aic,0.8619153674832962,0.6695216723520822,33.15872308834447,,,0.43875278396436523,0.5,134.7741648106904,0.9547141796585004,0.5612472160356348,1.0,13.0,"throughput_2,scrape_duration_seconds_3,cores_1,buffer_size_1,scrape_duration_seconds_2,avg_p_latency_3,data_quality_1,cores_3,cores_2,buffer_size_3,avg_p_latency_2,python_gc_objects_collected_total_4,throughput_3",12.0,none,1.5753618970047683,0.4853199820499867,18.698945575975813,1114.0,233.0,,,False,30,
throughput_3,12,3.0,markov,classic_quantile,aic,0.8559762435040832,0.7474302404108581,22.380446259176775,,,0.3838158871566444,0.33338282603316005,101.79754598696694,0.9034892353377877,0.3838158871566444,1.0,13.0,"process_virtual_memory_bytes_2,throughput_2,data_quality_3,cores_1,buffer_size_1,avg_p_latency_3,avg_p_latency_1,cores_3,cores_2,buffer_size_2,buffer_size_3,avg_p_latency_2,throughput_3",12.0,none,1.7972381570143625,0.5815054110717028,12.555522726033814,1040.0,307.0,,,False,30,
throughput_3,12,4.0,markov,classic_quantile,aic,0.5129918337045286,0.43214513226736845,64.92129423410046,,,0.12694877505567928,0.24998178393686932,131.78745360059392,0.9079435783221975,0.12694877505567928,0.0,13.0,"throughput_2,cores_1,avg_p_latency_3,data_quality_1,cores_3,cores_2,buffer_size_3,avg_p_latency_2,throughput_1,python_gc_objects_collected_total_1,python_gc_objects_collected_total_2,python_gc_objects_collected_total_3,throughput_3",8.0,padded,3.2046181549085304,0.6328952229814604,12.38492574391421,1079.0,268.0,,,False,30,
throughput_3,12,5.0,markov,classic_quantile,aic,0.682256867112101,0.4699561975209148,29.06082652808711,,,0.14996288047512993,0.20002942066045257,117.27908933432317,0.8626577579806979,0.14996288047512993,1.0,13.0,"throughput_2,cores_1,data_quality_2,avg_p_latency_3,avg_p_latency_1,cores_2,buffer_size_3,throughput_1,python_gc_objects_collected_total_1,python_gc_objects_collected_total_2,python_gc_objects_collected_total_3,python_gc_collections_total_4,throughput_3",7.0,padded,3.7028473149985075,0.5516067449934781,11.878267591935582,1019.0,328.0,,,False,30,
throughput_3,12,6.0,markov,classic_quantile,aic,0.5738678544914625,0.4067321818203529,41.38520580714345,,,0.19970304380103934,0.1666703786191537,201.82587230883442,0.8596881959910914,0.19970304380103934,5.0,13.0,"throughput_2,cores_1,data_quality_2,data_quality_1,avg_p_latency_1,cores_2,buffer_size_3,throughput_1,python_gc_objects_collected_total_1,python_gc_objects_collected_total_2,python_gc_objects_collected_total_3,python_gc_collections_total_4,throughput_3",7.0,padded,1.6873227989999577,0.43457692803349346,9.34311269596219,1049.0,298.0,,,False,30,
throughput_3,12,8.0,markov,classic_quantile,aic,0.5998515219005197,0.3782041817109994,42.93066691413016,,,0.15293244246473645,0.12515339299953257,91.66214736451374,0.8433556050482554,0.15293244246473645,5.0,13.0,"throughput_2,scrape_duration_seconds_3,buffer_size_1,scrape_duration_seconds_2,avg_p_latency_3,throughput_1,buffer_size_3,python_gc_objects_collected_total_1,python_gc_objects_collected_total_2,python_gc_objects_collected_total_3,avg_p_latency_1,python_gc_collections_total_4,throughput_3",7.0,padded,1.7595084350323305,1.0631423549493775,9.576360726030543,200.0,1147.0,,,False,30,
throughput_3,12,2.0,markov,kmeans,bic,0.9064587973273942,0.8231274415035109,22.462360801781738,,,0.7453600593912398,0.6481247765954522,61.14753773818362,0.9510022271714922,0.7453600593912398,0.0,13.0,"throughput_2,scrape_duration_seconds_3,data_quality_2,buffer_size_1,cores_3,buffer_size_3,throughput_1,python_gc_objects_collected_total_1,python_gc_objects_collected_total_2,python_gc_objects_collected_total_3,avg_p_latency_1,python_gc_collections_total_4,throughput_3",6.0,padded,1.0584784930106252,0.26685268606524915,11.599840851966292,1294.0,53.0,,,False,30,
throughput_3,12,3.0,markov,kmeans,bic,0.779510022271715,0.6956177307416223,37.00912564516391,,,0.44988864142538976,0.39978250708020563,99.84776367013497,0.9265033407572383,0.44988864142538976,0.0,13.0,"throughput_2,scrape_duration_seconds_3,buffer_size_1,avg_p_latency_3,avg_p_latency_1,throughput_1,buffer_size_3,python_gc_objects_collected_total_1,python_gc_objects_collected_total_2,python_gc_objects_collected_total_3,python_gc_collections_total_4,python_gc_collections_total_1,throughput_3",7.0,padded,1.013482845039107,0.39478593098465353,10.056253456044942,1156.0,191.0,,,False,30,
throughput_3,12,4.0,markov,kmeans,bic,0.8247958426132146,0.7520334502614089,23.75273240881901,,,0.44766146993318484,0.3743557012840606,94.73243681950947,0.9161098737936154,0.44766146993318484,0.0,13.0,"throughput_2,scrape_duration_seconds_3,data_quality_2,avg_p_latency_3,throughput_1,buffer_size_3,python_gc_objects_collected_total_1,python_gc_objects_collected_total_2,python_gc_objects_collected_total_3,avg_p_latency_1,python_gc_collections_total_4,python_gc_collections_total_1,throughput_3",6.0,padded,0.9509384130360559,0.3915558549342677,8.571606289013289,1136.0,211.0,,,False,30,
throughput_3,12,5.0,markov,kmeans,bic,0.7787676317743133,0.6788627189948223,25.579682637860643,,,0.2858203414996288,0.2754892903296764,107.99846471377408,0.8804751299183371,0.2858203414996288,0.0,13.0,"throughput_2,avg_p_latency_3,data_quality_1,cores_2,buffer_size_3,throughput_1,python_gc_objects_collected_total_1,python_gc_objects_collected_total_2,python_gc_objects_collected_total_3,avg_p_latency_1,python_gc_collections_total_4,python_gc_collections_total_1,throughput_3",5.0,padded,0.8158410970354453,0.3419326990842819,8.125174168031663,1080.0,267.0,,,False,30,
throughput_3,12,6.0,markov,kmeans,bic,0.43801039346696363,0.32681989667240385,81.93954434518628,,,0.25092798812175204,0.21759451730869697,117.70653090533958,0.8775055679287305,0.25092798812175204,0.0,13.0,"throughput_2,buffer_size_3,throughput_1,python_gc_objects_collected_total_1,python_gc_objects_collected_total_2,python_gc_objects_collected_total_3,avg_p_latency_1,python_gc_collections_total_4,python_gc_collections_total_1,python_gc_collections_total_7,python_gc_objects_collected_total_5,python_gc_objects_collected_total_6,throughput_3",2.0,padded,0.9206355980131775,0.30799373402260244,7.285728801973164,1115.0,232.0,,,False,30,
throughput_3,12,8.0,markov,kmeans,bic,0.6117297698589458,0.536222485432734,41.32168903712732,,,0.25092798812175204,0.2048649605433199,114.85640908517942,0.8678544914625093,0.25092798812175204,0.0,13.0,"throughput_2,data_quality_1,throughput_1,buffer_size_3,python_gc_objects_collected_total_1,python_gc_objects_collected_total_2,python_gc_objects_collected_total_3,avg_p_latency_1,python_gc_collections_total_4,python_gc_collections_total_1,python_gc_collections_total_7,python_gc_objects_collected_total_5,throughput_3",2.0,padded,0.8547402239637449,0.3337752379011363,6.821074571926147,1050.0,297.0,,,False,30,
throughput_3,12,2.0,markov,kmeans,aic,0.8923533778767632,0.8103064259931747,25.8495421925266,,,0.7453600593912398,0.6481247765954522,61.14753773818362,0.9510022271714922,0.7453600593912398,0.0,13.0,"process_virtual_memory_bytes_2,throughput_2,scrape_duration_seconds_3,data_quality_2,buffer_size_1,python_gc_objects_collected_total_7,avg_p_latency_1,buffer_size_2,cores_3,buffer_size_3,throughput_1,python_gc_objects_collected_total_1,throughput_3",10.0,padded,1.350463283015415,0.3903804550645873,18.66000333696138,1259.0,88.0,,,False,30,
throughput_3,12,3.0,markov,kmeans,aic,0.7527839643652561,0.47120669377538715,41.810919618131706,,,0.44988864142538976,0.39978250708020563,99.84776367013497,0.9265033407572383,0.44988864142538976,0.0,13.0,"throughput_2,python_gc_collections_total_8,scrape_duration_seconds_3,data_quality_3,cores_1,buffer_size_1,data_quality_1,avg_p_latency_1,cores_3,buffer_size_2,throughput_1,buffer_size_3,throughput_3",12.0,none,1.832184836966917,0.5349335290957242,13.042253626976162,1110.0,237.0,,,False,30,
throughput_3,12,4.0,markov,kmeans,aic,0.8270230141054195,0.5209043403550667,24.892054826603108,,,0.44766146993318484,0.3743557012840606,94.73243681950947,0.9161098737936154,0.44766146993318484,0.0,13.0,"throughput_2,scrape_duration_seconds_3,avg_p_latency_3,data_quality_1,buffer_size_3,throughput_1,python_gc_objects_collected_total_1,python_gc_objects_collected_total_2,python_gc_objects_collected_total_3,avg_p_latency_1,python_gc_collections_total_4,python_gc_collections_total_1,throughput_3",5.0,padded,1.4415309299947694,0.45073989301454276,9.965802078950219,1143.0,204.0,,,False,30,
throughput_3,12,5.0,markov,kmeans,aic,0.593170007423905,0.35711276590745666,63.60304090696871,,,0.2858203414996288,0.2754892903296764,107.99846471377408,0.8804751299183371,0.2858203414996288,0.0,13.0,"throughput_2,scrape_duration_seconds_3,scrape_duration_seconds_2,avg_p_latency_3,data_quality_1,cores_2,buffer_size_3,python_gc_objects_collected_total_4,throughput_1,python_gc_objects_collected_total_1,python_gc_objects_collected_total_2,python_gc_objects_collected_total_3,throughput_3",8.0,padded,2.361172450007871,0.6863862919854,10.830089455936104,877.0,470.0,,,False,30,
throughput_3,12,6.0,markov,kmeans,aic,0.5902004454342984,0.37709322655866784,40.39236250232742,,,0.25092798812175204,0.217594517308697,117.70653090533958,0.8775055679287305,0.25092798812175204,0.0,13.0,"throughput_2,scrape_duration_seconds_3,scrape_duration_seconds_2,buffer_size_3,throughput_1,python_gc_objects_collected_total_1,python_gc_objects_collected_total_2,python_gc_objects_collected_total_3,avg_p_latency_1,python_gc_collections_total_4,python_gc_collections_total_1,python_gc_collections_total_7,throughput_3",4.0,padded,1.068451673956588,0.6813903528964147,9.212648074957542,858.0,489.0,,,False,30,
throughput_3,12,8.0,markov,kmeans,aic,0.7282850779510023,0.5826702135432533,35.278312265162164,,,0.25092798812175204,0.2048649605433199,114.85640908517944,0.8678544914625093,0.25092798812175204,0.0,13.0,"throughput_2,buffer_size_3,throughput_1,python_gc_objects_collected_total_1,python_gc_objects_collected_total_2,python_gc_objects_collected_total_3,avg_p_latency_1,python_gc_collections_total_4,python_gc_collections_total_1,python_gc_collections_total_7,python_gc_objects_collected_total_5,python_gc_objects_collected_total_6,throughput_3",2.0,padded,0.9387927380157635,0.48460082500241697,7.791426633950323,1065.0,282.0,,,False,30,
throughput_3,12,,markov,dbscan,bic,0.25686711210096513,0.12278524007014083,95.53430693948681,,,0.09502598366740905,0.04152576612596705,104.42724471089282,0.5419450631031922,0.09502598366740905,9.0,11.0,"throughput_2,data_quality_3,cores_1,buffer_size_1,data_quality_1,avg_p_latency_1,buffer_size_2,cores_2,throughput_1,buffer_size_3,throughput_3",10.0,padded,0.4921755100367591,0.3192977560684085,10.866197295952588,475.0,872.0,,,False,30,
throughput_3,12,,markov,dbscan,aic,0.17965850037119524,0.08218732923577593,62.0785526318052,,,0.09502598366740905,0.04152576612596704,104.42724471089282,0.5419450631031922,0.09502598366740905,9.0,8.0,"throughput_2,data_quality_3,cores_1,data_quality_1,buffer_size_3,throughput_1,avg_p_latency_1,throughput_3",5.0,padded,0.5885498370043933,0.49341675301548094,16.543714207946323,560.0,787.0,,,False,30,
throughput_3,12,2.0,mrmr,classic_uniform,bic,0.9398663697104677,0.8387146985683849,14.440089086859688,,,0.8351893095768375,0.7440674750474306,39.576540460282104,0.9628804751299184,0.8351893095768375,0.0,13.0,"throughput_2,buffer_size_3,throughput_1,avg_p_latency_2,avg_p_latency_1,buffer_size_1,python_gc_objects_collected_total_1,buffer_size_2,avg_p_latency_3,data_quality_1,scrape_duration_seconds_2,cores_1,throughput_3",,,1.0778007310582325,0.28272783500142395,31.996390865999274,1279.0,68.0,,,False,30,
throughput_3,12,3.0,mrmr,classic_uniform,bic,0.8849294729027468,0.6036074883747766,20.560785284170585,,,0.6993318485523385,0.5641388270230142,62.63314361131733,0.9198218262806236,0.6993318485523385,0.0,13.0,"throughput_2,buffer_size_3,throughput_1,avg_p_latency_2,avg_p_latency_1,buffer_size_1,python_gc_objects_collected_total_1,buffer_size_2,avg_p_latency_3,data_quality_1,scrape_duration_seconds_2,cores_1,throughput_3",,,1.065509352949448,0.4020724800648168,32.19783013802953,1114.0,233.0,,,False,30,
throughput_3,12,4.0,mrmr,classic_uniform,bic,0.7193763919821826,0.6381365624889817,36.991586241029445,,,0.4669636228656273,0.38632936016937497,91.6321702548874,0.8960653303637713,0.4669636228656273,0.0,13.0,"throughput_2,buffer_size_3,throughput_1,avg_p_latency_2,avg_p_latency_1,buffer_size_1,python_gc_objects_collected_total_1,buffer_size_2,avg_p_latency_3,data_quality_1,scrape_duration_seconds_2,cores_1,throughput_3",,,0.903029665001668,0.4303211090154946,31.592883839970455,988.0,359.0,,,False,30,
throughput_3,12,5.0,mrmr,classic_uniform,bic,0.7809948032665182,0.6519819966343915,29.165414501361052,,,0.4446919079435783,0.33940677500068733,94.76976985894579,0.8975501113585747,0.4446919079435783,0.0,13.0,"throughput_2,buffer_size_3,throughput_1,avg_p_latency_2,avg_p_latency_1,buffer_size_1,python_gc_objects_collected_total_1,buffer_size_2,avg_p_latency_3,data_quality_1,scrape_duration_seconds_2,cores_1,throughput_3",,,0.900809058919549,0.5934279429493472,31.79898232501,907.0,440.0,,,False,30,
throughput_3,12,6.0,mrmr,classic_uniform,bic,0.7045285820341499,0.6158176670595688,35.060298605955616,,,0.2969561989606533,0.27455552805961125,104.94319887816549,0.8485523385300668,0.2969561989606533,0.0,13.0,"throughput_2,buffer_size_3,throughput_1,avg_p_latency_2,avg_p_latency_1,buffer_size_1,python_gc_objects_collected_total_1,buffer_size_2,avg_p_latency_3,data_quality_1,scrape_duration_seconds_2,cores_1,throughput_3",,,0.9189522359520197,0.4628024169942364,31.79304305301048,815.0,532.0,,,False,30,
throughput_3,12,8.0,mrmr,classic_uniform,bic,0.635486265775798,0.517166359509136,40.02222222222222,,,0.25315515961395696,0.2102098971651681,116.10009898539964,0.8418708240534521,0.25315515961395696,0.0,13.0,"throughput_2,buffer_size_3,throughput_1,avg_p_latency_2,avg_p_latency_1,buffer_size_1,python_gc_objects_collected_total_1,buffer_size_2,avg_p_latency_3,data_quality_1,scrape_duration_seconds_2,cores_1,throughput_3",,,0.8223925409838557,0.5333677079761401,32.20181800308637,658.0,689.0,,,False,30,
throughput_3,12,2.0,mrmr,classic_uniform,aic,0.9487750556792873,0.724650069209658,12.300816629547143,,,0.8351893095768375,0.7440674750474306,39.576540460282104,0.9628804751299184,0.8351893095768375,0.0,13.0,"throughput_2,buffer_size_3,throughput_1,avg_p_latency_2,avg_p_latency_1,buffer_size_1,python_gc_objects_collected_total_1,buffer_size_2,avg_p_latency_3,data_quality_1,scrape_duration_seconds_2,cores_1,throughput_3",,,1.4624531629960984,0.3367852969095111,32.57076259306632,1279.0,68.0,,,False,30,
throughput_3,12,3.0,mrmr,classic_uniform,aic,0.8433556050482554,0.5706306612584328,30.900602161181226,,,0.6993318485523385,0.5641388270230142,62.63314361131733,0.9198218262806236,0.6993318485523385,0.0,13.0,"throughput_2,buffer_size_3,throughput_1,avg_p_latency_2,avg_p_latency_1,buffer_size_1,python_gc_objects_collected_total_1,buffer_size_2,avg_p_latency_3,data_quality_1,scrape_duration_seconds_2,cores_1,throughput_3",,,1.8625642280094326,0.5392673290334642,33.13220798200928,1114.0,233.0,,,False,30,
throughput_3,12,4.0,mrmr,classic_uniform,aic,0.7512991833704529,0.4003623409932145,34.31749566938876,,,0.4669636228656273,0.38632936016937497,91.6321702548874,0.8960653303637713,0.4669636228656273,0.0,13.0,"throughput_2,buffer_size_3,throughput_1,avg_p_latency_2,avg_p_latency_1,buffer_size_1,python_gc_objects_collected_total_1,buffer_size_2,avg_p_latency_3,data_quality_1,scrape_duration_seconds_2,cores_1,throughput_3",,,2.6349603409180418,0.5248253419995308,33.39694915898144,988.0,359.0,,,False,30,
throughput_3,12,5.0,mrmr,classic_uniform,aic,0.7149220489977728,0.5487698897614369,39.433922296461276,,,0.4446919079435783,0.33940677500068733,94.76976985894579,0.8975501113585747,0.4446919079435783,0.0,13.0,"throughput_2,buffer_size_3,throughput_1,avg_p_latency_2,avg_p_latency_1,buffer_size_1,python_gc_objects_collected_total_1,buffer_size_2,avg_p_latency_3,data_quality_1,scrape_duration_seconds_2,cores_1,throughput_3",,,1.73988692893181,0.6785734680015594,32.7962736239424,907.0,440.0,,,False,30,
throughput_3,12,6.0,mrmr,classic_uniform,aic,0.6362286562731997,0.3510689864202344,40.646176688938375,,,0.2969561989606533,0.27455552805961125,104.94319887816549,0.8485523385300668,0.2969561989606533,0.0,13.0,"throughput_2,buffer_size_3,throughput_1,avg_p_latency_2,avg_p_latency_1,buffer_size_1,python_gc_objects_collected_total_1,buffer_size_2,avg_p_latency_3,data_quality_1,scrape_duration_seconds_2,cores_1,throughput_3",,,2.1506634489633143,0.7161409060936421,33.13008146698121,815.0,532.0,,,False,30,
throughput_3,12,8.0,mrmr,classic_uniform,aic,0.5983667409057164,0.42938966970385356,48.44560752289038,,,0.25315515961395696,0.2102098971651681,116.10009898539964,0.8418708240534521,0.25315515961395696,0.0,13.0,"throughput_2,buffer_size_3,throughput_1,avg_p_latency_2,avg_p_latency_1,buffer_size_1,python_gc_objects_collected_total_1,buffer_size_2,avg_p_latency_3,data_quality_1,scrape_duration_seconds_2,cores_1,throughput_3",,,2.4864209099905565,0.731233355938457,34.04290485801175,658.0,689.0,,,False,30,
throughput_3,12,2.0,mrmr,classic_quantile,bic,0.8455827765404603,0.7888686024608471,37.08072259341747,,,0.43875278396436523,0.5,134.7741648106904,0.9547141796585004,0.5612472160356348,1.0,13.0,"throughput_2,buffer_size_3,throughput_1,avg_p_latency_2,avg_p_latency_1,buffer_size_1,python_gc_objects_collected_total_1,buffer_size_2,avg_p_latency_3,data_quality_1,scrape_duration_seconds_2,cores_1,throughput_3",,,1.3381988629698753,0.36671177099924535,31.929494528914802,1217.0,130.0,,,False,30,
throughput_3,12,3.0,mrmr,classic_quantile,bic,0.7780252412769116,0.6627064300741311,31.310067640023103,,,0.3838158871566444,0.33338282603316005,101.79754598696694,0.9034892353377877,0.3838158871566444,1.0,13.0,"throughput_2,buffer_size_3,throughput_1,avg_p_latency_2,avg_p_latency_1,buffer_size_1,python_gc_objects_collected_total_1,buffer_size_2,avg_p_latency_3,data_quality_1,scrape_duration_seconds_2,cores_1,throughput_3",,,1.317074603983201,0.5166301840217784,32.57651396805886,973.0,374.0,,,False,30,
throughput_3,12,4.0,mrmr,classic_quantile,bic,0.6948775055679287,0.5858423454219961,32.474102944815634,,,0.12694877505567928,0.24998178393686932,131.78745360059392,0.9079435783221975,0.12694877505567928,0.0,13.0,"throughput_2,buffer_size_3,throughput_1,avg_p_latency_2,avg_p_latency_1,buffer_size_1,python_gc_objects_collected_total_1,buffer_size_2,avg_p_latency_3,data_quality_1,scrape_duration_seconds_2,cores_1,throughput_3",,,1.107855731039308,0.5900306270923465,31.713445886038244,833.0,514.0,,,False,30,
throughput_3,12,5.0,mrmr,classic_quantile,bic,0.7178916109873794,0.474721310741661,28.365652066320212,,,0.14996288047512993,0.20002942066045257,117.27908933432317,0.8626577579806979,0.14996288047512993,1.0,13.0,"throughput_2,buffer_size_3,throughput_1,avg_p_latency_2,avg_p_latency_1,buffer_size_1,python_gc_objects_collected_total_1,buffer_size_2,avg_p_latency_3,data_quality_1,scrape_duration_seconds_2,cores_1,throughput_3",,,1.1169599579880014,0.7795574220363051,32.80263152497355,665.0,682.0,,,False,30,
throughput_3,12,6.0,mrmr,classic_quantile,bic,0.6317743132887899,0.5459784785059875,40.54244823888477,,,0.19970304380103934,0.16667037861915368,201.82587230883442,0.8596881959910914,0.19970304380103934,5.0,13.0,"throughput_2,buffer_size_3,throughput_1,avg_p_latency_2,avg_p_latency_1,buffer_size_1,python_gc_objects_collected_total_1,buffer_size_2,avg_p_latency_3,data_quality_1,scrape_duration_seconds_2,cores_1,throughput_3",,,1.1270840039942414,0.6116302539594471,32.63018150103744,600.0,747.0,,,False,30,
throughput_3,12,8.0,mrmr,classic_quantile,bic,0.5835189309576837,0.49705070410897395,34.75477295223954,,,0.15293244246473645,0.12515339299953257,91.66214736451374,0.8433556050482554,0.15293244246473645,5.0,13.0,"throughput_2,buffer_size_3,throughput_1,avg_p_latency_2,avg_p_latency_1,buffer_size_1,python_gc_objects_collected_total_1,buffer_size_2,avg_p_latency_3,data_quality_1,scrape_duration_seconds_2,cores_1,throughput_3",,,1.098906057071872,0.7020544540137053,32.209211086970754,413.0,934.0,,,False,30,
throughput_3,12,2.0,mrmr,classic_quantile,aic,0.8492947290274685,0.7476896447618346,36.18935906953724,,,0.43875278396436523,0.5,134.7741648106904,0.9547141796585004,0.5612472160356348,1.0,13.0,"throughput_2,buffer_size_3,throughput_1,avg_p_latency_2,avg_p_latency_1,buffer_size_1,python_gc_objects_collected_total_1,buffer_size_2,avg_p_latency_3,data_quality_1,scrape_duration_seconds_2,cores_1,throughput_3",,,1.5346826349850744,0.34423810499720275,32.54722118098289,1217.0,130.0,,,False,30,
throughput_3,12,3.0,mrmr,classic_quantile,aic,0.8307349665924276,0.6969828072763055,29.48840633506558,,,0.3838158871566444,0.33338282603316005,101.79754598696694,0.9034892353377877,0.3838158871566444,1.0,13.0,"throughput_2,buffer_size_3,throughput_1,avg_p_latency_2,avg_p_latency_1,buffer_size_1,python_gc_objects_collected_total_1,buffer_size_2,avg_p_latency_3,data_quality_1,scrape_duration_seconds_2,cores_1,throughput_3",,,2.101410964038223,0.7756369380513206,33.72185209102463,973.0,374.0,,,False,30,
throughput_3,12,4.0,mrmr,classic_quantile,aic,0.5538233110616184,0.4792033731439963,61.71529943083395,,,0.12694877505567928,0.24998178393686932,131.78745360059392,0.9079435783221975,0.12694877505567928,0.0,13.0,"throughput_2,buffer_size_3,throughput_1,avg_p_latency_2,avg_p_latency_1,buffer_size_1,python_gc_objects_collected_total_1,buffer_size_2,avg_p_latency_3,data_quality_1,scrape_duration_seconds_2,cores_1,throughput_3",,,2.926916859927587,0.8285177740035579,34.036888614995405,833.0,514.0,,,False,30,
throughput_3,12,5.0,mrmr,classic_quantile,aic,0.7000742390497402,0.33548695709466236,30.580017322444935,,,0.14996288047512993,0.20002942066045257,117.27908933432317,0.8626577579806979,0.14996288047512993,1.0,13.0,"throughput_2,buffer_size_3,throughput_1,avg_p_latency_2,avg_p_latency_1,buffer_size_1,python_gc_objects_collected_total_1,buffer_size_2,avg_p_latency_3,data_quality_1,scrape_duration_seconds_2,cores_1,throughput_3",,,2.322187947924249,1.038648891961202,33.74840108701028,665.0,682.0,,,False,30,
throughput_3,12,6.0,mrmr,classic_quantile,aic,0.5924276169265034,0.4382409045511983,37.09769034067475,,,0.19970304380103934,0.16667037861915368,201.82587230883442,0.8596881959910914,0.19970304380103934,5.0,13.0,"throughput_2,buffer_size_3,throughput_1,avg_p_latency_2,avg_p_latency_1,buffer_size_1,python_gc_objects_collected_total_1,buffer_size_2,avg_p_latency_3,data_quality_1,scrape_duration_seconds_2,cores_1,throughput_3",,,2.7386516639962792,0.9654082979541272,34.470894625992514,600.0,747.0,,,False,30,
throughput_3,12,8.0,mrmr,classic_quantile,aic,0.5426874536005939,0.29814940098837267,47.999242143033904,,,0.15293244246473645,0.12515339299953257,91.66214736451374,0.8433556050482554,0.15293244246473645,5.0,13.0,"throughput_2,buffer_size_3,throughput_1,avg_p_latency_2,avg_p_latency_1,buffer_size_1,python_gc_objects_collected_total_1,buffer_size_2,avg_p_latency_3,data_quality_1,scrape_duration_seconds_2,cores_1,throughput_3",,,2.355744085041806,1.6664953220169991,34.86660104000475,413.0,934.0,,,False,30,
throughput_3,12,2.0,mrmr,kmeans,bic,0.9161098737936154,0.8371152078414453,20.144815639693146,,,0.7453600593912398,0.6481247765954522,61.14753773818362,0.9510022271714922,0.7453600593912398,0.0,13.0,"throughput_2,buffer_size_3,throughput_1,avg_p_latency_2,avg_p_latency_1,buffer_size_1,python_gc_objects_collected_total_1,buffer_size_2,avg_p_latency_3,data_quality_1,scrape_duration_seconds_2,cores_1,throughput_3",,,1.211524370010011,0.4090398719999939,32.34283406299073,1240.0,107.0,,,False,30,
throughput_3,12,3.0,mrmr,kmeans,bic,0.7802524127691166,0.5934596502789635,34.66653721479197,,,0.44988864142538976,0.39978250708020563,99.84776367013497,0.9265033407572383,0.44988864142538976,0.0,13.0,"throughput_2,buffer_size_3,throughput_1,avg_p_latency_2,avg_p_latency_1,buffer_size_1,python_gc_objects_collected_total_1,buffer_size_2,avg_p_latency_3,data_quality_1,scrape_duration_seconds_2,cores_1,throughput_3",,,1.0641605159034953,0.5636429849546403,31.948792640003376,1064.0,283.0,,,False,30,
throughput_3,12,4.0,mrmr,kmeans,bic,0.7765404602821084,0.6816777720949903,28.90329827609778,,,0.44766146993318484,0.3743557012840606,94.73243681950947,0.9161098737936154,0.44766146993318484,0.0,13.0,"throughput_2,buffer_size_3,throughput_1,avg_p_latency_2,avg_p_latency_1,buffer_size_1,python_gc_objects_collected_total_1,buffer_size_2,avg_p_latency_3,data_quality_1,scrape_duration_seconds_2,cores_1,throughput_3",,,0.9435796359321102,0.48624353599734604,31.74997553799767,930.0,417.0,,,False,30,
throughput_3,12,5.0,mrmr,kmeans,bic,0.7520415738678545,0.6143480216852265,29.67178564294057,,,0.2858203414996288,0.2754892903296764,107.99846471377408,0.8804751299183371,0.2858203414996288,0.0,13.0,"throughput_2,buffer_size_3,throughput_1,avg_p_latency_2,avg_p_latency_1,buffer_size_1,python_gc_objects_collected_total_1,buffer_size_2,avg_p_latency_3,data_quality_1,scrape_duration_seconds_2,cores_1,throughput_3",,,0.9228911809623241,0.4800292589934543,31.402191514032893,829.0,518.0,,,False,30,
throughput_3,12,6.0,mrmr,kmeans,bic,0.47438752783964366,0.33561559849232536,68.09546878260343,,,0.25092798812175204,0.21759451730869697,117.70653090533958,0.8775055679287305,0.25092798812175204,0.0,13.0,"throughput_2,buffer_size_3,throughput_1,avg_p_latency_2,avg_p_latency_1,buffer_size_1,python_gc_objects_collected_total_1,buffer_size_2,avg_p_latency_3,data_quality_1,scrape_duration_seconds_2,cores_1,throughput_3",,,1.0323000280186534,0.6083361329510808,32.05319152097218,728.0,619.0,,,False,30,
throughput_3,12,8.0,mrmr,kmeans,bic,0.6117297698589458,0.536222485432734,41.32168903712732,,,0.25092798812175204,0.2048649605433199,114.85640908517944,0.8678544914625093,0.25092798812175204,0.0,13.0,"throughput_2,buffer_size_3,throughput_1,avg_p_latency_2,avg_p_latency_1,buffer_size_1,python_gc_objects_collected_total_1,buffer_size_2,avg_p_latency_3,data_quality_1,scrape_duration_seconds_2,cores_1,throughput_3",,,0.7770179549697787,0.4962824620306492,32.20981718203984,642.0,705.0,,,False,30,
throughput_3,12,2.0,mrmr,kmeans,aic,0.7446176688938382,0.7394832361504893,61.325810442959664,,,0.7453600593912398,0.6481247765954522,61.14753773818362,0.9510022271714922,0.7453600593912398,0.0,13.0,"throughput_2,buffer_size_3,throughput_1,avg_p_latency_2,avg_p_latency_1,buffer_size_1,python_gc_objects_collected_total_1,buffer_size_2,avg_p_latency_3,data_quality_1,scrape_duration_seconds_2,cores_1,throughput_3",,,1.5008468820014969,0.46434799302369356,32.732688250020146,1240.0,107.0,,,False,30,
throughput_3,12,3.0,mrmr,kmeans,aic,0.7817371937639198,0.5529231456533479,35.448091089841185,,,0.44988864142538976,0.39978250708020563,99.84776367013497,0.9265033407572383,0.44988864142538976,0.0,13.0,"throughput_2,buffer_size_3,throughput_1,avg_p_latency_2,avg_p_latency_1,buffer_size_1,python_gc_objects_collected_total_1,buffer_size_2,avg_p_latency_3,data_quality_1,scrape_duration_seconds_2,cores_1,throughput_3",,,2.0801954310154542,0.6157000369857997,33.47022600797936,1064.0,283.0,,,False,30,
throughput_3,12,4.0,mrmr,kmeans,aic,0.8485523385300668,0.4544905743191321,21.902016436540304,,,0.44766146993318484,0.3743557012840606,94.73243681950947,0.9161098737936154,0.44766146993318484,0.0,13.0,"throughput_2,buffer_size_3,throughput_1,avg_p_latency_2,avg_p_latency_1,buffer_size_1,python_gc_objects_collected_total_1,buffer_size_2,avg_p_latency_3,data_quality_1,scrape_duration_seconds_2,cores_1,throughput_3",,,3.9425950220320374,1.7523014160105959,35.60613991098944,930.0,417.0,,,False,30,
throughput_3,12,5.0,mrmr,kmeans,aic,0.6384558277654045,0.4071265741975016,44.0711477923064,,,0.2858203414996288,0.2754892903296764,107.99846471377408,0.8804751299183371,0.2858203414996288,0.0,13.0,"throughput_2,buffer_size_3,throughput_1,avg_p_latency_2,avg_p_latency_1,buffer_size_1,python_gc_objects_collected_total_1,buffer_size_2,avg_p_latency_3,data_quality_1,scrape_duration_seconds_2,cores_1,throughput_3",,,2.305163779994473,0.5359656870132312,33.62481015303638,829.0,518.0,,,False,30,
throughput_3,12,6.0,mrmr,kmeans,aic,0.5449146250927989,0.36035305760711983,52.154224459325164,,,0.25092798812175204,0.21759451730869697,117.70653090533958,0.8775055679287305,0.25092798812175204,0.0,13.0,"throughput_2,buffer_size_3,throughput_1,avg_p_latency_2,avg_p_latency_1,buffer_size_1,python_gc_objects_collected_total_1,buffer_size_2,avg_p_latency_3,data_quality_1,scrape_duration_seconds_2,cores_1,throughput_3",,,1.724008618039079,0.89653194101993,32.99414839199744,728.0,619.0,,,False,30,
throughput_3,12,8.0,mrmr,kmeans,aic,0.615441722345954,0.4383835634274195,48.28744571502884,,,0.25092798812175204,0.2048649605433199,114.85640908517944,0.8678544914625093,0.25092798812175204,0.0,13.0,"throughput_2,buffer_size_3,throughput_1,avg_p_latency_2,avg_p_latency_1,buffer_size_1,python_gc_objects_collected_total_1,buffer_size_2,avg_p_latency_3,data_quality_1,scrape_duration_seconds_2,cores_1,throughput_3",,,1.9774448060197756,1.0548931319499388,33.4351997730555,642.0,705.0,,,False,30,
throughput_3,12,,mrmr,dbscan,bic,0.25686711210096513,0.12278524007014083,95.53430693948681,,,0.09502598366740905,0.04152576612596704,104.42724471089282,0.5419450631031922,0.09502598366740905,9.0,11.0,"throughput_2,buffer_size_3,throughput_1,avg_p_latency_2,avg_p_latency_1,buffer_size_1,buffer_size_2,avg_p_latency_3,data_quality_1,cores_1,throughput_3",,,0.5608777819434181,0.34561141091398895,31.113817365956493,494.0,853.0,,,False,30,
throughput_3,12,,mrmr,dbscan,aic,0.20193021529324426,0.07877227351336259,58.551689441745,,,0.09502598366740905,0.04152576612596704,104.42724471089282,0.5419450631031922,0.09502598366740905,9.0,11.0,"throughput_2,buffer_size_3,throughput_1,avg_p_latency_2,avg_p_latency_1,buffer_size_1,buffer_size_2,avg_p_latency_3,data_quality_1,cores_1,throughput_3",,,1.0969278550473973,0.8492762540699914,33.09915186208673,214.0,1133.0,,,False,30,
throughput_3,12,2.0,pca,classic_uniform,bic,0.8351893095768375,0.7410566195139736,39.576540460282104,,,0.8351893095768375,0.7440674750474306,39.576540460282104,0.9628804751299184,0.8351893095768375,0.0,13.0,"pca_1,pca_2,pca_3,pca_4,pca_5,pca_6,pca_7,pca_8,pca_9,pca_10,pca_11,pca_12,throughput_3",,,1.1202447928953916,0.3551117080496624,1.9413343319902197,1269.0,78.0,,,False,30,
throughput_3,12,3.0,pca,classic_uniform,bic,0.6807720861172977,0.5653246223422851,67.6247793450466,,,0.6993318485523385,0.5641388270230142,62.63314361131733,0.9198218262806236,0.6993318485523385,0.0,13.0,"pca_1,pca_2,pca_3,pca_4,pca_5,pca_6,pca_7,pca_8,pca_9,pca_10,pca_11,pca_12,throughput_3",,,1.1000407109968364,0.42681920202448964,2.002331367111765,1183.0,164.0,,,False,30,
throughput_3,12,4.0,pca,classic_uniform,bic,0.43801039346696363,0.3845653763941908,94.93021529324425,,,0.4669636228656273,0.38632936016937497,91.6321702548874,0.8960653303637713,0.4669636228656273,0.0,13.0,"pca_1,pca_2,pca_3,pca_4,pca_5,pca_6,pca_7,pca_8,pca_9,pca_10,pca_11,pca_12,throughput_3",,,1.1678735190071166,0.3183124059578404,1.9740450800163671,1114.0,233.0,,,False,30,
throughput_3,12,5.0,pca,classic_uniform,bic,0.4446919079435783,0.3348165741644596,94.76976985894579,,,0.4446919079435783,0.33940677500068733,94.76976985894579,0.8975501113585747,0.4446919079435783,0.0,13.0,"pca_1,pca_2,pca_3,pca_4,pca_5,pca_6,pca_7,pca_8,pca_9,pca_10,pca_11,pca_12,throughput_3",,,0.9871550010284409,0.5044864030787721,1.9901132540544495,1020.0,327.0,,,False,30,
throughput_3,12,6.0,pca,classic_uniform,bic,0.2873051224944321,0.2746063798908944,108.62750144353708,,,0.2969561989606533,0.27455552805961125,104.94319887816549,0.8485523385300668,0.2969561989606533,0.0,13.0,"pca_1,pca_2,pca_3,pca_4,pca_5,pca_6,pca_7,pca_8,pca_9,pca_10,pca_11,pca_12,throughput_3",,,0.9236402170499787,0.5142208590405062,1.9447286770446226,1035.0,312.0,,,False,30,
throughput_3,12,8.0,pca,classic_uniform,bic,0.2457312546399406,0.21509949413834567,119.30900767136845,,,0.25315515961395696,0.2102098971651681,116.10009898539964,0.8418708240534521,0.25315515961395696,0.0,13.0,"pca_1,pca_2,pca_3,pca_4,pca_5,pca_6,pca_7,pca_8,pca_9,pca_10,pca_11,pca_12,throughput_3",,,0.7996043449966237,0.4467722539557144,1.7928869030438364,905.0,442.0,,,False,30,
throughput_3,12,2.0,pca,classic_uniform,aic,0.8351893095768375,0.7434469497557489,39.576540460282104,,,0.8351893095768375,0.7440674750474306,39.576540460282104,0.9628804751299184,0.8351893095768375,0.0,13.0,"pca_1,pca_2,pca_3,pca_4,pca_5,pca_6,pca_7,pca_8,pca_9,pca_10,pca_11,pca_12,throughput_3",,,1.5561957269674167,0.40479210997000337,2.3980838119750842,1269.0,78.0,,,False,30,
throughput_3,12,3.0,pca,classic_uniform,aic,0.6837416481069042,0.5279753794419767,65.96090076713685,,,0.6993318485523385,0.5641388270230142,62.63314361131733,0.9198218262806236,0.6993318485523385,0.0,13.0,"pca_1,pca_2,pca_3,pca_4,pca_5,pca_6,pca_7,pca_8,pca_9,pca_10,pca_11,pca_12,throughput_3",,,1.914519867976196,0.4938595109852031,2.8815132579766214,1183.0,164.0,,,False,30,
throughput_3,12,4.0,pca,classic_uniform,aic,0.44766146993318484,0.35051361792450614,100.90235090324178,,,0.4669636228656273,0.38632936016937497,91.6321702548874,0.8960653303637713,0.4669636228656273,0.0,13.0,"pca_1,pca_2,pca_3,pca_4,pca_5,pca_6,pca_7,pca_8,pca_9,pca_10,pca_11,pca_12,throughput_3",,,1.9708818480139598,0.5383280810201541,2.985357724945061,1114.0,233.0,,,False,30,
throughput_3,12,5.0,pca,classic_uniform,aic,0.4357832219747587,0.3408947318277379,97.97867854491463,,,0.4446919079435783,0.33940677500068733,94.76976985894579,0.8975501113585747,0.4446919079435783,0.0,13.0,"pca_1,pca_2,pca_3,pca_4,pca_5,pca_6,pca_7,pca_8,pca_9,pca_10,pca_11,pca_12,throughput_3",,,2.4993255919544026,0.3824130999855697,3.3780997649300843,1020.0,327.0,,,False,30,
throughput_3,12,6.0,pca,classic_uniform,aic,0.28507795100222716,0.26097199091650847,113.7974098820424,,,0.2969561989606533,0.27455552805961125,104.94319887816549,0.8485523385300668,0.2969561989606533,0.0,13.0,"pca_1,pca_2,pca_3,pca_4,pca_5,pca_6,pca_7,pca_8,pca_9,pca_10,pca_11,pca_12,throughput_3",,,2.179001920041628,0.6197116110706702,3.314568330068141,1035.0,312.0,,,False,30,
throughput_3,12,8.0,pca,classic_uniform,aic,0.2256867112100965,0.2064519699861657,117.30343974263796,,,0.25315515961395696,0.2102098971651681,116.10009898539964,0.8418708240534521,0.25315515961395696,0.0,13.0,"pca_1,pca_2,pca_3,pca_4,pca_5,pca_6,pca_7,pca_8,pca_9,pca_10,pca_11,pca_12,throughput_3",,,1.5904744700528681,0.7101571180392057,2.8547740819631144,905.0,442.0,,,False,30,
throughput_3,12,2.0,pca,classic_quantile,bic,0.5634743875278396,0.518054750608937,104.82435040831474,,,0.43875278396436523,0.5,134.7741648106904,0.9547141796585004,0.5612472160356348,1.0,13.0,"pca_1,pca_2,pca_3,pca_4,pca_5,pca_6,pca_7,pca_8,pca_9,pca_10,pca_11,pca_12,throughput_3",,,1.0862121230456978,0.3172469580313191,1.893449530005455,1167.0,180.0,,,False,30,
throughput_3,12,3.0,pca,classic_quantile,bic,0.3741648106904232,0.35252945749751935,127.38718963952819,,,0.3838158871566444,0.33338282603316005,101.79754598696694,0.9034892353377877,0.3838158871566444,1.0,13.0,"pca_1,pca_2,pca_3,pca_4,pca_5,pca_6,pca_7,pca_8,pca_9,pca_10,pca_11,pca_12,throughput_3",,,1.7601371690398082,0.4121358550619334,2.7007945919176564,1008.0,339.0,,,False,30,
throughput_3,12,4.0,pca,classic_quantile,bic,0.2501855976243504,0.2479471309672026,125.30219005196733,,,0.12694877505567928,0.24998178393686932,131.78745360059392,0.9079435783221975,0.12694877505567928,0.0,13.0,"pca_1,pca_2,pca_3,pca_4,pca_5,pca_6,pca_7,pca_8,pca_9,pca_10,pca_11,pca_12,throughput_3",,,1.3116455160779878,0.43486112996470183,2.2760538129368797,924.0,423.0,,,False,30,
throughput_3,12,5.0,pca,classic_quantile,bic,0.19821826280623608,0.20209691848629502,149.73001732244492,,,0.14996288047512993,0.20002942066045257,117.27908933432317,0.8626577579806979,0.14996288047512993,1.0,13.0,"pca_1,pca_2,pca_3,pca_4,pca_5,pca_6,pca_7,pca_8,pca_9,pca_10,pca_11,pca_12,throughput_3",,,1.6140592150622979,0.8004815799649805,2.9715122079942375,801.0,546.0,,,False,30,
throughput_3,12,6.0,pca,classic_quantile,bic,0.16481069042316257,0.1711866361353391,124.84097583106494,,,0.19970304380103934,0.16667037861915368,201.82587230883442,0.8596881959910914,0.19970304380103934,5.0,13.0,"pca_1,pca_2,pca_3,pca_4,pca_5,pca_6,pca_7,pca_8,pca_9,pca_10,pca_11,pca_12,throughput_3",,,1.1225952469976619,1.0606495699612424,2.7620500669581816,729.0,618.0,,,False,30,
throughput_3,12,8.0,pca,classic_quantile,bic,0.12323682256867112,0.12606827073734875,130.87882640435535,,,0.15293244246473645,0.12515339299953257,91.66214736451374,0.8433556050482554,0.15293244246473645,5.0,13.0,"pca_1,pca_2,pca_3,pca_4,pca_5,pca_6,pca_7,pca_8,pca_9,pca_10,pca_11,pca_12,throughput_3",,,1.4794912670040503,0.6615332899382338,2.7363180790562183,629.0,718.0,,,False,30,
throughput_3,12,2.0,pca,classic_quantile,aic,0.5553080920564217,0.5086258233063943,106.78535016085125,,,0.43875278396436523,0.5,134.7741648106904,0.9547141796585004,0.5612472160356348,1.0,13.0,"pca_1,pca_2,pca_3,pca_4,pca_5,pca_6,pca_7,pca_8,pca_9,pca_10,pca_11,pca_12,throughput_3",,,1.5142616010271013,0.33052266808226705,2.3031792640686035,1167.0,180.0,,,False,30,
throughput_3,12,3.0,pca,classic_quantile,aic,0.3674832962138085,0.3578239049856905,121.07884599521573,,,0.3838158871566444,0.33338282603316005,101.79754598696694,0.9034892353377877,0.3838158871566444,1.0,13.0,"pca_1,pca_2,pca_3,pca_4,pca_5,pca_6,pca_7,pca_8,pca_9,pca_10,pca_11,pca_12,throughput_3",,,2.873818794032559,0.4927845309721306,3.8675689859082922,1008.0,339.0,,,False,30,
throughput_3,12,4.0,pca,classic_quantile,aic,0.25092798812175204,0.2446781938853877,131.6981997030438,,,0.12694877505567928,0.24998178393686932,131.78745360059392,0.9079435783221975,0.12694877505567928,0.0,13.0,"pca_1,pca_2,pca_3,pca_4,pca_5,pca_6,pca_7,pca_8,pca_9,pca_10,pca_11,pca_12,throughput_3",,,9.47735363501124,0.5160060240887105,10.528801111970097,924.0,423.0,,,False,30,
throughput_3,12,5.0,pca,classic_quantile,aic,0.16481069042316257,0.18898661056326102,131.53074733976734,,,0.14996288047512993,0.20002942066045257,117.27908933432317,0.8626577579806979,0.14996288047512993,1.0,13.0,"pca_1,pca_2,pca_3,pca_4,pca_5,pca_6,pca_7,pca_8,pca_9,pca_10,pca_11,pca_12,throughput_3",,,4.186018518987112,0.5582248009741306,5.321042668074369,801.0,546.0,,,False,30,
throughput_3,12,6.0,pca,classic_quantile,aic,0.18188567186340016,0.17754430564180168,127.33172069619732,,,0.19970304380103934,0.16667037861915368,201.82587230883442,0.8596881959910914,0.19970304380103934,5.0,13.0,"pca_1,pca_2,pca_3,pca_4,pca_5,pca_6,pca_7,pca_8,pca_9,pca_10,pca_11,pca_12,throughput_3",,,6.748566119000316,0.5441333680646494,7.894428057945333,729.0,618.0,,,False,30,
throughput_3,12,8.0,pca,classic_quantile,aic,0.13956941351150706,0.13747482110563292,114.88130103934668,,,0.15293244246473645,0.12515339299953257,91.66214736451374,0.8433556050482554,0.15293244246473645,5.0,13.0,"pca_1,pca_2,pca_3,pca_4,pca_5,pca_6,pca_7,pca_8,pca_9,pca_10,pca_11,pca_12,throughput_3",,,2.292228967999108,0.605659666005522,3.5088049999903888,629.0,718.0,,,False,30,
throughput_3,12,2.0,pca,kmeans,bic,0.7453600593912398,0.6416694319874201,61.14753773818362,,,0.7453600593912398,0.6481247765954522,61.14753773818362,0.9510022271714922,0.7453600593912398,0.0,13.0,"pca_1,pca_2,pca_3,pca_4,pca_5,pca_6,pca_7,pca_8,pca_9,pca_10,pca_11,pca_12,throughput_3",,,1.019878407008946,0.4586511680390686,2.024840938975103,1222.0,125.0,,,False,30,
throughput_3,12,3.0,pca,kmeans,bic,0.451373422420193,0.40537692540854,100.06971492348363,,,0.44988864142538976,0.39978250708020563,99.84776367013497,0.9265033407572383,0.44988864142538976,0.0,13.0,"pca_1,pca_2,pca_3,pca_4,pca_5,pca_6,pca_7,pca_8,pca_9,pca_10,pca_11,pca_12,throughput_3",,,1.56259199406486,0.7112849770346656,2.8330740990350023,1076.0,271.0,,,False,30,
throughput_3,12,4.0,pca,kmeans,bic,0.44766146993318484,0.37251887554626656,94.73243681950947,,,0.44766146993318484,0.3743557012840606,94.73243681950947,0.9161098737936154,0.44766146993318484,0.0,13.0,"pca_1,pca_2,pca_3,pca_4,pca_5,pca_6,pca_7,pca_8,pca_9,pca_10,pca_11,pca_12,throughput_3",,,1.1519940450089052,0.3653826229274273,2.0976170720532537,1000.0,347.0,,,False,30,
throughput_3,12,5.0,pca,kmeans,bic,0.24350408314773572,0.2691844441154551,126.45410606132042,,,0.2858203414996288,0.2754892903296764,107.99846471377408,0.8804751299183371,0.2858203414996288,0.0,13.0,"pca_1,pca_2,pca_3,pca_4,pca_5,pca_6,pca_7,pca_8,pca_9,pca_10,pca_11,pca_12,throughput_3",,,1.0297357180388644,0.5538633530959487,2.166019598953426,926.0,421.0,,,False,30,
throughput_3,12,6.0,pca,kmeans,bic,0.22494432071269488,0.21506994992287012,126.69298306720461,,,0.25092798812175204,0.21759451730869697,117.70653090533958,0.8775055679287305,0.25092798812175204,0.0,13.0,"pca_1,pca_2,pca_3,pca_4,pca_5,pca_6,pca_7,pca_8,pca_9,pca_10,pca_11,pca_12,throughput_3",,,1.1016012839972973,0.4130086599616334,2.116464836988598,896.0,451.0,,,False,30,
throughput_3,12,8.0,pca,kmeans,bic,0.22939866369710468,0.20575338131294163,118.21951981728162,,,0.25092798812175204,0.2048649605433199,114.85640908517944,0.8678544914625093,0.25092798812175204,0.0,13.0,"pca_1,pca_2,pca_3,pca_4,pca_5,pca_6,pca_7,pca_8,pca_9,pca_10,pca_11,pca_12,throughput_3",,,1.125891292002052,0.5299873390467837,2.287615129025653,812.0,535.0,,,False,30,
throughput_3,12,2.0,pca,kmeans,aic,0.7453600593912398,0.6328658885800162,61.14753773818362,,,0.7453600593912398,0.6481247765954522,61.14753773818362,0.9510022271714922,0.7453600593912398,0.0,13.0,"pca_1,pca_2,pca_3,pca_4,pca_5,pca_6,pca_7,pca_8,pca_9,pca_10,pca_11,pca_12,throughput_3",,,1.560386440018192,0.516280404990539,2.57828876900021,1222.0,125.0,,,False,30,
throughput_3,12,3.0,pca,kmeans,aic,0.45657015590200445,0.39020351941823495,96.28410444790218,,,0.44988864142538976,0.39978250708020563,99.84776367013497,0.9265033407572383,0.44988864142538976,0.0,13.0,"pca_1,pca_2,pca_3,pca_4,pca_5,pca_6,pca_7,pca_8,pca_9,pca_10,pca_11,pca_12,throughput_3",,,2.4581494589801878,0.45532368996646255,3.4993516199756414,1076.0,271.0,,,False,30,
throughput_3,12,4.0,pca,kmeans,aic,0.3890126206384558,0.3447319304084312,103.23164683737747,,,0.44766146993318484,0.3743557012840606,94.73243681950947,0.9161098737936154,0.44766146993318484,0.0,13.0,"pca_1,pca_2,pca_3,pca_4,pca_5,pca_6,pca_7,pca_8,pca_9,pca_10,pca_11,pca_12,throughput_3",,,4.422890376998112,0.5150138409808278,5.503343969001435,1000.0,347.0,,,False,30,
throughput_3,12,5.0,pca,kmeans,aic,0.28878990348923533,0.261275562209515,106.86662930766741,,,0.2858203414996288,0.2754892903296764,107.99846471377408,0.8804751299183371,0.2858203414996288,0.0,13.0,"pca_1,pca_2,pca_3,pca_4,pca_5,pca_6,pca_7,pca_8,pca_9,pca_10,pca_11,pca_12,throughput_3",,,2.977553256088868,0.4774120660731569,4.042816056986339,926.0,421.0,,,False,30,
throughput_3,12,6.0,pca,kmeans,aic,0.27542687453600595,0.2301968804914685,110.24223964727372,,,0.25092798812175204,0.21759451730869697,117.70653090533958,0.8775055679287305,0.25092798812175204,0.0,13.0,"pca_1,pca_2,pca_3,pca_4,pca_5,pca_6,pca_7,pca_8,pca_9,pca_10,pca_11,pca_12,throughput_3",,,4.709261544048786,0.5529780259821564,5.8964914929820225,896.0,451.0,,,False,30,
throughput_3,12,8.0,pca,kmeans,aic,0.19079435783221974,0.18942538889102753,131.89099529021493,,,0.25092798812175204,0.2048649605433199,114.85640908517942,0.8678544914625093,0.25092798812175204,0.0,13.0,"pca_1,pca_2,pca_3,pca_4,pca_5,pca_6,pca_7,pca_8,pca_9,pca_10,pca_11,pca_12,throughput_3",,,1.6613785050576553,0.7590477720368654,3.0503514169249684,812.0,535.0,,,False,30,
throughput_3,12,,pca,dbscan,bic,0.09502598366740905,0.04152576612596702,104.42724471089282,,,0.09502598366740905,0.04152576612596702,104.42724471089282,0.5419450631031922,0.09502598366740905,9.0,1.0,throughput_3,,,0.016799359931610525,0.012488021049648523,0.21748348197434098,1346.0,1.0,,,False,30,
throughput_3,12,,pca,dbscan,aic,,,,,,,,,,,,,,,,,,0.10291361797135323,,,,,False,30,The node throughput_3_t1 is not in the digraph.
throughput_3,20,2.0,markov,classic_uniform,bic,0.9576837416481069,0.8402950386073368,10.161544172234594,,,0.8351893095768375,0.7440674750474306,39.576540460282104,0.9628804751299184,0.8351893095768375,0.0,21.0,"throughput_2,data_quality_3,cores_1,buffer_size_1,data_quality_1,avg_p_latency_1,buffer_size_2,cores_2,throughput_1,buffer_size_3,python_gc_objects_collected_total_1,python_gc_objects_collected_total_2,python_gc_objects_collected_total_3,python_gc_collections_total_4,python_gc_collections_total_1,python_gc_collections_total_7,python_gc_objects_collected_total_5,python_gc_objects_collected_total_6,process_cpu_seconds_total_3,process_cpu_seconds_total_1,throughput_3",10.0,padded,2.8714118760544807,0.544730631983839,13.428730219020508,1278.0,69.0,,,False,30,
throughput_3,20,3.0,markov,classic_uniform,bic,0.8864142538975501,0.7360666425074476,19.9665429349171,,,0.6993318485523385,0.5641388270230142,62.63314361131733,0.9198218262806236,0.6993318485523385,0.0,21.0,"throughput_2,data_quality_2,cores_2,throughput_1,buffer_size_3,python_gc_objects_collected_total_1,python_gc_objects_collected_total_2,python_gc_objects_collected_total_3,avg_p_latency_1,python_gc_collections_total_4,python_gc_collections_total_1,python_gc_collections_total_7,python_gc_objects_collected_total_5,python_gc_objects_collected_total_6,process_cpu_seconds_total_3,process_cpu_seconds_total_1,process_cpu_seconds_total_2,python_gc_collections_total_6,python_gc_collections_total_3,python_gc_collections_total_2,throughput_3",5.0,padded,2.4700835469411686,0.5966911850264296,11.404879970941693,1232.0,115.0,,,False,30,
throughput_3,20,4.0,markov,classic_uniform,bic,0.7728285077951003,0.6876430631424147,31.197723335807964,,,0.4669636228656273,0.3863293601693751,91.6321702548874,0.8960653303637713,0.4669636228656273,0.0,21.0,"throughput_2,scrape_duration_seconds_3,data_quality_1,throughput_1,buffer_size_3,python_gc_objects_collected_total_1,python_gc_objects_collected_total_2,python_gc_objects_collected_total_3,avg_p_latency_1,python_gc_collections_total_4,python_gc_collections_total_1,python_gc_collections_total_7,python_gc_objects_collected_total_5,python_gc_objects_collected_total_6,process_cpu_seconds_total_3,process_cpu_seconds_total_1,process_cpu_seconds_total_2,python_gc_collections_total_6,python_gc_collections_total_3,python_gc_collections_total_2,throughput_3",5.0,padded,2.615617319010198,0.7926222259411588,11.129483592929319,1186.0,161.0,,,False,30,
throughput_3,20,5.0,markov,classic_uniform,bic,0.7980697847067557,0.6821701747986298,24.601633259094285,,,0.4446919079435783,0.33940677500068733,94.76976985894579,0.8975501113585747,0.4446919079435783,0.0,21.0,"throughput_2,scrape_duration_seconds_3,data_quality_3,buffer_size_3,throughput_1,python_gc_objects_collected_total_1,python_gc_objects_collected_total_2,python_gc_objects_collected_total_3,avg_p_latency_1,python_gc_collections_total_4,python_gc_collections_total_1,python_gc_collections_total_7,python_gc_objects_collected_total_5,python_gc_objects_collected_total_6,process_cpu_seconds_total_3,process_cpu_seconds_total_1,process_cpu_seconds_total_2,python_gc_collections_total_6,python_gc_collections_total_3,python_gc_collections_total_2,throughput_3",4.0,padded,2.4201605349080637,0.6233810830162838,10.53053828899283,1126.0,221.0,,,False,30,
throughput_3,20,6.0,markov,classic_uniform,bic,0.7045285820341499,0.6158176670595688,35.060298605955616,,,0.2969561989606533,0.27455552805961125,104.94319887816549,0.8485523385300668,0.2969561989606533,0.0,21.0,"throughput_2,cores_1,data_quality_1,throughput_1,buffer_size_3,python_gc_objects_collected_total_1,python_gc_objects_collected_total_2,python_gc_objects_collected_total_3,avg_p_latency_1,python_gc_collections_total_4,python_gc_collections_total_1,python_gc_collections_total_7,python_gc_objects_collected_total_5,python_gc_objects_collected_total_6,process_cpu_seconds_total_3,process_cpu_seconds_total_1,process_cpu_seconds_total_2,python_gc_collections_total_6,python_gc_collections_total_3,python_gc_collections_total_2,throughput_3",4.0,padded,2.4258491629734635,0.6267908349400386,10.056027589016594,1088.0,259.0,,,False,30,
throughput_3,20,8.0,markov,classic_uniform,bic,0.635486265775798,0.517166359509136,40.02222222222222,,,0.25315515961395696,0.2102098971651681,116.10009898539964,0.8418708240534521,0.25315515961395696,0.0,21.0,"cores_1,throughput_2,data_quality_1,throughput_1,buffer_size_3,python_gc_objects_collected_total_1,python_gc_objects_collected_total_2,python_gc_objects_collected_total_3,avg_p_latency_1,python_gc_collections_total_4,python_gc_collections_total_1,python_gc_collections_total_7,python_gc_objects_collected_total_5,python_gc_objects_collected_total_6,process_cpu_seconds_total_3,process_cpu_seconds_total_1,process_cpu_seconds_total_2,python_gc_collections_total_6,python_gc_collections_total_3,python_gc_collections_total_2,throughput_3",3.0,padded,2.323922250070609,0.8228825740516186,9.426363517995924,994.0,353.0,,,False,30,
throughput_3,20,2.0,markov,classic_uniform,aic,0.9584261321455085,0.7549513615589138,9.98327146745855,,,0.8351893095768375,0.7440674750474306,39.576540460282104,0.9628804751299184,0.8351893095768375,0.0,21.0,"throughput_2,data_quality_3,cores_1,data_quality_1,buffer_size_3,throughput_1,python_gc_objects_collected_total_1,python_gc_objects_collected_total_2,python_gc_objects_collected_total_3,avg_p_latency_1,python_gc_collections_total_4,python_gc_collections_total_1,python_gc_collections_total_7,python_gc_objects_collected_total_5,python_gc_objects_collected_total_6,process_cpu_seconds_total_3,process_cpu_seconds_total_1,process_cpu_seconds_total_2,python_gc_collections_total_6,python_gc_collections_total_3,throughput_3",5.0,padded,3.8672132089268416,0.5670006700092927,19.997766765998676,1306.0,41.0,saved_dbn_models_top5_20260313_192652_seed783122/rank5_dbn_throughput_3_K20_markov_classic_uniform_aic_bins2.pkl,saved_dbn_models_top5_20260313_192652_seed783122/rank5_dbn_throughput_3_K20_markov_classic_uniform_aic_bins2_edges.csv,False,30,
throughput_3,20,3.0,markov,classic_uniform,aic,0.902746844840386,0.5211190149327559,17.708422007753853,,,0.6993318485523385,0.5641388270230142,62.63314361131733,0.9198218262806236,0.6993318485523385,0.0,21.0,"throughput_2,process_resident_memory_bytes_2,cores_1,data_quality_2,cores_2,throughput_1,buffer_size_3,python_gc_objects_collected_total_1,python_gc_objects_collected_total_2,python_gc_objects_collected_total_3,avg_p_latency_1,python_gc_collections_total_4,python_gc_collections_total_1,python_gc_collections_total_7,python_gc_objects_collected_total_5,python_gc_objects_collected_total_6,process_cpu_seconds_total_3,process_cpu_seconds_total_1,process_cpu_seconds_total_2,python_gc_collections_total_6,throughput_3",7.0,padded,3.9609407000243664,0.7595484689809382,14.542796319001354,1217.0,130.0,,,False,30,
throughput_3,20,4.0,markov,classic_uniform,aic,0.7787676317743133,0.5021868636638166,29.771541697599602,,,0.4669636228656273,0.38632936016937497,91.6321702548874,0.8960653303637713,0.4669636228656273,0.0,21.0,"throughput_2,scrape_duration_seconds_3,data_quality_3,data_quality_1,cores_2,throughput_1,buffer_size_3,python_gc_objects_collected_total_1,python_gc_objects_collected_total_2,python_gc_objects_collected_total_3,avg_p_latency_1,python_gc_collections_total_4,python_gc_collections_total_1,python_gc_collections_total_7,python_gc_objects_collected_total_5,python_gc_objects_collected_total_6,process_cpu_seconds_total_3,process_cpu_seconds_total_1,process_cpu_seconds_total_2,python_gc_collections_total_6,throughput_3",7.0,padded,3.071803813916631,0.824531915015541,12.648030819022097,1133.0,214.0,,,False,30,
throughput_3,20,5.0,markov,classic_uniform,aic,0.7245731254639941,0.5511179354206427,35.79715911902995,,,0.4446919079435783,0.33940677500068733,94.76976985894579,0.8975501113585747,0.4446919079435783,0.0,21.0,"throughput_2,scrape_duration_seconds_3,cores_1,data_quality_1,cores_2,process_cpu_seconds_total_1,buffer_size_3,throughput_1,python_gc_objects_collected_total_1,python_gc_objects_collected_total_2,python_gc_objects_collected_total_3,avg_p_latency_1,python_gc_collections_total_4,python_gc_collections_total_1,python_gc_collections_total_7,python_gc_objects_collected_total_5,python_gc_objects_collected_total_6,process_cpu_seconds_total_3,process_cpu_seconds_total_2,python_gc_collections_total_6,throughput_3",7.0,padded,3.391492674010806,0.8627897560363635,11.834365556016564,1119.0,228.0,,,False,30,
throughput_3,20,6.0,markov,classic_uniform,aic,0.6139569413511508,0.33254174155250793,44.80587313371277,,,0.2969561989606533,0.27455552805961125,104.94319887816549,0.8485523385300668,0.2969561989606533,0.0,21.0,"throughput_2,python_gc_collections_total_8,scrape_duration_seconds_3,cores_1,data_quality_1,buffer_size_3,throughput_1,python_gc_objects_collected_total_1,python_gc_objects_collected_total_2,python_gc_objects_collected_total_3,avg_p_latency_1,python_gc_collections_total_4,python_gc_collections_total_1,python_gc_collections_total_7,python_gc_objects_collected_total_5,python_gc_objects_collected_total_6,process_cpu_seconds_total_3,process_cpu_seconds_total_1,process_cpu_seconds_total_2,python_gc_collections_total_6,throughput_3",6.0,padded,3.386105544050224,0.8950808340450749,11.944349570083432,1081.0,266.0,,,False,30,
throughput_3,20,8.0,markov,classic_uniform,aic,0.5857461024498887,0.4090371205850304,47.50967582281613,,,0.25315515961395696,0.21020989716516816,116.10009898539964,0.8418708240534521,0.25315515961395696,0.0,21.0,"throughput_2,scrape_duration_seconds_3,cores_1,buffer_size_1,data_quality_1,throughput_1,buffer_size_3,python_gc_objects_collected_total_1,python_gc_objects_collected_total_2,python_gc_objects_collected_total_3,avg_p_latency_1,python_gc_collections_total_4,python_gc_collections_total_1,python_gc_collections_total_7,python_gc_objects_collected_total_5,python_gc_objects_collected_total_6,process_cpu_seconds_total_3,process_cpu_seconds_total_1,process_cpu_seconds_total_2,python_gc_collections_total_6,throughput_3",7.0,padded,3.1637912979349494,1.0158805409446359,11.139644602080807,830.0,517.0,,,False,30,
throughput_3,20,2.0,markov,classic_quantile,bic,0.8544914625092799,0.8062035305064568,34.94145013610492,,,0.43875278396436523,0.5,134.7741648106904,0.9547141796585004,0.5612472160356348,1.0,21.0,"throughput_2,scrape_duration_seconds_3,scrape_duration_seconds_2,data_quality_1,cores_3,cores_2,buffer_size_3,avg_p_latency_2,throughput_1,python_gc_objects_collected_total_1,python_gc_objects_collected_total_2,python_gc_objects_collected_total_3,avg_p_latency_1,python_gc_collections_total_4,python_gc_collections_total_1,python_gc_collections_total_7,python_gc_objects_collected_total_5,python_gc_objects_collected_total_6,process_cpu_seconds_total_3,process_cpu_seconds_total_1,throughput_3",8.0,padded,3.2711568599333987,0.9033952240133658,15.567706772009842,1169.0,178.0,,,False,30,
throughput_3,20,3.0,markov,classic_quantile,bic,0.8255382331106161,0.6382071664002208,26.699909263383653,,,0.3838158871566444,0.33338282603316005,101.79754598696694,0.9034892353377877,0.3838158871566444,1.0,21.0,"throughput_2,cores_1,avg_p_latency_1,cores_3,cores_2,buffer_size_3,avg_p_latency_2,throughput_1,python_gc_objects_collected_total_1,python_gc_objects_collected_total_2,python_gc_objects_collected_total_3,python_gc_collections_total_4,python_gc_collections_total_1,python_gc_collections_total_7,python_gc_objects_collected_total_5,python_gc_objects_collected_total_6,process_cpu_seconds_total_3,process_cpu_seconds_total_1,process_cpu_seconds_total_2,python_gc_collections_total_6,throughput_3",7.0,padded,2.8066423310665414,0.6038589739473537,12.102323483093642,1181.0,166.0,,,False,30,
throughput_3,20,4.0,markov,classic_quantile,bic,0.6629547141796585,0.5654167063005386,43.27092303885177,,,0.12694877505567928,0.24998178393686932,131.78745360059392,0.9079435783221975,0.12694877505567928,0.0,21.0,"throughput_2,cores_1,avg_p_latency_3,data_quality_1,cores_2,buffer_size_3,throughput_1,python_gc_objects_collected_total_1,python_gc_objects_collected_total_2,python_gc_objects_collected_total_3,avg_p_latency_1,python_gc_collections_total_4,python_gc_collections_total_1,python_gc_collections_total_7,python_gc_objects_collected_total_5,python_gc_objects_collected_total_6,process_cpu_seconds_total_3,process_cpu_seconds_total_1,process_cpu_seconds_total_2,python_gc_collections_total_6,throughput_3",6.0,padded,2.7722197690745816,0.6484456260222942,10.956952444044873,1119.0,228.0,,,False,30,
throughput_3,20,5.0,markov,classic_quantile,bic,0.7134372680029696,0.5185677484849108,25.05829002722098,,,0.14996288047512993,0.20002942066045257,117.27908933432317,0.8626577579806979,0.14996288047512993,1.0,21.0,"throughput_2,cores_1,data_quality_2,avg_p_latency_3,avg_p_latency_1,buffer_size_3,throughput_1,python_gc_objects_collected_total_1,python_gc_objects_collected_total_2,python_gc_objects_collected_total_3,python_gc_collections_total_4,python_gc_collections_total_1,python_gc_collections_total_7,python_gc_objects_collected_total_5,python_gc_objects_collected_total_6,process_cpu_seconds_total_3,process_cpu_seconds_total_1,process_cpu_seconds_total_2,python_gc_collections_total_6,python_gc_collections_total_3,throughput_3",6.0,padded,2.591342775966041,0.717077529989183,10.32096395897679,1034.0,313.0,,,False,30,
throughput_3,20,6.0,markov,classic_quantile,bic,0.623608017817372,0.5049999368012551,41.728660397591355,,,0.19970304380103934,0.16667037861915368,201.82587230883442,0.8596881959910914,0.19970304380103934,5.0,21.0,"throughput_2,data_quality_3,cores_1,data_quality_1,cores_2,buffer_size_3,throughput_1,python_gc_objects_collected_total_1,python_gc_objects_collected_total_2,python_gc_objects_collected_total_3,avg_p_latency_1,python_gc_collections_total_4,python_gc_collections_total_1,python_gc_collections_total_7,python_gc_objects_collected_total_5,python_gc_objects_collected_total_6,process_cpu_seconds_total_3,process_cpu_seconds_total_1,process_cpu_seconds_total_2,python_gc_collections_total_6,throughput_3",6.0,padded,2.675858681090176,0.7137770809931681,10.604612360009924,1048.0,299.0,,,False,30,
throughput_3,20,8.0,markov,classic_quantile,bic,0.5835189309576837,0.497050704108974,34.75477295223954,,,0.15293244246473645,0.12515339299953257,91.66214736451374,0.8433556050482554,0.15293244246473645,5.0,21.0,"throughput_2,cores_1,data_quality_1,buffer_size_3,throughput_1,python_gc_objects_collected_total_1,python_gc_objects_collected_total_2,python_gc_objects_collected_total_3,avg_p_latency_1,python_gc_collections_total_4,python_gc_collections_total_1,python_gc_collections_total_7,python_gc_objects_collected_total_5,python_gc_objects_collected_total_6,process_cpu_seconds_total_3,process_cpu_seconds_total_1,process_cpu_seconds_total_2,python_gc_collections_total_6,python_gc_collections_total_3,python_gc_collections_total_2,throughput_3",4.0,padded,2.4048689419869334,0.7912268000654876,10.241507896920666,1010.0,337.0,,,False,30,
throughput_3,20,2.0,markov,classic_quantile,aic,0.8255382331106161,0.7235718720778967,41.894085622370696,,,0.43875278396436523,0.5,134.7741648106904,0.9547141796585004,0.5612472160356348,1.0,21.0,"throughput_2,scrape_duration_seconds_3,cores_1,buffer_size_1,scrape_duration_seconds_2,avg_p_latency_3,data_quality_1,cores_3,cores_2,buffer_size_3,avg_p_latency_2,python_gc_objects_collected_total_4,throughput_1,python_gc_objects_collected_total_1,python_gc_objects_collected_total_2,python_gc_objects_collected_total_3,avg_p_latency_1,python_gc_collections_total_4,python_gc_collections_total_1,python_gc_collections_total_7,throughput_3",12.0,padded,4.0675262389704585,0.9298024430172518,22.071412132005207,1084.0,263.0,,,False,30,
throughput_3,20,3.0,markov,classic_quantile,aic,0.8478099480326652,0.7326970552471374,22.96261238967253,,,0.3838158871566444,0.33338282603316005,101.79754598696694,0.9034892353377877,0.3838158871566444,1.0,21.0,"process_virtual_memory_bytes_2,throughput_2,data_quality_3,cores_1,buffer_size_1,avg_p_latency_3,avg_p_latency_1,cores_3,cores_2,buffer_size_2,buffer_size_3,avg_p_latency_2,throughput_1,python_gc_objects_collected_total_1,python_gc_objects_collected_total_2,python_gc_objects_collected_total_3,python_gc_collections_total_4,python_gc_collections_total_1,python_gc_collections_total_7,python_gc_objects_collected_total_5,throughput_3",12.0,padded,4.186788416001946,1.0145617660600692,15.685011652996764,1010.0,337.0,,,False,30,
throughput_3,20,4.0,markov,classic_quantile,aic,0.5055679287305123,0.30529474100292153,62.487026726057906,,,0.12694877505567928,0.24998178393686932,131.78745360059392,0.9079435783221975,0.12694877505567928,0.0,21.0,"throughput_2,cores_1,avg_p_latency_3,data_quality_1,cores_3,cores_2,buffer_size_3,avg_p_latency_2,throughput_1,python_gc_objects_collected_total_1,python_gc_objects_collected_total_2,python_gc_objects_collected_total_3,avg_p_latency_1,python_gc_collections_total_4,python_gc_collections_total_1,python_gc_collections_total_7,python_gc_objects_collected_total_5,python_gc_objects_collected_total_6,process_cpu_seconds_total_3,process_cpu_seconds_total_1,throughput_3",8.0,padded,4.412275257986039,1.0211541010066867,13.980582829099149,1071.0,276.0,,,False,30,
throughput_3,20,5.0,markov,classic_quantile,aic,0.7230883444691908,0.3570108026600229,27.627790150952734,,,0.14996288047512993,0.20002942066045257,117.27908933432317,0.8626577579806979,0.14996288047512993,1.0,21.0,"throughput_2,cores_1,data_quality_2,avg_p_latency_3,avg_p_latency_1,cores_2,buffer_size_3,throughput_1,python_gc_objects_collected_total_1,python_gc_objects_collected_total_2,python_gc_objects_collected_total_3,python_gc_collections_total_4,python_gc_collections_total_1,python_gc_collections_total_7,python_gc_objects_collected_total_5,python_gc_objects_collected_total_6,process_cpu_seconds_total_3,process_cpu_seconds_total_1,process_cpu_seconds_total_2,python_gc_collections_total_6,throughput_3",7.0,padded,5.747707680100575,0.9682236430235207,14.71926642395556,1017.0,330.0,,,False,30,
throughput_3,20,6.0,markov,classic_quantile,aic,0.5872308834446919,0.36621840548712964,42.293359729439906,,,0.19970304380103934,0.16667037861915368,201.82587230883442,0.8596881959910914,0.19970304380103934,5.0,21.0,"throughput_2,cores_1,data_quality_2,data_quality_1,avg_p_latency_1,cores_2,buffer_size_3,throughput_1,python_gc_objects_collected_total_1,python_gc_objects_collected_total_2,python_gc_objects_collected_total_3,python_gc_collections_total_4,python_gc_collections_total_1,python_gc_collections_total_7,python_gc_objects_collected_total_5,python_gc_objects_collected_total_6,process_cpu_seconds_total_3,process_cpu_seconds_total_1,process_cpu_seconds_total_2,python_gc_collections_total_6,throughput_3",7.0,padded,3.0452305868966505,0.8052217710064724,11.45398790098261,1047.0,300.0,,,False,30,
throughput_3,20,8.0,markov,classic_quantile,aic,0.4268745360059391,0.32882520703544993,59.6433277654046,,,0.15293244246473645,0.12515339299953257,91.66214736451374,0.8433556050482554,0.15293244246473645,5.0,21.0,"throughput_2,scrape_duration_seconds_3,buffer_size_1,scrape_duration_seconds_2,avg_p_latency_3,throughput_1,buffer_size_3,python_gc_objects_collected_total_1,python_gc_objects_collected_total_2,python_gc_objects_collected_total_3,avg_p_latency_1,python_gc_collections_total_4,python_gc_collections_total_1,python_gc_collections_total_7,python_gc_objects_collected_total_5,python_gc_objects_collected_total_6,process_cpu_seconds_total_3,process_cpu_seconds_total_1,process_cpu_seconds_total_2,python_gc_collections_total_6,throughput_3",7.0,padded,3.272436303901486,1.8678073859773576,12.384166283998638,199.0,1148.0,,,False,30,
throughput_3,20,2.0,markov,kmeans,bic,0.9123979213066072,0.8144171469656772,21.036179163573372,,,0.7453600593912398,0.6481247765954522,61.14753773818362,0.9510022271714922,0.7453600593912398,0.0,21.0,"throughput_2,scrape_duration_seconds_3,data_quality_2,buffer_size_1,cores_3,buffer_size_3,throughput_1,python_gc_objects_collected_total_1,python_gc_objects_collected_total_2,python_gc_objects_collected_total_3,avg_p_latency_1,python_gc_collections_total_4,python_gc_collections_total_1,python_gc_collections_total_7,python_gc_objects_collected_total_5,python_gc_objects_collected_total_6,process_cpu_seconds_total_3,process_cpu_seconds_total_1,process_cpu_seconds_total_2,python_gc_collections_total_6,throughput_3",6.0,padded,2.9852727920515463,0.517738395021297,13.46023627195973,1283.0,64.0,,,False,30,
throughput_3,20,3.0,markov,kmeans,bic,0.8195991091314031,0.6679054303769835,28.27536175652815,,,0.44988864142538976,0.39978250708020563,99.84776367013497,0.9265033407572383,0.44988864142538976,0.0,21.0,"throughput_2,scrape_duration_seconds_3,buffer_size_1,avg_p_latency_3,avg_p_latency_1,throughput_1,buffer_size_3,python_gc_objects_collected_total_1,python_gc_objects_collected_total_2,python_gc_objects_collected_total_3,python_gc_collections_total_4,python_gc_collections_total_1,python_gc_collections_total_7,python_gc_objects_collected_total_5,python_gc_objects_collected_total_6,process_cpu_seconds_total_3,process_cpu_seconds_total_1,process_cpu_seconds_total_2,python_gc_collections_total_6,python_gc_collections_total_3,throughput_3",7.0,padded,2.8244863159488887,0.7205539550632238,12.043096218025312,1145.0,202.0,,,False,30,
throughput_3,20,4.0,markov,kmeans,bic,0.8247958426132146,0.7520334502614089,23.75273240881901,,,0.44766146993318484,0.3743557012840606,94.73243681950947,0.9161098737936154,0.44766146993318484,0.0,21.0,"throughput_2,scrape_duration_seconds_3,data_quality_2,avg_p_latency_3,throughput_1,buffer_size_3,python_gc_objects_collected_total_1,python_gc_objects_collected_total_2,python_gc_objects_collected_total_3,avg_p_latency_1,python_gc_collections_total_4,python_gc_collections_total_1,python_gc_collections_total_7,python_gc_objects_collected_total_5,python_gc_objects_collected_total_6,process_cpu_seconds_total_3,process_cpu_seconds_total_1,process_cpu_seconds_total_2,python_gc_collections_total_6,python_gc_collections_total_3,throughput_3",6.0,padded,2.413247418939136,0.7568997559137642,11.29505934996996,1109.0,238.0,,,False,30,
throughput_3,20,5.0,markov,kmeans,bic,0.7557535263548627,0.6470358558996014,31.578561156182918,,,0.2858203414996288,0.2754892903296764,107.99846471377408,0.8804751299183371,0.2858203414996288,0.0,21.0,"throughput_2,avg_p_latency_3,data_quality_1,cores_2,buffer_size_3,throughput_1,python_gc_objects_collected_total_1,python_gc_objects_collected_total_2,python_gc_objects_collected_total_3,avg_p_latency_1,python_gc_collections_total_4,python_gc_collections_total_1,python_gc_collections_total_7,python_gc_objects_collected_total_5,python_gc_objects_collected_total_6,process_cpu_seconds_total_3,process_cpu_seconds_total_1,process_cpu_seconds_total_2,python_gc_collections_total_6,python_gc_collections_total_3,throughput_3",5.0,padded,2.3677428510272875,0.6702727470546961,10.201273728045635,1057.0,290.0,,,False,30,
throughput_3,20,6.0,markov,kmeans,bic,0.43801039346696363,0.32681989667240385,81.93954434518628,,,0.25092798812175204,0.21759451730869697,117.70653090533958,0.8775055679287305,0.25092798812175204,0.0,21.0,"throughput_2,buffer_size_3,throughput_1,python_gc_objects_collected_total_1,python_gc_objects_collected_total_2,python_gc_objects_collected_total_3,avg_p_latency_1,python_gc_collections_total_4,python_gc_collections_total_1,python_gc_collections_total_7,python_gc_objects_collected_total_5,python_gc_objects_collected_total_6,process_cpu_seconds_total_3,process_cpu_seconds_total_1,process_cpu_seconds_total_2,python_gc_collections_total_6,python_gc_collections_total_3,python_gc_collections_total_2,python_gc_collections_total_5,python_gc_objects_collected_total_8,throughput_3",2.0,padded,2.305769366095774,0.671250386047177,9.076276773004793,1064.0,283.0,,,False,30,
throughput_3,20,8.0,markov,kmeans,bic,0.6117297698589458,0.536222485432734,41.32168903712733,,,0.25092798812175204,0.2048649605433199,114.85640908517944,0.8678544914625093,0.25092798812175204,0.0,21.0,"throughput_2,data_quality_1,throughput_1,buffer_size_3,python_gc_objects_collected_total_1,python_gc_objects_collected_total_2,python_gc_objects_collected_total_3,avg_p_latency_1,python_gc_collections_total_4,python_gc_collections_total_1,python_gc_collections_total_7,python_gc_objects_collected_total_5,python_gc_objects_collected_total_6,process_cpu_seconds_total_3,process_cpu_seconds_total_1,process_cpu_seconds_total_2,python_gc_collections_total_6,python_gc_collections_total_3,python_gc_collections_total_2,python_gc_collections_total_5,throughput_3",2.0,padded,2.2919815900968388,0.7649585159961134,9.339005940943025,1008.0,339.0,,,False,30,
throughput_3,20,2.0,markov,kmeans,aic,0.9057164068299925,0.8131283617342803,22.64063350655778,,,0.7453600593912398,0.6481247765954522,61.14753773818362,0.9510022271714922,0.7453600593912398,0.0,21.0,"process_virtual_memory_bytes_2,throughput_2,scrape_duration_seconds_3,data_quality_2,buffer_size_1,python_gc_objects_collected_total_7,avg_p_latency_1,buffer_size_2,cores_3,buffer_size_3,throughput_1,python_gc_objects_collected_total_1,python_gc_objects_collected_total_2,python_gc_objects_collected_total_3,python_gc_collections_total_4,python_gc_collections_total_1,python_gc_collections_total_7,python_gc_objects_collected_total_5,python_gc_objects_collected_total_6,process_cpu_seconds_total_3,throughput_3",10.0,padded,4.1316890579182655,0.6894520709756762,22.5662006479688,1256.0,91.0,,,False,30,
throughput_3,20,3.0,markov,kmeans,aic,0.7698589458054937,0.486521214699164,39.00876012007759,,,0.44988864142538976,0.39978250708020563,99.84776367013497,0.9265033407572383,0.44988864142538976,0.0,21.0,"throughput_2,python_gc_collections_total_8,scrape_duration_seconds_3,data_quality_3,cores_1,buffer_size_1,data_quality_1,avg_p_latency_1,cores_3,buffer_size_2,throughput_1,buffer_size_3,python_gc_objects_collected_total_1,python_gc_objects_collected_total_2,python_gc_objects_collected_total_3,python_gc_collections_total_4,python_gc_collections_total_1,python_gc_collections_total_7,python_gc_objects_collected_total_5,python_gc_objects_collected_total_6,throughput_3",12.0,padded,3.9283643999369815,0.9213700499385595,16.21337928099092,1096.0,251.0,,,False,30,
throughput_3,20,4.0,markov,kmeans,aic,0.8040089086859689,0.5141201534853207,28.973963454287762,,,0.44766146993318484,0.3743557012840606,94.73243681950947,0.9161098737936154,0.44766146993318484,0.0,21.0,"throughput_2,scrape_duration_seconds_3,avg_p_latency_3,data_quality_1,buffer_size_3,throughput_1,python_gc_objects_collected_total_1,python_gc_objects_collected_total_2,python_gc_objects_collected_total_3,avg_p_latency_1,python_gc_collections_total_4,python_gc_collections_total_1,python_gc_collections_total_7,python_gc_objects_collected_total_5,python_gc_objects_collected_total_6,process_cpu_seconds_total_3,process_cpu_seconds_total_1,process_cpu_seconds_total_2,python_gc_collections_total_6,python_gc_collections_total_3,throughput_3",5.0,padded,3.417677139979787,0.911766926990822,13.121679335949011,1114.0,233.0,,,False,30,
throughput_3,20,5.0,markov,kmeans,aic,0.495916852264291,0.24034239693708195,65.42269601577591,,,0.2858203414996288,0.2754892903296764,107.99846471377408,0.8804751299183371,0.2858203414996288,0.0,21.0,"throughput_2,scrape_duration_seconds_3,scrape_duration_seconds_2,avg_p_latency_3,data_quality_1,cores_2,buffer_size_3,python_gc_objects_collected_total_4,throughput_1,python_gc_objects_collected_total_1,python_gc_objects_collected_total_2,python_gc_objects_collected_total_3,avg_p_latency_1,python_gc_collections_total_4,python_gc_collections_total_1,python_gc_collections_total_7,python_gc_objects_collected_total_5,python_gc_objects_collected_total_6,process_cpu_seconds_total_3,process_cpu_seconds_total_1,throughput_3",8.0,padded,3.721496879006736,1.4532321040751413,12.87954752589576,832.0,515.0,,,False,30,
throughput_3,20,6.0,markov,kmeans,aic,0.5805493689680772,0.38178350674382555,41.66319134174621,,,0.25092798812175204,0.21759451730869697,117.70653090533958,0.8775055679287305,0.25092798812175204,0.0,21.0,"throughput_2,scrape_duration_seconds_3,scrape_duration_seconds_2,buffer_size_3,throughput_1,python_gc_objects_collected_total_1,python_gc_objects_collected_total_2,python_gc_objects_collected_total_3,avg_p_latency_1,python_gc_collections_total_4,python_gc_collections_total_1,python_gc_collections_total_7,python_gc_objects_collected_total_5,python_gc_objects_collected_total_6,process_cpu_seconds_total_3,process_cpu_seconds_total_1,process_cpu_seconds_total_2,python_gc_collections_total_6,python_gc_collections_total_3,python_gc_collections_total_2,throughput_3",4.0,padded,2.8633971590315923,1.2770409990334883,11.972147568012588,801.0,546.0,,,False,30,
throughput_3,20,8.0,markov,kmeans,aic,0.7253155159613957,0.578094366423873,32.772574922496624,,,0.25092798812175204,0.2048649605433199,114.85640908517944,0.8678544914625093,0.25092798812175204,0.0,21.0,"throughput_2,buffer_size_3,throughput_1,python_gc_objects_collected_total_1,python_gc_objects_collected_total_2,python_gc_objects_collected_total_3,avg_p_latency_1,python_gc_collections_total_4,python_gc_collections_total_1,python_gc_collections_total_7,python_gc_objects_collected_total_5,python_gc_objects_collected_total_6,process_cpu_seconds_total_3,process_cpu_seconds_total_1,process_cpu_seconds_total_2,python_gc_collections_total_6,python_gc_collections_total_3,python_gc_collections_total_2,python_gc_collections_total_5,python_gc_objects_collected_total_8,throughput_3",2.0,padded,2.4425422919448465,1.0371653420152143,10.275976615957916,1015.0,332.0,,,False,30,
throughput_3,20,,markov,dbscan,bic,0.25686711210096513,0.12278524007014083,95.53430693948681,,,0.09502598366740905,0.04152576612596704,104.42724471089282,0.5419450631031922,0.09502598366740905,9.0,13.0,"throughput_2,data_quality_3,cores_1,buffer_size_1,data_quality_1,avg_p_latency_1,buffer_size_2,cores_2,throughput_1,buffer_size_3,python_gc_objects_collected_total_5,python_gc_objects_collected_total_6,throughput_3",10.0,padded,0.7637789769796655,0.4422747769858688,11.914792094030418,449.0,898.0,,,False,30,
throughput_3,20,,markov,dbscan,aic,0.20193021529324426,0.07877227351336259,58.551689441745,,,0.09502598366740905,0.04152576612596704,104.42724471089282,0.5419450631031922,0.09502598366740905,9.0,11.0,"throughput_2,data_quality_3,cores_1,data_quality_1,buffer_size_3,throughput_1,avg_p_latency_1,python_gc_objects_collected_total_5,python_gc_objects_collected_total_6,python_gc_collections_total_6,throughput_3",5.0,padded,0.8779161749407649,0.6394238690845668,17.096523409942165,513.0,834.0,,,False,30,
throughput_3,20,2.0,mrmr,classic_uniform,bic,0.955456570155902,0.8203840914577908,10.696362286562731,,,0.8351893095768375,0.7440674750474306,39.576540460282104,0.9628804751299184,0.8351893095768375,0.0,21.0,"throughput_2,buffer_size_3,throughput_1,avg_p_latency_2,avg_p_latency_1,buffer_size_1,python_gc_objects_collected_total_1,buffer_size_2,avg_p_latency_3,data_quality_1,scrape_duration_seconds_2,cores_1,python_gc_objects_collected_total_4,scrape_duration_seconds_3,data_quality_2,python_gc_objects_collected_total_2,scrape_duration_seconds_1,process_open_fds_1,process_open_fds_3,python_gc_objects_collected_total_5,throughput_3",,,3.0813332359539345,0.590268210042268,82.66441532690078,1266.0,81.0,,,False,30,
throughput_3,20,3.0,mrmr,classic_uniform,bic,0.7661469933184856,0.5770625852187831,40.88387362863978,,,0.6993318485523385,0.5641388270230142,62.63314361131733,0.9198218262806236,0.6993318485523385,0.0,21.0,"throughput_2,buffer_size_3,throughput_1,avg_p_latency_2,avg_p_latency_1,buffer_size_1,python_gc_objects_collected_total_1,buffer_size_2,avg_p_latency_3,data_quality_1,scrape_duration_seconds_2,cores_1,python_gc_objects_collected_total_4,scrape_duration_seconds_3,data_quality_2,python_gc_objects_collected_total_2,scrape_duration_seconds_1,process_open_fds_1,process_open_fds_3,python_gc_objects_collected_total_5,throughput_3",,,2.7257375749759376,0.6766137270024046,83.98764102102723,1077.0,270.0,,,False,30,
throughput_3,20,4.0,mrmr,classic_uniform,bic,0.7193763919821826,0.6368963436955125,36.991586241029445,,,0.4669636228656273,0.38632936016937497,91.6321702548874,0.8960653303637713,0.4669636228656273,0.0,21.0,"throughput_2,buffer_size_3,throughput_1,avg_p_latency_2,avg_p_latency_1,buffer_size_1,python_gc_objects_collected_total_1,buffer_size_2,avg_p_latency_3,data_quality_1,scrape_duration_seconds_2,cores_1,python_gc_objects_collected_total_4,scrape_duration_seconds_3,data_quality_2,python_gc_objects_collected_total_2,scrape_duration_seconds_1,process_open_fds_1,process_open_fds_3,python_gc_objects_collected_total_5,throughput_3",,,2.494170277030207,0.8780129359802231,82.71014439198188,876.0,471.0,,,False,30,
throughput_3,20,5.0,mrmr,classic_uniform,bic,,,,,,,,,,,,,,,,,,79.86678682803176,,,,,False,30,3
throughput_3,20,6.0,mrmr,classic_uniform,bic,0.7045285820341499,0.6158176670595688,35.060298605955616,,,0.2969561989606533,0.27455552805961125,104.94319887816549,0.8485523385300668,0.2969561989606533,0.0,21.0,"throughput_2,buffer_size_3,throughput_1,avg_p_latency_2,avg_p_latency_1,buffer_size_1,python_gc_objects_collected_total_1,buffer_size_2,avg_p_latency_3,data_quality_1,scrape_duration_seconds_2,cores_1,python_gc_objects_collected_total_4,scrape_duration_seconds_3,data_quality_2,python_gc_objects_collected_total_2,scrape_duration_seconds_1,process_open_fds_1,process_open_fds_3,python_gc_objects_collected_total_5,throughput_3",,,2.2445583279477432,0.8194371910067275,83.7911443040939,690.0,657.0,,,False,30,
throughput_3,20,8.0,mrmr,classic_uniform,bic,,,,,,,,,,,,,,,,,,80.24418168200646,,,,,False,30,6
throughput_3,20,2.0,mrmr,classic_uniform,aic,0.9480326651818857,0.7117065305972822,12.479089334323186,,,0.8351893095768375,0.7440674750474306,39.576540460282104,0.9628804751299184,0.8351893095768375,0.0,21.0,"throughput_2,buffer_size_3,throughput_1,avg_p_latency_2,avg_p_latency_1,buffer_size_1,python_gc_objects_collected_total_1,buffer_size_2,avg_p_latency_3,data_quality_1,scrape_duration_seconds_2,cores_1,python_gc_objects_collected_total_4,scrape_duration_seconds_3,data_quality_2,python_gc_objects_collected_total_2,scrape_duration_seconds_1,process_open_fds_1,process_open_fds_3,python_gc_objects_collected_total_5,throughput_3",,,3.981725111952983,0.7700705390889198,83.82754388905596,1247.0,100.0,,,False,30,
throughput_3,20,3.0,mrmr,classic_uniform,aic,0.8700816629547142,0.435540431155272,25.55242101789986,,,0.6993318485523385,0.5641388270230142,62.63314361131733,0.9198218262806236,0.6993318485523385,0.0,21.0,"throughput_2,buffer_size_3,throughput_1,avg_p_latency_2,avg_p_latency_1,buffer_size_1,python_gc_objects_collected_total_1,buffer_size_2,avg_p_latency_3,data_quality_1,scrape_duration_seconds_2,cores_1,python_gc_objects_collected_total_4,scrape_duration_seconds_3,data_quality_2,python_gc_objects_collected_total_2,scrape_duration_seconds_1,process_open_fds_1,process_open_fds_3,python_gc_objects_collected_total_5,throughput_3",,,4.3783610600512475,1.278697566012852,83.89383510802872,1041.0,306.0,,,False,30,
throughput_3,20,4.0,mrmr,classic_uniform,aic,0.6978470675575352,0.39364003674463854,45.192130660727535,,,0.4669636228656273,0.38632936016937497,91.6321702548874,0.8960653303637713,0.4669636228656273,0.0,21.0,"throughput_2,buffer_size_3,throughput_1,avg_p_latency_2,avg_p_latency_1,buffer_size_1,python_gc_objects_collected_total_1,buffer_size_2,avg_p_latency_3,data_quality_1,scrape_duration_seconds_2,cores_1,python_gc_objects_collected_total_4,scrape_duration_seconds_3,data_quality_2,python_gc_objects_collected_total_2,scrape_duration_seconds_1,process_open_fds_1,process_open_fds_3,python_gc_objects_collected_total_5,throughput_3",,,4.745928550953977,1.2992667959770188,86.58670203899965,846.0,501.0,,,False,30,
throughput_3,20,5.0,mrmr,classic_uniform,aic,,,,,,,,,,,,,,,,,,80.61485887295566,,,,,False,30,3
throughput_3,20,6.0,mrmr,classic_uniform,aic,0.6228656273199703,0.32557592876969776,46.52917594654789,,,0.2969561989606533,0.27455552805961125,104.94319887816549,0.8485523385300668,0.2969561989606533,0.0,21.0,"throughput_2,buffer_size_3,throughput_1,avg_p_latency_2,avg_p_latency_1,buffer_size_1,python_gc_objects_collected_total_1,buffer_size_2,avg_p_latency_3,data_quality_1,scrape_duration_seconds_2,cores_1,python_gc_objects_collected_total_4,scrape_duration_seconds_3,data_quality_2,python_gc_objects_collected_total_2,scrape_duration_seconds_1,process_open_fds_1,process_open_fds_3,python_gc_objects_collected_total_5,throughput_3",,,4.090527378022671,1.3364773379871622,86.3240768359974,660.0,687.0,,,False,30,
throughput_3,20,8.0,mrmr,classic_uniform,aic,,,,,,,,,,,,,,,,,,79.03124185500201,,,,,False,30,6
throughput_3,20,2.0,mrmr,classic_quantile,bic,0.8448403860430587,0.7725595670613733,37.258995298193504,,,0.43875278396436523,0.5,134.7741648106904,0.9547141796585004,0.5612472160356348,1.0,19.0,"throughput_2,buffer_size_3,throughput_1,avg_p_latency_2,avg_p_latency_1,buffer_size_1,python_gc_objects_collected_total_1,buffer_size_2,avg_p_latency_3,data_quality_1,scrape_duration_seconds_2,cores_1,python_gc_objects_collected_total_4,scrape_duration_seconds_3,data_quality_2,python_gc_objects_collected_total_2,scrape_duration_seconds_1,python_gc_objects_collected_total_5,throughput_3",,,3.040715566952713,1.2257993060629815,84.62320397491567,1033.0,314.0,,,False,30,
throughput_3,20,3.0,mrmr,classic_quantile,bic,0.7965850037119525,0.6700344564292556,29.765676812670144,,,0.3838158871566444,0.33338282603316005,101.79754598696694,0.9034892353377877,0.3838158871566444,1.0,19.0,"throughput_2,buffer_size_3,throughput_1,avg_p_latency_2,avg_p_latency_1,buffer_size_1,python_gc_objects_collected_total_1,buffer_size_2,avg_p_latency_3,data_quality_1,scrape_duration_seconds_2,cores_1,python_gc_objects_collected_total_4,scrape_duration_seconds_3,data_quality_2,python_gc_objects_collected_total_2,scrape_duration_seconds_1,python_gc_objects_collected_total_5,throughput_3",,,2.720333600998856,1.3644076510099694,84.56808471796103,556.0,791.0,,,False,30,
throughput_3,20,4.0,mrmr,classic_quantile,bic,0.7000742390497402,0.599945643450833,34.9758290027221,,,0.12694877505567928,0.24998178393686932,131.78745360059392,0.9079435783221975,0.12694877505567928,0.0,19.0,"throughput_2,buffer_size_3,throughput_1,avg_p_latency_2,avg_p_latency_1,buffer_size_1,python_gc_objects_collected_total_1,buffer_size_2,avg_p_latency_3,data_quality_1,scrape_duration_seconds_2,cores_1,python_gc_objects_collected_total_4,scrape_duration_seconds_3,data_quality_2,python_gc_objects_collected_total_2,scrape_duration_seconds_1,python_gc_objects_collected_total_5,throughput_3",,,2.5503665130818263,1.4049267040099949,84.49064945999999,348.0,999.0,,,False,30,
throughput_3,20,5.0,mrmr,classic_quantile,bic,0.7253155159613957,0.4923270955429409,28.233370452858196,,,0.14996288047512993,0.20002942066045257,117.27908933432317,0.8626577579806979,0.14996288047512993,1.0,19.0,"throughput_2,buffer_size_3,throughput_1,avg_p_latency_2,avg_p_latency_1,buffer_size_1,python_gc_objects_collected_total_1,buffer_size_2,avg_p_latency_3,data_quality_1,scrape_duration_seconds_2,cores_1,python_gc_objects_collected_total_4,scrape_duration_seconds_3,data_quality_2,python_gc_objects_collected_total_2,scrape_duration_seconds_1,python_gc_objects_collected_total_5,throughput_3",,,2.3760050650453195,1.631053030025214,83.67833104799502,188.0,1159.0,,,False,30,
throughput_3,20,6.0,mrmr,classic_quantile,bic,0.6317743132887899,0.5459784785059875,40.54244823888477,,,0.19970304380103934,0.16667037861915368,201.82587230883442,0.8596881959910914,0.19970304380103934,5.0,19.0,"throughput_2,buffer_size_3,throughput_1,avg_p_latency_2,avg_p_latency_1,buffer_size_1,python_gc_objects_collected_total_1,buffer_size_2,avg_p_latency_3,data_quality_1,scrape_duration_seconds_2,cores_1,python_gc_objects_collected_total_4,scrape_duration_seconds_3,data_quality_2,python_gc_objects_collected_total_2,scrape_duration_seconds_1,python_gc_objects_collected_total_5,throughput_3",,,2.181799188023433,1.2721350310603157,82.96398725605104,145.0,1202.0,,,False,30,
throughput_3,20,8.0,mrmr,classic_quantile,bic,0.5835189309576837,0.49705070410897395,34.75477295223954,,,0.15293244246473645,0.12515339299953257,91.66214736451374,0.8433556050482554,0.15293244246473645,5.0,19.0,"throughput_2,buffer_size_3,throughput_1,avg_p_latency_2,avg_p_latency_1,buffer_size_1,python_gc_objects_collected_total_1,buffer_size_2,avg_p_latency_3,data_quality_1,scrape_duration_seconds_2,cores_1,python_gc_objects_collected_total_4,scrape_duration_seconds_3,data_quality_2,python_gc_objects_collected_total_2,scrape_duration_seconds_1,python_gc_objects_collected_total_5,throughput_3",,,1.938321657013148,1.2962991070235148,82.74655700195581,70.0,1277.0,,,False,30,
throughput_3,20,2.0,mrmr,classic_quantile,aic,0.8492947290274685,0.7472873682771268,36.18935906953724,,,0.43875278396436523,0.5,134.7741648106904,0.9547141796585004,0.5612472160356348,1.0,19.0,"throughput_2,buffer_size_3,throughput_1,avg_p_latency_2,avg_p_latency_1,buffer_size_1,python_gc_objects_collected_total_1,buffer_size_2,avg_p_latency_3,data_quality_1,scrape_duration_seconds_2,cores_1,python_gc_objects_collected_total_4,scrape_duration_seconds_3,data_quality_2,python_gc_objects_collected_total_2,scrape_duration_seconds_1,python_gc_objects_collected_total_5,throughput_3",,,3.1793922109063715,0.989946132991463,83.42737605795264,1033.0,314.0,,,False,30,
throughput_3,20,3.0,mrmr,classic_quantile,aic,0.8307349665924276,0.6953875554657399,27.28974676235256,,,0.3838158871566444,0.33338282603316005,101.79754598696694,0.9034892353377877,0.3838158871566444,1.0,19.0,"throughput_2,buffer_size_3,throughput_1,avg_p_latency_2,avg_p_latency_1,buffer_size_1,python_gc_objects_collected_total_1,buffer_size_2,avg_p_latency_3,data_quality_1,scrape_duration_seconds_2,cores_1,python_gc_objects_collected_total_4,scrape_duration_seconds_3,data_quality_2,python_gc_objects_collected_total_2,scrape_duration_seconds_1,python_gc_objects_collected_total_5,throughput_3",,,4.056910958024673,1.8333592750132084,85.1629445089493,556.0,791.0,,,False,30,
throughput_3,20,4.0,mrmr,classic_quantile,aic,0.49443207126948774,0.4872391858581166,58.02514847809948,,,0.12694877505567928,0.24998178393686932,131.78745360059392,0.9079435783221975,0.12694877505567928,0.0,19.0,"throughput_2,buffer_size_3,throughput_1,avg_p_latency_2,avg_p_latency_1,buffer_size_1,python_gc_objects_collected_total_1,buffer_size_2,avg_p_latency_3,data_quality_1,scrape_duration_seconds_2,cores_1,python_gc_objects_collected_total_4,scrape_duration_seconds_3,data_quality_2,python_gc_objects_collected_total_2,scrape_duration_seconds_1,python_gc_objects_collected_total_5,throughput_3",,,6.165041737956926,2.1282380409538746,89.02201801200863,348.0,999.0,,,False,30,
throughput_3,20,5.0,mrmr,classic_quantile,aic,0.6985894580549369,0.33708380834274204,31.34612719623855,,,0.14996288047512993,0.20002942066045257,117.27908933432317,0.8626577579806979,0.14996288047512993,1.0,19.0,"throughput_2,buffer_size_3,throughput_1,avg_p_latency_2,avg_p_latency_1,buffer_size_1,python_gc_objects_collected_total_1,buffer_size_2,avg_p_latency_3,data_quality_1,scrape_duration_seconds_2,cores_1,python_gc_objects_collected_total_4,scrape_duration_seconds_3,data_quality_2,python_gc_objects_collected_total_2,scrape_duration_seconds_1,python_gc_objects_collected_total_5,throughput_3",,,4.744855683064088,2.1957313779275864,87.58304145501461,188.0,1159.0,,,False,30,
throughput_3,20,6.0,mrmr,classic_quantile,aic,0.6562731997030438,0.4781714249351996,28.171735544007262,,,0.19970304380103934,0.16667037861915368,201.82587230883442,0.8596881959910914,0.19970304380103934,5.0,19.0,"throughput_2,buffer_size_3,throughput_1,avg_p_latency_2,avg_p_latency_1,buffer_size_1,python_gc_objects_collected_total_1,buffer_size_2,avg_p_latency_3,data_quality_1,scrape_duration_seconds_2,cores_1,python_gc_objects_collected_total_4,scrape_duration_seconds_3,data_quality_2,python_gc_objects_collected_total_2,scrape_duration_seconds_1,python_gc_objects_collected_total_5,throughput_3",,,4.590537988930009,1.7632354870438576,87.01603162300307,145.0,1202.0,,,False,30,
throughput_3,20,8.0,mrmr,classic_quantile,aic,0.49072011878247956,0.28238230721107105,44.369122741895566,,,0.15293244246473645,0.12515339299953257,91.66214736451374,0.8433556050482554,0.15293244246473645,5.0,19.0,"throughput_2,buffer_size_3,throughput_1,avg_p_latency_2,avg_p_latency_1,buffer_size_1,python_gc_objects_collected_total_1,buffer_size_2,avg_p_latency_3,data_quality_1,scrape_duration_seconds_2,cores_1,python_gc_objects_collected_total_4,scrape_duration_seconds_3,data_quality_2,python_gc_objects_collected_total_2,scrape_duration_seconds_1,python_gc_objects_collected_total_5,throughput_3",,,3.891627301927656,3.1170296620111912,87.75241449801251,70.0,1277.0,,,False,30,
throughput_3,20,2.0,mrmr,kmeans,bic,0.8804751299183371,0.7711245074693149,28.70190546894333,,,0.7453600593912398,0.6481247765954522,61.14753773818362,0.9510022271714922,0.7453600593912398,0.0,21.0,"throughput_2,buffer_size_3,throughput_1,avg_p_latency_2,avg_p_latency_1,buffer_size_1,python_gc_objects_collected_total_1,buffer_size_2,avg_p_latency_3,data_quality_1,scrape_duration_seconds_2,cores_1,python_gc_objects_collected_total_4,scrape_duration_seconds_3,data_quality_2,python_gc_objects_collected_total_2,scrape_duration_seconds_1,process_open_fds_1,process_open_fds_3,python_gc_objects_collected_total_5,throughput_3",,,3.1982921650633216,0.7806897000409663,82.97297350305598,1198.0,149.0,,,False,30,
throughput_3,20,3.0,mrmr,kmeans,bic,0.858203414996288,0.5605894875162072,22.706765472275293,,,0.44988864142538976,0.39978250708020563,99.84776367013497,0.9265033407572383,0.44988864142538976,0.0,21.0,"throughput_2,buffer_size_3,throughput_1,avg_p_latency_2,avg_p_latency_1,buffer_size_1,python_gc_objects_collected_total_1,buffer_size_2,avg_p_latency_3,data_quality_1,scrape_duration_seconds_2,cores_1,python_gc_objects_collected_total_4,scrape_duration_seconds_3,data_quality_2,python_gc_objects_collected_total_2,scrape_duration_seconds_1,process_open_fds_1,process_open_fds_3,python_gc_objects_collected_total_5,throughput_3",,,2.9840331779560074,1.1107485560933128,82.38582058309112,1019.0,328.0,,,False,30,
throughput_3,20,4.0,mrmr,kmeans,bic,0.8166295471417966,0.7328585737378082,25.40151476461924,,,0.44766146993318484,0.3743557012840606,94.73243681950947,0.9161098737936154,0.44766146993318484,0.0,21.0,"throughput_2,buffer_size_3,throughput_1,avg_p_latency_2,avg_p_latency_1,buffer_size_1,python_gc_objects_collected_total_1,buffer_size_2,avg_p_latency_3,data_quality_1,scrape_duration_seconds_2,cores_1,python_gc_objects_collected_total_4,scrape_duration_seconds_3,data_quality_2,python_gc_objects_collected_total_2,scrape_duration_seconds_1,process_open_fds_1,process_open_fds_3,python_gc_objects_collected_total_5,throughput_3",,,2.3036544360220432,0.9772813480813056,82.88378829194698,743.0,604.0,,,False,30,
throughput_3,20,5.0,mrmr,kmeans,bic,0.7520415738678545,0.6143480216852265,29.671785642940563,,,0.2858203414996288,0.2754892903296764,107.99846471377408,0.8804751299183371,0.2858203414996288,0.0,21.0,"throughput_2,buffer_size_3,throughput_1,avg_p_latency_2,avg_p_latency_1,buffer_size_1,python_gc_objects_collected_total_1,buffer_size_2,avg_p_latency_3,data_quality_1,scrape_duration_seconds_2,cores_1,python_gc_objects_collected_total_4,scrape_duration_seconds_3,data_quality_2,python_gc_objects_collected_total_2,scrape_duration_seconds_1,process_open_fds_1,process_open_fds_3,python_gc_objects_collected_total_5,throughput_3",,,2.2321775279706344,1.004365704022348,82.71255038294476,507.0,840.0,,,False,30,
throughput_3,20,6.0,mrmr,kmeans,bic,0.47512991833704527,0.3339914585692714,69.12464345194418,,,0.25092798812175204,0.21759451730869697,117.70653090533958,0.8775055679287305,0.25092798812175204,0.0,21.0,"throughput_2,buffer_size_3,throughput_1,avg_p_latency_2,avg_p_latency_1,buffer_size_1,python_gc_objects_collected_total_1,buffer_size_2,avg_p_latency_3,data_quality_1,scrape_duration_seconds_2,cores_1,python_gc_objects_collected_total_4,scrape_duration_seconds_3,data_quality_2,python_gc_objects_collected_total_2,scrape_duration_seconds_1,process_open_fds_1,process_open_fds_3,python_gc_objects_collected_total_5,throughput_3",,,2.2074490319937468,1.2402399750426412,81.99392594199162,422.0,925.0,,,False,30,
throughput_3,20,8.0,mrmr,kmeans,bic,0.6117297698589458,0.536222485432734,41.32168903712733,,,0.25092798812175204,0.2048649605433199,114.85640908517944,0.8678544914625093,0.25092798812175204,0.0,21.0,"throughput_2,buffer_size_3,throughput_1,avg_p_latency_2,avg_p_latency_1,buffer_size_1,python_gc_objects_collected_total_1,buffer_size_2,avg_p_latency_3,data_quality_1,scrape_duration_seconds_2,cores_1,python_gc_objects_collected_total_4,scrape_duration_seconds_3,data_quality_2,python_gc_objects_collected_total_2,scrape_duration_seconds_1,process_open_fds_1,process_open_fds_3,python_gc_objects_collected_total_5,throughput_3",,,2.035066333017312,1.0470068251015618,83.91608583903871,306.0,1041.0,,,False,30,
throughput_3,20,2.0,mrmr,kmeans,aic,0.749072011878248,0.7286199059902717,60.25617421430338,,,0.7453600593912398,0.6481247765954522,61.14753773818362,0.9510022271714922,0.7453600593912398,0.0,21.0,"throughput_2,buffer_size_3,throughput_1,avg_p_latency_2,avg_p_latency_1,buffer_size_1,python_gc_objects_collected_total_1,buffer_size_2,avg_p_latency_3,data_quality_1,scrape_duration_seconds_2,cores_1,python_gc_objects_collected_total_4,scrape_duration_seconds_3,data_quality_2,python_gc_objects_collected_total_2,scrape_duration_seconds_1,process_open_fds_1,process_open_fds_3,python_gc_objects_collected_total_5,throughput_3",,,4.226400198996998,1.0643108939984813,84.53429906803649,1176.0,171.0,,,False,30,
throughput_3,20,3.0,mrmr,kmeans,aic,0.8047512991833704,0.5440150732607473,29.963618598287557,,,0.44988864142538976,0.39978250708020563,99.84776367013497,0.9265033407572383,0.44988864142538976,0.0,21.0,"throughput_2,buffer_size_3,throughput_1,avg_p_latency_2,avg_p_latency_1,buffer_size_1,python_gc_objects_collected_total_1,buffer_size_2,avg_p_latency_3,data_quality_1,scrape_duration_seconds_2,cores_1,python_gc_objects_collected_total_4,scrape_duration_seconds_3,data_quality_2,python_gc_objects_collected_total_2,scrape_duration_seconds_1,process_open_fds_1,process_open_fds_3,python_gc_objects_collected_total_5,throughput_3",,,4.493211523978971,1.336275803972967,86.27055064996239,960.0,387.0,,,False,30,
throughput_3,20,4.0,mrmr,kmeans,aic,0.8114328136599851,0.4747900774775427,25.17614419327568,,,0.44766146993318484,0.3743557012840606,94.73243681950947,0.9161098737936154,0.44766146993318484,0.0,21.0,"throughput_2,buffer_size_3,throughput_1,avg_p_latency_2,avg_p_latency_1,buffer_size_1,python_gc_objects_collected_total_1,buffer_size_2,avg_p_latency_3,data_quality_1,scrape_duration_seconds_2,cores_1,python_gc_objects_collected_total_4,scrape_duration_seconds_3,data_quality_2,python_gc_objects_collected_total_2,scrape_duration_seconds_1,process_open_fds_1,process_open_fds_3,python_gc_objects_collected_total_5,throughput_3",,,5.0743864650139585,2.8825003139209002,87.31393590092193,695.0,652.0,,,False,30,
throughput_3,20,5.0,mrmr,kmeans,aic,0.7357089829250185,0.4182224528448996,29.99879573308107,,,0.2858203414996288,0.2754892903296764,107.99846471377408,0.8804751299183371,0.2858203414996288,0.0,21.0,"throughput_2,buffer_size_3,throughput_1,avg_p_latency_2,avg_p_latency_1,buffer_size_1,python_gc_objects_collected_total_1,buffer_size_2,avg_p_latency_3,data_quality_1,scrape_duration_seconds_2,cores_1,python_gc_objects_collected_total_4,scrape_duration_seconds_3,data_quality_2,python_gc_objects_collected_total_2,scrape_duration_seconds_1,process_open_fds_1,process_open_fds_3,python_gc_objects_collected_total_5,throughput_3",,,4.592801845050417,1.7317342238966376,86.9879372039577,487.0,860.0,,,False,30,
throughput_3,20,6.0,mrmr,kmeans,aic,0.49072011878247956,0.3244392304062654,55.29497812095535,,,0.25092798812175204,0.21759451730869697,117.70653090533958,0.8775055679287305,0.25092798812175204,0.0,21.0,"throughput_2,buffer_size_3,throughput_1,avg_p_latency_2,avg_p_latency_1,buffer_size_1,python_gc_objects_collected_total_1,buffer_size_2,avg_p_latency_3,data_quality_1,scrape_duration_seconds_2,cores_1,python_gc_objects_collected_total_4,scrape_duration_seconds_3,data_quality_2,python_gc_objects_collected_total_2,scrape_duration_seconds_1,process_open_fds_1,process_open_fds_3,python_gc_objects_collected_total_5,throughput_3",,,3.6341174360131845,1.694551978027448,84.87614163593389,375.0,972.0,,,False,30,
throughput_3,20,8.0,mrmr,kmeans,aic,0.6124721603563474,0.46637534878431053,50.86125013906464,,,0.25092798812175204,0.2048649605433199,114.85640908517942,0.8678544914625093,0.25092798812175204,0.0,21.0,"throughput_2,buffer_size_3,throughput_1,avg_p_latency_2,avg_p_latency_1,buffer_size_1,python_gc_objects_collected_total_1,buffer_size_2,avg_p_latency_3,data_quality_1,scrape_duration_seconds_2,cores_1,python_gc_objects_collected_total_4,scrape_duration_seconds_3,data_quality_2,python_gc_objects_collected_total_2,scrape_duration_seconds_1,process_open_fds_1,process_open_fds_3,python_gc_objects_collected_total_5,throughput_3",,,3.4375527419615537,2.326007562922314,85.32613037992269,260.0,1087.0,,,False,30,
throughput_3,20,,mrmr,dbscan,bic,0.25686711210096513,0.12278524007014083,95.53430693948681,,,0.09502598366740905,0.04152576612596705,104.42724471089282,0.5419450631031922,0.09502598366740905,9.0,14.0,"throughput_2,buffer_size_3,throughput_1,avg_p_latency_2,avg_p_latency_1,buffer_size_1,buffer_size_2,avg_p_latency_3,data_quality_1,cores_1,python_gc_objects_collected_total_4,data_quality_2,python_gc_objects_collected_total_5,throughput_3",,,0.9247283070581034,0.5280746379867196,82.81549781095237,427.0,920.0,,,False,30,
throughput_3,20,,mrmr,dbscan,aic,0.21306607275426875,0.07352623250423015,63.62673121077949,,,0.09502598366740905,0.04152576612596705,104.42724471089282,0.5419450631031922,0.09502598366740905,9.0,14.0,"throughput_2,buffer_size_3,throughput_1,avg_p_latency_2,avg_p_latency_1,buffer_size_1,buffer_size_2,avg_p_latency_3,data_quality_1,cores_1,python_gc_objects_collected_total_4,data_quality_2,python_gc_objects_collected_total_5,throughput_3",,,1.4672911290545017,1.0728949109325185,82.8124995949911,176.0,1171.0,,,False,30,
throughput_3,20,2.0,pca,classic_uniform,bic,0.838158871566444,0.7878512896784144,38.86344964117792,,,0.8351893095768375,0.7440674750474306,39.576540460282104,0.9628804751299184,0.8351893095768375,0.0,21.0,"pca_1,pca_2,pca_3,pca_4,pca_5,pca_6,pca_7,pca_8,pca_9,pca_10,pca_11,pca_12,pca_13,pca_14,pca_15,pca_16,pca_17,pca_18,pca_19,pca_20,throughput_3",,,3.8125454370165244,1.5983359130332246,6.292773388908245,1051.0,296.0,,,False,30,
throughput_3,20,3.0,pca,classic_uniform,bic,0.7245731254639941,0.6537762439695348,54.07605378206715,,,0.6993318485523385,0.5641388270230142,62.63314361131733,0.9198218262806236,0.6993318485523385,0.0,21.0,"pca_1,pca_2,pca_3,pca_4,pca_5,pca_6,pca_7,pca_8,pca_9,pca_10,pca_11,pca_12,pca_13,pca_14,pca_15,pca_16,pca_17,pca_18,pca_19,pca_20,throughput_3",,,3.7010160540230572,1.213527824031189,5.8113570710411295,950.0,397.0,,,False,30,
throughput_3,20,4.0,pca,classic_uniform,bic,0.6250927988121752,0.557710617869324,56.7798564711705,,,0.4669636228656273,0.38632936016937497,91.6321702548874,0.8960653303637713,0.4669636228656273,0.0,21.0,"pca_1,pca_2,pca_3,pca_4,pca_5,pca_6,pca_7,pca_8,pca_9,pca_10,pca_11,pca_12,pca_13,pca_14,pca_15,pca_16,pca_17,pca_18,pca_19,pca_20,throughput_3",,,3.1801445960300043,1.3670411030761898,5.509407771984115,821.0,526.0,,,False,30,
throughput_3,20,5.0,pca,classic_uniform,bic,0.512249443207127,0.4587974460436289,71.09515466468696,,,0.4446919079435783,0.33940677500068733,94.76976985894579,0.8975501113585747,0.4446919079435783,0.0,21.0,"pca_1,pca_2,pca_3,pca_4,pca_5,pca_6,pca_7,pca_8,pca_9,pca_10,pca_11,pca_12,pca_13,pca_14,pca_15,pca_16,pca_17,pca_18,pca_19,pca_20,throughput_3",,,2.888006475986913,1.294725005980581,5.170024391962215,716.0,631.0,,,False,30,
throughput_3,20,6.0,pca,classic_uniform,bic,0.4060876020786934,0.33167382827079506,83.13450466056257,,,0.2969561989606533,0.27455552805961125,104.94319887816549,0.8485523385300668,0.2969561989606533,0.0,21.0,"pca_1,pca_2,pca_3,pca_4,pca_5,pca_6,pca_7,pca_8,pca_9,pca_10,pca_11,pca_12,pca_13,pca_14,pca_15,pca_16,pca_17,pca_18,pca_19,pca_20,throughput_3",,,2.8588076739106327,1.4126724359812215,5.30675298999995,703.0,644.0,,,False,30,
throughput_3,20,8.0,pca,classic_uniform,bic,0.35337787676317745,0.2881073309160333,79.59876268250433,,,0.25315515961395696,0.2102098971651681,116.10009898539964,0.8418708240534521,0.25315515961395696,0.0,21.0,"pca_1,pca_2,pca_3,pca_4,pca_5,pca_6,pca_7,pca_8,pca_9,pca_10,pca_11,pca_12,pca_13,pca_14,pca_15,pca_16,pca_17,pca_18,pca_19,pca_20,throughput_3",,,2.1547173319850117,0.9605018449947238,4.168680449016392,546.0,801.0,,,False,30,
throughput_3,20,2.0,pca,classic_uniform,aic,0.838158871566444,0.7700321416104,38.86344964117792,,,0.8351893095768375,0.7440674750474306,39.576540460282104,0.9628804751299184,0.8351893095768375,0.0,21.0,"pca_1,pca_2,pca_3,pca_4,pca_5,pca_6,pca_7,pca_8,pca_9,pca_10,pca_11,pca_12,pca_13,pca_14,pca_15,pca_16,pca_17,pca_18,pca_19,pca_20,throughput_3",,,4.556920908973552,1.826199272996746,7.192287700017914,1051.0,296.0,,,False,30,
throughput_3,20,3.0,pca,classic_uniform,aic,0.7112100965107646,0.5996537107415837,61.08811350325827,,,0.6993318485523385,0.5641388270230142,62.63314361131733,0.9198218262806236,0.6993318485523385,0.0,21.0,"pca_1,pca_2,pca_3,pca_4,pca_5,pca_6,pca_7,pca_8,pca_9,pca_10,pca_11,pca_12,pca_13,pca_14,pca_15,pca_16,pca_17,pca_18,pca_19,pca_20,throughput_3",,,6.667076278012246,1.0845411730697379,8.685644072946161,950.0,397.0,,,False,30,
throughput_3,20,4.0,pca,classic_uniform,aic,0.5649591685226429,0.4595117251828733,66.49571888146498,,,0.4669636228656273,0.38632936016937497,91.6321702548874,0.8960653303637713,0.4669636228656273,0.0,21.0,"pca_1,pca_2,pca_3,pca_4,pca_5,pca_6,pca_7,pca_8,pca_9,pca_10,pca_11,pca_12,pca_13,pca_14,pca_15,pca_16,pca_17,pca_18,pca_19,pca_20,throughput_3",,,10.886466408963315,1.2860169620253146,13.118068963987753,821.0,526.0,,,False,30,
throughput_3,20,5.0,pca,classic_uniform,aic,0.504083147735709,0.34636771476809275,70.59599109131402,,,0.4446919079435783,0.33940677500068733,94.76976985894579,0.8975501113585747,0.4446919079435783,0.0,21.0,"pca_1,pca_2,pca_3,pca_4,pca_5,pca_6,pca_7,pca_8,pca_9,pca_10,pca_11,pca_12,pca_13,pca_14,pca_15,pca_16,pca_17,pca_18,pca_19,pca_20,throughput_3",,,7.169815034023486,2.00615667400416,10.143957630032673,716.0,631.0,,,False,30,
throughput_3,20,6.0,pca,classic_uniform,aic,0.3949517446176689,0.3506078053086809,82.54026231130908,,,0.2969561989606533,0.27455552805961125,104.94319887816549,0.8485523385300668,0.2969561989606533,0.0,21.0,"pca_1,pca_2,pca_3,pca_4,pca_5,pca_6,pca_7,pca_8,pca_9,pca_10,pca_11,pca_12,pca_13,pca_14,pca_15,pca_16,pca_17,pca_18,pca_19,pca_20,throughput_3",,,6.351561928051524,2.259030804038048,9.63452647102531,703.0,644.0,,,False,30,
throughput_3,20,8.0,pca,classic_uniform,aic,0.3637713437268003,0.30792975968078085,76.79096758228161,,,0.25315515961395696,0.2102098971651681,116.10009898539964,0.8418708240534521,0.25315515961395696,0.0,21.0,"pca_1,pca_2,pca_3,pca_4,pca_5,pca_6,pca_7,pca_8,pca_9,pca_10,pca_11,pca_12,pca_13,pca_14,pca_15,pca_16,pca_17,pca_18,pca_19,pca_20,throughput_3",,,3.4915729630738497,1.2095665970118716,5.782597990008071,546.0,801.0,,,False,30,
throughput_3,20,2.0,pca,classic_quantile,bic,0.570898292501856,0.5805301719044631,103.04162336055431,,,0.43875278396436523,0.5,134.7741648106904,0.9547141796585004,0.5612472160356348,1.0,21.0,"pca_1,pca_2,pca_3,pca_4,pca_5,pca_6,pca_7,pca_8,pca_9,pca_10,pca_11,pca_12,pca_13,pca_14,pca_15,pca_16,pca_17,pca_18,pca_19,pca_20,throughput_3",,,3.23393180698622,1.4261775590712205,5.577246948028915,968.0,379.0,,,False,30,
throughput_3,20,3.0,pca,classic_quantile,bic,0.5226429101707498,0.4615341711570021,74.44679534768625,,,0.3838158871566444,0.33338282603316005,101.79754598696694,0.9034892353377877,0.3838158871566444,1.0,21.0,"pca_1,pca_2,pca_3,pca_4,pca_5,pca_6,pca_7,pca_8,pca_9,pca_10,pca_11,pca_12,pca_13,pca_14,pca_15,pca_16,pca_17,pca_18,pca_19,pca_20,throughput_3",,,5.237987802014686,2.818619237979874,8.977922479971312,787.0,560.0,,,False,30,
throughput_3,20,4.0,pca,classic_quantile,bic,0.392724573125464,0.3512679489047991,76.60021034397427,,,0.12694877505567928,0.24998178393686932,131.78745360059392,0.9079435783221975,0.12694877505567928,0.0,21.0,"pca_1,pca_2,pca_3,pca_4,pca_5,pca_6,pca_7,pca_8,pca_9,pca_10,pca_11,pca_12,pca_13,pca_14,pca_15,pca_16,pca_17,pca_18,pca_19,pca_20,throughput_3",,,3.730092586018145,2.071140291984193,6.816715077962726,628.0,719.0,,,False,30,
throughput_3,20,5.0,pca,classic_quantile,bic,0.3882702301410542,0.31666019398605033,71.3662583518931,,,0.14996288047512993,0.20002942066045257,117.27908933432317,0.8626577579806979,0.14996288047512993,1.0,21.0,"pca_1,pca_2,pca_3,pca_4,pca_5,pca_6,pca_7,pca_8,pca_9,pca_10,pca_11,pca_12,pca_13,pca_14,pca_15,pca_16,pca_17,pca_18,pca_19,pca_20,throughput_3",,,3.9857715039979666,1.6608288229908794,6.7403641970595345,508.0,839.0,,,False,30,
throughput_3,20,6.0,pca,classic_quantile,bic,0.2613214550853749,0.24709120605112603,73.14692732821909,,,0.19970304380103934,0.1666703786191537,201.82587230883442,0.8596881959910914,0.19970304380103934,5.0,21.0,"pca_1,pca_2,pca_3,pca_4,pca_5,pca_6,pca_7,pca_8,pca_9,pca_10,pca_11,pca_12,pca_13,pca_14,pca_15,pca_16,pca_17,pca_18,pca_19,pca_20,throughput_3",,,3.054173709009774,1.7730898009613156,5.933216365985572,430.0,917.0,,,False,30,
throughput_3,20,8.0,pca,classic_quantile,bic,0.21603563474387527,0.18129115987773137,78.93202487008166,,,0.15293244246473645,0.12515339299953257,91.66214736451374,0.8433556050482554,0.15293244246473645,5.0,21.0,"pca_1,pca_2,pca_3,pca_4,pca_5,pca_6,pca_7,pca_8,pca_9,pca_10,pca_11,pca_12,pca_13,pca_14,pca_15,pca_16,pca_17,pca_18,pca_19,pca_20,throughput_3",,,3.4311411200324073,1.6096515419194475,6.207297945045866,278.0,1069.0,,,False,30,
throughput_3,20,2.0,pca,classic_quantile,aic,0.6503340757238307,0.6036488417594653,83.96644394951744,,,0.43875278396436523,0.5,134.7741648106904,0.9547141796585004,0.5612472160356348,1.0,21.0,"pca_1,pca_2,pca_3,pca_4,pca_5,pca_6,pca_7,pca_8,pca_9,pca_10,pca_11,pca_12,pca_13,pca_14,pca_15,pca_16,pca_17,pca_18,pca_19,pca_20,throughput_3",,,4.431105761905201,1.6970092169940472,7.026362297940068,968.0,379.0,,,False,30,
throughput_3,20,3.0,pca,classic_quantile,aic,0.48997772828507796,0.3666197920490903,90.25505237977401,,,0.3838158871566444,0.33338282603316005,101.79754598696694,0.9034892353377877,0.3838158871566444,1.0,21.0,"pca_1,pca_2,pca_3,pca_4,pca_5,pca_6,pca_7,pca_8,pca_9,pca_10,pca_11,pca_12,pca_13,pca_14,pca_15,pca_16,pca_17,pca_18,pca_19,pca_20,throughput_3",,,6.90284854604397,4.829268867033534,12.698757920064963,787.0,560.0,,,False,30,
throughput_3,20,4.0,pca,classic_quantile,aic,0.34075723830734966,0.25957225216918184,85.55789408562238,,,0.12694877505567928,0.24998178393686932,131.78745360059392,0.9079435783221975,0.12694877505567928,0.0,21.0,"pca_1,pca_2,pca_3,pca_4,pca_5,pca_6,pca_7,pca_8,pca_9,pca_10,pca_11,pca_12,pca_13,pca_14,pca_15,pca_16,pca_17,pca_18,pca_19,pca_20,throughput_3",,,20.150256108958274,537.8540524350246,559.0539393019862,628.0,719.0,,,False,30,
throughput_3,20,5.0,pca,classic_quantile,aic,0.325909428359317,0.21057333501401895,79.66919079435783,,,0.14996288047512993,0.20002942066045257,117.27908933432317,0.8626577579806979,0.14996288047512993,1.0,21.0,"pca_1,pca_2,pca_3,pca_4,pca_5,pca_6,pca_7,pca_8,pca_9,pca_10,pca_11,pca_12,pca_13,pca_14,pca_15,pca_16,pca_17,pca_18,pca_19,pca_20,throughput_3",,,21.32650253805332,3.39521126402542,25.830999716068618,508.0,839.0,,,False,30,
throughput_3,20,6.0,pca,classic_quantile,aic,0.23162583518930957,0.17768061740391042,99.6221397343892,,,0.19970304380103934,0.1666703786191537,201.82587230883442,0.8596881959910914,0.19970304380103934,5.0,21.0,"pca_1,pca_2,pca_3,pca_4,pca_5,pca_6,pca_7,pca_8,pca_9,pca_10,pca_11,pca_12,pca_13,pca_14,pca_15,pca_16,pca_17,pca_18,pca_19,pca_20,throughput_3",,,14.176550564006902,18.098829914000817,33.31378842506092,430.0,917.0,,,False,30,
throughput_3,20,8.0,pca,classic_quantile,aic,0.1789161098737936,0.15024613765886619,84.15491833704527,,,0.15293244246473645,0.12515339299953257,91.66214736451374,0.8433556050482554,0.15293244246473645,5.0,21.0,"pca_1,pca_2,pca_3,pca_4,pca_5,pca_6,pca_7,pca_8,pca_9,pca_10,pca_11,pca_12,pca_13,pca_14,pca_15,pca_16,pca_17,pca_18,pca_19,pca_20,throughput_3",,,14.59154049505014,2.0133696120465174,17.775322183966637,278.0,1069.0,,,False,30,
throughput_3,20,2.0,pca,kmeans,bic,0.7461024498886414,0.7005363768411438,60.96926503340757,,,0.7453600593912398,0.6481247765954522,61.14753773818362,0.9510022271714922,0.7453600593912398,0.0,21.0,"pca_1,pca_2,pca_3,pca_4,pca_5,pca_6,pca_7,pca_8,pca_9,pca_10,pca_11,pca_12,pca_13,pca_14,pca_15,pca_16,pca_17,pca_18,pca_19,pca_20,throughput_3",,,3.4099289199803025,1.8940454369876534,6.230269932071678,1004.0,343.0,,,False,30,
throughput_3,20,3.0,pca,kmeans,bic,0.5953971789161099,0.5264869316425893,66.52999793430912,,,0.44988864142538976,0.39978250708020563,99.84776367013497,0.9265033407572383,0.44988864142538976,0.0,21.0,"pca_1,pca_2,pca_3,pca_4,pca_5,pca_6,pca_7,pca_8,pca_9,pca_10,pca_11,pca_12,pca_13,pca_14,pca_15,pca_16,pca_17,pca_18,pca_19,pca_20,throughput_3",,,3.947871977929026,2.0674704159609973,7.079149805009365,851.0,496.0,,,False,30,
throughput_3,20,4.0,pca,kmeans,bic,0.607275426874536,0.5327501402442467,58.57282795127215,,,0.44766146993318484,0.3743557012840606,94.73243681950947,0.9161098737936154,0.44766146993318484,0.0,21.0,"pca_1,pca_2,pca_3,pca_4,pca_5,pca_6,pca_7,pca_8,pca_9,pca_10,pca_11,pca_12,pca_13,pca_14,pca_15,pca_16,pca_17,pca_18,pca_19,pca_20,throughput_3",,,3.6902855549706146,1.784493091981858,6.590393917053007,734.0,613.0,,,False,30,
throughput_3,20,5.0,pca,kmeans,bic,0.45657015590200445,0.4148731826364262,69.8236596851529,,,0.2858203414996288,0.2754892903296764,107.99846471377408,0.8804751299183371,0.2858203414996288,0.0,21.0,"pca_1,pca_2,pca_3,pca_4,pca_5,pca_6,pca_7,pca_8,pca_9,pca_10,pca_11,pca_12,pca_13,pca_14,pca_15,pca_16,pca_17,pca_18,pca_19,pca_20,throughput_3",,,3.0053281120490283,1.0903056000825018,5.188876035972498,640.0,707.0,,,False,30,
throughput_3,20,6.0,pca,kmeans,bic,0.31403118040089084,0.22898454770785842,104.37645257087696,,,0.25092798812175204,0.21759451730869697,117.70653090533958,0.8775055679287305,0.25092798812175204,0.0,21.0,"pca_1,pca_2,pca_3,pca_4,pca_5,pca_6,pca_7,pca_8,pca_9,pca_10,pca_11,pca_12,pca_13,pca_14,pca_15,pca_16,pca_17,pca_18,pca_19,pca_20,throughput_3",,,3.228068534983322,1.3053371359128505,5.686747145955451,537.0,810.0,,,False,30,
throughput_3,20,8.0,pca,kmeans,bic,0.3192279138827023,0.2548173953087696,87.40705595769624,,,0.25092798812175204,0.20486496054331985,114.85640908517944,0.8678544914625093,0.25092798812175204,0.0,21.0,"pca_1,pca_2,pca_3,pca_4,pca_5,pca_6,pca_7,pca_8,pca_9,pca_10,pca_11,pca_12,pca_13,pca_14,pca_15,pca_16,pca_17,pca_18,pca_19,pca_20,throughput_3",,,3.1673593069426715,1.3911916919751093,5.753342740004882,425.0,922.0,,,False,30,
throughput_3,20,2.0,pca,kmeans,aic,0.7319970304380103,0.6337826362486106,64.35644642415244,,,0.7453600593912398,0.6481247765954522,61.14753773818362,0.9510022271714922,0.7453600593912398,0.0,21.0,"pca_1,pca_2,pca_3,pca_4,pca_5,pca_6,pca_7,pca_8,pca_9,pca_10,pca_11,pca_12,pca_13,pca_14,pca_15,pca_16,pca_17,pca_18,pca_19,pca_20,throughput_3",,,4.6149783548898995,2.1072419609408826,7.648206043057144,1004.0,343.0,,,False,30,
throughput_3,20,3.0,pca,kmeans,aic,0.593170007423905,0.39242520866700353,65.87243695336592,,,0.44988864142538976,0.39978250708020563,99.84776367013497,0.9265033407572383,0.44988864142538976,0.0,21.0,"pca_1,pca_2,pca_3,pca_4,pca_5,pca_6,pca_7,pca_8,pca_9,pca_10,pca_11,pca_12,pca_13,pca_14,pca_15,pca_16,pca_17,pca_18,pca_19,pca_20,throughput_3",,,6.734029541024938,2.9396988240769133,10.681803415995091,851.0,496.0,,,False,30,
throughput_3,20,4.0,pca,kmeans,aic,0.5011135857461024,0.3874207667676204,81.70438973908038,,,0.44766146993318484,0.3743557012840606,94.73243681950947,0.9161098737936154,0.44766146993318484,0.0,21.0,"pca_1,pca_2,pca_3,pca_4,pca_5,pca_6,pca_7,pca_8,pca_9,pca_10,pca_11,pca_12,pca_13,pca_14,pca_15,pca_16,pca_17,pca_18,pca_19,pca_20,throughput_3",,,14.177745979977772,1.7987942739855498,17.035072435974143,734.0,613.0,,,False,30,
throughput_3,20,5.0,pca,kmeans,aic,0.4892353377876763,0.29647310072079314,68.89420049658484,,,0.2858203414996288,0.2754892903296764,107.99846471377408,0.8804751299183371,0.2858203414996288,0.0,21.0,"pca_1,pca_2,pca_3,pca_4,pca_5,pca_6,pca_7,pca_8,pca_9,pca_10,pca_11,pca_12,pca_13,pca_14,pca_15,pca_16,pca_17,pca_18,pca_19,pca_20,throughput_3",,,7.102063199039549,2.310142492991872,10.52059663203545,640.0,707.0,,,False,30,
throughput_3,20,6.0,pca,kmeans,aic,0.40014847809948034,0.2994611433932779,79.91679175647523,,,0.25092798812175204,0.21759451730869697,117.70653090533958,0.8775055679287305,0.25092798812175204,0.0,21.0,"pca_1,pca_2,pca_3,pca_4,pca_5,pca_6,pca_7,pca_8,pca_9,pca_10,pca_11,pca_12,pca_13,pca_14,pca_15,pca_16,pca_17,pca_18,pca_19,pca_20,throughput_3",,,11.069019724032842,1.7817638779524714,14.014641328016296,537.0,810.0,,,False,30,
throughput_3,20,8.0,pca,kmeans,aic,0.325909428359317,0.300008474454591,85.43854809935026,,,0.25092798812175204,0.20486496054331985,114.85640908517944,0.8678544914625093,0.25092798812175204,0.0,21.0,"pca_1,pca_2,pca_3,pca_4,pca_5,pca_6,pca_7,pca_8,pca_9,pca_10,pca_11,pca_12,pca_13,pca_14,pca_15,pca_16,pca_17,pca_18,pca_19,pca_20,throughput_3",,,3.8692857089918107,1.3595228960039094,6.527047778014094,425.0,922.0,,,False,30,
throughput_3,20,,pca,dbscan,bic,0.09502598366740905,0.04152576612596704,104.42724471089282,,,0.09502598366740905,0.04152576612596704,104.42724471089282,0.5419450631031922,0.09502598366740905,9.0,7.0,"pca_15,pca_16,pca_17,pca_18,pca_19,pca_20,throughput_3",,,0.14963066100608557,0.04581615701317787,0.7208557759877294,1314.0,33.0,,,False,30,
throughput_3,20,,pca,dbscan,aic,0.1588715664439495,0.04975517942772453,87.66772572482154,,,0.09502598366740905,0.04152576612596704,104.42724471089282,0.5419450631031922,0.09502598366740905,9.0,7.0,"pca_15,pca_16,pca_17,pca_18,pca_19,pca_20,throughput_3",,,0.288942449958995,0.3399765370413661,1.1578203260432929,247.0,1100.0,,,False,30,
