target,K,n_bins,fs,disc,score,n_folds,n_folds_ok,accuracy,accuracy_std,f1,f1_std,precision,precision_std,recall,recall_std,log_loss,log_loss_std,persistence_accuracy,persistence_accuracy_std,persistence_f1,persistence_f1_std,persistence_precision,persistence_precision_std,persistence_recall,persistence_recall_std,ar_dbn_accuracy,ar_dbn_accuracy_std,ar_dbn_f1,ar_dbn_f1_std,ar_dbn_precision,ar_dbn_precision_std,ar_dbn_recall,ar_dbn_recall_std,ar_dbn_log_loss,ar_dbn_log_loss_std,static_bn_si_accuracy,static_bn_si_accuracy_std,static_bn_si_f1,static_bn_si_f1_std,static_bn_si_precision,static_bn_si_precision_std,static_bn_si_recall,static_bn_si_recall_std,static_bn_si_log_loss,static_bn_si_log_loss_std,n_features_incl_target,features,mb_size,mb_fallback,train_time_sec,eval_time_sec,total_time_sec,cache_hits,cache_size,best_fold_f1,best_fold,model_pkl_path,edges_csv_path,exclude_other_throughputs,modeling_granularity_sec,error,acc_tput1,acc_tput2,acc_tput3,f1_tput1,f1_tput2,f1_tput3,prec_tput1,prec_tput2,prec_tput3,rec_tput1,rec_tput2,rec_tput3,ll_tput1,ll_tput2,ll_tput3
throughput_3,4,10,markov,classic_uniform,bic,5,5,0.576412017085633,0.16362398916869172,0.4439298025278215,0.12585650825241051,0.4411091799451127,0.1443803674872513,0.4843648561155559,0.09140812963136645,1.4028971672945065,0.3560976834970431,0.84013742791701,0.009229171725588358,0.7423261662874467,0.054108708622897066,0.742176680683933,0.05453911088740914,0.7425050960111026,0.05367658619948395,0.2960368442689955,0.09053872269343984,0.04752473461742217,0.013456737490103362,0.031239156797666045,0.010394466140289058,0.10500000000000001,0.011180339887498947,1.9647219631547401,0.10254477174422971,0.8119591016690804,0.050935283784767804,0.703762599118023,0.11157143921598645,0.7075207045832776,0.11633611183380527,0.7196564676511091,0.09866527027186728,0.8771154432244922,0.19084924116629065,5,"throughput_2,throughput_1,buffer_size_3,python_gc_objects_collected_total_1,throughput_3",1.0,padded,0.11342823542654515,0.08711031228303909,23.166186940856278,944.8,177.4,0.5503623682448537,3.0,saved_dbn_models_top5_20260313_192652_seed783122_with_rps_run20260709_161025/best_bins10_dbn_throughput_3_K4_markov_classic_uniform_bic_bins10.pkl,saved_dbn_models_top5_20260313_192652_seed783122_with_rps_run20260709_161025/best_bins10_dbn_throughput_3_K4_markov_classic_uniform_bic_bins10_edges.csv,False,30,,0.41581516278493913,0.5758712260100348,0.576412017085633,0.3336047487779862,0.405062116333892,0.4439298025278215,0.34959032081598257,0.41079188394921734,0.4411091799451127,0.37953832288562017,0.4412426937280302,0.4843648561155559,1.958295673925925,1.3821224127040452,1.4028971672945065
throughput_3,4,12,markov,classic_uniform,bic,5,5,0.6396291763690014,0.08304843806579328,0.4609733143362276,0.08410340819831044,0.4753330839040976,0.07744574691239574,0.4819331136785266,0.07139746476834888,1.3367149783785701,0.12483246742952857,0.8278519308638213,0.04472689587866569,0.692593490145958,0.02639677341794929,0.6923654466388766,0.026694441967247608,0.6928722198014307,0.026146382411857245,0.21405755210689473,0.10227875305879253,0.029104783274363288,0.011270807777793716,0.018124414655264508,0.008459175558584017,0.08484848484848484,0.0033879817840905936,2.1761885919300097,0.05295867424122732,0.826567278166325,0.04437207833507364,0.701035355355154,0.07075706879598678,0.7045032052997372,0.08193755501253218,0.7166360190691667,0.05199706518016884,0.9192092481675653,0.12596908399226345,5,"throughput_2,throughput_1,buffer_size_3,python_gc_objects_collected_total_1,throughput_3",1.0,padded,0.11135587953031063,0.07532220166176558,22.983524480834603,989.2,133.0,0.5997785185694785,5.0,saved_dbn_models_top5_20260313_192652_seed783122_with_rps_run20260709_161025/best_bins12_dbn_throughput_3_K4_markov_classic_uniform_bic_bins12.pkl,saved_dbn_models_top5_20260313_192652_seed783122_with_rps_run20260709_161025/best_bins12_dbn_throughput_3_K4_markov_classic_uniform_bic_bins12_edges.csv,False,30,,0.4653776251859118,0.6350161824626233,0.6396291763690014,0.32706111877488137,0.4431554306945948,0.4609733143362276,0.3152361036695079,0.45905014932121657,0.4753330839040976,0.36565921525900336,0.46404654084892477,0.4819331136785266,1.9598832191804678,1.3373160364857335,1.3367149783785701
throughput_3,4,14,markov,classic_uniform,bic,5,4,0.6032286751015472,0.1349240399094312,0.487676611410219,0.14146056558541242,0.49054480904139863,0.14185736750744168,0.5160077275400585,0.12002841815319583,1.502309758279532,0.3236996490622721,0.8302573559173527,0.017824663990775157,0.6829446111384049,0.027110041397601738,0.6825598573075555,0.027962249198730235,0.6833928987794491,0.0261951465949613,0.1577254394026695,0.06328294406626199,0.02050470618575204,0.007486888966926847,0.012043919768763935,0.005128337122050172,0.07577838827838827,0.005663606628595688,2.3501308855810334,0.06648129147428293,0.7972320503354322,0.05667005729366441,0.6831424079393319,0.09501852872905507,0.683422845816491,0.10087453283289548,0.7128113144176889,0.07952039012518634,1.0596090758025793,0.22223276668252415,5,"throughput_2,throughput_1,buffer_size_3,python_gc_objects_collected_total_1,throughput_3",1.0,padded,0.10636240872554481,0.06622874829918146,22.279717894271016,987.5,134.75,0.6184929273426388,3.0,saved_dbn_models_top5_20260313_192652_seed783122_with_rps_run20260709_161025/best_bins14_dbn_throughput_3_K4_markov_classic_uniform_bic_bins14.pkl,saved_dbn_models_top5_20260313_192652_seed783122_with_rps_run20260709_161025/best_bins14_dbn_throughput_3_K4_markov_classic_uniform_bic_bins14_edges.csv,False,30,,0.39720981487389745,0.5573850441982022,0.6032286751015472,0.3173940842475554,0.41737369097264,0.487676611410219,0.33647538570503005,0.4594259401653106,0.49054480904139863,0.34874888132065285,0.45281166286015345,0.5160077275400585,2.4865887087738203,1.5860211018662167,1.502309758279532
throughput_3,4,16,markov,classic_uniform,bic,5,4,0.5671389660049238,0.09688165733485017,0.3796954640591307,0.12884032981753699,0.37849692080769937,0.12922806261625228,0.40493481408457654,0.1180076562232026,1.5925245357895748,0.29669756581142537,0.7943910584552772,0.015757815702324086,0.6001430801945219,0.029013542334840534,0.5999964393261898,0.02914165760063824,0.6003131064904264,0.028901548782943376,0.1341080915487704,0.04135857624719841,0.015128639331391825,0.003690166749169411,0.008634413603132503,0.002460952316564712,0.06473214285714285,0.004464285714285712,2.4250513650202947,0.06616372928505758,0.7662901306553682,0.056045484433656846,0.6089354875398589,0.07453608158767616,0.6116749533477169,0.078782850273838,0.6361158674668639,0.05710182686699152,1.1585612797989975,0.2370505670600227,5,"throughput_2,throughput_1,buffer_size_3,python_gc_objects_collected_total_1,throughput_3",1.0,padded,0.1096963593736291,0.07227910356596112,22.421988785266876,966.75,155.5,0.5139975775383303,5.0,saved_dbn_models_top5_20260313_192652_seed783122_with_rps_run20260709_161025/best_bins16_dbn_throughput_3_K4_markov_classic_uniform_bic_bins16.pkl,saved_dbn_models_top5_20260313_192652_seed783122_with_rps_run20260709_161025/best_bins16_dbn_throughput_3_K4_markov_classic_uniform_bic_bins16_edges.csv,False,30,,0.28804842992811147,0.5118858560990979,0.5671389660049238,0.1929206432027059,0.3382361665429898,0.3796954640591307,0.20262680980549264,0.3433274211052491,0.37849692080769937,0.23302435877240582,0.36049647817966607,0.40493481408457654,2.557278993992793,1.6433062536197307,1.5925245357895748
throughput_3,4,18,markov,classic_uniform,bic,5,4,0.6613956600206665,0.05693869861104546,0.49017558223434116,0.07589915059002934,0.4879211190258705,0.07396497014623882,0.5073643749242837,0.07276759730360755,1.4357061002702332,0.20790735912719144,0.7935051499754764,0.03260765734392384,0.604895932582038,0.04621311744463643,0.6046993069625449,0.04660412079846886,0.6051285805139073,0.0458222956406796,0.1171609500272221,0.06103853896513085,0.01161543927872556,0.005234810356168133,0.006607971178973221,0.003215971129059882,0.05833333333333333,0.005555555555555557,2.5820308907755365,0.09856176235013088,0.7705277947668137,0.053997986524126386,0.642864679628109,0.08649339632519497,0.6398187781501053,0.09127913948207382,0.6693680761027967,0.0747318551496288,1.2139114858741633,0.26703832878985667,5,"throughput_2,throughput_1,buffer_size_3,python_gc_objects_collected_total_1,throughput_3",1.0,padded,0.11540823057293892,0.06969513813965023,23.122708045877516,945.25,177.0,0.5932417792985033,3.0,saved_dbn_models_top5_20260313_192652_seed783122_with_rps_run20260709_161025/best_bins18_dbn_throughput_3_K4_markov_classic_uniform_bic_bins18.pkl,saved_dbn_models_top5_20260313_192652_seed783122_with_rps_run20260709_161025/best_bins18_dbn_throughput_3_K4_markov_classic_uniform_bic_bins18_edges.csv,False,30,,0.34197416520238794,0.596580690885599,0.6613956600206665,0.23415220511649468,0.4364052457457044,0.49017558223434116,0.2313127756527601,0.45972602756834635,0.4879211190258705,0.2780339319128876,0.4390567808155593,0.5073643749242837,2.547181205781353,1.5984499382242485,1.4357061002702332
throughput_3,4,20,markov,classic_uniform,bic,5,3,0.6037828391293375,0.05842995382370795,0.42046560937363925,0.05365729771214871,0.42314045925676097,0.06135064798831422,0.4452760964921681,0.0534234955456809,1.5850210062397607,0.14109258850319176,0.7760690557558192,0.023972896728567936,0.5831998818241857,0.04085157139472147,0.5831445168507491,0.04113146336372369,0.5832940064122625,0.04058353986684275,0.052864033980790565,0.01919590608003336,0.005251829880071265,0.0013225357494365732,0.0027731779319569373,0.0007412191648561968,0.05416666666666667,0.00721687836487032,2.655925078640986,0.0886144931411966,0.7640817100441645,0.06886392300957854,0.6239493460454815,0.10562162689417556,0.6294479072116769,0.11311835156186577,0.6461799227185194,0.09183310484536772,1.2295974728466539,0.3980344381999776,5,"throughput_2,throughput_1,buffer_size_3,python_gc_objects_collected_total_1,throughput_3",1.0,padded,0.11903974103430907,0.0669391608486573,22.863028338178992,955.0,167.33333333333334,0.4756855346394272,3.0,saved_dbn_models_top5_20260313_192652_seed783122_with_rps_run20260709_161025/best_bins20_dbn_throughput_3_K4_markov_classic_uniform_bic_bins20.pkl,saved_dbn_models_top5_20260313_192652_seed783122_with_rps_run20260709_161025/best_bins20_dbn_throughput_3_K4_markov_classic_uniform_bic_bins20_edges.csv,False,30,,0.2830663769325966,0.6266573333777775,0.6037828391293375,0.219787119712354,0.4268805286500135,0.42046560937363925,0.22864067136227287,0.43314484064986775,0.42314045925676097,0.24574650756547797,0.4509527808440814,0.4452760964921681,2.730358536902891,1.6417613557214163,1.5850210062397607
throughput_3,4,10,markov,classic_uniform,aic,5,4,0.636860856218145,0.14295979765960906,0.5246940561527897,0.16952276626238402,0.5235684094289117,0.17363208936782298,0.550752638057036,0.15160746864835017,1.1895745826211428,0.29213974614757376,0.8378277563757633,0.008832115458044909,0.7444400560888751,0.062240498052577316,0.744147101470184,0.0627705007787858,0.7447670728737747,0.06170459960591063,0.27735443323285763,0.0927512651941996,0.045881861054612554,0.014948293822848572,0.029779783786743876,0.011395676280448094,0.10625000000000001,0.012499999999999997,1.9755262268166767,0.11507545145508061,0.8221515988883361,0.0515703534599043,0.7176436976940104,0.10823030345424968,0.7132880328939698,0.10495315459082134,0.7394771197476626,0.11921525117251272,0.8319407036206853,0.2918149812412227,5,"avg_p_latency_3,throughput_2,throughput_1,buffer_size_3,throughput_3",2.0,padded,0.1503799739293754,0.08909115521237254,22.517824462614954,972.25,150.0,0.7232359579748077,3.0,saved_dbn_models_top5_20260313_192652_seed783122_with_rps_run20260709_161025/best_bins10_dbn_throughput_3_K4_markov_classic_uniform_aic_bins10.pkl,saved_dbn_models_top5_20260313_192652_seed783122_with_rps_run20260709_161025/best_bins10_dbn_throughput_3_K4_markov_classic_uniform_aic_bins10_edges.csv,False,30,,0.36090125761305897,0.5491174248376596,0.636860856218145,0.30545446469571136,0.4117476207565731,0.5246940561527897,0.34336769541594614,0.41732216497676006,0.5235684094289117,0.3390932258262178,0.429630956999684,0.550752638057036,2.220488386427972,1.4806193538161756,1.1895745826211428
throughput_3,4,12,markov,classic_uniform,aic,5,5,0.5888868783164525,0.1771263433890058,0.4057639209587425,0.14857513177423967,0.4202108753272878,0.1298836325638134,0.44141441935724524,0.12427905009605575,1.4905014834364347,0.4147740068525362,0.8278519308638213,0.04472689587866569,0.692593490145958,0.02639677341794929,0.6923654466388766,0.026694441967247608,0.6928722198014307,0.026146382411857245,0.21405755210689473,0.10227875305879253,0.029104783274363288,0.011270807777793716,0.018124414655264508,0.008459175558584017,0.08484848484848484,0.0033879817840905936,2.1761885919300097,0.05295867424122732,0.7900579282108485,0.12342309465515343,0.6693615999764283,0.13219049145710104,0.6721374746557511,0.13407199311355145,0.6868064349784405,0.11678747581190878,1.179956471513329,0.6438505802853534,5,"throughput_2,throughput_1,buffer_size_3,python_gc_objects_collected_total_1,throughput_3",1.0,padded,0.2050319669768214,0.09906035698950291,23.287620404735208,912.2,210.0,0.6198931435672858,3.0,,,False,30,,0.4461226375112499,0.6154389741001233,0.5888868783164525,0.3288545734853662,0.41772486676139453,0.4057639209587425,0.34938730349829555,0.4225205333609391,0.4202108753272878,0.35040136418284834,0.45554348064201555,0.44141441935724524,2.097133684585031,1.5164416153522715,1.4905014834364347
throughput_3,4,14,markov,classic_uniform,aic,5,4,0.5949864524454646,0.10144515534235386,0.46663437283535647,0.0885234629396339,0.48527321997706585,0.07203828624661632,0.49523693749765496,0.08081196800344355,1.4383619826475083,0.13927385514114507,0.8302573559173527,0.017824663990775157,0.6829446111384049,0.027110041397601738,0.6825598573075555,0.027962249198730235,0.6833928987794491,0.0261951465949613,0.1577254394026695,0.06328294406626199,0.02050470618575204,0.007486888966926847,0.012043919768763935,0.005128337122050172,0.07577838827838827,0.005663606628595688,2.3501308855810334,0.06648129147428293,0.8010171502996232,0.05734239981523297,0.6772111128239908,0.09006398913441716,0.6728368137792085,0.09319615780623357,0.7093053684447879,0.08076371324481825,1.0962653589817903,0.22812886229028378,5,"throughput_2,throughput_1,buffer_size_3,python_gc_objects_collected_total_1,throughput_3",1.0,padded,0.13868465553969145,0.10247040772810578,21.738746314309537,886.25,236.0,0.5911575413762032,5.0,,,False,30,,0.39676457889883066,0.6081286517683249,0.5949864524454646,0.316626150743947,0.4772305545415698,0.46663437283535647,0.34351777108016657,0.49407353172699037,0.48527321997706585,0.3436859956654049,0.49699342561011095,0.49523693749765496,2.499991596383472,1.402636357909606,1.4383619826475083
throughput_3,4,16,markov,classic_uniform,aic,5,4,0.5093128524784802,0.22173039863086744,0.3374798732598139,0.18633228147902364,0.344793532073376,0.19694270696196667,0.3551687050795651,0.17445460364613996,1.6562235077270904,0.46380512788164907,0.7943910584552772,0.015757815702324086,0.6001430801945219,0.029013542334840534,0.5999964393261898,0.02914165760063824,0.6003131064904264,0.028901548782943376,0.1341080915487704,0.04135857624719841,0.015128639331391825,0.003690166749169411,0.008634413603132503,0.002460952316564712,0.06473214285714285,0.004464285714285712,2.4250513650202947,0.06616372928505758,0.7707424904060362,0.0562954609361949,0.6189150786604496,0.06595221236216914,0.6217118008041975,0.0697545929336365,0.6462974292186227,0.05818530950450756,1.1997234100532794,0.2486726811632812,5,"throughput_2,throughput_1,buffer_size_3,python_gc_objects_collected_total_1,throughput_3",1.0,padded,0.1310077488888055,0.1087280297651887,22.247788289561868,860.25,262.0,0.49430167248393686,2.0,,,False,30,,0.2571301247771836,0.4442766542381545,0.5093128524784802,0.17654213750831074,0.28161670015242657,0.3374798732598139,0.2035863810553975,0.2898396138525219,0.344793532073376,0.20307774371031195,0.29446198155691855,0.3551687050795651,2.762906598447601,1.734911278169582,1.6562235077270904
throughput_3,4,18,markov,classic_uniform,aic,5,4,0.5667657534964119,0.14755449162025747,0.41552607767048144,0.14642273428638858,0.40610824121533023,0.15922146395428965,0.447509262570085,0.1239586036260825,1.754930299572063,0.4411427510484117,0.7935051499754764,0.03260765734392384,0.604895932582038,0.04621311744463643,0.6046993069625449,0.04660412079846886,0.6051285805139073,0.0458222956406796,0.1171609500272221,0.06103853896513085,0.01161543927872556,0.005234810356168133,0.006607971178973221,0.003215971129059882,0.05833333333333333,0.005555555555555557,2.5820308907755365,0.09856176235013088,0.7734218286047476,0.054336822249801034,0.635334987750591,0.06628621956189024,0.6326800868744088,0.0700166987878909,0.6605654737880795,0.05849017276079924,1.2454564887998163,0.2650290657253388,5,"throughput_2,throughput_1,buffer_size_3,python_gc_objects_collected_total_1,throughput_3",1.0,padded,0.14448082237504423,0.1188167363870889,21.946344914846122,828.0,294.25,0.5932417792985033,3.0,,,False,30,,0.3085509116623254,0.4997061521929261,0.5667657534964119,0.22944004336371088,0.35326627850508213,0.41552607767048144,0.26337946584539085,0.3687439963140689,0.40610824121533023,0.25141339479563485,0.3752855646337451,0.447509262570085,2.7214778380050157,1.9214462242429842,1.754930299572063
throughput_3,4,20,markov,classic_uniform,aic,5,3,0.6376509318209597,0.0790530453295052,0.46846336615473144,0.09526360047751473,0.4710618934548343,0.09546379683799572,0.4835571589375966,0.0900298999380307,1.5026605320237625,0.22960858827711955,0.7760690557558192,0.023972896728567936,0.5831998818241857,0.04085157139472147,0.5831445168507491,0.04113146336372369,0.5832940064122625,0.04058353986684275,0.052864033980790565,0.01919590608003336,0.005251829880071265,0.0013225357494365732,0.0027731779319569373,0.0007412191648561968,0.05416666666666667,0.00721687836487032,2.655925078640986,0.0886144931411966,0.7646753580109201,0.06637321345552713,0.6312167729705472,0.10975028525768948,0.6340892316697095,0.11575742479748029,0.6601467290561033,0.10570359169021422,1.3324220412894292,0.4784891845277213,5,"throughput_2,throughput_1,buffer_size_3,python_gc_objects_collected_total_1,throughput_3",1.0,padded,0.15131655428558588,0.11860775823394458,21.76238999888301,801.3333333333334,321.0,0.5671221579618191,3.0,saved_dbn_models_top5_20260313_192652_seed783122_with_rps_run20260709_161025/best_bins20_dbn_throughput_3_K4_markov_classic_uniform_aic_bins20.pkl,saved_dbn_models_top5_20260313_192652_seed783122_with_rps_run20260709_161025/best_bins20_dbn_throughput_3_K4_markov_classic_uniform_aic_bins20_edges.csv,False,30,,0.292567389890736,0.5607729910280851,0.6376509318209597,0.2270972335046284,0.39894842634290884,0.46846336615473144,0.2611676667469091,0.4212504228194948,0.4710618934548343,0.248407103431981,0.42826864342901,0.4835571589375966,2.835219104743079,1.6139975239591042,1.5026605320237625
throughput_3,4,10,markov,classic_quantile,bic,5,5,0.5676365033182382,0.06695818697283236,0.5090825865628587,0.106805161132932,0.5370620224651013,0.09838143728419387,0.5322211188557708,0.09004442019157628,1.4126913149113052,0.21644114315680657,0.7800764440804251,0.06225503487212486,0.7679407933133596,0.07896882005665559,0.7679133222173409,0.07895607847395807,0.7679724438804054,0.07898238752811838,0.12385766416985315,0.03125044852503501,0.022394782451540685,0.0049987192273113065,0.012645223735266164,0.0031051308720831095,0.10222222222222221,0.004969039949999527,2.3020577196971415,0.0009517940344618842,0.7824073164471119,0.0646733589867934,0.7784328932304787,0.079140625623861,0.8074859346459204,0.05524102345823008,0.7780362993804569,0.08598053676530423,1.036344780494246,0.3372278333048503,5,"throughput_2,throughput_1,buffer_size_3,python_gc_objects_collected_total_1,throughput_3",1.0,padded,0.12434384189546108,0.09937060214579105,25.388872861862183,908.2,214.0,0.6168493776944073,3.0,,,False,30,,0.5284484359598288,0.5950892297338266,0.5676365033182382,0.4149255749210374,0.5234840590737397,0.5090825865628587,0.43660888646859364,0.545340387975782,0.5370620224651013,0.43311634448012865,0.537731595331034,0.5322211188557708,1.6284179122034388,1.4390831605479422,1.4126913149113052
throughput_3,4,12,markov,classic_quantile,bic,5,5,0.5724782262941606,0.10351861613015463,0.49939682801059815,0.13483289857545727,0.5058525933556106,0.15344633927246365,0.5242310225401285,0.11409935810584672,1.598142985790926,0.4206961847328644,0.7708044247408345,0.048959984369407926,0.7222195032035362,0.05813522115959483,0.7222547967726296,0.0582434191600385,0.7221901761557051,0.05802949320423394,0.08609101861419709,0.04257819914778734,0.013355308039095898,0.006457900030392748,0.007361957487552129,0.0037740902007221975,0.08484848484848484,0.0033879817840905936,2.485201431477434,0.0026288291523938498,0.7581826766762896,0.05655974371777986,0.7138528143528895,0.09645931441810439,0.7373934701923539,0.10171523417606362,0.7183407933301095,0.08888482809987204,1.1757618714216307,0.31681658895454545,5,"throughput_2,throughput_1,buffer_size_3,python_gc_objects_collected_total_1,throughput_3",1.0,padded,0.1400821642950177,0.10765917710959912,25.425707899965346,864.6,257.6,0.585002012509882,1.0,saved_dbn_models_top5_20260313_192652_seed783122_with_rps_run20260709_161025/best_bins12_dbn_throughput_3_K4_markov_classic_quantile_bic_bins12.pkl,saved_dbn_models_top5_20260313_192652_seed783122_with_rps_run20260709_161025/best_bins12_dbn_throughput_3_K4_markov_classic_quantile_bic_bins12_edges.csv,False,30,,0.4601817769121734,0.5521557833851586,0.5724782262941606,0.3799250294414488,0.466614691797144,0.49939682801059815,0.4096610743725229,0.48262549015085476,0.5058525933556106,0.39219568155952944,0.4972582703991678,0.5242310225401285,1.9102278259456178,1.6589654312085558,1.598142985790926
throughput_3,4,14,markov,classic_quantile,bic,5,5,0.4988363547475171,0.11701910050282736,0.41692198752856385,0.10034923169518731,0.4347186668933479,0.07936687051864587,0.43554190412618327,0.09569435806312873,1.7006662494575344,0.24128666994331321,0.7367666503175382,0.04786873523693396,0.6824842045059076,0.05145720694979357,0.6825086532494955,0.051396653291766355,0.6824661523453844,0.05151946855818522,0.09196368906179811,0.05125425396000638,0.0119055621911632,0.0057840992406215696,0.0066187849829356295,0.0036056460577057244,0.07252747252747252,0.0024572175576920803,2.6396758233140054,0.0016480612567759453,0.7252631011874014,0.0758728543613446,0.6937984038422438,0.10097557475734274,0.7265789059344672,0.08891880742281993,0.6970605890483442,0.0995865366110133,1.2186535946816937,0.291261698173875,5,"throughput_2,buffer_size_3,throughput_1,python_gc_objects_collected_total_1,throughput_3",2.0,padded,0.1311221931129694,0.11624484453350306,25.393223681487143,853.6,268.6,0.53914716251258,1.0,,,False,30,,0.4068925068610785,0.4746088510689631,0.4988363547475171,0.3186554968262595,0.4120237555202424,0.41692198752856385,0.3487803048466998,0.4332258559209546,0.4347186668933479,0.3492832263941147,0.43414340083577246,0.43554190412618327,2.0643806990401727,1.7476748291485706,1.7006662494575344
throughput_3,4,16,markov,classic_quantile,bic,5,5,0.5647939771715373,0.040968093169579424,0.4750913230133631,0.07244562637113015,0.4905051407630145,0.07859788701641174,0.4949459621414477,0.07767564305222556,1.650083274010591,0.13295585586896091,0.729107797899375,0.08295972902620391,0.6580945864538875,0.09372102389863998,0.6581106029653487,0.09372985966144057,0.6580866627791396,0.09371348325178391,0.07806200922852749,0.02744228430865229,0.009286613895198378,0.0031566117200449934,0.005039621693411438,0.0018360829253813375,0.06428571428571428,0.003992978531249623,2.7732404786641114,0.0030439285360163012,0.7240164404572146,0.0648846488606241,0.6787680463781119,0.09593493130327993,0.7156772806880443,0.07504177568762728,0.6890492138582814,0.09705223287117964,1.239414995576588,0.2397514651017529,5,"throughput_2,buffer_size_3,throughput_1,python_gc_objects_collected_total_1,throughput_3",2.0,padded,0.13315568808466197,0.11666758209466935,25.98845305480063,826.8,295.4,0.5467712974794012,1.0,saved_dbn_models_top5_20260313_192652_seed783122_with_rps_run20260709_161025/best_bins16_dbn_throughput_3_K4_markov_classic_quantile_bic_bins16.pkl,saved_dbn_models_top5_20260313_192652_seed783122_with_rps_run20260709_161025/best_bins16_dbn_throughput_3_K4_markov_classic_quantile_bic_bins16_edges.csv,False,30,,0.4625120832757939,0.49155004023790366,0.5647939771715373,0.36000922799335333,0.40256235679711994,0.4750913230133631,0.3815585381799152,0.4216860601649632,0.4905051407630145,0.3717159034590904,0.4301708491561813,0.4949459621414477,2.0248015197328946,1.742907011732759,1.650083274010591
throughput_3,4,18,markov,classic_quantile,bic,5,5,0.4931417786899427,0.043000089382573395,0.38894402640489906,0.08824748394126426,0.4100822429420285,0.0995195375353866,0.42185158506930004,0.08213669961264058,1.8293231762025148,0.1931265540566619,0.7062853668950784,0.061494666791135515,0.597698310986563,0.055679960966242954,0.5976772566787962,0.0555982696389169,0.5977263027245675,0.055764256474589914,0.041342819002449196,0.026429381805942277,0.004434792559698056,0.0028130078983781763,0.002338765188367865,0.0015158095094833335,0.05620915032679739,0.0014614823382351578,2.891942858075035,0.0009991602450575802,0.6980075293998345,0.04916483506175513,0.6353022639414888,0.08980350599200553,0.6674085365743883,0.07608364867119663,0.6537500013026324,0.08713575045389486,1.3603059098938253,0.29174608909988914,5,"throughput_2,buffer_size_3,throughput_1,python_gc_objects_collected_total_1,throughput_3",2.0,padded,0.1550557877868414,0.13116957880556585,26.56260279379785,779.4,342.8,0.5252716803339843,1.0,,,False,30,,0.4486015145959622,0.46017384044202964,0.4931417786899427,0.3387493438372155,0.35812683918636457,0.38894402640489906,0.36563480909938606,0.3636966614529177,0.4100822429420285,0.3494142627779567,0.41045634498128153,0.42185158506930004,2.0342863062841134,1.9693557867692,1.8293231762025148
throughput_3,4,20,markov,classic_quantile,bic,5,5,0.4527133997774614,0.09800980967172683,0.3763557142967283,0.10844202681112691,0.40026208712163297,0.12563323719418543,0.4109529511622306,0.09556468561089158,1.93071629229037,0.30303886034725175,0.7052191814959612,0.07742253643754808,0.6116400563992828,0.08099577016343507,0.6117085768382102,0.08090875161968053,0.611590278364286,0.08108742624111032,0.05667385710861694,0.02643469251443651,0.006338122702297703,0.002322598641808022,0.003432590105902785,0.0013043409395444886,0.05342288980369475,0.0038153355911960144,2.9950890958009166,0.0036145353408172,0.6948024641672187,0.06727510190385609,0.6326959674119907,0.0888550796941569,0.6592510484195303,0.07702497721122262,0.6555671210686436,0.08394380692493077,1.4557362453784282,0.3889419557711597,5,"throughput_2,buffer_size_3,throughput_1,python_gc_objects_collected_total_1,throughput_3",2.0,padded,0.15940157379955053,0.12230954393744468,26.449591336771846,782.0,340.2,0.45456516780734857,1.0,,,False,30,,0.39853873711712484,0.39996603190778457,0.4527133997774614,0.2836085158946545,0.3273333535619449,0.3763557142967283,0.3074815542806471,0.3527426204355449,0.40026208712163297,0.30273898470120525,0.3807948992178747,0.4109529511622306,2.3053650207395004,1.922156755913063,1.93071629229037
throughput_3,4,10,markov,classic_quantile,aic,5,5,0.6628033517300712,0.072248521100928,0.6296616564660951,0.0907561745327735,0.6441300278373235,0.08858479338578061,0.6425719444934079,0.08511550951403785,1.2228156522906197,0.1712404460570253,0.7800764440804251,0.06225503487212486,0.7679407933133596,0.07896882005665559,0.7679133222173409,0.07895607847395807,0.7679724438804054,0.07898238752811838,0.12385766416985315,0.03125044852503501,0.022394782451540685,0.0049987192273113065,0.012645223735266164,0.0031051308720831095,0.10222222222222221,0.004969039949999527,2.3020577196971415,0.0009517940344618842,0.7809781248118443,0.07391126362628196,0.7808655560152294,0.08410095814758094,0.7983803617016647,0.07200129516951277,0.7851367255161767,0.08209404649779313,0.9737135924514941,0.3587986008105414,5,"data_quality_3,throughput_2,buffer_size_3,throughput_1,throughput_3",3.0,padded,0.21875107362866403,0.12370841335505248,26.496519167907536,903.6,218.6,0.7548192370062249,2.0,saved_dbn_models_top5_20260313_192652_seed783122_with_rps_run20260709_161025/best_bins10_dbn_throughput_3_K4_markov_classic_quantile_aic_bins10.pkl,saved_dbn_models_top5_20260313_192652_seed783122_with_rps_run20260709_161025/best_bins10_dbn_throughput_3_K4_markov_classic_quantile_aic_bins10_edges.csv,False,30,,0.4910184554676724,0.6211005344418995,0.6628033517300712,0.40065145265189706,0.5761442563461634,0.6296616564660951,0.43267746000731344,0.5828900661056127,0.6441300278373235,0.40643153357564454,0.5940282602669652,0.6425719444934079,1.8849575913178032,1.262090961676434,1.2228156522906197
throughput_3,4,12,markov,classic_quantile,aic,5,5,0.5767293171619818,0.08426263303129275,0.509524427443192,0.08928430757759248,0.5309460787794688,0.07962649745300436,0.542263591708217,0.08607578364648817,1.4872608498189526,0.2406869749293575,0.7708044247408345,0.048959984369407926,0.7222195032035362,0.05813522115959483,0.7222547967726296,0.0582434191600385,0.7221901761557051,0.05802949320423394,0.08609101861419709,0.04257819914778734,0.013355308039095898,0.006457900030392748,0.007361957487552129,0.0037740902007221975,0.08484848484848484,0.0033879817840905936,2.485201431477434,0.002628829152393801,0.75017460855677,0.04658878467251877,0.7141748497883602,0.08429644773125242,0.7276014299787069,0.09492345331017989,0.727498090392339,0.06840804029580357,1.1289335213278548,0.2815974365784825,5,"data_quality_2,throughput_2,buffer_size_3,throughput_1,throughput_3",3.0,padded,0.24627079647034406,0.11605402752757073,26.11075037997216,900.0,222.2,0.6340007062702501,1.0,saved_dbn_models_top5_20260313_192652_seed783122_with_rps_run20260709_161025/best_bins12_dbn_throughput_3_K4_markov_classic_quantile_aic_bins12.pkl,saved_dbn_models_top5_20260313_192652_seed783122_with_rps_run20260709_161025/best_bins12_dbn_throughput_3_K4_markov_classic_quantile_aic_bins12_edges.csv,False,30,,0.3913721045772798,0.5289631954133551,0.5767293171619818,0.32736561433426054,0.45360246907386925,0.509524427443192,0.3430247713864797,0.4668133965457096,0.5309460787794688,0.35451175703475896,0.4860513838277914,0.542263591708217,2.0150771726002112,1.5866755230265088,1.4872608498189526
throughput_3,4,14,markov,classic_quantile,aic,5,5,0.4597976517572139,0.09484051154033715,0.40576651496732064,0.1206775035748601,0.4482806271733293,0.1203004616485316,0.4340054998918414,0.11871275413828081,1.6959173149783175,0.28216004440975484,0.7367666503175382,0.04786873523693396,0.6824842045059076,0.05145720694979357,0.6825086532494955,0.051396653291766355,0.6824661523453844,0.05151946855818522,0.09196368906179811,0.05125425396000638,0.0119055621911632,0.0057840992406215696,0.0066187849829356295,0.0036056460577057244,0.07252747252747252,0.0024572175576920803,2.6396758233140054,0.0016480612567759453,0.7108423674511904,0.0911715276492659,0.6795917905751505,0.1164359513022708,0.7160220113969799,0.09800146924217565,0.6884068452475021,0.109159776113925,1.218310331261554,0.331726254738224,6,"throughput_2,data_quality_3,avg_p_latency_3,buffer_size_3,throughput_3,throughput_1",4.0,none,0.26211393233388663,0.12168123386800289,25.24908081162721,862.0,260.2,0.5558590113919796,1.0,,,False,30,,0.35805258070199664,0.4086321811165979,0.4597976517572139,0.29644269328815676,0.36023821286593216,0.40576651496732064,0.3233734571664141,0.37573469371234036,0.4482806271733293,0.3146228916802959,0.411500388138494,0.4340054998918414,2.2016386579447964,1.9165459739299937,1.6959173149783175
throughput_3,4,16,markov,classic_quantile,aic,5,5,0.5503365856987983,0.08045194910608496,0.4772435623577026,0.09940053486270198,0.5007193175556361,0.10964172025848305,0.507168319671766,0.09705433626228212,1.6597571631608186,0.22329882529062195,0.729107797899375,0.08295972902620391,0.6580945864538875,0.09372102389863998,0.6581106029653487,0.09372985966144057,0.6580866627791396,0.09371348325178391,0.07806200922852749,0.02744228430865229,0.009286613895198378,0.0031566117200449934,0.005039621693411438,0.0018360829253813375,0.06428571428571428,0.003992978531249623,2.7732404786641114,0.0030439285360163012,0.7284657897155243,0.05909707359069915,0.674005594235996,0.10234503727682903,0.7028827308417716,0.09041994075237876,0.6834763136722979,0.10528220764747026,1.3012245050416587,0.277434052477169,6,"cores_2,throughput_2,cores_1,buffer_size_3,throughput_3,throughput_1",4.0,none,0.18382016513496638,0.1185770433396101,24.847332440316677,848.8,273.4,0.5520992930601186,3.0,saved_dbn_models_top5_20260313_192652_seed783122_with_rps_run20260709_161025/best_bins16_dbn_throughput_3_K4_markov_classic_quantile_aic_bins16.pkl,saved_dbn_models_top5_20260313_192652_seed783122_with_rps_run20260709_161025/best_bins16_dbn_throughput_3_K4_markov_classic_quantile_aic_bins16_edges.csv,False,30,,0.4924597184457852,0.5083004366645874,0.5503365856987983,0.41048486669443773,0.409069555876503,0.4772435623577026,0.4276589972096686,0.41692032571416615,0.5007193175556361,0.4330701517307672,0.443796014601005,0.507168319671766,1.8953880094689513,1.808755150163779,1.6597571631608186
throughput_3,4,18,markov,classic_quantile,aic,5,5,0.5316361985577848,0.018131848343098667,0.4306903222105678,0.04766514203631202,0.45792960020949475,0.05520353348315188,0.458500668289222,0.05978362421669131,1.721158149343132,0.08244403925563329,0.7062853668950784,0.061494666791135515,0.597698310986563,0.055679960966242954,0.5976772566787962,0.0555982696389169,0.5977263027245675,0.055764256474589914,0.041342819002449196,0.026429381805942277,0.004434792559698056,0.0028130078983781763,0.002338765188367865,0.0015158095094833335,0.05620915032679739,0.0014614823382351578,2.891942858075035,0.0009991602450575802,0.6967624531393097,0.049008688584560554,0.6289499057324364,0.09505415776246995,0.6709228447659632,0.07279342654525688,0.6423571716151002,0.09840271472842847,1.3935479458430684,0.2749984074748187,5,"cores_1,throughput_2,buffer_size_3,throughput_1,throughput_3",3.0,padded,0.16477214358747005,0.12794750630855561,24.661204239353538,845.0,277.2,0.48393532367170927,1.0,,,False,30,,0.4578684545946607,0.48174230916360716,0.5316361985577848,0.3765275908503085,0.3993489030666671,0.4306903222105678,0.40246927271244165,0.41449157680896676,0.45792960020949475,0.3973635839174302,0.43984248977692364,0.458500668289222,1.9656654175362018,1.8953913054284435,1.721158149343132
throughput_3,4,20,markov,classic_quantile,aic,5,5,0.42507432504289666,0.058686124581746595,0.35196725049549904,0.08267583877515246,0.3816548532322358,0.09686687240248477,0.3900748140992142,0.07781225622899222,1.9584134114188596,0.3561000280792361,0.7052191814959612,0.07742253643754808,0.6116400563992828,0.08099577016343507,0.6117085768382102,0.08090875161968053,0.611590278364286,0.08108742624111032,0.055069579033750635,0.0287776065911316,0.005801974999467141,0.002663501799934433,0.0031222316588917958,0.001465810591690153,0.05045585683666178,0.006479517749502899,2.9950890958009166,0.0036145353408172,0.6924888215665335,0.06737724518382852,0.634588557432024,0.09524719927164643,0.6678644441552677,0.08555121138937441,0.6571744043854906,0.0859287575594136,1.560617330568547,0.48538168752841715,5,"cores_1,throughput_2,buffer_size_3,throughput_1,throughput_3",3.0,padded,0.1768160520121455,0.13081491328775882,25.09725771844387,814.6,307.6,0.42798209843343515,1.0,,,False,30,,0.41172391242581385,0.395857321314343,0.42507432504289666,0.311226389531641,0.2926984163883731,0.35196725049549904,0.32536986632159776,0.2957495622015988,0.3816548532322358,0.34169075001484567,0.339925274453997,0.3900748140992142,2.195740366214235,2.283698203724909,1.9584134114188596
throughput_3,4,10,markov,kmeans,bic,5,5,0.6904294106536001,0.06556032988741631,0.5241758202509225,0.07547749063833828,0.5371045555630435,0.06341818433615859,0.5478221677245967,0.07803153851768496,1.1216878267101094,0.0757163616643621,0.8438815370720457,0.020133412559480132,0.7190910592978726,0.055550814297618226,0.718940080948559,0.055834045865125394,0.7192704146562177,0.055266369764661115,0.22278989147670725,0.10084770006789665,0.03630499600370173,0.013262806072116754,0.0227246219462447,0.010010800409733863,0.10222222222222221,0.004969039949999527,1.9902911641689027,0.07565296109919907,0.8075183085469462,0.07153451029586369,0.691965497619124,0.08709549015088493,0.7006277592839611,0.10111537473062347,0.7091695772420343,0.07102944460830221,0.8275910156442976,0.164350222198795,5,"throughput_2,throughput_1,buffer_size_3,python_gc_objects_collected_total_1,throughput_3",1.0,padded,0.12942244801670313,0.08163555730134249,24.31105448305607,971.8,150.4,0.6471936957442902,5.0,,,False,30,,0.49193051461659704,0.6537278393912411,0.6904294106536001,0.3588487708627431,0.45723065564985904,0.5241758202509225,0.3604497779145519,0.4861395573427344,0.5371045555630435,0.398746616788643,0.47380539389024906,0.5478221677245967,1.781923067593307,1.1787424420116726,1.1216878267101094
throughput_3,4,12,markov,kmeans,bic,5,5,0.6485340545997399,0.052546622042374015,0.5089880582247772,0.07856729366178429,0.5098675065715079,0.0804966804775685,0.527829541482985,0.07534141959808302,1.404863534514216,0.18680218241453134,0.8360377648995323,0.01765139156100593,0.7115802790175823,0.049997131710459636,0.7114670847599877,0.050268454287658755,0.7117219252873972,0.04972284084953842,0.19694588755926562,0.10143113641248733,0.02704029824715775,0.011095891338608783,0.01663092248863269,0.008324069325799339,0.08484848484848484,0.0033879817840905936,2.2436103393438946,0.06718240780996969,0.8005653387754584,0.05394119641278048,0.6872869021213066,0.07484273566511428,0.7007451548574243,0.07516719345552171,0.7055866963634281,0.06617389158181816,1.017029862649933,0.20801308665758866,5,"throughput_2,throughput_1,buffer_size_3,python_gc_objects_collected_total_1,throughput_3",1.0,padded,0.11148059163242578,0.079715421423316,22.99432891048491,959.8,162.4,0.6454103911642984,5.0,,,False,30,,0.519725302895383,0.6656457191473691,0.6485340545997399,0.3756620683079305,0.5137491165035671,0.5089880582247772,0.38335336611898924,0.5223080315697822,0.5098675065715079,0.3966110417043466,0.5311131195928567,0.527829541482985,1.9634375967329922,1.208800695404318,1.404863534514216
throughput_3,4,14,markov,kmeans,bic,5,5,0.6845476926300351,0.11863206582401219,0.5009406301008051,0.11207319169571234,0.4973155132205096,0.11781769697922823,0.5230931696937867,0.09320996876900225,1.2764492502507223,0.2696082648843902,0.8269520938789181,0.02670836564148657,0.6620799984903682,0.04062197814599398,0.6618616148124109,0.0410022952400693,0.6623476870388662,0.04025453666477496,0.19694588755926562,0.10143113641248733,0.023450489892150508,0.009403608885195749,0.014411337270276037,0.0070608418319674906,0.0738095238095238,0.005323971374999499,2.3294845794232657,0.06987455822536802,0.8192674679857905,0.05253673623280008,0.6824227592424676,0.07503882189328893,0.6821273233475161,0.08045222977184069,0.7041343816391447,0.0616515788720751,0.9896292787554613,0.20088142476081,5,"throughput_2,throughput_1,buffer_size_3,python_gc_objects_collected_total_1,throughput_3",1.0,padded,0.1108439527451992,0.07582367137074471,23.808164817281067,952.0,170.2,0.6439388020388662,3.0,saved_dbn_models_top5_20260313_192652_seed783122_with_rps_run20260709_161025/best_bins14_dbn_throughput_3_K4_markov_kmeans_bic_bins14.pkl,saved_dbn_models_top5_20260313_192652_seed783122_with_rps_run20260709_161025/best_bins14_dbn_throughput_3_K4_markov_kmeans_bic_bins14_edges.csv,False,30,,0.5008433293174794,0.688840211872007,0.6845476926300351,0.37066569282823697,0.5098181214226295,0.5009406301008051,0.3800359746852318,0.5149074769203921,0.4973155132205096,0.39310188661220363,0.5216543409055815,0.5230931696937867,2.1532739006500505,1.2212431250180065,1.2764492502507223
throughput_3,4,16,markov,kmeans,bic,5,5,0.640170443632808,0.033948938744249646,0.4294657898060751,0.03553139227598499,0.43063027330324094,0.032957191640665,0.45299205212089166,0.03471385392863103,1.421673402870813,0.08325928781708976,0.8101996339699971,0.03491635307156211,0.6266778050892817,0.059836541741147074,0.6265853570443423,0.060031053779734625,0.6267902833305504,0.05965046680270489,0.13936251097216998,0.09876428886372066,0.014811788890992533,0.009113647105057715,0.00879756952317321,0.006054065759571337,0.06538461538461539,0.006450196088941704,2.4531347814744526,0.04538780166623037,0.7589032934786397,0.026826219642378437,0.5795182958112136,0.04598430370597522,0.5837796186453078,0.05631917859929042,0.6095383683341626,0.039207740313633055,1.1840810895567722,0.20354687914878197,5,"throughput_2,throughput_1,buffer_size_3,python_gc_objects_collected_total_1,throughput_3",1.0,padded,0.10991875864565373,0.06265762075781822,23.78899687435478,998.2,124.0,0.47853723379306295,5.0,,,False,30,,0.4714233106826476,0.6086586889268781,0.640170443632808,0.31056491134356284,0.39916269029720386,0.4294657898060751,0.3177282614467389,0.4227836328748518,0.43063027330324094,0.33951340355913906,0.425570245391068,0.45299205212089166,2.2978504171858987,1.513051623388491,1.421673402870813
throughput_3,4,18,markov,kmeans,bic,5,5,0.5625120832757939,0.15004048286087424,0.37578826371490676,0.0936211665214677,0.37819492205803024,0.11181281664264556,0.4080933278380285,0.06308311417648624,1.7026851136073007,0.31709894989542625,0.8112675653925457,0.022094576265623382,0.6187897149582797,0.05005928383542189,0.6187600522982335,0.05036461706585883,0.6188579136719439,0.0497489249995223,0.11264533660950822,0.09945730463534223,0.010787005009317698,0.008159371026082373,0.006325414323423856,0.005457348510016636,0.057777777777777775,0.004969039949999534,2.579336931801359,0.042010088314061104,0.7998551794728785,0.053614173204150524,0.6552258729626911,0.08495793249024969,0.6594841223119191,0.08738875420254734,0.6763758604410215,0.0760180038282649,1.1679672036306974,0.2591770187553628,5,"throughput_2,throughput_1,buffer_size_3,python_gc_objects_collected_total_1,throughput_3",1.0,padded,0.11327362190932036,0.07282243482768536,23.119196923449636,964.2,158.0,0.4440436780883929,2.0,,,False,30,,0.43346238033787143,0.5755240848059454,0.5625120832757939,0.28875792650173804,0.3897498072661697,0.37578826371490676,0.2884415491013693,0.39292957871906903,0.37819492205803024,0.3234448651068552,0.4193571928158196,0.4080933278380285,2.3087414215883673,1.74545465726512,1.7026851136073007
throughput_3,4,20,markov,kmeans,bic,5,5,0.5926378128358119,0.17468515365927034,0.39436672117963856,0.13683464179435867,0.3895599943971405,0.14310871019440613,0.4264402771074966,0.11690013651046954,1.6629032735050604,0.42134223104895707,0.8018264992388925,0.030271273209187464,0.5821745544493571,0.03570734725955415,0.5821273802377998,0.03589858818844752,0.5822551971823944,0.03551771730225865,0.10337617439916953,0.09989120332196658,0.009056227972247224,0.0072889673845021475,0.005287253226947876,0.004915743879590737,0.05302631578947368,0.005417154960589184,2.625955140505276,0.07656364205843783,0.7980743940195776,0.06293558191291924,0.634041127213551,0.08397402468254128,0.6400423677499487,0.08455061355737001,0.6576315275566725,0.07492750479390861,1.1749921473563236,0.3248148425119265,5,"throughput_2,throughput_1,buffer_size_3,python_gc_objects_collected_total_1,throughput_3",1.0,padded,0.11951401457190514,0.08566136732697487,24.12470415327698,917.0,205.2,0.5808239174620977,3.0,,,False,30,,0.404587755931321,0.5436128081929767,0.5926378128358119,0.24882859598623988,0.33609837786626784,0.39436672117963856,0.2591739610532529,0.338122882707986,0.3895599943971405,0.27993426297429636,0.3683513298815018,0.4264402771074966,2.5060828841433365,1.8980081568425589,1.6629032735050604
throughput_3,4,10,markov,kmeans,aic,5,5,0.6840045206133939,0.17355168920381617,0.5427928771275882,0.14601131149931795,0.5423394633519385,0.1398004804632966,0.5740977814858289,0.12602302272112803,1.1577119410748484,0.42308232347493985,0.8438815370720457,0.020133412559480132,0.7190910592978726,0.055550814297618226,0.718940080948559,0.055834045865125394,0.7192704146562177,0.055266369764661115,0.22278989147670725,0.10084770006789665,0.03630499600370173,0.013262806072116754,0.0227246219462447,0.010010800409733863,0.10222222222222221,0.004969039949999527,1.9902911641689027,0.07565296109919907,0.7918490127169535,0.10235607203790074,0.7047782647508228,0.1004789130436947,0.7185535435023288,0.08702720650018583,0.7206456353862869,0.10093566597022063,0.9995796202472924,0.4644886392025976,5,"avg_p_latency_3,throughput_2,buffer_size_3,throughput_1,throughput_3",3.0,padded,0.1975946355611086,0.08657321985810995,23.965882764197886,973.8,148.4,0.675788072443651,5.0,,,False,30,,0.4782048656911158,0.6841900752853558,0.6840045206133939,0.377194146141348,0.5215748212362835,0.5427928771275882,0.4128709225292512,0.5296489712176159,0.5423394633519385,0.4034965166416099,0.5363778768829475,0.5740977814858289,1.8889090689658095,1.0943233481730066,1.1577119410748484
throughput_3,4,12,markov,kmeans,aic,5,5,0.7239351241184566,0.05595975299007917,0.5744089312485148,0.07342599375876632,0.5798190224016777,0.07486945944676383,0.581839866529491,0.07166026854742989,1.1292975546582216,0.16851864776904904,0.8360377648995323,0.01765139156100593,0.7115802790175823,0.049997131710459636,0.7114670847599877,0.050268454287658755,0.7117219252873972,0.04972284084953842,0.19694588755926562,0.10143113641248733,0.02704029824715775,0.011095891338608783,0.01663092248863269,0.008324069325799339,0.08484848484848484,0.0033879817840905936,2.2436103393438946,0.06718240780996969,0.8067940474643732,0.05740070068257651,0.7029097906454472,0.10095808192813575,0.7166606871551451,0.1005097044859007,0.7267149443676423,0.09191382918397199,1.0196871906114704,0.240834227529718,5,"throughput_2,buffer_size_3,throughput_1,python_gc_objects_collected_total_1,throughput_3",2.0,padded,0.14169871266931294,0.09514885190874338,23.03156391531229,924.6,197.6,0.6454103911642984,5.0,saved_dbn_models_top5_20260313_192652_seed783122_with_rps_run20260709_161025/best_bins12_dbn_throughput_3_K4_markov_kmeans_aic_bins12.pkl,saved_dbn_models_top5_20260313_192652_seed783122_with_rps_run20260709_161025/best_bins12_dbn_throughput_3_K4_markov_kmeans_aic_bins12_edges.csv,False,30,,0.46572000450791495,0.6742102815383418,0.7239351241184566,0.33481169973597374,0.5019295309014593,0.5744089312485148,0.36562487298318935,0.5083770558325249,0.5798190224016777,0.3492088594066615,0.5188689293447198,0.581839866529491,2.128866832657808,1.162820231982534,1.1292975546582216
throughput_3,4,14,markov,kmeans,aic,5,5,0.6718901338565054,0.09259021985604911,0.506442306861952,0.11430708696090187,0.5152172688409776,0.09898601315903306,0.5274318454953262,0.10052680396929183,1.3301047408025528,0.19503867960096694,0.8269520938789181,0.02670836564148657,0.6620799984903682,0.04062197814599398,0.6618616148124109,0.0410022952400693,0.6623476870388662,0.04025453666477496,0.19694588755926562,0.10143113641248733,0.023450489892150508,0.009403608885195749,0.014411337270276037,0.0070608418319674906,0.0738095238095238,0.005323971374999499,2.3294845794232657,0.06987455822536805,0.8214046006661111,0.05671774298015461,0.6871134144949202,0.07475527104582601,0.686648641842674,0.0735883613736624,0.7110317420690129,0.06845195155398401,1.0117261637635842,0.221903150851966,5,"throughput_2,throughput_1,buffer_size_3,python_gc_objects_collected_total_1,throughput_3",1.0,padded,0.1320648793131113,0.09577582199126482,22.15448951162398,889.2,233.0,0.6439388020388662,3.0,saved_dbn_models_top5_20260313_192652_seed783122_with_rps_run20260709_161025/best_bins14_dbn_throughput_3_K4_markov_kmeans_aic_bins14.pkl,saved_dbn_models_top5_20260313_192652_seed783122_with_rps_run20260709_161025/best_bins14_dbn_throughput_3_K4_markov_kmeans_aic_bins14_edges.csv,False,30,,0.49888222754494815,0.6188148310404872,0.6718901338565054,0.3725491374576621,0.43919094735516495,0.506442306861952,0.37690632267599034,0.45949381736406847,0.5152172688409776,0.3929509830540349,0.4567956880751344,0.5274318454953262,2.1461941617376104,1.453600356137692,1.3301047408025528
throughput_3,4,16,markov,kmeans,aic,5,5,0.5587263870172048,0.21912022851358928,0.36492002652736555,0.1763895012373035,0.36045503748003355,0.1765260413112629,0.4010064445019312,0.1829921121515489,1.56734354078451,0.47032451001683206,0.8101996339699971,0.03491635307156211,0.6266778050892817,0.059836541741147074,0.6265853570443423,0.060031053779734625,0.6267902833305504,0.05965046680270489,0.13936251097216998,0.09876428886372066,0.014811788890992533,0.009113647105057715,0.00879756952317321,0.006054065759571337,0.06538461538461539,0.006450196088941704,2.4531347814744526,0.04538780166623037,0.7605061429888802,0.02966285866964805,0.5925680270960865,0.035749379631895735,0.6082837621259791,0.059874497580042284,0.6200631014982664,0.04331583800876903,1.2139734519103795,0.2359593106955712,5,"throughput_2,throughput_1,buffer_size_3,python_gc_objects_collected_total_1,throughput_3",1.0,padded,0.14879400935024023,0.10203121937811374,22.79476043395698,878.4,243.8,0.568794345186999,3.0,,,False,30,,0.36322715923574966,0.5047369615700241,0.5587263870172048,0.24571832118253614,0.3395965424307946,0.36492002652736555,0.2726552105426202,0.3370583299793341,0.36045503748003355,0.2574826435440681,0.3665476513212763,0.4010064445019312,2.4491478742902997,1.689926532619077,1.56734354078451
throughput_3,4,18,markov,kmeans,aic,5,5,0.4453997838105533,0.1704450724906728,0.2858131022696541,0.11417810531775012,0.2952554058456662,0.12587515385816916,0.32114072968191804,0.097904351160766,1.9082754546538516,0.43304402331999253,0.8112675653925457,0.022094576265623382,0.6187897149582797,0.05005928383542189,0.6187600522982335,0.05036461706585883,0.6188579136719439,0.0497489249995223,0.11264533660950822,0.09945730463534223,0.010787005009317698,0.008159371026082373,0.006325414323423856,0.005457348510016636,0.057777777777777775,0.004969039949999534,2.579336931801359,0.042010088314061104,0.7993208963027985,0.054382585147055906,0.6557581718782414,0.08020133216059289,0.6616264927185718,0.0777637779058958,0.6812821274628403,0.07916124271716907,1.1826224303368107,0.27407437510570665,5,"throughput_2,throughput_1,buffer_size_3,python_gc_objects_collected_total_1,throughput_3",1.0,padded,0.14246744140982628,0.11668677981942892,22.98651264514774,856.0,266.2,0.4173090029930667,4.0,,,False,30,,0.3450561346533271,0.4200873646633429,0.4453997838105533,0.20594575021978673,0.26052156878099425,0.2858131022696541,0.21162917155174768,0.2778825503490986,0.2952554058456662,0.23495530771553316,0.2910009236183741,0.32114072968191804,2.4909682462027165,2.0771067805588,1.9082754546538516
throughput_3,4,20,markov,kmeans,aic,5,5,0.6567414758342421,0.07097411720586513,0.44671672469385515,0.05346385289430186,0.45065791755505097,0.05928122797306274,0.4661065830762919,0.047256501655326154,1.5106692653571652,0.09815900352669697,0.8018264992388925,0.030271273209187464,0.5821745544493571,0.03570734725955415,0.5821273802377998,0.03589858818844752,0.5822551971823944,0.03551771730225865,0.10337617439916953,0.09989120332196658,0.009056227972247224,0.0072889673845021475,0.005287253226947876,0.004915743879590737,0.05302631578947368,0.005417154960589184,2.625955140505276,0.07656364205843783,0.800389621089925,0.06297183182987068,0.6280399304426002,0.06653030984867038,0.634173004113541,0.06423138926586372,0.6549100879284449,0.06441450307421587,1.2323045815933649,0.4207086268346933,5,"throughput_2,throughput_1,buffer_size_3,python_gc_objects_collected_total_1,throughput_3",1.0,padded,0.14745476823300124,0.10751357041299343,22.660117673687637,854.4,267.8,0.513112065076353,5.0,,,False,30,,0.36073844092805907,0.6481834213487873,0.6567414758342421,0.23143797517839354,0.4405320023958989,0.44671672469385515,0.25364391013757126,0.4420106174334603,0.45065791755505097,0.2597606140590468,0.4640655450199649,0.4661065830762919,2.6038963658861407,1.5712271346788034,1.5106692653571652
throughput_3,4,10,markov,fixed,bic,5,5,0.6391080677393599,0.057730391481219966,0.46948919222802693,0.04888419635906498,0.4526696753780248,0.03945403325107102,0.5233900195278309,0.061275585727522425,0.8710137591519423,0.09976120866591451,0.9014480883424364,0.027202521841161776,0.8687204479088372,0.03230982188348073,0.8687190895955791,0.03213260522855243,0.8687300995176622,0.032498931048512376,0.39371288708149005,0.10157443242011968,0.1396706141474087,0.0270229532522992,0.09842822177037251,0.02539360810502992,0.25,0.0,1.267152534905198,0.0466768380115378,0.6504740733229182,0.06542293412973182,0.5134745298862635,0.046645456199396855,0.5098096657989794,0.043489121667271716,0.5590326137422696,0.05207556897746193,0.8149424011059023,0.15002548469701943,3,"buffer_size_3,python_gc_objects_collected_total_1,throughput_3",1.0,padded,0.0511154418811202,0.04370620548725128,21.006369044072926,1054.6,67.6,0.5544472861907241,2.0,,,False,30,,,,0.6391080677393599,,,0.46948919222802693,,,0.4526696753780248,,,0.5233900195278309,,,0.8710137591519423
throughput_3,4,12,markov,fixed,bic,5,5,0.6490884964039854,0.037907213073658186,0.4906523977248026,0.05570851287123445,0.4819201430634738,0.0703305648299972,0.5297168004767343,0.06248781803345759,0.8577786451962293,0.0945880050609191,0.9014480883424364,0.027202521841161776,0.8687204479088372,0.03230982188348073,0.8687190895955791,0.03213260522855243,0.8687300995176622,0.032498931048512376,0.39371288708149005,0.10157443242011968,0.1396706141474087,0.0270229532522992,0.09842822177037251,0.02539360810502992,0.25,0.0,1.267152534905198,0.0466768380115378,0.6545613712634244,0.043742809026883385,0.5246239683758102,0.05879688662721194,0.5254232555921228,0.07809358378780716,0.569331104603569,0.06445091841018256,0.7998665287451812,0.14194733716930621,3,"buffer_size_3,python_gc_objects_collected_total_1,throughput_3",1.0,padded,0.05149117764085531,0.04459355603903532,21.271890714764595,1038.4,83.8,0.5379596009732235,5.0,,,False,30,,,,0.6490884964039854,,,0.4906523977248026,,,0.4819201430634738,,,0.5297168004767343,,,0.8577786451962293
throughput_3,4,14,markov,fixed,bic,5,5,0.6330431759848762,0.043035983232922764,0.45805588498623484,0.032129703840632885,0.46758063611457246,0.02954429499695011,0.4900782715046483,0.03624847956646877,0.8712108747820336,0.08960968779371781,0.9014480883424364,0.027202521841161776,0.8687204479088372,0.03230982188348073,0.8687190895955791,0.03213260522855243,0.8687300995176622,0.032498931048512376,0.39371288708149005,0.10157443242011968,0.1396706141474087,0.0270229532522992,0.09842822177037251,0.02539360810502992,0.25,0.0,1.267152534905198,0.0466768380115378,0.6488587065023464,0.06777012145665642,0.5245032585236185,0.08733289382925974,0.5247424075973772,0.09114167933983243,0.5619463683711828,0.07680203839006748,0.8038578633221636,0.16365477858613878,3,"buffer_size_3,python_gc_objects_collected_total_1,throughput_3",1.0,padded,0.051493193581700326,0.048094138689339164,20.83678400143981,1019.4,102.8,0.4960231125667459,5.0,,,False,30,,,,0.6330431759848762,,,0.45805588498623484,,,0.46758063611457246,,,0.4900782715046483,,,0.8712108747820336
throughput_3,4,16,markov,fixed,bic,5,5,0.651753563078271,0.05515928915371141,0.523533003489559,0.06882560008725873,0.536022562163672,0.08803302542460276,0.5472500119774732,0.052877407510927336,0.8379534611235473,0.08104805297082081,0.9014480883424364,0.027202521841161776,0.8687204479088372,0.03230982188348073,0.8687190895955791,0.03213260522855243,0.8687300995176622,0.032498931048512376,0.39371288708149005,0.10157443242011968,0.1396706141474087,0.0270229532522992,0.09842822177037251,0.02539360810502992,0.25,0.0,1.267152534905198,0.0466768380115378,0.669336075522162,0.048661945230460114,0.5675794682073653,0.052824512397839564,0.5837102702757658,0.0644692696260277,0.592759980784989,0.049077613905674874,0.7862678213347845,0.1510823455259294,3,"buffer_size_3,python_gc_objects_collected_total_1,throughput_3",1.0,padded,0.05199166145175695,0.049775666743516925,20.633875899016857,1000.2,122.0,0.6204331463424253,5.0,saved_dbn_models_top5_20260313_192652_seed783122_with_rps_run20260709_161025/best_bins16_dbn_throughput_3_K4_markov_fixed_bic_bins16.pkl,saved_dbn_models_top5_20260313_192652_seed783122_with_rps_run20260709_161025/best_bins16_dbn_throughput_3_K4_markov_fixed_bic_bins16_edges.csv,False,30,,,,0.651753563078271,,,0.523533003489559,,,0.536022562163672,,,0.5472500119774732,,,0.8379534611235473
throughput_3,4,18,markov,fixed,bic,5,5,0.6469519986412764,0.05617061654413914,0.5256153255365774,0.07069251124582654,0.520989458118309,0.0832240894943431,0.5681293126312944,0.053537113758316816,0.8254809312322946,0.10304224992633632,0.9014480883424364,0.027202521841161776,0.8687204479088372,0.03230982188348073,0.8687190895955791,0.03213260522855243,0.8687300995176622,0.032498931048512376,0.39371288708149005,0.10157443242011968,0.1396706141474087,0.0270229532522992,0.09842822177037251,0.02539360810502992,0.25,0.0,1.267152534905198,0.0466768380115378,0.6716544715318336,0.047733616118665,0.5846245512535742,0.053577735219957755,0.6050949121941797,0.05351108326158794,0.6114837521234906,0.05866757954120353,0.7974645734820947,0.24815932067362523,3,"buffer_size_3,python_gc_objects_collected_total_1,throughput_3",1.0,padded,0.05127181932330131,0.04366050343960524,20.687269729562104,1014.4,107.8,0.6400156249385426,2.0,saved_dbn_models_top5_20260313_192652_seed783122_with_rps_run20260709_161025/best_bins18_dbn_throughput_3_K4_markov_fixed_bic_bins18.pkl,saved_dbn_models_top5_20260313_192652_seed783122_with_rps_run20260709_161025/best_bins18_dbn_throughput_3_K4_markov_fixed_bic_bins18_edges.csv,False,30,,,,0.6469519986412764,,,0.5256153255365774,,,0.520989458118309,,,0.5681293126312944,,,0.8254809312322946
throughput_3,4,20,markov,fixed,bic,5,5,0.6569268717768011,0.03565739967654793,0.5323057117291898,0.031174820784391023,0.5592671232444879,0.016510625122198547,0.5513571150046976,0.03825204194827132,0.8209052730215756,0.10231499437619357,0.9014480883424364,0.027202521841161776,0.8687204479088372,0.03230982188348073,0.8687190895955791,0.03213260522855243,0.8687300995176622,0.032498931048512376,0.39371288708149005,0.10157443242011968,0.1396706141474087,0.0270229532522992,0.09842822177037251,0.02539360810502992,0.25,0.0,1.267152534905198,0.0466768380115378,0.6839356958832309,0.024270183901682403,0.5889754473213519,0.06175729618920219,0.6117138817574249,0.06604418420483935,0.5987393924975182,0.06030788860844748,0.8103689256657717,0.2590424897622975,3,"buffer_size_3,python_gc_objects_collected_total_1,throughput_3",1.0,padded,0.05103921424597502,0.047316967882215975,22.215282902121544,1006.8,115.4,0.5681002992316975,5.0,saved_dbn_models_top5_20260313_192652_seed783122_with_rps_run20260709_161025/best_bins20_dbn_throughput_3_K4_markov_fixed_bic_bins20.pkl,saved_dbn_models_top5_20260313_192652_seed783122_with_rps_run20260709_161025/best_bins20_dbn_throughput_3_K4_markov_fixed_bic_bins20_edges.csv,False,30,,,,0.6569268717768011,,,0.5323057117291898,,,0.5592671232444879,,,0.5513571150046976,,,0.8209052730215756
throughput_3,4,10,markov,fixed,aic,5,5,0.6596040018857053,0.08733216823293438,0.5310218827387072,0.1305019213726233,0.5537199817257366,0.10585919135755356,0.5640682269802767,0.1085817666323627,0.9062919636145665,0.21818166045790693,0.9014480883424364,0.027202521841161776,0.8687204479088372,0.03230982188348073,0.8687190895955791,0.03213260522855243,0.8687300995176622,0.032498931048512376,0.39371288708149005,0.10157443242011968,0.1396706141474087,0.0270229532522992,0.09842822177037251,0.02539360810502992,0.25,0.0,1.267152534905198,0.0466768380115378,0.6978218295554296,0.09286226762146702,0.5966726113559201,0.12490077407524172,0.6028275003308488,0.10649101645722236,0.6346936917955905,0.10392531050459156,0.7641157780747241,0.24971285278900024,3,"avg_p_latency_3,buffer_size_3,throughput_3",2.0,padded,0.09996366463601589,0.042235859856009486,21.211409063078463,1065.6,56.6,0.6932436616758773,4.0,,,False,30,,,,0.6596040018857053,,,0.5310218827387072,,,0.5537199817257366,,,0.5640682269802767,,,0.9062919636145665
throughput_3,4,12,markov,fixed,aic,5,5,0.6173626157335759,0.0792392766022874,0.5038990135330361,0.07636541809696525,0.5270809366213606,0.06808574669906998,0.5273634878523245,0.05952125898642227,1.0132969203048978,0.0959928363834971,0.9014480883424364,0.027202521841161776,0.8687204479088372,0.03230982188348073,0.8687190895955791,0.03213260522855243,0.8687300995176622,0.032498931048512376,0.39371288708149005,0.10157443242011968,0.1396706141474087,0.0270229532522992,0.09842822177037251,0.02539360810502992,0.25,0.0,1.267152534905198,0.0466768380115378,0.6410307925834144,0.0927133485911845,0.5262264867823377,0.10164125935679043,0.5299218080192281,0.10931116013366593,0.5543616610040171,0.08545976999305055,1.1054384421581327,0.2810464003334465,3,"buffer_size_3,python_gc_objects_collected_total_1,throughput_3",1.0,padded,0.222520025447011,0.04973683226853609,20.961800021119416,1038.4,83.8,0.6277154230853867,2.0,,,False,30,,,,0.6173626157335759,,,0.5038990135330361,,,0.5270809366213606,,,0.5273634878523245,,,1.0132969203048978
throughput_3,4,14,markov,fixed,aic,5,5,0.6346565016357065,0.0685654343991584,0.5119049850474168,0.08122491528222446,0.5451290299320048,0.11150270761508636,0.5316706905842048,0.07692398984309849,0.9471796332556055,0.16297392662113475,0.9014480883424364,0.027202521841161776,0.8687204479088372,0.03230982188348073,0.8687190895955791,0.03213260522855243,0.8687300995176622,0.032498931048512376,0.39371288708149005,0.10157443242011968,0.1396706141474087,0.0270229532522992,0.09842822177037251,0.02539360810502992,0.25,0.0,1.267152534905198,0.0466768380115378,0.6422692140713581,0.06883045149683517,0.5076512801421635,0.08155203390652092,0.5131661967170349,0.0882214500500547,0.5470638361729758,0.07262895815683924,0.93756629073223,0.38772551364117464,3,"buffer_size_3,python_gc_objects_collected_total_1,throughput_3",1.0,padded,0.06705274023115634,0.05516346115618944,19.73796962853521,1019.4,102.8,0.6179416616678001,2.0,saved_dbn_models_top5_20260313_192652_seed783122_with_rps_run20260709_161025/best_bins14_dbn_throughput_3_K4_markov_fixed_aic_bins14.pkl,saved_dbn_models_top5_20260313_192652_seed783122_with_rps_run20260709_161025/best_bins14_dbn_throughput_3_K4_markov_fixed_aic_bins14_edges.csv,False,30,,,,0.6346565016357065,,,0.5119049850474168,,,0.5451290299320048,,,0.5316706905842048,,,0.9471796332556055
throughput_3,4,16,markov,fixed,aic,5,5,0.6512208672022196,0.050079448968481974,0.5069896500350155,0.08084299369409849,0.5447868410607007,0.0870241111317221,0.5410336708145447,0.06908837474678546,0.8211438854561542,0.10872953442366061,0.9014480883424364,0.027202521841161776,0.8687204479088372,0.03230982188348073,0.8687190895955791,0.03213260522855243,0.8687300995176622,0.032498931048512376,0.39371288708149005,0.10157443242011968,0.1396706141474087,0.0270229532522992,0.09842822177037251,0.02539360810502992,0.25,0.0,1.267152534905198,0.0466768380115378,0.6746789072229634,0.04340873347470246,0.5711130582504858,0.05060783061815435,0.5920244044023455,0.06612395389255094,0.6014674296941628,0.05032140948956104,0.7762384339587154,0.1590509262591236,3,"buffer_size_3,python_gc_objects_collected_total_1,throughput_3",1.0,padded,0.05688456688076258,0.04990029335021973,20.37154519557953,1000.2,122.0,0.6260938177711309,5.0,,,False,30,,,,0.6512208672022196,,,0.5069896500350155,,,0.5447868410607007,,,0.5410336708145447,,,0.8211438854561542
throughput_3,4,18,markov,fixed,aic,5,5,0.6273493935743163,0.04964998840000601,0.4650841798519175,0.0623570990423613,0.4633239778719821,0.06982080495587219,0.5128144494782729,0.061409216949262664,0.9507237429405823,0.23589567547098422,0.9014480883424364,0.027202521841161776,0.8687204479088372,0.03230982188348073,0.8687190895955791,0.03213260522855243,0.8687300995176622,0.032498931048512376,0.39371288708149005,0.10157443242011968,0.1396706141474087,0.0270229532522992,0.09842822177037251,0.02539360810502992,0.25,0.0,1.267152534905198,0.0466768380115378,0.6721887547019136,0.04804323597282306,0.5657580960387201,0.08732231353037835,0.5777566125597284,0.10460875377889028,0.6006210311617941,0.08131350517182924,0.7554147016350015,0.15780848702405192,3,"buffer_size_3,python_gc_objects_collected_total_1,throughput_3",1.0,padded,0.06118031498044729,0.05171114318072796,20.140824222937226,990.6,131.6,0.5371771126259605,4.0,,,False,30,,,,0.6273493935743163,,,0.4650841798519175,,,0.4633239778719821,,,0.5128144494782729,,,0.9507237429405823
throughput_3,4,20,markov,fixed,aic,5,5,0.6492750034523644,0.04900213197701991,0.48273378741570633,0.10382743900919265,0.4944491352532957,0.1376195383300706,0.5064521312556407,0.08467425397497678,0.8924243234501097,0.1757086710801536,0.9014480883424364,0.027202521841161776,0.8687204479088372,0.03230982188348073,0.8687190895955791,0.03213260522855243,0.8687300995176622,0.032498931048512376,0.39371288708149005,0.10157443242011968,0.1396706141474087,0.0270229532522992,0.09842822177037251,0.02539360810502992,0.25,0.0,1.267152534905198,0.0466768380115378,0.6985394358654214,0.00996399851465103,0.6086634126297874,0.056853960496616236,0.623718041826533,0.06187500185089534,0.6184583322365993,0.06918302562816657,0.7589257569724791,0.18580616713841144,3,"buffer_size_3,python_gc_objects_collected_total_1,throughput_3",1.0,padded,0.061593936383724214,0.055993758514523505,19.664377111941576,972.8,149.4,0.5640123242227261,2.0,,,False,30,,,,0.6492750034523644,,,0.48273378741570633,,,0.4944491352532957,,,0.5064521312556407,,,0.8924243234501097
throughput_3,4,10,markov,decision_tree,bic,5,0,,0.0,,0.0,,0.0,,0.0,,0.0,,0.0,,0.0,,0.0,,0.0,,0.0,,0.0,,0.0,,0.0,,0.0,,0.0,,0.0,,0.0,,0.0,,0.0,0,,,,,,20.397201471030712,,,,,,,False,30,"Unknown label type: continuous. Maybe you are trying to fit a classifier, which expects discrete classes on a regression target with continuous values.",,,,,,,,,,,,,,,
throughput_3,4,12,markov,decision_tree,bic,5,0,,0.0,,0.0,,0.0,,0.0,,0.0,,0.0,,0.0,,0.0,,0.0,,0.0,,0.0,,0.0,,0.0,,0.0,,0.0,,0.0,,0.0,,0.0,,0.0,0,,,,,,20.472458337433636,,,,,,,False,30,"Unknown label type: continuous. Maybe you are trying to fit a classifier, which expects discrete classes on a regression target with continuous values.",,,,,,,,,,,,,,,
throughput_3,4,14,markov,decision_tree,bic,5,0,,0.0,,0.0,,0.0,,0.0,,0.0,,0.0,,0.0,,0.0,,0.0,,0.0,,0.0,,0.0,,0.0,,0.0,,0.0,,0.0,,0.0,,0.0,,0.0,0,,,,,,20.449387942440808,,,,,,,False,30,"Unknown label type: continuous. Maybe you are trying to fit a classifier, which expects discrete classes on a regression target with continuous values.",,,,,,,,,,,,,,,
throughput_3,4,16,markov,decision_tree,bic,5,0,,0.0,,0.0,,0.0,,0.0,,0.0,,0.0,,0.0,,0.0,,0.0,,0.0,,0.0,,0.0,,0.0,,0.0,,0.0,,0.0,,0.0,,0.0,,0.0,0,,,,,,20.732317564077675,,,,,,,False,30,"Unknown label type: continuous. Maybe you are trying to fit a classifier, which expects discrete classes on a regression target with continuous values.",,,,,,,,,,,,,,,
throughput_3,4,18,markov,decision_tree,bic,5,0,,0.0,,0.0,,0.0,,0.0,,0.0,,0.0,,0.0,,0.0,,0.0,,0.0,,0.0,,0.0,,0.0,,0.0,,0.0,,0.0,,0.0,,0.0,,0.0,0,,,,,,20.912966491654515,,,,,,,False,30,"Unknown label type: continuous. Maybe you are trying to fit a classifier, which expects discrete classes on a regression target with continuous values.",,,,,,,,,,,,,,,
throughput_3,4,20,markov,decision_tree,bic,5,0,,0.0,,0.0,,0.0,,0.0,,0.0,,0.0,,0.0,,0.0,,0.0,,0.0,,0.0,,0.0,,0.0,,0.0,,0.0,,0.0,,0.0,,0.0,,0.0,0,,,,,,21.149384540505707,,,,,,,False,30,"Unknown label type: continuous. Maybe you are trying to fit a classifier, which expects discrete classes on a regression target with continuous values.",,,,,,,,,,,,,,,
throughput_3,4,10,markov,decision_tree,aic,5,0,,0.0,,0.0,,0.0,,0.0,,0.0,,0.0,,0.0,,0.0,,0.0,,0.0,,0.0,,0.0,,0.0,,0.0,,0.0,,0.0,,0.0,,0.0,,0.0,0,,,,,,19.70206925086677,,,,,,,False,30,"Unknown label type: continuous. Maybe you are trying to fit a classifier, which expects discrete classes on a regression target with continuous values.",,,,,,,,,,,,,,,
throughput_3,4,12,markov,decision_tree,aic,5,0,,0.0,,0.0,,0.0,,0.0,,0.0,,0.0,,0.0,,0.0,,0.0,,0.0,,0.0,,0.0,,0.0,,0.0,,0.0,,0.0,,0.0,,0.0,,0.0,0,,,,,,19.009836154058576,,,,,,,False,30,"Unknown label type: continuous. Maybe you are trying to fit a classifier, which expects discrete classes on a regression target with continuous values.",,,,,,,,,,,,,,,
throughput_3,4,14,markov,decision_tree,aic,5,0,,0.0,,0.0,,0.0,,0.0,,0.0,,0.0,,0.0,,0.0,,0.0,,0.0,,0.0,,0.0,,0.0,,0.0,,0.0,,0.0,,0.0,,0.0,,0.0,0,,,,,,18.473344874568284,,,,,,,False,30,"Unknown label type: continuous. Maybe you are trying to fit a classifier, which expects discrete classes on a regression target with continuous values.",,,,,,,,,,,,,,,
throughput_3,4,16,markov,decision_tree,aic,5,0,,0.0,,0.0,,0.0,,0.0,,0.0,,0.0,,0.0,,0.0,,0.0,,0.0,,0.0,,0.0,,0.0,,0.0,,0.0,,0.0,,0.0,,0.0,,0.0,0,,,,,,18.518191443756223,,,,,,,False,30,"Unknown label type: continuous. Maybe you are trying to fit a classifier, which expects discrete classes on a regression target with continuous values.",,,,,,,,,,,,,,,
throughput_3,4,18,markov,decision_tree,aic,5,0,,0.0,,0.0,,0.0,,0.0,,0.0,,0.0,,0.0,,0.0,,0.0,,0.0,,0.0,,0.0,,0.0,,0.0,,0.0,,0.0,,0.0,,0.0,,0.0,0,,,,,,18.285498314537108,,,,,,,False,30,"Unknown label type: continuous. Maybe you are trying to fit a classifier, which expects discrete classes on a regression target with continuous values.",,,,,,,,,,,,,,,
throughput_3,4,20,markov,decision_tree,aic,5,0,,0.0,,0.0,,0.0,,0.0,,0.0,,0.0,,0.0,,0.0,,0.0,,0.0,,0.0,,0.0,,0.0,,0.0,,0.0,,0.0,,0.0,,0.0,,0.0,0,,,,,,18.481771405786276,,,,,,,False,30,"Unknown label type: continuous. Maybe you are trying to fit a classifier, which expects discrete classes on a regression target with continuous values.",,,,,,,,,,,,,,,
throughput_3,4,10,markov,gmm,bic,5,5,0.5751572611558993,0.13961629731093264,0.48333654560571315,0.15613479059221855,0.4994341133446564,0.17347506376127647,0.5198293705813397,0.1279932320356536,1.5100193960553028,0.33106039889100697,0.8362204624422425,0.02873619654550135,0.7974233277142655,0.032251434224201604,0.7972143302186835,0.032522952099967244,0.7976509099968723,0.03197883534206169,0.10337585694036378,0.06535745277056243,0.018233256489532064,0.01065859418996251,0.010337585694036379,0.006535745277056242,0.1,0.0,2.2781810517198005,0.05804169167165739,0.741619581509873,0.10305345787818027,0.6642180580381749,0.09540935612886847,0.6776729963453519,0.10326919404748673,0.6814839604222654,0.08994476280677974,1.2250707509847285,0.4434218279915442,5,"throughput_2,throughput_1,buffer_size_3,python_gc_objects_collected_total_1,throughput_3",1.0,padded,0.11900304220616817,0.09434861838817596,25.34420939348638,929.4,192.8,0.7032820724304074,3.0,,,False,30,,0.46339287273235197,0.5776474080282157,0.5751572611558993,0.3695581673947944,0.4595721361630825,0.48333654560571315,0.3914062073202409,0.4719413381019275,0.4994341133446564,0.3882760465391493,0.4819916686136043,0.5198293705813397,1.932203328439071,1.4746424943316292,1.5100193960553028
throughput_3,4,12,markov,gmm,bic,5,5,0.6308971544579947,0.0613642429422901,0.5197078191187113,0.051673343927750574,0.5270582639903907,0.05182548604146738,0.552649307296777,0.05442213585514081,1.3840100598212755,0.1733970527576251,0.8239257590836869,0.03376640983239505,0.776326610238345,0.039044257648456766,0.7761321735098449,0.0391605515043985,0.776540029246691,0.03893943753177432,0.08662022244338519,0.062354108077986914,0.012995110533127002,0.008230311473279303,0.007265615954979339,0.005144477572459829,0.08484848484848484,0.0033879817840905936,2.4381856974122016,0.042596721617378465,0.7726154523819333,0.0619897649078383,0.6640494572021038,0.04708172680777041,0.6728141275609334,0.03357058366197547,0.6884488931094996,0.04141273332375673,1.0613359128170088,0.2316593257141181,5,"throughput_2,throughput_1,buffer_size_3,python_gc_objects_collected_total_1,throughput_3",1.0,padded,0.12109728194773198,0.09425245150923729,25.061626633629203,911.0,211.2,0.5954291789384629,5.0,,,False,30,,0.4942354242757574,0.6590624171630929,0.6308971544579947,0.39278948495162613,0.5181152128048263,0.5197078191187113,0.41888858273870433,0.518027049000329,0.5270582639903907,0.4179997940462378,0.5534079793563312,0.552649307296777,2.053904682373754,1.3601509192824444,1.3840100598212755
throughput_3,4,14,markov,gmm,bic,5,5,0.6160997646042956,0.07315003371818009,0.5124924996609262,0.08799459146755956,0.5141193601837074,0.08779713915080116,0.5465224875283203,0.07347244446867772,1.563271397794671,0.39307282127005155,0.8182194370502998,0.025366281916672808,0.7459148919771363,0.04810232835863551,0.7457697934710376,0.04812087549100289,0.7460799529694221,0.048097620410942656,0.0928514626120828,0.06377435205238283,0.011835705486765956,0.007354859479577523,0.006654773822549214,0.004523532970942733,0.07252747252747252,0.0024572175576920803,2.5747496091462745,0.05104889451896525,0.7179373057044077,0.05312346003063374,0.6167855025166327,0.0566509606629144,0.6290963758016587,0.08323818377964443,0.6625480484290136,0.038452208095015615,1.1805027993532473,0.21807702121453348,5,"throughput_2,throughput_1,buffer_size_3,python_gc_objects_collected_total_1,throughput_3",1.0,padded,0.12512223105877637,0.10182646941393614,25.431019162759185,882.4,239.8,0.6187690582542521,3.0,saved_dbn_models_top5_20260313_192652_seed783122_with_rps_run20260709_161025/best_bins14_dbn_throughput_3_K4_markov_gmm_bic_bins14.pkl,saved_dbn_models_top5_20260313_192652_seed783122_with_rps_run20260709_161025/best_bins14_dbn_throughput_3_K4_markov_gmm_bic_bins14_edges.csv,False,30,,0.5122458147024697,0.6230789377193442,0.6160997646042956,0.3897185934926101,0.48832582317929046,0.5124924996609262,0.41238871469508825,0.5100475643272409,0.5141193601837074,0.41603356895007754,0.5173262527361394,0.5465224875283203,2.1003398308817234,1.4999328944320842,1.563271397794671
throughput_3,4,16,markov,gmm,bic,5,5,0.5785470862837161,0.17031685061295646,0.4406983280106835,0.1566565698744787,0.44824905540836646,0.15154872857783064,0.48654460654999454,0.14445601646415346,1.645493958964251,0.4469027277243773,0.8087718629911287,0.022049777812777952,0.7159320428728471,0.020454364185574902,0.715857788450206,0.02039542402116844,0.7160253781205859,0.02053309480977624,0.08892814796120019,0.06736673648150326,0.009868146035593921,0.006878579748831209,0.005558009247575012,0.004210421030093954,0.0625,0.0,2.678372848445568,0.0556853305473535,0.7542699872925533,0.06325483012784976,0.6215611381371583,0.07949604535802776,0.6135673448892256,0.07610169657794523,0.6743468157403661,0.07366866225127086,1.222899474712953,0.24417394024759734,5,"throughput_2,throughput_1,buffer_size_3,python_gc_objects_collected_total_1,throughput_3",1.0,padded,0.13018658813089132,0.09297437965869904,25.718401607125998,896.0,226.2,0.5795680514841939,2.0,,,False,30,,0.49371241089328144,0.6045799781905801,0.5785470862837161,0.3758008851887221,0.46355752056020777,0.4406983280106835,0.40191423775397606,0.4658923209973883,0.44824905540836646,0.39485872678353207,0.4921240005478964,0.48654460654999454,2.2241813642412533,1.7356790018519015,1.645493958964251
throughput_3,4,18,markov,gmm,bic,5,5,0.5681615801829515,0.12287869262742875,0.42127387128155397,0.07652463242917924,0.42568856604216626,0.07020422523982527,0.4635561471716475,0.07107620654625459,1.7093443972560762,0.3543895754407857,0.7943384396582237,0.034325559524412554,0.6835675688219769,0.03813328072473363,0.6834946631773233,0.03829088185366011,0.6836574903669116,0.037984300552458605,0.1046144224710041,0.0584017703437071,0.01077094703351201,0.0060639301588389025,0.006090432858608962,0.003824323641818794,0.05694444444444444,0.0031056499687497096,2.8030137386139544,0.08935419194543202,0.7434033774555319,0.09338579726161131,0.6028358114143264,0.08301218695406276,0.6159345434480052,0.09054375090633583,0.6351604615573774,0.063577373498705,1.3151493992806558,0.37376818544243584,5,"throughput_2,throughput_1,buffer_size_3,python_gc_objects_collected_total_1,throughput_3",1.0,padded,0.14582269601523876,0.10247802734375,26.25800744444132,879.4,242.8,0.4910251642934219,3.0,,,False,30,,0.47143426301144603,0.5865451434358249,0.5681615801829515,0.3312055352162089,0.44084764718569536,0.42127387128155397,0.3461871340762325,0.449939987356433,0.42568856604216626,0.3554800653514615,0.463552515099272,0.4635561471716475,2.2685401935153133,1.9119337027011294,1.7093443972560762
throughput_3,4,20,markov,gmm,bic,5,5,0.5611082804367598,0.231603149224251,0.4106315815539728,0.1887319648456572,0.426907924757013,0.18378398450161287,0.4332669747299856,0.19057795744804853,1.7276846934841932,0.4962309904203932,0.7886383080715489,0.03325190318664243,0.6479406381532499,0.03794179925664737,0.6478908535749706,0.03778539355253271,0.6480058896957838,0.03811550231541933,0.11281406596476524,0.0553538359642455,0.010335568884651727,0.0050951694106149085,0.0058635196975252496,0.0032173832161339487,0.05111111111111111,0.0024845199749997634,2.863254789922302,0.09102466936196213,0.7523174453278743,0.0779583102611067,0.6102668870344544,0.05128897528676631,0.622508731292282,0.0489556632918719,0.6404652610416125,0.041246491673600304,1.3607888550596283,0.37995024752308987,5,"throughput_2,throughput_1,buffer_size_3,python_gc_objects_collected_total_1,throughput_3",1.0,padded,0.13302414063364268,0.11466415096074342,26.07886910997331,862.0,260.2,0.5504203390515376,2.0,,,False,30,,0.4399286987522282,0.5147683423729729,0.5611082804367598,0.28986486087285723,0.3662139347550163,0.4106315815539728,0.2869627147377189,0.39311724999821357,0.426907924757013,0.32380580775491563,0.38047751715140243,0.4332669747299856,2.31647232325112,1.6873540536426834,1.7276846934841932
throughput_3,4,10,markov,gmm,aic,5,5,0.5774083615474848,0.23495686936879565,0.5448184472330382,0.2107102532448602,0.5632071044403977,0.2102168730795933,0.5668957138125859,0.17476689440284515,1.3276197189929733,0.3601322966450441,0.8362204624422425,0.02873619654550135,0.7974233277142655,0.032251434224201604,0.7972143302186835,0.032522952099967244,0.7976509099968723,0.03197883534206169,0.10337585694036378,0.06535745277056243,0.018233256489532064,0.01065859418996251,0.010337585694036379,0.006535745277056242,0.1,0.0,2.2781810517198005,0.05804169167165739,0.7175922082119893,0.09724925656516839,0.6437942709215735,0.0816049452131442,0.6451673682180296,0.07165399541448708,0.6644437687950442,0.08225219104789541,1.3482501714090884,0.5477696787398058,5,"avg_p_latency_3,throughput_2,throughput_1,buffer_size_3,throughput_3",2.0,padded,0.28155122306197883,0.0952225448563695,24.932557235471904,954.6,167.6,0.7324907979479118,5.0,,,False,30,,0.4471715214054536,0.5938186008638053,0.5774083615474848,0.3677210162889309,0.5126558698963211,0.5448184472330382,0.3859397707225062,0.5206604188718795,0.5632071044403977,0.39368007314481485,0.5337394839296788,0.5668957138125859,2.0096875168131296,1.3777246255773457,1.3276197189929733
throughput_3,4,12,markov,gmm,aic,5,5,0.5368387134664439,0.16788762212554326,0.4456647724312802,0.15388038348638783,0.48926859746313844,0.12328151892701984,0.4812376951293181,0.14536330988955293,1.5759270797233977,0.4307499761449856,0.8239257590836869,0.03376640983239505,0.776326610238345,0.039044257648456766,0.7761321735098449,0.0391605515043985,0.776540029246691,0.03893943753177432,0.08662022244338519,0.062354108077986914,0.012995110533127002,0.008230311473279303,0.007265615954979339,0.005144477572459829,0.08484848484848484,0.0033879817840905936,2.4381856974122016,0.042596721617378465,0.7726154523819333,0.0619897649078383,0.6663286211459473,0.04860551335881885,0.675563173279833,0.03667009836586694,0.6907361822248183,0.04290973305860045,1.0382642309143733,0.2500569017184683,5,"throughput_2,throughput_1,buffer_size_3,python_gc_objects_collected_total_1,throughput_3",1.0,padded,0.2979281570762396,0.10887814927846193,24.99146347399801,891.8,230.4,0.6544333981541702,3.0,,,False,30,,0.39660065110801057,0.6049510875345039,0.5368387134664439,0.3196575685934423,0.45910108749359396,0.4456647724312802,0.3313788230804974,0.4530772785658825,0.48926859746313844,0.3432495538143222,0.482799219934076,0.4812376951293181,2.0408649360889677,1.4930404504921664,1.5759270797233977
throughput_3,4,14,markov,gmm,aic,5,5,0.5277471694579232,0.1254948958599036,0.4165180197063064,0.1067948236045464,0.4267963390662854,0.10485743873419073,0.46586408451275607,0.0927124834434661,1.774836073209362,0.4143119101205798,0.8182194370502998,0.025366281916672808,0.7459148919771363,0.04810232835863551,0.7457697934710376,0.04812087549100289,0.7460799529694221,0.048097620410942656,0.0928514626120828,0.06377435205238283,0.011835705486765956,0.007354859479577523,0.006654773822549214,0.004523532970942733,0.07252747252747252,0.0024572175576920803,2.5747496091462745,0.05104889451896525,0.706539264742698,0.061912009576913674,0.6058722861603818,0.05363256785940994,0.6243575516035783,0.08300305147321431,0.6444369902762537,0.037976564717974184,1.27423688680775,0.34464601927064786,5,"throughput_2,throughput_1,buffer_size_3,python_gc_objects_collected_total_1,throughput_3",1.0,padded,0.14445396065711974,0.10729656573385,23.78657036833465,863.4,258.8,0.5215425759214145,1.0,,,False,30,,0.4997753978949307,0.5762345576132177,0.5277471694579232,0.39582288737826304,0.4183008974344352,0.4165180197063064,0.4242689440530561,0.4076159018187727,0.4267963390662854,0.42159842731863434,0.47552452059213185,0.46586408451275607,2.22926853173993,1.839964129967914,1.774836073209362
throughput_3,4,16,markov,gmm,aic,5,5,0.6400061587008317,0.07726962604673483,0.48214866536185796,0.09536233915289552,0.47868126491105445,0.09293887835050418,0.5223633329639841,0.08294526363697785,1.458340226217937,0.228390608968935,0.8087718629911287,0.022049777812777952,0.7159320428728471,0.020454364185574902,0.715857788450206,0.02039542402116844,0.7160253781205859,0.02053309480977624,0.08892814796120019,0.06736673648150326,0.009868146035593921,0.006878579748831209,0.005558009247575012,0.004210421030093954,0.0625,0.0,2.678372848445568,0.0556853305473535,0.7428820869366815,0.06393182670009868,0.6046320174205063,0.08315187632525786,0.597278752785814,0.07760515355517597,0.659347072438672,0.08397710754951478,1.2559690227685496,0.2271317121848994,5,"throughput_2,throughput_1,buffer_size_3,python_gc_objects_collected_total_1,throughput_3",1.0,padded,0.13933820072561504,0.10859907045960426,24.378214795142412,837.0,285.2,0.5979258771806579,2.0,,,False,30,,0.49549494208757733,0.6355676084082139,0.6400061587008317,0.3773332710999167,0.5047614331526658,0.48214866536185796,0.3896437499602433,0.5267420556040346,0.47868126491105445,0.40489736516757074,0.5186460410779559,0.5223633329639841,2.126753323986082,1.5036234602906071,1.458340226217937
throughput_3,4,18,markov,gmm,aic,5,5,0.5496723031477628,0.1482217482500039,0.40876212543872426,0.1270783950995753,0.4225321797282322,0.1295328055926151,0.435261630986273,0.10737102130528811,1.6963349828644572,0.47597684435341114,0.7943384396582237,0.034325559524412554,0.6835675688219769,0.03813328072473363,0.6834946631773233,0.03829088185366011,0.6836574903669116,0.037984300552458605,0.1046144224710041,0.0584017703437071,0.01077094703351201,0.0060639301588389025,0.006090432858608962,0.003824323641818794,0.05694444444444444,0.0031056499687497096,2.8030137386139544,0.08935419194543202,0.7113463872507233,0.10660391698010166,0.5761321754852597,0.11548224543307829,0.5984829279167546,0.11324068959904257,0.595385248905455,0.11331884156094578,1.4867872868832734,0.5383634205075132,5,"throughput_2,throughput_1,buffer_size_3,python_gc_objects_collected_total_1,throughput_3",1.0,padded,0.14801845848560333,0.1202116882428527,24.50100649986416,818.0,304.2,0.5805659731437239,2.0,,,False,30,,0.47677757090045614,0.5817611979625493,0.5496723031477628,0.3395615373520065,0.4198693857942867,0.40876212543872426,0.36099493142790673,0.42820572223155173,0.4225321797282322,0.3568731079816745,0.4534201418434751,0.435261630986273,2.308561059494651,1.74611559145515,1.6963349828644572
throughput_3,4,20,markov,gmm,aic,5,5,0.6107710598203501,0.15339731645846308,0.4411693501816947,0.10977477355321476,0.46111951160148934,0.08962593543156541,0.47373063991390485,0.09543435054390306,1.6384227110734417,0.48688176127314076,0.7886383080715489,0.03325190318664243,0.6479406381532499,0.03794179925664737,0.6478908535749706,0.03778539355253271,0.6480058896957838,0.03811550231541933,0.11281406596476524,0.0553538359642455,0.010335568884651727,0.0050951694106149085,0.0058635196975252496,0.0032173832161339487,0.05111111111111111,0.0024845199749997634,2.863254789922302,0.09102466936196213,0.7302337409645617,0.12524532644167355,0.5951818941306515,0.08148313504217522,0.6057487253996949,0.0792539288475476,0.6209111288643596,0.0807789217163985,1.4847557394688784,0.6513841082113253,5,"throughput_2,throughput_1,buffer_size_3,python_gc_objects_collected_total_1,throughput_3",1.0,padded,0.15066316705197097,0.12901678066700698,25.41291543468833,798.4,323.8,0.5504203390515376,2.0,,,False,30,,0.4537940295522402,0.5507248378182327,0.6107710598203501,0.29386733026425593,0.38811468792862036,0.4411693501816947,0.3093579589386512,0.39371150572727964,0.46111951160148934,0.32962991837539557,0.4160345414300711,0.47373063991390485,2.4581402719964798,1.7416997236509917,1.6384227110734417
throughput_3,4,10,mrmr,classic_uniform,bic,5,5,0.6156277033601428,0.1728069319924954,0.4570736482083381,0.12954566224578823,0.45561152328849036,0.14857594897000012,0.4913148549038457,0.09259512547113313,1.3329669401448616,0.37048777322990994,0.84013742791701,0.009229171725588358,0.7423261662874467,0.054108708622897066,0.742176680683933,0.05453911088740914,0.7425050960111026,0.05367658619948395,0.2960368442689955,0.09053872269343984,0.04752473461742217,0.013456737490103362,0.031239156797666045,0.010394466140289058,0.10500000000000001,0.011180339887498947,1.9647219631547401,0.10254477174422971,0.8142714766940358,0.0542250819285134,0.688354701012915,0.09167737195228036,0.6934477395073224,0.09951686105876441,0.7022208888234464,0.07533628580512873,0.8615873651467483,0.2468871209639233,5,"throughput_2,buffer_size_3,throughput_1,avg_p_latency_3,throughput_3",,,0.11749242488294839,0.07764236908406019,10.833955911919475,997.2,125.0,0.5503623682448537,3.0,,,False,30,,0.4195522878462484,0.5887054506089654,0.6156277033601428,0.32653145163995123,0.4076843650863117,0.4570736482083381,0.3394333945300179,0.41064838887011856,0.45561152328849036,0.3822786445587254,0.44129890359931123,0.4913148549038457,1.850340938129247,1.3794355508396663,1.3329669401448616
throughput_3,4,12,mrmr,classic_uniform,bic,5,4,0.668067056823539,0.09861949584341388,0.4947314047168603,0.10053507611446211,0.5040843106309432,0.09209181566224757,0.516471203827857,0.08137511846469686,1.2475191755834747,0.19417673156682108,0.8182373734728248,0.04528865414673849,0.6892708175083391,0.029248108305658556,0.6889246235472187,0.0295160276054061,0.6896751885364822,0.029040850967370975,0.22033486348477704,0.11698387431087533,0.029157318196129794,0.013013700901944343,0.018361238623731423,0.009748656192572945,0.08333333333333333,0.0,2.189884921287344,0.049888862993198405,0.8172696498005152,0.05698942782654408,0.6864897377958555,0.07595671302583279,0.68865154166201,0.09269306483566331,0.7052117436508704,0.05282090497808637,0.8881835817897451,0.15276829704679948,5,"throughput_2,buffer_size_3,throughput_1,avg_p_latency_3,throughput_3",,,0.11500396067276597,0.08496621367521584,10.557380913756788,967.0,155.25,0.622139870660738,5.0,,,False,30,,0.4290927979708033,0.6384668009517415,0.668067056823539,0.29794824318157953,0.4555142673989678,0.4947314047168603,0.2913166969337545,0.4712385969857138,0.5040843106309432,0.33613341778232264,0.4727518496113889,0.516471203827857,2.1034746844796772,1.3211570451822112,1.2475191755834747
throughput_3,4,14,mrmr,classic_uniform,bic,5,3,0.7398250484521501,0.01399406622497662,0.5814486859586822,0.06557274879860028,0.5829412976569773,0.06724940448795927,0.5913002369046642,0.062392437511861625,1.1404537958944678,0.06424465801607794,0.8298262071767913,0.021805105690115973,0.693120922963938,0.021933708821050054,0.6931880340199128,0.022250443343971343,0.693068695928848,0.021622956662754697,0.17464996198430802,0.06548633236670165,0.022738734081577828,0.0073576474343821086,0.013512086556976818,0.005149434934828167,0.07722832722832722,0.0059582482588349,2.3320269871031,0.06828716082498222,0.8358933081508289,0.03660544279304661,0.7310706697736622,0.0544234712657353,0.7388498056085139,0.05057435759308765,0.75016276602878,0.037605067362734196,0.8883922320272091,0.2224725487015138,5,"throughput_2,buffer_size_3,throughput_1,avg_p_latency_3,throughput_3",,,0.1146313597758611,0.0813998809705178,9.994007350876927,961.3333333333334,161.0,0.6201155372824666,5.0,saved_dbn_models_top5_20260313_192652_seed783122_with_rps_run20260709_161025/best_bins14_dbn_throughput_3_K4_mrmr_classic_uniform_bic_bins14.pkl,saved_dbn_models_top5_20260313_192652_seed783122_with_rps_run20260709_161025/best_bins14_dbn_throughput_3_K4_mrmr_classic_uniform_bic_bins14_edges.csv,False,30,,0.36443292068979566,0.6124611046825702,0.7398250484521501,0.2855107901686041,0.44452108243150845,0.5814486859586822,0.3146849332439183,0.46196983901535055,0.5829412976569773,0.32840706106360984,0.46308635599669806,0.5913002369046642,2.429964764888958,1.4325417427281384,1.1404537958944678
throughput_3,4,16,mrmr,classic_uniform,bic,5,3,0.6046608772762457,0.10407939411121099,0.40679145448170684,0.13162541777412312,0.4122589438052171,0.11572875833229858,0.4238279262282217,0.12795451997119217,1.5513566386891775,0.32241107495491417,0.7924025758607499,0.018674548331624737,0.5949308396291656,0.0331613291041916,0.5946083125408123,0.03316116478710351,0.5952753412327073,0.033176419492283955,0.14108054511909732,0.04768759892310369,0.015329550295376677,0.004492638941904565,0.008817534069943582,0.0029804749326939805,0.0625,0.0,2.4505052570218573,0.05175958752923253,0.7800943604499472,0.08198482527518665,0.6155072943960412,0.11362572368902539,0.6243915088479924,0.13713519285356177,0.6409103552749492,0.08749980811476654,1.1139642089815427,0.369018434429504,5,"throughput_2,buffer_size_3,throughput_1,avg_p_latency_3,throughput_3",,,0.12080056375513475,0.08512816981722911,10.118488773703575,935.0,187.33333333333334,0.5298522899515259,5.0,,,False,30,,0.21680372950604998,0.4715816168071157,0.6046608772762457,0.13722742634231927,0.30336808374647123,0.40679145448170684,0.14907499998965604,0.31934601181942274,0.4122589438052171,0.17151462386654048,0.3291912849379419,0.4238279262282217,3.243028250967654,1.7065025253532256,1.5513566386891775
throughput_3,4,18,mrmr,classic_uniform,bic,5,3,0.6946887554503709,0.015414923645189475,0.5184552764045288,0.06925013676975611,0.5151077994330476,0.06993422370357352,0.5329311239387822,0.06730227900143192,1.3000954192471068,0.027746770664513875,0.7947864269429404,0.03981254767261196,0.6113174574638758,0.054369683143083235,0.6113118523002732,0.05473172368961487,0.6113384362935123,0.054019906644234526,0.11789017935893427,0.07473529424567295,0.011668085482922827,0.006410010098328193,0.006681493756555304,0.003934624764565759,0.059259259259259255,0.006415002990995843,2.53546274520694,0.03949782786632042,0.8056354832474023,0.008116510259149869,0.6838202240947439,0.06032754701239814,0.6828670479080438,0.07021778364722175,0.70431773606143,0.04472468041808177,1.0420831927095262,0.1543227297911657,5,"throughput_2,buffer_size_3,throughput_1,avg_p_latency_3,throughput_3",,,0.11452896427363157,0.07043983042240143,9.898105164058506,953.0,169.33333333333334,0.5932417792985033,3.0,,,False,30,,0.3478253278158993,0.6225353953340963,0.6946887554503709,0.23493924986512058,0.4482296720158215,0.5184552764045288,0.23599210760970127,0.46381858198662407,0.5151077994330476,0.2769281945392123,0.4520276075143792,0.5329311239387822,2.5048778185236,1.544929560085821,1.3000954192471068
throughput_3,4,20,mrmr,classic_uniform,bic,5,1,0.7203918076580588,0.0,0.44107793117010957,0.0,0.4308003640629881,0.0,0.45917578647464075,0.0,1.221729391515241,0.0,0.7515583259127337,0.0,0.5472930684080853,0.0,0.547267925015837,0.0,0.5473198515049982,0.0,0.05966162065894924,0.0,0.005630252100840337,0.0,0.002983081032947462,0.0,0.05,0.0,2.655965883991411,0.0,0.8683274021352313,0.0,0.6507246848034856,0.0,0.6537597077634907,0.0,0.6565989969685224,0.0,0.7123529727408247,0.0,5,"throughput_2,buffer_size_3,throughput_1,avg_p_latency_3,throughput_3",,,0.1322288727387786,0.10770433209836483,9.452116087079048,852.0,271.0,0.44107793117010957,5.0,,,False,30,,0.19857524487978628,0.6714158504007124,0.7203918076580588,0.1509297254100089,0.47087845760685354,0.44107793117010957,0.1913949536994851,0.46581199495065073,0.4308003640629881,0.13846759722753627,0.4890174374761824,0.45917578647464075,3.1181388102999805,1.501316110010341,1.221729391515241
throughput_3,4,10,mrmr,classic_uniform,aic,5,4,0.6268341182502305,0.15070411243826334,0.5188233458967465,0.17536341815853615,0.5199883053145549,0.17715590668398068,0.5463211952973489,0.15600539671800712,1.2283847097046807,0.3340483977623131,0.8378277563757633,0.008832115458044909,0.7444400560888751,0.062240498052577316,0.744147101470184,0.0627705007787858,0.7447670728737747,0.06170459960591063,0.27735443323285763,0.0927512651941996,0.045881861054612554,0.014948293822848572,0.029779783786743876,0.011395676280448094,0.10625000000000001,0.012499999999999997,1.9755262268166767,0.11507545145508061,0.7896493727084608,0.10058469190646221,0.679210267823818,0.13059488863227148,0.6779853502313352,0.13624495654231641,0.6948736510783283,0.11649527617348897,0.9434055934997888,0.5291401396539308,5,"throughput_2,buffer_size_3,throughput_1,avg_p_latency_3,throughput_3",,,0.14336613076739013,0.09192357864230871,10.773457702249289,983.25,139.0,0.7232359579748077,3.0,,,False,30,,0.3504288868465706,0.5774151075471069,0.6268341182502305,0.30811603280007865,0.4285075944366794,0.5188233458967465,0.34429475357961714,0.4291400003879352,0.5199883053145549,0.35408288916806113,0.45423863740446124,0.5463211952973489,2.109016237456289,1.505075960645581,1.2283847097046807
throughput_3,4,12,mrmr,classic_uniform,aic,5,3,0.5284181186438796,0.16604120150933221,0.3613560935482511,0.14465565990703813,0.37656608960591936,0.11147880255914597,0.4125854666297018,0.11927590436524015,1.5878401253735603,0.45282435586814185,0.8129082983202726,0.05390917398500041,0.6802974651962811,0.028285180729339585,0.6796007996085102,0.028021271765650255,0.6810613958891302,0.028633406970427388,0.17494440502664274,0.09036635413103877,0.02427575263061137,0.01053833585179222,0.014578700418886896,0.007530529510919899,0.08333333333333333,0.0,2.2086172071852253,0.040347946247254705,0.8014767785407879,0.057098400044231196,0.6810657693045209,0.0820880512431906,0.6724586848992495,0.09398746357570925,0.7060073259867855,0.06447652914847006,0.8736660962440329,0.18126698109604023,5,"throughput_2,buffer_size_3,throughput_1,avg_p_latency_3,throughput_3",,,0.13255468600740036,0.09563843347132206,10.503465875051916,946.3333333333334,176.0,0.5132934896148815,4.0,,,False,30,,0.3504956854702808,0.5269199776297361,0.5284181186438796,0.25889992926767946,0.3391415877829858,0.3613560935482511,0.25816271261868484,0.345010756078381,0.37656608960591936,0.28460904306587753,0.3943442620356785,0.4125854666297018,2.350929918989729,1.8585047240581754,1.5878401253735603
throughput_3,4,14,mrmr,classic_uniform,aic,5,3,0.6504037811460157,0.16348982646614488,0.527027374609322,0.09344393880416785,0.542117570710384,0.07242197580823444,0.5482111679329088,0.07697501672974018,1.2330183605787823,0.23590317754580528,0.8298262071767913,0.021805105690115973,0.693120922963938,0.021933708821050054,0.6931880340199128,0.022250443343971343,0.693068695928848,0.021622956662754697,0.17464996198430802,0.06548633236670165,0.022738734081577828,0.0073576474343821086,0.013512086556976818,0.005149434934828167,0.07722832722832722,0.0059582482588349,2.3320269871031,0.06828716082498222,0.8409393158682524,0.033498255690347756,0.7295058678620304,0.06557067635944684,0.7332585575004641,0.061735478499912615,0.7437437035987818,0.05263142034740299,0.9112690203790352,0.24891620433120282,5,"throughput_2,buffer_size_3,throughput_1,avg_p_latency_3,throughput_3",,,0.13810635016610226,0.09373543038964272,10.478531928732991,937.3333333333334,185.0,0.5823872910789639,2.0,,,False,30,,0.36176044664337575,0.6355599364870749,0.6504037811460157,0.2789022916704802,0.4978421025067507,0.527027374609322,0.3092671192675942,0.5050632122490838,0.542117570710384,0.3209482486112833,0.5181777926007133,0.5482111679329088,2.412846376931802,1.4051569477502879,1.2330183605787823
throughput_3,4,16,mrmr,classic_uniform,aic,5,3,0.5311133439047115,0.23226840638490323,0.3391371128592082,0.20967433834185517,0.34144131104086495,0.2219562944094567,0.356893822965719,0.19639087632611785,1.649401941948114,0.5420087564779582,0.7924025758607499,0.018674548331624737,0.5949308396291656,0.0331613291041916,0.5946083125408123,0.03316116478710351,0.5952753412327073,0.033176419492283955,0.14108054511909732,0.04768759892310369,0.015329550295376677,0.004492638941904565,0.008817534069943582,0.0029804749326939805,0.0625,0.0,2.4505052570218573,0.05175958752923253,0.7857340161341263,0.07802766820066986,0.6308278298063926,0.10235234861680885,0.6412726570029834,0.12651612959990843,0.645026909970363,0.08407164913435913,1.146264755306252,0.3897320508068511,5,"throughput_2,buffer_size_3,throughput_1,avg_p_latency_3,throughput_3",,,0.13889130235960087,0.101899360306561,10.47925291955471,901.3333333333334,221.0,0.49430167248393686,2.0,,,False,30,,0.2533847722418253,0.4461677166616667,0.5311133439047115,0.14959666252900763,0.26676015816864945,0.3391371128592082,0.14678769759489557,0.2909015380519219,0.34144131104086495,0.19526954180495878,0.286651455139951,0.356893822965719,2.9441850939990304,1.7285001919044098,1.649401941948114
throughput_3,4,18,mrmr,classic_uniform,aic,5,3,0.5833797616836744,0.20759739595833776,0.42661162623324755,0.18205115607700972,0.4110512807852556,0.1996261228551509,0.4644289303176523,0.1518089902279129,1.730106319085733,0.552021761178134,0.7947864269429404,0.03981254767261196,0.6113174574638758,0.054369683143083235,0.6113118523002732,0.05473172368961487,0.6113384362935123,0.054019906644234526,0.11789017935893427,0.07473529424567295,0.011668085482922827,0.006410010098328193,0.006681493756555304,0.003934624764565759,0.059259259259259255,0.006415002990995843,2.53546274520694,0.03949782786632042,0.8086037230811808,0.004805841996090698,0.6687675793641681,0.046313148560005624,0.666579824325253,0.060284020042518975,0.6905233198064161,0.02555680982559491,1.075345391630307,0.17081881661332815,5,"throughput_2,buffer_size_3,throughput_1,avg_p_latency_3,throughput_3",,,0.13731609595318636,0.09596618699530761,10.476072513498366,888.0,234.33333333333334,0.5932417792985033,3.0,,,False,30,,0.34574888267727827,0.532283973250921,0.5833797616836744,0.2316054489772917,0.35703307261425604,0.42661162623324755,0.2340601685042428,0.36454279108030013,0.4110512807852556,0.27585556973706954,0.3838222497919039,0.4644289303176523,2.5410582883276867,1.8513493772983665,1.730106319085733
throughput_3,4,20,mrmr,classic_uniform,aic,5,1,0.6669634906500446,0.0,0.4612645491139785,0.0,0.46607093432718427,0.0,0.4694846521872103,0.0,1.483520965925705,0.0,0.7515583259127337,0.0,0.5472930684080853,0.0,0.547267925015837,0.0,0.5473198515049982,0.0,0.05966162065894924,0.0,0.005630252100840337,0.0,0.002983081032947462,0.0,0.05,0.0,2.655965883991411,0.0,0.8683274021352313,0.0,0.6507246848034856,0.0,0.6537597077634907,0.0,0.6565989969685224,0.0,0.7123529727408247,0.0,5,"throughput_2,buffer_size_3,throughput_1,avg_p_latency_3,throughput_3",,,0.16183648817241192,0.10222264844924212,9.866030063480139,852.0,271.0,0.4612645491139785,5.0,,,False,30,,0.20480854853072128,0.43365983971504896,0.6669634906500446,0.14723956673835145,0.29675111814411376,0.4612645491139785,0.18547344690178344,0.3306789735190639,0.46607093432718427,0.13733163980900415,0.33963633134643406,0.4694846521872103,3.2244365585816186,1.9650812724023219,1.483520965925705
throughput_3,4,10,mrmr,classic_quantile,bic,5,5,0.6138040612505019,0.10223077762374704,0.5624604895398593,0.15002015875602448,0.5819839200081038,0.13733992440446965,0.5801941503286598,0.13525763251573528,1.3042689566067995,0.2517681606086587,0.7800764440804251,0.06225503487212486,0.7679407933133596,0.07896882005665559,0.7679133222173409,0.07895607847395807,0.7679724438804054,0.07898238752811838,0.12385766416985315,0.03125044852503501,0.022394782451540685,0.0049987192273113065,0.012645223735266164,0.0031051308720831095,0.10222222222222221,0.004969039949999527,2.3020577196971415,0.0009517940344618842,0.7829411242762936,0.06560252188281947,0.7794443687366683,0.0765125177098367,0.8064856408385348,0.05784023010725053,0.7795512936548407,0.08020613799923391,0.9580733308521374,0.26754829996933105,5,"throughput_2,buffer_size_3,throughput_1,avg_p_latency_3,throughput_3",,,0.1248386649414897,0.1043752295896411,11.308272587135434,873.2,249.0,0.7548192370062249,2.0,,,False,30,,0.547878025977654,0.596693507808693,0.6138040612505019,0.4437295559687973,0.5237541585446862,0.5624604895398593,0.47380604574813434,0.5476425770649775,0.5819839200081038,0.45603553295715715,0.5329969037541296,0.5801941503286598,1.64454787235197,1.4058331120878766,1.3042689566067995
throughput_3,4,12,mrmr,classic_quantile,bic,5,5,0.5728347325330196,0.10397984057812508,0.4965910837339035,0.1329186725941936,0.49871838710959554,0.14971249383777985,0.5207668599898835,0.11101629457720863,1.5705388929431936,0.4382483487863558,0.7708044247408345,0.048959984369407926,0.7222195032035362,0.05813522115959483,0.7222547967726296,0.0582434191600385,0.7221901761557051,0.05802949320423394,0.08609101861419709,0.04257819914778734,0.013355308039095898,0.006457900030392748,0.007361957487552129,0.0037740902007221975,0.08484848484848484,0.0033879817840905936,2.485201431477434,0.002628829152393732,0.7480338315962264,0.05921098121901105,0.7084744500490538,0.09750561747724372,0.7273900898229623,0.10631823410908182,0.7133607726717728,0.08853734290455224,1.1310111168486041,0.28175067038026325,5,"throughput_2,buffer_size_3,throughput_1,avg_p_latency_3,throughput_3",,,0.12715262975543737,0.11246651876717806,11.590309659019113,829.0,293.2,0.5806900557957614,2.0,,,False,30,,0.46035495069071103,0.5644552486258002,0.5728347325330196,0.38882148648870934,0.489203559504952,0.4965910837339035,0.42865643112957547,0.4982175734431015,0.49871838710959554,0.3910749987096017,0.5113900436749204,0.5207668599898835,1.8212188972187229,1.6900489415908388,1.5705388929431936
throughput_3,4,14,mrmr,classic_quantile,bic,5,5,0.5307436631254137,0.08970198483934383,0.4432763546599019,0.10477630367052614,0.4640295789160652,0.08469204644330344,0.46448930400627103,0.10890262925363106,1.6424291878490975,0.2374679571346897,0.7367666503175382,0.04786873523693396,0.6824842045059076,0.05145720694979357,0.6825086532494955,0.051396653291766355,0.6824661523453844,0.05151946855818522,0.09196368906179811,0.05125425396000638,0.0119055621911632,0.0057840992406215696,0.0066187849829356295,0.0036056460577057244,0.07252747252747252,0.0024572175576920803,2.6396758233140054,0.0016480612567759453,0.7176020319238947,0.07185945196720207,0.6841833491777243,0.10357699079266953,0.7097445239904209,0.10238825659961809,0.6883009919988283,0.0988171370896131,1.1658687444212936,0.2553428203088813,5,"throughput_2,buffer_size_3,throughput_1,avg_p_latency_3,throughput_3",,,0.1357853002846241,0.12146260384470224,12.128675950691104,786.8,335.4,0.53914716251258,1.0,,,False,30,,0.40189427669392047,0.46569619509748367,0.5307436631254137,0.30404641647425257,0.4128478170591842,0.4432763546599019,0.33895051677672233,0.4325062398478348,0.4640295789160652,0.33550800164622424,0.4321369885531876,0.46448930400627103,2.018281850114045,1.7456746186385081,1.6424291878490975
throughput_3,4,16,mrmr,classic_quantile,bic,5,5,0.5697812550098968,0.034059283701636495,0.4786474110981599,0.06789524095907175,0.4916507194072108,0.06825498465373875,0.4960083000547292,0.06856440386698276,1.6467427030242447,0.0954757137951774,0.729107797899375,0.08295972902620391,0.6580945864538875,0.09372102389863998,0.6581106029653487,0.09372985966144057,0.6580866627791396,0.09371348325178391,0.07806200922852749,0.02744228430865229,0.009286613895198378,0.0031566117200449934,0.005039621693411438,0.0018360829253813375,0.06428571428571428,0.003992978531249623,2.7732404786641114,0.0030439285360163012,0.7243675589343491,0.05970488213682381,0.6727259398996095,0.09856394570310452,0.6999270294924012,0.0902465667155373,0.6872651977384705,0.0943026406903383,1.2111810677706718,0.25103832770674017,5,"throughput_2,buffer_size_3,throughput_1,avg_p_latency_3,throughput_3",,,0.13721993919461967,0.12648355290293695,11.978496918454766,750.4,371.8,0.5494893981424944,1.0,,,False,30,,0.4339917428964625,0.48976750904360766,0.5697812550098968,0.32254321729247104,0.39742727589227955,0.4786474110981599,0.3455580007549629,0.41666112532297045,0.4916507194072108,0.3361173842872386,0.42511657385102686,0.4960083000547292,2.0632245807217897,1.7513438966547095,1.6467427030242447
throughput_3,4,18,mrmr,classic_quantile,bic,5,5,0.49331987307996944,0.04290594833622914,0.3891479698849746,0.08824554695686368,0.4102319431767031,0.09932183142576674,0.4216510134799141,0.08124575556492368,1.8430918259427949,0.18898069343529633,0.7062853668950784,0.061494666791135515,0.597698310986563,0.055679960966242954,0.5976772566787962,0.0555982696389169,0.5977263027245675,0.055764256474589914,0.041342819002449196,0.026429381805942277,0.004434792559698056,0.0028130078983781763,0.002338765188367865,0.0015158095094833335,0.05620915032679739,0.0014614823382351578,2.891942858075035,0.0009991602450575802,0.6830487097663541,0.061521248570234006,0.6197426200499748,0.10470844246452309,0.644186557879711,0.09767151015925875,0.6394943635417277,0.10001816223828014,1.3041259029993353,0.2671308424250732,5,"throughput_2,buffer_size_3,throughput_1,avg_p_latency_3,throughput_3",,,0.14953840523958206,0.1435134582221508,12.523455573245883,730.2,392.0,0.5255932544068105,1.0,,,False,30,,0.4020787202600622,0.45678782481988184,0.49331987307996944,0.28727432253833063,0.3550544813700485,0.3891479698849746,0.30352450255676333,0.35872799588398613,0.4102319431767031,0.31799479969635197,0.40646434410822463,0.4216510134799141,2.150923282663978,1.9997582874133084,1.8430918259427949
throughput_3,4,20,mrmr,classic_quantile,bic,5,5,0.41064566359207816,0.08633730729346169,0.33778382399934614,0.08962632174874714,0.35278479713949273,0.09378766400824654,0.37082510240578714,0.07484768659082873,1.9911033624983667,0.2412396578559889,0.7052191814959612,0.07742253643754808,0.6116400563992828,0.08099577016343507,0.6117085768382102,0.08090875161968053,0.611590278364286,0.08108742624111032,0.05667385710861694,0.02643469251443651,0.0063899835415100635,0.002320025942700342,0.0034849741432004555,0.0013117994670200177,0.05352179090259586,0.003893412568482881,2.9950890958009166,0.0036145353408172,0.6809183903055808,0.07855722364509923,0.6254093462625392,0.10586537413520238,0.6533939201600398,0.10194101957171531,0.6489830130173593,0.09542308851814348,1.3962431396217003,0.3995435524765183,5,"throughput_2,buffer_size_3,throughput_1,avg_p_latency_3,throughput_3",,,0.14495655465871096,0.14813199564814566,12.676634033210576,704.8,417.4,0.4133212895984428,4.0,,,False,30,,0.37340504727755264,0.3537984739755208,0.41064566359207816,0.27470090547582837,0.28772424135177715,0.33778382399934614,0.2963882194254016,0.33902709585088675,0.35278479713949273,0.3041585669978101,0.31474286452732303,0.37082510240578714,2.340058030183433,2.107661055821378,1.9911033624983667
throughput_3,4,10,mrmr,classic_quantile,aic,5,5,0.6225200514918183,0.1307698001884859,0.5962639289852574,0.1422016047283384,0.6080438075501929,0.14411274333684823,0.6134913477314533,0.12860037102360958,1.2796183613771184,0.2608144443574648,0.7800764440804251,0.06225503487212486,0.7679407933133596,0.07896882005665559,0.7679133222173409,0.07895607847395807,0.7679724438804054,0.07898238752811838,0.12385766416985315,0.03125044852503501,0.022394782451540685,0.0049987192273113065,0.012645223735266164,0.0031051308720831095,0.10222222222222221,0.004969039949999527,2.3020577196971415,0.0009517940344618842,0.7446609710263876,0.09863457340340848,0.724182273045497,0.12914136099412415,0.7317863090049451,0.12919912485541313,0.7358636366623408,0.12169833623401118,1.242165381923262,0.5435361695670271,5,"throughput_2,buffer_size_3,throughput_1,avg_p_latency_3,throughput_3",,,0.23094674833118917,0.11810765471309423,12.331469405442476,873.2,249.0,0.7548192370062249,2.0,,,False,30,,0.43058858449880394,0.5667298409690114,0.6225200514918183,0.36498374006587014,0.5245712638931592,0.5962639289852574,0.3911658210159262,0.5412069225147464,0.6080438075501929,0.38192265842508666,0.5445083597029106,0.6134913477314533,1.9316428002026633,1.3973569019050647,1.2796183613771184
throughput_3,4,12,mrmr,classic_quantile,aic,5,5,0.6052555305292197,0.06133805129355989,0.5310530822182361,0.06682839672366363,0.5620983060324986,0.04824407438380837,0.5456414952660629,0.07359012444221681,1.4732159951102748,0.21608935454957617,0.7708044247408345,0.048959984369407926,0.7222195032035362,0.05813522115959483,0.7222547967726296,0.0582434191600385,0.7221901761557051,0.05802949320423394,0.08609101861419709,0.04257819914778734,0.013355308039095898,0.006457900030392748,0.007361957487552129,0.0037740902007221975,0.08484848484848484,0.0033879817840905936,2.485201431477434,0.002628829152393732,0.7238293145901136,0.06589718132993877,0.6905837032720854,0.10513501368539382,0.7109420384598439,0.10105097588133782,0.6978147794140609,0.09761926720010813,1.2836783325497632,0.4186864048311971,5,"throughput_2,buffer_size_3,throughput_1,avg_p_latency_3,throughput_3",,,0.15268753804266452,0.11972155775874853,12.147036934271455,829.0,293.2,0.5887719069430823,3.0,,,False,30,,0.46873348222151334,0.532001434913802,0.6052555305292197,0.38809963748313925,0.4604826032835314,0.5310530822182361,0.4206165350040861,0.48754838515299,0.5620983060324986,0.38847464875899684,0.4789361340666729,0.5456414952660629,1.9369727880884562,1.613628201415682,1.4732159951102748
throughput_3,4,14,mrmr,classic_quantile,aic,5,5,0.4854578470261252,0.09642904640330821,0.4098588161579767,0.11254109349900972,0.44795676394300477,0.09678136870676042,0.4337220847590243,0.09984600178420623,1.687818733184925,0.21591274276005462,0.7367666503175382,0.04786873523693396,0.6824842045059076,0.05145720694979357,0.6825086532494955,0.051396653291766355,0.6824661523453844,0.05151946855818522,0.09196368906179811,0.05125425396000638,0.0119055621911632,0.0057840992406215696,0.0066187849829356295,0.0036056460577057244,0.07252747252747252,0.0024572175576920803,2.6396758233140054,0.0016480612567759453,0.7209828148420442,0.06908603468988869,0.6809376061887781,0.1059055100078983,0.700082914768909,0.10596069708078447,0.6854809540928951,0.10079740744212924,1.2484613055574239,0.25741459028911357,5,"throughput_2,buffer_size_3,throughput_1,avg_p_latency_3,throughput_3",,,0.28378582578152417,0.12416778542101384,12.806168172508478,786.8,335.4,0.53914716251258,1.0,,,False,30,,0.35804702517289594,0.4134632692225275,0.4854578470261252,0.2747442412008806,0.35599179335432624,0.4098588161579767,0.3066396677556771,0.3835799565012121,0.44795676394300477,0.31085129000109524,0.39897939092151957,0.4337220847590243,2.1522220577214743,1.8800690259445858,1.687818733184925
throughput_3,4,16,mrmr,classic_quantile,aic,5,5,0.47337965057309245,0.0900535531146916,0.3885272704899569,0.14782652068938276,0.3890253490629142,0.1642737248546535,0.43266814011100274,0.14808384063790225,1.8427333721420722,0.3896454938379872,0.729107797899375,0.08295972902620391,0.6580945864538875,0.09372102389863998,0.6581106029653487,0.09372985966144057,0.6580866627791396,0.09371348325178391,0.07806200922852749,0.02744228430865229,0.009286613895198378,0.0031566117200449934,0.005039621693411438,0.0018360829253813375,0.06428571428571428,0.003992978531249623,2.7732404786641114,0.0030439285360163012,0.7243675589343491,0.05970488213682381,0.6727259398996095,0.09856394570310452,0.6999270294924012,0.0902465667155373,0.6872651977384705,0.0943026406903383,1.2111810677706718,0.25103832770674017,5,"throughput_2,buffer_size_3,throughput_1,avg_p_latency_3,throughput_3",,,0.1429800121113658,0.13033166266977786,12.222101383842528,750.4,371.8,0.5445383074865422,2.0,,,False,30,,0.4339917428964625,0.4724934643168366,0.47337965057309245,0.3167621455991358,0.3669424825484592,0.3885272704899569,0.34343462804888436,0.37070343226938307,0.3890253490629142,0.3338042465032848,0.4022039672983547,0.43266814011100274,2.0995371588484173,2.0903287031866595,1.8427333721420722
throughput_3,4,18,mrmr,classic_quantile,aic,5,5,0.5156018304674739,0.02823192379499189,0.42523222045704384,0.05499042901076943,0.4522454485041645,0.05715486874395643,0.45535929920252743,0.06534463207397116,1.7078390354024922,0.07141862411852842,0.7062853668950784,0.061494666791135515,0.597698310986563,0.055679960966242954,0.5976772566787962,0.0555982696389169,0.5977263027245675,0.055764256474589914,0.041342819002449196,0.026429381805942277,0.004434792559698056,0.0028130078983781763,0.002338765188367865,0.0015158095094833335,0.05620915032679739,0.0014614823382351578,2.891942858075035,0.0009991602450575802,0.6830487097663541,0.061521248570234006,0.6197426200499748,0.10470844246452309,0.644186557879711,0.09767151015925875,0.6394943635417277,0.10001816223828014,1.3041259029993353,0.2671308424250732,5,"throughput_2,buffer_size_3,throughput_1,avg_p_latency_3,throughput_3",,,0.1467089805752039,0.13541915863752366,12.337776508182287,730.2,392.0,0.4825682268826538,1.0,,,False,30,,0.3990484172297592,0.47372282354211015,0.5156018304674739,0.2878877903393128,0.3816481267941011,0.42523222045704384,0.3055367060025743,0.39042856042879626,0.4522454485041645,0.3171745318287721,0.42303097019566654,0.45535929920252743,2.189372418922999,1.8760454039351884,1.7078390354024922
throughput_3,4,20,mrmr,classic_quantile,aic,5,5,0.4309592176545191,0.07740856069619871,0.3399700594691421,0.12498766549362915,0.3552202926392057,0.15517028389799634,0.3834254751325217,0.11879900619002075,1.9751880220270894,0.4415149266684603,0.7052191814959612,0.07742253643754808,0.6116400563992828,0.08099577016343507,0.6117085768382102,0.08090875161968053,0.611590278364286,0.08108742624111032,0.05667385710861694,0.02643469251443651,0.0063899835415100635,0.002320025942700342,0.0034849741432004555,0.0013117994670200177,0.05352179090259586,0.003893412568482881,2.9950890958009166,0.0036145353408172,0.6809183903055808,0.07855722364509923,0.6254093462625392,0.10586537413520238,0.6533939201600398,0.10194101957171531,0.6489830130173593,0.09542308851814348,1.3962431396217003,0.3995435524765183,5,"throughput_2,buffer_size_3,throughput_1,avg_p_latency_3,throughput_3",,,0.14715955201536418,0.1432171568274498,12.270597716793418,704.8,417.4,0.45950177262352,3.0,,,False,30,,0.4284633565236991,0.42757383694998274,0.4309592176545191,0.3020067763117241,0.32246297920508715,0.3399700594691421,0.3114774117753324,0.31908687834686505,0.3552202926392057,0.337791922765037,0.3715714054468696,0.3834254751325217,2.249838922764252,2.1240784094800755,1.9751880220270894
throughput_3,4,10,mrmr,kmeans,bic,5,5,0.7009369796651762,0.06975209242108191,0.5303196870349267,0.0889655458160615,0.54410838787062,0.07789958897049357,0.5520136460716474,0.08668305199315654,1.0831824013346965,0.12890979959357932,0.8438815370720457,0.020133412559480132,0.7190910592978726,0.055550814297618226,0.718940080948559,0.055834045865125394,0.7192704146562177,0.055266369764661115,0.22278989147670725,0.10084770006789665,0.03630499600370173,0.013262806072116754,0.0227246219462447,0.010010800409733863,0.10222222222222221,0.004969039949999527,1.9902911641689027,0.07565296109919907,0.8084079882622488,0.07311859564578643,0.6965140986351982,0.08035732774617056,0.7081168729470365,0.09714839403976108,0.7076576665053683,0.06879956991503595,0.7613961974727799,0.18331549134533404,5,"throughput_2,buffer_size_3,throughput_1,avg_p_latency_3,throughput_3",,,0.12227239459753036,0.08458811361342669,10.968914709053934,975.4,146.8,0.6792038716863297,5.0,,,False,30,,0.47784216900554444,0.6530154618311342,0.7009369796651762,0.36015665314612455,0.4583302350642705,0.5303196870349267,0.39418062992771863,0.4853124362534954,0.54410838787062,0.3981352230836452,0.4758174964829968,0.5520136460716474,1.8502808075778767,1.1673024820302238,1.0831824013346965
throughput_3,4,12,mrmr,kmeans,bic,5,5,0.6715282308179484,0.062488682719607024,0.5286261844774491,0.07561292860056397,0.5334212189881201,0.07455163629687644,0.5437576513860262,0.0750058629591692,1.2998041187072005,0.2583060392747376,0.8360377648995323,0.01765139156100593,0.7115802790175823,0.049997131710459636,0.7114670847599877,0.050268454287658755,0.7117219252873972,0.04972284084953842,0.19694588755926562,0.10143113641248733,0.02704029824715775,0.011095891338608783,0.01663092248863269,0.008324069325799339,0.08484848484848484,0.0033879817840905936,2.2436103393438946,0.06718240780996969,0.8089354582127817,0.04834929542854062,0.6780987372352792,0.06397664933150045,0.6943905713483715,0.06777569979388384,0.6919480435950341,0.060394345424160105,1.0042311155779051,0.26305782720537324,5,"throughput_2,buffer_size_3,throughput_1,avg_p_latency_3,throughput_3",,,0.12051334362477065,0.08250572625547647,10.905472407117486,965.6,156.6,0.6490997309217337,5.0,,,False,30,,0.48675117420075775,0.6743801219994191,0.6715282308179484,0.3571861609774625,0.515727578485171,0.5286261844774491,0.3809872720886985,0.5251113991050544,0.5334212189881201,0.37802874084760585,0.5325552387441744,0.5437576513860262,1.9976519482342572,1.2153182300562,1.2998041187072005
throughput_3,4,14,mrmr,kmeans,bic,5,5,0.6875752972604893,0.11891729811004327,0.5023601849339705,0.11244549895316802,0.4998207379776531,0.11841576169553093,0.5239298819476672,0.09347910245474769,1.2584791085709963,0.2779468510274017,0.8269520938789181,0.02670836564148657,0.6620799984903682,0.04062197814599398,0.6618616148124109,0.0410022952400693,0.6623476870388662,0.04025453666477496,0.19694588755926562,0.10143113641248733,0.023450489892150508,0.009403608885195749,0.014411337270276037,0.0070608418319674906,0.0738095238095238,0.005323971374999499,2.3294845794232657,0.06987455822536805,0.8219371409195627,0.049359742886264484,0.6861110428251365,0.07158647799081205,0.686393181043092,0.08264918288173799,0.7039960278319486,0.05659347627369283,0.9475180741433045,0.22316312996535978,5,"throughput_2,buffer_size_3,throughput_1,avg_p_latency_3,throughput_3",,,0.11221024598926306,0.08037017621099948,10.776346381753683,956.6,165.6,0.6439388020388662,3.0,,,False,30,,0.47570963947790734,0.6865249848016597,0.6875752972604893,0.34510545083938177,0.5086293188445246,0.5023601849339705,0.3548079727333814,0.51375056871595,0.4998207379776531,0.37064743040012305,0.5207583410322806,0.5239298819476672,2.2261776372462707,1.2218722415106502,1.2584791085709963
throughput_3,4,16,mrmr,kmeans,bic,5,5,0.650143729474304,0.04172096417146921,0.4350486893297131,0.04586094226761003,0.43716347183690996,0.04339767508137418,0.45783762818223767,0.04303472089882501,1.3985023945183204,0.10066631709136956,0.8101996339699971,0.03491635307156211,0.6266778050892817,0.059836541741147074,0.6265853570443423,0.060031053779734625,0.6267902833305504,0.05965046680270489,0.13936251097216998,0.09876428886372066,0.014811788890992533,0.009113647105057715,0.00879756952317321,0.006054065759571337,0.06538461538461539,0.006450196088941704,2.4531347814744526,0.04538780166623037,0.7524876173695902,0.03220020981090836,0.5763458003441053,0.042314101004470986,0.5924898432551322,0.07060417665586478,0.6018759222369323,0.02519561289488224,1.1226496063854356,0.20260390497081107,5,"throughput_2,buffer_size_3,throughput_1,avg_p_latency_3,throughput_3",,,0.12533697802573443,0.08334093000739813,10.710888039320707,939.4,182.8,0.5064517314112527,5.0,,,False,30,,0.4658973052509273,0.6095491608770117,0.650143729474304,0.3034886565810921,0.40072328955250913,0.4350486893297131,0.30864535902149853,0.4195626616871694,0.43716347183690996,0.34151462378385433,0.4240807515176777,0.45783762818223767,2.2634010028786045,1.4920961314028647,1.3985023945183204
throughput_3,4,18,mrmr,kmeans,bic,5,5,0.5819416732936192,0.1678346353034557,0.3929654250613163,0.11108129561329773,0.39514765476408414,0.1264346164996437,0.42156066167062034,0.08095117246275055,1.6482379110465382,0.364167458522851,0.8112675653925457,0.022094576265623382,0.6187897149582797,0.05005928383542189,0.6187600522982335,0.05036461706585883,0.6188579136719439,0.0497489249995223,0.11264533660950822,0.09945730463534223,0.010787005009317698,0.008159371026082373,0.006325414323423856,0.005457348510016636,0.057777777777777775,0.004969039949999534,2.579336931801359,0.042010088314061216,0.7932606167389713,0.05448274347302087,0.6449174038361064,0.06490624322071388,0.6559341775545006,0.07858698455242107,0.664444287847296,0.058209596647484194,1.094438667971192,0.2859669417762023,5,"throughput_2,buffer_size_3,throughput_1,avg_p_latency_3,throughput_3",,,0.12335896026343107,0.08739943709224463,10.98301502596587,922.0,200.2,0.5124314328920643,2.0,,,False,30,,0.45574402026657007,0.5945971685849114,0.5819416732936192,0.29215719466549717,0.4094644079725813,0.3929654250613163,0.29525118584554366,0.4126988654948122,0.39514765476408414,0.325955330842579,0.43764375449952847,0.42156066167062034,2.233535030495236,1.7386508064607078,1.6482379110465382
throughput_3,4,20,mrmr,kmeans,bic,5,5,0.5354185614989134,0.18774469716375375,0.35326149857291184,0.17699565603532708,0.3434557095860115,0.18331761032344734,0.3940693862484281,0.15566438731217738,1.7758287068468241,0.44833939953510726,0.8018264992388925,0.030271273209187464,0.5821745544493571,0.03570734725955415,0.5821273802377998,0.03589858818844752,0.5822551971823944,0.03551771730225865,0.10337617439916953,0.09989120332196658,0.009056227972247224,0.0072889673845021475,0.005287253226947876,0.004915743879590737,0.05302631578947368,0.005417154960589184,2.625955140505276,0.07656364205843783,0.7798968827143866,0.10036661920495953,0.6216950544560462,0.08315467192734388,0.6320368719319627,0.0880869551025636,0.6408727643817924,0.07557502408851095,1.1249848145186085,0.38381136942880983,5,"throughput_2,buffer_size_3,throughput_1,avg_p_latency_3,throughput_3",,,0.12319852262735367,0.09336251206696033,10.862534706480801,901.4,220.8,0.5808239174620977,3.0,,,False,30,,0.3607374885516418,0.4680334855548306,0.5354185614989134,0.21492799025541826,0.29637233718776546,0.35326149857291184,0.22571627144210563,0.2950283517262833,0.3434557095860115,0.24816691516532688,0.32858870816855196,0.3940693862484281,2.6272382774552794,2.0651595432719434,1.7758287068468241
throughput_3,4,10,mrmr,kmeans,aic,5,5,0.6973735045706132,0.0921537319904468,0.5410243166303138,0.11026703873808881,0.5550579729962718,0.08809147191162037,0.5608634347188763,0.10042270762682372,1.1028264782820845,0.16836122390984676,0.8438815370720457,0.020133412559480132,0.7190910592978726,0.055550814297618226,0.718940080948559,0.055834045865125394,0.7192704146562177,0.055266369764661115,0.22278989147670725,0.10084770006789665,0.03630499600370173,0.013262806072116754,0.0227246219462447,0.010010800409733863,0.10222222222222221,0.004969039949999527,1.9902911641689027,0.07565296109919907,0.7788481222450034,0.07921621593650095,0.6875370127379821,0.09775732671056718,0.6980970060383369,0.10549840261586119,0.6990274327191366,0.09102263796869743,1.083240923127986,0.4178469093031308,5,"throughput_2,buffer_size_3,throughput_1,avg_p_latency_3,throughput_3",,,0.19811932165175677,0.08580020256340504,11.240091259591281,975.4,146.8,0.675788072443651,5.0,,,False,30,,0.49157384964833495,0.6752774193138762,0.6973735045706132,0.3759470575057692,0.5122970676757089,0.5410243166303138,0.41703345031339384,0.5294788153021501,0.5550579729962718,0.40076019905580085,0.5280408166026146,0.5608634347188763,1.9136356728702186,1.1263713182477957,1.1028264782820845
throughput_3,4,12,mrmr,kmeans,aic,5,5,0.725004642835034,0.05585983227588311,0.5788302434453307,0.06737144136436031,0.5893304495007322,0.06069954732830439,0.5851933184951945,0.06733925602732131,1.124339201990977,0.18122636831431832,0.8360377648995323,0.01765139156100593,0.7115802790175823,0.049997131710459636,0.7114670847599877,0.050268454287658755,0.7117219252873972,0.04972284084953842,0.19694588755926562,0.10143113641248733,0.02704029824715775,0.011095891338608783,0.01663092248863269,0.008324069325799339,0.08484848484848484,0.0033879817840905936,2.2436103393438946,0.06718240780996969,0.7842025205743386,0.06199634325722575,0.6637952153577046,0.04127813794574404,0.6819414200925478,0.05173500609722567,0.6800531514586483,0.038167041158522694,1.1201885935603104,0.1950011932704971,5,"throughput_2,buffer_size_3,throughput_1,avg_p_latency_3,throughput_3",,,0.1307968121021986,0.08886568546295166,11.021380762569606,952.8,169.4,0.6454103911642984,5.0,saved_dbn_models_top5_20260313_192652_seed783122_with_rps_run20260709_161025/best_bins12_dbn_throughput_3_K4_mrmr_kmeans_aic_bins12.pkl,saved_dbn_models_top5_20260313_192652_seed783122_with_rps_run20260709_161025/best_bins12_dbn_throughput_3_K4_mrmr_kmeans_aic_bins12_edges.csv,False,30,,0.48318817529440333,0.666012860256221,0.725004642835034,0.3572461161283201,0.48907155811861436,0.5788302434453307,0.36360845345474785,0.49059274917758017,0.5893304495007322,0.38371188003954465,0.5093022216092308,0.5851933184951945,2.0181931805530873,1.170397129771303,1.124339201990977
throughput_3,4,14,mrmr,kmeans,aic,5,5,0.6820434188408626,0.09548290494821457,0.5119863192036168,0.11607403338139843,0.5230123976391419,0.10038841945098809,0.530531408645413,0.1027775650517325,1.2909908662019276,0.22605809539109592,0.8269520938789181,0.02670836564148657,0.6620799984903682,0.04062197814599398,0.6618616148124109,0.0410022952400693,0.6623476870388662,0.04025453666477496,0.19694588755926562,0.10143113641248733,0.023450489892150508,0.009403608885195749,0.014411337270276037,0.0070608418319674906,0.0738095238095238,0.005323971374999499,2.3294845794232657,0.06987455822536805,0.8242523679899101,0.05526786187097035,0.6851935836710806,0.066276796889162,0.6855241990613188,0.0726839365600636,0.6967242648301495,0.060206558478812656,0.9334839401608926,0.23800958550851056,5,"throughput_2,buffer_size_3,throughput_1,avg_p_latency_3,throughput_3",,,0.13657455295324325,0.09529908262193203,11.589062073267996,926.2,196.0,0.6439388020388662,3.0,,,False,30,,0.4938914576597255,0.6227370345855496,0.6820434188408626,0.36406385028984667,0.45105847220284156,0.5119863192036168,0.3636547793696382,0.4657267517052278,0.5230123976391419,0.38673317416170294,0.4640638674326243,0.530531408645413,2.1032432987917637,1.431207182535033,1.2909908662019276
throughput_3,4,16,mrmr,kmeans,aic,5,5,0.5695998273024097,0.17613981445068005,0.37558133926393644,0.15320618153583926,0.37050639282684833,0.1521751092329546,0.40542188487928044,0.15264322220087403,1.5500996636512252,0.4169230932963755,0.8101996339699971,0.03491635307156211,0.6266778050892817,0.059836541741147074,0.6265853570443423,0.060031053779734625,0.6267902833305504,0.05965046680270489,0.13936251097216998,0.09876428886372066,0.014811788890992533,0.009113647105057715,0.00879756952317321,0.006054065759571337,0.06538461538461539,0.006450196088941704,2.4531347814744526,0.04538780166623037,0.7528438061496436,0.03449199664941103,0.5885594384145572,0.03621487358418136,0.6123547452916531,0.07517399328221909,0.605693145361142,0.026576699764514003,1.143812429571867,0.23234942467385175,5,"throughput_2,buffer_size_3,throughput_1,avg_p_latency_3,throughput_3",,,0.14198406748473644,0.09849217738956213,11.482157700695097,906.8,215.4,0.565430971317293,3.0,,,False,30,,0.3904965531910166,0.5209568843322968,0.5695998273024097,0.2577569139092957,0.3533628141372276,0.37558133926393644,0.2705580746951471,0.35869866125429795,0.37050639282684833,0.2817338442178191,0.38446861305004687,0.40542188487928044,2.4768440684784054,1.682103737975312,1.5500996636512252
throughput_3,4,18,mrmr,kmeans,aic,5,5,0.45769924905119497,0.20835555071731146,0.295339824099742,0.15647795540028456,0.30232132692498015,0.17561668169463399,0.330137385344682,0.14186393597856373,1.790165203519497,0.4568135281082471,0.8112675653925457,0.022094576265623382,0.6187897149582797,0.05005928383542189,0.6187600522982335,0.05036461706585883,0.6188579136719439,0.0497489249995223,0.11264533660950822,0.09945730463534223,0.010787005009317698,0.008159371026082373,0.006325414323423856,0.005457348510016636,0.057777777777777775,0.004969039949999534,2.579336931801359,0.042010088314061216,0.7909453896686239,0.05500207097446505,0.6387759799652915,0.0572682284625843,0.648912354582427,0.07372953168624662,0.6584900518529249,0.05346777258043077,1.0968194718055457,0.28738568352895283,5,"throughput_2,buffer_size_3,throughput_1,avg_p_latency_3,throughput_3",,,0.14188676830381156,0.10549422539770603,11.511190650053322,875.2,247.0,0.43480705492144284,4.0,,,False,30,,0.37267806661238123,0.4528859386383875,0.45769924905119497,0.23308915584394674,0.2808814535476377,0.295339824099742,0.25124005107106107,0.2846164502024535,0.30232132692498015,0.26172921995666054,0.32421324099663906,0.330137385344682,2.4298928243738636,2.019961932373248,1.790165203519497
throughput_3,4,20,mrmr,kmeans,aic,5,5,0.6645763591601945,0.07978843915665332,0.444826242579214,0.049750513033373085,0.44747399578361324,0.05344723587407752,0.4636521769830316,0.04771688966585935,1.4833089482665094,0.17289189947379138,0.8018264992388925,0.030271273209187464,0.5821745544493571,0.03570734725955415,0.5821273802377998,0.03589858818844752,0.5822551971823944,0.03551771730225865,0.10337617439916953,0.09989120332196658,0.009056227972247224,0.0072889673845021475,0.005287253226947876,0.004915743879590737,0.05302631578947368,0.005417154960589184,2.625955140505276,0.07656364205843783,0.7770473724739592,0.09993429887280178,0.6180547157639183,0.08098612370122996,0.6331532301710748,0.0900015124060573,0.6343357895109404,0.0731779477060095,1.1840251340258543,0.47316721609132556,5,"throughput_2,buffer_size_3,throughput_1,avg_p_latency_3,throughput_3",,,0.1456628605723381,0.10451950430870056,11.671891174279153,871.4,250.8,0.5023705076065433,5.0,,,False,30,,0.4120786726412414,0.634818246897237,0.6645763591601945,0.25997791736886067,0.4229729063086737,0.444826242579214,0.26986326714791753,0.4209757323368842,0.44747399578361324,0.2951503500642436,0.45159559987469133,0.4636521769830316,2.360143334821955,1.6348250223946192,1.4833089482665094
throughput_3,4,10,mrmr,fixed,bic,5,5,0.7362345893590984,0.030571617144860057,0.6221194514627881,0.061441735435092355,0.6469398680430106,0.07183290459571369,0.6267785619332125,0.0515819557761324,0.7133131279043123,0.05212610384127237,0.9014480883424364,0.027202521841161776,0.8687204479088372,0.03230982188348073,0.8687190895955791,0.03213260522855243,0.8687300995176622,0.032498931048512376,0.39371288708149005,0.10157443242011968,0.1396706141474087,0.0270229532522992,0.09842822177037251,0.02539360810502992,0.25,0.0,1.267152534905198,0.0466768380115378,0.7633605650852603,0.037023725695930515,0.6822464031632791,0.06168072618843294,0.6967491647954333,0.06189349971176218,0.691288088529672,0.0561420586256579,0.6122412786981309,0.019369891463666668,3,"buffer_size_3,avg_p_latency_3,throughput_3",,,0.05667507275938988,0.04374255854636431,8.78913648519665,1046.2,76.0,0.7112052438756611,2.0,,,False,30,,,,0.7362345893590984,,,0.6221194514627881,,,0.6469398680430106,,,0.6267785619332125,,,0.7133131279043123
throughput_3,4,12,mrmr,fixed,bic,5,5,0.6991641309644557,0.021914042604591354,0.5823468855644391,0.03596088698201934,0.5989305701129028,0.06008279430459356,0.6119604201355759,0.03417753267478105,0.7280167817774668,0.021811200394197573,0.9014480883424364,0.027202521841161776,0.8687204479088372,0.03230982188348073,0.8687190895955791,0.03213260522855243,0.8687300995176622,0.032498931048512376,0.39371288708149005,0.10157443242011968,0.1396706141474087,0.0270229532522992,0.09842822177037251,0.02539360810502992,0.25,0.0,1.267152534905198,0.0466768380115378,0.7455528689992172,0.04406060824527704,0.649602864343974,0.04400591100627863,0.681537518172138,0.0425318300196499,0.6657717921699067,0.03965265666254319,0.5809536347310955,0.03810606971537417,3,"buffer_size_3,avg_p_latency_3,throughput_3",,,0.05324593000113964,0.047125515155494214,8.791006714105606,1028.0,94.2,0.6279142648226516,4.0,saved_dbn_models_top5_20260313_192652_seed783122_with_rps_run20260709_161025/best_bins12_dbn_throughput_3_K4_mrmr_fixed_bic_bins12.pkl,saved_dbn_models_top5_20260313_192652_seed783122_with_rps_run20260709_161025/best_bins12_dbn_throughput_3_K4_mrmr_fixed_bic_bins12_edges.csv,False,30,,,,0.6991641309644557,,,0.5823468855644391,,,0.5989305701129028,,,0.6119604201355759,,,0.7280167817774668
throughput_3,4,14,mrmr,fixed,bic,5,5,0.6817062775891543,0.057948799943380834,0.5333169809810359,0.1175835521041314,0.5598864108411145,0.11282824302355811,0.5521222305757922,0.09194748522765502,0.7749678676628553,0.10015038416647162,0.9014480883424364,0.027202521841161776,0.8687204479088372,0.03230982188348073,0.8687190895955791,0.03213260522855243,0.8687300995176622,0.032498931048512376,0.39371288708149005,0.10157443242011968,0.1396706141474087,0.0270229532522992,0.09842822177037251,0.02539360810502992,0.25,0.0,1.267152534905198,0.0466768380115378,0.7357687688353831,0.05491640918906288,0.6314037968948697,0.07641494972852123,0.6339799969252339,0.09381499850894862,0.6430203272034312,0.06045580951179566,0.5984662906182243,0.07654045760168607,3,"buffer_size_3,avg_p_latency_3,throughput_3",,,0.051665643230080605,0.049531927704811095,8.797873057425022,1006.4,115.8,0.6440525362814093,4.0,,,False,30,,,,0.6817062775891543,,,0.5333169809810359,,,0.5598864108411145,,,0.5521222305757922,,,0.7749678676628553
throughput_3,4,16,mrmr,fixed,bic,5,5,0.7317795312085815,0.02236364750583255,0.6264583531883428,0.06031931024526293,0.642435847360223,0.0834738286754025,0.6353855406931899,0.04748946266971107,0.7031167959132283,0.030721603369042713,0.9014480883424364,0.027202521841161776,0.8687204479088372,0.03230982188348073,0.8687190895955791,0.03213260522855243,0.8687300995176622,0.032498931048512376,0.39371288708149005,0.10157443242011968,0.1396706141474087,0.0270229532522992,0.09842822177037251,0.02539360810502992,0.25,0.0,1.267152534905198,0.0466768380115378,0.769243700940858,0.042578250665549724,0.6922767166500086,0.047971215406964536,0.704743694699351,0.04711472971034637,0.6964233552332184,0.053904019879456096,0.5647270835654619,0.03846755261725083,3,"buffer_size_3,avg_p_latency_3,throughput_3",,,0.05261389408260584,0.05183263476938009,9.233689565211535,984.8,137.4,0.6753683650564282,5.0,saved_dbn_models_top5_20260313_192652_seed783122_with_rps_run20260709_161025/best_bins16_dbn_throughput_3_K4_mrmr_fixed_bic_bins16.pkl,saved_dbn_models_top5_20260313_192652_seed783122_with_rps_run20260709_161025/best_bins16_dbn_throughput_3_K4_mrmr_fixed_bic_bins16_edges.csv,False,30,,,,0.7317795312085815,,,0.6264583531883428,,,0.642435847360223,,,0.6353855406931899,,,0.7031167959132283
throughput_3,4,18,mrmr,fixed,bic,5,5,0.7185927686058637,0.021787110741790967,0.6247208983788476,0.03948037971249921,0.6326313056122,0.049914706976232036,0.647486940502621,0.037157008267298966,0.6839026182149106,0.03023905623705628,0.9014480883424364,0.027202521841161776,0.8687204479088372,0.03230982188348073,0.8687190895955791,0.03213260522855243,0.8687300995176622,0.032498931048512376,0.39371288708149005,0.10157443242011968,0.1396706141474087,0.0270229532522992,0.09842822177037251,0.02539360810502992,0.25,0.0,1.267152534905198,0.0466768380115378,0.7772514521664454,0.04251542766699879,0.6939698860334959,0.07248454792041413,0.713596643364532,0.07486826833785205,0.7125140776764185,0.06116702107472356,0.5471733236569383,0.0380565896460809,3,"buffer_size_3,avg_p_latency_3,throughput_3",,,0.05136024560779333,0.05447654780000448,9.091565869748592,970.4,151.8,0.6709852466996911,2.0,saved_dbn_models_top5_20260313_192652_seed783122_with_rps_run20260709_161025/best_bins18_dbn_throughput_3_K4_mrmr_fixed_bic_bins18.pkl,saved_dbn_models_top5_20260313_192652_seed783122_with_rps_run20260709_161025/best_bins18_dbn_throughput_3_K4_mrmr_fixed_bic_bins18_edges.csv,False,30,,,,0.7185927686058637,,,0.6247208983788476,,,0.6326313056122,,,0.647486940502621,,,0.6839026182149106
throughput_3,4,20,mrmr,fixed,bic,5,5,0.6870426013844378,0.08696061569902575,0.5670235088038018,0.12746692766914242,0.5869024762788884,0.12456642668507188,0.579877941277857,0.12467619180186972,0.7674773229773564,0.18551009252522577,0.9014480883424364,0.027202521841161776,0.8687204479088372,0.03230982188348073,0.8687190895955791,0.03213260522855243,0.8687300995176622,0.032498931048512376,0.39371288708149005,0.10157443242011968,0.1396706141474087,0.0270229532522992,0.09842822177037251,0.02539360810502992,0.25,0.0,1.267152534905198,0.0466768380115378,0.7767127324813112,0.0179457514340686,0.6919393148337992,0.030156680934858435,0.7082934456168909,0.015286752807409341,0.6997803938779645,0.03688173238837621,0.5713829142511676,0.03442172595286442,3,"buffer_size_3,avg_p_latency_3,throughput_3",,,0.05061903186142445,0.05706197097897529,9.22130483482033,952.6,169.6,0.6744026738673176,4.0,saved_dbn_models_top5_20260313_192652_seed783122_with_rps_run20260709_161025/best_bins20_dbn_throughput_3_K4_mrmr_fixed_bic_bins20.pkl,saved_dbn_models_top5_20260313_192652_seed783122_with_rps_run20260709_161025/best_bins20_dbn_throughput_3_K4_mrmr_fixed_bic_bins20_edges.csv,False,30,,,,0.6870426013844378,,,0.5670235088038018,,,0.5869024762788884,,,0.579877941277857,,,0.7674773229773564
throughput_3,4,10,mrmr,fixed,aic,5,5,0.665842861065741,0.08328478754370049,0.5368753220409138,0.12173246051082694,0.5438227409638564,0.12431284996989003,0.5635581121273976,0.09510435935675776,0.8994935440674992,0.2367231820983209,0.9014480883424364,0.027202521841161776,0.8687204479088372,0.03230982188348073,0.8687190895955791,0.03213260522855243,0.8687300995176622,0.032498931048512376,0.39371288708149005,0.10157443242011968,0.1396706141474087,0.0270229532522992,0.09842822177037251,0.02539360810502992,0.25,0.0,1.267152534905198,0.0466768380115378,0.7241797992793833,0.05575685036562058,0.6244360701945737,0.09434768587881377,0.6253414590336795,0.11203593889660635,0.6502931707924403,0.0786069174369643,0.7070355907175968,0.12335453470648461,3,"buffer_size_3,avg_p_latency_3,throughput_3",,,0.07280080486088991,0.044680549204349516,9.176996182650328,1046.2,76.0,0.7085469916345025,2.0,,,False,30,,,,0.665842861065741,,,0.5368753220409138,,,0.5438227409638564,,,0.5635581121273976,,,0.8994935440674992
throughput_3,4,12,mrmr,fixed,aic,5,5,0.7107415361514151,0.046615421501155996,0.6088911407220668,0.06389622255081037,0.6129864340100607,0.0730930075515447,0.6288009146386171,0.05601549003003428,0.7544353524318295,0.12268431846393196,0.9014480883424364,0.027202521841161776,0.8687204479088372,0.03230982188348073,0.8687190895955791,0.03213260522855243,0.8687300995176622,0.032498931048512376,0.39371288708149005,0.10157443242011968,0.1396706141474087,0.0270229532522992,0.09842822177037251,0.02539360810502992,0.25,0.0,1.267152534905198,0.0466768380115378,0.7512411150863694,0.03146359574189314,0.6639349824606576,0.0514346354194822,0.6662159053845611,0.06316556510630786,0.6882169514955224,0.04095669612619726,0.7332763624868764,0.22422070453103712,3,"buffer_size_3,avg_p_latency_3,throughput_3",,,0.11917155664414167,0.045555371418595315,9.23991528339684,1028.0,94.2,0.7036539258728878,2.0,saved_dbn_models_top5_20260313_192652_seed783122_with_rps_run20260709_161025/best_bins12_dbn_throughput_3_K4_mrmr_fixed_aic_bins12.pkl,saved_dbn_models_top5_20260313_192652_seed783122_with_rps_run20260709_161025/best_bins12_dbn_throughput_3_K4_mrmr_fixed_aic_bins12_edges.csv,False,30,,,,0.7107415361514151,,,0.6088911407220668,,,0.6129864340100607,,,0.6288009146386171,,,0.7544353524318295
throughput_3,4,14,mrmr,fixed,aic,5,5,0.7028952243084557,0.03666935217158083,0.5900435333402964,0.049496726999110764,0.5869480317476297,0.07025189929886921,0.6167340857583519,0.04836247850769767,0.7702141986764302,0.08359175753251162,0.9014480883424364,0.027202521841161776,0.8687204479088372,0.03230982188348073,0.8687190895955791,0.03213260522855243,0.8687300995176622,0.032498931048512376,0.39371288708149005,0.10157443242011968,0.1396706141474087,0.0270229532522992,0.09842822177037251,0.02539360810502992,0.25,0.0,1.267152534905198,0.0466768380115378,0.7325359753836793,0.05509487770329647,0.643675616239834,0.05688151235458508,0.6439951220137718,0.06813404998890925,0.6664793487120256,0.05787323076913141,0.7418217755104951,0.23345367647307735,3,"buffer_size_3,avg_p_latency_3,throughput_3",,,0.0715505450963974,0.04883369617164135,8.867773728445172,1006.4,115.8,0.6634120162616093,5.0,saved_dbn_models_top5_20260313_192652_seed783122_with_rps_run20260709_161025/best_bins14_dbn_throughput_3_K4_mrmr_fixed_aic_bins14.pkl,saved_dbn_models_top5_20260313_192652_seed783122_with_rps_run20260709_161025/best_bins14_dbn_throughput_3_K4_mrmr_fixed_aic_bins14_edges.csv,False,30,,,,0.7028952243084557,,,0.5900435333402964,,,0.5869480317476297,,,0.6167340857583519,,,0.7702141986764302
throughput_3,4,16,mrmr,fixed,aic,5,5,0.7059258447975644,0.029604827476387235,0.5929664596338619,0.06589160213391934,0.5937607804585416,0.09204660791320625,0.6154454618872265,0.04838513556301498,0.7638504355352633,0.05700680337915088,0.9014480883424364,0.027202521841161776,0.8687204479088372,0.03230982188348073,0.8687190895955791,0.03213260522855243,0.8687300995176622,0.032498931048512376,0.39371288708149005,0.10157443242011968,0.1396706141474087,0.0270229532522992,0.09842822177037251,0.02539360810502992,0.25,0.0,1.267152534905198,0.0466768380115378,0.7298642426393462,0.048163584080247485,0.6309686929093745,0.08811524709220904,0.6278961397871926,0.11119426934483947,0.6570963590006114,0.0637011301827617,0.7308854797135048,0.19887954895341384,3,"buffer_size_3,avg_p_latency_3,throughput_3",,,0.22218394745141268,0.05505404006689787,9.904163875617087,984.8,137.4,0.701243291257579,5.0,,,False,30,,,,0.7059258447975644,,,0.5929664596338619,,,0.5937607804585416,,,0.6154454618872265,,,0.7638504355352633
throughput_3,4,18,mrmr,fixed,aic,5,5,0.7246478191373692,0.013754171048652087,0.6300878514776278,0.050229030602374915,0.6149864671542933,0.0666248698420353,0.6623365957642796,0.03896784125870017,0.7175992124504894,0.04513263167026003,0.9014480883424364,0.027202521841161776,0.8687204479088372,0.03230982188348073,0.8687190895955791,0.03213260522855243,0.8687300995176622,0.032498931048512376,0.39371288708149005,0.10157443242011968,0.1396706141474087,0.0270229532522992,0.09842822177037251,0.02539360810502992,0.25,0.0,1.267152534905198,0.0466768380115378,0.7373499111112519,0.046328369780334645,0.6662591792502127,0.058696037175769274,0.671438894996569,0.0505318038806163,0.6996419788647577,0.051196238276386356,0.6441027019412695,0.09616099238788413,3,"buffer_size_3,avg_p_latency_3,throughput_3",,,0.0683111047372222,0.052054638043046,8.900581531226635,970.4,151.8,0.6784688680136497,4.0,saved_dbn_models_top5_20260313_192652_seed783122_with_rps_run20260709_161025/best_bins18_dbn_throughput_3_K4_mrmr_fixed_aic_bins18.pkl,saved_dbn_models_top5_20260313_192652_seed783122_with_rps_run20260709_161025/best_bins18_dbn_throughput_3_K4_mrmr_fixed_aic_bins18_edges.csv,False,30,,,,0.7246478191373692,,,0.6300878514776278,,,0.6149864671542933,,,0.6623365957642796,,,0.7175992124504894
throughput_3,4,20,mrmr,fixed,aic,5,5,0.7105558227500504,0.046022579885051665,0.6053794437037137,0.07627726600079623,0.6170421701711899,0.07454388424193843,0.6222895673127097,0.0547490024868718,0.7394487111315677,0.026782613273149576,0.9014480883424364,0.027202521841161776,0.8687204479088372,0.03230982188348073,0.8687190895955791,0.03213260522855243,0.8687300995176622,0.032498931048512376,0.39371288708149005,0.10157443242011968,0.1396706141474087,0.0270229532522992,0.09842822177037251,0.02539360810502992,0.25,0.0,1.267152534905198,0.0466768380115378,0.7419749780550952,0.044318173035266396,0.6611312623182897,0.06575239045079491,0.6603364416190474,0.06594083560930285,0.6809320335597777,0.0656099345877747,0.639714615606833,0.09502978815773333,3,"buffer_size_3,avg_p_latency_3,throughput_3",,,0.06479900870472192,0.0586388623341918,9.231177479028702,952.6,169.6,0.7206380175906051,5.0,saved_dbn_models_top5_20260313_192652_seed783122_with_rps_run20260709_161025/best_bins20_dbn_throughput_3_K4_mrmr_fixed_aic_bins20.pkl,saved_dbn_models_top5_20260313_192652_seed783122_with_rps_run20260709_161025/best_bins20_dbn_throughput_3_K4_mrmr_fixed_aic_bins20_edges.csv,False,30,,,,0.7105558227500504,,,0.6053794437037137,,,0.6170421701711899,,,0.6222895673127097,,,0.7394487111315677
throughput_3,4,10,mrmr,decision_tree,bic,5,0,,0.0,,0.0,,0.0,,0.0,,0.0,,0.0,,0.0,,0.0,,0.0,,0.0,,0.0,,0.0,,0.0,,0.0,,0.0,,0.0,,0.0,,0.0,,0.0,0,,,,,,7.1053562965244055,,,,,,,False,30,"Unknown label type: continuous. Maybe you are trying to fit a classifier, which expects discrete classes on a regression target with continuous values.",,,,,,,,,,,,,,,
throughput_3,4,12,mrmr,decision_tree,bic,5,0,,0.0,,0.0,,0.0,,0.0,,0.0,,0.0,,0.0,,0.0,,0.0,,0.0,,0.0,,0.0,,0.0,,0.0,,0.0,,0.0,,0.0,,0.0,,0.0,0,,,,,,7.108584364876151,,,,,,,False,30,"Unknown label type: continuous. Maybe you are trying to fit a classifier, which expects discrete classes on a regression target with continuous values.",,,,,,,,,,,,,,,
throughput_3,4,14,mrmr,decision_tree,bic,5,0,,0.0,,0.0,,0.0,,0.0,,0.0,,0.0,,0.0,,0.0,,0.0,,0.0,,0.0,,0.0,,0.0,,0.0,,0.0,,0.0,,0.0,,0.0,,0.0,0,,,,,,7.11164116859436,,,,,,,False,30,"Unknown label type: continuous. Maybe you are trying to fit a classifier, which expects discrete classes on a regression target with continuous values.",,,,,,,,,,,,,,,
throughput_3,4,16,mrmr,decision_tree,bic,5,0,,0.0,,0.0,,0.0,,0.0,,0.0,,0.0,,0.0,,0.0,,0.0,,0.0,,0.0,,0.0,,0.0,,0.0,,0.0,,0.0,,0.0,,0.0,,0.0,0,,,,,,7.110390865243971,,,,,,,False,30,"Unknown label type: continuous. Maybe you are trying to fit a classifier, which expects discrete classes on a regression target with continuous values.",,,,,,,,,,,,,,,
throughput_3,4,18,mrmr,decision_tree,bic,5,0,,0.0,,0.0,,0.0,,0.0,,0.0,,0.0,,0.0,,0.0,,0.0,,0.0,,0.0,,0.0,,0.0,,0.0,,0.0,,0.0,,0.0,,0.0,,0.0,0,,,,,,7.109609664417803,,,,,,,False,30,"Unknown label type: continuous. Maybe you are trying to fit a classifier, which expects discrete classes on a regression target with continuous values.",,,,,,,,,,,,,,,
throughput_3,4,20,mrmr,decision_tree,bic,5,0,,0.0,,0.0,,0.0,,0.0,,0.0,,0.0,,0.0,,0.0,,0.0,,0.0,,0.0,,0.0,,0.0,,0.0,,0.0,,0.0,,0.0,,0.0,,0.0,0,,,,,,7.112770197913051,,,,,,,False,30,"Unknown label type: continuous. Maybe you are trying to fit a classifier, which expects discrete classes on a regression target with continuous values.",,,,,,,,,,,,,,,
throughput_3,4,10,mrmr,decision_tree,aic,5,0,,0.0,,0.0,,0.0,,0.0,,0.0,,0.0,,0.0,,0.0,,0.0,,0.0,,0.0,,0.0,,0.0,,0.0,,0.0,,0.0,,0.0,,0.0,,0.0,0,,,,,,7.109878810122609,,,,,,,False,30,"Unknown label type: continuous. Maybe you are trying to fit a classifier, which expects discrete classes on a regression target with continuous values.",,,,,,,,,,,,,,,
throughput_3,4,12,mrmr,decision_tree,aic,5,0,,0.0,,0.0,,0.0,,0.0,,0.0,,0.0,,0.0,,0.0,,0.0,,0.0,,0.0,,0.0,,0.0,,0.0,,0.0,,0.0,,0.0,,0.0,,0.0,0,,,,,,7.108746970072389,,,,,,,False,30,"Unknown label type: continuous. Maybe you are trying to fit a classifier, which expects discrete classes on a regression target with continuous values.",,,,,,,,,,,,,,,
throughput_3,4,14,mrmr,decision_tree,aic,5,0,,0.0,,0.0,,0.0,,0.0,,0.0,,0.0,,0.0,,0.0,,0.0,,0.0,,0.0,,0.0,,0.0,,0.0,,0.0,,0.0,,0.0,,0.0,,0.0,0,,,,,,7.112347869202495,,,,,,,False,30,"Unknown label type: continuous. Maybe you are trying to fit a classifier, which expects discrete classes on a regression target with continuous values.",,,,,,,,,,,,,,,
throughput_3,4,16,mrmr,decision_tree,aic,5,0,,0.0,,0.0,,0.0,,0.0,,0.0,,0.0,,0.0,,0.0,,0.0,,0.0,,0.0,,0.0,,0.0,,0.0,,0.0,,0.0,,0.0,,0.0,,0.0,0,,,,,,7.113596184179187,,,,,,,False,30,"Unknown label type: continuous. Maybe you are trying to fit a classifier, which expects discrete classes on a regression target with continuous values.",,,,,,,,,,,,,,,
throughput_3,4,18,mrmr,decision_tree,aic,5,0,,0.0,,0.0,,0.0,,0.0,,0.0,,0.0,,0.0,,0.0,,0.0,,0.0,,0.0,,0.0,,0.0,,0.0,,0.0,,0.0,,0.0,,0.0,,0.0,0,,,,,,7.111529595218599,,,,,,,False,30,"Unknown label type: continuous. Maybe you are trying to fit a classifier, which expects discrete classes on a regression target with continuous values.",,,,,,,,,,,,,,,
throughput_3,4,20,mrmr,decision_tree,aic,5,0,,0.0,,0.0,,0.0,,0.0,,0.0,,0.0,,0.0,,0.0,,0.0,,0.0,,0.0,,0.0,,0.0,,0.0,,0.0,,0.0,,0.0,,0.0,,0.0,0,,,,,,7.107890674844384,,,,,,,False,30,"Unknown label type: continuous. Maybe you are trying to fit a classifier, which expects discrete classes on a regression target with continuous values.",,,,,,,,,,,,,,,
throughput_3,4,10,mrmr,gmm,bic,5,5,0.6086688476086621,0.15115211649337001,0.5313849781124407,0.15048033583160186,0.5374980068067081,0.16846128130706917,0.5620317404894413,0.11892583870671285,1.3232234096077498,0.4083020271063699,0.8362204624422425,0.02873619654550135,0.7974233277142655,0.032251434224201604,0.7972143302186835,0.032522952099967244,0.7976509099968723,0.03197883534206169,0.10337585694036378,0.06535745277056243,0.018233256489532064,0.01065859418996251,0.010337585694036379,0.006535745277056242,0.1,0.0,2.2781810517198005,0.05804169167165731,0.7487424064291441,0.10061871004767803,0.6938006673695125,0.09554783299887304,0.703034363142854,0.10108857308238334,0.7102952428170127,0.1003557445029173,1.125535930747596,0.487882503040347,5,"throughput_2,buffer_size_3,throughput_1,avg_p_latency_3,throughput_3",,,0.11936655640602112,0.08872974533587694,12.568253428675234,949.0,173.2,0.6484443031037288,1.0,,,False,30,,0.5138381880721202,0.6330841281708183,0.6086688476086621,0.41696675712026277,0.5180178245395771,0.5313849781124407,0.4352815027555934,0.5251287634094447,0.5374980068067081,0.4395386577208894,0.5410106975037821,0.5620317404894413,1.788731425648475,1.3564879539463865,1.3232234096077498
throughput_3,4,12,mrmr,gmm,bic,5,5,0.6677920581330564,0.049743316669051504,0.5520619693721376,0.051266835633311934,0.557781881590147,0.06292244659665283,0.5794197626835512,0.04095519532091578,1.277194030977058,0.1292729516548951,0.8239257590836869,0.03376640983239505,0.776326610238345,0.039044257648456766,0.7761321735098449,0.0391605515043985,0.776540029246691,0.03893943753177432,0.08662022244338519,0.062354108077986914,0.012995110533127002,0.008230311473279303,0.007265615954979339,0.005144477572459829,0.08484848484848484,0.0033879817840905936,2.438185697412202,0.04259672161737861,0.7847225435174592,0.041461684391044744,0.6963995917072141,0.019292222215069207,0.7202561145595683,0.052050674319325516,0.7089907797258552,0.026688104472261387,0.9734794664333254,0.20499025613608512,5,"throughput_2,buffer_size_3,throughput_1,avg_p_latency_3,throughput_3",,,0.1288334235548973,0.10463999882340431,12.849695826880634,906.8,215.4,0.6140914756213237,5.0,,,False,30,,0.4994052409274242,0.6619149432621749,0.6677920581330564,0.3920093581652874,0.5185993357661769,0.5520619693721376,0.4165189314065797,0.518992545672558,0.557781881590147,0.41213353161210564,0.5521864142816527,0.5794197626835512,1.9685647712883454,1.4063183277024094,1.277194030977058
throughput_3,4,14,mrmr,gmm,bic,5,5,0.6160997646042956,0.07315003371818009,0.5124924996609262,0.08799459146755956,0.5141193601837074,0.08779713915080116,0.5465224875283203,0.07347244446867772,1.5630904571300634,0.39307667675496966,0.8182194370502998,0.025366281916672808,0.7459148919771363,0.04810232835863551,0.7457697934710376,0.04812087549100289,0.7460799529694221,0.048097620410942656,0.0928514626120828,0.06377435205238283,0.011835705486765956,0.007354859479577523,0.006654773822549214,0.004523532970942733,0.07252747252747252,0.0024572175576920803,2.5747496091462745,0.05104889451896525,0.7382375310159935,0.05287356508563706,0.6501877723531457,0.07339804557202527,0.659822654914905,0.09050824251526438,0.6783572044774889,0.0423250222406546,1.1048716917679249,0.23882374220429348,5,"throughput_2,buffer_size_3,throughput_1,avg_p_latency_3,throughput_3",,,0.1403593374416232,0.10392767768353224,13.229765969328582,878.4,243.8,0.6187690582542521,3.0,,,False,30,,0.4815859607017745,0.6180878503753158,0.6160997646042956,0.3736806294384557,0.4802323912363913,0.5124924996609262,0.40698338167863024,0.49872978969301807,0.5141193601837074,0.39049344680211007,0.5104807067220491,0.5465224875283203,2.1691452944919987,1.5324526098174176,1.5630904571300634
throughput_3,4,16,mrmr,gmm,bic,5,5,0.5678518991179407,0.16090093504927155,0.4273845512712445,0.14584071207719418,0.43643183274056396,0.1440524538671383,0.4693359458096971,0.12975813912017237,1.6435015735821807,0.4488285962388457,0.8087718629911287,0.022049777812777952,0.7159320428728471,0.020454364185574902,0.715857788450206,0.02039542402116844,0.7160253781205859,0.02053309480977624,0.08892814796120019,0.06736673648150326,0.009868146035593921,0.006878579748831209,0.005558009247575012,0.004210421030093954,0.0625,0.0,2.678372848445568,0.0556853305473535,0.7467879631008705,0.04513789888811673,0.6155980207712831,0.04325806845020282,0.622800851371647,0.038941951713650225,0.6454988481358657,0.03640881588604894,1.1399895220609875,0.2394942264813115,5,"throughput_2,buffer_size_3,throughput_1,avg_p_latency_3,throughput_3",,,0.1360311983153224,0.113121722266078,12.8400325095281,851.6,270.6,0.5795680514841939,2.0,,,False,30,,0.5241936943157414,0.6045799781905801,0.5678518991179407,0.39408959690579615,0.46355752056020777,0.4273845512712445,0.4138511310309891,0.4658923209973883,0.43643183274056396,0.40918156807159056,0.4921240005478964,0.4693359458096971,2.230768961763812,1.7356790018519015,1.6435015735821807
throughput_3,4,18,mrmr,gmm,bic,5,5,0.569224749723414,0.12164716751019929,0.439762136286156,0.09249165040890095,0.4471061179804575,0.08735804076147324,0.4780808860712421,0.08342967689694812,1.6755044812006248,0.3800287499013546,0.7943384396582237,0.034325559524412554,0.6835675688219769,0.03813328072473363,0.6834946631773233,0.03829088185366011,0.6836574903669116,0.037984300552458605,0.1046144224710041,0.0584017703437071,0.01077094703351201,0.0060639301588389025,0.006090432858608962,0.003824323641818794,0.05694444444444444,0.0031056499687497096,2.8030137386139544,0.08935419194543202,0.7334248628641508,0.09447824169515662,0.6057665349164061,0.07154256787694495,0.6211363357203199,0.08019479130843246,0.6312683805514312,0.061765601272926324,1.2909711534945425,0.48578951758325767,5,"throughput_2,buffer_size_3,throughput_1,avg_p_latency_3,throughput_3",,,0.137074632383883,0.11194534804672003,13.279159720055759,852.2,270.0,0.5403698916501654,3.0,,,False,30,,0.5042250592457496,0.5813804061250502,0.569224749723414,0.35377511784638593,0.436849965654897,0.439762136286156,0.36829409937880975,0.44697195895343544,0.4471061179804575,0.37954998205593127,0.45962107556912696,0.4780808860712421,2.209648694464181,1.9261227573914286,1.6755044812006248
throughput_3,4,20,mrmr,gmm,bic,5,5,0.5628908116310557,0.23101450212123026,0.4114000945348081,0.1887448441738242,0.42238549724159774,0.18326391137547451,0.43215883593070936,0.19050908781126016,1.723436000262608,0.4952091271051592,0.7886383080715489,0.03325190318664243,0.6479406381532499,0.03794179925664737,0.6478908535749706,0.03778539355253271,0.6480058896957838,0.03811550231541933,0.11281406596476524,0.0553538359642455,0.010335568884651727,0.0050951694106149085,0.0058635196975252496,0.0032173832161339487,0.05111111111111111,0.0024845199749997634,2.863254789922302,0.09102466936196213,0.7597883782319219,0.08478244974616307,0.6175918665095231,0.05235677284135019,0.6290838549412922,0.054169324006071586,0.6425430351914242,0.049521273469644335,1.340831083365761,0.48890681147144593,5,"throughput_2,buffer_size_3,throughput_1,avg_p_latency_3,throughput_3",,,0.144777487590909,0.1048241900280118,13.868869345635176,849.6,272.6,0.5504203390515376,2.0,,,False,30,,0.45115864527629235,0.514233583014684,0.5628908116310557,0.29259881833754503,0.36433485223565826,0.4114000945348081,0.28935321920994345,0.38700751826493446,0.42238549724159774,0.3202570033827793,0.3798225130613303,0.43215883593070936,2.3137048793651287,1.679791763977154,1.723436000262608
throughput_3,4,10,mrmr,gmm,aic,5,5,0.61858483213572,0.1548344727734954,0.5669798425848092,0.14041919975709047,0.5908311469715313,0.11421793555642293,0.5897960137730339,0.12062298228783534,1.3422797612963773,0.37944494316739596,0.8362204624422425,0.02873619654550135,0.7974233277142655,0.032251434224201604,0.7972143302186835,0.032522952099967244,0.7976509099968723,0.03197883534206169,0.10337585694036378,0.06535745277056243,0.018233256489532064,0.01065859418996251,0.010337585694036379,0.006535745277056242,0.1,0.0,2.2781810517198005,0.05804169167165731,0.7138522260214284,0.09515230307476685,0.6550854415632127,0.07000236197348911,0.6543017704377956,0.06337365734427447,0.6769049773198065,0.07580120195567164,1.3663211387489684,0.538001026215592,5,"throughput_2,buffer_size_3,throughput_1,avg_p_latency_3,throughput_3",,,0.19696399308741092,0.0958885345607996,13.215045642107725,949.0,173.2,0.7324907979479118,5.0,,,False,30,,0.4063515570560775,0.6143177095982082,0.61858483213572,0.33949269543589927,0.5354306869625234,0.5669798425848092,0.36297657926758287,0.5475695499622091,0.5908311469715313,0.3525162588689999,0.5513447808955478,0.5897960137730339,2.2199142940794037,1.3650553318436511,1.3422797612963773
throughput_3,4,12,mrmr,gmm,aic,5,5,0.6017180870567284,0.16152793792101922,0.5028164719287034,0.12083431103787427,0.5176733522299883,0.12963024077622023,0.5337528157450883,0.11005642666475328,1.4685283320469582,0.45132440307729227,0.8239257590836869,0.03376640983239505,0.776326610238345,0.039044257648456766,0.7761321735098449,0.0391605515043985,0.776540029246691,0.03893943753177432,0.08662022244338519,0.062354108077986914,0.012995110533127002,0.008230311473279303,0.007265615954979339,0.005144477572459829,0.08484848484848484,0.0033879817840905936,2.438185697412202,0.04259672161737861,0.746803015562661,0.08858117332760249,0.6705500859586613,0.044946879789307455,0.6824260422506213,0.03858595328774819,0.6888069157228354,0.04402729532709274,1.139000497398499,0.41824057045816815,5,"throughput_2,buffer_size_3,throughput_1,avg_p_latency_3,throughput_3",,,0.23629259448498488,0.10146265681833029,13.483762683346868,906.8,215.4,0.6321166088965328,3.0,,,False,30,,0.45347022157037353,0.5714533105397911,0.6017180870567284,0.36934550196963417,0.4522703188940354,0.5028164719287034,0.3804440984267047,0.46501157473684385,0.5176733522299883,0.39730891239989885,0.4680920021420688,0.5337528157450883,2.0780932991943546,1.6333925333819672,1.4685283320469582
throughput_3,4,14,mrmr,gmm,aic,5,5,0.5300644600105079,0.12916608002083346,0.42076163348732737,0.112291516926207,0.44076400998546117,0.1210724730802452,0.46872632174999335,0.09659269922267884,1.7455063429109017,0.442719433224905,0.8182194370502998,0.025366281916672808,0.7459148919771363,0.04810232835863551,0.7457697934710376,0.04812087549100289,0.7460799529694221,0.048097620410942656,0.0928514626120828,0.06377435205238283,0.011835705486765956,0.007354859479577523,0.006654773822549214,0.004523532970942733,0.07252747252747252,0.0024572175576920803,2.5747496091462745,0.05104889451896525,0.7382375310159935,0.05287356508563706,0.6501877723531457,0.07339804557202527,0.659822654914905,0.09050824251526438,0.6783572044774889,0.0423250222406546,1.1048716917679249,0.23882374220429348,5,"throughput_2,buffer_size_3,throughput_1,avg_p_latency_3,throughput_3",,,0.13400295414030552,0.10413257908076048,13.386346513405442,878.4,243.8,0.5427606448265191,1.0,,,False,30,,0.5220494188122914,0.5769475700909361,0.5300644600105079,0.40609196377285545,0.42692702962745804,0.42076163348732737,0.43372260477807456,0.4153303511378389,0.44076400998546117,0.42147981678544183,0.48526239266987126,0.46872632174999335,2.044441458312006,1.8449106044450925,1.7455063429109017
throughput_3,4,16,mrmr,gmm,aic,5,5,0.6471362834780152,0.0726589127082737,0.4948437969038964,0.08723903311805688,0.4889693493330876,0.09141808771692678,0.529010633625133,0.07846481104642732,1.481671388810399,0.2538103214578871,0.8087718629911287,0.022049777812777952,0.7159320428728471,0.020454364185574902,0.715857788450206,0.02039542402116844,0.7160253781205859,0.02053309480977624,0.08892814796120019,0.06736673648150326,0.009868146035593921,0.006878579748831209,0.005558009247575012,0.004210421030093954,0.0625,0.0,2.678372848445568,0.0556853305473535,0.7467879631008705,0.04513789888811673,0.6155980207712831,0.04325806845020282,0.622800851371647,0.038941951713650225,0.6454988481358657,0.03640881588604894,1.1399895220609875,0.2394942264813115,5,"throughput_2,buffer_size_3,throughput_1,avg_p_latency_3,throughput_3",,,0.13996381387114526,0.11326442249119281,13.169794064946473,851.6,270.6,0.595976544907135,2.0,,,False,30,,0.5177765820162761,0.6328938116167702,0.6471362834780152,0.3881206336988421,0.5011399108834184,0.4948437969038964,0.40095612203005243,0.5269477287636828,0.4889693493330876,0.40817289762209974,0.515923441202729,0.529010633625133,2.109988352037944,1.5664037893430476,1.481671388810399
throughput_3,4,18,mrmr,gmm,aic,5,5,0.5751624992261941,0.1611213120918218,0.4421681658431093,0.13485029939400223,0.4474039061662941,0.13529324308589968,0.47250061783725233,0.11361826181697267,1.6363995224332755,0.5153429686285708,0.7943384396582237,0.034325559524412554,0.6835675688219769,0.03813328072473363,0.6834946631773233,0.03829088185366011,0.6836574903669116,0.037984300552458605,0.1046144224710041,0.0584017703437071,0.01077094703351201,0.0060639301588389025,0.006090432858608962,0.003824323641818794,0.05694444444444444,0.0031056499687497096,2.8030137386139544,0.08935419194543202,0.7273696536032425,0.09442373153132903,0.6061348011175196,0.0715329826479771,0.6193496676768877,0.08006360829563844,0.624736076691846,0.0627454851748346,1.3231819858530385,0.48185786657894364,5,"throughput_2,buffer_size_3,throughput_1,avg_p_latency_3,throughput_3",,,0.1425175927579403,0.11997819263488055,13.620145180262625,832.0,290.2,0.5802574923762566,2.0,,,False,30,,0.5020860218125947,0.5794439074099647,0.5751624992261941,0.35156741847824813,0.4171921303526184,0.4421681658431093,0.3706344620147063,0.42004856308449395,0.4474039061662941,0.37299717289769785,0.45223474144871706,0.47250061783725233,2.283552872740116,1.7480319483305866,1.6363995224332755
throughput_3,4,20,mrmr,gmm,aic,5,5,0.6203892679876127,0.15271640295693217,0.45308869334132246,0.10521130347825282,0.47317668768629695,0.08784201789140653,0.4831233534747274,0.0907242533604143,1.5870026191770055,0.4944425500222711,0.7886383080715489,0.03325190318664243,0.6479406381532499,0.03794179925664737,0.6478908535749706,0.03778539355253271,0.6480058896957838,0.03811550231541933,0.11281406596476524,0.0553538359642455,0.010335568884651727,0.0050951694106149085,0.0058635196975252496,0.0032173832161339487,0.05111111111111111,0.0024845199749997634,2.863254789922302,0.09102466936196213,0.7608569445720822,0.0852742489846905,0.6195725844059574,0.053934722363505196,0.6329748352424556,0.057655795313887495,0.6439296701780591,0.0503024825838562,1.3301769893095723,0.4938595468692604,5,"throughput_2,buffer_size_3,throughput_1,avg_p_latency_3,throughput_3",,,0.14918140172958375,0.12474735733121634,14.081992021761835,811.4,310.8,0.5504203390515376,2.0,,,False,30,,0.4876486302446178,0.5756745602798716,0.6203892679876127,0.3070013578517957,0.41316937469665643,0.45308869334132246,0.3172599030029361,0.42753964786540344,0.47317668768629695,0.33442370917324904,0.4332872291805073,0.4831233534747274,2.2802603580479963,1.6763599107798526,1.5870026191770055
throughput_3,8,10,markov,classic_uniform,bic,5,5,0.669385860067333,0.1111899347084326,0.5490476737348915,0.14135201082444113,0.5703464444424592,0.12976413296299918,0.5639909821114838,0.13135133646678174,1.1725672094640531,0.20382382804365903,0.84013742791701,0.009229171725588358,0.7423261662874467,0.054108708622897066,0.742176680683933,0.05453911088740914,0.7425050960111026,0.05367658619948395,0.2960368442689955,0.09053872269343984,0.04752473461742217,0.013456737490103362,0.031239156797666045,0.010394466140289058,0.10500000000000001,0.011180339887498947,1.9647219631547401,0.10254477174422971,0.8119591016690804,0.050935283784767804,0.703762599118023,0.11157143921598645,0.7075207045832776,0.11633611183380527,0.7196564676511091,0.09866527027186728,0.8771154432244922,0.19084924116629057,9,"throughput_2,throughput_1,buffer_size_3,python_gc_objects_collected_total_1,python_gc_objects_collected_total_2,python_gc_objects_collected_total_3,python_gc_collections_total_1,python_gc_collections_total_4,throughput_3",1.0,padded,0.3685525055974722,0.19422676432877778,28.660893926396966,897.2,225.0,0.7100174833491415,3.0,,,False,30,,0.4133196191129248,0.6706331557151316,0.669385860067333,0.3221129346390189,0.5095876162503761,0.5490476737348915,0.33497418542347657,0.5139823440015652,0.5703464444424592,0.35620860453367487,0.5290959343925603,0.5639909821114838,2.10589074439681,1.1258657846172313,1.1725672094640531
throughput_3,8,12,markov,classic_uniform,bic,5,5,0.687579265495561,0.05075503480750776,0.5257608769412734,0.09130181591317645,0.5305090566427484,0.08881531364567623,0.5425710501544332,0.08322224783615202,1.2334478877827852,0.12584395246493574,0.8278519308638213,0.04472689587866569,0.692593490145958,0.02639677341794929,0.6923654466388766,0.026694441967247608,0.6928722198014307,0.026146382411857245,0.21405755210689473,0.10227875305879253,0.029104783274363288,0.011270807777793716,0.018124414655264508,0.008459175558584017,0.08484848484848484,0.0033879817840905936,2.1761885919300097,0.05295867424122732,0.826567278166325,0.04437207833507364,0.701035355355154,0.07075706879598678,0.7045032052997372,0.08193755501253218,0.7166360190691667,0.05199706518016884,0.9192092481675653,0.12596908399226345,9,"throughput_2,throughput_1,buffer_size_3,python_gc_objects_collected_total_1,python_gc_objects_collected_total_2,python_gc_objects_collected_total_3,python_gc_collections_total_1,python_gc_collections_total_4,throughput_3",1.0,padded,0.3957759402692318,0.19988712668418884,28.182926949113607,861.0,261.2,0.6275049235410293,3.0,,,False,30,,0.45842480115174056,0.6376841062661607,0.687579265495561,0.3525281103299901,0.47738329485402053,0.5257608769412734,0.37548643621613503,0.5027249802179008,0.5305090566427484,0.37473448110516483,0.49212771734899363,0.5425710501544332,2.0403580773478724,1.2102377207703736,1.2334478877827852
throughput_3,8,14,markov,classic_uniform,bic,5,4,0.662276409794874,0.06331822969559613,0.5144461983329357,0.092724208323633,0.51901310879203,0.0878197628788309,0.5285989545419596,0.09205017721572659,1.3495434784639582,0.18937396781507923,0.8302573559173527,0.017824663990775157,0.6829446111384049,0.027110041397601738,0.6825598573075555,0.027962249198730235,0.6833928987794491,0.0261951465949613,0.1577254394026695,0.06328294406626199,0.02050470618575204,0.007486888966926847,0.012043919768763935,0.005128337122050172,0.07577838827838827,0.005663606628595688,2.350130885581033,0.0664812914742828,0.7972320503354322,0.05667005729366441,0.6831424079393319,0.09501852872905507,0.683422845816491,0.10087453283289548,0.7128113144176889,0.07952039012518634,1.0596090758025793,0.22223276668252417,9,"throughput_2,throughput_1,buffer_size_3,python_gc_objects_collected_total_1,python_gc_objects_collected_total_2,python_gc_objects_collected_total_3,python_gc_collections_total_1,python_gc_collections_total_4,throughput_3",1.0,padded,0.42035835911519825,0.1859135169070214,27.5824991799891,854.75,267.5,0.6184929273426388,3.0,,,False,30,,0.375374601390787,0.6598438816958014,0.662276409794874,0.27926312726543295,0.5076768773075435,0.5144461983329357,0.31226311784228267,0.5368060850698582,0.51901310879203,0.2942194184748857,0.5235180815380358,0.5285989545419596,2.654009088272225,1.386295501550364,1.3495434784639582
throughput_3,8,16,markov,classic_uniform,bic,5,4,0.6007842422972589,0.08286210797272589,0.42306418613114305,0.11228288119498686,0.4203491194497465,0.11681890627321746,0.44596359268086183,0.10132390509446977,1.5081243513408549,0.18647111853505147,0.7943910584552772,0.015757815702324086,0.6001430801945219,0.029013542334840534,0.5999964393261898,0.02914165760063824,0.6003131064904264,0.028901548782943376,0.1341080915487704,0.04135857624719841,0.015128639331391825,0.003690166749169411,0.008634413603132503,0.002460952316564712,0.06473214285714285,0.004464285714285712,2.4250513650202947,0.06616372928505773,0.7662901306553682,0.056045484433656846,0.6089354875398589,0.07453608158767616,0.6116749533477169,0.078782850273838,0.6361158674668639,0.05710182686699152,1.1585612797989975,0.2370505670600227,9,"throughput_2,throughput_1,buffer_size_3,python_gc_objects_collected_total_1,python_gc_objects_collected_total_2,python_gc_objects_collected_total_3,python_gc_collections_total_1,python_gc_collections_total_4,throughput_3",1.0,padded,0.43246283708140254,0.22066280455328524,27.9305178867653,813.0,309.25,0.51374752330761,5.0,,,False,30,,0.30254022599892383,0.650470910455982,0.6007842422972589,0.186074011725189,0.45967302632946083,0.42306418613114305,0.23183074928401268,0.47085756401798495,0.4203491194497465,0.20048188477458767,0.4740585480452325,0.44596359268086183,3.1491841981628834,1.393190638512286,1.5081243513408549
throughput_3,8,18,markov,classic_uniform,bic,5,4,0.6613956600206665,0.05693869861104546,0.49017558223434116,0.07589915059002934,0.4879211190258705,0.07396497014623882,0.5073643749242837,0.07276759730360755,1.4357061002702332,0.20790735912719144,0.7935051499754764,0.03260765734392384,0.604895932582038,0.04621311744463643,0.6046993069625449,0.04660412079846886,0.6051285805139073,0.0458222956406796,0.1171609500272221,0.06103853896513085,0.01161543927872556,0.005234810356168133,0.006607971178973221,0.003215971129059882,0.05833333333333333,0.005555555555555557,2.5820308907755365,0.09856176235013088,0.7705277947668137,0.053997986524126386,0.642864679628109,0.08649339632519497,0.6398187781501053,0.09127913948207382,0.6693680761027967,0.0747318551496288,1.2139114858741633,0.26703832878985667,9,"throughput_2,throughput_1,buffer_size_3,python_gc_objects_collected_total_1,python_gc_objects_collected_total_2,python_gc_objects_collected_total_3,python_gc_collections_total_1,python_gc_collections_total_4,throughput_3",1.0,padded,0.47626867122016847,0.189350658794865,28.769346080720425,787.25,335.0,0.5932417792985033,3.0,,,False,30,,0.3664839691239566,0.6108409404399662,0.6613956600206665,0.2670687550372832,0.4503619082957721,0.49017558223434116,0.294859807898532,0.4640090119260632,0.4879211190258705,0.28971789034152484,0.46169439637012205,0.5073643749242837,2.529852566110157,1.5358691380618565,1.4357061002702332
throughput_3,8,20,markov,classic_uniform,bic,5,3,0.5791244909415775,0.15343006889481886,0.3947652215462696,0.13312972141770862,0.41171910376510695,0.12441874330112808,0.40334823762607597,0.13348026317198805,1.64874806983694,0.44449005583507,0.7760690557558192,0.023972896728567936,0.5831998818241857,0.04085157139472147,0.5831445168507491,0.04113146336372369,0.5832940064122625,0.04058353986684275,0.052864033980790565,0.01919590608003336,0.005251829880071265,0.0013225357494365732,0.0027731779319569373,0.0007412191648561968,0.05416666666666667,0.00721687836487032,2.655925078640986,0.0886144931411966,0.7640817100441645,0.06886392300957854,0.6239493460454815,0.10562162689417556,0.6294479072116769,0.11311835156186577,0.6461799227185194,0.09183310484536772,1.2295974728466539,0.3980344381999776,9,"throughput_2,throughput_1,buffer_size_3,python_gc_objects_collected_total_1,python_gc_objects_collected_total_2,python_gc_objects_collected_total_3,python_gc_collections_total_1,python_gc_collections_total_4,throughput_3",1.0,padded,0.484446848432223,0.19302453690518936,28.068675808608532,798.6666666666666,323.6666666666667,0.5152582598232957,3.0,,,False,30,,0.2955435661946583,0.5349088284764781,0.5791244909415775,0.19964838548326813,0.3674510458590418,0.3947652215462696,0.23169790865033615,0.3787030021151643,0.41171910376510695,0.20445155097522896,0.3943246201299968,0.40334823762607597,3.0982917571764705,1.708371328801178,1.64874806983694
throughput_3,8,10,markov,classic_uniform,aic,5,4,0.6582647225489403,0.09003912533914168,0.5573698701471632,0.12250441696854042,0.5803610350252579,0.12775282908730234,0.5735874499671095,0.11565778930307095,1.2744762120692341,0.24893350168714223,0.8378277563757633,0.008832115458044909,0.7444400560888751,0.062240498052577316,0.744147101470184,0.0627705007787858,0.7447670728737747,0.06170459960591063,0.27735443323285763,0.0927512651941996,0.045881861054612554,0.014948293822848572,0.029779783786743876,0.011395676280448094,0.10625000000000001,0.012499999999999997,1.9755262268166767,0.11507545145508061,0.8157014209523931,0.039655862289845994,0.7169932908259677,0.10755967936262932,0.7203677773380471,0.11361078754205872,0.7351851019863254,0.11624811467470551,0.8849200877339266,0.2028317417575728,9,"avg_p_latency_3,throughput_2,throughput_1,buffer_size_3,python_gc_objects_collected_total_1,python_gc_objects_collected_total_2,python_gc_objects_collected_total_3,python_gc_collections_total_1,throughput_3",2.0,padded,0.4833276588469744,0.23656759527511895,28.478774780407548,866.25,256.0,0.7083714626185313,3.0,,,False,30,,0.34130313665173023,0.6025951463723189,0.6582647225489403,0.29189181732946,0.4459526131332514,0.5573698701471632,0.3289589499401072,0.45811718951257807,0.5803610350252579,0.315537648115848,0.46897789406708634,0.5735874499671095,2.5733484214335736,1.3917495251086582,1.2744762120692341
throughput_3,8,12,markov,classic_uniform,aic,5,5,0.5575165515084849,0.1730462153163702,0.3952500131832039,0.14597788998605432,0.40798728201547824,0.13043683132450606,0.42078900545988507,0.13895019669769101,1.6275753248607987,0.6275604083857317,0.8278519308638213,0.04472689587866569,0.692593490145958,0.02639677341794929,0.6923654466388766,0.026694441967247608,0.6928722198014307,0.026146382411857245,0.21405755210689473,0.10227875305879253,0.029104783274363288,0.011270807777793716,0.018124414655264508,0.008459175558584017,0.08484848484848484,0.0033879817840905936,2.1761885919300097,0.05295867424122732,0.7750979994486046,0.15669315509276885,0.6702445457857114,0.13028771193486977,0.6717519093197788,0.1348906425731664,0.6827196167317997,0.1255626102513415,1.1889092576088298,0.6637401622236621,9,"throughput_2,throughput_1,buffer_size_3,python_gc_objects_collected_total_1,python_gc_objects_collected_total_2,python_gc_objects_collected_total_3,python_gc_collections_total_1,python_gc_collections_total_4,throughput_3",1.0,padded,0.3939909193664789,0.2016476422548294,27.725350962020457,861.0,261.2,0.6198931435672858,3.0,,,False,30,,0.43685839591240044,0.6248924211472009,0.5575165515084849,0.3174515866769464,0.44777876379796666,0.3952500131832039,0.32288997376394807,0.4617661656117898,0.40798728201547824,0.3498346001187726,0.47118807504296134,0.42078900545988507,2.1242686737123497,1.6943656109943077,1.6275753248607987
throughput_3,8,14,markov,classic_uniform,aic,5,4,0.6633910870265698,0.06547375674883307,0.522945592875052,0.097204533589744,0.5241119651038729,0.09006631391248551,0.5450478073931234,0.10653002775633043,1.3451717838101098,0.17023713190729356,0.8302573559173527,0.017824663990775157,0.6829446111384049,0.027110041397601738,0.6825598573075555,0.027962249198730235,0.6833928987794491,0.0261951465949613,0.1577254394026695,0.06328294406626199,0.02050470618575204,0.007486888966926847,0.012043919768763935,0.005128337122050172,0.07577838827838827,0.005663606628595688,2.350130885581033,0.0664812914742828,0.8010171502996232,0.05734239981523297,0.6772111128239908,0.09006398913441716,0.6728368137792085,0.09319615780623357,0.7093053684447879,0.08076371324481825,1.0962653589817903,0.22812886229028387,9,"throughput_2,throughput_1,buffer_size_3,python_gc_objects_collected_total_1,python_gc_objects_collected_total_2,python_gc_objects_collected_total_3,python_gc_collections_total_1,python_gc_collections_total_4,throughput_3",1.0,padded,0.38463766034692526,0.20589074469171464,26.402686711400747,823.0,299.25,0.6167881407222976,3.0,,,False,30,,0.4208279563748109,0.6553875537100617,0.6633910870265698,0.32170909796943653,0.49481236230001596,0.522945592875052,0.3572804302371685,0.5274366758486991,0.5241119651038729,0.3397362031441052,0.5046534758163278,0.5450478073931234,2.566282775548812,1.2654609358395954,1.3451717838101098
throughput_3,8,16,markov,classic_uniform,aic,5,4,0.6493582173418222,0.062378266115386015,0.46069117821297134,0.05085210059841812,0.4662552394910633,0.05470357010887928,0.47588136516013796,0.042612765806114436,1.381666132828274,0.15629122170862617,0.7943910584552772,0.015757815702324086,0.6001430801945219,0.029013542334840534,0.5999964393261898,0.02914165760063824,0.6003131064904264,0.028901548782943376,0.1341080915487704,0.04135857624719841,0.015128639331391825,0.003690166749169411,0.008634413603132503,0.002460952316564712,0.06473214285714285,0.004464285714285712,2.4250513650202947,0.06616372928505773,0.7707424904060362,0.0562954609361949,0.6189150786604496,0.06595221236216914,0.6217118008041975,0.0697545929336365,0.6462974292186227,0.05818530950450756,1.1997234100532796,0.2486726811632813,9,"throughput_2,throughput_1,buffer_size_3,python_gc_objects_collected_total_1,python_gc_objects_collected_total_2,python_gc_objects_collected_total_3,python_gc_collections_total_1,python_gc_collections_total_4,throughput_3",1.0,padded,0.3997514664661139,0.208107590675354,26.34325084462762,787.5,334.75,0.51374752330761,5.0,,,False,30,,0.31568639355685607,0.667404956801793,0.6493582173418222,0.22133562016012248,0.47423769997052023,0.46069117821297134,0.25941657642385796,0.4797433333160418,0.4662552394910633,0.23299342474628518,0.4903269353617182,0.47588136516013796,2.9385773016727335,1.2979770035644607,1.381666132828274
throughput_3,8,18,markov,classic_uniform,aic,5,4,0.6239625049404527,0.05330443037790424,0.4469027026470204,0.03473776803707917,0.45258246037686767,0.03911232375491099,0.46100660108718516,0.029986571876656272,1.6124194908553768,0.121567545302378,0.7935051499754764,0.03260765734392384,0.604895932582038,0.04621311744463643,0.6046993069625449,0.04660412079846886,0.6051285805139073,0.0458222956406796,0.1171609500272221,0.06103853896513085,0.01161543927872556,0.005234810356168133,0.006607971178973221,0.003215971129059882,0.05833333333333333,0.005555555555555557,2.5820308907755365,0.09856176235013088,0.7734218286047476,0.054336822249801034,0.635334987750591,0.06628621956189024,0.6326800868744088,0.0700166987878909,0.6605654737880795,0.05849017276079924,1.2454564887998163,0.2650290657253388,9,"throughput_2,throughput_1,buffer_size_3,python_gc_objects_collected_total_1,python_gc_objects_collected_total_2,python_gc_objects_collected_total_3,python_gc_collections_total_1,python_gc_collections_total_4,throughput_3",1.0,padded,0.4174144808202982,0.24504528800025582,26.920154236257076,758.75,363.5,0.4949374462281735,5.0,,,False,30,,0.31969649350876106,0.626189478462801,0.6239625049404527,0.2366571701273935,0.44717011332042594,0.4469027026470204,0.2822889254381503,0.4640521680179522,0.45258246037686767,0.2524200141940901,0.4605603536448514,0.46100660108718516,2.6726134343078374,1.5604277431075522,1.6124194908553768
throughput_3,8,20,markov,classic_uniform,aic,5,3,0.5930876519635621,0.09124880309074644,0.4122895273235761,0.08528216011404426,0.42293051846785,0.10975329524478145,0.436040266972592,0.07116414892891211,1.6277366297941256,0.26277957584940054,0.7760690557558192,0.023972896728567936,0.5831998818241857,0.04085157139472147,0.5831445168507491,0.04113146336372369,0.5832940064122625,0.04058353986684275,0.052864033980790565,0.01919590608003336,0.005251829880071265,0.0013225357494365732,0.0027731779319569373,0.0007412191648561968,0.05416666666666667,0.00721687836487032,2.655925078640986,0.0886144931411966,0.7646753580109201,0.06637321345552713,0.6312167729705472,0.10975028525768948,0.6340892316697095,0.11575742479748029,0.6601467290561033,0.10570359169021422,1.3324220412894292,0.4784891845277213,9,"throughput_2,throughput_1,buffer_size_3,python_gc_objects_collected_total_1,python_gc_objects_collected_total_2,python_gc_objects_collected_total_3,python_gc_collections_total_1,python_gc_collections_total_4,throughput_3",1.0,padded,0.434437054519852,0.22489883129795393,26.207062538713217,759.0,363.3333333333333,0.495015624772314,3.0,,,False,30,,0.34634332429104836,0.5770858763106418,0.5930876519635621,0.2589347747614117,0.42309195274126205,0.4122895273235761,0.29849471461708027,0.44696602374803235,0.42293051846785,0.26060514313488037,0.4498856708653753,0.436040266972592,2.6494681737188306,1.5897495844651364,1.6277366297941256
throughput_3,8,10,markov,classic_quantile,bic,5,5,0.6166359525272103,0.06624155948469226,0.591700705379283,0.059847946020505326,0.6204428419909496,0.07466961693019769,0.599830793799313,0.04251316611076214,1.4044483098766363,0.260562530749279,0.7800764440804251,0.06225503487212486,0.7679407933133596,0.07896882005665559,0.7679133222173409,0.07895607847395807,0.7679724438804054,0.07898238752811838,0.12385766416985315,0.03125044852503501,0.022394782451540685,0.0049987192273113065,0.012645223735266164,0.0031051308720831095,0.10222222222222221,0.004969039949999527,2.3020577196971415,0.0009517940344618842,0.7824073164471119,0.0646733589867934,0.7784328932304787,0.079140625623861,0.8074859346459204,0.05524102345823008,0.7780362993804569,0.08598053676530423,1.036344780494246,0.3372278333048503,9,"throughput_2,throughput_1,buffer_size_3,python_gc_objects_collected_total_1,python_gc_objects_collected_total_2,python_gc_objects_collected_total_3,python_gc_collections_total_1,python_gc_collections_total_4,throughput_3",1.0,padded,0.3769920406863093,0.21883129607886076,30.391972177661955,826.6,295.6,0.6437586940946869,5.0,,,False,30,,0.49316130240649647,0.5824332582543258,0.6166359525272103,0.39486324001773576,0.5152382662152355,0.591700705379283,0.41459786863144954,0.5542801482765533,0.6204428419909496,0.41106499774565064,0.5252825403212721,0.599830793799313,1.7486944856149667,1.3084573851796786,1.4044483098766363
throughput_3,8,12,markov,classic_quantile,bic,5,5,0.6009601541579961,0.04750032989266909,0.5384074028270097,0.06459010302217978,0.5791052692298206,0.0641945379875861,0.5505054752827424,0.06301943791190591,1.442827653583412,0.17755103634483027,0.7708044247408345,0.048959984369407926,0.7222195032035362,0.05813522115959483,0.7222547967726296,0.0582434191600385,0.7221901761557051,0.05802949320423394,0.08609101861419709,0.04257819914778734,0.013355308039095898,0.006457900030392748,0.007361957487552129,0.0037740902007221975,0.08484848484848484,0.0033879817840905936,2.485201431477434,0.002628829152393732,0.7581826766762896,0.05655974371777986,0.7138528143528895,0.09645931441810439,0.7373934701923539,0.10171523417606362,0.7183407933301095,0.08888482809987204,1.1757618714216307,0.31681658895454545,9,"throughput_2,throughput_1,buffer_size_3,python_gc_objects_collected_total_1,python_gc_objects_collected_total_2,python_gc_objects_collected_total_3,python_gc_collections_total_1,python_gc_collections_total_4,throughput_3",1.0,padded,0.435547561198473,0.23690103739500046,31.672985818237066,773.4,348.8,0.6046821108279979,2.0,,,False,30,,0.40064618739910757,0.5439302669987286,0.6009601541579961,0.32875527962560674,0.48328380685546113,0.5384074028270097,0.3513050717013205,0.4954217534029925,0.5791052692298206,0.3413650879080426,0.506422055447721,0.5505054752827424,1.9962649114033966,1.5412995935166287,1.442827653583412
throughput_3,8,14,markov,classic_quantile,bic,5,5,0.5485665941273296,0.10497056644757517,0.49909453698032724,0.08431042684806199,0.5272447695765938,0.09271566207355535,0.5063737976556515,0.07416578176389083,1.5582231852184152,0.19548180026827533,0.7367666503175382,0.04786873523693396,0.6824842045059076,0.05145720694979357,0.6825086532494955,0.051396653291766355,0.6824661523453844,0.05151946855818522,0.09196368906179811,0.05125425396000638,0.0119055621911632,0.0057840992406215696,0.0066187849829356295,0.0036056460577057244,0.07252747252747252,0.0024572175576920803,2.6396758233140054,0.0016480612567759453,0.7252631011874014,0.0758728543613446,0.6937984038422438,0.10097557475734274,0.7265789059344672,0.08891880742281993,0.6970605890483442,0.0995865366110133,1.2186535946816934,0.291261698173875,9,"throughput_2,buffer_size_3,throughput_1,python_gc_objects_collected_total_1,python_gc_objects_collected_total_2,python_gc_objects_collected_total_3,python_gc_collections_total_1,python_gc_collections_total_4,throughput_3",2.0,padded,0.3960439842194319,0.23502504266798496,31.28953251428902,735.6,386.6,0.6071716201280271,1.0,,,False,30,,0.4156231002074593,0.5161343676141226,0.5485665941273296,0.31528610910199634,0.4302602386729225,0.49909453698032724,0.34194299386466265,0.45295387194449493,0.5272447695765938,0.34270137900027076,0.4577259620698565,0.5063737976556515,2.222795077793585,1.620261575377328,1.5582231852184152
throughput_3,8,16,markov,classic_quantile,bic,5,5,0.5692437972517591,0.05819793087933772,0.5039990915196256,0.035594285212283465,0.5273977904505175,0.04320732841226972,0.5202909919157159,0.045687045944340206,1.6016376038709317,0.10563813871033229,0.729107797899375,0.08295972902620391,0.6580945864538875,0.09372102389863998,0.6581106029653487,0.09372985966144057,0.6580866627791396,0.09371348325178391,0.07806200922852749,0.02744228430865229,0.009286613895198378,0.0031566117200449934,0.005039621693411438,0.0018360829253813375,0.06428571428571428,0.003992978531249623,2.7732404786641114,0.0030439285360163012,0.7240164404572146,0.0648846488606241,0.6787680463781119,0.09593493130327993,0.7156772806880443,0.07504177568762728,0.6890492138582814,0.09705223287117964,1.239414995576588,0.2397514651017529,9,"throughput_2,buffer_size_3,throughput_1,python_gc_objects_collected_total_1,python_gc_objects_collected_total_2,python_gc_objects_collected_total_3,python_gc_collections_total_1,python_gc_collections_total_4,throughput_3",2.0,padded,0.43947969377040863,0.2388933775946498,31.485543026588857,701.6,420.6,0.5520992930601186,3.0,,,False,30,,0.38515007071394897,0.5134613644696929,0.5692437972517591,0.29280262400651,0.4410485464091445,0.5039990915196256,0.3235324738438955,0.46213029986982984,0.5273977904505175,0.2963676393350204,0.47258055861097487,0.5202909919157159,2.1594353058916047,1.6528263743822815,1.6016376038709317
throughput_3,8,18,markov,classic_quantile,bic,5,5,0.5359060194951453,0.027015312117498025,0.4437439583271037,0.030645507462983914,0.47113527544114964,0.04330241656810344,0.4693263638507431,0.04270070325938309,1.704831853961156,0.16199518604314794,0.7062853668950784,0.061494666791135515,0.597698310986563,0.055679960966242954,0.5976772566787962,0.0555982696389169,0.5977263027245675,0.055764256474589914,0.041342819002449196,0.026429381805942277,0.004434792559698056,0.0028130078983781763,0.002338765188367865,0.0015158095094833335,0.05620915032679739,0.0014614823382351578,2.891942858075035,0.0009991602450575802,0.6980075293998345,0.04916483506175513,0.6353022639414888,0.08980350599200553,0.6674085365743883,0.07608364867119663,0.6537500013026324,0.08713575045389486,1.3603059098938253,0.29174608909988914,9,"throughput_2,buffer_size_3,throughput_1,python_gc_objects_collected_total_1,python_gc_objects_collected_total_2,python_gc_objects_collected_total_3,python_gc_collections_total_1,python_gc_collections_total_4,throughput_3",2.0,padded,0.48002417255193,0.24977639373391866,32.402229277417064,683.8,438.4,0.4942206977545609,1.0,,,False,30,,0.42703463316841345,0.5106091558294167,0.5359060194951453,0.321758143073685,0.4330425448297439,0.4437439583271037,0.3472968622100311,0.45870423571574304,0.47113527544114964,0.33487440323456297,0.44877333710770156,0.4693263638507431,2.2411497520145205,1.737496548454168,1.704831853961156
throughput_3,8,20,markov,classic_quantile,bic,5,5,0.4455513703902997,0.09992741914651,0.4000077217596294,0.07393038428787328,0.4093333943157318,0.09581768497513181,0.4551555458814852,0.03751443752300698,1.8904678849059144,0.21361849923045173,0.7052191814959612,0.07742253643754808,0.6116400563992828,0.08099577016343507,0.6117085768382102,0.08090875161968053,0.611590278364286,0.08108742624111032,0.055069579033750635,0.0287776065911316,0.006026238298357305,0.0024563238644979327,0.0032402491260310347,0.0013656549165190054,0.04976354914435409,0.007813502230578811,2.9950890958009166,0.0036145353408172,0.6948024641672187,0.06727510190385609,0.6326959674119907,0.0888550796941569,0.6592510484195303,0.07702497721122262,0.6555671210686436,0.08394380692493077,1.4557362453784282,0.3889419557711597,9,"throughput_2,buffer_size_3,throughput_1,python_gc_objects_collected_total_1,python_gc_objects_collected_total_2,python_gc_objects_collected_total_3,python_gc_collections_total_1,python_gc_collections_total_4,throughput_3",2.0,padded,0.5216299319639802,0.2424714056774974,32.23924243636429,688.8,433.4,0.45954702038676415,4.0,,,False,30,,0.3983374682342783,0.43878124389883866,0.4455513703902997,0.3013256166844912,0.3702744688862019,0.4000077217596294,0.3090628645351862,0.3840100098319466,0.4093333943157318,0.32592722246806244,0.4003328105131092,0.4551555458814852,2.521475944587485,1.9959583348065568,1.8904678849059144
throughput_3,8,10,markov,classic_quantile,aic,5,5,0.6488989734969516,0.08524074206436584,0.6327008763805649,0.08088405629217318,0.6502450613508299,0.083384354619286,0.6383721351613219,0.07796471391231097,1.2253655627333546,0.14720344903926974,0.7800764440804251,0.06225503487212486,0.7679407933133596,0.07896882005665559,0.7679133222173409,0.07895607847395807,0.7679724438804054,0.07898238752811838,0.12385766416985315,0.03125044852503501,0.022394782451540685,0.0049987192273113065,0.012645223735266164,0.0031051308720831095,0.10222222222222221,0.004969039949999527,2.3020577196971415,0.0009517940344618842,0.7809781248118443,0.07391126362628196,0.7808655560152294,0.08410095814758094,0.7983803617016647,0.07200129516951277,0.7851367255161767,0.08209404649779313,0.9737135924514941,0.35879860081054143,9,"data_quality_3,throughput_2,buffer_size_3,throughput_1,python_gc_objects_collected_total_1,python_gc_objects_collected_total_2,python_gc_objects_collected_total_3,python_gc_collections_total_1,throughput_3",3.0,padded,0.5491527767851949,0.26256538201123475,32.985876058228314,792.0,330.2,0.7521861979458674,2.0,saved_dbn_models_top5_20260313_192652_seed783122_with_rps_run20260709_161025/best_bins10_dbn_throughput_3_K8_markov_classic_quantile_aic_bins10.pkl,saved_dbn_models_top5_20260313_192652_seed783122_with_rps_run20260709_161025/best_bins10_dbn_throughput_3_K8_markov_classic_quantile_aic_bins10_edges.csv,False,30,,0.4204287916089289,0.6054198154611962,0.6488989734969516,0.3373622245820377,0.5904578970506679,0.6327008763805649,0.3593890108096687,0.6008457260941416,0.6502450613508299,0.34957735960547165,0.6021951459665483,0.6383721351613219,1.9134018743400536,1.281799159468525,1.2253655627333546
throughput_3,8,12,markov,classic_quantile,aic,5,5,0.5464173980123904,0.08697116903246435,0.5021460364693784,0.10379222533404976,0.5227615909851684,0.11264479762057021,0.5266387384338409,0.09341661043677998,1.541735562447838,0.254848662932779,0.7708044247408345,0.048959984369407926,0.7222195032035362,0.05813522115959483,0.7222547967726296,0.0582434191600385,0.7221901761557051,0.05802949320423394,0.08609101861419709,0.04257819914778734,0.013355308039095898,0.006457900030392748,0.007361957487552129,0.0037740902007221975,0.08484848484848484,0.0033879817840905936,2.485201431477434,0.002628829152393732,0.75017460855677,0.04658878467251877,0.7141748497883602,0.08429644773125242,0.7276014299787069,0.09492345331017989,0.727498090392339,0.06840804029580357,1.1289335213278548,0.2815974365784825,9,"data_quality_2,throughput_2,buffer_size_3,throughput_1,python_gc_objects_collected_total_1,python_gc_objects_collected_total_2,python_gc_objects_collected_total_3,python_gc_collections_total_1,throughput_3",3.0,padded,0.5635787358507514,0.27391573414206505,33.062108744867146,756.2,366.0,0.6200140012542351,1.0,,,False,30,,0.40332649209606936,0.5275412974223933,0.5464173980123904,0.32717290500338253,0.4805471687253025,0.5021460364693784,0.35308855276125295,0.5138736012273506,0.5227615909851684,0.346196319481332,0.5069650137989369,0.5266387384338409,2.0841452467380144,1.5836129599459992,1.541735562447838
throughput_3,8,14,markov,classic_quantile,aic,5,5,0.5303985854035616,0.1082931898655422,0.4626884945921711,0.08154413013455553,0.48239305736107063,0.08249580553818674,0.4793720534826182,0.08673689017873286,1.6558208493737072,0.2574036101969807,0.7367666503175382,0.04786873523693396,0.6824842045059076,0.05145720694979357,0.6825086532494955,0.051396653291766355,0.6824661523453844,0.05151946855818522,0.09196368906179811,0.05125425396000638,0.0119055621911632,0.0057840992406215696,0.0066187849829356295,0.0036056460577057244,0.07252747252747252,0.0024572175576920803,2.6396758233140054,0.0016480612567759453,0.7108423674511904,0.0911715276492659,0.6795917905751505,0.1164359513022708,0.7160220113969799,0.09800146924217565,0.6884068452475021,0.109159776113925,1.218310331261554,0.331726254738224,9,"throughput_2,data_quality_3,avg_p_latency_3,buffer_size_3,throughput_1,python_gc_objects_collected_total_1,python_gc_objects_collected_total_2,python_gc_objects_collected_total_3,throughput_3",4.0,padded,0.5264424715191126,0.2585366601124406,31.976879176683724,716.2,406.0,0.5716982640791525,1.0,,,False,30,,0.4585908321071487,0.5435893162413512,0.5303985854035616,0.3645213194061298,0.4793614217913632,0.4626884945921711,0.38819059504651954,0.489432037072946,0.48239305736107063,0.3899957631543186,0.5061030013953979,0.4793720534826182,1.9637810906311537,1.502873598133034,1.6558208493737072
throughput_3,8,16,markov,classic_quantile,aic,5,5,0.6134356503064271,0.02182797630787698,0.5429809665046914,0.020519177740356068,0.5607679118081365,0.02045861867205163,0.5624117822281235,0.038047560453446254,1.5542915448144803,0.21535690682813585,0.729107797899375,0.08295972902620391,0.6580945864538875,0.09372102389863998,0.6581106029653487,0.09372985966144057,0.6580866627791396,0.09371348325178391,0.07806200922852749,0.02744228430865229,0.009286613895198378,0.0031566117200449934,0.005039621693411438,0.0018360829253813375,0.06428571428571428,0.003992978531249623,2.7732404786641114,0.0030439285360163012,0.7284657897155243,0.05909707359069915,0.674005594235996,0.10234503727682903,0.7028827308417716,0.09041994075237876,0.6834763136722979,0.10528220764747026,1.3012245050416589,0.27743405247716907,9,"cores_2,throughput_2,cores_1,buffer_size_3,throughput_1,python_gc_objects_collected_total_1,python_gc_objects_collected_total_2,python_gc_objects_collected_total_3,throughput_3",4.0,padded,0.4575692035257816,0.25179137047380207,31.712608106434345,698.8,423.4,0.5699993124900409,1.0,,,False,30,,0.4769518557848138,0.5239856000685711,0.6134356503064271,0.3957465523990942,0.4545192010785552,0.5429809665046914,0.41556363066618307,0.4772034590360641,0.5607679118081365,0.40333355070127963,0.47705008598200027,0.5624117822281235,1.8138594437856512,1.5775334598315163,1.5542915448144803
throughput_3,8,18,markov,classic_quantile,aic,5,5,0.5245008357103061,0.029777755636576583,0.4278820584373898,0.03904197125672349,0.461727207863043,0.05755837589168163,0.45126157685265766,0.05150479340651777,1.7700830494858368,0.14763431018971734,0.7062853668950784,0.061494666791135515,0.597698310986563,0.055679960966242954,0.5976772566787962,0.0555982696389169,0.5977263027245675,0.055764256474589914,0.041342819002449196,0.026429381805942277,0.004434792559698056,0.0028130078983781763,0.002338765188367865,0.0015158095094833335,0.05620915032679739,0.0014614823382351578,2.891942858075035,0.0009991602450575802,0.6967624531393097,0.049008688584560554,0.6289499057324364,0.09505415776246995,0.6709228447659632,0.07279342654525688,0.6423571716151002,0.09840271472842847,1.3935479458430684,0.27499840747481863,9,"cores_1,throughput_2,buffer_size_3,throughput_1,python_gc_objects_collected_total_1,python_gc_objects_collected_total_2,python_gc_objects_collected_total_3,python_gc_collections_total_1,throughput_3",3.0,padded,0.4578672057017684,0.275514574162662,31.777496811933815,683.8,438.4,0.48393532367170927,1.0,,,False,30,,0.440220443394714,0.4781881991038137,0.5245008357103061,0.3416834722241366,0.406284202362024,0.4278820584373898,0.3703075536301422,0.4316951310031185,0.461727207863043,0.3558463617371248,0.4347156145564915,0.45126157685265766,2.054839713765498,1.841707721300056,1.7700830494858368
throughput_3,8,20,markov,classic_quantile,aic,5,5,0.5499843651538167,0.030838202514607324,0.4585710042378336,0.0336370622767921,0.4847595728492934,0.027833328904944447,0.473037804046642,0.03659761395106966,1.7485434899856163,0.2107617413343328,0.7052191814959612,0.07742253643754808,0.6116400563992828,0.08099577016343507,0.6117085768382102,0.08090875161968053,0.611590278364286,0.08108742624111032,0.05578259151146899,0.02770344607880877,0.00594181802896028,0.0025246361843327255,0.0031880392085056547,0.0014047387406919986,0.05179651617732113,0.004323075272940258,2.9950890958009166,0.0036145353408172,0.6924888215665335,0.06737724518382852,0.634588557432024,0.09524719927164643,0.6678644441552677,0.08555121138937441,0.6571744043854906,0.0859287575594136,1.560617330568547,0.48538168752841715,9,"cores_1,throughput_2,buffer_size_3,throughput_1,python_gc_objects_collected_total_1,python_gc_objects_collected_total_2,python_gc_objects_collected_total_3,python_gc_collections_total_1,throughput_3",3.0,padded,0.5095538364723324,0.293125113658607,31.51146291848272,657.0,465.2,0.4972903529054177,1.0,,,False,30,,0.39638636641412817,0.5054212440258221,0.5499843651538167,0.31211928547788237,0.41877617242229687,0.4585710042378336,0.33525839052125556,0.43116490622138137,0.4847595728492934,0.3447630213974718,0.44105767509372845,0.473037804046642,2.143520663461221,1.809213070961927,1.7485434899856163
throughput_3,8,10,markov,kmeans,bic,5,5,0.7166326192097497,0.07701348968832726,0.5687602056496595,0.08311722935660326,0.5982356689571263,0.05163450068527277,0.5864320914288648,0.08041622178236525,1.0213956985092925,0.1382121997968847,0.8438815370720457,0.020133412559480132,0.7190910592978726,0.055550814297618226,0.718940080948559,0.055834045865125394,0.7192704146562177,0.055266369764661115,0.22278989147670725,0.10084770006789665,0.03630499600370173,0.013262806072116754,0.0227246219462447,0.010010800409733863,0.10222222222222221,0.004969039949999527,1.9902911641689027,0.07565296109919907,0.8075183085469462,0.07153451029586369,0.691965497619124,0.08709549015088493,0.7006277592839611,0.10111537473062347,0.7091695772420343,0.07102944460830221,0.8275910156442974,0.16435022219879497,9,"throughput_2,throughput_1,buffer_size_3,python_gc_objects_collected_total_1,python_gc_objects_collected_total_2,python_gc_objects_collected_total_3,python_gc_collections_total_1,python_gc_collections_total_4,throughput_3",1.0,padded,0.41513094399124384,0.1869907531887293,29.63874578755349,877.8,244.4,0.6565416979775217,3.0,,,False,30,,0.46341001550786265,0.6699488732593337,0.7166326192097497,0.36095521661106206,0.48803114063868025,0.5687602056496595,0.3840484149913602,0.5112598885182214,0.5982356689571263,0.3857147611971548,0.5120377080224335,0.5864320914288648,1.991894959341091,1.0896397581215407,1.0213956985092925
throughput_3,8,12,markov,kmeans,bic,5,5,0.668141897736995,0.09602917543371005,0.5320549266443765,0.10660677797134285,0.5379424884926407,0.10536985531950747,0.548573601811752,0.0978573211211957,1.2855891648519655,0.22025395500491518,0.8360377648995323,0.01765139156100593,0.7115802790175823,0.049997131710459636,0.7114670847599877,0.050268454287658755,0.7117219252873972,0.04972284084953842,0.19694588755926562,0.10143113641248733,0.02704029824715775,0.011095891338608783,0.01663092248863269,0.008324069325799339,0.08484848484848484,0.0033879817840905936,2.2436103393438946,0.06718240780996969,0.8005653387754584,0.05394119641278048,0.6872869021213066,0.07484273566511428,0.7007451548574243,0.07516719345552171,0.7055866963634281,0.06617389158181816,1.017029862649933,0.20801308665758866,9,"throughput_2,throughput_1,buffer_size_3,python_gc_objects_collected_total_1,python_gc_objects_collected_total_2,python_gc_objects_collected_total_3,python_gc_collections_total_1,python_gc_collections_total_4,throughput_3",1.0,padded,0.40247304290533065,0.18714584037661552,29.338372150436044,862.8,259.4,0.6454103911642984,5.0,,,False,30,,0.4519932444766136,0.6825956384334677,0.668141897736995,0.3300739806909141,0.5197549434393337,0.5320549266443765,0.34949033845943495,0.5303963011410684,0.5379424884926407,0.34418775075208774,0.5359463219506005,0.548573601811752,2.18939679477153,1.202404683806607,1.2855891648519655
throughput_3,8,14,markov,kmeans,bic,5,5,0.7139594573359174,0.05706418871409354,0.528184866541926,0.06787129282808992,0.5268806947690423,0.06933023475586611,0.5445258602140114,0.0629037767991579,1.2087014946432542,0.15879277900186134,0.8269520938789181,0.02670836564148657,0.6620799984903682,0.04062197814599398,0.6618616148124109,0.0410022952400693,0.6623476870388662,0.04025453666477496,0.19694588755926562,0.10143113641248733,0.023450489892150508,0.009403608885195749,0.014411337270276037,0.0070608418319674906,0.0738095238095238,0.005323971374999499,2.3294845794232657,0.06987455822536819,0.8192674679857905,0.05253673623280008,0.6824227592424676,0.07503882189328893,0.6821273233475161,0.08045222977184069,0.7041343816391447,0.0616515788720751,0.989629278755461,0.20088142476081006,9,"throughput_2,throughput_1,buffer_size_3,python_gc_objects_collected_total_1,python_gc_objects_collected_total_2,python_gc_objects_collected_total_3,python_gc_collections_total_1,python_gc_collections_total_4,throughput_3",1.0,padded,0.396902309730649,0.17782980278134347,28.355173937045038,850.6,271.6,0.6439388020388662,3.0,,,False,30,,0.47838343626935115,0.6993571459183527,0.7139594573359174,0.3493324331383974,0.5267728120275185,0.528184866541926,0.37379672636627465,0.5399270894731127,0.5268806947690423,0.3644488919159915,0.5380377830980737,0.5445258602140114,2.147448246723688,1.1822936758281664,1.2087014946432542
throughput_3,8,16,markov,kmeans,bic,5,5,0.6604912992477814,0.0263887109547678,0.46283249159108203,0.052637521224934265,0.464988652614744,0.05466131270771325,0.48159657627159513,0.048466365310998225,1.4091267688813494,0.10983588958488728,0.8101996339699971,0.03491635307156211,0.6266778050892817,0.059836541741147074,0.6265853570443423,0.060031053779734625,0.6267902833305504,0.05965046680270489,0.13936251097216998,0.09876428886372066,0.014811788890992533,0.009113647105057715,0.00879756952317321,0.006054065759571337,0.06538461538461539,0.006450196088941704,2.4531347814744526,0.04538780166623037,0.7589032934786397,0.026826219642378437,0.5795182958112136,0.04598430370597522,0.5837796186453078,0.05631917859929042,0.6095383683341626,0.039207740313633055,1.1840810895567722,0.20354687914878197,9,"throughput_2,throughput_1,buffer_size_3,python_gc_objects_collected_total_1,python_gc_objects_collected_total_2,python_gc_objects_collected_total_3,python_gc_collections_total_1,python_gc_collections_total_4,throughput_3",1.0,padded,0.4268799666315317,0.1867870030924678,28.834967634640634,827.6,294.6,0.5458871027514097,3.0,,,False,30,,0.4806946951046265,0.6521332438099501,0.6604912992477814,0.32422611561885606,0.4590719468614962,0.46283249159108203,0.3592475393905878,0.4777751513232965,0.464988652614744,0.34585322191640816,0.47031282699757126,0.48159657627159513,2.3213947315917345,1.3261151131511109,1.4091267688813494
throughput_3,8,18,markov,kmeans,bic,5,5,0.6350161824626233,0.07137094074824994,0.4302024971840287,0.051229753467038855,0.4410523912449734,0.054100849997746704,0.4518317511575676,0.040899157072945995,1.604424537871616,0.10636825437697661,0.8112675653925457,0.022094576265623382,0.6187897149582797,0.05005928383542189,0.6187600522982335,0.05036461706585883,0.6188579136719439,0.0497489249995223,0.11264533660950822,0.09945730463534223,0.010787005009317698,0.008159371026082373,0.006325414323423856,0.005457348510016636,0.057777777777777775,0.004969039949999534,2.579336931801359,0.042010088314061216,0.7998551794728785,0.053614173204150524,0.6552258729626911,0.08495793249024969,0.6594841223119191,0.08738875420254734,0.6763758604410215,0.0760180038282649,1.1679672036306974,0.2591770187553628,9,"throughput_2,throughput_1,buffer_size_3,python_gc_objects_collected_total_1,python_gc_objects_collected_total_2,python_gc_objects_collected_total_3,python_gc_collections_total_1,python_gc_collections_total_4,throughput_3",1.0,padded,0.44464709777385,0.20392766650766134,28.894775702618062,814.8,307.4,0.4884241303246088,3.0,,,False,30,,0.40797218425944,0.6118493086540858,0.6350161824626233,0.27967896043056417,0.45177689550351213,0.4302024971840287,0.30791451445702933,0.48310935103007885,0.4410523912449734,0.30044949385891295,0.45384956060639625,0.4518317511575676,2.484028695558879,1.6081440724682359,1.604424537871616
throughput_3,8,20,markov,kmeans,bic,5,5,0.6453370856964173,0.09363202658544023,0.40705715619214755,0.05003246798695968,0.42001944296165067,0.05399844573147614,0.42578656034898754,0.04796584828300525,1.5645107247714705,0.22766882690781545,0.8018264992388925,0.030271273209187464,0.5821745544493571,0.03570734725955415,0.5821273802377998,0.03589858818844752,0.5822551971823944,0.03551771730225865,0.10337617439916953,0.09989120332196658,0.009056227972247224,0.0072889673845021475,0.005287253226947876,0.004915743879590737,0.05302631578947368,0.005417154960589184,2.625955140505276,0.07656364205843783,0.7980743940195776,0.06293558191291924,0.634041127213551,0.08397402468254128,0.6400423677499487,0.08455061355737001,0.6576315275566725,0.07492750479390861,1.1749921473563236,0.3248148425119265,9,"throughput_2,throughput_1,buffer_size_3,python_gc_objects_collected_total_1,python_gc_objects_collected_total_2,python_gc_objects_collected_total_3,python_gc_collections_total_1,python_gc_collections_total_4,throughput_3",1.0,padded,0.4570599883794785,0.2410246217623353,30.188273278065026,789.6,332.6,0.4507974496131722,2.0,,,False,30,,0.3644814389772747,0.6096845570576648,0.6453370856964173,0.22716122401978628,0.4029859019870182,0.40705715619214755,0.2756969694544333,0.4238475944101455,0.42001944296165067,0.24786482185571018,0.4155784725096847,0.42578656034898754,2.766953113469895,1.6174702723721244,1.5645107247714705
throughput_3,8,10,markov,kmeans,aic,5,5,0.6747461520024508,0.11032758737904667,0.5043322593006854,0.0903274558967186,0.5098944309011015,0.0911578601284357,0.5190970784937654,0.08214210631784973,1.2034712765586804,0.3079241079832382,0.8438815370720457,0.020133412559480132,0.7190910592978726,0.055550814297618226,0.718940080948559,0.055834045865125394,0.7192704146562177,0.055266369764661115,0.22278989147670725,0.10084770006789665,0.03630499600370173,0.013262806072116754,0.0227246219462447,0.010010800409733863,0.10222222222222221,0.004969039949999527,1.9902911641689027,0.07565296109919907,0.7918490127169535,0.10235607203790074,0.7047782647508228,0.1004789130436947,0.7185535435023288,0.08702720650018583,0.7206456353862869,0.10093566597022063,0.9995796202472924,0.4644886392025976,9,"avg_p_latency_3,throughput_2,buffer_size_3,throughput_1,python_gc_objects_collected_total_1,python_gc_objects_collected_total_2,python_gc_objects_collected_total_3,python_gc_collections_total_1,throughput_3",3.0,padded,0.46853635292500256,0.217143664509058,29.613254042342305,869.8,252.4,0.5849616595802667,5.0,,,False,30,,0.44772485210387886,0.6462477162807161,0.6747461520024508,0.3726127131660317,0.48990541015435357,0.5043322593006854,0.4212632776343564,0.5027146937151893,0.5098944309011015,0.38828955900821327,0.5061249454656748,0.5190970784937654,2.231185264040295,1.1837311667931776,1.2034712765586804
throughput_3,8,12,markov,kmeans,aic,5,5,0.7004285693877649,0.0815711133220408,0.5570255630546125,0.056501963870422715,0.562492704790651,0.05823717539533474,0.5736651734095483,0.06413531360289532,1.1788633825736403,0.20222460243668658,0.8360377648995323,0.01765139156100593,0.7115802790175823,0.049997131710459636,0.7114670847599877,0.050268454287658755,0.7117219252873972,0.04972284084953842,0.19694588755926562,0.10143113641248733,0.02704029824715775,0.011095891338608783,0.01663092248863269,0.008324069325799339,0.08484848484848484,0.0033879817840905936,2.2436103393438946,0.06718240780996969,0.8067940474643732,0.05740070068257651,0.7017257810994919,0.0987731638349195,0.715648944189127,0.0986455276437753,0.7267149443676423,0.09191382918397199,1.0196871906114704,0.240834227529718,9,"throughput_2,buffer_size_3,throughput_1,python_gc_objects_collected_total_1,python_gc_objects_collected_total_2,python_gc_objects_collected_total_3,python_gc_collections_total_1,python_gc_collections_total_4,throughput_3",2.0,padded,0.3976868957281113,0.1891151500865817,27.888962550088763,852.2,270.0,0.6294503917391744,3.0,,,False,30,,0.4562727479075496,0.6898859211781533,0.7004285693877649,0.3452981600874215,0.5251062471499754,0.5570255630546125,0.37707165373110163,0.5342806476185503,0.562492704790651,0.35671893230463064,0.5346016814900828,0.5736651734095483,2.140328484310123,1.1677323536917166,1.1788633825736403
throughput_3,8,14,markov,kmeans,aic,5,5,0.7177027728439388,0.06063472398441576,0.533335058929079,0.06372310923942438,0.5302514750781707,0.0615631350457129,0.5530384406406708,0.06865834630360414,1.1951828884764848,0.1780076205146805,0.8269520938789181,0.02670836564148657,0.6620799984903682,0.04062197814599398,0.6618616148124109,0.0410022952400693,0.6623476870388662,0.04025453666477496,0.19694588755926562,0.10143113641248733,0.023450489892150508,0.009403608885195749,0.014411337270276037,0.0070608418319674906,0.0738095238095238,0.005323971374999499,2.3294845794232657,0.06987455822536819,0.8214046006661111,0.05671774298015461,0.6871134144949202,0.07475527104582601,0.686648641842674,0.0735883613736624,0.7110317420690129,0.06845195155398401,1.0117261637635842,0.221903150851966,9,"throughput_2,throughput_1,buffer_size_3,python_gc_objects_collected_total_1,python_gc_objects_collected_total_2,python_gc_objects_collected_total_3,python_gc_collections_total_1,python_gc_collections_total_4,throughput_3",1.0,padded,0.3879845518618822,0.18935919422656297,27.421692854724824,838.4,283.8,0.6381292492489933,3.0,,,False,30,,0.48373039493462733,0.676539794254948,0.7177027728439388,0.36150178823007945,0.5007533120148073,0.533335058929079,0.3803243266002936,0.5142919768534673,0.5302514750781707,0.3747605239462017,0.5131577433934784,0.5530384406406708,2.155714783822963,1.2252248541602324,1.1951828884764848
throughput_3,8,16,markov,kmeans,aic,5,5,0.6014972944573279,0.1529653574922904,0.41616020436665807,0.12019502680218941,0.4196664989383989,0.11846685853221836,0.44590296763344667,0.1087801889258618,1.4326264615967514,0.25759183174741834,0.8101996339699971,0.03491635307156211,0.6266778050892817,0.059836541741147074,0.6265853570443423,0.060031053779734625,0.6267902833305504,0.05965046680270489,0.13936251097216998,0.09876428886372066,0.014811788890992533,0.009113647105057715,0.00879756952317321,0.006054065759571337,0.06538461538461539,0.006450196088941704,2.4531347814744526,0.04538780166623037,0.7605061429888802,0.02966285866964805,0.5925680270960865,0.035749379631895735,0.6082837621259791,0.059874497580042284,0.6200631014982664,0.04331583800876903,1.2139734519103795,0.2359593106955712,9,"throughput_2,throughput_1,buffer_size_3,python_gc_objects_collected_total_1,python_gc_objects_collected_total_2,python_gc_objects_collected_total_3,python_gc_collections_total_1,python_gc_collections_total_4,throughput_3",1.0,padded,0.40994753055274485,0.2200071567669511,28.14724006317556,798.0,324.2,0.572710034303843,3.0,,,False,30,,0.39478351690388774,0.5583955949416113,0.6014972944573279,0.25693496952733436,0.3908592104819667,0.41616020436665807,0.2904900208725711,0.4011649756049672,0.4196664989383989,0.2716389661687254,0.4135989704857552,0.44590296763344667,2.5390908404678934,1.5680055840979328,1.4326264615967514
throughput_3,8,18,markov,kmeans,aic,5,5,0.552996414302789,0.15168313618255078,0.3810344920973724,0.12793845238195767,0.39436701794050844,0.1227000007712433,0.40398026031532186,0.11247763636002629,1.725673251425166,0.456845967678095,0.8112675653925457,0.022094576265623382,0.6187897149582797,0.05005928383542189,0.6187600522982335,0.05036461706585883,0.6188579136719439,0.0497489249995223,0.11264533660950822,0.09945730463534223,0.010787005009317698,0.008159371026082373,0.006325414323423856,0.005457348510016636,0.057777777777777775,0.004969039949999534,2.579336931801359,0.042010088314061216,0.7993208963027985,0.054382585147055906,0.6557581718782414,0.08020133216059289,0.6616264927185718,0.0777637779058958,0.6812821274628403,0.07916124271716907,1.1826224303368107,0.27407437510570665,9,"throughput_2,throughput_1,buffer_size_3,python_gc_objects_collected_total_1,python_gc_objects_collected_total_2,python_gc_objects_collected_total_3,python_gc_collections_total_1,python_gc_collections_total_4,throughput_3",1.0,padded,0.40938020031899214,0.24098305348306895,28.09177968557924,776.4,345.8,0.5451643370422463,5.0,,,False,30,,0.26608809799318417,0.5496256367033172,0.552996414302789,0.14791280956084082,0.36696859317038716,0.3810344920973724,0.1779012548631552,0.3905125596230217,0.39436701794050844,0.17636287255496008,0.38715210119876126,0.40398026031532186,3.0171366886733137,1.8111174625019557,1.725673251425166
throughput_3,8,20,markov,kmeans,aic,5,5,0.6399894921135296,0.08802845946222583,0.42107375618269954,0.05491355612819786,0.42551763327813835,0.04772244272637529,0.445591511881526,0.05198207599852058,1.5002426295268236,0.22097355975206154,0.8018264992388925,0.030271273209187464,0.5821745544493571,0.03570734725955415,0.5821273802377998,0.03589858818844752,0.5822551971823944,0.03551771730225865,0.10337617439916953,0.09989120332196658,0.009056227972247224,0.0072889673845021475,0.005287253226947876,0.004915743879590737,0.05302631578947368,0.005417154960589184,2.625955140505276,0.07656364205843783,0.800389621089925,0.06297183182987068,0.6280399304426002,0.06653030984867038,0.634173004113541,0.06423138926586372,0.6549100879284449,0.06441450307421587,1.2323045815933649,0.4207086268346933,9,"throughput_2,throughput_1,buffer_size_3,python_gc_objects_collected_total_1,python_gc_objects_collected_total_2,python_gc_objects_collected_total_3,python_gc_collections_total_1,python_gc_collections_total_4,throughput_3",1.0,padded,0.4168587109073997,0.2371478581801057,28.386057005263865,766.0,356.2,0.47187145597899643,3.0,,,False,30,,0.3632373179175338,0.6335704750612299,0.6399894921135296,0.2369174193922461,0.44486150498659055,0.42107375618269954,0.26056267439094516,0.45407497092095106,0.42551763327813835,0.2611659213299443,0.45692838204375874,0.445591511881526,2.511775435939577,1.54627582200921,1.5002426295268236
throughput_3,8,10,markov,fixed,bic,5,5,0.6328692085593243,0.030388015385626826,0.44267520104668423,0.04030197463545234,0.42066024239841726,0.052048022186215064,0.4992005264239053,0.032064405550317844,0.8971116811406062,0.11173016966465253,0.9014480883424364,0.027202521841161776,0.8687204479088372,0.03230982188348073,0.8687190895955791,0.03213260522855243,0.8687300995176622,0.032498931048512376,0.39371288708149005,0.10157443242011968,0.1396706141474087,0.0270229532522992,0.09842822177037251,0.02539360810502992,0.25,0.0,1.267152534905198,0.0466768380115378,0.6504740733229182,0.06542293412973182,0.5134745298862635,0.046645456199396855,0.5098096657989794,0.043489121667271716,0.5590326137422696,0.05207556897746193,0.8149424011059023,0.1500254846970195,7,"buffer_size_3,python_gc_objects_collected_total_1,python_gc_objects_collected_total_2,python_gc_objects_collected_total_3,python_gc_collections_total_1,python_gc_collections_total_4,throughput_3",1.0,padded,0.21871557347476484,0.11727670356631278,23.479265403933823,989.2,133.0,0.47903160286939767,4.0,,,False,30,,,,0.6328692085593243,,,0.44267520104668423,,,0.42066024239841726,,,0.4992005264239053,,,0.8971116811406062
throughput_3,8,12,markov,fixed,bic,5,5,0.6063237794105742,0.07527129785131573,0.36508938530802204,0.05290624236268241,0.35264414590103427,0.060668927270902784,0.4152211713213852,0.0457731885018397,0.9880006021248701,0.15517675708813808,0.9014480883424364,0.027202521841161776,0.8687204479088372,0.03230982188348073,0.8687190895955791,0.03213260522855243,0.8687300995176622,0.032498931048512376,0.39371288708149005,0.10157443242011968,0.1396706141474087,0.0270229532522992,0.09842822177037251,0.02539360810502992,0.25,0.0,1.267152534905198,0.0466768380115378,0.6486842563925428,0.05134774453205129,0.5218956338324809,0.05826599925935203,0.5277968478380353,0.08032395201164935,0.5715353349058993,0.0657042446009394,0.7865644814712693,0.143581306439931,7,"buffer_size_3,python_gc_objects_collected_total_1,python_gc_objects_collected_total_2,python_gc_objects_collected_total_3,python_gc_collections_total_1,python_gc_collections_total_4,throughput_3",1.0,padded,0.2218610554933548,0.11820968054234982,23.27733046002686,958.6,163.6,0.42543159772830075,2.0,,,False,30,,,,0.6063237794105742,,,0.36508938530802204,,,0.35264414590103427,,,0.4152211713213852,,,0.9880006021248701
throughput_3,8,14,markov,fixed,bic,5,5,0.6022301481104058,0.07625527038942792,0.4333834077843332,0.09471495744820975,0.4320861285773775,0.110013033673628,0.4762931569668957,0.08483113465128128,0.936051916378663,0.17146209657198952,0.9014480883424364,0.027202521841161776,0.8687204479088372,0.03230982188348073,0.8687190895955791,0.03213260522855243,0.8687300995176622,0.032498931048512376,0.39371288708149005,0.10157443242011968,0.1396706141474087,0.0270229532522992,0.09842822177037251,0.02539360810502992,0.25,0.0,1.267152534905198,0.0466768380115378,0.6534891606430412,0.05905119333605779,0.5253913952869556,0.08653098077267571,0.52843298787997,0.09015089450539118,0.569097648434604,0.07429754354811091,0.7842432474236267,0.16985674068814424,7,"buffer_size_3,python_gc_objects_collected_total_1,python_gc_objects_collected_total_2,python_gc_objects_collected_total_3,python_gc_collections_total_1,python_gc_collections_total_4,throughput_3",1.0,padded,0.23024793788790704,0.1237688809633255,23.779558691196144,935.2,187.0,0.5436429708443544,4.0,,,False,30,,,,0.6022301481104058,,,0.4333834077843332,,,0.4320861285773775,,,0.4762931569668957,,,0.936051916378663
throughput_3,8,16,markov,fixed,bic,5,5,0.6298508102342371,0.07328526206527068,0.46319512402600305,0.09714002425856436,0.4606054164449618,0.12612518085078456,0.5081040556895099,0.09074748098188411,0.9207892466616325,0.1974258047658964,0.9014480883424364,0.027202521841161776,0.8687204479088372,0.03230982188348073,0.8687190895955791,0.03213260522855243,0.8687300995176622,0.032498931048512376,0.39371288708149005,0.10157443242011968,0.1396706141474087,0.0270229532522992,0.09842822177037251,0.02539360810502992,0.25,0.0,1.267152534905198,0.0466768380115378,0.6746789072229634,0.04340873347470246,0.5711130582504858,0.05060783061815435,0.5920244044023455,0.06612395389255094,0.6014674296941628,0.05032140948956104,0.7762384339587154,0.1590509262591236,7,"buffer_size_3,python_gc_objects_collected_total_1,python_gc_objects_collected_total_2,python_gc_objects_collected_total_3,python_gc_collections_total_1,python_gc_collections_total_4,throughput_3",1.0,padded,0.24509251099079848,0.13345986157655715,24.906278014183044,917.6,204.6,0.5347365907771691,2.0,,,False,30,,,,0.6298508102342371,,,0.46319512402600305,,,0.4606054164449618,,,0.5081040556895099,,,0.9207892466616325
throughput_3,8,18,markov,fixed,bic,5,5,0.6417940866948253,0.07877826801561913,0.5091984112338431,0.0926933083274106,0.5184406077937852,0.0961013360617604,0.5272128704045149,0.0879537994057872,0.9252461460049666,0.19664748031724902,0.9014480883424364,0.027202521841161776,0.8687204479088372,0.03230982188348073,0.8687190895955791,0.03213260522855243,0.8687300995176622,0.032498931048512376,0.39371288708149005,0.10157443242011968,0.1396706141474087,0.0270229532522992,0.09842822177037251,0.02539360810502992,0.25,0.0,1.267152534905198,0.0466768380115378,0.6714763771418069,0.04763662094447045,0.5842672025778455,0.05410692739941404,0.6046969246705116,0.05410589284460846,0.6111548047550694,0.05933425904742615,0.7981056553004267,0.24955780359900223,7,"buffer_size_3,python_gc_objects_collected_total_1,python_gc_objects_collected_total_2,python_gc_objects_collected_total_3,python_gc_collections_total_1,python_gc_collections_total_4,throughput_3",1.0,padded,0.32367680706083773,0.1296367237344384,25.15094632189721,908.0,214.2,0.6400156249385426,2.0,,,False,30,,,,0.6417940866948253,,,0.5091984112338431,,,0.5184406077937852,,,0.5272128704045149,,,0.9252461460049666
throughput_3,8,20,markov,fixed,bic,5,5,0.6433758251944832,0.05348069298106902,0.47876881792924175,0.11888730085010789,0.5038980335325206,0.1202435740172406,0.49495698055761583,0.10178879663460298,0.8983581814817464,0.1706839059225125,0.9014480883424364,0.027202521841161776,0.8687204479088372,0.03230982188348073,0.8687190895955791,0.03213260522855243,0.8687300995176622,0.032498931048512376,0.39371288708149005,0.10157443242011968,0.1396706141474087,0.0270229532522992,0.09842822177037251,0.02539360810502992,0.25,0.0,1.267152534905198,0.0466768380115378,0.6987175302554481,0.009862819683627972,0.6035386078201381,0.06458741635476452,0.61967545744814,0.0674469012594309,0.6135501061873001,0.07698327176213592,0.7944863361889115,0.26420086826503203,7,"buffer_size_3,python_gc_objects_collected_total_1,python_gc_objects_collected_total_2,python_gc_objects_collected_total_3,python_gc_collections_total_1,python_gc_collections_total_4,throughput_3",1.0,padded,0.3274239104241133,0.13674223702400923,25.450846061110497,890.6,231.6,0.6149851079134061,5.0,,,False,30,,,,0.6433758251944832,,,0.47876881792924175,,,0.5038980335325206,,,0.49495698055761583,,,0.8983581814817464
throughput_3,8,10,markov,fixed,aic,5,5,0.606133462856526,0.08819954278130976,0.4920106678432051,0.08286322581268281,0.5126105251438472,0.09015508943913353,0.523470715108503,0.05924626100091619,1.0803549361561995,0.2090533080722299,0.9014480883424364,0.027202521841161776,0.8687204479088372,0.03230982188348073,0.8687190895955791,0.03213260522855243,0.8687300995176622,0.032498931048512376,0.39371288708149005,0.10157443242011968,0.1396706141474087,0.0270229532522992,0.09842822177037251,0.02539360810502992,0.25,0.0,1.267152534905198,0.0466768380115378,0.6577505917994189,0.07998047420366321,0.5549963385605391,0.09193679042812501,0.5767490080768727,0.06396605646977832,0.5964622487716779,0.074199240875328,0.9937617644905007,0.353552066562672,7,"avg_p_latency_3,buffer_size_3,python_gc_objects_collected_total_1,python_gc_objects_collected_total_2,python_gc_objects_collected_total_3,python_gc_collections_total_1,throughput_3",2.0,padded,0.3940242363139987,0.14090721737593412,24.555886392481625,921.0,201.2,0.6281822858540598,2.0,,,False,30,,,,0.606133462856526,,,0.4920106678432051,,,0.5126105251438472,,,0.523470715108503,,,1.0803549361561995
throughput_3,8,12,markov,fixed,aic,5,5,0.5973982663574618,0.06032220926106145,0.45749194254911074,0.05471678249086215,0.4570946970295996,0.060438172096514226,0.4827808299832901,0.05065490341317261,1.152991099015289,0.1849502883220322,0.9014480883424364,0.027202521841161776,0.8687204479088372,0.03230982188348073,0.8687190895955791,0.03213260522855243,0.8687300995176622,0.032498931048512376,0.39371288708149005,0.10157443242011968,0.1396706141474087,0.0270229532522992,0.09842822177037251,0.02539360810502992,0.25,0.0,1.267152534905198,0.0466768380115378,0.6636487801168072,0.04544847223273504,0.5344195218054361,0.07989079846088744,0.534964328957353,0.08947993172229557,0.5673207235978632,0.07114380013893151,1.1157617764011687,0.1442282940629542,7,"buffer_size_3,python_gc_objects_collected_total_1,python_gc_objects_collected_total_2,python_gc_objects_collected_total_3,python_gc_collections_total_1,python_gc_collections_total_4,throughput_3",1.0,padded,0.5137749558314681,0.13219146188348532,24.735613392665982,958.6,163.6,0.5248057028719596,5.0,,,False,30,,,,0.5973982663574618,,,0.45749194254911074,,,0.4570946970295996,,,0.4827808299832901,,,1.152991099015289
throughput_3,8,14,markov,fixed,aic,5,5,0.587253394031457,0.06438691635298044,0.4571819499332648,0.04138719861603344,0.45076928619874324,0.04166687024733968,0.4802165172561049,0.05179012899694138,1.112897735661274,0.08020997757346802,0.9014480883424364,0.027202521841161776,0.8687204479088372,0.03230982188348073,0.8687190895955791,0.03213260522855243,0.8687300995176622,0.032498931048512376,0.39371288708149005,0.10157443242011968,0.1396706141474087,0.0270229532522992,0.09842822177037251,0.02539360810502992,0.25,0.0,1.267152534905198,0.0466768380115378,0.652954877472961,0.02175221014840107,0.5227979322133101,0.06339903453153928,0.5146020329966813,0.0726959983444724,0.5495698829406814,0.05940765514997967,1.158259190408766,0.27485719532793124,7,"buffer_size_3,python_gc_objects_collected_total_1,python_gc_objects_collected_total_2,python_gc_objects_collected_total_3,python_gc_collections_total_1,python_gc_collections_total_4,throughput_3",1.0,padded,0.40433172453194854,0.14214154034852983,23.461540748365223,935.2,187.0,0.5098807820824736,4.0,,,False,30,,,,0.587253394031457,,,0.4571819499332648,,,0.45076928619874324,,,0.4802165172561049,,,1.112897735661274
throughput_3,8,16,markov,fixed,aic,5,5,0.6152359591938451,0.08102193020091408,0.43574963857303717,0.08698545916930592,0.4563535626864347,0.1210507844520766,0.4747851360792185,0.07462085834175805,1.0354408668718122,0.241602844983083,0.9014480883424364,0.027202521841161776,0.8687204479088372,0.03230982188348073,0.8687190895955791,0.03213260522855243,0.8687300995176622,0.032498931048512376,0.39371288708149005,0.10157443242011968,0.1396706141474087,0.0270229532522992,0.09842822177037251,0.02539360810502992,0.25,0.0,1.267152534905198,0.0466768380115378,0.6864331369647265,0.03102809396158584,0.5783248843662683,0.05913647153819032,0.5879962326594468,0.07467973538257205,0.6057210952297887,0.05083642965211564,1.0102210693583897,0.3007341385251637,7,"buffer_size_3,python_gc_objects_collected_total_1,python_gc_objects_collected_total_2,python_gc_objects_collected_total_3,python_gc_collections_total_1,python_gc_collections_total_4,throughput_3",1.0,padded,0.42093639858067033,0.14344645775854586,23.70080456044525,917.6,204.6,0.5275298026775936,1.0,,,False,30,,,,0.6152359591938451,,,0.43574963857303717,,,0.4563535626864347,,,0.4747851360792185,,,1.0354408668718122
throughput_3,8,18,markov,fixed,aic,5,5,0.6474915198816513,0.056261377411597896,0.515048571441634,0.08203681433153073,0.5378293807257524,0.08788050680810451,0.5331419192333566,0.07554995409890464,1.0134670347385555,0.22685966886297887,0.9014480883424364,0.027202521841161776,0.8687204479088372,0.03230982188348073,0.8687190895955791,0.03213260522855243,0.8687300995176622,0.032498931048512376,0.39371288708149005,0.10157443242011968,0.1396706141474087,0.0270229532522992,0.09842822177037251,0.02539360810502992,0.25,0.0,1.267152534905198,0.0466768380115378,0.6789563415229287,0.03889830410719385,0.5739736781848169,0.09860364638450954,0.5823611485724752,0.11088018158617505,0.6033677946851507,0.09121221950481241,1.0143820608717324,0.3410752423868889,7,"buffer_size_3,python_gc_objects_collected_total_1,python_gc_objects_collected_total_2,python_gc_objects_collected_total_3,python_gc_collections_total_1,python_gc_collections_total_4,throughput_3",1.0,padded,0.5282480161637068,0.14405744820833205,24.224644779227674,908.0,214.2,0.6400156249385426,2.0,,,False,30,,,,0.6474915198816513,,,0.515048571441634,,,0.5378293807257524,,,0.5331419192333566,,,1.0134670347385555
throughput_3,8,20,markov,fixed,aic,5,5,0.6606663777791535,0.03191002502715268,0.52527203765836,0.09158808008511443,0.5647841263965188,0.055431113573166615,0.5404659284594604,0.09197301371302291,0.8840970649160255,0.1681173639154039,0.9014480883424364,0.027202521841161776,0.8687204479088372,0.03230982188348073,0.8687190895955791,0.03213260522855243,0.8687300995176622,0.032498931048512376,0.39371288708149005,0.10157443242011968,0.1396706141474087,0.0270229532522992,0.09842822177037251,0.02539360810502992,0.25,0.0,1.267152534905198,0.0466768380115378,0.6809080912527767,0.047543746891888505,0.5908234549894006,0.060869520041482605,0.5994067439809706,0.06468547796605462,0.6133881722221286,0.06913380274731044,1.0208372499370102,0.5901972175281176,7,"buffer_size_3,python_gc_objects_collected_total_1,python_gc_objects_collected_total_2,python_gc_objects_collected_total_3,python_gc_collections_total_1,python_gc_collections_total_4,throughput_3",1.0,padded,0.670929211936891,0.13816038928925992,25.049526640214026,890.6,231.6,0.6149851079134061,5.0,,,False,30,,,,0.6606663777791535,,,0.52527203765836,,,0.5647841263965188,,,0.5404659284594604,,,0.8840970649160255
throughput_3,8,10,markov,decision_tree,bic,5,0,,0.0,,0.0,,0.0,,0.0,,0.0,,0.0,,0.0,,0.0,,0.0,,0.0,,0.0,,0.0,,0.0,,0.0,,0.0,,0.0,,0.0,,0.0,,0.0,0,,,,,,18.773316589184105,,,,,,,False,30,"Unknown label type: continuous. Maybe you are trying to fit a classifier, which expects discrete classes on a regression target with continuous values.",,,,,,,,,,,,,,,
throughput_3,8,12,markov,decision_tree,bic,5,0,,0.0,,0.0,,0.0,,0.0,,0.0,,0.0,,0.0,,0.0,,0.0,,0.0,,0.0,,0.0,,0.0,,0.0,,0.0,,0.0,,0.0,,0.0,,0.0,0,,,,,,18.840035075321794,,,,,,,False,30,"Unknown label type: continuous. Maybe you are trying to fit a classifier, which expects discrete classes on a regression target with continuous values.",,,,,,,,,,,,,,,
throughput_3,8,14,markov,decision_tree,bic,5,0,,0.0,,0.0,,0.0,,0.0,,0.0,,0.0,,0.0,,0.0,,0.0,,0.0,,0.0,,0.0,,0.0,,0.0,,0.0,,0.0,,0.0,,0.0,,0.0,0,,,,,,18.801708683371544,,,,,,,False,30,"Unknown label type: continuous. Maybe you are trying to fit a classifier, which expects discrete classes on a regression target with continuous values.",,,,,,,,,,,,,,,
throughput_3,8,16,markov,decision_tree,bic,5,0,,0.0,,0.0,,0.0,,0.0,,0.0,,0.0,,0.0,,0.0,,0.0,,0.0,,0.0,,0.0,,0.0,,0.0,,0.0,,0.0,,0.0,,0.0,,0.0,0,,,,,,19.05145664419979,,,,,,,False,30,"Unknown label type: continuous. Maybe you are trying to fit a classifier, which expects discrete classes on a regression target with continuous values.",,,,,,,,,,,,,,,
throughput_3,8,18,markov,decision_tree,bic,5,0,,0.0,,0.0,,0.0,,0.0,,0.0,,0.0,,0.0,,0.0,,0.0,,0.0,,0.0,,0.0,,0.0,,0.0,,0.0,,0.0,,0.0,,0.0,,0.0,0,,,,,,19.209255321882665,,,,,,,False,30,"Unknown label type: continuous. Maybe you are trying to fit a classifier, which expects discrete classes on a regression target with continuous values.",,,,,,,,,,,,,,,
throughput_3,8,20,markov,decision_tree,bic,5,0,,0.0,,0.0,,0.0,,0.0,,0.0,,0.0,,0.0,,0.0,,0.0,,0.0,,0.0,,0.0,,0.0,,0.0,,0.0,,0.0,,0.0,,0.0,,0.0,0,,,,,,19.428841590881348,,,,,,,False,30,"Unknown label type: continuous. Maybe you are trying to fit a classifier, which expects discrete classes on a regression target with continuous values.",,,,,,,,,,,,,,,
throughput_3,8,10,markov,decision_tree,aic,5,0,,0.0,,0.0,,0.0,,0.0,,0.0,,0.0,,0.0,,0.0,,0.0,,0.0,,0.0,,0.0,,0.0,,0.0,,0.0,,0.0,,0.0,,0.0,,0.0,0,,,,,,18.47141843289137,,,,,,,False,30,"Unknown label type: continuous. Maybe you are trying to fit a classifier, which expects discrete classes on a regression target with continuous values.",,,,,,,,,,,,,,,
throughput_3,8,12,markov,decision_tree,aic,5,0,,0.0,,0.0,,0.0,,0.0,,0.0,,0.0,,0.0,,0.0,,0.0,,0.0,,0.0,,0.0,,0.0,,0.0,,0.0,,0.0,,0.0,,0.0,,0.0,0,,,,,,17.842789496295154,,,,,,,False,30,"Unknown label type: continuous. Maybe you are trying to fit a classifier, which expects discrete classes on a regression target with continuous values.",,,,,,,,,,,,,,,
throughput_3,8,14,markov,decision_tree,aic,5,0,,0.0,,0.0,,0.0,,0.0,,0.0,,0.0,,0.0,,0.0,,0.0,,0.0,,0.0,,0.0,,0.0,,0.0,,0.0,,0.0,,0.0,,0.0,,0.0,0,,,,,,17.330881577916443,,,,,,,False,30,"Unknown label type: continuous. Maybe you are trying to fit a classifier, which expects discrete classes on a regression target with continuous values.",,,,,,,,,,,,,,,
throughput_3,8,16,markov,decision_tree,aic,5,0,,0.0,,0.0,,0.0,,0.0,,0.0,,0.0,,0.0,,0.0,,0.0,,0.0,,0.0,,0.0,,0.0,,0.0,,0.0,,0.0,,0.0,,0.0,,0.0,0,,,,,,17.39233590196818,,,,,,,False,30,"Unknown label type: continuous. Maybe you are trying to fit a classifier, which expects discrete classes on a regression target with continuous values.",,,,,,,,,,,,,,,
throughput_3,8,18,markov,decision_tree,aic,5,0,,0.0,,0.0,,0.0,,0.0,,0.0,,0.0,,0.0,,0.0,,0.0,,0.0,,0.0,,0.0,,0.0,,0.0,,0.0,,0.0,,0.0,,0.0,,0.0,0,,,,,,17.1724602105096,,,,,,,False,30,"Unknown label type: continuous. Maybe you are trying to fit a classifier, which expects discrete classes on a regression target with continuous values.",,,,,,,,,,,,,,,
throughput_3,8,20,markov,decision_tree,aic,5,0,,0.0,,0.0,,0.0,,0.0,,0.0,,0.0,,0.0,,0.0,,0.0,,0.0,,0.0,,0.0,,0.0,,0.0,,0.0,,0.0,,0.0,,0.0,,0.0,0,,,,,,17.348837718367577,,,,,,,False,30,"Unknown label type: continuous. Maybe you are trying to fit a classifier, which expects discrete classes on a regression target with continuous values.",,,,,,,,,,,,,,,
throughput_3,8,10,markov,gmm,bic,5,5,0.6374895040182349,0.03306592278906571,0.5470236398974808,0.07804938525863328,0.5655236749885628,0.09802610408148224,0.5696422719653693,0.06361527796082402,1.3537511791687324,0.09049434942024914,0.8362204624422425,0.02873619654550135,0.7974233277142655,0.032251434224201604,0.7972143302186835,0.032522952099967244,0.7976509099968723,0.03197883534206169,0.10337585694036378,0.06535745277056243,0.018233256489532064,0.01065859418996251,0.010337585694036379,0.006535745277056242,0.1,0.0,2.2781810517198005,0.05804169167165739,0.7564014158820901,0.11183738994792736,0.6912942000382905,0.10656290216698827,0.7016997333068773,0.10893036437163563,0.7128575628501383,0.1131190760972646,1.2088420405173763,0.4443717943134672,9,"throughput_2,throughput_1,buffer_size_3,python_gc_objects_collected_total_1,python_gc_objects_collected_total_2,python_gc_objects_collected_total_3,python_gc_collections_total_1,python_gc_collections_total_4,throughput_3",1.0,padded,0.3790727000683546,0.23233591262251138,31.2256339751184,865.0,257.2,0.6635422093807973,5.0,,,False,30,,0.48710180745171056,0.6572749653573078,0.6374895040182349,0.396456722231911,0.5618506329545643,0.5470236398974808,0.443361176327355,0.5758046033268119,0.5655236749885628,0.41312576462041084,0.5848481083930241,0.5696422719653693,2.004431010999748,1.2973793762023855,1.3537511791687324
throughput_3,8,12,markov,gmm,bic,5,5,0.6726083844045186,0.06339413222583011,0.5828006976196439,0.06505658535141354,0.5931023409279932,0.056632698254256646,0.6039258829831057,0.06810593152473668,1.3270083068440717,0.19112414970508773,0.8239257590836869,0.03376640983239505,0.776326610238345,0.039044257648456766,0.7761321735098449,0.0391605515043985,0.776540029246691,0.03893943753177432,0.08662022244338519,0.062354108077986914,0.012995110533127002,0.008230311473279303,0.007265615954979339,0.005144477572459829,0.08484848484848484,0.0033879817840905936,2.4381856974122016,0.042596721617378465,0.7726154523819333,0.0619897649078383,0.6640494572021038,0.04708172680777041,0.6728141275609334,0.03357058366197547,0.6884488931094996,0.04141273332375673,1.0613359128170088,0.2316593257141181,9,"throughput_2,throughput_1,buffer_size_3,python_gc_objects_collected_total_1,python_gc_objects_collected_total_2,python_gc_objects_collected_total_3,python_gc_collections_total_1,python_gc_collections_total_4,throughput_3",1.0,padded,0.43227515686303375,0.20311451219022275,30.88124714139849,833.2,289.0,0.6544333981541702,3.0,,,False,30,,0.5140218379912477,0.6801151740547267,0.6726083844045186,0.3999094629018189,0.5598657397614092,0.5828006976196439,0.4189768542728369,0.5648302803628684,0.5931023409279932,0.4137346964438632,0.5895561897019613,0.6039258829831057,2.053127522308425,1.2222285300135238,1.3270083068440717
throughput_3,8,14,markov,gmm,bic,5,5,0.5877589471796166,0.12120662075827877,0.4957980621998441,0.1122809020672078,0.499011789067927,0.10659657288619728,0.52533508169664,0.10614898342039165,1.5228906437566683,0.33350885298948163,0.8182194370502998,0.025366281916672808,0.7459148919771363,0.04810232835863551,0.7457697934710376,0.04812087549100289,0.7460799529694221,0.048097620410942656,0.0928514626120828,0.06377435205238283,0.011835705486765956,0.007354859479577523,0.006654773822549214,0.004523532970942733,0.07252747252747252,0.0024572175576920803,2.5747496091462745,0.05104889451896507,0.7179373057044077,0.05312346003063374,0.6167855025166327,0.0566509606629144,0.6290963758016587,0.08323818377964443,0.6625480484290136,0.038452208095015615,1.180502799353247,0.2180770212145334,9,"throughput_2,throughput_1,buffer_size_3,python_gc_objects_collected_total_1,python_gc_objects_collected_total_2,python_gc_objects_collected_total_3,python_gc_collections_total_1,python_gc_collections_total_4,throughput_3",1.0,padded,0.4529657199978828,0.2197844309732318,31.801466608420014,802.2,320.0,0.6187690582542521,3.0,,,False,30,,0.4847961041455358,0.6289516081669453,0.5877589471796166,0.3729283206262989,0.5013883571888116,0.4957980621998441,0.41314154142984255,0.5216506204657588,0.499011789067927,0.39543166138374747,0.5271933712843369,0.52533508169664,2.1364455604516737,1.4066163486379795,1.5228906437566683
throughput_3,8,16,markov,gmm,bic,5,5,0.6382036276017734,0.11339971339316621,0.49393760385276175,0.10304203287989323,0.4951028832881358,0.08713908247079034,0.5365280453180084,0.09151457080402157,1.470357745947358,0.2894466185601237,0.8087718629911287,0.022049777812777952,0.7159320428728471,0.020454364185574902,0.715857788450206,0.02039542402116844,0.7160253781205859,0.02053309480977624,0.08892814796120019,0.06736673648150326,0.009868146035593921,0.006878579748831209,0.005558009247575012,0.004210421030093954,0.0625,0.0,2.678372848445568,0.0556853305473535,0.7542699872925533,0.06325483012784976,0.6215611381371583,0.07949604535802776,0.6135673448892256,0.07610169657794523,0.6743468157403661,0.07366866225127086,1.222899474712953,0.24417394024759725,9,"throughput_2,throughput_1,buffer_size_3,python_gc_objects_collected_total_1,python_gc_objects_collected_total_2,python_gc_objects_collected_total_3,python_gc_collections_total_1,python_gc_collections_total_4,throughput_3",1.0,padded,0.46972664948552845,0.21744589023292066,32.243288286961615,777.4,344.8,0.5795680514841939,2.0,,,False,30,,0.48337372996636524,0.6462572400448886,0.6382036276017734,0.36304392040322114,0.5073161134003653,0.49393760385276175,0.3927136291686689,0.5191449707864327,0.4951028832881358,0.3845334919193029,0.5206397205112143,0.5365280453180084,2.282125969956968,1.4541326339234322,1.470357745947358
throughput_3,8,18,markov,gmm,bic,5,5,0.6129080337712678,0.09090690216168151,0.4635665658175746,0.07035590790715268,0.4694636473500623,0.07160014686208764,0.4941126173323913,0.058313919066261675,1.5379771751840883,0.25390285942193636,0.7943384396582237,0.034325559524412554,0.6835675688219769,0.03813328072473363,0.6834946631773233,0.03829088185366011,0.6836574903669116,0.037984300552458605,0.1046144224710041,0.0584017703437071,0.01077094703351201,0.0060639301588389025,0.006090432858608962,0.003824323641818794,0.05694444444444444,0.0031056499687497096,2.8030137386139544,0.08935419194543202,0.7434033774555319,0.09338579726161131,0.6028358114143264,0.08301218695406276,0.6159345434480052,0.09054375090633583,0.6351604615573774,0.063577373498705,1.3151493992806558,0.3737681854424358,9,"throughput_2,throughput_1,buffer_size_3,python_gc_objects_collected_total_1,python_gc_objects_collected_total_2,python_gc_objects_collected_total_3,python_gc_collections_total_1,python_gc_collections_total_4,throughput_3",1.0,padded,0.5051197249442338,0.25200995057821274,33.75543794222176,756.6,365.6,0.5805659731437239,2.0,,,False,30,,0.44273455840686476,0.5703328396848903,0.6129080337712678,0.3072302610432962,0.42916940972169915,0.4635665658175746,0.3325651364923993,0.4448511127611375,0.4694636473500623,0.3206373749203485,0.4452519072909931,0.4941126173323913,2.3912245550176117,1.807460793751326,1.5379771751840883
throughput_3,8,20,markov,gmm,bic,5,5,0.6405279022480845,0.09281090702300766,0.4862677730771983,0.049488316134052746,0.4996900634777651,0.03752617570705643,0.5060096809082248,0.04084998598465771,1.5302993136379197,0.21597945728750756,0.7886383080715489,0.03325190318664243,0.6479406381532499,0.03794179925664737,0.6478908535749706,0.03778539355253271,0.6480058896957838,0.03811550231541933,0.11281406596476524,0.0553538359642455,0.010335568884651727,0.0050951694106149085,0.0058635196975252496,0.0032173832161339487,0.05111111111111111,0.0024845199749997634,2.863254789922302,0.09102466936196213,0.7523174453278743,0.0779583102611067,0.6102668870344544,0.05128897528676631,0.622508731292282,0.0489556632918719,0.6404652610416125,0.041246491673600304,1.3607888550596283,0.37995024752308987,9,"throughput_2,throughput_1,buffer_size_3,python_gc_objects_collected_total_1,python_gc_objects_collected_total_2,python_gc_objects_collected_total_3,python_gc_collections_total_1,python_gc_collections_total_4,throughput_3",1.0,padded,0.49535556994378566,0.2597655257210135,33.43741252459586,733.2,389.0,0.5504203390515376,2.0,,,False,30,,0.4209987888946561,0.581020090380522,0.6405279022480845,0.2951491544060308,0.42494556960876617,0.4862677730771983,0.32541409054775206,0.4364556836697622,0.4996900634777651,0.3169889725074998,0.4431044490971449,0.5060096809082248,2.582570863226102,1.650091915484375,1.5302993136379197
throughput_3,8,10,markov,gmm,aic,5,5,0.6045102959827175,0.0928155092187636,0.5226446419070226,0.1031929092122585,0.5366148175005466,0.10334668427793255,0.5433993884093082,0.09763713800223818,1.4207618195585536,0.2626749489398212,0.8362204624422425,0.02873619654550135,0.7974233277142655,0.032251434224201604,0.7972143302186835,0.032522952099967244,0.7976509099968723,0.03197883534206169,0.10337585694036378,0.06535745277056243,0.018233256489532064,0.01065859418996251,0.010337585694036379,0.006535745277056242,0.1,0.0,2.2781810517198005,0.05804169167165739,0.7601493204209618,0.10285617227398923,0.6946845573324649,0.0898120503719875,0.6927607651604308,0.08329002997788411,0.7169615145762044,0.10354542143341419,1.2577151619605864,0.43639961978178904,9,"avg_p_latency_3,throughput_2,throughput_1,buffer_size_3,python_gc_objects_collected_total_1,python_gc_objects_collected_total_2,python_gc_objects_collected_total_3,python_gc_collections_total_1,throughput_3",2.0,padded,0.46254805792123077,0.22552307080477477,31.204772777855396,838.8,283.4,0.6852004875159012,5.0,,,False,30,,0.45252038482356427,0.6319731810800902,0.6045102959827175,0.3777049856666389,0.5299603917169528,0.5226446419070226,0.41506351170186234,0.5409613111270507,0.5366148175005466,0.3901291081681483,0.545460964110402,0.5433993884093082,2.4093437397250037,1.329019577250848,1.4207618195585536
throughput_3,8,12,markov,gmm,aic,5,5,0.6175437259822573,0.08603709937442418,0.5176635573656461,0.061998883816985116,0.5318645826929531,0.06013177565563264,0.5364874881499392,0.05703989596202288,1.4270528931211832,0.17187110392095695,0.8239257590836869,0.03376640983239505,0.776326610238345,0.039044257648456766,0.7761321735098449,0.0391605515043985,0.776540029246691,0.03893943753177432,0.08662022244338519,0.062354108077986914,0.012995110533127002,0.008230311473279303,0.007265615954979339,0.005144477572459829,0.08484848484848484,0.0033879817840905936,2.4381856974122016,0.042596721617378465,0.7726154523819333,0.0619897649078383,0.6663286211459473,0.04860551335881885,0.675563173279833,0.03667009836586694,0.6907361822248183,0.04290973305860045,1.0382642309143733,0.2500569017184683,9,"throughput_2,throughput_1,buffer_size_3,python_gc_objects_collected_total_1,python_gc_objects_collected_total_2,python_gc_objects_collected_total_3,python_gc_collections_total_1,python_gc_collections_total_4,throughput_3",1.0,padded,0.4869401725009084,0.20395707320421935,30.546226964332163,833.2,289.0,0.5867566098879484,3.0,,,False,30,,0.447719614033584,0.6528235579830572,0.6175437259822573,0.3424580329552465,0.5385382067089723,0.5176635573656461,0.3556652864831521,0.5423611258080481,0.5318645826929531,0.3724188953126637,0.5702639111607563,0.5364874881499392,2.4687658166118305,1.374591644486641,1.4270528931211832
throughput_3,8,14,markov,gmm,aic,5,5,0.6073566316350875,0.12581155081399473,0.5090786262370846,0.10115300443254917,0.5158362517761066,0.08792368458258515,0.5438885576616121,0.09707755680617154,1.4796417941624287,0.373836692279553,0.8182194370502998,0.025366281916672808,0.7459148919771363,0.04810232835863551,0.7457697934710376,0.04812087549100289,0.7460799529694221,0.048097620410942656,0.0928514626120828,0.06377435205238283,0.011835705486765956,0.007354859479577523,0.006654773822549214,0.004523532970942733,0.07252747252747252,0.0024572175576920803,2.5747496091462745,0.05104889451896507,0.7179373057044077,0.05312346003063374,0.6167855025166327,0.0566509606629144,0.6290963758016587,0.08323818377964443,0.6625480484290136,0.038452208095015615,1.180502799353247,0.2180770212145334,9,"throughput_2,throughput_1,buffer_size_3,python_gc_objects_collected_total_1,python_gc_objects_collected_total_2,python_gc_objects_collected_total_3,python_gc_collections_total_1,python_gc_collections_total_4,throughput_3",1.0,padded,0.39924136400222776,0.20835814550518988,29.576796336099505,802.2,320.0,0.6369337002417456,5.0,,,False,30,,0.4933578094072568,0.5813837394425106,0.6073566316350875,0.39106384204333394,0.4602344336854133,0.5090786262370846,0.4326816215678394,0.47699338657978474,0.5158362517761066,0.41037886535380225,0.490632831869557,0.5438885576616121,2.2197276751332744,1.5357861262647372,1.4796417941624287
throughput_3,8,16,markov,gmm,aic,5,5,0.666189367352219,0.06473099246349288,0.515909066645601,0.0754030230562978,0.5104450573706347,0.07301478352572742,0.5547696822750519,0.0637441463023769,1.3713323709237764,0.17811461474371312,0.8087718629911287,0.022049777812777952,0.7159320428728471,0.020454364185574902,0.715857788450206,0.02039542402116844,0.7160253781205859,0.02053309480977624,0.08892814796120019,0.06736673648150326,0.009868146035593921,0.006878579748831209,0.005558009247575012,0.004210421030093954,0.0625,0.0,2.678372848445568,0.0556853305473535,0.7542699872925533,0.06325483012784976,0.6215611381371583,0.07949604535802776,0.6135673448892256,0.07610169657794523,0.6743468157403661,0.07366866225127086,1.222899474712953,0.24417394024759737,9,"throughput_2,throughput_1,buffer_size_3,python_gc_objects_collected_total_1,python_gc_objects_collected_total_2,python_gc_objects_collected_total_3,python_gc_collections_total_1,python_gc_collections_total_4,throughput_3",1.0,padded,0.4152662502601743,0.20746039170771838,30.50720084644854,777.4,344.8,0.5979258771806579,2.0,,,False,30,,0.4748182151513564,0.6403748871037122,0.666189367352219,0.35640681986702993,0.5064128291922569,0.515909066645601,0.3812014538135108,0.5178150636644162,0.5104450573706347,0.38084142207559474,0.5248920455831538,0.5547696822750519,2.2293237743333103,1.430192457242984,1.3713323709237764
throughput_3,8,18,markov,gmm,aic,5,5,0.65085991654008,0.09593730621106634,0.49662948860074574,0.08313976221884116,0.504507507178045,0.08512228608994966,0.5237604472276244,0.06620738827800579,1.4432594309284605,0.2915552701412278,0.7943384396582237,0.034325559524412554,0.6835675688219769,0.03813328072473363,0.6834946631773233,0.03829088185366011,0.6836574903669116,0.037984300552458605,0.1046144224710041,0.0584017703437071,0.01077094703351201,0.0060639301588389025,0.006090432858608962,0.003824323641818794,0.05694444444444444,0.0031056499687497096,2.8030137386139544,0.08935419194543202,0.7434033774555319,0.09338579726161131,0.6028358114143264,0.08301218695406276,0.6159345434480052,0.09054375090633583,0.6351604615573774,0.063577373498705,1.315149399280656,0.37376818544243606,9,"throughput_2,throughput_1,buffer_size_3,python_gc_objects_collected_total_1,python_gc_objects_collected_total_2,python_gc_objects_collected_total_3,python_gc_collections_total_1,python_gc_collections_total_4,throughput_3",1.0,padded,0.41731559541076424,0.21982656493782998,30.71198737807572,756.6,365.6,0.5802574923762566,2.0,,,False,30,,0.4364907786153399,0.6189846715015643,0.65085991654008,0.3150849434509352,0.4542688110315911,0.49662948860074574,0.344943360466387,0.45581159581024416,0.504507507178045,0.3291247892351226,0.4824489872129466,0.5237604472276244,2.325700316424608,1.5208292792462441,1.4432594309284605
throughput_3,8,20,markov,gmm,aic,5,5,0.6576405191721308,0.09741497497293528,0.4783504379008579,0.06053558912650968,0.48454302425156526,0.0524547858842445,0.50694512077953,0.0493837071840691,1.5025588780901478,0.29816237066548146,0.7886383080715489,0.03325190318664243,0.6479406381532499,0.03794179925664737,0.6478908535749706,0.03778539355253271,0.6480058896957838,0.03811550231541933,0.11281406596476524,0.0553538359642455,0.010335568884651727,0.0050951694106149085,0.0058635196975252496,0.0032173832161339487,0.05111111111111111,0.0024845199749997634,2.863254789922302,0.09102466936196213,0.7523174453278743,0.0779583102611067,0.6102668870344544,0.05128897528676631,0.622508731292282,0.0489556632918719,0.6404652610416125,0.041246491673600304,1.3607888550596283,0.37995024752308987,9,"throughput_2,throughput_1,buffer_size_3,python_gc_objects_collected_total_1,python_gc_objects_collected_total_2,python_gc_objects_collected_total_3,python_gc_collections_total_1,python_gc_collections_total_4,throughput_3",1.0,padded,0.4340139266103506,0.21386205349117518,31.21268771123141,733.2,389.0,0.5504203390515376,2.0,,,False,30,,0.436853792759717,0.6189845127721615,0.6576405191721308,0.29716630383704523,0.4597673627255118,0.4783504379008579,0.3246888794503834,0.48240396030126564,0.48454302425156526,0.32199112732103874,0.4759032437518143,0.50694512077953,2.47125895816945,1.4516669683459,1.5025588780901478
throughput_3,8,10,mrmr,classic_uniform,bic,5,5,0.6553038636323955,0.10268736831735575,0.5210178797625359,0.166581237072643,0.5463660888773096,0.15414838416174054,0.5396989523736406,0.15756254085418459,1.187065859611412,0.17545566587008946,0.84013742791701,0.009229171725588358,0.7423261662874467,0.054108708622897066,0.742176680683933,0.05453911088740914,0.7425050960111026,0.05367658619948395,0.2960368442689955,0.09053872269343984,0.04752473461742217,0.013456737490103362,0.031239156797666045,0.010394466140289058,0.10500000000000001,0.011180339887498947,1.9647219631547401,0.10254477174422971,0.8119591016690804,0.050935283784767804,0.703762599118023,0.11157143921598645,0.7075207045832776,0.11633611183380527,0.7196564676511091,0.09866527027186728,0.8771154432244922,0.19084924116629048,9,"throughput_2,buffer_size_3,throughput_1,avg_p_latency_3,avg_p_latency_1,buffer_size_1,python_gc_objects_collected_total_1,buffer_size_2,throughput_3",,,0.32880977764725683,0.22470822501927615,35.798595536500216,712.0,410.2,0.7182049938119949,3.0,,,False,30,,0.48515880083110713,0.673485205626005,0.6553038636323955,0.4166916608942654,0.5113469071529465,0.5210178797625359,0.4792241598529133,0.5229595596984519,0.5463660888773096,0.40944483472839865,0.528132786567854,0.5396989523736406,2.0500650930168343,1.0942230182325265,1.187065859611412
throughput_3,8,12,mrmr,classic_uniform,bic,5,4,0.6894651692134799,0.049539091980309535,0.5154043410468044,0.06535608872243057,0.5240858340707921,0.05610074153978428,0.5314822923993212,0.062290531346552346,1.2616925774601186,0.056721551705627794,0.8182373734728248,0.04528865414673849,0.6892708175083391,0.029248108305658556,0.6889246235472187,0.0295160276054061,0.6896751885364822,0.029040850967370975,0.22033486348477704,0.11698387431087533,0.029157318196129794,0.013013700901944343,0.018361238623731423,0.009748656192572945,0.08333333333333333,0.0,2.189884921287344,0.049888862993198405,0.8212767735761163,0.04938196893170379,0.6872129960524104,0.07349625569718296,0.6906769227100963,0.08761987955701003,0.7053859705995342,0.05254682780790624,0.9249628451316586,0.14469596046756705,9,"throughput_2,buffer_size_3,throughput_1,avg_p_latency_3,avg_p_latency_1,buffer_size_1,python_gc_objects_collected_total_1,buffer_size_2,throughput_3",,,0.33133262023329735,0.2426452396903187,34.80108361132443,646.25,476.0,0.5997785185694785,5.0,,,False,30,,0.494370463315254,0.6333350793567649,0.6894651692134799,0.4373859870992687,0.4757103304594329,0.5154043410468044,0.4923124417660535,0.5145267839450536,0.5240858340707921,0.4225001765863042,0.4871214856467696,0.5314822923993212,2.2032804788589955,1.2076514455002396,1.2616925774601186
throughput_3,8,14,mrmr,classic_uniform,bic,5,3,0.6789353913129514,0.060870684988624434,0.5354415309628487,0.09853937176900006,0.5404347978584834,0.09301745589754956,0.5443234869109125,0.1005022380868852,1.313445806871506,0.19553824186991636,0.8298262071767913,0.021805105690115973,0.693120922963938,0.021933708821050054,0.6931880340199128,0.022250443343971343,0.693068695928848,0.021622956662754697,0.17464996198430802,0.06548633236670165,0.022738734081577828,0.0073576474343821086,0.013512086556976818,0.005149434934828167,0.07722832722832722,0.0059582482588349,2.3320269871031,0.06828716082498233,0.8252200564282463,0.010829228051548448,0.7274009235443613,0.0423070204740025,0.7314813469157485,0.037493864750628124,0.7517169121914683,0.02008395976101376,0.9719736462470245,0.16733586824328528,9,"throughput_2,buffer_size_3,throughput_1,avg_p_latency_3,avg_p_latency_1,buffer_size_1,python_gc_objects_collected_total_1,buffer_size_2,throughput_3",,,0.3326907151689132,0.20785612985491753,33.19921321142465,633.3333333333334,489.0,0.6184929273426388,3.0,,,False,30,,0.3852394353677681,0.6691560728017697,0.6789353913129514,0.3231258986743247,0.5249340819404695,0.5354415309628487,0.39240331198314066,0.5532085419673599,0.5404347978584834,0.32364443752346783,0.5320213516437499,0.5443234869109125,3.0980705776311903,1.3205354499431106,1.313445806871506
throughput_3,8,16,mrmr,classic_uniform,bic,5,3,0.5975400117142299,0.08634699148066556,0.3972057581849973,0.13117596416876262,0.3935777710292685,0.13465725447379914,0.4240407545383163,0.12203687792429652,1.5265557851173386,0.19135814426774017,0.7924025758607499,0.018674548331624737,0.5949308396291656,0.0331613291041916,0.5946083125408123,0.03316116478710351,0.5952753412327073,0.033176419492283955,0.14108054511909732,0.04768759892310369,0.015329550295376677,0.004492638941904565,0.008817534069943582,0.0029804749326939805,0.0625,0.0,2.4505052570218573,0.051759587529232695,0.7649674285853115,0.06856491262670808,0.5964968572277026,0.08605303041387972,0.6004858718591457,0.09251450145008427,0.6289594393779637,0.06770259352027969,1.1800502367420587,0.2855149827806119,9,"throughput_2,buffer_size_3,throughput_1,avg_p_latency_3,avg_p_latency_1,buffer_size_1,python_gc_objects_collected_total_1,buffer_size_2,throughput_3",,,0.34971423043558997,0.21317772008478642,33.983297200873494,601.6666666666666,520.6666666666666,0.51374752330761,5.0,,,False,30,,0.22305422884229653,0.6486373874410122,0.5975400117142299,0.13769550348618617,0.4336530515455761,0.3972057581849973,0.16079707332886498,0.4443996642367367,0.3935777710292685,0.15629154323762043,0.4538096093251626,0.4240407545383163,3.7211408265856676,1.3796488536246097,1.5265557851173386
throughput_3,8,18,mrmr,classic_uniform,bic,5,3,0.6299298045670682,0.08511215581156174,0.4830998364486507,0.11651263416405756,0.4812619246405982,0.11435476918954533,0.49589131101746586,0.11699558221011296,1.524414601128547,0.30868352983744535,0.7947864269429404,0.03981254767261196,0.6113174574638758,0.054369683143083235,0.6113118523002732,0.05473172368961487,0.6113384362935123,0.054019906644234526,0.11789017935893427,0.07473529424567295,0.011668085482922827,0.006410010098328193,0.006681493756555304,0.003934624764565759,0.059259259259259255,0.006415002990995843,2.53546274520694,0.03949782786632042,0.797331805904579,0.007933709381423605,0.6789141724289632,0.058517226733738936,0.6766979272363803,0.06585888044080057,0.7018575569595598,0.04520925859938196,1.0855801094249955,0.09028039918105951,9,"throughput_2,buffer_size_3,throughput_1,avg_p_latency_3,avg_p_latency_1,buffer_size_1,python_gc_objects_collected_total_1,buffer_size_2,throughput_3",,,0.35478032752871513,0.23017053368190923,33.879369135946035,541.3333333333334,581.0,0.5932417792985033,3.0,,,False,30,,0.35761760922831587,0.6225353953340963,0.6299298045670682,0.2862072558359812,0.45674974194945217,0.4830998364486507,0.33175522454839607,0.47135211432529855,0.4812619246405982,0.28706425426611615,0.46059249977465977,0.49589131101746586,2.874761739451754,1.5703780527714877,1.524414601128547
throughput_3,8,20,mrmr,classic_uniform,bic,5,1,0.6669634906500446,0.0,0.417190302850926,0.0,0.41595850798131906,0.0,0.4352110444390263,0.0,1.426315698180327,0.0,0.7515583259127337,0.0,0.5472930684080853,0.0,0.547267925015837,0.0,0.5473198515049982,0.0,0.05966162065894924,0.0,0.005630252100840337,0.0,0.002983081032947462,0.0,0.05,0.0,2.655965883991411,0.0,0.8087188612099644,0.0,0.61761817098489,0.0,0.6177627281221798,0.0,0.6330807749870154,0.0,1.0057311154669488,0.0,9,"throughput_2,buffer_size_3,throughput_1,avg_p_latency_3,avg_p_latency_1,buffer_size_1,python_gc_objects_collected_total_1,buffer_size_2,throughput_3",,,0.4139394611120224,0.29859536699950695,32.88421716261655,341.0,782.0,0.417190302850926,5.0,,,False,30,,0.2680320569902048,0.4968833481745325,0.6669634906500446,0.24230676693013486,0.35170817997983034,0.417190302850926,0.3433401552008624,0.3781051848396227,0.41595850798131906,0.2124382803192241,0.37574335831500655,0.4352110444390263,3.377459632372474,1.6439870349562367,1.426315698180327
throughput_3,8,10,mrmr,classic_uniform,aic,5,4,0.6306289414494851,0.1225782760724634,0.5304510179070396,0.142177929107271,0.532170163934593,0.13761398540584271,0.5523917229901758,0.13409938144540867,1.2785376071799408,0.2840240897962333,0.8378277563757633,0.008832115458044909,0.7444400560888751,0.062240498052577316,0.744147101470184,0.0627705007787858,0.7447670728737747,0.06170459960591063,0.27735443323285763,0.0927512651941996,0.045881861054612554,0.014948293822848572,0.029779783786743876,0.011395676280448094,0.10625000000000001,0.012499999999999997,1.9755262268166767,0.11507545145508061,0.8110206995116664,0.06774720001469632,0.709402671098093,0.12047782399145322,0.7057799149227324,0.1168478581848282,0.7351618414277736,0.12477646371594078,0.8357615748033743,0.2972096016802287,9,"throughput_2,buffer_size_3,throughput_1,avg_p_latency_3,avg_p_latency_1,buffer_size_1,python_gc_objects_collected_total_1,buffer_size_2,throughput_3",,,0.5654783393256366,0.32327662967145443,37.41111324355006,684.0,438.25,0.7083714626185313,3.0,,,False,30,,0.36046237081410726,0.6475923527348283,0.6306289414494851,0.33973904305095437,0.5051667067751614,0.5304510179070396,0.38577380693010543,0.5187877192447568,0.532170163934593,0.34347695001583056,0.5185630580552537,0.5523917229901758,2.5983362625395294,1.2323831236793574,1.2785376071799408
throughput_3,8,12,mrmr,classic_uniform,aic,5,3,0.5141650119126416,0.1806580150166398,0.365230156938142,0.15614977850156864,0.38642264188862635,0.1362464741682241,0.4007331694106482,0.15139191574143263,1.7471017405792093,0.7549697323149298,0.8129082983202726,0.05390917398500041,0.6802974651962811,0.028285180729339585,0.6796007996085102,0.028021271765650255,0.6810613958891302,0.028633406970427388,0.17494440502664274,0.09036635413103877,0.02427575263061137,0.01053833585179222,0.014578700418886896,0.007530529510919899,0.08333333333333333,0.0,2.2086172071852253,0.040347946247254705,0.8071164342249673,0.04748637768916261,0.6829982625960075,0.07771379202012914,0.6760469671490571,0.08649285407959356,0.7080902085605838,0.06146327543287939,0.9296441201648564,0.18759454561016048,9,"throughput_2,buffer_size_3,throughput_1,avg_p_latency_3,avg_p_latency_1,buffer_size_1,python_gc_objects_collected_total_1,buffer_size_2,throughput_3",,,0.4468751571451624,0.26880141347646713,35.98883209936321,607.3333333333334,515.0,0.5212318654010354,4.0,,,False,30,,0.37484477587143766,0.5625825062208698,0.5141650119126416,0.3739382687495358,0.4022203734388272,0.365230156938142,0.44757710275266377,0.42782728500606265,0.38642264188862635,0.3548079192323404,0.4290183810876509,0.4007331694106482,2.7470626409255345,2.108701153821259,1.7471017405792093
throughput_3,8,14,mrmr,classic_uniform,aic,5,3,0.6813120995720126,0.06272304660427559,0.5354555569144844,0.0968565929095271,0.5361006318048444,0.08742833358028222,0.5542986891130054,0.11020564654523499,1.2847613451451825,0.1697838437929983,0.8298262071767913,0.021805105690115973,0.693120922963938,0.021933708821050054,0.6931880340199128,0.022250443343971343,0.693068695928848,0.021622956662754697,0.17464996198430802,0.06548633236670165,0.022738734081577828,0.0073576474343821086,0.013512086556976818,0.005149434934828167,0.07722832722832722,0.0059582482588349,2.3320269871031,0.06828716082498233,0.8302660641456697,0.010646730178892878,0.7190986916781679,0.05344330653176643,0.7174469091867576,0.04607600620144138,0.7452978497614703,0.049144872764186054,1.008776038714376,0.22159620385594359,9,"throughput_2,buffer_size_3,throughput_1,avg_p_latency_3,avg_p_latency_1,buffer_size_1,python_gc_objects_collected_total_1,buffer_size_2,throughput_3",,,0.4293798419336478,0.2848066010822852,35.20825983770192,563.6666666666666,558.6666666666666,0.6167881407222976,3.0,,,False,30,,0.4110861376850587,0.6641071550452934,0.6813120995720126,0.3737077524874967,0.5286329306470022,0.5354555569144844,0.4519032189487164,0.540830160980961,0.5361006318048444,0.35995291156982295,0.5355962781351439,0.5542986891130054,3.0004204136638037,1.2597888487038458,1.2847613451451825
throughput_3,8,16,mrmr,classic_uniform,aic,5,3,0.6031846938295002,0.0776883373726491,0.4025651869061376,0.1225121209631182,0.398882988507044,0.12603987175073839,0.4295981988209614,0.11279236706069297,1.5274255107893255,0.1926698209961469,0.7924025758607499,0.018674548331624737,0.5949308396291656,0.0331613291041916,0.5946083125408123,0.03316116478710351,0.5952753412327073,0.033176419492283955,0.14108054511909732,0.04768759892310369,0.015329550295376677,0.004492638941904565,0.008817534069943582,0.0029804749326939805,0.0625,0.0,2.4505052570218573,0.051759587529232695,0.7685293163858459,0.06873412214879954,0.6103404211905245,0.07799610867753415,0.6168360745191709,0.08459266287431197,0.6334645602623951,0.06395467308427685,1.2127492936715853,0.3028846507685336,9,"throughput_2,buffer_size_3,throughput_1,avg_p_latency_3,avg_p_latency_1,buffer_size_1,python_gc_objects_collected_total_1,buffer_size_2,throughput_3",,,0.403514903349181,0.27782532293349504,35.19611788354814,525.0,597.3333333333334,0.51374752330761,5.0,,,False,30,,0.22305422884229653,0.640318908534298,0.6031846938295002,0.13769550348618617,0.4301535192157262,0.4025651869061376,0.16079707332886498,0.4427618400787812,0.398882988507044,0.15629154323762043,0.454593517178268,0.4295981988209614,3.7211408265856676,1.3876694825012603,1.5274255107893255
throughput_3,8,18,mrmr,classic_uniform,aic,5,3,0.6498347362367057,0.030374318956616155,0.47442701469251203,0.05185356403647008,0.4725116132609439,0.06332767517089682,0.49038367793072646,0.04215429560340527,1.5419523699467306,0.12674213327024406,0.7947864269429404,0.03981254767261196,0.6113174574638758,0.054369683143083235,0.6113118523002732,0.05473172368961487,0.6113384362935123,0.054019906644234526,0.11789017935893427,0.07473529424567295,0.011668085482922827,0.006410010098328193,0.006681493756555304,0.003934624764565759,0.059259259259259255,0.006415002990995843,2.53546274520694,0.03949782786632042,0.8003000457383576,0.009700723716343545,0.6638615276983875,0.04133053916114955,0.6604107036535897,0.05234104051324022,0.688063140704546,0.024390989100252173,1.1188423083457766,0.0957794569131625,9,"throughput_2,buffer_size_3,throughput_1,avg_p_latency_3,avg_p_latency_1,buffer_size_1,python_gc_objects_collected_total_1,buffer_size_2,throughput_3",,,0.42414861141393584,0.33005280047655106,36.17560938838869,456.3333333333333,666.0,0.5128881591330344,3.0,,,False,30,,0.37990004280402895,0.649833148942677,0.6498347362367057,0.31905690233885114,0.4677067962590109,0.47442701469251203,0.3926340784001851,0.48079007367451837,0.4725116132609439,0.30863407959271827,0.47157398644577886,0.49038367793072646,2.808952818289079,1.5614416214904814,1.5419523699467306
throughput_3,8,20,mrmr,classic_uniform,aic,5,1,0.6669634906500446,0.0,0.417190302850926,0.0,0.41595850798131906,0.0,0.4352110444390263,0.0,1.426315698180327,0.0,0.7515583259127337,0.0,0.5472930684080853,0.0,0.547267925015837,0.0,0.5473198515049982,0.0,0.05966162065894924,0.0,0.005630252100840337,0.0,0.002983081032947462,0.0,0.05,0.0,2.655965883991411,0.0,0.8087188612099644,0.0,0.61761817098489,0.0,0.6177627281221798,0.0,0.6330807749870154,0.0,1.0057311154669488,0.0,9,"throughput_2,buffer_size_3,throughput_1,avg_p_latency_3,avg_p_latency_1,buffer_size_1,python_gc_objects_collected_total_1,buffer_size_2,throughput_3",,,0.4519258951768279,0.312225554138422,33.678048052825034,341.0,782.0,0.417190302850926,5.0,,,False,30,,0.2680320569902048,0.5218165627782725,0.6669634906500446,0.24230676693013486,0.36523266151848693,0.417190302850926,0.3433401552008624,0.3921693977766144,0.41595850798131906,0.2124382803192241,0.38700263925170686,0.4352110444390263,3.377459632372474,1.6432911931941727,1.426315698180327
throughput_3,8,10,mrmr,classic_quantile,bic,5,5,0.622341480913583,0.06988100958142399,0.6002200910438473,0.06272886966793398,0.6319655007510366,0.06511696333689024,0.6126038296072908,0.054338251470137426,1.388893322561188,0.19029788379924512,0.7800764440804251,0.06225503487212486,0.7679407933133596,0.07896882005665559,0.7679133222173409,0.07895607847395807,0.7679724438804054,0.07898238752811838,0.12385766416985315,0.03125044852503501,0.022394782451540685,0.0049987192273113065,0.012645223735266164,0.0031051308720831095,0.10222222222222221,0.004969039949999527,2.3020577196971415,0.0009517940344618842,0.7824073164471119,0.0646733589867934,0.7784328932304787,0.079140625623861,0.8074859346459204,0.05524102345823008,0.7780362993804569,0.08598053676530423,1.036344780494246,0.3372278333048503,9,"throughput_2,buffer_size_3,throughput_1,avg_p_latency_3,avg_p_latency_1,buffer_size_1,python_gc_objects_collected_total_1,buffer_size_2,throughput_3",,,0.3667069490998983,0.3160560293123126,38.36650775745511,498.6,623.6,0.6569710314598521,1.0,,,False,30,,0.5386291811308835,0.6102318560387807,0.622341480913583,0.44257021368337324,0.5566424969872077,0.6002200910438473,0.47713408402185387,0.6027566691035148,0.6319655007510366,0.4506572069680912,0.5703040198334101,0.6126038296072908,1.7806925364703765,1.2321527741269898,1.388893322561188
throughput_3,8,12,mrmr,classic_quantile,bic,5,5,0.5596009860270506,0.08005366092184638,0.5055773159648415,0.09056694259923463,0.5482224497900327,0.09045764124430357,0.5278017948132386,0.0736143319955971,1.5948846292699743,0.2696936775906142,0.7708044247408345,0.048959984369407926,0.7222195032035362,0.05813522115959483,0.7222547967726296,0.0582434191600385,0.7221901761557051,0.05802949320423394,0.08609101861419709,0.04257819914778734,0.013355308039095898,0.006457900030392748,0.007361957487552129,0.0037740902007221975,0.08484848484848484,0.0033879817840905936,2.485201431477434,0.0026288291523938498,0.7581826766762896,0.05655974371777986,0.7138528143528895,0.09645931441810439,0.7373934701923539,0.10171523417606362,0.7183407933301095,0.08888482809987204,1.1757618714216307,0.31681658895454545,9,"throughput_2,buffer_size_3,throughput_1,avg_p_latency_3,avg_p_latency_1,buffer_size_1,python_gc_objects_collected_total_1,buffer_size_2,throughput_3",,,0.3747343713417649,0.3455732187256217,39.13415002357215,417.8,704.4,0.6083200216143055,5.0,,,False,30,,0.35769480462791453,0.5189762588432119,0.5596009860270506,0.2893573388168784,0.47458745635656197,0.5055773159648415,0.31740272275428844,0.4876160414885532,0.5482224497900327,0.3144767544676071,0.5012959635342303,0.5278017948132386,2.2315437639591393,1.5729970009145793,1.5948846292699743
throughput_3,8,14,mrmr,classic_quantile,bic,5,5,0.5571227438599499,0.07860040287300986,0.5040892913452282,0.0631313427926972,0.5332750843484634,0.0643193116111146,0.5180117052112297,0.06953774162145279,1.6121758681001848,0.2732913096513934,0.7367666503175382,0.04786873523693396,0.6824842045059076,0.05145720694979357,0.6825086532494955,0.051396653291766355,0.6824661523453844,0.05151946855818522,0.09196368906179811,0.05125425396000638,0.0119055621911632,0.0057840992406215696,0.0066187849829356295,0.0036056460577057244,0.07252747252747252,0.0024572175576920803,2.6396758233140054,0.0016480612567759453,0.7252631011874014,0.0758728543613446,0.6937984038422438,0.10097557475734274,0.7265789059344672,0.08891880742281993,0.6970605890483442,0.0995865366110133,1.2186535946816934,0.291261698173875,9,"throughput_2,buffer_size_3,throughput_1,avg_p_latency_3,avg_p_latency_1,buffer_size_1,python_gc_objects_collected_total_1,buffer_size_2,throughput_3",,,0.3900217145681381,0.3486627297475934,39.395363319665194,348.2,774.0,0.5889040552717925,1.0,,,False,30,,0.44664025409402813,0.5480297712868035,0.5571227438599499,0.34535057000226305,0.45020272001603007,0.5040892913452282,0.3739393293250709,0.46055361026712704,0.5332750843484634,0.37490052641757704,0.4895953283061078,0.5180117052112297,2.166775170286498,1.5702122869800728,1.6121758681001848
throughput_3,8,16,mrmr,classic_quantile,bic,5,5,0.5296716047383901,0.09391292302998895,0.4858314346498858,0.0657714566146738,0.5172123420083551,0.06527927479366805,0.5064502734466629,0.05786679801680542,1.6042842925674414,0.09152583511711596,0.729107797899375,0.08295972902620391,0.6580945864538875,0.09372102389863998,0.6581106029653487,0.09372985966144057,0.6580866627791396,0.09371348325178391,0.07806200922852749,0.02744228430865229,0.009286613895198378,0.0031566117200449934,0.005039621693411438,0.0018360829253813375,0.06428571428571428,0.003992978531249623,2.7732404786641114,0.0030439285360163012,0.7240164404572146,0.0648846488606241,0.6787680463781119,0.09593493130327993,0.7156772806880443,0.07504177568762728,0.6890492138582814,0.09705223287117964,1.239414995576588,0.2397514651017529,9,"throughput_2,buffer_size_3,throughput_1,avg_p_latency_3,avg_p_latency_1,buffer_size_1,python_gc_objects_collected_total_1,buffer_size_2,throughput_3",,,0.4005924263969064,0.35229025427252053,39.41198555100709,307.4,814.8,0.5520992930601186,3.0,,,False,30,,0.43593490824646874,0.5489323066715556,0.5296716047383901,0.3093286853926701,0.47492888033536074,0.4858314346498858,0.3288882026149141,0.4947986520967199,0.5172123420083551,0.33912725223707996,0.5038087380243708,0.5064502734466629,2.145673816600012,1.5750371105763388,1.6042842925674414
throughput_3,8,18,mrmr,classic_quantile,bic,5,5,0.48064755247197233,0.11153534098219536,0.3828922282612895,0.10572813247664628,0.3935440476307829,0.14129489150527103,0.4251543834112487,0.05884857053094524,1.854257332937268,0.261564923720245,0.7062853668950784,0.061494666791135515,0.597698310986563,0.055679960966242954,0.5976772566787962,0.0555982696389169,0.5977263027245675,0.055764256474589914,0.041342819002449196,0.026429381805942277,0.004434792559698056,0.0028130078983781763,0.002338765188367865,0.0015158095094833335,0.05620915032679739,0.0014614823382351578,2.891942858075035,0.0009991602450575802,0.6980075293998345,0.04916483506175513,0.6353022639414888,0.08980350599200553,0.6674085365743883,0.07608364867119663,0.6537500013026324,0.08713575045389486,1.3603059098938253,0.29174608909988914,9,"throughput_2,buffer_size_3,throughput_1,avg_p_latency_3,avg_p_latency_1,buffer_size_1,python_gc_objects_collected_total_1,buffer_size_2,throughput_3",,,0.41883574314415456,0.362575638666749,40.18188789021224,273.6,848.6,0.4485012307091208,5.0,,,False,30,,0.41776531222867186,0.4669314273106636,0.48064755247197233,0.31982587365785087,0.3777604625555774,0.3828922282612895,0.34536183495309103,0.38311212402303896,0.3935440476307829,0.34072405472741385,0.4179708601715353,0.4251543834112487,2.2782167307753007,1.8171937569339414,1.854257332937268
throughput_3,8,20,mrmr,classic_quantile,bic,5,5,0.4140005682512623,0.10726072044155328,0.3484087351338464,0.11864351275641323,0.35101611375131037,0.1479896482355703,0.4198061574723443,0.07288687178516952,1.9528905891443948,0.20183408097301087,0.7052191814959612,0.07742253643754808,0.6116400563992828,0.08099577016343507,0.6117085768382102,0.08090875161968053,0.611590278364286,0.08108742624111032,0.05631735086975777,0.026931671422670334,0.0063566511058495544,0.002321014689306855,0.0034470038816694763,0.0013053496874868497,0.05255475793556289,0.0036703153444268516,2.9950890958009166,0.0036145353408172,0.6948024641672187,0.06727510190385609,0.6326959674119907,0.0888550796941569,0.6592510484195303,0.07702497721122262,0.6555671210686436,0.08394380692493077,1.4557362453784282,0.3889419557711597,9,"throughput_2,buffer_size_3,throughput_1,avg_p_latency_3,avg_p_latency_1,buffer_size_1,python_gc_objects_collected_total_1,buffer_size_2,throughput_3",,,0.4080253327265382,0.37672253102064135,39.72123110760003,238.8,883.4,0.45954702038676415,4.0,,,False,30,,0.36910395664782547,0.4205921241644882,0.4140005682512623,0.2285689191880202,0.32635826919433086,0.3484087351338464,0.22577610665640996,0.3346121129107873,0.35101611375131037,0.29730229556620164,0.3751820448658126,0.4198061574723443,2.4851254468666415,2.0033120601026964,1.9528905891443948
throughput_3,8,10,mrmr,classic_quantile,aic,5,5,0.5986554032282386,0.05482220632312447,0.5821086996460196,0.052381556127194445,0.6113242798382397,0.049414792646106306,0.5964167810469752,0.039775850015740626,1.2970594911559856,0.1528005948412845,0.7800764440804251,0.06225503487212486,0.7679407933133596,0.07896882005665559,0.7679133222173409,0.07895607847395807,0.7679724438804054,0.07898238752811838,0.12385766416985315,0.03125044852503501,0.022394782451540685,0.0049987192273113065,0.012645223735266164,0.0031051308720831095,0.10222222222222221,0.004969039949999527,2.3020577196971415,0.0009517940344618842,0.7786739890291321,0.06268223497151271,0.7618165863083117,0.09474039971109718,0.7741132215526647,0.09253274163288222,0.773169519299093,0.08928811993025047,1.1893846271269473,0.46039948107261125,9,"throughput_2,buffer_size_3,throughput_1,avg_p_latency_3,avg_p_latency_1,buffer_size_1,python_gc_objects_collected_total_1,buffer_size_2,throughput_3",,,0.8686453610658645,0.3331069231033325,41.523550181649625,498.6,623.6,0.6393580429772575,1.0,,,False,30,,0.4642873129175575,0.5899151273882823,0.5986554032282386,0.38767409766902705,0.5780505884596339,0.5821086996460196,0.4078124487789253,0.5901510905726026,0.6113242798382397,0.3997058657524485,0.5968090464472481,0.5964167810469752,1.7660785673453905,1.3230530329491255,1.2970594911559856
throughput_3,8,12,mrmr,classic_quantile,aic,5,5,0.5547794216852936,0.10756118186058444,0.5079688482198506,0.11886220027148456,0.5426950888034214,0.12025565433029005,0.5333785169555431,0.10010379015296776,1.5586612971944003,0.2337795559750127,0.7708044247408345,0.048959984369407926,0.7222195032035362,0.05813522115959483,0.7222547967726296,0.0582434191600385,0.7221901761557051,0.05802949320423394,0.08609101861419709,0.04257819914778734,0.013355308039095898,0.006457900030392748,0.007361957487552129,0.0037740902007221975,0.08484848484848484,0.0033879817840905936,2.485201431477434,0.0026288291523938498,0.7396773385979978,0.052716858265048655,0.6976424902889011,0.09637805754982268,0.7138866175947786,0.09526249134059736,0.7049570523727827,0.09152483623526778,1.2386352293088907,0.3173119436769439,9,"throughput_2,buffer_size_3,throughput_1,avg_p_latency_3,avg_p_latency_1,buffer_size_1,python_gc_objects_collected_total_1,buffer_size_2,throughput_3",,,0.8531918840482831,0.3598558932542801,42.085236684419215,417.8,704.4,0.6544164331119732,5.0,,,False,30,,0.4578702006180923,0.5822459575589323,0.5547794216852936,0.36951499418836553,0.5255017075788841,0.5079688482198506,0.394134356819068,0.5447269421952796,0.5426950888034214,0.3955791826300381,0.5511871144412401,0.5333785169555431,1.9712734378918877,1.462132799470661,1.5586612971944003
throughput_3,8,14,mrmr,classic_quantile,aic,5,5,0.5521316565159213,0.09181981857878083,0.49449204597612206,0.06835238367490845,0.5298079313093643,0.07733303966928826,0.507938892444016,0.06406168677354221,1.540013399249725,0.1854239744584429,0.7367666503175382,0.04786873523693396,0.6824842045059076,0.05145720694979357,0.6825086532494955,0.051396653291766355,0.6824661523453844,0.05151946855818522,0.09196368906179811,0.05125425396000638,0.0119055621911632,0.0057840992406215696,0.0066187849829356295,0.0036056460577057244,0.07252747252747252,0.0024572175576920803,2.6396758233140054,0.0016480612567759453,0.7252631011874014,0.0758728543613446,0.6937984038422438,0.10097557475734274,0.7265789059344672,0.08891880742281993,0.6970605890483442,0.0995865366110133,1.2186535946816934,0.291261698173875,9,"throughput_2,buffer_size_3,throughput_1,avg_p_latency_3,avg_p_latency_1,buffer_size_1,python_gc_objects_collected_total_1,buffer_size_2,throughput_3",,,0.7867730533704161,0.3557188751176,41.855868390761316,348.2,774.0,0.5716982640791525,1.0,,,False,30,,0.44075123451793086,0.5519559430669377,0.5521316565159213,0.3486342131516411,0.4756166502079469,0.49449204597612206,0.3674780328881473,0.4879514316127137,0.5298079313093643,0.37357250249726476,0.4968767351468825,0.507938892444016,2.0535831976246945,1.453050876199687,1.540013399249725
throughput_3,8,16,mrmr,classic_quantile,aic,5,5,0.5492794478756451,0.06757983008391714,0.49630676893108666,0.05597129324720393,0.523856236526461,0.059582785298605674,0.5099284703370415,0.05335888269208171,1.603162810143268,0.12932814762589737,0.729107797899375,0.08295972902620391,0.6580945864538875,0.09372102389863998,0.6581106029653487,0.09372985966144057,0.6580866627791396,0.09371348325178391,0.07806200922852749,0.02744228430865229,0.009286613895198378,0.0031566117200449934,0.005039621693411438,0.0018360829253813375,0.06428571428571428,0.003992978531249623,2.7732404786641114,0.0030439285360163012,0.7240164404572146,0.0648846488606241,0.6787680463781119,0.09593493130327993,0.7156772806880443,0.07504177568762728,0.6890492138582814,0.09705223287117964,1.2394149955765879,0.23975146510175285,9,"throughput_2,buffer_size_3,throughput_1,avg_p_latency_3,avg_p_latency_1,buffer_size_1,python_gc_objects_collected_total_1,buffer_size_2,throughput_3",,,0.6310073517262935,0.36981848143041135,41.443087646737695,307.4,814.8,0.5520992930601186,3.0,,,False,30,,0.4735588560689393,0.5551711658515911,0.5492794478756451,0.3730772268359984,0.4873339624243359,0.49630676893108666,0.4004462436258976,0.4993216237415001,0.523856236526461,0.38904020762407177,0.5237284387006309,0.5099284703370415,2.087498494640934,1.5311146981309645,1.603162810143268
throughput_3,8,18,mrmr,classic_quantile,aic,5,5,0.5154069107607424,0.05108471690892726,0.4344401380247366,0.03146842614928721,0.4684997262005191,0.04595629378374067,0.468644606390136,0.035769739301722246,1.7083757316466173,0.12739866996450364,0.7062853668950784,0.061494666791135515,0.597698310986563,0.055679960966242954,0.5976772566787962,0.0555982696389169,0.5977263027245675,0.055764256474589914,0.041342819002449196,0.026429381805942277,0.004434792559698056,0.0028130078983781763,0.002338765188367865,0.0015158095094833335,0.05620915032679739,0.0014614823382351578,2.891942858075035,0.0009991602450575802,0.6980075293998345,0.04916483506175513,0.6353022639414888,0.08980350599200553,0.6674085365743883,0.07608364867119663,0.6537500013026324,0.08713575045389486,1.3603059098938253,0.29174608909988914,9,"throughput_2,buffer_size_3,throughput_1,avg_p_latency_3,avg_p_latency_1,buffer_size_1,python_gc_objects_collected_total_1,buffer_size_2,throughput_3",,,0.4905272889882326,0.4060286173596978,41.191609328612685,273.6,848.6,0.48193845829716536,1.0,,,False,30,,0.46892395750496424,0.5095339228543356,0.5154069107607424,0.3504407330071166,0.4456268331670586,0.4344401380247366,0.37900848463009856,0.4553878499173593,0.4684997262005191,0.3693214845927265,0.4778012414240892,0.468644606390136,2.140942349303013,1.7074371643859414,1.7083757316466173
throughput_3,8,20,mrmr,classic_quantile,aic,5,5,0.5314535010150745,0.01682413340478966,0.4543137364185602,0.02941390243013381,0.47948519168405734,0.04123489224666698,0.47558322556300114,0.029075308569705763,1.6948006186535793,0.14939726757870134,0.7052191814959612,0.07742253643754808,0.6116400563992828,0.08099577016343507,0.6117085768382102,0.08090875161968053,0.611590278364286,0.08108742624111032,0.05631735086975777,0.026931671422670334,0.0063566511058495544,0.002321014689306855,0.0034470038816694763,0.0013053496874868497,0.05255475793556289,0.0036703153444268516,2.9950890958009166,0.0036145353408172,0.6944462753871652,0.06663596530621058,0.6355411427041248,0.09426099683363232,0.664716341315964,0.08745961974867265,0.6568113271324948,0.08625257230091281,1.4332546908015826,0.41303115986262423,9,"throughput_2,buffer_size_3,throughput_1,avg_p_latency_3,avg_p_latency_1,buffer_size_1,python_gc_objects_collected_total_1,buffer_size_2,throughput_3",,,0.6842028070241213,0.42326685395091773,42.255276870913804,238.8,883.4,0.4972903529054177,1.0,,,False,30,,0.43702506178542,0.5104286804983468,0.5314535010150745,0.33262367784148655,0.43183023947436555,0.4543137364185602,0.35363787864737606,0.4698074287672168,0.47948519168405734,0.35345508815181204,0.4508074360777088,0.47558322556300114,2.1427539613077395,1.6759478295460084,1.6948006186535793
throughput_3,8,10,mrmr,kmeans,bic,5,5,0.6797342234878246,0.08495699098253691,0.5417804910376056,0.10294694335277639,0.5779067728835706,0.0859047458123852,0.5549304320905175,0.1055679260487617,1.1448637756385356,0.20363248080286334,0.8438815370720457,0.020133412559480132,0.7190910592978726,0.055550814297618226,0.718940080948559,0.055834045865125394,0.7192704146562177,0.055266369764661115,0.22278989147670725,0.10084770006789665,0.03630499600370173,0.013262806072116754,0.0227246219462447,0.010010800409733863,0.10222222222222221,0.004969039949999527,1.9902911641689027,0.07565296109919907,0.8076962444900067,0.07146462669041469,0.6921323936575765,0.08721871158634573,0.7007638759741057,0.10116516361843529,0.7099391971067235,0.0718793872814951,0.8198574483884364,0.1689147928963331,9,"throughput_2,buffer_size_3,throughput_1,avg_p_latency_3,avg_p_latency_1,buffer_size_1,python_gc_objects_collected_total_1,buffer_size_2,throughput_3",,,0.34929412268102167,0.23384279608726502,36.58209074661136,688.2,434.0,0.6565416979775217,3.0,,,False,30,,0.47090331315882616,0.6947227235425864,0.6797342234878246,0.4389126327048122,0.5252370221363288,0.5417804910376056,0.5123673890356162,0.5322565128609538,0.5779067728835706,0.42974795836904967,0.544411524536689,0.5549304320905175,2.165057434084253,1.0675485678719816,1.1448637756385356
throughput_3,8,12,mrmr,kmeans,bic,5,5,0.6695679226924316,0.11175741008793912,0.5384663562419304,0.10469987413680223,0.5504474592544304,0.09787768272680665,0.5501773925042939,0.09921731437680814,1.2732920246498325,0.21838535557181027,0.8360377648995323,0.01765139156100593,0.7115802790175823,0.049997131710459636,0.7114670847599877,0.050268454287658755,0.7117219252873972,0.04972284084953842,0.19694588755926562,0.10143113641248733,0.02704029824715775,0.011095891338608783,0.01663092248863269,0.008324069325799339,0.08484848484848484,0.0033879817840905936,2.2436103393438946,0.06718240780996969,0.8005653387754584,0.05394119641278048,0.6872869021213066,0.07484273566511428,0.7007451548574243,0.07516719345552171,0.7055866963634281,0.06617389158181816,1.017029862649933,0.20801308665758866,9,"throughput_2,buffer_size_3,throughput_1,avg_p_latency_3,avg_p_latency_1,buffer_size_1,python_gc_objects_collected_total_1,buffer_size_2,throughput_3",,,0.3443893935531378,0.23025877363979816,35.80529698077589,644.2,478.0,0.6454103911642984,5.0,,,False,30,,0.49085940860599087,0.6940038380769616,0.6695679226924316,0.42679501221059707,0.533708865822962,0.5384663562419304,0.4871041534775661,0.5567287815107825,0.5504474592544304,0.4150748443876595,0.5424041138308601,0.5501773925042939,2.272765689603441,1.1583985045430918,1.2732920246498325
throughput_3,8,14,mrmr,kmeans,bic,5,5,0.6742090117031189,0.06678310388610104,0.49645578571239024,0.09150824466233577,0.502714082939669,0.08529256618646243,0.5119740765408434,0.09238097681163493,1.3630935291134405,0.23420529529547696,0.8269520938789181,0.02670836564148657,0.6620799984903682,0.04062197814599398,0.6618616148124109,0.0410022952400693,0.6623476870388662,0.04025453666477496,0.19694588755926562,0.10143113641248733,0.023450489892150508,0.009403608885195749,0.014411337270276037,0.0070608418319674906,0.0738095238095238,0.005323971374999499,2.3294845794232657,0.06987455822536805,0.8192674679857905,0.05253673623280008,0.6824227592424676,0.07503882189328893,0.6821273233475161,0.08045222977184069,0.7041343816391447,0.0616515788720751,0.989629278755461,0.20088142476081006,9,"throughput_2,buffer_size_3,throughput_1,avg_p_latency_3,avg_p_latency_1,buffer_size_1,python_gc_objects_collected_total_1,buffer_size_2,throughput_3",,,0.34177858103066683,0.22015057671815158,36.14463006518781,624.2,498.0,0.6439388020388662,3.0,,,False,30,,0.49549414844056294,0.6934747929771763,0.6742090117031189,0.38684485352371384,0.5044892092956319,0.49645578571239024,0.43951198868571834,0.5208661299779687,0.502714082939669,0.38141735105849023,0.5178616765109947,0.5119740765408434,2.415396097689834,1.2315659859370105,1.3630935291134405
throughput_3,8,16,mrmr,kmeans,bic,5,5,0.6065020325300038,0.07252787029314518,0.4178429184669034,0.09757612821959914,0.4327568666557397,0.09359836166705099,0.4272592727490977,0.09329034827330308,1.5884009134689587,0.2911560302530232,0.8101996339699971,0.03491635307156211,0.6266778050892817,0.059836541741147074,0.6265853570443423,0.060031053779734625,0.6267902833305504,0.05965046680270489,0.13936251097216998,0.09876428886372066,0.014811788890992533,0.009113647105057715,0.00879756952317321,0.006054065759571337,0.06538461538461539,0.006450196088941704,2.4531347814744526,0.04538780166623037,0.7589032934786397,0.026826219642378437,0.5795182958112136,0.04598430370597522,0.5837796186453078,0.05631917859929042,0.6095383683341626,0.039207740313633055,1.1840810895567722,0.20354687914878197,9,"throughput_2,buffer_size_3,throughput_1,avg_p_latency_3,avg_p_latency_1,buffer_size_1,python_gc_objects_collected_total_1,buffer_size_2,throughput_3",,,0.33348138350993395,0.22957739047706127,35.450933072716,600.2,522.0,0.5794645053705552,3.0,,,False,30,,0.4621725610830424,0.6539035528402246,0.6065020325300038,0.345280651699285,0.4290364014225134,0.4178429184669034,0.3870005117601003,0.4463249648565329,0.4327568666557397,0.3504379380011806,0.4382835680928136,0.4272592727490977,2.484107182711325,1.3243356401536956,1.5884009134689587
throughput_3,8,18,mrmr,kmeans,bic,5,5,0.6505165848416594,0.0698284007074805,0.45427366118485396,0.06811580905003498,0.4754894439255456,0.06510648027678786,0.46349069340885657,0.05961963571764245,1.549392670638305,0.12149681993677347,0.8112675653925457,0.022094576265623382,0.6187897149582797,0.05005928383542189,0.6187600522982335,0.05036461706585883,0.6188579136719439,0.0497489249995223,0.11264533660950822,0.09945730463534223,0.010787005009317698,0.008159371026082373,0.006325414323423856,0.005457348510016636,0.057777777777777775,0.004969039949999534,2.579336931801359,0.042010088314061104,0.7998551794728785,0.053614173204150524,0.6552258729626911,0.08495793249024969,0.6594841223119191,0.08738875420254734,0.6763758604410215,0.0760180038282649,1.1679672036306974,0.2591770187553628,9,"throughput_2,buffer_size_3,throughput_1,avg_p_latency_3,avg_p_latency_1,buffer_size_1,python_gc_objects_collected_total_1,buffer_size_2,throughput_3",,,0.3496686764061451,0.2552964609116316,36.322454299777746,594.8,527.4,0.5528485835995118,3.0,,,False,30,,0.44166646825491307,0.5981398501276978,0.6505165848416594,0.338014280796133,0.4390319561648969,0.45427366118485396,0.3830499740406402,0.4728666400193148,0.4754894439255456,0.3381445753268907,0.4442428946844923,0.46349069340885657,2.594224150939148,1.5664816099344896,1.549392670638305
throughput_3,8,20,mrmr,kmeans,bic,5,5,0.6380287077998041,0.0748115380446859,0.40824920083124605,0.045901906330380715,0.4156957014792459,0.04772812288182834,0.4269789692372682,0.03987332687111084,1.6129445685466048,0.23656375860171006,0.8018264992388925,0.030271273209187464,0.5821745544493571,0.03570734725955415,0.5821273802377998,0.03589858818844752,0.5822551971823944,0.03551771730225865,0.10337617439916953,0.09989120332196658,0.009056227972247224,0.0072889673845021475,0.005287253226947876,0.004915743879590737,0.05302631578947368,0.005417154960589184,2.625955140505276,0.0765636420584377,0.7980743940195776,0.06293558191291924,0.634041127213551,0.08397402468254128,0.6400423677499487,0.08455061355737001,0.6576315275566725,0.07492750479390861,1.1749921473563236,0.3248148425119265,9,"throughput_2,buffer_size_3,throughput_1,avg_p_latency_3,avg_p_latency_1,buffer_size_1,python_gc_objects_collected_total_1,buffer_size_2,throughput_3",,,0.3608194377273321,0.2801565255969763,37.100902502425015,479.2,643.0,0.4664549251617334,3.0,,,False,30,,0.42561575103610616,0.6216275160594473,0.6380287077998041,0.2753680154753642,0.41284109214358544,0.40824920083124605,0.3092032945695835,0.4226193073787495,0.4156957014792459,0.2970900252214432,0.42625491471153404,0.4269789692372682,2.5898791982993496,1.5916189851711628,1.6129445685466048
throughput_3,8,10,mrmr,kmeans,aic,5,5,0.6576521064185409,0.09580174952938036,0.5174434628281791,0.08128199283263032,0.5465758445280109,0.07038445763249469,0.5243535500734856,0.0968577986962761,1.2965940797228304,0.3992812306136702,0.8438815370720457,0.020133412559480132,0.7190910592978726,0.055550814297618226,0.718940080948559,0.055834045865125394,0.7192704146562177,0.055266369764661115,0.22278989147670725,0.10084770006789665,0.03630499600370173,0.013262806072116754,0.0227246219462447,0.010010800409733863,0.10222222222222221,0.004969039949999527,1.9902911641689027,0.07565296109919907,0.8016354895852811,0.1018189404821561,0.6963790772884577,0.09099638229242961,0.7120182689587965,0.08137391068763827,0.709701700212603,0.08711170852558374,0.9440808272312747,0.49860377704475267,9,"throughput_2,buffer_size_3,throughput_1,avg_p_latency_3,avg_p_latency_1,buffer_size_1,python_gc_objects_collected_total_1,buffer_size_2,throughput_3",,,0.5754899544641375,0.27179870326071975,38.24657608475536,677.6,444.6,0.6548191539369308,3.0,,,False,30,,0.4846226129081924,0.669237606805047,0.6576521064185409,0.4470635337474361,0.502894549262568,0.5174434628281791,0.5138402578046579,0.5192093459516696,0.5465758445280109,0.44482598248413485,0.5114201109490557,0.5243535500734856,2.131854171556918,1.1315161320769747,1.2965940797228304
throughput_3,8,12,mrmr,kmeans,aic,5,5,0.6157823057985439,0.14190432345662932,0.4830966504133679,0.09979860075050076,0.5042534717542695,0.08429800939378543,0.5070502059171372,0.10055157277668303,1.4001571849705932,0.27892361166670276,0.8360377648995323,0.01765139156100593,0.7115802790175823,0.049997131710459636,0.7114670847599877,0.050268454287658755,0.7117219252873972,0.04972284084953842,0.19694588755926562,0.10143113641248733,0.02704029824715775,0.011095891338608783,0.01663092248863269,0.008324069325799339,0.08484848484848484,0.0033879817840905936,2.2436103393438946,0.06718240780996969,0.8067940474643732,0.05740070068257651,0.7029097906454472,0.10095808192813575,0.7166606871551451,0.1005097044859007,0.7267149443676423,0.09191382918397199,1.0196871906114704,0.24083422752971798,9,"throughput_2,buffer_size_3,throughput_1,avg_p_latency_3,avg_p_latency_1,buffer_size_1,python_gc_objects_collected_total_1,buffer_size_2,throughput_3",,,0.5913770072162151,0.2618876310065389,38.57474075071514,624.0,498.2,0.6294503917391744,3.0,,,False,30,,0.5336174589644811,0.664763501126185,0.6157823057985439,0.46827922795385846,0.5340070746091685,0.4830966504133679,0.5366580784745201,0.5832596929725291,0.5042534717542695,0.4462776763957207,0.534452835805029,0.5070502059171372,2.140414717435549,1.179864360032043,1.4001571849705932
throughput_3,8,14,mrmr,kmeans,aic,5,5,0.6734959992254004,0.06414466562399576,0.49034552236210766,0.09427114915271116,0.4972900835346265,0.08102468143563242,0.5135572334992554,0.10185488395778121,1.3257769648947968,0.20228194837643435,0.8269520938789181,0.02670836564148657,0.6620799984903682,0.04062197814599398,0.6618616148124109,0.0410022952400693,0.6623476870388662,0.04025453666477496,0.19694588755926562,0.10143113641248733,0.023450489892150508,0.009403608885195749,0.014411337270276037,0.0070608418319674906,0.0738095238095238,0.005323971374999499,2.3294845794232657,0.06987455822536805,0.8222950726162447,0.05742222335470245,0.689439026452753,0.07544153574646113,0.689083460413625,0.07495347800441886,0.7133202080171899,0.06795837940479285,0.9852908706565391,0.23682503198530228,9,"throughput_2,buffer_size_3,throughput_1,avg_p_latency_3,avg_p_latency_1,buffer_size_1,python_gc_objects_collected_total_1,buffer_size_2,throughput_3",,,0.5746510153636336,0.2745348379015923,38.66776760108769,569.4,552.8,0.6381292492489933,3.0,,,False,30,,0.5061893356063384,0.6653141334247614,0.6734959992254004,0.4070342069515959,0.4910520884734634,0.49034552236210766,0.4549348244337832,0.5041798267562093,0.4972900835346265,0.39981165013325554,0.5065618736588414,0.5135572334992554,2.3880794753652905,1.2192644645241555,1.3257769648947968
throughput_3,8,16,mrmr,kmeans,aic,5,5,0.5635290625600196,0.141737152092471,0.3719178113191684,0.10355314658547703,0.38718915642620144,0.10310744797812738,0.39832754843739243,0.09719124780563361,1.6027846816891178,0.24028630585044475,0.8101996339699971,0.03491635307156211,0.6266778050892817,0.059836541741147074,0.6265853570443423,0.060031053779734625,0.6267902833305504,0.05965046680270489,0.13936251097216998,0.09876428886372066,0.014811788890992533,0.009113647105057715,0.00879756952317321,0.006054065759571337,0.06538461538461539,0.006450196088941704,2.4531347814744526,0.04538780166623037,0.7605061429888802,0.02966285866964805,0.5925680270960865,0.035749379631895735,0.6082837621259791,0.059874497580042284,0.6200631014982664,0.04331583800876903,1.2139734519103795,0.2359593106955712,9,"throughput_2,buffer_size_3,throughput_1,avg_p_latency_3,avg_p_latency_1,buffer_size_1,python_gc_objects_collected_total_1,buffer_size_2,throughput_3",,,0.42522550616413357,0.3016020700335503,38.580587099306285,513.4,608.8,0.5247488235595437,3.0,,,False,30,,0.42472861240343296,0.5596311446135971,0.5635290625600196,0.32584416071464944,0.39946332754903685,0.3719178113191684,0.36726044630420235,0.4169458678187429,0.38718915642620144,0.32690343505676694,0.41583733510205345,0.39832754843739243,2.4065915686360575,1.5669571736118328,1.6027846816891178
throughput_3,8,18,mrmr,kmeans,aic,5,5,0.5501443643919156,0.14854222433820172,0.38597782563213034,0.11524126746224886,0.40721655469865575,0.10620087899326912,0.40684056558827847,0.10157204969325902,1.7493685269807044,0.5111182377362565,0.8112675653925457,0.022094576265623382,0.6187897149582797,0.05005928383542189,0.6187600522982335,0.05036461706585883,0.6188579136719439,0.0497489249995223,0.11264533660950822,0.09945730463534223,0.010787005009317698,0.008159371026082373,0.006325414323423856,0.005457348510016636,0.057777777777777775,0.004969039949999534,2.579336931801359,0.042010088314061104,0.7993208963027985,0.054382585147055906,0.6557581718782414,0.08020133216059289,0.6616264927185718,0.0777637779058958,0.6812821274628403,0.07916124271716907,1.1826224303368107,0.27407437510570665,9,"throughput_2,buffer_size_3,throughput_1,avg_p_latency_3,avg_p_latency_1,buffer_size_1,python_gc_objects_collected_total_1,buffer_size_2,throughput_3",,,0.4103056462481618,0.3335723763331771,38.598798918537796,459.8,662.4,0.5451643370422463,5.0,,,False,30,,0.29424859881619614,0.5316257224171947,0.5501443643919156,0.17656316818173698,0.3584424868649785,0.38597782563213034,0.20465939603073977,0.3799069632634241,0.40721655469865575,0.19757017661750967,0.3782534838645798,0.40684056558827847,3.1145794499497668,1.8493136251923523,1.7493685269807044
throughput_3,8,20,mrmr,kmeans,aic,5,5,0.6351766578889307,0.10070049112576177,0.42213959896587444,0.0600837499492494,0.435673480248908,0.04792178665631052,0.4417183412839451,0.06056479344714729,1.5415349990083116,0.32645873551520554,0.8018264992388925,0.030271273209187464,0.5821745544493571,0.03570734725955415,0.5821273802377998,0.03589858818844752,0.5822551971823944,0.03551771730225865,0.10337617439916953,0.09989120332196658,0.009056227972247224,0.0072889673845021475,0.005287253226947876,0.004915743879590737,0.05302631578947368,0.005417154960589184,2.625955140505276,0.0765636420584377,0.800389621089925,0.06297183182987068,0.6280399304426002,0.06653030984867038,0.634173004113541,0.06423138926586372,0.6549100879284449,0.06441450307421587,1.2323045815933649,0.4207086268346933,9,"throughput_2,buffer_size_3,throughput_1,avg_p_latency_3,avg_p_latency_1,buffer_size_1,python_gc_objects_collected_total_1,buffer_size_2,throughput_3",,,0.41809927485883236,0.33175379652529957,38.99454605486244,438.6,683.6,0.5126279109836546,3.0,,,False,30,,0.4801713642633447,0.6203797442234402,0.6351766578889307,0.36343246736348467,0.42304722833435215,0.42213959896587444,0.4117505485095089,0.429866680632943,0.435673480248908,0.3630302570175099,0.4419736054505842,0.4417183412839451,2.3171672956507123,1.5481794004164187,1.5415349990083116
throughput_3,8,10,mrmr,fixed,bic,5,5,0.635011420580537,0.042574746953554066,0.4541632804190459,0.05562095997392286,0.44190411398265006,0.07535301031499793,0.5088114134386266,0.04366627474147405,0.9393378524418701,0.15676119035120134,0.9014480883424364,0.027202521841161776,0.8687204479088372,0.03230982188348073,0.8687190895955791,0.03213260522855243,0.8687300995176622,0.032498931048512376,0.39371288708149005,0.10157443242011968,0.1396706141474087,0.0270229532522992,0.09842822177037251,0.02539360810502992,0.25,0.0,1.267152534905198,0.0466768380115378,0.6944559406521043,0.07430909998792257,0.6370132882901245,0.06144972037226136,0.65089721170094,0.08368138150186206,0.6522539547142553,0.043533326670232755,0.8401313601249705,0.21506364782236229,7,"buffer_size_3,avg_p_latency_3,avg_p_latency_1,buffer_size_1,python_gc_objects_collected_total_1,buffer_size_2,throughput_3",,,0.22960280794650317,0.21860499996691943,32.627538283355534,549.8,572.4,0.5151565557676989,5.0,,,False,30,,,,0.635011420580537,,,0.4541632804190459,,,0.44190411398265006,,,0.5088114134386266,,,0.9393378524418701
throughput_3,8,12,mrmr,fixed,bic,5,5,0.610956614492312,0.07729617626077283,0.393097451595397,0.09281983288035951,0.4092182967459384,0.12893111829100845,0.42752241082841624,0.06691472043873871,0.9748962127419969,0.13349726868024922,0.9014480883424364,0.027202521841161776,0.8687204479088372,0.03230982188348073,0.8687190895955791,0.03213260522855243,0.8687300995176622,0.032498931048512376,0.39371288708149005,0.10157443242011968,0.1396706141474087,0.0270229532522992,0.09842822177037251,0.02539360810502992,0.25,0.0,1.267152534905198,0.0466768380115378,0.7190242518926491,0.062100635149225564,0.6708872513560961,0.040562343026535067,0.6875583875234598,0.08000751140581068,0.6934378003932282,0.026073337254476518,0.731183648206083,0.0892194600392609,7,"buffer_size_3,avg_p_latency_3,avg_p_latency_1,buffer_size_1,python_gc_objects_collected_total_1,buffer_size_2,throughput_3",,,0.22840144019573927,0.23780130110681058,32.82735504116863,470.6,651.6,0.5307607205519423,1.0,,,False,30,,,,0.610956614492312,,,0.393097451595397,,,0.4092182967459384,,,0.42752241082841624,,,0.9748962127419969
throughput_3,8,14,mrmr,fixed,bic,5,5,0.627358758609086,0.08088141468413687,0.48924203805258665,0.08200025543455164,0.5279487868013809,0.09903398264332827,0.507414650129966,0.07532168603712007,0.9266451045280206,0.16931179793463397,0.9014480883424364,0.027202521841161776,0.8687204479088372,0.03230982188348073,0.8687190895955791,0.03213260522855243,0.8687300995176622,0.032498931048512376,0.39371288708149005,0.10157443242011968,0.1396706141474087,0.0270229532522992,0.09842822177037251,0.02539360810502992,0.25,0.0,1.267152534905198,0.0466768380115378,0.7183053780069273,0.048355199476145916,0.6593197745078095,0.03648399345698879,0.6895041299878313,0.06321228028336937,0.6743130462995328,0.03264186552772296,0.71724219879083,0.09272870966793963,7,"buffer_size_3,avg_p_latency_3,avg_p_latency_1,buffer_size_1,python_gc_objects_collected_total_1,buffer_size_2,throughput_3",,,0.23660803623497487,0.2575738556683064,33.34612644184381,407.4,714.8,0.5822530338191327,4.0,,,False,30,,,,0.627358758609086,,,0.48924203805258665,,,0.5279487868013809,,,0.507414650129966,,,0.9266451045280206
throughput_3,8,16,mrmr,fixed,bic,5,5,0.6375241070280617,0.08682569786720265,0.5041994661574021,0.1344440481162401,0.5034452024118314,0.1551284573512679,0.5395826103221275,0.134354795274491,0.895993312061244,0.1687491303640965,0.9014480883424364,0.027202521841161776,0.8687204479088372,0.03230982188348073,0.8687190895955791,0.03213260522855243,0.8687300995176622,0.032498931048512376,0.39371288708149005,0.10157443242011968,0.1396706141474087,0.0270229532522992,0.09842822177037251,0.02539360810502992,0.25,0.0,1.267152534905198,0.0466768380115378,0.7140371336310023,0.02753790503559222,0.6475395872147652,0.062271320742479465,0.6496627279581524,0.055925163070097685,0.6752949681391036,0.07756036876893574,0.7351825443850037,0.1286214299397004,7,"buffer_size_3,avg_p_latency_3,avg_p_latency_1,buffer_size_1,python_gc_objects_collected_total_1,buffer_size_2,throughput_3",,,0.24041029643267392,0.2722981903702021,33.28147035744041,362.8,759.4,0.6248939142097744,3.0,,,False,30,,,,0.6375241070280617,,,0.5041994661574021,,,0.5034452024118314,,,0.5395826103221275,,,0.895993312061244
throughput_3,8,18,mrmr,fixed,bic,5,5,0.6540895837003952,0.06498398115756399,0.5122322863857484,0.07054543261353247,0.5227254894452706,0.08261517359097882,0.523953290635368,0.06493395852858158,0.9079516486393289,0.14446936103605737,0.9014480883424364,0.027202521841161776,0.8687204479088372,0.03230982188348073,0.8687190895955791,0.03213260522855243,0.8687300995176622,0.032498931048512376,0.39371288708149005,0.10157443242011968,0.1396706141474087,0.0270229532522992,0.09842822177037251,0.02539360810502992,0.25,0.0,1.267152534905198,0.0466768380115378,0.7293530927263335,0.03645069850705308,0.6771253962901662,0.01437633084935968,0.6747032535840527,0.024285336449549246,0.7010222021727759,0.01523953030470964,0.6369370718323002,0.046016499584175,7,"buffer_size_3,avg_p_latency_3,avg_p_latency_1,buffer_size_1,python_gc_objects_collected_total_1,buffer_size_2,throughput_3",,,0.2491093885153532,0.27326476741582156,33.2897752802819,324.4,797.8,0.5724522906116778,4.0,,,False,30,,,,0.6540895837003952,,,0.5122322863857484,,,0.5227254894452706,,,0.523953290635368,,,0.9079516486393289
throughput_3,8,20,mrmr,fixed,bic,5,5,0.6704615692306228,0.07861447284511308,0.5100398253708802,0.14926626009102148,0.5431839291217628,0.15594143077168687,0.521854834389829,0.13084538480004704,0.8801074770649743,0.14738601589412073,0.9014480883424364,0.027202521841161776,0.8687204479088372,0.03230982188348073,0.8687190895955791,0.03213260522855243,0.8687300995176622,0.032498931048512376,0.39371288708149005,0.10157443242011968,0.1396706141474087,0.0270229532522992,0.09842822177037251,0.02539360810502992,0.25,0.0,1.267152534905198,0.0466768380115378,0.7175990214315366,0.030147740020085398,0.6447734592530034,0.06028757883801889,0.6530831748853487,0.057543976481717975,0.6663305691398417,0.07456139431768133,0.7132778590598972,0.13684696020250445,7,"buffer_size_3,avg_p_latency_3,avg_p_latency_1,buffer_size_1,python_gc_objects_collected_total_1,buffer_size_2,throughput_3",,,0.24354240465909244,0.28295117914676665,33.24255201499909,284.6,837.6,0.672503112981319,5.0,,,False,30,,,,0.6704615692306228,,,0.5100398253708802,,,0.5431839291217628,,,0.521854834389829,,,0.8801074770649743
throughput_3,8,10,mrmr,fixed,aic,5,5,0.6234441740753616,0.10226752147080115,0.5103226549400558,0.1024969737091896,0.5115369626385973,0.10640444694671583,0.5406717854968685,0.08281638117125692,0.999408151699716,0.16381891166065743,0.9014480883424364,0.027202521841161776,0.8687204479088372,0.03230982188348073,0.8687190895955791,0.03213260522855243,0.8687300995176622,0.032498931048512376,0.39371288708149005,0.10157443242011968,0.1396706141474087,0.0270229532522992,0.09842822177037251,0.02539360810502992,0.25,0.0,1.267152534905198,0.0466768380115378,0.6597238903166721,0.08418298004997271,0.5661057766127036,0.12107916529871543,0.575079344800922,0.10986900766333729,0.6007521816948914,0.0885280340162721,1.1173078178778546,0.11205124071387464,7,"buffer_size_3,avg_p_latency_3,avg_p_latency_1,buffer_size_1,python_gc_objects_collected_total_1,buffer_size_2,throughput_3",,,0.6149732854217291,0.2633187144994736,34.8336674971506,549.8,572.4,0.6406378496971824,2.0,,,False,30,,,,0.6234441740753616,,,0.5103226549400558,,,0.5115369626385973,,,0.5406717854968685,,,0.999408151699716
throughput_3,8,12,mrmr,fixed,aic,5,5,0.6993330190491156,0.06850542170026024,0.6114838701477094,0.08634085190626574,0.6163431935039052,0.08715953448081955,0.6270848078619438,0.07735641597513997,0.9489148477044849,0.1557444637262189,0.9014480883424364,0.027202521841161776,0.8687204479088372,0.03230982188348073,0.8687190895955791,0.03213260522855243,0.8687300995176622,0.032498931048512376,0.39371288708149005,0.10157443242011968,0.1396706141474087,0.0270229532522992,0.09842822177037251,0.02539360810502992,0.25,0.0,1.267152534905198,0.0466768380115378,0.7528355669074004,0.045501889430468845,0.6750828251565382,0.08716283003963286,0.676758949440526,0.08610877568904833,0.6879947804291092,0.09260021633629768,0.9346605169979199,0.29964430690628313,7,"buffer_size_3,avg_p_latency_3,avg_p_latency_1,buffer_size_1,python_gc_objects_collected_total_1,buffer_size_2,throughput_3",,,0.8397210121154786,0.2959548199549317,36.45179379358888,470.6,651.6,0.7174799335671114,2.0,saved_dbn_models_top5_20260313_192652_seed783122_with_rps_run20260709_161025/best_bins12_dbn_throughput_3_K8_mrmr_fixed_aic_bins12.pkl,saved_dbn_models_top5_20260313_192652_seed783122_with_rps_run20260709_161025/best_bins12_dbn_throughput_3_K8_mrmr_fixed_aic_bins12_edges.csv,False,30,,,,0.6993330190491156,,,0.6114838701477094,,,0.6163431935039052,,,0.6270848078619438,,,0.9489148477044849
throughput_3,8,14,mrmr,fixed,aic,5,5,0.6697585567052855,0.0599823600747616,0.5590082414910216,0.0772530256894693,0.5649560942738497,0.09093864824393565,0.5687327254833088,0.0659570102505566,1.059155419003487,0.1673573361343875,0.9014480883424364,0.027202521841161776,0.8687204479088372,0.03230982188348073,0.8687190895955791,0.03213260522855243,0.8687300995176622,0.032498931048512376,0.39371288708149005,0.10157443242011968,0.1396706141474087,0.0270229532522992,0.09842822177037251,0.02539360810502992,0.25,0.0,1.267152534905198,0.0466768380115378,0.7229160262768449,0.06378406288719,0.627612767387319,0.09539547249498999,0.6352553119685735,0.09943120219121401,0.6352072038489058,0.09400315445573948,1.1329445095311395,0.5165738819404383,7,"buffer_size_3,avg_p_latency_3,avg_p_latency_1,buffer_size_1,python_gc_objects_collected_total_1,buffer_size_2,throughput_3",,,1.1167889161035418,0.327704138122499,38.50810502003878,407.4,714.8,0.6692577754803135,2.0,,,False,30,,,,0.6697585567052855,,,0.5590082414910216,,,0.5649560942738497,,,0.5687327254833088,,,1.059155419003487
throughput_3,8,16,mrmr,fixed,aic,5,5,0.6699368098247152,0.058425729454979695,0.5663231618310138,0.07245869103464682,0.5813208296108074,0.07321852631965167,0.5796234502163161,0.05675627854018488,1.0818714882220912,0.20373676842635538,0.9014480883424364,0.027202521841161776,0.8687204479088372,0.03230982188348073,0.8687190895955791,0.03213260522855243,0.8687300995176622,0.032498931048512376,0.39371288708149005,0.10157443242011968,0.1396706141474087,0.0270229532522992,0.09842822177037251,0.02539360810502992,0.25,0.0,1.267152534905198,0.0466768380115378,0.7617368005754793,0.05519599387241588,0.6948039714799142,0.11294864654226278,0.6889825475303185,0.10510583747776257,0.7113708979570849,0.11932698876984178,1.035138060393364,0.38225932557705683,7,"buffer_size_3,avg_p_latency_3,avg_p_latency_1,buffer_size_1,python_gc_objects_collected_total_1,buffer_size_2,throughput_3",,,1.0524913094937802,0.34005895908921957,38.31863311678171,362.8,759.4,0.6876253315780106,2.0,,,False,30,,,,0.6699368098247152,,,0.5663231618310138,,,0.5813208296108074,,,0.5796234502163161,,,1.0818714882220912
throughput_3,8,18,mrmr,fixed,aic,5,5,0.7004146012003117,0.051880272178038,0.6047115038882043,0.050689292779490525,0.6184045400408357,0.05595049843876207,0.6084077532661537,0.04609590275492497,0.9021769637328022,0.19521439363783313,0.9014480883424364,0.027202521841161776,0.8687204479088372,0.03230982188348073,0.8687190895955791,0.03213260522855243,0.8687300995176622,0.032498931048512376,0.39371288708149005,0.10157443242011968,0.1396706141474087,0.0270229532522992,0.09842822177037251,0.02539360810502992,0.25,0.0,1.267152534905198,0.0466768380115378,0.6697060491882763,0.07847757503589084,0.598720344294064,0.07031348246363572,0.5997344020151633,0.06522856539773168,0.6252425767038414,0.059149590903487634,1.3265534259679814,0.7033454055890257,7,"buffer_size_3,avg_p_latency_3,avg_p_latency_1,buffer_size_1,python_gc_objects_collected_total_1,buffer_size_2,throughput_3",,,0.8516544094309211,0.32633926048874856,37.23258502036333,324.4,797.8,0.6735913154091631,2.0,,,False,30,,,,0.7004146012003117,,,0.6047115038882043,,,0.6184045400408357,,,0.6084077532661537,,,0.9021769637328022
throughput_3,8,20,mrmr,fixed,aic,5,5,0.6902519511811848,0.06487672865830953,0.5782007417960704,0.11558810972683801,0.6237618048561602,0.10503963308073583,0.583395778587883,0.10050030741362628,0.9539061090181704,0.2543006967790621,0.9014480883424364,0.027202521841161776,0.8687204479088372,0.03230982188348073,0.8687190895955791,0.03213260522855243,0.8687300995176622,0.032498931048512376,0.39371288708149005,0.10157443242011968,0.1396706141474087,0.0270229532522992,0.09842822177037251,0.02539360810502992,0.25,0.0,1.267152534905198,0.0466768380115378,0.7535439832933519,0.07864856475630255,0.7053748248792456,0.0741605153915154,0.7167910450239502,0.07628623031661926,0.7215528786872757,0.05701638458103527,1.0122284875744838,0.8297721850690107,7,"buffer_size_3,avg_p_latency_3,avg_p_latency_1,buffer_size_1,python_gc_objects_collected_total_1,buffer_size_2,throughput_3",,,0.9765918070450426,0.33296222407370807,38.19790200795978,284.6,837.6,0.6794915058403895,1.0,,,False,30,,,,0.6902519511811848,,,0.5782007417960704,,,0.6237618048561602,,,0.583395778587883,,,0.9539061090181704
throughput_3,8,10,mrmr,decision_tree,bic,5,0,,0.0,,0.0,,0.0,,0.0,,0.0,,0.0,,0.0,,0.0,,0.0,,0.0,,0.0,,0.0,,0.0,,0.0,,0.0,,0.0,,0.0,,0.0,,0.0,0,,,,,,26.73352788668126,,,,,,,False,30,"Unknown label type: continuous. Maybe you are trying to fit a classifier, which expects discrete classes on a regression target with continuous values.",,,,,,,,,,,,,,,
throughput_3,8,12,mrmr,decision_tree,bic,5,0,,0.0,,0.0,,0.0,,0.0,,0.0,,0.0,,0.0,,0.0,,0.0,,0.0,,0.0,,0.0,,0.0,,0.0,,0.0,,0.0,,0.0,,0.0,,0.0,0,,,,,,26.73175880033523,,,,,,,False,30,"Unknown label type: continuous. Maybe you are trying to fit a classifier, which expects discrete classes on a regression target with continuous values.",,,,,,,,,,,,,,,
throughput_3,8,14,mrmr,decision_tree,bic,5,0,,0.0,,0.0,,0.0,,0.0,,0.0,,0.0,,0.0,,0.0,,0.0,,0.0,,0.0,,0.0,,0.0,,0.0,,0.0,,0.0,,0.0,,0.0,,0.0,0,,,,,,26.72620147652924,,,,,,,False,30,"Unknown label type: continuous. Maybe you are trying to fit a classifier, which expects discrete classes on a regression target with continuous values.",,,,,,,,,,,,,,,
throughput_3,8,16,mrmr,decision_tree,bic,5,0,,0.0,,0.0,,0.0,,0.0,,0.0,,0.0,,0.0,,0.0,,0.0,,0.0,,0.0,,0.0,,0.0,,0.0,,0.0,,0.0,,0.0,,0.0,,0.0,0,,,,,,26.736853676848114,,,,,,,False,30,"Unknown label type: continuous. Maybe you are trying to fit a classifier, which expects discrete classes on a regression target with continuous values.",,,,,,,,,,,,,,,
throughput_3,8,18,mrmr,decision_tree,bic,5,0,,0.0,,0.0,,0.0,,0.0,,0.0,,0.0,,0.0,,0.0,,0.0,,0.0,,0.0,,0.0,,0.0,,0.0,,0.0,,0.0,,0.0,,0.0,,0.0,0,,,,,,26.72923028562218,,,,,,,False,30,"Unknown label type: continuous. Maybe you are trying to fit a classifier, which expects discrete classes on a regression target with continuous values.",,,,,,,,,,,,,,,
throughput_3,8,20,mrmr,decision_tree,bic,5,0,,0.0,,0.0,,0.0,,0.0,,0.0,,0.0,,0.0,,0.0,,0.0,,0.0,,0.0,,0.0,,0.0,,0.0,,0.0,,0.0,,0.0,,0.0,,0.0,0,,,,,,26.72663824725896,,,,,,,False,30,"Unknown label type: continuous. Maybe you are trying to fit a classifier, which expects discrete classes on a regression target with continuous values.",,,,,,,,,,,,,,,
throughput_3,8,10,mrmr,decision_tree,aic,5,0,,0.0,,0.0,,0.0,,0.0,,0.0,,0.0,,0.0,,0.0,,0.0,,0.0,,0.0,,0.0,,0.0,,0.0,,0.0,,0.0,,0.0,,0.0,,0.0,0,,,,,,26.731162515468895,,,,,,,False,30,"Unknown label type: continuous. Maybe you are trying to fit a classifier, which expects discrete classes on a regression target with continuous values.",,,,,,,,,,,,,,,
throughput_3,8,12,mrmr,decision_tree,aic,5,0,,0.0,,0.0,,0.0,,0.0,,0.0,,0.0,,0.0,,0.0,,0.0,,0.0,,0.0,,0.0,,0.0,,0.0,,0.0,,0.0,,0.0,,0.0,,0.0,0,,,,,,26.734018300659955,,,,,,,False,30,"Unknown label type: continuous. Maybe you are trying to fit a classifier, which expects discrete classes on a regression target with continuous values.",,,,,,,,,,,,,,,
throughput_3,8,14,mrmr,decision_tree,aic,5,0,,0.0,,0.0,,0.0,,0.0,,0.0,,0.0,,0.0,,0.0,,0.0,,0.0,,0.0,,0.0,,0.0,,0.0,,0.0,,0.0,,0.0,,0.0,,0.0,0,,,,,,26.731372812762856,,,,,,,False,30,"Unknown label type: continuous. Maybe you are trying to fit a classifier, which expects discrete classes on a regression target with continuous values.",,,,,,,,,,,,,,,
throughput_3,8,16,mrmr,decision_tree,aic,5,0,,0.0,,0.0,,0.0,,0.0,,0.0,,0.0,,0.0,,0.0,,0.0,,0.0,,0.0,,0.0,,0.0,,0.0,,0.0,,0.0,,0.0,,0.0,,0.0,0,,,,,,26.733163489960134,,,,,,,False,30,"Unknown label type: continuous. Maybe you are trying to fit a classifier, which expects discrete classes on a regression target with continuous values.",,,,,,,,,,,,,,,
throughput_3,8,18,mrmr,decision_tree,aic,5,0,,0.0,,0.0,,0.0,,0.0,,0.0,,0.0,,0.0,,0.0,,0.0,,0.0,,0.0,,0.0,,0.0,,0.0,,0.0,,0.0,,0.0,,0.0,,0.0,0,,,,,,26.730432831682265,,,,,,,False,30,"Unknown label type: continuous. Maybe you are trying to fit a classifier, which expects discrete classes on a regression target with continuous values.",,,,,,,,,,,,,,,
throughput_3,8,20,mrmr,decision_tree,aic,5,0,,0.0,,0.0,,0.0,,0.0,,0.0,,0.0,,0.0,,0.0,,0.0,,0.0,,0.0,,0.0,,0.0,,0.0,,0.0,,0.0,,0.0,,0.0,,0.0,0,,,,,,26.734093707986176,,,,,,,False,30,"Unknown label type: continuous. Maybe you are trying to fit a classifier, which expects discrete classes on a regression target with continuous values.",,,,,,,,,,,,,,,
throughput_3,8,10,mrmr,gmm,bic,5,5,0.6522813383428333,0.04236982441728942,0.5701351075029617,0.07767763129243954,0.5700170282149513,0.09800483438204777,0.6088901372002078,0.07181147364002063,1.2624673527822523,0.12329872064654408,0.8362204624422425,0.02873619654550135,0.7974233277142655,0.032251434224201604,0.7972143302186835,0.032522952099967244,0.7976509099968723,0.03197883534206169,0.10337585694036378,0.06535745277056243,0.018233256489532064,0.01065859418996251,0.010337585694036379,0.006535745277056242,0.1,0.0,2.2781810517198005,0.05804169167165739,0.7567576046621436,0.11224913933924477,0.6928667042860386,0.10714206080497078,0.7019507211006996,0.10900727604247627,0.7139890009478834,0.1132680211873004,1.1873031014313251,0.46948733933267334,9,"throughput_2,buffer_size_3,throughput_1,avg_p_latency_3,avg_p_latency_1,buffer_size_1,python_gc_objects_collected_total_1,buffer_size_2,throughput_3",,,0.36495864260941746,0.24804443977773188,39.487198701128364,635.4,486.8,0.6933492454443908,5.0,,,False,30,,0.5236540143459634,0.6706415683734839,0.6522813383428333,0.4582886269528699,0.5830742778743154,0.5701351075029617,0.5077758013992377,0.5985361172364094,0.5700170282149513,0.46669898531598986,0.6043045845509324,0.6088901372002078,1.923924636638769,1.2305801973772315,1.2624673527822523
throughput_3,8,12,mrmr,gmm,bic,5,5,0.678134231106836,0.062060448144680216,0.5906051458479369,0.06000271711856459,0.6019092380147467,0.05152464842889717,0.609844017018325,0.059848157978180674,1.2961194261603615,0.19481234223570282,0.8239257590836869,0.03376640983239505,0.776326610238345,0.039044257648456766,0.7761321735098449,0.0391605515043985,0.776540029246691,0.03893943753177432,0.08662022244338519,0.062354108077986914,0.012995110533127002,0.008230311473279303,0.007265615954979339,0.005144477572459829,0.08484848484848484,0.0033879817840905936,2.438185697412202,0.04259672161737861,0.7729716411619866,0.062335150017699126,0.6651162683565988,0.04834018224045925,0.6722020579169895,0.03296885783248112,0.6894721934226529,0.04292925504879833,1.04161358897615,0.2455851360342734,9,"throughput_2,buffer_size_3,throughput_1,avg_p_latency_3,avg_p_latency_1,buffer_size_1,python_gc_objects_collected_total_1,buffer_size_2,throughput_3",,,0.3733226301148534,0.2785571740940213,40.102119450457394,562.6,559.6,0.6544333981541702,3.0,,,False,30,,0.5323871473627902,0.6872452988319103,0.678134231106836,0.43098357971265255,0.5661237972972591,0.5906051458479369,0.45874467934355234,0.5713731369491812,0.6019092380147467,0.4419224598169803,0.5943749549643008,0.609844017018325,2.0642607632262666,1.201982531043153,1.2961194261603615
throughput_3,8,14,mrmr,gmm,bic,5,5,0.5925717814042155,0.11740825644414676,0.5033303328030737,0.0997704199200983,0.5136070118456748,0.09661277247653469,0.5262774218240279,0.09441907338032407,1.5377301375362882,0.3464518404743985,0.8182194370502998,0.025366281916672808,0.7459148919771363,0.04810232835863551,0.7457697934710376,0.04812087549100289,0.7460799529694221,0.048097620410942656,0.0928514626120828,0.06377435205238283,0.011835705486765956,0.007354859479577523,0.006654773822549214,0.004523532970942733,0.07252747252747252,0.0024572175576920803,2.5747496091462745,0.05104889451896525,0.7200744383847282,0.055598355401657466,0.620996028226358,0.05908762112097639,0.638418814499489,0.08552244901300682,0.6662865209174862,0.040320982418891385,1.1662052046630378,0.23166594138927196,9,"throughput_2,buffer_size_3,throughput_1,avg_p_latency_3,avg_p_latency_1,buffer_size_1,python_gc_objects_collected_total_1,buffer_size_2,throughput_3",,,0.3862396126613021,0.27588022742420437,40.86745422985405,553.0,569.2,0.6187690582542521,3.0,,,False,30,,0.5142062815573895,0.6385755305927114,0.5925717814042155,0.41406279723356887,0.5163725053006936,0.5033303328030737,0.4644904265549826,0.5345070880620271,0.5136070118456748,0.4288698544212134,0.5370469834690287,0.5262774218240279,2.2290549929339574,1.3371624397950206,1.5377301375362882
throughput_3,8,16,mrmr,gmm,bic,5,5,0.5954228789386719,0.1253055686660452,0.47116727786633683,0.09196068676453088,0.4783939791600361,0.07317135112329165,0.517253966678618,0.08111361475166526,1.553845364747197,0.30261312370052135,0.8087718629911287,0.022049777812777952,0.7159320428728471,0.020454364185574902,0.715857788450206,0.02039542402116844,0.7160253781205859,0.02053309480977624,0.08892814796120019,0.06736673648150326,0.009868146035593921,0.006878579748831209,0.005558009247575012,0.004210421030093954,0.0625,0.0,2.678372848445568,0.0556853305473535,0.7571194975329807,0.06236377827706534,0.6304173874044533,0.06933167287322141,0.6312053482529858,0.051171790430798815,0.6779095308178839,0.06984474793796246,1.2074506302347832,0.25546815685425656,9,"throughput_2,buffer_size_3,throughput_1,avg_p_latency_3,avg_p_latency_1,buffer_size_1,python_gc_objects_collected_total_1,buffer_size_2,throughput_3",,,0.39863734450191257,0.3151612635701895,41.92702143173665,462.6,659.6,0.5656230859473326,3.0,,,False,30,,0.514209297416044,0.6139873937108236,0.5954228789386719,0.41442340668548383,0.49739030106008036,0.47116727786633683,0.4483793781496951,0.5207088859920466,0.4783939791600361,0.4272652277132642,0.5198339311263441,0.517253966678618,2.303101732921106,1.6073148807015847,1.553845364747197
throughput_3,8,18,mrmr,gmm,bic,5,5,0.5788547038664895,0.07378958043281159,0.4390835889386821,0.02800784039481927,0.4490584108124557,0.02310898251429466,0.4759810521134118,0.023942062131145952,1.6564387643212524,0.2035387092347401,0.7943384396582237,0.034325559524412554,0.6835675688219769,0.03813328072473363,0.6834946631773233,0.03829088185366011,0.6836574903669116,0.037984300552458605,0.1046144224710041,0.0584017703437071,0.01077094703351201,0.0060639301588389025,0.006090432858608962,0.003824323641818794,0.05694444444444444,0.0031056499687497096,2.8030137386139544,0.08935419194543202,0.7434033774555319,0.09338579726161131,0.6028358114143264,0.08301218695406276,0.6159345434480052,0.09054375090633583,0.6351604615573774,0.063577373498705,1.315149399280656,0.37376818544243606,9,"throughput_2,buffer_size_3,throughput_1,avg_p_latency_3,avg_p_latency_1,buffer_size_1,python_gc_objects_collected_total_1,buffer_size_2,throughput_3",,,0.41305177472531796,0.3617537584155798,42.92962838988751,431.2,691.0,0.47061501433423547,3.0,,,False,30,,0.5093951933562221,0.5580246443270904,0.5788547038664895,0.3754753174925419,0.42941306271372426,0.4390835889386821,0.4103156845274237,0.44841774834008696,0.4490584108124557,0.3807195415047853,0.45907186236549097,0.4759810521134118,2.152036913613356,1.7278837017210258,1.6564387643212524
throughput_3,8,20,mrmr,gmm,bic,5,5,0.5706710920424188,0.09375419429491304,0.42405306478207505,0.057071105268494654,0.44412012740727996,0.06068147468930061,0.4561721354836905,0.05678050969152466,1.7444019648128575,0.23579509370534069,0.7886383080715489,0.03325190318664243,0.6479406381532499,0.03794179925664737,0.6478908535749706,0.03778539355253271,0.6480058896957838,0.03811550231541933,0.11281406596476524,0.0553538359642455,0.010335568884651727,0.0050951694106149085,0.0058635196975252496,0.0032173832161339487,0.05111111111111111,0.0024845199749997634,2.863254789922302,0.09102466936196213,0.7523174453278743,0.0779583102611067,0.6102668870344544,0.05128897528676631,0.622508731292282,0.0489556632918719,0.6404652610416125,0.041246491673600304,1.3607888550596283,0.37995024752308987,9,"throughput_2,buffer_size_3,throughput_1,avg_p_latency_3,avg_p_latency_1,buffer_size_1,python_gc_objects_collected_total_1,buffer_size_2,throughput_3",,,0.4040114840492606,0.3418140945956111,42.627061523497105,402.4,719.8,0.5160957116679772,3.0,,,False,30,,0.4531075248848021,0.5450442299481113,0.5706710920424188,0.30482412423345273,0.3964556247946588,0.42405306478207505,0.3228427652664225,0.42431872403698706,0.44412012740727996,0.3201013566102409,0.4093475881403621,0.4561721354836905,2.514345363752004,1.6729418002170084,1.7444019648128575
throughput_3,8,10,mrmr,gmm,aic,5,5,0.6529929222559258,0.0905809111226539,0.5765553691320179,0.09565470527577412,0.5928915509983695,0.10073953606631281,0.6100004542060828,0.08355741728424707,1.2036782902841763,0.1782654885453713,0.8362204624422425,0.02873619654550135,0.7974233277142655,0.032251434224201604,0.7972143302186835,0.032522952099967244,0.7976509099968723,0.03197883534206169,0.10337585694036378,0.06535745277056243,0.018233256489532064,0.01065859418996251,0.010337585694036379,0.006535745277056242,0.1,0.0,2.2781810517198005,0.05804169167165739,0.7743816607143423,0.11131979572592061,0.70933714440893,0.11361052485799616,0.7115323245943584,0.11892893037257095,0.731579229626137,0.12205625641157401,1.1684531992472535,0.5261222440594026,9,"throughput_2,buffer_size_3,throughput_1,avg_p_latency_3,avg_p_latency_1,buffer_size_1,python_gc_objects_collected_total_1,buffer_size_2,throughput_3",,,0.46663933508098127,0.30324394945055244,40.444350901059806,635.4,486.8,0.7018036628107475,5.0,,,False,30,,0.5136496175415037,0.6801085074198059,0.6529929222559258,0.4518703574132328,0.6111990645271388,0.5765553691320179,0.48276148900601124,0.6263784396756783,0.5928915509983695,0.47293370657105704,0.6168122755888467,0.6100004542060828,2.0313838732206837,1.1723464165513584,1.2036782902841763
throughput_3,8,12,mrmr,gmm,aic,5,5,0.6157713534697453,0.08401441963382704,0.5145184989950368,0.06441954933644561,0.5303623046506025,0.06987076560454285,0.539210094762405,0.051522091681425006,1.3963422277489816,0.20400894504585387,0.8239257590836869,0.03376640983239505,0.776326610238345,0.039044257648456766,0.7761321735098449,0.0391605515043985,0.776540029246691,0.03893943753177432,0.08662022244338519,0.062354108077986914,0.012995110533127002,0.008230311473279303,0.007265615954979339,0.005144477572459829,0.08484848484848484,0.0033879817840905936,2.438185697412202,0.04259672161737861,0.7729716411619866,0.062335150017699126,0.6673954323004421,0.04976446076185361,0.6749511036358891,0.03617822732142767,0.6917594825379715,0.04430914340957845,1.0185419070735144,0.2608388429521182,9,"throughput_2,buffer_size_3,throughput_1,avg_p_latency_3,avg_p_latency_1,buffer_size_1,python_gc_objects_collected_total_1,buffer_size_2,throughput_3",,,0.8058849737048149,0.2963966023176908,43.52546363230795,562.6,559.6,0.588803542536382,3.0,,,False,30,,0.48264055885448165,0.6490802424750359,0.6157713534697453,0.40112653433487583,0.5337850130021984,0.5145184989950368,0.43160970703770385,0.5420257616490224,0.5303623046506025,0.41811954369778415,0.5543653037474001,0.539210094762405,2.217974850017584,1.3142441422760507,1.3963422277489816
throughput_3,8,14,mrmr,gmm,aic,5,5,0.6089609097099539,0.12960779309516263,0.50903136799761,0.10323828953670597,0.5194097240754849,0.09967947540176152,0.5378144801727002,0.10051496177472294,1.4944630832913712,0.37699641605633366,0.8182194370502998,0.025366281916672808,0.7459148919771363,0.04810232835863551,0.7457697934710376,0.04812087549100289,0.7460799529694221,0.048097620410942656,0.0928514626120828,0.06377435205238283,0.011835705486765956,0.007354859479577523,0.006654773822549214,0.004523532970942733,0.07252747252747252,0.0024572175576920803,2.5747496091462745,0.05104889451896525,0.7200744383847282,0.055598355401657466,0.620996028226358,0.05908762112097639,0.638418814499489,0.08552244901300682,0.6662865209174862,0.040320982418891385,1.1662052046630378,0.23166594138927196,9,"throughput_2,buffer_size_3,throughput_1,avg_p_latency_3,avg_p_latency_1,buffer_size_1,python_gc_objects_collected_total_1,buffer_size_2,throughput_3",,,0.7371415965259075,0.2934039022773504,43.28757300134748,504.8,617.4,0.6369337002417456,5.0,,,False,30,,0.5314852468956498,0.6040107745518672,0.6089609097099539,0.4358196502373864,0.48904176529759075,0.50903136799761,0.4708509368615452,0.5055374492195203,0.5194097240754849,0.44620399268770095,0.5123710259650929,0.5378144801727002,1.98475439175242,1.4511673623660788,1.4944630832913712
throughput_3,8,16,mrmr,gmm,aic,5,5,0.6184175313450888,0.09831184987409503,0.48390479158075445,0.0670860617665847,0.49881877497616867,0.045947252231389214,0.5241733176696638,0.06022722927805397,1.5348717153273927,0.23062113148752855,0.8087718629911287,0.022049777812777952,0.7159320428728471,0.020454364185574902,0.715857788450206,0.02039542402116844,0.7160253781205859,0.02053309480977624,0.08892814796120019,0.06736673648150326,0.009868146035593921,0.006878579748831209,0.005558009247575012,0.004210421030093954,0.0625,0.0,2.678372848445568,0.0556853305473535,0.7571194975329807,0.06236377827706534,0.6304173874044533,0.06933167287322141,0.6312053482529858,0.051171790430798815,0.6779095308178839,0.06984474793796246,1.2074506302347832,0.25546815685425656,9,"throughput_2,buffer_size_3,throughput_1,avg_p_latency_3,avg_p_latency_1,buffer_size_1,python_gc_objects_collected_total_1,buffer_size_2,throughput_3",,,0.4775204611942172,0.29650656282901766,41.944216791540384,462.6,659.6,0.5656230859473326,3.0,,,False,30,,0.5298955719258479,0.6298519213400572,0.6184175313450888,0.4362566789148746,0.5085479829550648,0.48390479158075445,0.4715212056800948,0.5293859549847098,0.49881877497616867,0.44167820396077834,0.5304679950962558,0.5241733176696638,2.0793536398724632,1.4739222288463736,1.5348717153273927
throughput_3,8,18,mrmr,gmm,aic,5,5,0.5922171799181909,0.09557115437077086,0.4552805339302385,0.06500780470798623,0.4763380229341571,0.06695592496169502,0.48796423689038465,0.05373460807140697,1.6115359522365167,0.2776147090403558,0.7943384396582237,0.034325559524412554,0.6835675688219769,0.03813328072473363,0.6834946631773233,0.03829088185366011,0.6836574903669116,0.037984300552458605,0.1046144224710041,0.0584017703437071,0.01077094703351201,0.0060639301588389025,0.006090432858608962,0.003824323641818794,0.05694444444444444,0.0031056499687497096,2.8030137386139544,0.08935419194543202,0.7437595662355853,0.09340259950083844,0.6100377437879295,0.08463479544169943,0.6235141293866031,0.09349271482523469,0.636973945742989,0.06376707981529771,1.3031777193972176,0.3801117899649402,9,"throughput_2,buffer_size_3,throughput_1,avg_p_latency_3,avg_p_latency_1,buffer_size_1,python_gc_objects_collected_total_1,buffer_size_2,throughput_3",,,0.44650679249316455,0.3322466714307666,43.71911779791117,419.8,702.4,0.5488852824921743,5.0,,,False,30,,0.4869270463791442,0.6264625724004488,0.5922171799181909,0.38057507722749623,0.4746038513668944,0.4552805339302385,0.41238587694051754,0.4893614924528703,0.4763380229341571,0.3922801197688124,0.5033700240811425,0.48796423689038465,2.220339447696777,1.5199716333334856,1.6115359522365167
throughput_3,8,20,mrmr,gmm,aic,5,5,0.570141412025022,0.10549244818274829,0.41201442768470964,0.05379192733289235,0.4256090821530384,0.04811153621608981,0.44950114829003807,0.05511298337756331,1.82229050807737,0.3478592942403619,0.7886383080715489,0.03325190318664243,0.6479406381532499,0.03794179925664737,0.6478908535749706,0.03778539355253271,0.6480058896957838,0.03811550231541933,0.11281406596476524,0.0553538359642455,0.010335568884651727,0.0050951694106149085,0.0058635196975252496,0.0032173832161339487,0.05111111111111111,0.0024845199749997634,2.863254789922302,0.09102466936196213,0.7533860116680345,0.0786199075443774,0.6122476049308887,0.053240523991386214,0.6263997115934454,0.053389991850901146,0.6418518960282474,0.04226652445198648,1.3501347610034398,0.38698986067536517,9,"throughput_2,buffer_size_3,throughput_1,avg_p_latency_3,avg_p_latency_1,buffer_size_1,python_gc_objects_collected_total_1,buffer_size_2,throughput_3",,,0.4336526719853282,0.35116686038672923,43.77916230261326,379.2,743.0,0.49585617862074755,3.0,,,False,30,,0.43346365017309435,0.6064910802012053,0.570141412025022,0.30730349989027705,0.4596847449832887,0.41201442768470964,0.3436615809231943,0.4753124925903708,0.4256090821530384,0.3300246409252242,0.47740658361501653,0.44950114829003807,2.4990241991086393,1.4760197844307132,1.82229050807737
throughput_3,12,10,markov,classic_uniform,bic,5,5,0.6677815819924667,0.11378835686706973,0.5590236876494812,0.1282926881554383,0.5816036519771284,0.11555046051438382,0.5733745394649061,0.11813668581246262,1.1650861781054176,0.21834941777372613,0.84013742791701,0.009229171725588358,0.7423261662874467,0.054108708622897066,0.742176680683933,0.05453911088740914,0.7425050960111026,0.05367658619948395,0.2960368442689955,0.09053872269343984,0.04752473461742217,0.013456737490103362,0.031239156797666045,0.010394466140289058,0.10500000000000001,0.011180339887498947,1.9647219631547401,0.10254477174422971,0.8119591016690804,0.050935283784767804,0.703762599118023,0.11157143921598645,0.7075207045832776,0.11633611183380527,0.7196564676511091,0.09866527027186728,0.8771154432244922,0.19084924116629065,13,"throughput_2,throughput_1,buffer_size_3,python_gc_objects_collected_total_1,python_gc_objects_collected_total_2,python_gc_objects_collected_total_3,python_gc_collections_total_1,python_gc_collections_total_4,python_gc_collections_total_7,python_gc_objects_collected_total_5,avg_p_latency_1,python_gc_objects_collected_total_6,throughput_3",1.0,padded,0.8342514054849743,0.3122444888576865,34.12869309913367,873.2,249.0,0.7135776941350883,3.0,,,False,30,,0.39426431302708076,0.6713461681928499,0.6677815819924667,0.31119970574899913,0.5165814294048786,0.5590236876494812,0.32896825703076477,0.5246427935218098,0.5816036519771284,0.34652933927295754,0.5344715049618209,0.5733745394649061,2.1704487428847776,1.1316903052999046,1.1650861781054176
throughput_3,12,12,markov,classic_uniform,bic,5,5,0.6998787307362029,0.04911813140060991,0.5355972835338465,0.07832629688693404,0.541607249710168,0.07266508983705516,0.5499724930049389,0.07330232001189899,1.2175389820932634,0.11952820616743752,0.8278519308638213,0.04472689587866569,0.692593490145958,0.02639677341794929,0.6923654466388766,0.026694441967247608,0.6928722198014307,0.026146382411857245,0.21405755210689473,0.10227875305879253,0.029104783274363288,0.011270807777793716,0.018124414655264508,0.008459175558584017,0.08484848484848484,0.0033879817840905936,2.1761885919300097,0.05295867424122732,0.826567278166325,0.04437207833507364,0.701035355355154,0.07075706879598678,0.7045032052997372,0.08193755501253218,0.7166360190691667,0.05199706518016884,0.9192092481675653,0.12596908399226345,13,"throughput_2,throughput_1,buffer_size_3,python_gc_objects_collected_total_1,python_gc_objects_collected_total_2,python_gc_objects_collected_total_3,python_gc_collections_total_1,python_gc_collections_total_4,python_gc_collections_total_7,python_gc_objects_collected_total_5,avg_p_latency_1,python_gc_objects_collected_total_6,throughput_3",1.0,padded,0.8453056968748569,0.32570838592946527,35.22947417572141,836.0,286.2,0.6275049235410293,3.0,,,False,30,,0.4605711401374279,0.6510530902233799,0.6998787307362029,0.3585960238909426,0.48075820767452593,0.5355972835338465,0.3828237177090863,0.5035281225787815,0.541607249710168,0.3704777273093211,0.4870614252662069,0.5499724930049389,2.0953002647489507,1.2135051979641216,1.2175389820932634
throughput_3,12,14,markov,classic_uniform,bic,5,4,0.6627220425934479,0.06260054379252791,0.5141082758533372,0.09322017491209889,0.5179160205323443,0.08927298233966631,0.5300922641299457,0.08962450553790305,1.3501285881538343,0.1903871383340579,0.8302573559173527,0.017824663990775157,0.6829446111384049,0.027110041397601738,0.6825598573075555,0.027962249198730235,0.6833928987794491,0.0261951465949613,0.1577254394026695,0.06328294406626199,0.02050470618575204,0.007486888966926847,0.012043919768763935,0.005128337122050172,0.07577838827838827,0.005663606628595688,2.3501308855810334,0.06648129147428293,0.7972320503354322,0.05667005729366441,0.6831424079393319,0.09501852872905507,0.683422845816491,0.10087453283289548,0.7128113144176889,0.07952039012518634,1.0596090758025793,0.22223276668252415,13,"throughput_2,throughput_1,buffer_size_3,python_gc_objects_collected_total_1,python_gc_objects_collected_total_2,python_gc_objects_collected_total_3,python_gc_collections_total_1,python_gc_collections_total_4,python_gc_collections_total_7,python_gc_objects_collected_total_5,avg_p_latency_1,python_gc_objects_collected_total_6,throughput_3",1.0,padded,0.8805492795072496,0.3009195097256452,33.91440379712731,822.5,299.75,0.6184929273426388,3.0,,,False,30,,0.35133265238419503,0.6836648000088887,0.6627220425934479,0.27131851327266693,0.5219534326223436,0.5141082758533372,0.3053183264160143,0.5307937780433089,0.5179160205323443,0.28483800650070895,0.5416188125906592,0.5300922641299457,2.727076490498582,1.3726478811412788,1.3501285881538343
throughput_3,12,16,markov,classic_uniform,bic,5,4,0.5847414615485957,0.11376879732357936,0.42259164365662394,0.11363855188495058,0.42706003252074864,0.11160563292151071,0.4422459121878212,0.1070817301948725,1.5412836752770758,0.2498864893654822,0.7943910584552772,0.015757815702324086,0.6001430801945219,0.029013542334840534,0.5999964393261898,0.02914165760063824,0.6003131064904264,0.028901548782943376,0.1341080915487704,0.04135857624719841,0.015128639331391825,0.003690166749169411,0.008634413603132503,0.002460952316564712,0.06473214285714285,0.004464285714285712,2.4250513650202947,0.06616372928505758,0.7662901306553682,0.056045484433656846,0.6089354875398589,0.07453608158767616,0.6116749533477169,0.078782850273838,0.6361158674668639,0.05710182686699152,1.1585612797989975,0.2370505670600227,13,"throughput_2,throughput_1,buffer_size_3,python_gc_objects_collected_total_1,python_gc_objects_collected_total_2,python_gc_objects_collected_total_3,python_gc_collections_total_1,python_gc_collections_total_4,python_gc_collections_total_7,python_gc_objects_collected_total_5,avg_p_latency_1,python_gc_objects_collected_total_6,throughput_3",1.0,padded,0.8946983455680311,0.36136156250722706,34.60720107983798,782.5,339.75,0.51374752330761,5.0,,,False,30,,0.3023174095996368,0.6154887357679248,0.5847414615485957,0.18941710566538683,0.43052013150580803,0.42259164365662394,0.2231959069334642,0.44654875487561746,0.42706003252074864,0.20158551952670054,0.4425393546324324,0.4422459121878212,2.8519293020715155,1.449136395230231,1.5412836752770758
throughput_3,12,18,markov,classic_uniform,bic,5,4,0.6613956600206665,0.05693869861104546,0.49017558223434116,0.07589915059002934,0.4879211190258705,0.07396497014623882,0.5073643749242837,0.07276759730360755,1.4357061002702332,0.20790735912719144,0.7935051499754764,0.03260765734392384,0.604895932582038,0.04621311744463643,0.6046993069625449,0.04660412079846886,0.6051285805139073,0.0458222956406796,0.1171609500272221,0.06103853896513085,0.01161543927872556,0.005234810356168133,0.006607971178973221,0.003215971129059882,0.05833333333333333,0.005555555555555557,2.5820308907755365,0.09856176235013088,0.7705277947668137,0.053997986524126386,0.642864679628109,0.08649339632519497,0.6398187781501053,0.09127913948207382,0.6693680761027967,0.0747318551496288,1.2139114858741633,0.26703832878985667,13,"throughput_2,throughput_1,buffer_size_3,python_gc_objects_collected_total_1,python_gc_objects_collected_total_2,python_gc_objects_collected_total_3,python_gc_collections_total_1,python_gc_collections_total_4,python_gc_collections_total_7,python_gc_objects_collected_total_5,avg_p_latency_1,python_gc_objects_collected_total_6,throughput_3",1.0,padded,0.9110828242264688,0.3184434990398586,34.09079766925424,763.0,359.25,0.5932417792985033,3.0,,,False,30,,0.35022968144596134,0.596580690885599,0.6613956600206665,0.25917199642927496,0.4364052457457044,0.49017558223434116,0.28264354822277354,0.45972602756834635,0.4879211190258705,0.27785709526891544,0.4390567808155593,0.5073643749242837,2.620550914832227,1.5984499382242485,1.4357061002702332
throughput_3,12,20,markov,classic_uniform,bic,5,3,0.5621904445957665,0.17431807783648684,0.3702261392885851,0.14548412571706518,0.3751649245003446,0.1392084492188389,0.385616918359632,0.14359094998422628,1.6461666049172932,0.4660602619189169,0.7760690557558192,0.023972896728567936,0.5831998818241857,0.04085157139472147,0.5831445168507491,0.04113146336372369,0.5832940064122625,0.04058353986684275,0.052864033980790565,0.01919590608003336,0.005251829880071265,0.0013225357494365732,0.0027731779319569373,0.0007412191648561968,0.05416666666666667,0.00721687836487032,2.655925078640986,0.0886144931411966,0.7640817100441645,0.06886392300957854,0.6239493460454815,0.10562162689417556,0.6294479072116769,0.11311835156186577,0.6461799227185194,0.09183310484536772,1.2295974728466539,0.3980344381999776,13,"throughput_2,throughput_1,buffer_size_3,python_gc_objects_collected_total_1,python_gc_objects_collected_total_2,python_gc_objects_collected_total_3,python_gc_collections_total_1,python_gc_collections_total_4,python_gc_collections_total_7,python_gc_objects_collected_total_5,avg_p_latency_1,python_gc_objects_collected_total_6,throughput_3",1.0,padded,0.9312656909848253,0.3753845908989509,34.12854371778667,760.0,362.3333333333333,0.4864272932278335,3.0,,,False,30,,0.2744531904345429,0.5960572145423646,0.5621904445957665,0.1981064460653593,0.42187241455428914,0.3702261392885851,0.24718973199159092,0.4383429243682572,0.3751649245003446,0.2008193232220763,0.43866981529756366,0.385616918359632,2.990818681000107,1.6710768952484873,1.6461666049172932
throughput_3,12,10,markov,classic_uniform,aic,5,4,0.647799097782074,0.09101426969275322,0.541349778227442,0.12868150152224372,0.55734724243067,0.13630748452718947,0.5638316562198682,0.11561259476997457,1.304769249762559,0.2506898012620673,0.8378277563757633,0.008832115458044909,0.7444400560888751,0.062240498052577316,0.744147101470184,0.0627705007787858,0.7447670728737747,0.06170459960591063,0.27735443323285763,0.0927512651941996,0.045881861054612554,0.014948293822848572,0.029779783786743876,0.011395676280448094,0.10625000000000001,0.012499999999999997,1.9755262268166767,0.11507545145508061,0.8221515988883361,0.0515703534599043,0.7176436976940104,0.10823030345424968,0.7132880328939698,0.10495315459082134,0.7394771197476626,0.11921525117251272,0.8319407036206853,0.2918149812412227,13,"avg_p_latency_3,throughput_2,throughput_1,buffer_size_3,python_gc_objects_collected_total_1,python_gc_objects_collected_total_2,python_gc_objects_collected_total_3,python_gc_collections_total_1,python_gc_collections_total_4,python_gc_collections_total_7,python_gc_objects_collected_total_5,avg_p_latency_1,throughput_3",2.0,padded,0.982865221099928,0.41338302311487496,35.79324315767735,846.25,276.0,0.7083714626185313,3.0,,,False,30,,0.3208191072106006,0.5437710217252935,0.647799097782074,0.27720377393183515,0.4171971389085355,0.541349778227442,0.30148555600401655,0.4393897859400927,0.55734724243067,0.30352024731202903,0.43416586851722794,0.5638316562198682,2.6680618400577427,1.4860219595983577,1.304769249762559
throughput_3,12,12,markov,classic_uniform,aic,5,5,0.5644684231662389,0.17601213310609817,0.39897196278188035,0.14610894847272782,0.41527187710456276,0.1311798670680393,0.42454290335956546,0.13877710593720446,1.621824941225638,0.6266201124957621,0.8278519308638213,0.04472689587866569,0.692593490145958,0.02639677341794929,0.6923654466388766,0.026694441967247608,0.6928722198014307,0.026146382411857245,0.21405755210689473,0.10227875305879253,0.029104783274363288,0.011270807777793716,0.018124414655264508,0.008459175558584017,0.08484848484848484,0.0033879817840905936,2.1761885919300097,0.05295867424122732,0.7756322826186847,0.15550359873778186,0.6709265157986215,0.12881951632012006,0.6723853500822979,0.13354598212233534,0.6836371632375815,0.12358788907443681,1.185845901200444,0.6569336997708591,13,"throughput_2,throughput_1,buffer_size_3,python_gc_objects_collected_total_1,python_gc_objects_collected_total_2,python_gc_objects_collected_total_3,python_gc_collections_total_1,python_gc_collections_total_4,python_gc_collections_total_7,python_gc_objects_collected_total_5,avg_p_latency_1,python_gc_objects_collected_total_6,throughput_3",1.0,padded,0.787195279635489,0.34565902724862096,34.410764900036156,836.0,286.2,0.6198931435672858,3.0,,,False,30,,0.4288470054904501,0.6145537402202846,0.5644684231662389,0.31685565537935206,0.4322048149996567,0.39897196278188035,0.32339512858068137,0.4462588596790937,0.41527187710456276,0.3453351080552925,0.4566212935983958,0.42454290335956546,2.160514129630024,1.7083105141562533,1.621824941225638
throughput_3,12,14,markov,classic_uniform,aic,5,4,0.6137476726301303,0.09638561255831782,0.4798914009470152,0.09513706672567188,0.4787636918524384,0.09042282449877884,0.5051604984068887,0.1057724894391338,1.473184176450812,0.24326051722099937,0.8302573559173527,0.017824663990775157,0.6829446111384049,0.027110041397601738,0.6825598573075555,0.027962249198730235,0.6833928987794491,0.0261951465949613,0.1577254394026695,0.06328294406626199,0.02050470618575204,0.007486888966926847,0.012043919768763935,0.005128337122050172,0.07577838827838827,0.005663606628595688,2.3501308855810334,0.06648129147428293,0.7418534492320075,0.11209509655859731,0.6258624702018516,0.09019821600891129,0.6226179286878155,0.08952897490145288,0.658836849998259,0.09371828509207226,1.3533652374738268,0.37537170561440447,13,"throughput_2,throughput_1,buffer_size_3,python_gc_objects_collected_total_1,python_gc_objects_collected_total_2,python_gc_objects_collected_total_3,python_gc_collections_total_1,python_gc_collections_total_4,python_gc_collections_total_7,python_gc_objects_collected_total_5,avg_p_latency_1,python_gc_objects_collected_total_6,throughput_3",1.0,padded,0.8033855543471873,0.330889048287645,32.83546213246882,792.25,330.0,0.6167881407222976,3.0,,,False,30,,0.39678719783874045,0.6845546767237616,0.6137476726301303,0.3126431818074614,0.5293021859085436,0.4798914009470152,0.3431472339399199,0.5405858851673788,0.4787636918524384,0.330872811220222,0.5436234794245806,0.5051604984068887,2.6302733152369013,1.2569177056815732,1.473184176450812
throughput_3,12,16,markov,classic_uniform,aic,5,4,0.6500266665396831,0.06155199419788696,0.46078250126364195,0.05073568482971332,0.46654049115834395,0.0543579856240004,0.47562296744690274,0.04301672057864823,1.3849309710096422,0.15926092252836344,0.7943910584552772,0.015757815702324086,0.6001430801945219,0.029013542334840534,0.5999964393261898,0.02914165760063824,0.6003131064904264,0.028901548782943376,0.1341080915487704,0.04135857624719841,0.015128639331391825,0.003690166749169411,0.008634413603132503,0.002460952316564712,0.06473214285714285,0.004464285714285712,2.4250513650202947,0.06616372928505758,0.7707424904060362,0.0562954609361949,0.6189150786604496,0.06595221236216914,0.6217118008041975,0.0697545929336365,0.6462974292186227,0.05818530950450756,1.1997234100532796,0.2486726811632813,13,"throughput_2,throughput_1,buffer_size_3,python_gc_objects_collected_total_1,python_gc_objects_collected_total_2,python_gc_objects_collected_total_3,python_gc_collections_total_1,python_gc_collections_total_4,python_gc_collections_total_7,python_gc_objects_collected_total_5,avg_p_latency_1,python_gc_objects_collected_total_6,throughput_3",1.0,padded,0.8189818563405424,0.3504270005505532,32.935965961776674,761.0,361.25,0.51374752330761,5.0,,,False,30,,0.3020945932003498,0.6335368641101708,0.6500266665396831,0.2198358276654388,0.4440944202627892,0.46078250126364195,0.2606236598909789,0.4482595320038452,0.46654049115834395,0.22698946293996022,0.4610590526205636,0.47562296744690274,2.9030185713940653,1.3304317203913152,1.3849309710096422
throughput_3,12,18,markov,classic_uniform,aic,5,4,0.6239625049404527,0.05330443037790424,0.44699262266364165,0.03474677309862749,0.4527227192520158,0.03922296846564729,0.46100660108718516,0.029986571876656272,1.6113023046858266,0.12312158880796793,0.7935051499754764,0.03260765734392384,0.604895932582038,0.04621311744463643,0.6046993069625449,0.04660412079846886,0.6051285805139073,0.0458222956406796,0.1171609500272221,0.06103853896513085,0.01161543927872556,0.005234810356168133,0.006607971178973221,0.003215971129059882,0.05833333333333333,0.005555555555555557,2.5820308907755365,0.09856176235013088,0.7734218286047476,0.054336822249801034,0.635334987750591,0.06628621956189024,0.6326800868744088,0.0700166987878909,0.6605654737880795,0.05849017276079924,1.2454564887998163,0.2650290657253388,13,"throughput_2,throughput_1,buffer_size_3,python_gc_objects_collected_total_1,python_gc_objects_collected_total_2,python_gc_objects_collected_total_3,python_gc_collections_total_1,python_gc_collections_total_4,python_gc_collections_total_7,python_gc_objects_collected_total_5,avg_p_latency_1,python_gc_objects_collected_total_6,throughput_3",1.0,padded,0.8280827905982733,0.38230108423158526,33.48819686751813,735.25,387.0,0.4949374462281735,5.0,,,False,30,,0.30833980155650054,0.6203962520813393,0.6239625049404527,0.2284384043694173,0.44731102493348546,0.44699262266364165,0.26635477924809026,0.46534309123478446,0.4527227192520158,0.24498025746580004,0.4597840283409708,0.46100660108718516,2.705564049174316,1.629229514936118,1.6113023046858266
throughput_3,12,20,markov,classic_uniform,aic,5,3,0.582986641862552,0.08348614965865614,0.3884376822281794,0.053283865961932964,0.39348296799330074,0.05821643497869842,0.40942562348527184,0.035889791819783044,1.662792368184908,0.23376847576181795,0.7760690557558192,0.023972896728567936,0.5831998818241857,0.04085157139472147,0.5831445168507491,0.04113146336372369,0.5832940064122625,0.04058353986684275,0.052864033980790565,0.01919590608003336,0.005251829880071265,0.0013225357494365732,0.0027731779319569373,0.0007412191648561968,0.05416666666666667,0.00721687836487032,2.655925078640986,0.0886144931411966,0.7646753580109201,0.06637321345552713,0.6312167729705472,0.10975028525768948,0.6340892316697095,0.11575742479748029,0.6601467290561033,0.10570359169021422,1.3324220412894292,0.4784891845277213,13,"throughput_2,throughput_1,buffer_size_3,python_gc_objects_collected_total_1,python_gc_objects_collected_total_2,python_gc_objects_collected_total_3,python_gc_collections_total_1,python_gc_collections_total_4,python_gc_collections_total_7,python_gc_objects_collected_total_5,avg_p_latency_1,python_gc_objects_collected_total_6,throughput_3",1.0,padded,0.8586817989125848,0.3993299889067809,32.17758885771036,721.3333333333334,401.0,0.4211690727452539,3.0,,,False,30,,0.28247458080887444,0.5990280998661911,0.582986641862552,0.2270000827785156,0.4275574745574433,0.3884376822281794,0.26056289636831625,0.4464795753799468,0.39348296799330074,0.23112573582119897,0.45252236304650406,0.40942562348527184,2.7632437590221257,1.599386044023646,1.662792368184908
throughput_3,12,10,markov,classic_quantile,bic,5,5,0.6089724969563638,0.0637774859540526,0.5830948229346966,0.05907795420648112,0.6131428414929918,0.06944248598707811,0.59158820567418,0.045762348360875685,1.3929063699427942,0.26229812447726153,0.7800764440804251,0.06225503487212486,0.7679407933133596,0.07896882005665559,0.7679133222173409,0.07895607847395807,0.7679724438804054,0.07898238752811838,0.12385766416985315,0.03125044852503501,0.022394782451540685,0.0049987192273113065,0.012645223735266164,0.0031051308720831095,0.10222222222222221,0.004969039949999527,2.3020577196971415,0.0009517940344618842,0.7824073164471119,0.0646733589867934,0.7784328932304787,0.079140625623861,0.8074859346459204,0.05524102345823008,0.7780362993804569,0.08598053676530423,1.036344780494246,0.3372278333048503,13,"throughput_2,throughput_1,buffer_size_3,python_gc_objects_collected_total_1,python_gc_objects_collected_total_2,python_gc_objects_collected_total_3,python_gc_collections_total_1,python_gc_collections_total_4,python_gc_collections_total_7,python_gc_objects_collected_total_5,avg_p_latency_1,python_gc_objects_collected_total_6,throughput_3",1.0,padded,0.777803524211049,0.33068687804043295,36.920922964811325,814.2,308.0,0.6381501565558356,5.0,,,False,30,,0.462522241957578,0.5804708866465715,0.6089724969563638,0.38335496113533485,0.5439582011231273,0.5830948229346966,0.4099117263928071,0.5600573875465342,0.6131428414929918,0.39623670762133417,0.5751001740925628,0.59158820567418,1.9197692542112628,1.40967913534433,1.3929063699427942
throughput_3,12,12,markov,classic_quantile,bic,5,5,0.5956112907398854,0.049019620973358144,0.5383453646288536,0.06626884402262785,0.5742513437519137,0.0674418039803015,0.5520837929935424,0.06017415126793587,1.4395261404454875,0.1678871222073275,0.7708044247408345,0.048959984369407926,0.7222195032035362,0.05813522115959483,0.7222547967726296,0.0582434191600385,0.7221901761557051,0.05802949320423394,0.08609101861419709,0.04257819914778734,0.013355308039095898,0.006457900030392748,0.007361957487552129,0.0037740902007221975,0.08484848484848484,0.0033879817840905936,2.485201431477434,0.0026288291523938498,0.7581826766762896,0.05655974371777986,0.7138528143528895,0.09645931441810439,0.7373934701923539,0.10171523417606362,0.7183407933301095,0.08888482809987204,1.1757618714216307,0.31681658895454545,13,"throughput_2,throughput_1,buffer_size_3,python_gc_objects_collected_total_1,python_gc_objects_collected_total_2,python_gc_objects_collected_total_3,python_gc_collections_total_1,python_gc_collections_total_4,python_gc_collections_total_7,python_gc_objects_collected_total_5,avg_p_latency_1,python_gc_objects_collected_total_6,throughput_3",1.0,padded,0.8062114642933011,0.353203197196126,38.05618841946125,762.8,359.4,0.6046821108279979,2.0,,,False,30,,0.3571719499748414,0.5175543608522499,0.5956112907398854,0.29387795503227354,0.473316137687549,0.5383453646288536,0.31872933898547695,0.4825297228541647,0.5742513437519137,0.30859988314491715,0.5065025506896295,0.5520837929935424,2.145500740614419,1.5434843522588617,1.4395261404454875
throughput_3,12,14,markov,classic_quantile,bic,5,5,0.5451797848581673,0.10523083226588494,0.4895931187640855,0.09099405324410215,0.5195115308983109,0.09988077516771739,0.4967421251448575,0.07891055417580575,1.5604809862859987,0.22574608558403747,0.7367666503175382,0.04786873523693396,0.6824842045059076,0.05145720694979357,0.6825086532494955,0.051396653291766355,0.6824661523453844,0.05151946855818522,0.09196368906179811,0.05125425396000638,0.0119055621911632,0.0057840992406215696,0.0066187849829356295,0.0036056460577057244,0.07252747252747252,0.0024572175576920803,2.6396758233140054,0.0016480612567759453,0.7252631011874014,0.0758728543613446,0.6937984038422438,0.10097557475734274,0.7265789059344672,0.08891880742281993,0.6970605890483442,0.0995865366110133,1.2186535946816934,0.291261698173875,13,"throughput_2,buffer_size_3,throughput_1,python_gc_objects_collected_total_1,python_gc_objects_collected_total_2,python_gc_objects_collected_total_3,python_gc_collections_total_1,python_gc_collections_total_4,python_gc_collections_total_7,python_gc_objects_collected_total_5,avg_p_latency_1,python_gc_objects_collected_total_6,throughput_3",2.0,padded,0.8429511729627848,0.3775257127359509,38.42523077130318,727.8,394.4,0.6071716201280271,1.0,,,False,30,,0.40939059020353874,0.5079347241203613,0.5451797848581673,0.3225004785912709,0.4516356801553374,0.4895931187640855,0.3503342007876093,0.4847336055552815,0.5195115308983109,0.34801206200981233,0.4694739848467204,0.4967421251448575,2.2955511723582496,1.6910355434872155,1.5604809862859987
throughput_3,12,16,markov,classic_quantile,bic,5,5,0.5692437972517591,0.05819793087933772,0.5034121969276033,0.0363045655408256,0.5262788591309653,0.04469871671119228,0.5196759040636496,0.04595219648933624,1.6012750183502042,0.10501033612591264,0.729107797899375,0.08295972902620391,0.6580945864538875,0.09372102389863998,0.6581106029653487,0.09372985966144057,0.6580866627791396,0.09371348325178391,0.07806200922852749,0.02744228430865229,0.009286613895198378,0.0031566117200449934,0.005039621693411438,0.0018360829253813375,0.06428571428571428,0.003992978531249623,2.7732404786641114,0.0030439285360163012,0.7240164404572146,0.0648846488606241,0.6787680463781119,0.09593493130327993,0.7156772806880443,0.07504177568762728,0.6890492138582814,0.09705223287117964,1.239414995576588,0.2397514651017529,13,"throughput_2,buffer_size_3,throughput_1,python_gc_objects_collected_total_1,python_gc_objects_collected_total_2,python_gc_objects_collected_total_3,python_gc_collections_total_1,python_gc_collections_total_4,python_gc_collections_total_7,python_gc_objects_collected_total_5,avg_p_latency_1,python_gc_objects_collected_total_6,throughput_3",2.0,padded,0.863415165618062,0.3764229312539101,38.319850619882345,695.6,426.6,0.5520992930601186,3.0,,,False,30,,0.391206867268886,0.5036574429010655,0.5692437972517591,0.2967798063326047,0.4309832767026898,0.5034121969276033,0.3255313054985255,0.45112585683191286,0.5262788591309653,0.30285969551131336,0.4663199152963931,0.5196759040636496,2.1850747741859826,1.65862561143114,1.6012750183502042
throughput_3,12,18,markov,classic_quantile,bic,5,5,0.536440778853434,0.02595615484671196,0.4440727860854,0.03027555629041104,0.4713782476364964,0.043025761777378914,0.4694905674632226,0.0425503081773127,1.6976354778645377,0.14951030148424344,0.7062853668950784,0.061494666791135515,0.597698310986563,0.055679960966242954,0.5976772566787962,0.0555982696389169,0.5977263027245675,0.055764256474589914,0.041342819002449196,0.026429381805942277,0.004434792559698056,0.0028130078983781763,0.002338765188367865,0.0015158095094833335,0.05620915032679739,0.0014614823382351578,2.891942858075035,0.0009991602450575802,0.6980075293998345,0.04916483506175513,0.6353022639414888,0.08980350599200553,0.6674085365743883,0.07608364867119663,0.6537500013026324,0.08713575045389486,1.3603059098938253,0.29174608909988914,13,"throughput_2,buffer_size_3,throughput_1,python_gc_objects_collected_total_1,python_gc_objects_collected_total_2,python_gc_objects_collected_total_3,python_gc_collections_total_1,python_gc_collections_total_4,python_gc_collections_total_7,python_gc_objects_collected_total_5,avg_p_latency_1,python_gc_objects_collected_total_6,throughput_3",2.0,padded,0.8952278500422836,0.3786527281627059,39.703329138457775,673.2,449.0,0.4942206977545609,1.0,,,False,30,,0.4213381523580046,0.5025877654550851,0.536440778853434,0.3239119061749741,0.4308752243646599,0.4440727860854,0.3473678154654595,0.4634420733158781,0.4713782476364964,0.33626686800770644,0.44367664545457447,0.4694905674632226,2.2703801177991623,1.7847922235878486,1.6976354778645377
throughput_3,12,20,markov,classic_quantile,bic,5,5,0.44858167342060273,0.0933200154747965,0.402531461333687,0.06915937332354928,0.42309118758133335,0.07297828427543344,0.45015139164039136,0.046448746912158737,1.8987666436258785,0.23148699858658014,0.7052191814959612,0.07742253643754808,0.6116400563992828,0.08099577016343507,0.6117085768382102,0.08090875161968053,0.611590278364286,0.08108742624111032,0.05417831343660269,0.03018504556873273,0.005627358911807575,0.0028754809002622746,0.0030256170336842732,0.0015762111415731418,0.04863168101248596,0.010126546132642482,2.9950890958009166,0.0036145353408172,0.6948024641672187,0.06727510190385609,0.6326959674119907,0.0888550796941569,0.6592510484195303,0.07702497721122262,0.6555671210686436,0.08394380692493077,1.4557362453784282,0.38894195577115975,13,"throughput_2,buffer_size_3,throughput_1,python_gc_objects_collected_total_1,python_gc_objects_collected_total_2,python_gc_objects_collected_total_3,python_gc_collections_total_1,python_gc_collections_total_4,python_gc_collections_total_7,python_gc_objects_collected_total_5,avg_p_latency_1,python_gc_objects_collected_total_6,throughput_3",2.0,padded,0.9277193216606975,0.38878773655742405,39.15923999808729,679.8,442.4,0.45954702038676415,4.0,,,False,30,,0.369842365830004,0.40403204429185263,0.44858167342060273,0.2825544251957224,0.35251146227369723,0.402531461333687,0.29313035257355907,0.38273605961104534,0.42309118758133335,0.30564579649510865,0.38131536150998024,0.45015139164039136,2.492179095751862,2.1691642334220314,1.8987666436258785
throughput_3,12,10,markov,classic_quantile,aic,5,5,0.6145310419156734,0.10703841636313194,0.6047741043747621,0.0989172165685817,0.6253018842323347,0.09337875665300027,0.612670501298352,0.09650960747534443,1.3198685960375731,0.218419452144859,0.7800764440804251,0.06225503487212486,0.7679407933133596,0.07896882005665559,0.7679133222173409,0.07895607847395807,0.7679724438804054,0.07898238752811838,0.12385766416985315,0.03125044852503501,0.022394782451540685,0.0049987192273113065,0.012645223735266164,0.0031051308720831095,0.10222222222222221,0.004969039949999527,2.3020577196971415,0.0009517940344618842,0.7809781248118443,0.07391126362628196,0.7808655560152294,0.08410095814758094,0.7983803617016647,0.07200129516951277,0.7851367255161767,0.08209404649779313,0.9737135924514941,0.35879860081054143,13,"data_quality_3,throughput_2,buffer_size_3,throughput_1,python_gc_objects_collected_total_1,python_gc_objects_collected_total_2,python_gc_objects_collected_total_3,python_gc_collections_total_1,python_gc_collections_total_4,python_gc_collections_total_7,python_gc_objects_collected_total_5,avg_p_latency_1,throughput_3",3.0,padded,1.1013427073135973,0.41426901891827583,40.042857457883656,784.8,337.4,0.7521861979458674,2.0,,,False,30,,0.41686484032615717,0.5567668725387022,0.6145310419156734,0.33554846852814574,0.537413277174396,0.6047741043747621,0.3565285012247012,0.5462431856897452,0.6253018842323347,0.34795446964185633,0.5733763363302831,0.612670501298352,1.9066640216800228,1.4544382214530442,1.3198685960375731
throughput_3,12,12,markov,classic_quantile,aic,5,5,0.5515773734410789,0.09898720244306408,0.5131234337931699,0.11584372719964925,0.5298747507474171,0.11803900264681062,0.5351958960459021,0.10173595710762784,1.5831213634447856,0.25057017171533336,0.7708044247408345,0.048959984369407926,0.7222195032035362,0.05813522115959483,0.7222547967726296,0.0582434191600385,0.7221901761557051,0.05802949320423394,0.08609101861419709,0.04257819914778734,0.013355308039095898,0.006457900030392748,0.007361957487552129,0.0037740902007221975,0.08484848484848484,0.0033879817840905936,2.485201431477434,0.0026288291523938498,0.75017460855677,0.04658878467251877,0.7141748497883602,0.08429644773125242,0.7276014299787069,0.09492345331017989,0.727498090392339,0.06840804029580357,1.1289335213278548,0.2815974365784825,13,"data_quality_2,throughput_2,buffer_size_3,throughput_1,python_gc_objects_collected_total_1,python_gc_objects_collected_total_2,python_gc_objects_collected_total_3,python_gc_collections_total_1,python_gc_collections_total_4,python_gc_collections_total_7,python_gc_objects_collected_total_5,avg_p_latency_1,throughput_3",3.0,padded,1.0375790571793915,0.41474456544965504,40.249128168448806,751.4,370.8,0.6281291467971064,5.0,,,False,30,,0.3758834481740563,0.49940047904533785,0.5515773734410789,0.3079041008609725,0.42975384947594153,0.5131234337931699,0.3283175210459127,0.458231300420875,0.5298747507474171,0.32694404100836894,0.4638320629153803,0.5351958960459021,2.169189817384364,1.6829649841212444,1.5831213634447856
throughput_3,12,14,markov,classic_quantile,aic,5,5,0.47478361214152953,0.1414867791364294,0.4138134047193045,0.1304022505318082,0.4360643393466154,0.12546856027497483,0.43567702709127615,0.13158959303109502,1.7574583998586157,0.3582671368097026,0.7367666503175382,0.04786873523693396,0.6824842045059076,0.05145720694979357,0.6825086532494955,0.051396653291766355,0.6824661523453844,0.05151946855818522,0.09196368906179811,0.05125425396000638,0.0119055621911632,0.0057840992406215696,0.0066187849829356295,0.0036056460577057244,0.07252747252747252,0.0024572175576920803,2.6396758233140054,0.0016480612567759453,0.7108423674511904,0.0911715276492659,0.6795917905751505,0.1164359513022708,0.7160220113969799,0.09800146924217565,0.6884068452475021,0.109159776113925,1.218310331261554,0.331726254738224,13,"throughput_2,data_quality_3,avg_p_latency_3,buffer_size_3,throughput_1,python_gc_objects_collected_total_1,python_gc_objects_collected_total_2,python_gc_objects_collected_total_3,python_gc_collections_total_1,python_gc_collections_total_4,python_gc_collections_total_7,python_gc_objects_collected_total_5,throughput_3",4.0,padded,1.0002787688747048,0.3783614033833146,38.68834130000323,716.0,406.2,0.5716982640791525,1.0,,,False,30,,0.42044053758474165,0.4865457783534364,0.47478361214152953,0.3393134310515326,0.41523928287848577,0.4138134047193045,0.36287326238028583,0.4419732646223561,0.4360643393466154,0.36584795541836335,0.45681131995883095,0.43567702709127615,1.9699610904041083,1.6752450434203339,1.7574583998586157
throughput_3,12,16,markov,classic_quantile,aic,5,5,0.5594730501283327,0.11550332865836567,0.4822198820395422,0.13977221173814444,0.5036447630355498,0.1391805053370514,0.5032195744938825,0.13990916551787747,1.7681050641551406,0.5780206896332691,0.729107797899375,0.08295972902620391,0.6580945864538875,0.09372102389863998,0.6581106029653487,0.09372985966144057,0.6580866627791396,0.09371348325178391,0.07806200922852749,0.02744228430865229,0.009286613895198378,0.0031566117200449934,0.005039621693411438,0.0018360829253813375,0.06428571428571428,0.003992978531249623,2.7732404786641114,0.0030439285360163012,0.7284657897155243,0.05909707359069915,0.674005594235996,0.10234503727682903,0.7028827308417716,0.09041994075237876,0.6834763136722979,0.10528220764747026,1.3012245050416589,0.27743405247716907,13,"cores_2,throughput_2,cores_1,buffer_size_3,throughput_1,python_gc_objects_collected_total_1,python_gc_objects_collected_total_2,python_gc_objects_collected_total_3,python_gc_collections_total_1,python_gc_collections_total_4,python_gc_collections_total_7,python_gc_objects_collected_total_5,throughput_3",4.0,padded,0.9200806023553014,0.3807248339056969,38.43287021107972,698.2,424.0,0.5699993124900409,1.0,,,False,30,,0.47553344984071505,0.5067104442359798,0.5594730501283327,0.38747094181868735,0.44196035235630926,0.4822198820395422,0.4116359816727736,0.46033629014746325,0.5036447630355498,0.394516127590321,0.4691755540148108,0.5032195744938825,1.772065120151772,1.5926250059548444,1.7681050641551406
throughput_3,12,18,markov,classic_quantile,aic,5,5,0.47815502465861276,0.09428041078153214,0.38316276498397045,0.10207204095317376,0.41725786676495014,0.11850670230837614,0.4114175848920237,0.10028821470187387,1.9357664510677346,0.38950171511813503,0.7062853668950784,0.061494666791135515,0.597698310986563,0.055679960966242954,0.5976772566787962,0.0555982696389169,0.5977263027245675,0.055764256474589914,0.041342819002449196,0.026429381805942277,0.004434792559698056,0.0028130078983781763,0.002338765188367865,0.0015158095094833335,0.05620915032679739,0.0014614823382351578,2.891942858075035,0.0009991602450575802,0.6967624531393097,0.049008688584560554,0.6289499057324364,0.09505415776246995,0.6709228447659632,0.07279342654525688,0.6423571716151002,0.09840271472842847,1.3935479458430684,0.27499840747481863,13,"cores_1,throughput_2,buffer_size_3,throughput_1,python_gc_objects_collected_total_1,python_gc_objects_collected_total_2,python_gc_objects_collected_total_3,python_gc_collections_total_1,python_gc_collections_total_4,python_gc_collections_total_7,python_gc_objects_collected_total_5,avg_p_latency_1,throughput_3",3.0,padded,0.9556938277557492,0.40661612022668125,39.11110168509185,673.4,448.8,0.48393532367170927,1.0,,,False,30,,0.4279312955652593,0.5184381661674627,0.47815502465861276,0.33507644296916617,0.4287516294704757,0.38316276498397045,0.36793073504554474,0.43900661269395674,0.41725786676495014,0.3416168486703864,0.466723056489739,0.4114175848920237,2.0644868549316158,1.7738301401683194,1.9357664510677346
throughput_3,12,20,markov,classic_quantile,aic,5,5,0.5530146681841198,0.03177822659310808,0.46157246701475146,0.03830186107814536,0.4858484089416022,0.029494713047457283,0.4763750201457566,0.04159337579886696,1.7456402775649031,0.21468470394134184,0.7052191814959612,0.07742253643754808,0.6116400563992828,0.08099577016343507,0.6117085768382102,0.08090875161968053,0.611590278364286,0.08108742624111032,0.05649560398918735,0.02668136196116701,0.006716250075794491,0.0024339739991083966,0.0037283753755094776,0.001473585755459425,0.05293937332017827,0.0036086457971667746,2.9950890958009166,0.0036145353408172,0.6924888215665335,0.06737724518382852,0.634588557432024,0.09524719927164643,0.6678644441552677,0.08555121138937441,0.6571744043854906,0.0859287575594136,1.560617330568547,0.485381687528417,13,"cores_1,throughput_2,buffer_size_3,throughput_1,python_gc_objects_collected_total_1,python_gc_objects_collected_total_2,python_gc_objects_collected_total_3,python_gc_collections_total_1,python_gc_collections_total_4,python_gc_collections_total_7,python_gc_objects_collected_total_5,avg_p_latency_1,throughput_3",3.0,padded,1.009917658753693,0.42560772225260735,39.50073486100882,648.0,474.2,0.5122976667900068,1.0,,,False,30,,0.3917517853089588,0.5098775720115618,0.5530146681841198,0.3106282853609009,0.4312700362902584,0.46157246701475146,0.3319463697477222,0.4429891558667879,0.4858484089416022,0.3421098343782859,0.45875804246873103,0.4763750201457566,2.1330635276437557,1.922921157814002,1.7456402775649031
throughput_3,12,10,markov,kmeans,bic,5,5,0.7166326192097497,0.07701348968832726,0.5687602056496595,0.08311722935660326,0.5982356689571263,0.05163450068527277,0.5864320914288648,0.08041622178236525,1.0214159581997315,0.1382512935987622,0.8438815370720457,0.020133412559480132,0.7190910592978726,0.055550814297618226,0.718940080948559,0.055834045865125394,0.7192704146562177,0.055266369764661115,0.22278989147670725,0.10084770006789665,0.03630499600370173,0.013262806072116754,0.0227246219462447,0.010010800409733863,0.10222222222222221,0.004969039949999527,1.9902911641689027,0.07565296109919907,0.8075183085469462,0.07153451029586369,0.691965497619124,0.08709549015088493,0.7006277592839611,0.10111537473062347,0.7091695772420343,0.07102944460830221,0.8275910156442974,0.164350222198795,13,"throughput_2,throughput_1,buffer_size_3,python_gc_objects_collected_total_1,python_gc_objects_collected_total_2,python_gc_objects_collected_total_3,python_gc_collections_total_1,python_gc_collections_total_4,python_gc_collections_total_7,python_gc_objects_collected_total_5,avg_p_latency_1,python_gc_objects_collected_total_6,throughput_3",1.0,padded,0.779468716867268,0.30043528564274313,34.6573081118986,855.8,266.4,0.6565416979775217,3.0,,,False,30,,0.4457778772482036,0.6883089445605814,0.7166326192097497,0.3480862066795257,0.5039682165628382,0.5687602056496595,0.38098388413034734,0.5260680357555145,0.5982356689571263,0.3710026908132111,0.5265975809384116,0.5864320914288648,2.0819916783681847,1.093040798242827,1.0214159581997315
throughput_3,12,12,markov,kmeans,bic,5,5,0.6638638228706848,0.09585556482099636,0.5315243827438394,0.10704759817566213,0.5372928858582358,0.10592800334253764,0.548043942964544,0.09838889510002607,1.3236213562918966,0.23122528140057483,0.8360377648995323,0.01765139156100593,0.7115802790175823,0.049997131710459636,0.7114670847599877,0.050268454287658755,0.7117219252873972,0.04972284084953842,0.19694588755926562,0.10143113641248733,0.02704029824715775,0.011095891338608783,0.01663092248863269,0.008324069325799339,0.08484848484848484,0.0033879817840905936,2.2436103393438946,0.06718240780996969,0.8005653387754584,0.05394119641278048,0.6872869021213066,0.07484273566511428,0.7007451548574243,0.07516719345552171,0.7055866963634281,0.06617389158181816,1.017029862649933,0.20801308665758866,13,"throughput_2,throughput_1,buffer_size_3,python_gc_objects_collected_total_1,python_gc_objects_collected_total_2,python_gc_objects_collected_total_3,python_gc_collections_total_1,python_gc_collections_total_4,python_gc_collections_total_7,python_gc_objects_collected_total_5,avg_p_latency_1,python_gc_objects_collected_total_6,throughput_3",1.0,padded,0.8673436349257827,0.3060510989278555,35.54034459218383,833.8,288.4,0.6454103911642984,5.0,,,False,30,,0.4416726587016252,0.6943444713755331,0.6638638228706848,0.33481054825494044,0.5438848072553714,0.5315243827438394,0.3524447784860502,0.5543205165518112,0.5372928858582358,0.3472965718350113,0.5567308489484633,0.548043942964544,2.2186993029347297,1.1613606047775922,1.3236213562918966
throughput_3,12,14,markov,kmeans,bic,5,5,0.7139594573359174,0.05706418871409354,0.528184866541926,0.06787129282808992,0.5268806947690423,0.06933023475586611,0.5445258602140114,0.0629037767991579,1.2087014946432542,0.1587927790018614,0.8269520938789181,0.02670836564148657,0.6620799984903682,0.04062197814599398,0.6618616148124109,0.0410022952400693,0.6623476870388662,0.04025453666477496,0.19694588755926562,0.10143113641248733,0.023450489892150508,0.009403608885195749,0.014411337270276037,0.0070608418319674906,0.0738095238095238,0.005323971374999499,2.3294845794232657,0.06987455822536802,0.8192674679857905,0.05253673623280008,0.6824227592424676,0.07503882189328893,0.6821273233475161,0.08045222977184069,0.7041343816391447,0.0616515788720751,0.9896292787554615,0.20088142476081006,13,"throughput_2,throughput_1,buffer_size_3,python_gc_objects_collected_total_1,python_gc_objects_collected_total_2,python_gc_objects_collected_total_3,python_gc_collections_total_1,python_gc_collections_total_4,python_gc_collections_total_7,python_gc_objects_collected_total_5,avg_p_latency_1,python_gc_objects_collected_total_6,throughput_3",1.0,padded,0.8653625415638089,0.2910638887435198,35.08976535126567,826.4,295.8,0.6439388020388662,3.0,,,False,30,,0.46377922009895195,0.6991788927989232,0.7139594573359174,0.34074287899154665,0.5259768335129595,0.528184866541926,0.38202863468779674,0.5385323745164641,0.5268806947690423,0.3538206951150448,0.5382832902958972,0.5445258602140114,2.2592675916751226,1.2282588291579628,1.2087014946432542
throughput_3,12,16,markov,kmeans,bic,5,5,0.6081093264635247,0.07522661800415462,0.39859621686139984,0.04591926375327235,0.403760811546454,0.04290508121155873,0.4191681981781409,0.05072662871292388,1.510139047123547,0.24531790835250566,0.8101996339699971,0.03491635307156211,0.6266778050892817,0.059836541741147074,0.6265853570443423,0.060031053779734625,0.6267902833305504,0.05965046680270489,0.13936251097216998,0.09876428886372066,0.014811788890992533,0.009113647105057715,0.00879756952317321,0.006054065759571337,0.06538461538461539,0.006450196088941704,2.453134781474452,0.04538780166623042,0.7589032934786397,0.026826219642378437,0.5795182958112136,0.04598430370597522,0.5837796186453078,0.05631917859929042,0.6095383683341626,0.039207740313633055,1.1840810895567722,0.20354687914878197,13,"throughput_2,throughput_1,buffer_size_3,python_gc_objects_collected_total_1,python_gc_objects_collected_total_2,python_gc_objects_collected_total_3,python_gc_collections_total_1,python_gc_collections_total_4,python_gc_collections_total_7,python_gc_objects_collected_total_5,avg_p_latency_1,python_gc_objects_collected_total_6,throughput_3",1.0,padded,0.8745237823575736,0.32740422822535037,35.69597389549017,805.8,316.4,0.4407948555549755,4.0,,,False,30,,0.4479213591046391,0.6229129067639361,0.6081093264635247,0.29375389226923343,0.4102765844033181,0.39859621686139984,0.32465614174293367,0.4129230753208094,0.403760811546454,0.3184465159777511,0.43230482385566676,0.4191681981781409,2.5055004748894203,1.5087563411695322,1.510139047123547
throughput_3,12,18,markov,kmeans,bic,5,5,0.5366744285344673,0.18302763993227758,0.3576123484292905,0.10361673856895556,0.3625839952297306,0.10717946660567393,0.37961055524512866,0.0930940470982505,1.775915715099864,0.32168352847539905,0.8112675653925457,0.022094576265623382,0.6187897149582797,0.05005928383542189,0.6187600522982335,0.05036461706585883,0.6188579136719439,0.0497489249995223,0.11264533660950822,0.09945730463534223,0.010787005009317698,0.008159371026082373,0.006325414323423856,0.005457348510016636,0.057777777777777775,0.004969039949999534,2.579336931801359,0.042010088314061216,0.7998551794728785,0.053614173204150524,0.6552258729626911,0.08495793249024969,0.6594841223119191,0.08738875420254734,0.6763758604410215,0.0760180038282649,1.1679672036306974,0.2591770187553628,13,"throughput_2,throughput_1,buffer_size_3,python_gc_objects_collected_total_1,python_gc_objects_collected_total_2,python_gc_objects_collected_total_3,python_gc_collections_total_1,python_gc_collections_total_4,python_gc_collections_total_7,python_gc_objects_collected_total_5,avg_p_latency_1,python_gc_objects_collected_total_6,throughput_3",1.0,padded,0.9063020134344697,0.3455009341239929,36.350471432320774,787.8,334.4,0.4811154812065161,2.0,,,False,30,,0.3890941789166083,0.521521643547729,0.5366744285344673,0.26802034689518744,0.3715466244417527,0.3576123484292905,0.29673747960264213,0.38098329344772164,0.3625839952297306,0.28902023213084915,0.3874906865539346,0.37961055524512866,2.6452543823522623,1.837137412140157,1.775915715099864
throughput_3,12,20,markov,kmeans,bic,5,5,0.6237684582454369,0.08901913248516113,0.3868956477849882,0.057025867258483784,0.3910996570233875,0.06476965507230022,0.4098863195012992,0.04188525826786474,1.661983251888779,0.277026790157555,0.8018264992388925,0.030271273209187464,0.5821745544493571,0.03570734725955415,0.5821273802377998,0.03589858818844752,0.5822551971823944,0.03551771730225865,0.10337617439916953,0.09989120332196658,0.009056227972247224,0.0072889673845021475,0.005287253226947876,0.004915743879590737,0.05302631578947368,0.005417154960589184,2.625955140505276,0.07656364205843783,0.7980743940195776,0.06293558191291924,0.634041127213551,0.08397402468254128,0.6400423677499487,0.08455061355737001,0.6576315275566725,0.07492750479390861,1.1749921473563236,0.3248148425119265,13,"throughput_2,throughput_1,buffer_size_3,python_gc_objects_collected_total_1,python_gc_objects_collected_total_2,python_gc_objects_collected_total_3,python_gc_collections_total_1,python_gc_collections_total_4,python_gc_collections_total_7,python_gc_objects_collected_total_5,avg_p_latency_1,python_gc_objects_collected_total_6,throughput_3",1.0,padded,0.9355564597994089,0.37130994983017446,37.80911878589541,762.4,359.8,0.44877624243472136,5.0,,,False,30,,0.3069139353304666,0.5629822397671121,0.6237684582454369,0.17918630689838239,0.37163575332034837,0.3868956477849882,0.22290235663435162,0.3813403243092939,0.3910996570233875,0.20187957397552023,0.3831202120628786,0.4098863195012992,3.1025637086212674,1.8676084507994326,1.661983251888779
throughput_3,12,10,markov,kmeans,aic,5,5,0.6596073352031657,0.1167892031841717,0.4913113371968155,0.08147158198419545,0.4987858658346937,0.08274729605571712,0.5011352194672122,0.06984828346169632,1.2872799842695393,0.3999804708479313,0.8438815370720457,0.020133412559480132,0.7190910592978726,0.055550814297618226,0.718940080948559,0.055834045865125394,0.7192704146562177,0.055266369764661115,0.22278989147670725,0.10084770006789665,0.03630499600370173,0.013262806072116754,0.0227246219462447,0.010010800409733863,0.10222222222222221,0.004969039949999527,1.9902911641689027,0.07565296109919907,0.8016354895852811,0.1018189404821561,0.6963790772884577,0.09099638229242961,0.7120182689587965,0.08137391068763827,0.709701700212603,0.08711170852558374,0.9440808272312747,0.49860377704475267,13,"avg_p_latency_3,throughput_2,buffer_size_3,throughput_1,python_gc_objects_collected_total_1,python_gc_objects_collected_total_2,python_gc_objects_collected_total_3,python_gc_collections_total_1,python_gc_collections_total_4,python_gc_collections_total_7,python_gc_objects_collected_total_5,avg_p_latency_1,throughput_3",3.0,padded,0.8585487529635429,0.31963892076164485,35.30911902524531,854.4,267.8,0.5559108636002963,2.0,,,False,30,,0.4349009449161353,0.6524997500011904,0.6596073352031657,0.3616141316655366,0.49109891829647656,0.4913113371968155,0.4114566423087892,0.4998028852141962,0.4987858658346937,0.3788345346273357,0.5098510747492561,0.5011352194672122,2.273958701349877,1.2267125814807571,1.2872799842695393
throughput_3,12,12,markov,kmeans,aic,5,5,0.6788685133245398,0.09327023903480393,0.5302521710898119,0.07367995903182424,0.5353975476956588,0.07272389089386398,0.5488084016769409,0.080803487205741,1.2591483365408898,0.2730407732190292,0.8360377648995323,0.01765139156100593,0.7115802790175823,0.049997131710459636,0.7114670847599877,0.050268454287658755,0.7117219252873972,0.04972284084953842,0.19694588755926562,0.10143113641248733,0.02704029824715775,0.011095891338608783,0.01663092248863269,0.008324069325799339,0.08484848484848484,0.0033879817840905936,2.2436103393438946,0.06718240780996969,0.8067940474643732,0.05740070068257651,0.7029097906454472,0.10095808192813575,0.7166606871551451,0.1005097044859007,0.7267149443676423,0.09191382918397199,1.0196871906114704,0.240834227529718,13,"throughput_2,buffer_size_3,throughput_1,python_gc_objects_collected_total_1,python_gc_objects_collected_total_2,python_gc_objects_collected_total_3,python_gc_collections_total_1,python_gc_collections_total_4,python_gc_collections_total_7,python_gc_objects_collected_total_5,avg_p_latency_1,python_gc_objects_collected_total_6,throughput_3",2.0,padded,0.7928349561989307,0.3080723095685244,34.355082833208144,825.0,297.2,0.6294503917391744,3.0,,,False,30,,0.43882584686104675,0.6902424274170122,0.6788685133245398,0.32875144964297626,0.522477387408941,0.5302521710898119,0.35147808385681323,0.5455083700106261,0.5353975476956588,0.3394992729295797,0.534373754888406,0.5488084016769409,2.1821152605841565,1.1686333846593207,1.2591483365408898
throughput_3,12,14,markov,kmeans,aic,5,5,0.6806591397183823,0.11549860922017526,0.5138563551548188,0.08078673997613393,0.5145222465583817,0.07504783579748914,0.5319302578814296,0.08568978018492383,1.306787225521665,0.3135441921728587,0.8269520938789181,0.02670836564148657,0.6620799984903682,0.04062197814599398,0.6618616148124109,0.0410022952400693,0.6623476870388662,0.04025453666477496,0.19694588755926562,0.10143113641248733,0.023450489892150508,0.009403608885195749,0.014411337270276037,0.0070608418319674906,0.0738095238095238,0.005323971374999499,2.329484579423266,0.06987455822536799,0.7730060241536556,0.1261970773947571,0.646664726741669,0.10750980376389788,0.6489313234233617,0.10318613060530578,0.6735212792451766,0.10218003087254618,1.2236468768349162,0.3979938451349142,13,"throughput_2,throughput_1,buffer_size_3,python_gc_objects_collected_total_1,python_gc_objects_collected_total_2,python_gc_objects_collected_total_3,python_gc_collections_total_1,python_gc_collections_total_4,python_gc_collections_total_7,python_gc_objects_collected_total_5,avg_p_latency_1,python_gc_objects_collected_total_6,throughput_3",1.0,padded,0.7826927402988076,0.31300448942929504,33.74320430587977,814.4,307.8,0.6381292492489933,3.0,,,False,30,,0.4732263179699145,0.6886435461418438,0.6806591397183823,0.35945701315099476,0.5088583457462627,0.5138563551548188,0.3905840314434003,0.5184790906651557,0.5145222465583817,0.369928672197044,0.5204690148159079,0.5319302578814296,2.2084668713218996,1.2457440309537102,1.306787225521665
throughput_3,12,16,markov,kmeans,aic,5,5,0.6057750518648325,0.15175328930034457,0.40787575969620227,0.10551312068349022,0.41419589112969407,0.10430897627833172,0.43567150489786305,0.10053215911709859,1.4244146138140885,0.26610809962113763,0.8101996339699971,0.03491635307156211,0.6266778050892817,0.059836541741147074,0.6265853570443423,0.060031053779734625,0.6267902833305504,0.05965046680270489,0.13936251097216998,0.09876428886372066,0.014811788890992533,0.009113647105057715,0.00879756952317321,0.006054065759571337,0.06538461538461539,0.006450196088941704,2.453134781474452,0.04538780166623042,0.7605061429888802,0.02966285866964805,0.5925680270960865,0.035749379631895735,0.6082837621259791,0.059874497580042284,0.6200631014982664,0.04331583800876903,1.2139734519103795,0.23595931069557122,13,"throughput_2,throughput_1,buffer_size_3,python_gc_objects_collected_total_1,python_gc_objects_collected_total_2,python_gc_objects_collected_total_3,python_gc_collections_total_1,python_gc_collections_total_4,python_gc_collections_total_7,python_gc_objects_collected_total_5,avg_p_latency_1,python_gc_objects_collected_total_6,throughput_3",1.0,padded,0.7979716112837195,0.32614225540310143,34.24042589776218,778.2,344.0,0.5247488235595437,3.0,,,False,30,,0.4019255463862871,0.5639169972206481,0.6057750518648325,0.2568178677947147,0.38469388992388504,0.40787575969620227,0.2625048960096591,0.3960224495326992,0.41419589112969407,0.2787547785104521,0.40630507500958374,0.43567150489786305,2.539948696695468,1.6137343655700511,1.4244146138140885
throughput_3,12,18,markov,kmeans,aic,5,5,0.5604830453188319,0.15635861504324888,0.38394970043488036,0.13273525387652071,0.3952477624960603,0.1270836970229348,0.4095481731109517,0.11789239377845785,1.72174259819338,0.45338964337147214,0.8112675653925457,0.022094576265623382,0.6187897149582797,0.05005928383542189,0.6187600522982335,0.05036461706585883,0.6188579136719439,0.0497489249995223,0.11264533660950822,0.09945730463534223,0.010787005009317698,0.008159371026082373,0.006325414323423856,0.005457348510016636,0.057777777777777775,0.004969039949999534,2.579336931801359,0.042010088314061216,0.7993208963027985,0.054382585147055906,0.6557581718782414,0.08020133216059289,0.6616264927185718,0.0777637779058958,0.6812821274628403,0.07916124271716907,1.1826224303368107,0.27407437510570665,13,"throughput_2,throughput_1,buffer_size_3,python_gc_objects_collected_total_1,python_gc_objects_collected_total_2,python_gc_objects_collected_total_3,python_gc_collections_total_1,python_gc_collections_total_4,python_gc_collections_total_7,python_gc_objects_collected_total_5,avg_p_latency_1,python_gc_objects_collected_total_6,throughput_3",1.0,padded,0.8211683811619878,0.3705911964178085,34.80999786965549,751.6,370.6,0.5451643370422463,5.0,,,False,30,,0.2577202013323746,0.5463991441310597,0.5604830453188319,0.14296542158070696,0.36562888325338755,0.38394970043488036,0.1751174725439614,0.3671290667814775,0.3952477624960603,0.17227389587311104,0.39343194396257364,0.4095481731109517,3.0454057867727364,1.8447095671231248,1.72174259819338
throughput_3,12,20,markov,kmeans,aic,5,5,0.6423067826661143,0.0856494688966294,0.4358564270277946,0.07151708659170175,0.44230583670313484,0.06673754354706894,0.45932064763064046,0.07149249612937593,1.481146736561708,0.19169062581492743,0.8018264992388925,0.030271273209187464,0.5821745544493571,0.03570734725955415,0.5821273802377998,0.03589858818844752,0.5822551971823944,0.03551771730225865,0.10337617439916953,0.09989120332196658,0.009056227972247224,0.0072889673845021475,0.005287253226947876,0.004915743879590737,0.05302631578947368,0.005417154960589184,2.625955140505276,0.07656364205843783,0.800389621089925,0.06297183182987068,0.6280399304426002,0.06653030984867038,0.634173004113541,0.06423138926586372,0.6549100879284449,0.06441450307421587,1.2323045815933649,0.42070862683469307,13,"throughput_2,throughput_1,buffer_size_3,python_gc_objects_collected_total_1,python_gc_objects_collected_total_2,python_gc_objects_collected_total_3,python_gc_collections_total_1,python_gc_collections_total_4,python_gc_collections_total_7,python_gc_objects_collected_total_5,avg_p_latency_1,python_gc_objects_collected_total_6,throughput_3",1.0,padded,0.8459514098241925,0.3918056510388851,36.055135272443295,739.8,382.4,0.537146570832598,3.0,,,False,30,,0.3634155710369633,0.6369572843303921,0.6423067826661143,0.2381915573019607,0.449609803584492,0.4358564270277946,0.26155286827349994,0.4499917155866669,0.44230583670313484,0.26254619352884634,0.4663341288751554,0.45932064763064046,2.488340910682572,1.5288611775381131,1.481146736561708
throughput_3,12,10,markov,fixed,bic,5,5,0.6542591067026665,0.07302617229958903,0.517159811202647,0.09915612232924365,0.5192327380936133,0.10972854027780651,0.5615739317272344,0.08098298170550905,0.8994004233189935,0.16322424425538137,0.9014480883424364,0.027202521841161776,0.8687204479088372,0.03230982188348073,0.8687190895955791,0.03213260522855243,0.8687300995176622,0.032498931048512376,0.39371288708149005,0.10157443242011968,0.1396706141474087,0.0270229532522992,0.09842822177037251,0.02539360810502992,0.25,0.0,1.267152534905198,0.0466768380115378,0.652965176525765,0.06263068304020628,0.5099363097270697,0.043637383949611086,0.5067946685156126,0.04035931636485466,0.5601979550361167,0.052087089884392854,0.9068402320271722,0.2480698022887784,11,"buffer_size_3,python_gc_objects_collected_total_1,python_gc_objects_collected_total_2,python_gc_objects_collected_total_3,python_gc_collections_total_1,python_gc_collections_total_4,python_gc_collections_total_7,python_gc_objects_collected_total_5,avg_p_latency_1,python_gc_objects_collected_total_6,throughput_3",1.0,padded,0.6071553571149707,0.2392569875344634,28.731295601464808,962.8,159.4,0.6812230270640909,2.0,,,False,30,,,,0.6542591067026665,,,0.517159811202647,,,0.5192327380936133,,,0.5615739317272344,,,0.8994004233189935
throughput_3,12,12,markov,fixed,bic,5,5,0.6556783062937794,0.0325475121826135,0.48896422718327504,0.06849648908381399,0.46965774869476284,0.07428134417358877,0.5354475831705738,0.06520512686929268,0.852540471691462,0.09511259519875999,0.9014480883424364,0.027202521841161776,0.8687204479088372,0.03230982188348073,0.8687190895955791,0.03213260522855243,0.8687300995176622,0.032498931048512376,0.39371288708149005,0.10157443242011968,0.1396706141474087,0.0270229532522992,0.09842822177037251,0.02539360810502992,0.25,0.0,1.267152534905198,0.0466768380115378,0.6486842563925428,0.05134774453205129,0.5218956338324809,0.05826599925935203,0.5277968478380353,0.08032395201164935,0.5715353349058993,0.0657042446009394,0.7865644814712693,0.14358130643993103,11,"buffer_size_3,python_gc_objects_collected_total_1,python_gc_objects_collected_total_2,python_gc_objects_collected_total_3,python_gc_collections_total_1,python_gc_collections_total_4,python_gc_collections_total_7,python_gc_objects_collected_total_5,avg_p_latency_1,python_gc_objects_collected_total_6,throughput_3",1.0,padded,0.6345007998868823,0.2163272649049759,28.65249722637236,931.4,190.8,0.5832544981252096,5.0,,,False,30,,,,0.6556783062937794,,,0.48896422718327504,,,0.46965774869476284,,,0.5354475831705738,,,0.852540471691462
throughput_3,12,14,markov,fixed,bic,5,5,0.6417724994960341,0.04007003060291961,0.46537675536487855,0.03747072921243288,0.4608573708354947,0.04383922158208579,0.5005575635490598,0.04267276395028358,0.8529290440702242,0.07730404498154758,0.9014480883424364,0.027202521841161776,0.8687204479088372,0.03230982188348073,0.8687190895955791,0.03213260522855243,0.8687300995176622,0.032498931048512376,0.39371288708149005,0.10157443242011968,0.1396706141474087,0.0270229532522992,0.09842822177037251,0.02539360810502992,0.25,0.0,1.267152534905198,0.0466768380115378,0.6534891606430412,0.05905119333605779,0.5253913952869556,0.08653098077267571,0.52843298787997,0.09015089450539118,0.569097648434604,0.07429754354811091,0.7842432474236267,0.16985674068814424,11,"buffer_size_3,python_gc_objects_collected_total_1,python_gc_objects_collected_total_2,python_gc_objects_collected_total_3,python_gc_collections_total_1,python_gc_collections_total_4,python_gc_collections_total_7,python_gc_objects_collected_total_5,avg_p_latency_1,python_gc_objects_collected_total_6,throughput_3",1.0,padded,0.6539494464173913,0.2563699470832944,29.597556703723967,907.2,215.0,0.5198724896753015,5.0,,,False,30,,,,0.6417724994960341,,,0.46537675536487855,,,0.4608573708354947,,,0.5005575635490598,,,0.8529290440702242
throughput_3,12,16,markov,fixed,bic,5,5,0.6597749534526025,0.05453639014663647,0.5249433767292304,0.06445121844108387,0.5424455631544188,0.07538453050789404,0.5594595465665722,0.03855797975794556,0.8314733279205472,0.08649855642162098,0.9014480883424364,0.027202521841161776,0.8687204479088372,0.03230982188348073,0.8687190895955791,0.03213260522855243,0.8687300995176622,0.032498931048512376,0.39371288708149005,0.10157443242011968,0.1396706141474087,0.0270229532522992,0.09842822177037251,0.02539360810502992,0.25,0.0,1.267152534905198,0.0466768380115378,0.6746789072229634,0.04340873347470246,0.5711130582504858,0.05060783061815435,0.5920244044023455,0.06612395389255094,0.6014674296941628,0.05032140948956104,0.7762384339587155,0.1590509262591236,11,"buffer_size_3,python_gc_objects_collected_total_1,python_gc_objects_collected_total_2,python_gc_objects_collected_total_3,python_gc_collections_total_1,python_gc_collections_total_4,python_gc_collections_total_7,python_gc_objects_collected_total_5,avg_p_latency_1,python_gc_objects_collected_total_6,throughput_3",1.0,padded,0.6768716437742114,0.2718130014836788,29.8878687992692,890.0,232.2,0.6204331463424253,5.0,,,False,30,,,,0.6597749534526025,,,0.5249433767292304,,,0.5424455631544188,,,0.5594595465665722,,,0.8314733279205472
throughput_3,12,18,markov,fixed,bic,5,5,0.6489127829550019,0.05027016218002576,0.5264972741315093,0.07345741523716605,0.5288117578073894,0.09163147661466237,0.5676195719996256,0.05876319432687734,0.8300257791756114,0.1052697366115176,0.9014480883424364,0.027202521841161776,0.8687204479088372,0.03230982188348073,0.8687190895955791,0.03213260522855243,0.8687300995176622,0.032498931048512376,0.39371288708149005,0.10157443242011968,0.1396706141474087,0.0270229532522992,0.09842822177037251,0.02539360810502992,0.25,0.0,1.267152534905198,0.0466768380115378,0.6712982827517802,0.04754276368037344,0.5837580741526299,0.05487217248933729,0.6041382477336148,0.054954313586623074,0.610678614278879,0.06030219419153331,0.8050315354887712,0.2646901012563105,11,"buffer_size_3,python_gc_objects_collected_total_1,python_gc_objects_collected_total_2,python_gc_objects_collected_total_3,python_gc_collections_total_1,python_gc_collections_total_4,python_gc_collections_total_7,python_gc_objects_collected_total_5,avg_p_latency_1,python_gc_objects_collected_total_6,throughput_3",1.0,padded,0.6945608673617244,0.2530545836314559,29.932493531145155,878.2,244.0,0.6400156249385426,2.0,,,False,30,,,,0.6489127829550019,,,0.5264972741315093,,,0.5288117578073894,,,0.5676195719996256,,,0.8300257791756114
throughput_3,12,20,markov,fixed,bic,5,5,0.6658420674187265,0.051192429352141564,0.5425761155583743,0.042952964999366086,0.5832627635405536,0.06564409899764823,0.5539259544090308,0.04006670710610115,0.8339425224509178,0.11593051940436438,0.9014480883424364,0.027202521841161776,0.8687204479088372,0.03230982188348073,0.8687190895955791,0.03213260522855243,0.8687300995176622,0.032498931048512376,0.39371288708149005,0.10157443242011968,0.1396706141474087,0.0270229532522992,0.09842822177037251,0.02539360810502992,0.25,0.0,1.267152534905198,0.0466768380115378,0.6999641909856351,0.009922564473895522,0.6059402714196246,0.06220337767352823,0.6219846296904874,0.06498226538035926,0.6152545500400961,0.0749879547552073,0.795319790432472,0.2660462324169878,11,"buffer_size_3,python_gc_objects_collected_total_1,python_gc_objects_collected_total_2,python_gc_objects_collected_total_3,python_gc_collections_total_1,python_gc_collections_total_4,python_gc_collections_total_7,python_gc_objects_collected_total_5,avg_p_latency_1,python_gc_objects_collected_total_6,throughput_3",1.0,padded,0.7241792166605592,0.26342135947197676,30.810042581520975,862.6,259.6,0.6066976305540647,2.0,,,False,30,,,,0.6658420674187265,,,0.5425761155583743,,,0.5832627635405536,,,0.5539259544090308,,,0.8339425224509178
throughput_3,12,10,markov,fixed,aic,5,5,0.5983103255063865,0.09713077793946226,0.4774701503963625,0.09867289292329592,0.4786251314352933,0.10046738001276283,0.5076382982015488,0.0874489626809479,1.0612296592016865,0.1693718135981569,0.9014480883424364,0.027202521841161776,0.8687204479088372,0.03230982188348073,0.8687190895955791,0.03213260522855243,0.8687300995176622,0.032498931048512376,0.39371288708149005,0.10157443242011968,0.1396706141474087,0.0270229532522992,0.09842822177037251,0.02539360810502992,0.25,0.0,1.267152534905198,0.0466768380115378,0.6347981227203443,0.06984614667741021,0.5247032895249238,0.06411286899208982,0.5492731371942827,0.028790556327163062,0.5621731411619202,0.03724578885272322,1.0866877079938546,0.2615229109185852,11,"avg_p_latency_3,buffer_size_3,python_gc_objects_collected_total_1,python_gc_objects_collected_total_2,python_gc_objects_collected_total_3,python_gc_collections_total_1,python_gc_collections_total_4,python_gc_collections_total_7,python_gc_objects_collected_total_5,avg_p_latency_1,throughput_3",2.0,padded,0.7312648283317685,0.2492570761591196,29.47557777632028,905.8,216.4,0.6281822858540598,2.0,,,False,30,,,,0.5983103255063865,,,0.4774701503963625,,,0.4786251314352933,,,0.5076382982015488,,,1.0612296592016865
throughput_3,12,12,markov,fixed,aic,5,5,0.6105901083010716,0.07940074872160267,0.4891560230402119,0.09365308267643013,0.48916846815823867,0.09811268130588217,0.5266323674069824,0.0773257761878469,1.0166815967729583,0.1291510267453378,0.9014480883424364,0.027202521841161776,0.8687204479088372,0.03230982188348073,0.8687190895955791,0.03213260522855243,0.8687300995176622,0.032498931048512376,0.39371288708149005,0.10157443242011968,0.1396706141474087,0.0270229532522992,0.09842822177037251,0.02539360810502992,0.25,0.0,1.267152534905198,0.0466768380115378,0.6723773065917107,0.06875740233687284,0.538879932604892,0.09790610332582154,0.5390593535581545,0.10715709078877078,0.5757207360320087,0.08547428080108048,1.0864943555599986,0.20531006093179605,11,"buffer_size_3,python_gc_objects_collected_total_1,python_gc_objects_collected_total_2,python_gc_objects_collected_total_3,python_gc_collections_total_1,python_gc_collections_total_4,python_gc_collections_total_7,python_gc_objects_collected_total_5,avg_p_latency_1,python_gc_objects_collected_total_6,throughput_3",1.0,padded,0.9609214900061488,0.2463182255625725,30.260963956825435,931.4,190.8,0.6420552192948403,2.0,,,False,30,,,,0.6105901083010716,,,0.4891560230402119,,,0.48916846815823867,,,0.5266323674069824,,,1.0166815967729583
throughput_3,12,14,markov,fixed,aic,5,5,0.6198659371463311,0.07743364575624029,0.4854978637936524,0.052720640250051,0.48855942049770607,0.07322389410702887,0.5150217943338867,0.04567378437800574,1.0127599660544395,0.16954403938707183,0.9014480883424364,0.027202521841161776,0.8687204479088372,0.03230982188348073,0.8687190895955791,0.03213260522855243,0.8687300995176622,0.032498931048512376,0.39371288708149005,0.10157443242011968,0.1396706141474087,0.0270229532522992,0.09842822177037251,0.02539360810502992,0.25,0.0,1.267152534905198,0.0466768380115378,0.6547472295547957,0.050576131783508074,0.5334516365615914,0.08158322903017032,0.5353970239745279,0.09457032950569007,0.5605697060152235,0.07552060738316589,1.1224338303331642,0.29970168306840356,11,"buffer_size_3,python_gc_objects_collected_total_1,python_gc_objects_collected_total_2,python_gc_objects_collected_total_3,python_gc_collections_total_1,python_gc_collections_total_4,python_gc_collections_total_7,python_gc_objects_collected_total_5,avg_p_latency_1,python_gc_objects_collected_total_6,throughput_3",1.0,padded,0.8749977676197886,0.25398027766495945,28.983061944134533,907.2,215.0,0.561358801170112,2.0,,,False,30,,,,0.6198659371463311,,,0.4854978637936524,,,0.48855942049770607,,,0.5150217943338867,,,1.0127599660544395
throughput_3,12,16,markov,fixed,aic,5,5,0.6120212125974003,0.08436333944280636,0.46830759634799446,0.04350132622909605,0.5055218442211814,0.03867300794221192,0.49048455145577663,0.03450133210327426,0.99689257823254,0.21038995533793306,0.9014480883424364,0.027202521841161776,0.8687204479088372,0.03230982188348073,0.8687190895955791,0.03213260522855243,0.8687300995176622,0.032498931048512376,0.39371288708149005,0.10157443242011968,0.1396706141474087,0.0270229532522992,0.09842822177037251,0.02539360810502992,0.25,0.0,1.267152534905198,0.0466768380115378,0.6892828056521202,0.02590432008016579,0.5747775690107231,0.039300667900364045,0.5922281463847244,0.05583425367616241,0.5967345430320489,0.03741188227592003,1.0246651397976034,0.25440804382406573,11,"buffer_size_3,python_gc_objects_collected_total_1,python_gc_objects_collected_total_2,python_gc_objects_collected_total_3,python_gc_collections_total_1,python_gc_collections_total_4,python_gc_collections_total_7,python_gc_objects_collected_total_5,avg_p_latency_1,python_gc_objects_collected_total_6,throughput_3",1.0,padded,1.1183959648013115,0.2551308641210198,30.858157358132303,890.0,232.2,0.5275298026775936,1.0,,,False,30,,,,0.6120212125974003,,,0.46830759634799446,,,0.5055218442211814,,,0.49048455145577663,,,0.99689257823254
throughput_3,12,18,markov,fixed,aic,5,5,0.6382180719774351,0.037017609313970946,0.4950268870596227,0.050684420163603465,0.5380117977047432,0.0821295750157899,0.5217078005035904,0.050637398158537406,0.9742822961771154,0.09370353585857742,0.9014480883424364,0.027202521841161776,0.8687204479088372,0.03230982188348073,0.8687190895955791,0.03213260522855243,0.8687300995176622,0.032498931048512376,0.39371288708149005,0.10157443242011968,0.1396706141474087,0.0270229532522992,0.09842822177037251,0.02539360810502992,0.25,0.0,1.267152534905198,0.0466768380115378,0.6709492240852064,0.04701342717402481,0.5620155599931188,0.0985258036528387,0.5653611167767507,0.10445384245608991,0.5905985578380498,0.09220023058913042,1.085952653483206,0.3069421015010414,11,"buffer_size_3,python_gc_objects_collected_total_1,python_gc_objects_collected_total_2,python_gc_objects_collected_total_3,python_gc_collections_total_1,python_gc_collections_total_4,python_gc_collections_total_7,python_gc_objects_collected_total_5,avg_p_latency_1,python_gc_objects_collected_total_6,throughput_3",1.0,padded,0.9065611524507403,0.26162549294531345,29.15706133004278,878.2,244.0,0.5538557713820467,4.0,,,False,30,,,,0.6382180719774351,,,0.4950268870596227,,,0.5380117977047432,,,0.5217078005035904,,,0.9742822961771154
throughput_3,12,20,markov,fixed,aic,5,5,0.6018639593779712,0.08699602018724081,0.49255222197190934,0.04956192130836115,0.5085561003514038,0.041135130840862594,0.5253701944964142,0.047253729284347935,1.0164946984279735,0.20740064033467356,0.9014480883424364,0.027202521841161776,0.8687204479088372,0.03230982188348073,0.8687190895955791,0.03213260522855243,0.8687300995176622,0.032498931048512376,0.39371288708149005,0.10157443242011968,0.1396706141474087,0.0270229532522992,0.09842822177037251,0.02539360810502992,0.25,0.0,1.267152534905198,0.0466768380115378,0.6791366541704825,0.032402090841403094,0.5887520952683165,0.04581039986664169,0.5963270667617092,0.04390468254637661,0.6104234320453494,0.07107375838148487,1.0371029823584508,0.38343574148654347,11,"buffer_size_3,python_gc_objects_collected_total_1,python_gc_objects_collected_total_2,python_gc_objects_collected_total_3,python_gc_collections_total_1,python_gc_collections_total_4,python_gc_collections_total_7,python_gc_objects_collected_total_5,avg_p_latency_1,python_gc_objects_collected_total_6,throughput_3",1.0,padded,1.4973714116960763,0.24777423068881035,32.90252386685461,862.6,259.6,0.5640123242227261,2.0,,,False,30,,,,0.6018639593779712,,,0.49255222197190934,,,0.5085561003514038,,,0.5253701944964142,,,1.0164946984279735
throughput_3,12,10,markov,decision_tree,bic,5,0,,0.0,,0.0,,0.0,,0.0,,0.0,,0.0,,0.0,,0.0,,0.0,,0.0,,0.0,,0.0,,0.0,,0.0,,0.0,,0.0,,0.0,,0.0,,0.0,0,,,,,,19.06069201976061,,,,,,,False,30,"Unknown label type: continuous. Maybe you are trying to fit a classifier, which expects discrete classes on a regression target with continuous values.",,,,,,,,,,,,,,,
throughput_3,12,12,markov,decision_tree,bic,5,0,,0.0,,0.0,,0.0,,0.0,,0.0,,0.0,,0.0,,0.0,,0.0,,0.0,,0.0,,0.0,,0.0,,0.0,,0.0,,0.0,,0.0,,0.0,,0.0,0,,,,,,19.14146359078586,,,,,,,False,30,"Unknown label type: continuous. Maybe you are trying to fit a classifier, which expects discrete classes on a regression target with continuous values.",,,,,,,,,,,,,,,
throughput_3,12,14,markov,decision_tree,bic,5,0,,0.0,,0.0,,0.0,,0.0,,0.0,,0.0,,0.0,,0.0,,0.0,,0.0,,0.0,,0.0,,0.0,,0.0,,0.0,,0.0,,0.0,,0.0,,0.0,0,,,,,,19.10826249886304,,,,,,,False,30,"Unknown label type: continuous. Maybe you are trying to fit a classifier, which expects discrete classes on a regression target with continuous values.",,,,,,,,,,,,,,,
throughput_3,12,16,markov,decision_tree,bic,5,0,,0.0,,0.0,,0.0,,0.0,,0.0,,0.0,,0.0,,0.0,,0.0,,0.0,,0.0,,0.0,,0.0,,0.0,,0.0,,0.0,,0.0,,0.0,,0.0,0,,,,,,19.353054540231824,,,,,,,False,30,"Unknown label type: continuous. Maybe you are trying to fit a classifier, which expects discrete classes on a regression target with continuous values.",,,,,,,,,,,,,,,
throughput_3,12,18,markov,decision_tree,bic,5,0,,0.0,,0.0,,0.0,,0.0,,0.0,,0.0,,0.0,,0.0,,0.0,,0.0,,0.0,,0.0,,0.0,,0.0,,0.0,,0.0,,0.0,,0.0,,0.0,0,,,,,,19.526599438861012,,,,,,,False,30,"Unknown label type: continuous. Maybe you are trying to fit a classifier, which expects discrete classes on a regression target with continuous values.",,,,,,,,,,,,,,,
throughput_3,12,20,markov,decision_tree,bic,5,0,,0.0,,0.0,,0.0,,0.0,,0.0,,0.0,,0.0,,0.0,,0.0,,0.0,,0.0,,0.0,,0.0,,0.0,,0.0,,0.0,,0.0,,0.0,,0.0,0,,,,,,19.75550847221166,,,,,,,False,30,"Unknown label type: continuous. Maybe you are trying to fit a classifier, which expects discrete classes on a regression target with continuous values.",,,,,,,,,,,,,,,
throughput_3,12,10,markov,decision_tree,aic,5,0,,0.0,,0.0,,0.0,,0.0,,0.0,,0.0,,0.0,,0.0,,0.0,,0.0,,0.0,,0.0,,0.0,,0.0,,0.0,,0.0,,0.0,,0.0,,0.0,0,,,,,,18.767580916173756,,,,,,,False,30,"Unknown label type: continuous. Maybe you are trying to fit a classifier, which expects discrete classes on a regression target with continuous values.",,,,,,,,,,,,,,,
throughput_3,12,12,markov,decision_tree,aic,5,0,,0.0,,0.0,,0.0,,0.0,,0.0,,0.0,,0.0,,0.0,,0.0,,0.0,,0.0,,0.0,,0.0,,0.0,,0.0,,0.0,,0.0,,0.0,,0.0,0,,,,,,18.092784432694316,,,,,,,False,30,"Unknown label type: continuous. Maybe you are trying to fit a classifier, which expects discrete classes on a regression target with continuous values.",,,,,,,,,,,,,,,
throughput_3,12,14,markov,decision_tree,aic,5,0,,0.0,,0.0,,0.0,,0.0,,0.0,,0.0,,0.0,,0.0,,0.0,,0.0,,0.0,,0.0,,0.0,,0.0,,0.0,,0.0,,0.0,,0.0,,0.0,0,,,,,,17.598254655487835,,,,,,,False,30,"Unknown label type: continuous. Maybe you are trying to fit a classifier, which expects discrete classes on a regression target with continuous values.",,,,,,,,,,,,,,,
throughput_3,12,16,markov,decision_tree,aic,5,0,,0.0,,0.0,,0.0,,0.0,,0.0,,0.0,,0.0,,0.0,,0.0,,0.0,,0.0,,0.0,,0.0,,0.0,,0.0,,0.0,,0.0,,0.0,,0.0,0,,,,,,17.68220374453813,,,,,,,False,30,"Unknown label type: continuous. Maybe you are trying to fit a classifier, which expects discrete classes on a regression target with continuous values.",,,,,,,,,,,,,,,
throughput_3,12,18,markov,decision_tree,aic,5,0,,0.0,,0.0,,0.0,,0.0,,0.0,,0.0,,0.0,,0.0,,0.0,,0.0,,0.0,,0.0,,0.0,,0.0,,0.0,,0.0,,0.0,,0.0,,0.0,0,,,,,,17.447584371082485,,,,,,,False,30,"Unknown label type: continuous. Maybe you are trying to fit a classifier, which expects discrete classes on a regression target with continuous values.",,,,,,,,,,,,,,,
throughput_3,12,20,markov,decision_tree,aic,5,0,,0.0,,0.0,,0.0,,0.0,,0.0,,0.0,,0.0,,0.0,,0.0,,0.0,,0.0,,0.0,,0.0,,0.0,,0.0,,0.0,,0.0,,0.0,,0.0,0,,,,,,17.622890109196305,,,,,,,False,30,"Unknown label type: continuous. Maybe you are trying to fit a classifier, which expects discrete classes on a regression target with continuous values.",,,,,,,,,,,,,,,
throughput_3,12,10,markov,gmm,bic,5,5,0.643725188610213,0.040934063773027066,0.5550140938413414,0.08556690638510525,0.5677739776381341,0.10346266990967974,0.5799387651994515,0.07329916298223635,1.3260583567874489,0.11029842314335347,0.8362204624422425,0.02873619654550135,0.7974233277142655,0.032251434224201604,0.7972143302186835,0.032522952099967244,0.7976509099968723,0.03197883534206169,0.10337585694036378,0.06535745277056243,0.018233256489532064,0.01065859418996251,0.010337585694036379,0.006535745277056242,0.1,0.0,2.2781810517198005,0.05804169167165739,0.7564014158820901,0.11183738994792736,0.6912942000382905,0.10656290216698827,0.7016997333068773,0.10893036437163563,0.7128575628501383,0.1131190760972646,1.2088420405173763,0.44437179431346713,13,"throughput_2,throughput_1,buffer_size_3,python_gc_objects_collected_total_1,python_gc_objects_collected_total_2,python_gc_objects_collected_total_3,python_gc_collections_total_1,python_gc_collections_total_4,python_gc_collections_total_7,python_gc_objects_collected_total_5,avg_p_latency_1,python_gc_objects_collected_total_6,throughput_3",1.0,padded,0.8232081981375814,0.3405954895541072,38.06533824186772,842.6,279.6,0.6933492454443908,5.0,,,False,30,,0.46537603789188314,0.6631549373574411,0.643725188610213,0.3858235591800675,0.5617218808126043,0.5550140938413414,0.43816485499469415,0.5680355924470354,0.5677739776381341,0.39658231402875466,0.5917866077946279,0.5799387651994515,2.0705264458397843,1.2862734183081772,1.3260583567874489
throughput_3,12,12,markov,gmm,bic,5,5,0.6701128407325044,0.06379612537744342,0.5741208337412637,0.061485192282743045,0.5862856919861641,0.05414595340268153,0.5988753629769219,0.06364433073295793,1.3224661312604755,0.1966557946798994,0.8239257590836869,0.03376640983239505,0.776326610238345,0.039044257648456766,0.7761321735098449,0.0391605515043985,0.776540029246691,0.03893943753177432,0.08662022244338519,0.062354108077986914,0.012995110533127002,0.008230311473279303,0.007265615954979339,0.005144477572459829,0.08484848484848484,0.0033879817840905936,2.438185697412202,0.04259672161737861,0.7726154523819333,0.0619897649078383,0.6640494572021038,0.04708172680777041,0.6728141275609334,0.03357058366197547,0.6884488931094996,0.04141273332375673,1.0613359128170088,0.2316593257141181,13,"throughput_2,throughput_1,buffer_size_3,python_gc_objects_collected_total_1,python_gc_objects_collected_total_2,python_gc_objects_collected_total_3,python_gc_collections_total_1,python_gc_collections_total_4,python_gc_collections_total_7,python_gc_objects_collected_total_5,avg_p_latency_1,python_gc_objects_collected_total_6,throughput_3",1.0,padded,0.8718327790498733,0.32525683380663395,38.99232613109052,814.2,308.0,0.6544333981541702,3.0,,,False,30,,0.47428456689888776,0.6882959287495457,0.6701128407325044,0.3810262928396784,0.5630535929336146,0.5741208337412637,0.41760477963073034,0.5619008229087438,0.5862856919861641,0.3919200266631108,0.5999209033197321,0.5988753629769219,2.162800599494198,1.2938170261889277,1.3224661312604755
throughput_3,12,14,markov,gmm,bic,5,5,0.5886502127767645,0.11937023806811724,0.4955165959886806,0.1128101677313656,0.49802488087664204,0.10848212251036074,0.5240349412421876,0.10866232811876858,1.526572900336411,0.34110432146232883,0.8182194370502998,0.025366281916672808,0.7459148919771363,0.04810232835863551,0.7457697934710376,0.04812087549100289,0.7460799529694221,0.048097620410942656,0.0928514626120828,0.06377435205238283,0.011835705486765956,0.007354859479577523,0.006654773822549214,0.004523532970942733,0.07252747252747252,0.0024572175576920803,2.5747496091462745,0.05104889451896525,0.7179373057044077,0.05312346003063374,0.6167855025166327,0.0566509606629144,0.6290963758016587,0.08323818377964443,0.6625480484290136,0.038452208095015615,1.180502799353247,0.21807702121453337,13,"throughput_2,throughput_1,buffer_size_3,python_gc_objects_collected_total_1,python_gc_objects_collected_total_2,python_gc_objects_collected_total_3,python_gc_collections_total_1,python_gc_collections_total_4,python_gc_collections_total_7,python_gc_objects_collected_total_5,avg_p_latency_1,python_gc_objects_collected_total_6,throughput_3",1.0,padded,0.9098437279462814,0.3324128510430455,39.780156885273755,780.4,341.8,0.6187690582542521,3.0,,,False,30,,0.4773180445172483,0.6105915368656974,0.5886502127767645,0.3700509362524864,0.485777042913465,0.4955165959886806,0.42380323093830546,0.5011784783669129,0.49802488087664204,0.3912553375272628,0.5088400298757678,0.5240349412421876,2.189374874352641,1.4879705842066309,1.526572900336411
throughput_3,12,16,markov,gmm,bic,5,5,0.6439077274235203,0.11472212404392623,0.5051169118348985,0.09959208389361417,0.513418958348222,0.0814293613447008,0.5411736731955441,0.09001076654202192,1.4642426989224604,0.2918242034997327,0.8087718629911287,0.022049777812777952,0.7159320428728471,0.020454364185574902,0.715857788450206,0.02039542402116844,0.7160253781205859,0.02053309480977624,0.08892814796120019,0.06736673648150326,0.009868146035593921,0.006878579748831209,0.005558009247575012,0.004210421030093954,0.0625,0.0,2.678372848445568,0.0556853305473535,0.7542699872925533,0.06325483012784976,0.6215611381371583,0.07949604535802776,0.6135673448892256,0.07610169657794523,0.6743468157403661,0.07366866225127086,1.222899474712953,0.24417394024759734,13,"throughput_2,throughput_1,buffer_size_3,python_gc_objects_collected_total_1,python_gc_objects_collected_total_2,python_gc_objects_collected_total_3,python_gc_collections_total_1,python_gc_collections_total_4,python_gc_collections_total_7,python_gc_objects_collected_total_5,avg_p_latency_1,python_gc_objects_collected_total_6,throughput_3",1.0,padded,0.9302967142313718,0.32799226846545937,39.96782909333706,755.8,366.4,0.5795680514841939,2.0,,,False,30,,0.47055093388444186,0.6229237003633317,0.6439077274235203,0.35736866234153997,0.48283191014970955,0.5051169118348985,0.38263747707494533,0.5041986587932238,0.513418958348222,0.3800165295132599,0.5009778533512053,0.5411736731955441,2.329977510547592,1.56276693674347,1.4642426989224604
throughput_3,12,18,markov,gmm,bic,5,5,0.6182515003896807,0.091348239855828,0.4695671667198556,0.06774377348874672,0.4719600557434722,0.07136206292115203,0.49867012527068033,0.056736962403248305,1.5273928126403211,0.25041604556433505,0.7943384396582237,0.034325559524412554,0.6835675688219769,0.03813328072473363,0.6834946631773233,0.03829088185366011,0.6836574903669116,0.037984300552458605,0.1046144224710041,0.0584017703437071,0.01077094703351201,0.0060639301588389025,0.006090432858608962,0.003824323641818794,0.05694444444444444,0.0031056499687497096,2.8030137386139544,0.08935419194543202,0.7434033774555319,0.09338579726161131,0.6028358114143264,0.08301218695406276,0.6159345434480052,0.09054375090633583,0.6351604615573774,0.063577373498705,1.3151493992806558,0.37376818544243584,13,"throughput_2,throughput_1,buffer_size_3,python_gc_objects_collected_total_1,python_gc_objects_collected_total_2,python_gc_objects_collected_total_3,python_gc_collections_total_1,python_gc_collections_total_4,python_gc_collections_total_7,python_gc_objects_collected_total_5,avg_p_latency_1,python_gc_objects_collected_total_6,throughput_3",1.0,padded,0.9259337926283479,0.37337436825037,40.48224817123264,732.4,389.8,0.5805659731437239,2.0,,,False,30,,0.42634479518351504,0.563198587943232,0.6182515003896807,0.3051842431750672,0.4226644914814237,0.4695671667198556,0.32600385044909574,0.4375378662224859,0.4719600557434722,0.3188805606886184,0.44044625753303845,0.49867012527068033,2.403447649424857,1.8114439626275118,1.5273928126403211
throughput_3,12,20,markov,gmm,bic,5,5,0.6223649728652086,0.10524329073043183,0.4564718668190301,0.08298815942218743,0.46720637303287854,0.0731289258229023,0.4786538433560398,0.08206301403059406,1.5644932420382596,0.240253841981219,0.7886383080715489,0.03325190318664243,0.6479406381532499,0.03794179925664737,0.6478908535749706,0.03778539355253271,0.6480058896957838,0.03811550231541933,0.11281406596476524,0.0553538359642455,0.010335568884651727,0.0050951694106149085,0.0058635196975252496,0.0032173832161339487,0.05111111111111111,0.0024845199749997634,2.863254789922302,0.09102466936196213,0.7523174453278743,0.0779583102611067,0.6102668870344544,0.05128897528676631,0.622508731292282,0.0489556632918719,0.6404652610416125,0.041246491673600304,1.3607888550596283,0.37995024752308987,13,"throughput_2,throughput_1,buffer_size_3,python_gc_objects_collected_total_1,python_gc_objects_collected_total_2,python_gc_objects_collected_total_3,python_gc_collections_total_1,python_gc_collections_total_4,python_gc_collections_total_7,python_gc_objects_collected_total_5,avg_p_latency_1,python_gc_objects_collected_total_6,throughput_3",1.0,padded,0.9624140894040465,0.3958608090877533,42.3051233952865,711.0,411.2,0.5504203390515376,2.0,,,False,30,,0.399630477950105,0.5599957460520029,0.6223649728652086,0.2705312598448276,0.4078907595741354,0.4564718668190301,0.29127219157051154,0.4191861653862576,0.46720637303287854,0.2990755197883639,0.4331419440438141,0.4786538433560398,2.574825188079092,1.70464451765266,1.5644932420382596
throughput_3,12,10,markov,gmm,aic,5,5,0.6173427745582164,0.09929924375738233,0.5348595207656878,0.10675506757752692,0.5630197199678143,0.1166120676064071,0.5496029878402477,0.0986511213273539,1.3878412311990123,0.29652291186239055,0.8362204624422425,0.02873619654550135,0.7974233277142655,0.032251434224201604,0.7972143302186835,0.032522952099967244,0.7976509099968723,0.03197883534206169,0.10337585694036378,0.06535745277056243,0.018233256489532064,0.01065859418996251,0.010337585694036379,0.006535745277056242,0.1,0.0,2.2781810517198005,0.05804169167165739,0.7772311709547697,0.10999469098287858,0.713585014906611,0.11109914612173434,0.7166621998354319,0.11456370738695583,0.7358516919582401,0.12046824057676296,1.157481445695682,0.5202541041593101,13,"avg_p_latency_3,throughput_2,throughput_1,buffer_size_3,python_gc_objects_collected_total_1,python_gc_objects_collected_total_2,python_gc_objects_collected_total_3,python_gc_collections_total_1,python_gc_collections_total_4,python_gc_collections_total_7,python_gc_objects_collected_total_5,avg_p_latency_1,throughput_3",2.0,padded,0.9247886905446648,0.3970126543194056,40.11799379251897,823.6,298.6,0.6992578827490592,5.0,,,False,30,,0.4309684239598859,0.6009750747218664,0.6173427745582164,0.3677447657723128,0.5021515470793725,0.5348595207656878,0.4015101640968265,0.5263278583174325,0.5630197199678143,0.37886494474598287,0.5181645086589677,0.5496029878402477,2.4480065509238167,1.4569709343701633,1.3878412311990123
throughput_3,12,12,markov,gmm,aic,5,5,0.5631982704844263,0.1412804873889339,0.4703826937231768,0.10040921738665107,0.48455152196389334,0.10061261470511174,0.49301270310733925,0.08655363298133822,1.5721970725556245,0.3135158162312553,0.8239257590836869,0.03376640983239505,0.776326610238345,0.039044257648456766,0.7761321735098449,0.0391605515043985,0.776540029246691,0.03893943753177432,0.08662022244338519,0.062354108077986914,0.012995110533127002,0.008230311473279303,0.007265615954979339,0.005144477572459829,0.08484848484848484,0.0033879817840905936,2.438185697412202,0.04259672161737861,0.7726154523819333,0.0619897649078383,0.6663286211459473,0.04860551335881885,0.675563173279833,0.03667009836586694,0.6907361822248183,0.04290973305860045,1.0382642309143733,0.25005690171846834,13,"throughput_2,throughput_1,buffer_size_3,python_gc_objects_collected_total_1,python_gc_objects_collected_total_2,python_gc_objects_collected_total_3,python_gc_collections_total_1,python_gc_collections_total_4,python_gc_collections_total_7,python_gc_objects_collected_total_5,avg_p_latency_1,python_gc_objects_collected_total_6,throughput_3",1.0,padded,0.9875811984762549,0.33284286949783565,38.55299524124712,814.2,308.0,0.5820179966892702,3.0,,,False,30,,0.42525924479724697,0.6253725775909004,0.5631982704844263,0.3288194048288735,0.5280466693465777,0.4703826937231768,0.3643317588400611,0.5388446650034989,0.48455152196389334,0.3495835212381536,0.5585814567909639,0.49301270310733925,2.5389857400633593,1.6102538502627415,1.5721970725556245
throughput_3,12,14,markov,gmm,aic,5,5,0.6091391628293834,0.12226602554290844,0.5034861293673976,0.11123786512618877,0.5060558461132623,0.10540525376272172,0.5389459358178439,0.10640378985204597,1.475886603358426,0.3661353342127942,0.8182194370502998,0.025366281916672808,0.7459148919771363,0.04810232835863551,0.7457697934710376,0.04812087549100289,0.7460799529694221,0.048097620410942656,0.0928514626120828,0.06377435205238283,0.011835705486765956,0.007354859479577523,0.006654773822549214,0.004523532970942733,0.07252747252747252,0.0024572175576920803,2.5747496091462745,0.05104889451896525,0.7179373057044077,0.05312346003063374,0.6167855025166327,0.0566509606629144,0.6290963758016587,0.08323818377964443,0.6625480484290136,0.038452208095015615,1.1805027993532473,0.21807702121453348,13,"throughput_2,throughput_1,buffer_size_3,python_gc_objects_collected_total_1,python_gc_objects_collected_total_2,python_gc_objects_collected_total_3,python_gc_collections_total_1,python_gc_collections_total_4,python_gc_collections_total_7,python_gc_objects_collected_total_5,avg_p_latency_1,python_gc_objects_collected_total_6,throughput_3",1.0,padded,0.8102144692093134,0.34080012757331135,37.04050454497337,780.4,341.8,0.6369337002417456,5.0,,,False,30,,0.47803566014765,0.5879791048614055,0.6091391628293834,0.37492900048040034,0.45824968893451246,0.5034861293673976,0.41198642214240094,0.4746734384465907,0.5060558461132623,0.3959993856311214,0.48967429176749205,0.5389459358178439,2.178790451382736,1.5405337933952494,1.475886603358426
throughput_3,12,16,markov,gmm,aic,5,5,0.666189367352219,0.06473099246349288,0.515909066645601,0.0754030230562978,0.5104450573706347,0.07301478352572742,0.5547696822750519,0.0637441463023769,1.3713323709237764,0.17811461474371332,0.8087718629911287,0.022049777812777952,0.7159320428728471,0.020454364185574902,0.715857788450206,0.02039542402116844,0.7160253781205859,0.02053309480977624,0.08892814796120019,0.06736673648150326,0.009868146035593921,0.006878579748831209,0.005558009247575012,0.004210421030093954,0.0625,0.0,2.678372848445568,0.0556853305473535,0.7542699872925533,0.06325483012784976,0.6215611381371583,0.07949604535802776,0.6135673448892256,0.07610169657794523,0.6743468157403661,0.07366866225127086,1.222899474712953,0.24417394024759725,13,"throughput_2,throughput_1,buffer_size_3,python_gc_objects_collected_total_1,python_gc_objects_collected_total_2,python_gc_objects_collected_total_3,python_gc_collections_total_1,python_gc_collections_total_4,python_gc_collections_total_7,python_gc_objects_collected_total_5,avg_p_latency_1,python_gc_objects_collected_total_6,throughput_3",1.0,padded,0.8057303063571453,0.3231214042752981,37.68270704895258,755.8,366.4,0.5979258771806579,2.0,,,False,30,,0.4664477788201009,0.6403748871037122,0.666189367352219,0.3552996440454224,0.5064128291922569,0.515909066645601,0.3752373897032122,0.5178150636644162,0.5104450573706347,0.3803676434880792,0.5248920455831538,0.5547696822750519,2.2887800080535636,1.430192457242984,1.3713323709237764
throughput_3,12,18,markov,gmm,aic,5,5,0.6503256333699998,0.09577050819324659,0.4924743758362412,0.07885904403544473,0.5006729511541991,0.08025667496766188,0.5205287237742047,0.06352956732694849,1.4488310390457044,0.2901665426948517,0.7943384396582237,0.034325559524412554,0.6835675688219769,0.03813328072473363,0.6834946631773233,0.03829088185366011,0.6836574903669116,0.037984300552458605,0.1046144224710041,0.0584017703437071,0.01077094703351201,0.0060639301588389025,0.006090432858608962,0.003824323641818794,0.05694444444444444,0.0031056499687497096,2.8030137386139544,0.08935419194543202,0.7434033774555319,0.09338579726161131,0.6028358114143264,0.08301218695406276,0.6159345434480052,0.09054375090633583,0.6351604615573774,0.063577373498705,1.3151493992806558,0.37376818544243584,13,"throughput_2,throughput_1,buffer_size_3,python_gc_objects_collected_total_1,python_gc_objects_collected_total_2,python_gc_objects_collected_total_3,python_gc_collections_total_1,python_gc_collections_total_4,python_gc_collections_total_7,python_gc_objects_collected_total_5,avg_p_latency_1,python_gc_objects_collected_total_6,throughput_3",1.0,padded,0.8352717410773038,0.33811943233013153,38.451290814206004,732.4,389.8,0.5802574923762566,2.0,,,False,30,,0.42918890862424464,0.6526445112166133,0.6503256333699998,0.311565668534486,0.4931275337425035,0.4924743758362412,0.33538072415019754,0.49276905989133474,0.5006729511541991,0.32810510539998566,0.5258185528085985,0.5205287237742047,2.3180468209634735,1.4497796913957994,1.4488310390457044
throughput_3,12,20,markov,gmm,aic,5,5,0.6303920774980436,0.12095210544084661,0.45243067280753635,0.08496439504812263,0.455262431200196,0.08312472110588758,0.48424940047089277,0.0755093703896821,1.6845879345493728,0.48715825610337915,0.7886383080715489,0.03325190318664243,0.6479406381532499,0.03794179925664737,0.6478908535749706,0.03778539355253271,0.6480058896957838,0.03811550231541933,0.11281406596476524,0.0553538359642455,0.010335568884651727,0.0050951694106149085,0.0058635196975252496,0.0032173832161339487,0.05111111111111111,0.0024845199749997634,2.863254789922302,0.09102466936196213,0.7523174453278743,0.0779583102611067,0.6102668870344544,0.05128897528676631,0.622508731292282,0.0489556632918719,0.6404652610416125,0.041246491673600304,1.3607888550596283,0.37995024752308987,13,"throughput_2,throughput_1,buffer_size_3,python_gc_objects_collected_total_1,python_gc_objects_collected_total_2,python_gc_objects_collected_total_3,python_gc_collections_total_1,python_gc_collections_total_4,python_gc_collections_total_7,python_gc_objects_collected_total_5,avg_p_latency_1,python_gc_objects_collected_total_6,throughput_3",1.0,padded,0.864826088026166,0.36190864276140927,39.89829446747899,711.0,411.2,0.5504203390515376,2.0,,,False,30,,0.4142315195324467,0.6089912270259029,0.6303920774980436,0.28019078719232643,0.4390193933889416,0.45243067280753635,0.3081206493774672,0.4466405757378763,0.455262431200196,0.30817465860269627,0.4565939157146698,0.48424940047089277,2.500223056391114,1.5291374131201625,1.6845879345493728
throughput_3,12,10,mrmr,classic_uniform,bic,5,5,0.6350034841103931,0.08800465697335162,0.5097863312110096,0.1536560583278527,0.5503663933834118,0.1580889006788878,0.5202466792173143,0.13835736426786552,1.2465365841924683,0.18255392512316895,0.84013742791701,0.009229171725588358,0.7423261662874467,0.054108708622897066,0.742176680683933,0.05453911088740914,0.7425050960111026,0.05367658619948395,0.2960368442689955,0.09053872269343984,0.04752473461742217,0.013456737490103362,0.031239156797666045,0.010394466140289058,0.10500000000000001,0.011180339887498947,1.9647219631547401,0.10254477174422971,0.8119591016690804,0.050935283784767804,0.703762599118023,0.11157143921598645,0.7075207045832776,0.11633611183380527,0.7196564676511091,0.09866527027186728,0.8771154432244922,0.19084924116629065,13,"throughput_2,buffer_size_3,throughput_1,avg_p_latency_3,avg_p_latency_1,buffer_size_1,python_gc_objects_collected_total_1,buffer_size_2,avg_p_latency_2,data_quality_1,process_open_fds_2,python_gc_objects_collected_total_4,throughput_3",,,0.6532810507342219,0.3507521258667111,70.08635695278645,634.4,487.8,0.7206335793555092,3.0,,,False,30,,0.509736779031211,0.6624498613498666,0.6350034841103931,0.4313101370352774,0.5024534061425003,0.5097863312110096,0.49386605697598684,0.5265052130985934,0.5503663933834118,0.42459536459784203,0.5136487625158309,0.5202466792173143,1.9676484980534519,1.1376047680522283,1.2465365841924683
throughput_3,12,12,mrmr,classic_uniform,bic,5,4,0.6395840575362339,0.0872111846736825,0.4647310473655675,0.019926181913257582,0.48051643409210393,0.010091792579403128,0.4821168156358054,0.030524157267921695,1.361369025152559,0.21144328184357036,0.8182373734728248,0.04528865414673849,0.6892708175083391,0.029248108305658556,0.6889246235472187,0.0295160276054061,0.6896751885364822,0.029040850967370975,0.22033486348477704,0.11698387431087533,0.029157318196129794,0.013013700901944343,0.018361238623731423,0.009748656192572945,0.08333333333333333,0.0,2.189884921287344,0.049888862993198405,0.8212767735761163,0.04938196893170379,0.6872129960524104,0.07349625569718296,0.6906769227100963,0.08761987955701003,0.7053859705995342,0.05254682780790624,0.9249628451316587,0.14469596046756703,13,"throughput_2,buffer_size_3,throughput_1,avg_p_latency_3,avg_p_latency_1,buffer_size_1,python_gc_objects_collected_total_1,buffer_size_2,avg_p_latency_2,data_quality_1,process_open_fds_2,python_gc_objects_collected_total_4,throughput_3",,,0.6667936486192048,0.38551257899962366,70.45498996041715,553.0,569.25,0.4880897248653999,4.0,,,False,30,,0.494133956504969,0.6119458954957357,0.6395840575362339,0.42815248218233143,0.4579687791057844,0.4647310473655675,0.4898595357336364,0.49171068615866464,0.48051643409210393,0.41074637671452396,0.4622672752443675,0.4821168156358054,2.209939231471264,1.2734028841397151,1.361369025152559
throughput_3,12,14,mrmr,classic_uniform,bic,5,3,0.62282481194534,0.058861968690412214,0.4754030571079346,0.05315179433998542,0.5048702507291907,0.06575824435743557,0.47270080245675755,0.04214503305453608,1.5230055236089395,0.17820876538644456,0.8298262071767913,0.021805105690115973,0.693120922963938,0.021933708821050054,0.6931880340199128,0.022250443343971343,0.693068695928848,0.021622956662754697,0.17464996198430802,0.06548633236670165,0.022738734081577828,0.0073576474343821086,0.013512086556976818,0.005149434934828167,0.07722832722832722,0.0059582482588349,2.3320269871031,0.06828716082498233,0.8252200564282463,0.010829228051548448,0.7274009235443613,0.0423070204740025,0.7314813469157485,0.037493864750628124,0.7517169121914683,0.02008395976101376,0.9719736462470245,0.16733586824328528,13,"throughput_2,buffer_size_3,throughput_1,avg_p_latency_3,avg_p_latency_1,buffer_size_1,python_gc_objects_collected_total_1,buffer_size_2,avg_p_latency_2,data_quality_1,process_open_fds_2,python_gc_objects_collected_total_4,throughput_3",,,0.6969278765221437,0.40049360257883865,69.27076009195298,509.3333333333333,613.0,0.5320094455303674,3.0,,,False,30,,0.4015652835515598,0.6513434592110408,0.62282481194534,0.33043247040412776,0.4911281976991104,0.4754030571079346,0.40674055037454404,0.5193309351879732,0.5048702507291907,0.3263678560780208,0.49490068266542764,0.47270080245675755,2.932419901322566,1.4160940668071753,1.5230055236089395
throughput_3,12,16,mrmr,classic_uniform,bic,5,3,0.4686475037949555,0.09023268316947101,0.28358182561806666,0.10094412275830589,0.29199341820729025,0.12272056115681107,0.31335446030611025,0.0842536057751272,1.83147952433427,0.09829106409303602,0.7924025758607499,0.018674548331624737,0.5949308396291656,0.0331613291041916,0.5946083125408123,0.03316116478710351,0.5952753412327073,0.033176419492283955,0.14108054511909732,0.04768759892310369,0.015329550295376677,0.004492638941904565,0.008817534069943582,0.0029804749326939805,0.0625,0.0,2.4505052570218573,0.05175958752923253,0.7649674285853115,0.06856491262670808,0.5964968572277026,0.08605303041387972,0.6004858718591457,0.09251450145008427,0.6289594393779637,0.06770259352027969,1.1800502367420587,0.2855149827806119,13,"throughput_2,buffer_size_3,throughput_1,avg_p_latency_3,avg_p_latency_1,buffer_size_1,python_gc_objects_collected_total_1,buffer_size_2,avg_p_latency_2,data_quality_1,process_open_fds_2,python_gc_objects_collected_total_4,throughput_3",,,0.6733349816252788,0.38671525040020543,68.76151924487203,490.3333333333333,632.0,0.3956940287055667,5.0,,,False,30,,0.13660755054605558,0.5143919949587542,0.4686475037949555,0.0778427999032708,0.35020716893698456,0.28358182561806666,0.09849920999754357,0.38016567833362336,0.29199341820729025,0.0908512231210679,0.36957209373832756,0.31335446030611025,4.029002672718608,1.735548145223478,1.83147952433427
throughput_3,12,18,mrmr,classic_uniform,bic,5,3,0.570851249914683,0.08051871042914448,0.42076556739444393,0.07207972632001362,0.4362018230371221,0.07355390633685754,0.42613852838351685,0.06799553866505645,1.6616144677276437,0.1928078179229266,0.7947864269429404,0.03981254767261196,0.6113174574638758,0.054369683143083235,0.6113118523002732,0.05473172368961487,0.6113384362935123,0.054019906644234526,0.11789017935893427,0.07473529424567295,0.011668085482922827,0.006410010098328193,0.006681493756555304,0.003934624764565759,0.059259259259259255,0.006415002990995843,2.53546274520694,0.03949782786632065,0.797331805904579,0.007933709381423605,0.6789141724289632,0.058517226733738936,0.6766979272363803,0.06585888044080057,0.7018575569595598,0.04520925859938196,1.0855801094249955,0.09028039918105951,13,"throughput_2,buffer_size_3,throughput_1,avg_p_latency_3,avg_p_latency_1,buffer_size_1,python_gc_objects_collected_total_1,buffer_size_2,avg_p_latency_2,data_quality_1,process_open_fds_2,python_gc_objects_collected_total_4,throughput_3",,,0.7175313271582127,0.4429022471110026,69.60702069476247,411.6666666666667,710.6666666666666,0.5008606375776842,3.0,,,False,30,,0.353449110559791,0.5613801309940852,0.570851249914683,0.27484588595001597,0.4002819781634897,0.42076556739444393,0.34708669560471,0.43891337423568677,0.4362018230371221,0.2705645469176755,0.39216708357909397,0.42613852838351685,2.8884215429459896,1.7058752281092666,1.6616144677276437
throughput_3,12,20,mrmr,classic_uniform,bic,5,1,0.5164737310774711,0.0,0.33336053898201323,0.0,0.3671665342921993,0.0,0.33811876090196735,0.0,1.9994112550900678,0.0,0.7515583259127337,0.0,0.5472930684080853,0.0,0.547267925015837,0.0,0.5473198515049982,0.0,0.05966162065894924,0.0,0.005630252100840337,0.0,0.002983081032947462,0.0,0.05,0.0,2.655965883991411,0.0,0.8087188612099644,0.0,0.61761817098489,0.0,0.6177627281221798,0.0,0.6330807749870154,0.0,1.0057311154669488,0.0,13,"throughput_2,buffer_size_3,throughput_1,avg_p_latency_3,avg_p_latency_1,buffer_size_1,python_gc_objects_collected_total_1,buffer_size_2,avg_p_latency_2,data_quality_1,process_open_fds_2,python_gc_objects_collected_total_4,throughput_3",,,0.7855021515861154,0.5100831389427185,66.35083388537169,316.0,807.0,0.33336053898201323,5.0,,,False,30,,0.24577025823686555,0.5592163846838825,0.5164737310774711,0.21029306309342485,0.3430918117099234,0.33336053898201323,0.30590136002052976,0.3542537310398462,0.3671665342921993,0.17722753145397202,0.36149748496512873,0.33811876090196735,2.9825763370813987,1.773704173796157,1.9994112550900678
throughput_3,12,10,mrmr,classic_uniform,aic,5,4,0.5798676752332925,0.11247478488004381,0.4845494344264333,0.16348900332501545,0.4896455344062618,0.1650477809287527,0.510570903595001,0.1465619884413437,1.3648830820987152,0.300359727573062,0.8378277563757633,0.008832115458044909,0.7444400560888751,0.062240498052577316,0.744147101470184,0.0627705007787858,0.7447670728737747,0.06170459960591063,0.27735443323285763,0.0927512651941996,0.045881861054612554,0.014948293822848572,0.029779783786743876,0.011395676280448094,0.10625000000000001,0.012499999999999997,1.9755262268166767,0.11507545145508061,0.8266039586390039,0.04652910656062371,0.7201620529214571,0.10471961974219887,0.7160486680844892,0.10078941232777208,0.7419179401787493,0.11623575100368601,0.8173534227822407,0.27221097148430545,13,"throughput_2,buffer_size_3,throughput_1,avg_p_latency_3,avg_p_latency_1,buffer_size_1,python_gc_objects_collected_total_1,buffer_size_2,avg_p_latency_2,data_quality_1,process_open_fds_2,python_gc_objects_collected_total_4,throughput_3",,,0.9995721862651408,0.6192851047962904,75.67548319138587,546.5,575.75,0.728391807602908,3.0,,,False,30,,0.3684827691296708,0.5943654236567127,0.5798676752332925,0.35166302886520345,0.4789059216877733,0.4845494344264333,0.40721389931976487,0.5044140432632305,0.4896455344062618,0.3536583016270366,0.48772534157856906,0.510570903595001,2.5677031910762946,1.4519287875671236,1.3648830820987152
throughput_3,12,12,mrmr,classic_uniform,aic,5,3,0.37751724991785757,0.14495486362568855,0.2549499989905956,0.09622119481763806,0.3131578567689121,0.08270426489090324,0.2857446965865369,0.09801898438671887,2.043311108654898,0.613214011077183,0.8129082983202726,0.05390917398500041,0.6802974651962811,0.028285180729339585,0.6796007996085102,0.028021271765650255,0.6810613958891302,0.028633406970427388,0.17494440502664274,0.09036635413103877,0.02427575263061137,0.01053833585179222,0.014578700418886896,0.007530529510919899,0.08333333333333333,0.0,2.2086172071852253,0.040347946247254705,0.8071164342249673,0.04748637768916261,0.6829982625960075,0.07771379202012914,0.6760469671490571,0.08649285407959356,0.7080902085605838,0.06146327543287939,0.9296441201648564,0.18759454561016048,13,"throughput_2,buffer_size_3,throughput_1,avg_p_latency_3,avg_p_latency_1,buffer_size_1,python_gc_objects_collected_total_1,buffer_size_2,avg_p_latency_2,data_quality_1,process_open_fds_2,python_gc_objects_collected_total_4,throughput_3",,,1.029078776948154,0.6059073014184833,74.74982078466564,443.0,679.3333333333334,0.3655258769841357,2.0,,,False,30,,0.31751515468973956,0.43811167036770726,0.37751724991785757,0.32627535800517804,0.3004459699523006,0.2549499989905956,0.4280814897491972,0.35175116270969764,0.3131578567689121,0.2982357293472951,0.31352126199490066,0.2857446965865369,2.809555166482584,1.8627791655862305,2.043311108654898
throughput_3,12,14,mrmr,classic_uniform,aic,5,3,0.6162938906640126,0.06461232830992965,0.4679864749895352,0.04582316106568178,0.49342870595852456,0.051125249067562425,0.4714729717640734,0.042170098765710214,1.5154734128664977,0.20372194973211427,0.8298262071767913,0.021805105690115973,0.693120922963938,0.021933708821050054,0.6931880340199128,0.022250443343971343,0.693068695928848,0.021622956662754697,0.17464996198430802,0.06548633236670165,0.022738734081577828,0.0073576474343821086,0.013512086556976818,0.005149434934828167,0.07722832722832722,0.0059582482588349,2.3320269871031,0.06828716082498233,0.8302660641456697,0.010646730178892878,0.7190986916781679,0.05344330653176643,0.7174469091867576,0.04607600620144138,0.7452978497614703,0.049144872764186054,1.008776038714376,0.22159620385594364,13,"throughput_2,buffer_size_3,throughput_1,avg_p_latency_3,avg_p_latency_1,buffer_size_1,python_gc_objects_collected_total_1,buffer_size_2,avg_p_latency_2,data_quality_1,process_open_fds_2,python_gc_objects_collected_total_4,throughput_3",,,0.8675273067007462,0.4935328671708703,72.40005762316287,416.3333333333333,706.0,0.5181396090459303,3.0,,,False,30,,0.3564340169808715,0.6534212270946858,0.6162938906640126,0.343251886940845,0.4907207512958875,0.4679864749895352,0.43456155711138383,0.5183747174089027,0.49342870595852456,0.33067674830923155,0.4961729472964709,0.4714729717640734,2.8700364381101857,1.4195210393076227,1.5154734128664977
throughput_3,12,16,mrmr,classic_uniform,aic,5,3,0.4742921859102258,0.09436251183949776,0.2889412543392069,0.09908925385502444,0.29729863568506576,0.12012739267686909,0.3189119045887553,0.08229937617563586,1.832349250006257,0.09679490592820453,0.7924025758607499,0.018674548331624737,0.5949308396291656,0.0331613291041916,0.5946083125408123,0.03316116478710351,0.5952753412327073,0.033176419492283955,0.14108054511909732,0.04768759892310369,0.015329550295376677,0.004492638941904565,0.008817534069943582,0.0029804749326939805,0.0625,0.0,2.4505052570218573,0.05175958752923253,0.76793566841909,0.06972743493524329,0.6079841861390699,0.08119895868638359,0.6133457230849487,0.08977097144473596,0.6319764650242997,0.06545857715148672,1.200019922394165,0.2836662503369827,13,"throughput_2,buffer_size_3,throughput_1,avg_p_latency_3,avg_p_latency_1,buffer_size_1,python_gc_objects_collected_total_1,buffer_size_2,avg_p_latency_2,data_quality_1,process_open_fds_2,python_gc_objects_collected_total_4,throughput_3",,,0.7957467986270785,0.5185890778278311,72.42657329514623,375.6666666666667,746.6666666666666,0.3956940287055667,5.0,,,False,30,,0.13660755054605558,0.5108269325701623,0.4742921859102258,0.0778427999032708,0.35563939677117995,0.2889412543392069,0.09849920999754357,0.38256349904574966,0.29729863568506576,0.0908512231210679,0.38259940315538854,0.3189119045887553,4.029002672718608,1.7334610617455368,1.832349250006257
throughput_3,12,18,mrmr,classic_uniform,aic,5,3,0.5889858196442451,0.10418352019774867,0.43318690493234263,0.07248085760460765,0.44425951888812487,0.06802869043923332,0.44462430590974367,0.07829375222100332,1.6963876036845456,0.20585358147195887,0.7947864269429404,0.03981254767261196,0.6113174574638758,0.054369683143083235,0.6113118523002732,0.05473172368961487,0.6113384362935123,0.054019906644234526,0.11789017935893427,0.07473529424567295,0.011668085482922827,0.006410010098328193,0.006681493756555304,0.003934624764565759,0.059259259259259255,0.006415002990995843,2.53546274520694,0.03949782786632065,0.8003000457383576,0.009700723716343545,0.6638615276983875,0.04133053916114955,0.6604107036535897,0.05234104051324022,0.688063140704546,0.024390989100252173,1.1188423083457766,0.0957794569131625,13,"throughput_2,buffer_size_3,throughput_1,avg_p_latency_3,avg_p_latency_1,buffer_size_1,python_gc_objects_collected_total_1,buffer_size_2,avg_p_latency_2,data_quality_1,process_open_fds_2,python_gc_objects_collected_total_4,throughput_3",,,0.7783833406865597,0.5428989886616667,72.06009283103049,310.3333333333333,812.0,0.5128881591330344,3.0,,,False,30,,0.39800630579007823,0.6281639399600741,0.5889858196442451,0.33116212138605045,0.45737901124913166,0.43318690493234263,0.4156494668425106,0.47849255084944203,0.44425951888812487,0.3180645516331656,0.4606929396870367,0.44462430590974367,2.731432766737955,1.6397141266958375,1.6963876036845456
throughput_3,12,20,mrmr,classic_uniform,aic,5,1,0.5164737310774711,0.0,0.33336053898201323,0.0,0.3671665342921993,0.0,0.33811876090196735,0.0,1.9994112550900678,0.0,0.7515583259127337,0.0,0.5472930684080853,0.0,0.547267925015837,0.0,0.5473198515049982,0.0,0.05966162065894924,0.0,0.005630252100840337,0.0,0.002983081032947462,0.0,0.05,0.0,2.655965883991411,0.0,0.8087188612099644,0.0,0.61761817098489,0.0,0.6177627281221798,0.0,0.6330807749870154,0.0,1.0057311154669488,0.0,13,"throughput_2,buffer_size_3,throughput_1,avg_p_latency_3,avg_p_latency_1,buffer_size_1,python_gc_objects_collected_total_1,buffer_size_2,avg_p_latency_2,data_quality_1,process_open_fds_2,python_gc_objects_collected_total_4,throughput_3",,,0.8871470661833882,0.5954990070313215,69.67254749219865,238.0,885.0,0.33336053898201323,5.0,,,False,30,,0.24577025823686555,0.5592163846838825,0.5164737310774711,0.21029306309342485,0.3430918117099234,0.33336053898201323,0.30590136002052976,0.3542537310398462,0.3671665342921993,0.17722753145397202,0.36149748496512873,0.33811876090196735,2.9825763370813987,1.773704173796157,1.9994112550900678
throughput_3,12,10,mrmr,classic_quantile,bic,5,5,0.6127158124643851,0.07188094851008908,0.5805892444173919,0.06769157136505577,0.6089747159312783,0.06839406177772435,0.5924891580625375,0.062187059856950236,1.3533946655322107,0.1995687735897024,0.7800764440804251,0.06225503487212486,0.7679407933133596,0.07896882005665559,0.7679133222173409,0.07895607847395807,0.7679724438804054,0.07898238752811838,0.12385766416985315,0.03125044852503501,0.022394782451540685,0.0049987192273113065,0.012645223735266164,0.0031051308720831095,0.10222222222222221,0.004969039949999527,2.3020577196971415,0.0009517940344618842,0.7824073164471119,0.0646733589867934,0.7784328932304787,0.079140625623861,0.8074859346459204,0.05524102345823008,0.7780362993804569,0.08598053676530423,1.036344780494246,0.3372278333048503,13,"throughput_2,buffer_size_3,throughput_1,avg_p_latency_3,avg_p_latency_1,buffer_size_1,python_gc_objects_collected_total_1,buffer_size_2,avg_p_latency_2,data_quality_1,process_open_fds_2,python_gc_objects_collected_total_4,throughput_3",,,0.7352157402783632,0.5308666348457336,75.72149999253452,400.0,722.2,0.6569710314598521,1.0,,,False,30,,0.5117128013676124,0.5845634068409198,0.6127158124643851,0.42368226158893707,0.5441703246137891,0.5805892444173919,0.45752509274387965,0.5722412653245174,0.6089747159312783,0.4354666179539371,0.5724139886326904,0.5924891580625375,1.8931505517103275,1.3575771009700655,1.3533946655322107
throughput_3,12,12,mrmr,classic_quantile,bic,5,5,0.5448110564552867,0.07608677241663787,0.4922499697583678,0.09336868382541613,0.5395640709824285,0.09411242663612011,0.5168187169309229,0.07552313852607458,1.5938107904406906,0.27376292797172525,0.7708044247408345,0.048959984369407926,0.7222195032035362,0.05813522115959483,0.7222547967726296,0.0582434191600385,0.7221901761557051,0.05802949320423394,0.08609101861419709,0.04257819914778734,0.013355308039095898,0.006457900030392748,0.007361957487552129,0.0037740902007221975,0.08484848484848484,0.0033879817840905936,2.485201431477434,0.002628829152393732,0.7581826766762896,0.05655974371777986,0.7138528143528895,0.09645931441810439,0.7373934701923539,0.10171523417606362,0.7183407933301095,0.08888482809987204,1.1757618714216307,0.31681658895454545,13,"throughput_2,buffer_size_3,throughput_1,avg_p_latency_3,avg_p_latency_1,buffer_size_1,python_gc_objects_collected_total_1,buffer_size_2,avg_p_latency_2,data_quality_1,process_open_fds_2,python_gc_objects_collected_total_4,throughput_3",,,0.7471364235505462,0.5652449959889054,77.38630903977901,299.8,822.4,0.5916926831316542,5.0,,,False,30,,0.34789151797689855,0.48814275487577047,0.5448110564552867,0.2874114676110406,0.45204278593982633,0.4922499697583678,0.3200470781999492,0.46827629680084276,0.5395640709824285,0.30645612467632494,0.4849862985067902,0.5168187169309229,2.256194550723682,1.7015332940022359,1.5938107904406906
throughput_3,12,14,mrmr,classic_quantile,bic,5,5,0.5277354234821103,0.10545283416579172,0.47700819862702115,0.08433213820066046,0.4993362038378171,0.06939919258427457,0.5003338389745126,0.08983201858284792,1.7012990997022324,0.31114845132647306,0.7367666503175382,0.04786873523693396,0.6824842045059076,0.05145720694979357,0.6825086532494955,0.051396653291766355,0.6824661523453844,0.05151946855818522,0.09196368906179811,0.05125425396000638,0.0119055621911632,0.0057840992406215696,0.0066187849829356295,0.0036056460577057244,0.07252747252747252,0.0024572175576920803,2.6396758233140054,0.0016480612567759453,0.7252631011874014,0.0758728543613446,0.6937984038422438,0.10097557475734274,0.7265789059344672,0.08891880742281993,0.6970605890483442,0.0995865366110133,1.2186535946816934,0.291261698173875,13,"throughput_2,buffer_size_3,throughput_1,avg_p_latency_3,avg_p_latency_1,buffer_size_1,python_gc_objects_collected_total_1,buffer_size_2,avg_p_latency_2,data_quality_1,process_open_fds_2,python_gc_objects_collected_total_4,throughput_3",,,0.7517442619428039,0.5683009685948491,76.90261878166348,243.6,878.6,0.5889040552717925,1.0,,,False,30,,0.4630322395290182,0.5236111574071869,0.5277354234821103,0.3477356442951266,0.4475556324039788,0.47700819862702115,0.37296553160904455,0.4634968167851993,0.4993362038378171,0.37681650628130564,0.4856721807001846,0.5003338389745126,2.132588909579074,1.6784614602999735,1.7012990997022324
throughput_3,12,16,mrmr,classic_quantile,bic,5,5,0.5253941647896914,0.09342448942448653,0.4791733997995962,0.06649966211925781,0.5109715028279176,0.06278882466279065,0.5007629483538432,0.06395826726513691,1.6053666573961778,0.09686356692659341,0.729107797899375,0.08295972902620391,0.6580945864538875,0.09372102389863998,0.6581106029653487,0.09372985966144057,0.6580866627791396,0.09371348325178391,0.07806200922852749,0.02744228430865229,0.009286613895198378,0.0031566117200449934,0.005039621693411438,0.0018360829253813375,0.06428571428571428,0.003992978531249623,2.7732404786641114,0.0030439285360163012,0.7240164404572146,0.0648846488606241,0.6787680463781119,0.09593493130327993,0.7156772806880443,0.07504177568762728,0.6890492138582814,0.09705223287117964,1.239414995576588,0.2397514651017529,13,"throughput_2,buffer_size_3,throughput_1,avg_p_latency_3,avg_p_latency_1,buffer_size_1,python_gc_objects_collected_total_1,buffer_size_2,avg_p_latency_2,data_quality_1,process_open_fds_2,python_gc_objects_collected_total_4,throughput_3",,,0.7731118520721794,0.5912469930946826,77.5045781545341,214.0,908.2,0.5613303966628552,3.0,,,False,30,,0.42221814816754843,0.5421580532156196,0.5253941647896914,0.2891142581563165,0.4739869250047544,0.4791733997995962,0.3035983254948652,0.4986428606231737,0.5109715028279176,0.3225141077906901,0.49625658999149397,0.5007629483538432,2.1703042496507376,1.6467966645747705,1.6053666573961778
throughput_3,12,18,mrmr,classic_quantile,bic,5,5,0.43912298830323027,0.09334934130686053,0.3574602442048586,0.09541823230819618,0.36295859178842227,0.12429168479334984,0.40012126879470944,0.0583497657407356,1.9077744176605846,0.26081475321353426,0.7062853668950784,0.061494666791135515,0.597698310986563,0.055679960966242954,0.5976772566787962,0.0555982696389169,0.5977263027245675,0.055764256474589914,0.041342819002449196,0.026429381805942277,0.004434792559698056,0.0028130078983781763,0.002338765188367865,0.0015158095094833335,0.05620915032679739,0.0014614823382351578,2.891942858075035,0.0009991602450575802,0.6980075293998345,0.04916483506175513,0.6353022639414888,0.08980350599200553,0.6674085365743883,0.07608364867119663,0.6537500013026324,0.08713575045389486,1.3603059098938253,0.29174608909988914,13,"throughput_2,buffer_size_3,throughput_1,avg_p_latency_3,avg_p_latency_1,buffer_size_1,python_gc_objects_collected_total_1,buffer_size_2,avg_p_latency_2,data_quality_1,process_open_fds_2,python_gc_objects_collected_total_4,throughput_3",,,0.8178170097991824,0.5943838823586702,77.95728464704007,191.2,931.0,0.4221567969345467,3.0,,,False,30,,0.41615024055441,0.4261136851729278,0.43912298830323027,0.31911223438087966,0.3662972928438488,0.3574602442048586,0.3441680308120795,0.3838786722556435,0.36295859178842227,0.3360246937292157,0.4003213456607904,0.40012126879470944,2.3076768887771135,1.9521560120701498,1.9077744176605846
throughput_3,12,20,mrmr,classic_quantile,bic,5,5,0.39368463324777814,0.10785274840226479,0.3202556392405209,0.11158804004243647,0.32864421258399446,0.14302349844727222,0.3746902620752023,0.06702960222528118,2.1338247768843024,0.2999232383471443,0.7052191814959612,0.07742253643754808,0.6116400563992828,0.08099577016343507,0.6117085768382102,0.08090875161968053,0.611590278364286,0.08108742624111032,0.056139097750328174,0.027185520353313265,0.006046687276437482,0.0024416855745573044,0.0032566325871757028,0.0013552323986619822,0.052565746946551896,0.0036657687284568775,2.9950890958009166,0.0036145353408172,0.6948024641672187,0.06727510190385609,0.6326959674119907,0.0888550796941569,0.6592510484195303,0.07702497721122262,0.6555671210686436,0.08394380692493077,1.4557362453784282,0.3889419557711597,13,"throughput_2,buffer_size_3,throughput_1,avg_p_latency_3,avg_p_latency_1,buffer_size_1,python_gc_objects_collected_total_1,buffer_size_2,avg_p_latency_2,data_quality_1,process_open_fds_2,python_gc_objects_collected_total_4,throughput_3",,,0.8558646654710174,0.612264041416347,77.92657978646457,163.0,959.2,0.4654232898746184,3.0,,,False,30,,0.33597093982092147,0.35447831200803803,0.39368463324777814,0.20855718324075614,0.26636696668883325,0.3202556392405209,0.2113162961597391,0.2794708450498397,0.32864421258399446,0.27485996492908404,0.332762864113514,0.3746902620752023,2.4737348294145667,2.4130064465352286,2.1338247768843024
throughput_3,12,10,mrmr,classic_quantile,aic,5,5,0.5400290157348457,0.07153026101342022,0.4962816622949987,0.07809522628413493,0.528670620879378,0.08060752714044886,0.5306883916899272,0.06975875082467022,1.4244711503834835,0.21657103467957528,0.7800764440804251,0.06225503487212486,0.7679407933133596,0.07896882005665559,0.7679133222173409,0.07895607847395807,0.7679724438804054,0.07898238752811838,0.12385766416985315,0.03125044852503501,0.022394782451540685,0.0049987192273113065,0.012645223735266164,0.0031051308720831095,0.10222222222222221,0.004969039949999527,2.3020577196971415,0.0009517940344618842,0.7765328951746561,0.06813914259530669,0.775434274316417,0.08208476784440909,0.7920162710391655,0.07086092139819934,0.7844784109353405,0.07641504965282317,0.9784431922968725,0.3183091144566923,13,"throughput_2,buffer_size_3,throughput_1,avg_p_latency_3,avg_p_latency_1,buffer_size_1,python_gc_objects_collected_total_1,buffer_size_2,avg_p_latency_2,data_quality_1,process_open_fds_2,python_gc_objects_collected_total_4,throughput_3",,,1.4679923553019762,0.6981653423979879,83.16579567920417,386.4,735.8,0.6089016363817722,1.0,,,False,30,,0.4552170386490223,0.539838064263186,0.5400290157348457,0.3798874575582552,0.508255537980709,0.4962816622949987,0.4075263972455607,0.5178595283242918,0.528670620879378,0.39335469555683034,0.5395037164376687,0.5306883916899272,1.8252428253946824,1.4800893038175265,1.4244711503834835
throughput_3,12,12,mrmr,classic_quantile,aic,5,5,0.5291190676869792,0.10477375568612397,0.46709451650906225,0.10679613086185806,0.4910407052348521,0.11941203655065129,0.49151203457900416,0.08319329608578072,1.6425846558108563,0.217164639904262,0.7708044247408345,0.048959984369407926,0.7222195032035362,0.05813522115959483,0.7222547967726296,0.0582434191600385,0.7221901761557051,0.05802949320423394,0.08609101861419709,0.04257819914778734,0.013355308039095898,0.006457900030392748,0.007361957487552129,0.0037740902007221975,0.08484848484848484,0.0033879817840905936,2.485201431477434,0.002628829152393732,0.7546239578150796,0.05340686590873587,0.7096820040411695,0.09512778286832092,0.7300417140966294,0.09671932610906317,0.7168096394446402,0.0886806669152056,1.1731576778139576,0.3181388399039754,13,"throughput_2,buffer_size_3,throughput_1,avg_p_latency_3,avg_p_latency_1,buffer_size_1,python_gc_objects_collected_total_1,buffer_size_2,avg_p_latency_2,data_quality_1,process_open_fds_2,python_gc_objects_collected_total_4,throughput_3",,,1.3996946798637508,0.7034163068979978,83.8615159606561,288.6,833.6,0.5950270215579824,5.0,,,False,30,,0.4250778170897599,0.5140158062739384,0.5291190676869792,0.3500081172713835,0.43781348909768286,0.46709451650906225,0.3839066593058683,0.4652181287763654,0.4910407052348521,0.37088012127995207,0.46833132402777,0.49151203457900416,2.0000566924463667,1.6133468872720151,1.6425846558108563
throughput_3,12,14,mrmr,classic_quantile,aic,5,5,0.4815742147259616,0.0963870931238065,0.43206439167912486,0.08726429537883176,0.45566575816589,0.08246663187377953,0.44968956768248153,0.09208997554574283,1.7307691266873977,0.3056078688634289,0.7367666503175382,0.04786873523693396,0.6824842045059076,0.05145720694979357,0.6825086532494955,0.051396653291766355,0.6824661523453844,0.05151946855818522,0.09196368906179811,0.05125425396000638,0.0119055621911632,0.0057840992406215696,0.0066187849829356295,0.0036056460577057244,0.07252747252747252,0.0024572175576920803,2.6396758233140054,0.0016480612567759453,0.730423243536156,0.0699218413948972,0.6937929743407025,0.10098023045957029,0.723766181490637,0.09007215014958256,0.6987763574399695,0.09828588825887598,1.2138504461482633,0.29377197756018175,13,"throughput_2,buffer_size_3,throughput_1,avg_p_latency_3,avg_p_latency_1,buffer_size_1,python_gc_objects_collected_total_1,buffer_size_2,avg_p_latency_2,data_quality_1,process_open_fds_2,python_gc_objects_collected_total_4,throughput_3",,,1.7003318520262838,0.6989657988771796,84.97679900564253,235.0,887.2,0.5716982640791525,1.0,,,False,30,,0.3359520510219793,0.5127613678030105,0.4815742147259616,0.2784841394582997,0.44499816734392705,0.43206439167912486,0.3034368912263058,0.4689023663945915,0.45566575816589,0.2910498358885853,0.46742340580157543,0.44968956768248153,2.2033133964516467,1.7222245451039058,1.7307691266873977
throughput_3,12,16,mrmr,classic_quantile,aic,5,5,0.46998633339841245,0.08630097914428399,0.4266086234155516,0.07229198989279512,0.44732154725792456,0.06363377839363943,0.44518372022513,0.0864424078764353,1.7568172361029848,0.2690271006217415,0.729107797899375,0.08295972902620391,0.6580945864538875,0.09372102389863998,0.6581106029653487,0.09372985966144057,0.6580866627791396,0.09371348325178391,0.07806200922852749,0.02744228430865229,0.009286613895198378,0.0031566117200449934,0.005039621693411438,0.0018360829253813375,0.06428571428571428,0.003992978531249623,2.7732404786641114,0.0030439285360163012,0.7240164404572146,0.0648846488606241,0.6787680463781119,0.09593493130327993,0.7156772806880443,0.07504177568762728,0.6890492138582814,0.09705223287117964,1.239414995576588,0.2397514651017529,13,"throughput_2,buffer_size_3,throughput_1,avg_p_latency_3,avg_p_latency_1,buffer_size_1,python_gc_objects_collected_total_1,buffer_size_2,avg_p_latency_2,data_quality_1,process_open_fds_2,python_gc_objects_collected_total_4,throughput_3",,,0.9456348534673452,0.6494714908301831,81.08005110174417,204.6,917.6,0.534570498247657,1.0,,,False,30,,0.4031666515873734,0.5200541902181418,0.46998633339841245,0.32969506251726377,0.44990161195851597,0.4266086234155516,0.36829069348407834,0.4639491559938033,0.44732154725792456,0.3475008016114762,0.47817751585145646,0.44518372022513,2.154353717533308,1.6408350704100876,1.7568172361029848
throughput_3,12,18,mrmr,classic_quantile,aic,5,5,0.45536100621743075,0.04343268958682823,0.39201306304403943,0.05588153905790728,0.41847332791210945,0.07038693089209815,0.4248900528978893,0.07104716411557818,1.8153008014869656,0.19327386424597617,0.7062853668950784,0.061494666791135515,0.597698310986563,0.055679960966242954,0.5976772566787962,0.0555982696389169,0.5977263027245675,0.055764256474589914,0.041342819002449196,0.026429381805942277,0.004434792559698056,0.0028130078983781763,0.002338765188367865,0.0015158095094833335,0.05620915032679739,0.0014614823382351578,2.891942858075035,0.0009991602450575802,0.6980075293998345,0.04916483506175513,0.6353022639414888,0.08980350599200553,0.6674085365743883,0.07608364867119663,0.6537500013026324,0.08713575045389486,1.3603059098938253,0.291746089099889,13,"throughput_2,buffer_size_3,throughput_1,avg_p_latency_3,avg_p_latency_1,buffer_size_1,python_gc_objects_collected_total_1,buffer_size_2,avg_p_latency_2,data_quality_1,process_open_fds_2,python_gc_objects_collected_total_4,throughput_3",,,1.0124923234805465,0.9159089958295226,81.5821547601372,183.8,938.4,0.48193845829716536,1.0,,,False,30,,0.4396852078482166,0.44091932895557634,0.45536100621743075,0.332322059290001,0.39548378791801203,0.39201306304403943,0.3601667430393752,0.4104973240628884,0.41847332791210945,0.351677945472464,0.4324775157622134,0.4248900528978893,2.121464694710371,1.8979849607370016,1.8153008014869656
throughput_3,12,20,mrmr,classic_quantile,aic,5,5,0.5008072977430267,0.06163162416168935,0.4295352276823767,0.06574640765511822,0.4556080518713562,0.06444232467686799,0.44458112880343864,0.0711873556814108,1.7875121011345005,0.2865122814854484,0.7052191814959612,0.07742253643754808,0.6116400563992828,0.08099577016343507,0.6117085768382102,0.08090875161968053,0.611590278364286,0.08108742624111032,0.056139097750328174,0.027185520353313265,0.006046687276437482,0.0024416855745573044,0.0032566325871757028,0.0013552323986619822,0.052565746946551896,0.0036657687284568775,2.9950890958009166,0.0036145353408172,0.6944462753871652,0.06663596530621058,0.6355411427041248,0.09426099683363232,0.664716341315964,0.08745961974867265,0.6568113271324948,0.08625257230091281,1.4332546908015829,0.4130311598626244,13,"throughput_2,buffer_size_3,throughput_1,avg_p_latency_3,avg_p_latency_1,buffer_size_1,python_gc_objects_collected_total_1,buffer_size_2,avg_p_latency_2,data_quality_1,process_open_fds_2,python_gc_objects_collected_total_4,throughput_3",,,0.9255006717517972,0.6927048413082957,80.63335717562586,157.6,964.6,0.5122976667900068,1.0,,,False,30,,0.4224252900383013,0.4591116232779844,0.5008072977430267,0.3241894462779973,0.40227531528431754,0.4295352276823767,0.3509024838375878,0.42886092689255684,0.4556080518713562,0.3425212736697817,0.41923376500093523,0.44458112880343864,2.178997477219471,1.9566695816863067,1.7875121011345005
throughput_3,12,10,mrmr,kmeans,bic,5,5,0.643927092410671,0.08312287874650114,0.5133185083970696,0.0643034988599515,0.5803342897171987,0.09113645064727513,0.5111520306114872,0.04545244737936976,1.2768320771854376,0.19597138987587995,0.8438815370720457,0.020133412559480132,0.7190910592978726,0.055550814297618226,0.718940080948559,0.055834045865125394,0.7192704146562177,0.055266369764661115,0.22278989147670725,0.10084770006789665,0.03630499600370173,0.013262806072116754,0.0227246219462447,0.010010800409733863,0.10222222222222221,0.004969039949999527,1.9902911641689027,0.07565296109919907,0.8076962444900067,0.07146462669041469,0.6921323936575765,0.08721871158634573,0.7007638759741057,0.10116516361843529,0.7099391971067235,0.0718793872814951,0.8198574483884364,0.1689147928963331,13,"throughput_2,buffer_size_3,throughput_1,avg_p_latency_3,avg_p_latency_1,buffer_size_1,python_gc_objects_collected_total_1,buffer_size_2,avg_p_latency_2,data_quality_1,process_open_fds_2,python_gc_objects_collected_total_4,throughput_3",,,0.6719431260600686,0.3601697254925966,71.31006692629308,624.8,497.4,0.5920470468899037,5.0,,,False,30,,0.4965465243816299,0.6867029204622834,0.643927092410671,0.4518297252334782,0.5045509879677283,0.5133185083970696,0.5278579244289838,0.5375282628796372,0.5803342897171987,0.44515926095764885,0.52020787197697,0.5111520306114872,2.0366323160609716,1.1066282125476161,1.2768320771854376
throughput_3,12,12,mrmr,kmeans,bic,5,5,0.5731661595262245,0.09599348224431362,0.46408091021108955,0.06705215950330097,0.49118664308540516,0.07620854207606943,0.47221637747090855,0.05321201070404823,1.5206578371767123,0.2540785601565323,0.8360377648995323,0.01765139156100593,0.7115802790175823,0.049997131710459636,0.7114670847599877,0.050268454287658755,0.7117219252873972,0.04972284084953842,0.19694588755926562,0.10143113641248733,0.02704029824715775,0.011095891338608783,0.01663092248863269,0.008324069325799339,0.08484848484848484,0.0033879817840905936,2.2436103393438946,0.06718240780996969,0.8005653387754584,0.05394119641278048,0.6872869021213066,0.07484273566511428,0.7007451548574243,0.07516719345552171,0.7055866963634281,0.06617389158181816,1.017029862649933,0.20801308665758866,13,"throughput_2,buffer_size_3,throughput_1,avg_p_latency_3,avg_p_latency_1,buffer_size_1,python_gc_objects_collected_total_1,buffer_size_2,avg_p_latency_2,data_quality_1,process_open_fds_2,python_gc_objects_collected_total_4,throughput_3",,,0.6944213941693306,0.38319791704416273,72.02126536890864,576.6,545.6,0.543238226292528,3.0,,,False,30,,0.4961912879779938,0.6196829221448151,0.5731661595262245,0.4204455601229851,0.4968277452270698,0.46408091021108955,0.48275478482570583,0.5344984672665571,0.49118664308540516,0.4098775246415099,0.5035815227964638,0.47221637747090855,2.179008122859146,1.3164528966842872,1.5206578371767123
throughput_3,12,14,mrmr,kmeans,bic,5,5,0.5761999546033908,0.08897979602383929,0.42562990541402046,0.027516679502509304,0.4434587833153909,0.03831121727933048,0.4373196147849412,0.020538642197922622,1.682287245201732,0.262888605866846,0.8269520938789181,0.02670836564148657,0.6620799984903682,0.04062197814599398,0.6618616148124109,0.0410022952400693,0.6623476870388662,0.04025453666477496,0.19694588755926562,0.10143113641248733,0.023450489892150508,0.009403608885195749,0.014411337270276037,0.0070608418319674906,0.0738095238095238,0.005323971374999499,2.3294845794232657,0.06987455822536819,0.8192674679857905,0.05253673623280008,0.6824227592424676,0.07503882189328893,0.6821273233475161,0.08045222977184069,0.7041343816391447,0.0616515788720751,0.9896292787554615,0.20088142476081006,13,"throughput_2,buffer_size_3,throughput_1,avg_p_latency_3,avg_p_latency_1,buffer_size_1,python_gc_objects_collected_total_1,buffer_size_2,avg_p_latency_2,data_quality_1,process_open_fds_2,python_gc_objects_collected_total_4,throughput_3",,,0.6879342885687947,0.3892528710886836,72.64890468865633,533.6,588.6,0.44895788748542603,5.0,,,False,30,,0.4783691506230922,0.6205741877419632,0.5761999546033908,0.3623430896586732,0.43474516672301694,0.42562990541402046,0.40776232607884433,0.4710567863958623,0.4434587833153909,0.36581063109575707,0.4471924123211644,0.4373196147849412,2.4403177177557156,1.4059744980562687,1.682287245201732
throughput_3,12,16,mrmr,kmeans,bic,5,5,0.5416185319752446,0.057736144873665116,0.35405200187904523,0.024318251389823516,0.37488003691397287,0.026442793057531267,0.3680907582729481,0.023302937549685,1.6947580831271343,0.20437611309522286,0.8101996339699971,0.03491635307156211,0.6266778050892817,0.059836541741147074,0.6265853570443423,0.060031053779734625,0.6267902833305504,0.05965046680270489,0.13936251097216998,0.09876428886372066,0.014811788890992533,0.009113647105057715,0.00879756952317321,0.006054065759571337,0.06538461538461539,0.006450196088941704,2.4531347814744526,0.04538780166623037,0.7589032934786397,0.026826219642378437,0.5795182958112136,0.04598430370597522,0.5837796186453078,0.05631917859929042,0.6095383683341626,0.039207740313633055,1.1840810895567722,0.2035468791487821,13,"throughput_2,buffer_size_3,throughput_1,avg_p_latency_3,avg_p_latency_1,buffer_size_1,python_gc_objects_collected_total_1,buffer_size_2,avg_p_latency_2,data_quality_1,process_open_fds_2,python_gc_objects_collected_total_4,throughput_3",,,0.6993768496438861,0.40092498138546945,72.89568192046136,499.2,623.0,0.38506038608852705,3.0,,,False,30,,0.404594105107436,0.554818469118401,0.5416185319752446,0.3095551207062961,0.3798823968078405,0.35405200187904523,0.3638508241309367,0.3975483883555092,0.37488003691397287,0.3129086311975793,0.3905208863443657,0.3680907582729481,2.5414831326707312,1.6392323443718162,1.6947580831271343
throughput_3,12,18,mrmr,kmeans,bic,5,5,0.5623403380618822,0.17556637092644042,0.37316202985558977,0.10490445097909483,0.383805735900428,0.11264889621814313,0.3940466394498366,0.09253977575663319,1.7246597041714673,0.33997591079548084,0.8112675653925457,0.022094576265623382,0.6187897149582797,0.05005928383542189,0.6187600522982335,0.05036461706585883,0.6188579136719439,0.0497489249995223,0.11264533660950822,0.09945730463534223,0.010787005009317698,0.008159371026082373,0.006325414323423856,0.005457348510016636,0.057777777777777775,0.004969039949999534,2.579336931801359,0.042010088314061104,0.7998551794728785,0.053614173204150524,0.6552258729626911,0.08495793249024969,0.6594841223119191,0.08738875420254734,0.6763758604410215,0.0760180038282649,1.1679672036306974,0.2591770187553629,13,"throughput_2,buffer_size_3,throughput_1,avg_p_latency_3,avg_p_latency_1,buffer_size_1,python_gc_objects_collected_total_1,buffer_size_2,avg_p_latency_2,data_quality_1,process_open_fds_2,python_gc_objects_collected_total_4,throughput_3",,,0.6845050133764744,0.3928132439032197,71.72028950415552,507.8,614.4,0.4874342668149759,2.0,,,False,30,,0.4580655965130324,0.5500418251976578,0.5623403380618822,0.34639922133377443,0.3811492658394191,0.37316202985558977,0.3907179083220525,0.39141031352342626,0.383805735900428,0.34922746045970593,0.40376899991287435,0.3940466394498366,2.5648681598642407,1.77787664737201,1.7246597041714673
throughput_3,12,20,mrmr,kmeans,bic,5,5,0.5979468351738008,0.08914490029928014,0.3721812838824854,0.04281743944668462,0.39548934379397904,0.06234636723914495,0.38564321732477735,0.025552265540328405,1.6916824322014687,0.26660775007151677,0.8018264992388925,0.030271273209187464,0.5821745544493571,0.03570734725955415,0.5821273802377998,0.03589858818844752,0.5822551971823944,0.03551771730225865,0.10337617439916953,0.09989120332196658,0.009056227972247224,0.0072889673845021475,0.005287253226947876,0.004915743879590737,0.05302631578947368,0.005417154960589184,2.625955140505276,0.07656364205843783,0.7980743940195776,0.06293558191291924,0.634041127213551,0.08397402468254128,0.6400423677499487,0.08455061355737001,0.6576315275566725,0.07492750479390861,1.1749921473563236,0.3248148425119265,13,"throughput_2,buffer_size_3,throughput_1,avg_p_latency_3,avg_p_latency_1,buffer_size_1,python_gc_objects_collected_total_1,buffer_size_2,avg_p_latency_2,data_quality_1,process_open_fds_2,python_gc_objects_collected_total_4,throughput_3",,,0.7175146650522948,0.43476486708968876,72.97670291177928,413.2,709.0,0.4102343963906336,3.0,,,False,30,,0.27285346260255905,0.5232535400625076,0.5979468351738008,0.1925028621322502,0.3387486377799046,0.3721812838824854,0.22289529229074018,0.3460206526069679,0.39548934379397904,0.2099017033173996,0.35817304174111264,0.38564321732477735,2.871576034933125,1.7894026657211846,1.6916824322014687
throughput_3,12,10,mrmr,kmeans,aic,5,5,0.6325265117785154,0.09362114389004283,0.4945459744344534,0.053313776743198885,0.5256952887304434,0.05649494383199463,0.5068309124887639,0.052924607403477396,1.25837050834863,0.2402847150003432,0.8438815370720457,0.020133412559480132,0.7190910592978726,0.055550814297618226,0.718940080948559,0.055834045865125394,0.7192704146562177,0.055266369764661115,0.22278989147670725,0.10084770006789665,0.03630499600370173,0.013262806072116754,0.0227246219462447,0.010010800409733863,0.10222222222222221,0.004969039949999527,1.9902911641689027,0.07565296109919907,0.8016354895852811,0.1018189404821561,0.6963790772884577,0.09099638229242961,0.7120182689587965,0.08137391068763827,0.709701700212603,0.08711170852558374,0.9440808272312747,0.49860377704475267,13,"throughput_2,buffer_size_3,throughput_1,avg_p_latency_3,avg_p_latency_1,buffer_size_1,python_gc_objects_collected_total_1,buffer_size_2,avg_p_latency_2,data_quality_1,process_open_fds_2,python_gc_objects_collected_total_4,throughput_3",,,1.0228996951133014,0.5057116787880659,77.24327040184289,546.2,576.0,0.5841203541447642,3.0,,,False,30,,0.4726864792707336,0.6628206532349845,0.6325265117785154,0.43372634146254746,0.49048557087274736,0.4945459744344534,0.510167387171291,0.5120380299847975,0.5256952887304434,0.42902028231338774,0.5034374825026521,0.5068309124887639,2.0439725879021498,1.199161980347778,1.25837050834863
throughput_3,12,12,mrmr,kmeans,aic,5,5,0.5833265873337111,0.11714622686156582,0.4728734104717752,0.0797965372014297,0.5022434008314876,0.08120177136912927,0.4869612237675781,0.06302653559516205,1.4922569442478057,0.27589900176879595,0.8360377648995323,0.01765139156100593,0.7115802790175823,0.049997131710459636,0.7114670847599877,0.050268454287658755,0.7117219252873972,0.04972284084953842,0.19694588755926562,0.10143113641248733,0.02704029824715775,0.011095891338608783,0.01663092248863269,0.008324069325799339,0.08484848484848484,0.0033879817840905936,2.2436103393438946,0.06718240780996969,0.8067940474643732,0.05740070068257651,0.7029097906454472,0.10095808192813575,0.7166606871551451,0.1005097044859007,0.7267149443676423,0.09191382918397199,1.0196871906114704,0.240834227529718,13,"throughput_2,buffer_size_3,throughput_1,avg_p_latency_3,avg_p_latency_1,buffer_size_1,python_gc_objects_collected_total_1,buffer_size_2,avg_p_latency_2,data_quality_1,process_open_fds_2,python_gc_objects_collected_total_4,throughput_3",,,1.0208130842074752,0.48466429151594637,77.1814708923921,466.0,656.2,0.5613747829551693,3.0,,,False,30,,0.4676926935268562,0.5694398280643108,0.5833265873337111,0.42149971360012384,0.4558611761252601,0.4728734104717752,0.5114658581998728,0.5120383851353704,0.5022434008314876,0.40109117915693326,0.46300153815881046,0.4869612237675781,2.296179395165032,1.3531412488846446,1.4922569442478057
throughput_3,12,14,mrmr,kmeans,aic,5,5,0.5965208102183641,0.10062819392611022,0.43943392866820796,0.06325930486381505,0.45929899484124237,0.06157345692820291,0.4509330010997479,0.06021204448553813,1.57356356627716,0.288738361513243,0.8269520938789181,0.02670836564148657,0.6620799984903682,0.04062197814599398,0.6618616148124109,0.0410022952400693,0.6623476870388662,0.04025453666477496,0.19694588755926562,0.10143113641248733,0.023450489892150508,0.009403608885195749,0.014411337270276037,0.0070608418319674906,0.0738095238095238,0.005323971374999499,2.3294845794232657,0.06987455822536819,0.823185544566378,0.055554617658625786,0.6901637869566091,0.0738888854054285,0.6878986083782259,0.07753629497281757,0.7134310078926956,0.06774644274511157,0.9820315365954191,0.23099798604716432,13,"throughput_2,buffer_size_3,throughput_1,avg_p_latency_3,avg_p_latency_1,buffer_size_1,python_gc_objects_collected_total_1,buffer_size_2,avg_p_latency_2,data_quality_1,process_open_fds_2,python_gc_objects_collected_total_4,throughput_3",,,0.9034991936758161,0.4786957737058401,76.59354571346194,437.6,684.6,0.5438818175584484,3.0,,,False,30,,0.48747831359533206,0.617542614876437,0.5965208102183641,0.3978186046572301,0.4606171901947965,0.43943392866820796,0.4576549736364406,0.47512574532745344,0.45929899484124237,0.385408676479712,0.4743814943166669,0.4509330010997479,2.3673874122863725,1.3710523998542334,1.57356356627716
throughput_3,12,16,mrmr,kmeans,aic,5,5,0.5585398799688255,0.1337010459832816,0.3687373728583322,0.0962816998527112,0.3835413160647995,0.08999930808915015,0.38907059234813185,0.09885144729704516,1.5970186242438928,0.2427254210442902,0.8101996339699971,0.03491635307156211,0.6266778050892817,0.059836541741147074,0.6265853570443423,0.060031053779734625,0.6267902833305504,0.05965046680270489,0.13936251097216998,0.09876428886372066,0.014811788890992533,0.009113647105057715,0.00879756952317321,0.006054065759571337,0.06538461538461539,0.006450196088941704,2.4531347814744526,0.04538780166623037,0.7606842373789069,0.02940343939390524,0.5921495491390731,0.03649226924338061,0.6065500516973327,0.06202875008988294,0.6180447293711986,0.04590732001314239,1.2058628384364716,0.22018276382260615,13,"throughput_2,buffer_size_3,throughput_1,avg_p_latency_3,avg_p_latency_1,buffer_size_1,python_gc_objects_collected_total_1,buffer_size_2,avg_p_latency_2,data_quality_1,process_open_fds_2,python_gc_objects_collected_total_4,throughput_3",,,0.8255313888192177,0.5108143292367459,75.3606833172962,385.0,737.2,0.5137209916313455,3.0,,,False,30,,0.3680503108715355,0.5302323957187506,0.5585398799688255,0.2902822679811522,0.3694133670971462,0.3687373728583322,0.3459118741307813,0.39917522012461226,0.3835413160647995,0.2925933785348557,0.38147515913789753,0.38907059234813185,2.568666865634755,1.6238684257969092,1.5970186242438928
throughput_3,12,18,mrmr,kmeans,aic,5,5,0.5243282968493801,0.13101304801087427,0.35005929754099413,0.06925534030216203,0.3867485219612518,0.06401905287755828,0.37111967833764703,0.058931824939475796,1.8250085741623436,0.48658140322115173,0.8112675653925457,0.022094576265623382,0.6187897149582797,0.05005928383542189,0.6187600522982335,0.05036461706585883,0.6188579136719439,0.0497489249995223,0.11264533660950822,0.09945730463534223,0.010787005009317698,0.008159371026082373,0.006325414323423856,0.005457348510016636,0.057777777777777775,0.004969039949999534,2.579336931801359,0.042010088314061104,0.7996770850828518,0.05370888212249742,0.6540034903046464,0.08287770188362395,0.658062854966144,0.08330238583418972,0.6799027035945275,0.08109745958021568,1.1744058052860589,0.2567147871883413,13,"throughput_2,buffer_size_3,throughput_1,avg_p_latency_3,avg_p_latency_1,buffer_size_1,python_gc_objects_collected_total_1,buffer_size_2,avg_p_latency_2,data_quality_1,process_open_fds_2,python_gc_objects_collected_total_4,throughput_3",,,0.8029947174713016,0.5627370331436395,77.23899286054075,330.4,791.8,0.41818928544781053,3.0,,,False,30,,0.32812780256601953,0.5453383555316403,0.5243282968493801,0.18884294360214113,0.3542577878200657,0.35005929754099413,0.20943926853296696,0.36333054032292084,0.3867485219612518,0.2124690149125624,0.38045397784390944,0.37111967833764703,3.0889399927304044,1.8639166094943491,1.8250085741623436
throughput_3,12,20,mrmr,kmeans,aic,5,5,0.5988381007709487,0.10199784292331683,0.4149133325325705,0.06316074640633314,0.44461057734973136,0.06784247766860231,0.42772515240171594,0.06486543597027666,1.6365714548155519,0.3338967827662412,0.8018264992388925,0.030271273209187464,0.5821745544493571,0.03570734725955415,0.5821273802377998,0.03589858818844752,0.5822551971823944,0.03551771730225865,0.10337617439916953,0.09989120332196658,0.009056227972247224,0.0072889673845021475,0.005287253226947876,0.004915743879590737,0.05302631578947368,0.005417154960589184,2.625955140505276,0.07656364205843783,0.7996772435298182,0.06443363660467344,0.6256621543473108,0.07103083616646581,0.6309865114985053,0.07049253213652919,0.653581571234411,0.06681025079485862,1.1879081324673892,0.3250147416209791,13,"throughput_2,buffer_size_3,throughput_1,avg_p_latency_3,avg_p_latency_1,buffer_size_1,python_gc_objects_collected_total_1,buffer_size_2,avg_p_latency_2,data_quality_1,process_open_fds_2,python_gc_objects_collected_total_4,throughput_3",,,0.8071924546733499,0.5558824749663472,77.15273805428296,317.6,804.6,0.521995365064552,3.0,,,False,30,,0.4719796572397274,0.6159335749194844,0.5988381007709487,0.3549201768225384,0.4215190885536126,0.4149133325325705,0.4077105879050652,0.43472921449801943,0.44461057734973136,0.35617983214906024,0.4370674307618313,0.42772515240171594,2.341278505635155,1.6168048605728518,1.6365714548155519
throughput_3,12,10,mrmr,fixed,bic,5,5,0.6972136640619171,0.06738669376152301,0.6264772662239546,0.046672050426728465,0.6537058063620008,0.07027681355498361,0.6377897765654242,0.038785101611227536,0.8394212594494297,0.1365076682272931,0.9014480883424364,0.027202521841161776,0.8687204479088372,0.03230982188348073,0.8687190895955791,0.03213260522855243,0.8687300995176622,0.032498931048512376,0.39371288708149005,0.10157443242011968,0.1396706141474087,0.0270229532522992,0.09842822177037251,0.02539360810502992,0.25,0.0,1.267152534905198,0.0466768380115378,0.6944559406521043,0.07430909998792257,0.6370673241714828,0.06149624843771874,0.6506457046362069,0.08336308553987637,0.6521409232417688,0.043532506033386,0.8423825308440896,0.21565697414849175,11,"buffer_size_3,avg_p_latency_3,avg_p_latency_1,buffer_size_1,python_gc_objects_collected_total_1,buffer_size_2,avg_p_latency_2,data_quality_1,process_open_fds_2,python_gc_objects_collected_total_4,throughput_3",,,0.5242162968963384,0.4009192992001772,66.96158453263342,420.8,701.4,0.6886482319275502,2.0,,,False,30,,,,0.6972136640619171,,,0.6264772662239546,,,0.6537058063620008,,,0.6377897765654242,,,0.8394212594494297
throughput_3,12,12,mrmr,fixed,bic,5,5,0.6900803646966761,0.06561930521927242,0.6058275744877017,0.05685981272698566,0.6343832603818468,0.10571730679326186,0.6274549040835489,0.022194924311303918,0.7969267130789157,0.07328038330976015,0.9014480883424364,0.027202521841161776,0.8687204479088372,0.03230982188348073,0.8687190895955791,0.03213260522855243,0.8687300995176622,0.032498931048512376,0.39371288708149005,0.10157443242011968,0.1396706141474087,0.0270229532522992,0.09842822177037251,0.02539360810502992,0.25,0.0,1.267152534905198,0.0466768380115378,0.7186680631125956,0.061492837635690925,0.6702091994763348,0.03968316545080292,0.6860446693332756,0.07705922321198007,0.6929955720347214,0.026553655272487646,0.7333024382826526,0.09364885906546117,11,"buffer_size_3,avg_p_latency_3,avg_p_latency_1,buffer_size_1,python_gc_objects_collected_total_1,buffer_size_2,avg_p_latency_2,data_quality_1,process_open_fds_2,python_gc_objects_collected_total_4,throughput_3",,,0.519754420593381,0.4352329546585679,67.07247912976891,323.8,798.4,0.696700225288651,1.0,,,False,30,,,,0.6900803646966761,,,0.6058275744877017,,,0.6343832603818468,,,0.6274549040835489,,,0.7969267130789157
throughput_3,12,14,mrmr,fixed,bic,5,5,0.6968450943884396,0.05002254818682677,0.6080645689239821,0.059428166452308466,0.661788153765883,0.057902408434712414,0.6201702506096034,0.05500694723167703,0.7964717854727378,0.0658398104428741,0.9014480883424364,0.027202521841161776,0.8687204479088372,0.03230982188348073,0.8687190895955791,0.03213260522855243,0.8687300995176622,0.032498931048512376,0.39371288708149005,0.10157443242011968,0.1396706141474087,0.0270229532522992,0.09842822177037251,0.02539360810502992,0.25,0.0,1.267152534905198,0.0466768380115378,0.7179491892268739,0.047615365331613424,0.6584389058763117,0.03495265819479131,0.688650782747155,0.061499775745941475,0.6735421200902042,0.032746465037809515,0.7194607380751985,0.09751560001820989,11,"buffer_size_3,avg_p_latency_3,avg_p_latency_1,buffer_size_1,python_gc_objects_collected_total_1,buffer_size_2,avg_p_latency_2,data_quality_1,process_open_fds_2,python_gc_objects_collected_total_4,throughput_3",,,0.5400633627548814,0.46020813174545766,68.55720036383718,273.6,848.6,0.663636588562336,1.0,saved_dbn_models_top5_20260313_192652_seed783122_with_rps_run20260709_161025/best_bins14_dbn_throughput_3_K12_mrmr_fixed_bic_bins14.pkl,saved_dbn_models_top5_20260313_192652_seed783122_with_rps_run20260709_161025/best_bins14_dbn_throughput_3_K12_mrmr_fixed_bic_bins14_edges.csv,False,30,,,,0.6968450943884396,,,0.6080645689239821,,,0.661788153765883,,,0.6201702506096034,,,0.7964717854727378
throughput_3,12,16,mrmr,fixed,bic,5,5,0.683661506373779,0.022490086524745708,0.5742232255339641,0.05474549084038298,0.6141204972759297,0.10338845772291137,0.5801462714748109,0.06167835457905065,0.7971166603020914,0.11676635288658893,0.9014480883424364,0.027202521841161776,0.8687204479088372,0.03230982188348073,0.8687190895955791,0.03213260522855243,0.8687300995176622,0.032498931048512376,0.39371288708149005,0.10157443242011968,0.1396706141474087,0.0270229532522992,0.09842822177037251,0.02539360810502992,0.25,0.0,1.267152534905198,0.0466768380115378,0.7140371336310023,0.02753790503559222,0.6475395872147652,0.062271320742479465,0.6496627279581524,0.055925163070097685,0.6752949681391036,0.07756036876893574,0.7375877383446123,0.13376911303604333,11,"buffer_size_3,avg_p_latency_3,avg_p_latency_1,buffer_size_1,python_gc_objects_collected_total_1,buffer_size_2,avg_p_latency_2,data_quality_1,process_open_fds_2,python_gc_objects_collected_total_4,throughput_3",,,0.5368544712662697,0.48147458732128146,68.67051673214883,239.6,882.6,0.629983079613306,4.0,,,False,30,,,,0.683661506373779,,,0.5742232255339641,,,0.6141204972759297,,,0.5801462714748109,,,0.7971166603020914
throughput_3,12,18,mrmr,fixed,bic,5,5,0.6941803451729595,0.043791124724867736,0.6143513916940782,0.02885065832761601,0.6443903027142952,0.038375941615636205,0.6258038169703022,0.03664330184420637,0.7208867261416774,0.06639805205239588,0.9014480883424364,0.027202521841161776,0.8687204479088372,0.03230982188348073,0.8687190895955791,0.03213260522855243,0.8687300995176622,0.032498931048512376,0.39371288708149005,0.10157443242011968,0.1396706141474087,0.0270229532522992,0.09842822177037251,0.02539360810502992,0.25,0.0,1.267152534905198,0.0466768380115378,0.7323806973567877,0.041119786875125346,0.673626885229563,0.017163641674191488,0.6841840439092557,0.02915981093415036,0.6909332103505561,0.033258592187549146,0.6383096231439143,0.04331854476768333,11,"buffer_size_3,avg_p_latency_3,avg_p_latency_1,buffer_size_1,python_gc_objects_collected_total_1,buffer_size_2,avg_p_latency_2,data_quality_1,process_open_fds_2,python_gc_objects_collected_total_4,throughput_3",,,0.5563412461429834,0.49450468067079784,68.288455337286,213.6,908.6,0.6545189627200997,2.0,,,False,30,,,,0.6941803451729595,,,0.6143513916940782,,,0.6443903027142952,,,0.6258038169703022,,,0.7208867261416774
throughput_3,12,20,mrmr,fixed,bic,5,5,0.6943566935395546,0.04356914517091274,0.6069513786656981,0.04443571038401379,0.6302075326164459,0.0531445421636785,0.6229160300741048,0.058864526046406566,0.7939344611912034,0.11639841677890168,0.9014480883424364,0.027202521841161776,0.8687204479088372,0.03230982188348073,0.8687190895955791,0.03213260522855243,0.8687300995176622,0.032498931048512376,0.39371288708149005,0.10157443242011968,0.1396706141474087,0.0270229532522992,0.09842822177037251,0.02539360810502992,0.25,0.0,1.267152534905198,0.0466768380115378,0.7184894933816702,0.031059012237765537,0.6459049890585102,0.06103826919109588,0.6539880436144011,0.05778073602858808,0.6672077306523624,0.07553382264575169,0.7119886385159908,0.13787838142406672,11,"buffer_size_3,avg_p_latency_3,avg_p_latency_1,buffer_size_1,python_gc_objects_collected_total_1,buffer_size_2,avg_p_latency_2,data_quality_1,process_open_fds_2,python_gc_objects_collected_total_4,throughput_3",,,0.5473742036148905,0.482975341565907,69.14951324556023,189.4,932.8,0.6444155548484072,3.0,saved_dbn_models_top5_20260313_192652_seed783122_with_rps_run20260709_161025/best_bins20_dbn_throughput_3_K12_mrmr_fixed_bic_bins20.pkl,saved_dbn_models_top5_20260313_192652_seed783122_with_rps_run20260709_161025/best_bins20_dbn_throughput_3_K12_mrmr_fixed_bic_bins20_edges.csv,False,30,,,,0.6943566935395546,,,0.6069513786656981,,,0.6302075326164459,,,0.6229160300741048,,,0.7939344611912034
throughput_3,12,10,mrmr,fixed,aic,5,5,0.6353837997596836,0.08475255327349938,0.5256232562796447,0.10002835224586967,0.5484591940766264,0.12300677505035475,0.5385736983705934,0.08833887617123505,0.9699347676488455,0.11814312172191188,0.9014480883424364,0.027202521841161776,0.8687204479088372,0.03230982188348073,0.8687190895955791,0.03213260522855243,0.8687300995176622,0.032498931048512376,0.39371288708149005,0.10157443242011968,0.1396706141474087,0.0270229532522992,0.09842822177037251,0.02539360810502992,0.25,0.0,1.267152534905198,0.0466768380115378,0.6748619134689428,0.05904617639935075,0.5744440652741976,0.10216444376615509,0.5739949321784066,0.11654656969805628,0.5999072128589112,0.08160252034171732,1.1020633871059278,0.11712234043574678,11,"buffer_size_3,avg_p_latency_3,avg_p_latency_1,buffer_size_1,python_gc_objects_collected_total_1,buffer_size_2,avg_p_latency_2,data_quality_1,process_open_fds_2,python_gc_objects_collected_total_4,throughput_3",,,1.243441223539412,0.5239473558962345,71.81630178075284,420.8,701.4,0.6406378496971824,2.0,,,False,30,,,,0.6353837997596836,,,0.5256232562796447,,,0.5484591940766264,,,0.5385736983705934,,,0.9699347676488455
throughput_3,12,12,mrmr,fixed,aic,5,5,0.6480283427221775,0.07420570215331995,0.5431427138979663,0.06886211869858055,0.5517944354345896,0.06380837010702348,0.5610423245127698,0.06577445840955594,0.95097569217316,0.14177065588266896,0.9014480883424364,0.027202521841161776,0.8687204479088372,0.03230982188348073,0.8687190895955791,0.03213260522855243,0.8687300995176622,0.032498931048512376,0.39371288708149005,0.10157443242011968,0.1396706141474087,0.0270229532522992,0.09842822177037251,0.02539360810502992,0.25,0.0,1.267152534905198,0.0466768380115378,0.6876866109144608,0.04794892787984955,0.6031635164952434,0.07338889015438821,0.6101123969949398,0.0763428542598004,0.623064021064257,0.062410752164487215,1.1559649913554897,0.15359737026754497,11,"buffer_size_3,avg_p_latency_3,avg_p_latency_1,buffer_size_1,python_gc_objects_collected_total_1,buffer_size_2,avg_p_latency_2,data_quality_1,process_open_fds_2,python_gc_objects_collected_total_4,throughput_3",,,1.348776158131659,0.507638606056571,72.93545873463154,323.8,798.4,0.6613122728295822,2.0,,,False,30,,,,0.6480283427221775,,,0.5431427138979663,,,0.5517944354345896,,,0.5610423245127698,,,0.95097569217316
throughput_3,12,14,mrmr,fixed,aic,5,5,0.6742045672798384,0.06938399867410805,0.564958869658484,0.0752776941968104,0.5726473932490619,0.08921232681794747,0.5738577306431714,0.06203864614982037,0.9787563868884298,0.10645551015264042,0.9014480883424364,0.027202521841161776,0.8687204479088372,0.03230982188348073,0.8687190895955791,0.03213260522855243,0.8687300995176622,0.032498931048512376,0.39371288708149005,0.10157443242011968,0.1396706141474087,0.0270229532522992,0.09842822177037251,0.02539360810502992,0.25,0.0,1.267152534905198,0.0466768380115378,0.7316426513881538,0.05459207167202906,0.6400219328202257,0.08451978415228859,0.6436100095985297,0.0860999107877793,0.6512344513483206,0.08656199057113005,1.1983017246374972,0.48349271534334903,11,"buffer_size_3,avg_p_latency_3,avg_p_latency_1,buffer_size_1,python_gc_objects_collected_total_1,buffer_size_2,avg_p_latency_2,data_quality_1,process_open_fds_2,python_gc_objects_collected_total_4,throughput_3",,,1.783778218179941,0.5476405384019017,75.93936502747238,273.6,848.6,0.6692577754803135,2.0,,,False,30,,,,0.6742045672798384,,,0.564958869658484,,,0.5726473932490619,,,0.5738577306431714,,,0.9787563868884298
throughput_3,12,16,mrmr,fixed,aic,5,5,0.6503399190162586,0.0889980748366273,0.5455164026724434,0.09765899553438644,0.5556119367130308,0.09948593450107163,0.5564527987538517,0.07929553585929176,0.96621811988967,0.13430172734487938,0.9014480883424364,0.027202521841161776,0.8687204479088372,0.03230982188348073,0.8687190895955791,0.03213260522855243,0.8687300995176622,0.032498931048512376,0.39371288708149005,0.10157443242011968,0.1396706141474087,0.0270229532522992,0.09842822177037251,0.02539360810502992,0.25,0.0,1.267152534905198,0.0466768380115378,0.70727445866594,0.03676696877139091,0.635235245634143,0.05664658805150477,0.632683394307961,0.04427806963003033,0.6486235353094644,0.0688148157331837,1.3880787543207793,0.2902480236415273,11,"buffer_size_3,avg_p_latency_3,avg_p_latency_1,buffer_size_1,python_gc_objects_collected_total_1,buffer_size_2,avg_p_latency_2,data_quality_1,process_open_fds_2,python_gc_objects_collected_total_4,throughput_3",,,1.3177431164309383,0.5213599659502506,72.88693903386593,239.6,882.6,0.6988364005660248,2.0,,,False,30,,,,0.6503399190162586,,,0.5455164026724434,,,0.5556119367130308,,,0.5564527987538517,,,0.96621811988967
throughput_3,12,18,mrmr,fixed,aic,5,5,0.653555141800912,0.10203631155587606,0.5530194021837953,0.09302362701613207,0.5726529065308779,0.09255233549450445,0.5656859755706696,0.07575163190947415,0.9374486280322545,0.20787708017810735,0.9014480883424364,0.027202521841161776,0.8687204479088372,0.03230982188348073,0.8687190895955791,0.03213260522855243,0.8687300995176622,0.032498931048512376,0.39371288708149005,0.10157443242011968,0.1396706141474087,0.0270229532522992,0.09842822177037251,0.02539360810502992,0.25,0.0,1.267152534905198,0.0466768380115378,0.7028160779305559,0.05626228352211707,0.6432947171295433,0.03513270702743718,0.6382891905910316,0.04263308780479066,0.6648916782521797,0.016724112114120032,1.3837442151196184,0.7550396455292344,11,"buffer_size_3,avg_p_latency_3,avg_p_latency_1,buffer_size_1,python_gc_objects_collected_total_1,buffer_size_2,avg_p_latency_2,data_quality_1,process_open_fds_2,python_gc_objects_collected_total_4,throughput_3",,,1.4066473059356213,0.5462797809392214,74.517563322559,213.6,908.6,0.6735913154091631,2.0,,,False,30,,,,0.653555141800912,,,0.5530194021837953,,,0.5726529065308779,,,0.5656859755706696,,,0.9374486280322545
throughput_3,12,20,mrmr,fixed,aic,5,5,0.6758326547651361,0.09426682565433142,0.5964564301443378,0.08613745613507691,0.6123565334455641,0.09513273312939756,0.6039446535095607,0.07446051561559608,0.9442855244416444,0.20750855222631406,0.9014480883424364,0.027202521841161776,0.8687204479088372,0.03230982188348073,0.8687190895955791,0.03213260522855243,0.8687300995176622,0.032498931048512376,0.39371288708149005,0.10157443242011968,0.1396706141474087,0.0270229532522992,0.09842822177037251,0.02539360810502992,0.25,0.0,1.267152534905198,0.0466768380115378,0.7307654889831825,0.07306872569183864,0.6731793710204642,0.05600480063390965,0.6823760751197158,0.06880565445806598,0.681451452621781,0.03593487319563421,1.2007987897368197,0.6449837421494633,11,"buffer_size_3,avg_p_latency_3,avg_p_latency_1,buffer_size_1,python_gc_objects_collected_total_1,buffer_size_2,avg_p_latency_2,data_quality_1,process_open_fds_2,python_gc_objects_collected_total_4,throughput_3",,,1.2594274912029504,0.5547918729484081,74.2033152282238,182.6,939.6,0.6910473782024926,1.0,,,False,30,,,,0.6758326547651361,,,0.5964564301443378,,,0.6123565334455641,,,0.6039446535095607,,,0.9442855244416444
throughput_3,12,10,mrmr,decision_tree,bic,5,0,,0.0,,0.0,,0.0,,0.0,,0.0,,0.0,,0.0,,0.0,,0.0,,0.0,,0.0,,0.0,,0.0,,0.0,,0.0,,0.0,,0.0,,0.0,,0.0,0,,,,,,56.410669659264386,,,,,,,False,30,"Unknown label type: continuous. Maybe you are trying to fit a classifier, which expects discrete classes on a regression target with continuous values.",,,,,,,,,,,,,,,
throughput_3,12,12,mrmr,decision_tree,bic,5,0,,0.0,,0.0,,0.0,,0.0,,0.0,,0.0,,0.0,,0.0,,0.0,,0.0,,0.0,,0.0,,0.0,,0.0,,0.0,,0.0,,0.0,,0.0,,0.0,0,,,,,,56.44209430646151,,,,,,,False,30,"Unknown label type: continuous. Maybe you are trying to fit a classifier, which expects discrete classes on a regression target with continuous values.",,,,,,,,,,,,,,,
throughput_3,12,14,mrmr,decision_tree,bic,5,0,,0.0,,0.0,,0.0,,0.0,,0.0,,0.0,,0.0,,0.0,,0.0,,0.0,,0.0,,0.0,,0.0,,0.0,,0.0,,0.0,,0.0,,0.0,,0.0,0,,,,,,56.42492432240397,,,,,,,False,30,"Unknown label type: continuous. Maybe you are trying to fit a classifier, which expects discrete classes on a regression target with continuous values.",,,,,,,,,,,,,,,
throughput_3,12,16,mrmr,decision_tree,bic,5,0,,0.0,,0.0,,0.0,,0.0,,0.0,,0.0,,0.0,,0.0,,0.0,,0.0,,0.0,,0.0,,0.0,,0.0,,0.0,,0.0,,0.0,,0.0,,0.0,0,,,,,,56.437511848285794,,,,,,,False,30,"Unknown label type: continuous. Maybe you are trying to fit a classifier, which expects discrete classes on a regression target with continuous values.",,,,,,,,,,,,,,,
throughput_3,12,18,mrmr,decision_tree,bic,5,0,,0.0,,0.0,,0.0,,0.0,,0.0,,0.0,,0.0,,0.0,,0.0,,0.0,,0.0,,0.0,,0.0,,0.0,,0.0,,0.0,,0.0,,0.0,,0.0,0,,,,,,56.432211433537304,,,,,,,False,30,"Unknown label type: continuous. Maybe you are trying to fit a classifier, which expects discrete classes on a regression target with continuous values.",,,,,,,,,,,,,,,
throughput_3,12,20,mrmr,decision_tree,bic,5,0,,0.0,,0.0,,0.0,,0.0,,0.0,,0.0,,0.0,,0.0,,0.0,,0.0,,0.0,,0.0,,0.0,,0.0,,0.0,,0.0,,0.0,,0.0,,0.0,0,,,,,,56.42432166263461,,,,,,,False,30,"Unknown label type: continuous. Maybe you are trying to fit a classifier, which expects discrete classes on a regression target with continuous values.",,,,,,,,,,,,,,,
throughput_3,12,10,mrmr,decision_tree,aic,5,0,,0.0,,0.0,,0.0,,0.0,,0.0,,0.0,,0.0,,0.0,,0.0,,0.0,,0.0,,0.0,,0.0,,0.0,,0.0,,0.0,,0.0,,0.0,,0.0,0,,,,,,56.41807032376528,,,,,,,False,30,"Unknown label type: continuous. Maybe you are trying to fit a classifier, which expects discrete classes on a regression target with continuous values.",,,,,,,,,,,,,,,
throughput_3,12,12,mrmr,decision_tree,aic,5,0,,0.0,,0.0,,0.0,,0.0,,0.0,,0.0,,0.0,,0.0,,0.0,,0.0,,0.0,,0.0,,0.0,,0.0,,0.0,,0.0,,0.0,,0.0,,0.0,0,,,,,,56.43793713673949,,,,,,,False,30,"Unknown label type: continuous. Maybe you are trying to fit a classifier, which expects discrete classes on a regression target with continuous values.",,,,,,,,,,,,,,,
throughput_3,12,14,mrmr,decision_tree,aic,5,0,,0.0,,0.0,,0.0,,0.0,,0.0,,0.0,,0.0,,0.0,,0.0,,0.0,,0.0,,0.0,,0.0,,0.0,,0.0,,0.0,,0.0,,0.0,,0.0,0,,,,,,56.443948931992054,,,,,,,False,30,"Unknown label type: continuous. Maybe you are trying to fit a classifier, which expects discrete classes on a regression target with continuous values.",,,,,,,,,,,,,,,
throughput_3,12,16,mrmr,decision_tree,aic,5,0,,0.0,,0.0,,0.0,,0.0,,0.0,,0.0,,0.0,,0.0,,0.0,,0.0,,0.0,,0.0,,0.0,,0.0,,0.0,,0.0,,0.0,,0.0,,0.0,0,,,,,,56.45343446545303,,,,,,,False,30,"Unknown label type: continuous. Maybe you are trying to fit a classifier, which expects discrete classes on a regression target with continuous values.",,,,,,,,,,,,,,,
throughput_3,12,18,mrmr,decision_tree,aic,5,0,,0.0,,0.0,,0.0,,0.0,,0.0,,0.0,,0.0,,0.0,,0.0,,0.0,,0.0,,0.0,,0.0,,0.0,,0.0,,0.0,,0.0,,0.0,,0.0,0,,,,,,56.4538706690073,,,,,,,False,30,"Unknown label type: continuous. Maybe you are trying to fit a classifier, which expects discrete classes on a regression target with continuous values.",,,,,,,,,,,,,,,
throughput_3,12,20,mrmr,decision_tree,aic,5,0,,0.0,,0.0,,0.0,,0.0,,0.0,,0.0,,0.0,,0.0,,0.0,,0.0,,0.0,,0.0,,0.0,,0.0,,0.0,,0.0,,0.0,,0.0,,0.0,0,,,,,,56.42318528983742,,,,,,,False,30,"Unknown label type: continuous. Maybe you are trying to fit a classifier, which expects discrete classes on a regression target with continuous values.",,,,,,,,,,,,,,,
throughput_3,12,10,mrmr,gmm,bic,5,5,0.596528587959105,0.08981779297554372,0.523335506024776,0.05446720022972192,0.540170517021868,0.06725563638288029,0.5487266152573305,0.05733236793731032,1.4081202545297828,0.20650519374824278,0.8362204624422425,0.02873619654550135,0.7974233277142655,0.032251434224201604,0.7972143302186835,0.032522952099967244,0.7976509099968723,0.03197883534206169,0.10337585694036378,0.06535745277056243,0.018233256489532064,0.01065859418996251,0.010337585694036379,0.006535745277056242,0.1,0.0,2.2781810517198005,0.05804169167165739,0.7567576046621436,0.11224913933924477,0.6928667042860386,0.10714206080497078,0.7019507211006996,0.10900727604247627,0.7139890009478834,0.1132680211873004,1.1873031014313253,0.4694873393326733,13,"throughput_2,buffer_size_3,throughput_1,avg_p_latency_3,avg_p_latency_1,buffer_size_1,python_gc_objects_collected_total_1,buffer_size_2,avg_p_latency_2,data_quality_1,process_open_fds_2,python_gc_objects_collected_total_4,throughput_3",,,0.7132989954203367,0.40187042523175476,76.16049315221608,577.2,545.0,0.5900570235564864,3.0,,,False,30,,0.5566079844064235,0.6275235197292711,0.596528587959105,0.4652122105451075,0.553071916350114,0.523335506024776,0.49887609493763874,0.5798516545904331,0.540170517021868,0.47996786532678126,0.5693224769393026,0.5487266152573305,1.7418379329276692,1.3138060300913337,1.4081202545297828
throughput_3,12,12,mrmr,gmm,bic,5,5,0.6093621776404239,0.12805053373852568,0.5259604052293472,0.08230446553961825,0.548759700514531,0.068120300279463,0.5474226143535572,0.07026421385207016,1.44653529452883,0.266451615838117,0.8239257590836869,0.03376640983239505,0.776326610238345,0.039044257648456766,0.7761321735098449,0.0391605515043985,0.776540029246691,0.03893943753177432,0.08662022244338519,0.062354108077986914,0.012995110533127002,0.008230311473279303,0.007265615954979339,0.005144477572459829,0.08484848484848484,0.0033879817840905936,2.4381856974122016,0.042596721617378465,0.7729716411619866,0.062335150017699126,0.6651162683565988,0.04834018224045925,0.6722020579169895,0.03296885783248112,0.6894721934226529,0.04292925504879833,1.04161358897615,0.2455851360342734,13,"throughput_2,buffer_size_3,throughput_1,avg_p_latency_3,avg_p_latency_1,buffer_size_1,python_gc_objects_collected_total_1,buffer_size_2,avg_p_latency_2,data_quality_1,process_open_fds_2,python_gc_objects_collected_total_4,throughput_3",,,0.7520623128861189,0.49093381501734257,78.74564364179969,433.0,689.2,0.6097492177105962,1.0,,,False,30,,0.483891822737352,0.6271787594662247,0.6093621776404239,0.402354748490935,0.5330279206048429,0.5259604052293472,0.458010289846853,0.5463333227774767,0.548759700514531,0.41089617439321025,0.5551461338664705,0.5474226143535572,2.133040515966921,1.4444380503865097,1.44653529452883
throughput_3,12,14,mrmr,gmm,bic,5,5,0.5417953565300483,0.12964473311232716,0.45485711414553565,0.07383911023297791,0.4793885712791927,0.07793791035941122,0.46756561723250983,0.06937084150836258,1.750380140496653,0.3221783576782009,0.8182194370502998,0.025366281916672808,0.7459148919771363,0.04810232835863551,0.7457697934710376,0.04812087549100289,0.7460799529694221,0.048097620410942656,0.0928514626120828,0.06377435205238283,0.011835705486765956,0.007354859479577523,0.006654773822549214,0.004523532970942733,0.07252747252747252,0.0024572175576920803,2.5747496091462745,0.05104889451896525,0.7200744383847282,0.055598355401657466,0.620996028226358,0.05908762112097639,0.638418814499489,0.08552244901300682,0.6662865209174862,0.040320982418891385,1.1662052046630378,0.23166594138927196,13,"throughput_2,buffer_size_3,throughput_1,avg_p_latency_3,avg_p_latency_1,buffer_size_1,python_gc_objects_collected_total_1,buffer_size_2,avg_p_latency_2,data_quality_1,process_open_fds_2,python_gc_objects_collected_total_4,throughput_3",,,0.7594074603170157,0.48894346300512553,79.59754815418273,418.8,703.4,0.5260793844400982,3.0,,,False,30,,0.5197226044955341,0.5883129127956533,0.5417953565300483,0.41623085007200944,0.482849145260899,0.45485711414553565,0.4801542730557583,0.5013509428420168,0.4793885712791927,0.42847364370903696,0.502724312737817,0.46756561723250983,2.119875010684491,1.496917272060779,1.750380140496653
throughput_3,12,16,mrmr,gmm,bic,5,5,0.5391261628912878,0.10123751738022081,0.4367282629185375,0.051842687381660854,0.4587268206819178,0.054564026951301775,0.47458249088744786,0.04999460903510604,1.6939279775270286,0.27912263670932536,0.8087718629911287,0.022049777812777952,0.7159320428728471,0.020454364185574902,0.715857788450206,0.02039542402116844,0.7160253781205859,0.02053309480977624,0.08892814796120019,0.06736673648150326,0.009868146035593921,0.006878579748831209,0.005558009247575012,0.004210421030093954,0.0625,0.0,2.678372848445568,0.05568533054735344,0.7571194975329807,0.06236377827706534,0.6304173874044533,0.06933167287322141,0.6312053482529858,0.051171790430798815,0.6779095308178839,0.06984474793796246,1.2074506302347832,0.25546815685425667,13,"throughput_2,buffer_size_3,throughput_1,avg_p_latency_3,avg_p_latency_1,buffer_size_1,python_gc_objects_collected_total_1,buffer_size_2,avg_p_latency_2,data_quality_1,process_open_fds_2,python_gc_objects_collected_total_4,throughput_3",,,0.7819471737369895,0.5297672608867288,80.85057651344687,353.8,768.4,0.5040195146461863,1.0,,,False,30,,0.519193559395749,0.5081312311211217,0.5391261628912878,0.41613986518650253,0.4165721201787792,0.4367282629185375,0.4728368173397099,0.4510181574440127,0.4587268206819178,0.42593670562553526,0.4405118215075564,0.47458249088744786,2.1120709568505602,1.8852292642642468,1.6939279775270286
throughput_3,12,18,mrmr,gmm,bic,5,5,0.5717314044536297,0.07002400767759309,0.4371936380876515,0.021688902544908364,0.44817225240835634,0.012295122595721852,0.47091184344100884,0.01946544527545029,1.6508851894754293,0.19234634395596645,0.7943384396582237,0.034325559524412554,0.6835675688219769,0.03813328072473363,0.6834946631773233,0.03829088185366011,0.6836574903669116,0.037984300552458605,0.1046144224710041,0.0584017703437071,0.01077094703351201,0.0060639301588389025,0.006090432858608962,0.003824323641818794,0.05694444444444444,0.0031056499687497096,2.8030137386139544,0.08935419194543202,0.7434033774555319,0.09338579726161131,0.6028358114143264,0.08301218695406276,0.6159345434480052,0.09054375090633583,0.6351604615573774,0.063577373498705,1.3151493992806558,0.37376818544243584,13,"throughput_2,buffer_size_3,throughput_1,avg_p_latency_3,avg_p_latency_1,buffer_size_1,python_gc_objects_collected_total_1,buffer_size_2,avg_p_latency_2,data_quality_1,process_open_fds_2,python_gc_objects_collected_total_4,throughput_3",,,0.850352568924427,0.5657814115285873,81.81619525328279,326.6,795.6,0.4714273352368914,3.0,,,False,30,,0.5167081744055186,0.563560490981789,0.5717314044536297,0.37943433609685057,0.4235373776512576,0.4371936380876515,0.417207915654836,0.4420442517010228,0.44817225240835634,0.38649674727361777,0.44343031594425886,0.47091184344100884,2.238345577403403,1.7149662367998257,1.6508851894754293
throughput_3,12,20,mrmr,gmm,bic,5,5,0.5307476313604856,0.10662953148242012,0.3933665806677059,0.05839005532301774,0.4159068501741305,0.05497097900808726,0.4245939220370499,0.05975665947373037,1.7842233997828754,0.22458075131015554,0.7886383080715489,0.03325190318664243,0.6479406381532499,0.03794179925664737,0.6478908535749706,0.03778539355253271,0.6480058896957838,0.03811550231541933,0.11281406596476524,0.0553538359642455,0.010335568884651727,0.0050951694106149085,0.0058635196975252496,0.0032173832161339487,0.05111111111111111,0.0024845199749997634,2.863254789922302,0.09102466936196213,0.7523174453278743,0.0779583102611067,0.6102668870344544,0.05128897528676631,0.622508731292282,0.0489556632918719,0.6404652610416125,0.041246491673600304,1.3607888550596283,0.37995024752308987,13,"throughput_2,buffer_size_3,throughput_1,avg_p_latency_3,avg_p_latency_1,buffer_size_1,python_gc_objects_collected_total_1,buffer_size_2,avg_p_latency_2,data_quality_1,process_open_fds_2,python_gc_objects_collected_total_4,throughput_3",,,0.8423517037183046,0.5684941433370113,82.44817985594273,296.4,825.8,0.4674551138364795,3.0,,,False,30,,0.3887579900413173,0.5206086320223873,0.5307476313604856,0.27071970552042857,0.3728805679265786,0.3933665806677059,0.30303537488356536,0.38673866847099864,0.4159068501741305,0.29445866767023693,0.38996905993445086,0.4245939220370499,2.6500590893818847,1.8337196966259832,1.7842233997828754
throughput_3,12,10,mrmr,gmm,aic,5,5,0.6070231411596452,0.12297828782311666,0.5364761434323047,0.10065105285773558,0.5510729722530948,0.09808896603012943,0.5596847690172047,0.08836658626075237,1.3960890790978604,0.3233786500944353,0.8362204624422425,0.02873619654550135,0.7974233277142655,0.032251434224201604,0.7972143302186835,0.032522952099967244,0.7976509099968723,0.03197883534206169,0.10337585694036378,0.06535745277056243,0.018233256489532064,0.01065859418996251,0.010337585694036379,0.006535745277056242,0.1,0.0,2.2781810517198005,0.05804169167165739,0.7772311709547697,0.10999469098287858,0.7133903344247428,0.1111977439273569,0.7174161804527318,0.11400533894293773,0.7352882964441557,0.12063554539939976,1.163937213743987,0.5235756850238584,13,"throughput_2,buffer_size_3,throughput_1,avg_p_latency_3,avg_p_latency_1,buffer_size_1,python_gc_objects_collected_total_1,buffer_size_2,avg_p_latency_2,data_quality_1,process_open_fds_2,python_gc_objects_collected_total_4,throughput_3",,,1.1396928710862995,0.5566803785040975,82.96572685427964,491.0,631.2,0.6270775238197162,3.0,,,False,30,,0.5043736299668414,0.5897500488092914,0.6070231411596452,0.44560789188500205,0.5278775711946833,0.5364761434323047,0.47314194246561225,0.5601838577314643,0.5510729722530948,0.4590843096419722,0.5418898651448063,0.5596847690172047,1.929466655053377,1.4544849713073718,1.3960890790978604
throughput_3,12,12,mrmr,gmm,aic,5,5,0.5965255721004503,0.10284448758692112,0.5048272868127424,0.06804191564396928,0.5246346656038667,0.06745834006911093,0.5245874195472037,0.058245619697606256,1.4393245905065193,0.2409165695558702,0.8239257590836869,0.03376640983239505,0.776326610238345,0.039044257648456766,0.7761321735098449,0.0391605515043985,0.776540029246691,0.03893943753177432,0.08662022244338519,0.062354108077986914,0.012995110533127002,0.008230311473279303,0.007265615954979339,0.005144477572459829,0.08484848484848484,0.0033879817840905936,2.4381856974122016,0.042596721617378465,0.7729716411619866,0.062335150017699126,0.6673954323004421,0.04976446076185361,0.6749511036358891,0.03617822732142767,0.6917594825379715,0.04430914340957845,1.0185419070735144,0.2608388429521182,13,"throughput_2,buffer_size_3,throughput_1,avg_p_latency_3,avg_p_latency_1,buffer_size_1,python_gc_objects_collected_total_1,buffer_size_2,avg_p_latency_2,data_quality_1,process_open_fds_2,python_gc_objects_collected_total_4,throughput_3",,,1.1090048022568226,0.6134027674794197,82.45083575323224,433.0,689.2,0.586019069046455,3.0,,,False,30,,0.42866526032415725,0.5933157461154946,0.5965255721004503,0.3735606728280387,0.5064571249991041,0.5048272868127424,0.40951242573995517,0.540062175653995,0.5246346656038667,0.3884126364383945,0.524920534740218,0.5245874195472037,2.3966526184065353,1.4736479653262196,1.4393245905065193
throughput_3,12,14,mrmr,gmm,aic,5,5,0.5414396439382034,0.13057112812258104,0.4585206952301556,0.07511463853850632,0.4822193306746533,0.07994251934513283,0.47639222431571254,0.07266400701551234,1.7411579779730229,0.3092871313634917,0.8182194370502998,0.025366281916672808,0.7459148919771363,0.04810232835863551,0.7457697934710376,0.04812087549100289,0.7460799529694221,0.048097620410942656,0.0928514626120828,0.06377435205238283,0.011835705486765956,0.007354859479577523,0.006654773822549214,0.004523532970942733,0.07252747252747252,0.0024572175576920803,2.5747496091462745,0.05104889451896525,0.7200744383847282,0.055598355401657466,0.620996028226358,0.05908762112097639,0.638418814499489,0.08552244901300682,0.6662865209174862,0.040320982418891385,1.1662052046630376,0.231665941389272,13,"throughput_2,buffer_size_3,throughput_1,avg_p_latency_3,avg_p_latency_1,buffer_size_1,python_gc_objects_collected_total_1,buffer_size_2,avg_p_latency_2,data_quality_1,process_open_fds_2,python_gc_objects_collected_total_4,throughput_3",,,1.0404623702168465,0.5166507359594107,82.80877974350005,373.0,749.2,0.5266655477952576,1.0,,,False,30,,0.49032750637695377,0.5596400334601581,0.5414396439382034,0.40954597556738037,0.44814270019349467,0.4585206952301556,0.4573366852561872,0.460115817306707,0.4822193306746533,0.4137655491036469,0.473196558434824,0.47639222431571254,2.126247852030011,1.577117234891501,1.7411579779730229
throughput_3,12,16,mrmr,gmm,aic,5,5,0.536087923390841,0.10048390144524956,0.42359318706046223,0.03483787288540535,0.44912990950331605,0.03588105736028776,0.4569341216266215,0.04547251821260584,1.7317397847177602,0.2617034362939059,0.8087718629911287,0.022049777812777952,0.7159320428728471,0.020454364185574902,0.715857788450206,0.02039542402116844,0.7160253781205859,0.02053309480977624,0.08892814796120019,0.06736673648150326,0.009868146035593921,0.006878579748831209,0.005558009247575012,0.004210421030093954,0.0625,0.0,2.678372848445568,0.05568533054735344,0.7571194975329807,0.06236377827706534,0.6304173874044533,0.06933167287322141,0.6312053482529858,0.051171790430798815,0.6779095308178839,0.06984474793796246,1.2074506302347832,0.25546815685425656,13,"throughput_2,buffer_size_3,throughput_1,avg_p_latency_3,avg_p_latency_1,buffer_size_1,python_gc_objects_collected_total_1,buffer_size_2,avg_p_latency_2,data_quality_1,process_open_fds_2,python_gc_objects_collected_total_4,throughput_3",,,0.8898265928030014,0.5322890101000667,82.4409266281873,340.2,782.0,0.46463579931192883,1.0,,,False,30,,0.5250757536075226,0.5721075931384454,0.536087923390841,0.42985009199885704,0.47373668267827884,0.42359318706046223,0.4682026679893756,0.497319979987072,0.44912990950331605,0.43287892783923604,0.49633512503590715,0.4569341216266215,1.942741115901962,1.5896277452010799,1.7317397847177602
throughput_3,12,18,mrmr,gmm,aic,5,5,0.5096924935278087,0.10607163739926821,0.39702370470385573,0.09875601655820206,0.4311841245909232,0.10109818330239527,0.4249423420264028,0.08712672844772647,1.8295199256557655,0.344648498534802,0.7943384396582237,0.034325559524412554,0.6835675688219769,0.03813328072473363,0.6834946631773233,0.03829088185366011,0.6836574903669116,0.037984300552458605,0.1046144224710041,0.0584017703437071,0.01077094703351201,0.0060639301588389025,0.006090432858608962,0.003824323641818794,0.05694444444444444,0.0031056499687497096,2.8030137386139544,0.08935419194543202,0.7437595662355853,0.09340259950083844,0.6100377437879295,0.08463479544169943,0.6235141293866031,0.09349271482523469,0.636973945742989,0.06376707981529771,1.3031777193972176,0.38011178996494,13,"throughput_2,buffer_size_3,throughput_1,avg_p_latency_3,avg_p_latency_1,buffer_size_1,python_gc_objects_collected_total_1,buffer_size_2,avg_p_latency_2,data_quality_1,process_open_fds_2,python_gc_objects_collected_total_4,throughput_3",,,0.8258613221347332,0.5574256891384721,82.04759211279452,304.6,817.6,0.5096439497999605,5.0,,,False,30,,0.3735558402102847,0.5590809885032294,0.5096924935278087,0.30643410749131395,0.4332657854440047,0.39702370470385573,0.3461453076881988,0.43980631515591606,0.4311841245909232,0.3170653191374953,0.4760656436561647,0.4249423420264028,2.408646577892431,1.6825056011747475,1.8295199256557655
throughput_3,12,20,mrmr,gmm,aic,5,5,0.5188184818167534,0.1142816932962493,0.3729002451549525,0.04671646888458373,0.4066705668232502,0.04311295203203902,0.39236429144891366,0.05535332798923598,1.9921732684089388,0.3766673048770814,0.7886383080715489,0.03325190318664243,0.6479406381532499,0.03794179925664737,0.6478908535749706,0.03778539355253271,0.6480058896957838,0.03811550231541933,0.11281406596476524,0.0553538359642455,0.010335568884651727,0.0050951694106149085,0.0058635196975252496,0.0032173832161339487,0.05111111111111111,0.0024845199749997634,2.863254789922302,0.09102466936196213,0.7533860116680345,0.0786199075443774,0.6122476049308887,0.053240523991386214,0.6263997115934454,0.053389991850901146,0.6418518960282474,0.04226652445198648,1.3501347610034398,0.38698986067536517,13,"throughput_2,buffer_size_3,throughput_1,avg_p_latency_3,avg_p_latency_1,buffer_size_1,python_gc_objects_collected_total_1,buffer_size_2,avg_p_latency_2,data_quality_1,process_open_fds_2,python_gc_objects_collected_total_4,throughput_3",,,0.8442105779424309,0.5790157785639167,84.31592586357147,267.6,854.6,0.4327561155104009,1.0,,,False,30,,0.4172522987985771,0.5378687085617052,0.5188184818167534,0.3033944837698196,0.40533215820876584,0.3729002451549525,0.35216366581795383,0.43563279828056195,0.4066705668232502,0.3249202718170643,0.41519815635547735,0.39236429144891366,2.4879391524223182,1.7199440250988012,1.9921732684089388
throughput_3,16,10,markov,classic_uniform,bic,5,5,0.6645730258427341,0.11566836637860889,0.5558558712423937,0.13081374817957067,0.5782659543744291,0.11642193056743,0.5692340031440309,0.12172004302448226,1.1688040218697915,0.22213187158120296,0.84013742791701,0.009229171725588358,0.7423261662874467,0.054108708622897066,0.742176680683933,0.05453911088740914,0.7425050960111026,0.05367658619948395,0.2960368442689955,0.09053872269343984,0.04752473461742217,0.013456737490103362,0.031239156797666045,0.010394466140289058,0.10500000000000001,0.011180339887498947,1.9647219631547401,0.10254477174422971,0.8119591016690804,0.050935283784767804,0.703762599118023,0.11157143921598645,0.7075207045832776,0.11633611183380527,0.7196564676511091,0.09866527027186728,0.8771154432244922,0.19084924116629048,17,"throughput_2,throughput_1,buffer_size_3,python_gc_objects_collected_total_1,python_gc_objects_collected_total_2,python_gc_objects_collected_total_3,python_gc_collections_total_1,python_gc_collections_total_4,python_gc_collections_total_7,python_gc_objects_collected_total_5,avg_p_latency_1,python_gc_objects_collected_total_6,process_cpu_seconds_total_3,process_cpu_seconds_total_1,process_cpu_seconds_total_2,python_gc_collections_total_6,throughput_3",1.0,padded,1.3244338488206266,0.4654172230511904,42.38766113203019,855.2,267.0,0.7142056016473615,3.0,,,False,30,,0.39337304742993284,0.6695636369985539,0.6645730258427341,0.3096462178980146,0.5145030130115849,0.5558558712423937,0.3266003657849835,0.523013810950492,0.5782659543744291,0.344335009015292,0.5328024544612158,0.5692340031440309,2.1817875710695587,1.1314447004708712,1.1688040218697915
throughput_3,16,12,markov,classic_uniform,bic,5,5,0.6913225810035826,0.048500790823096544,0.5303440348085425,0.08531045055071136,0.5370938158635854,0.07842046805052903,0.5459873278007039,0.07844561176549245,1.234352537959199,0.13117336271962157,0.8278519308638213,0.04472689587866569,0.692593490145958,0.02639677341794929,0.6923654466388766,0.026694441967247608,0.6928722198014307,0.026146382411857245,0.21405755210689473,0.10227875305879253,0.029104783274363288,0.011270807777793716,0.018124414655264508,0.008459175558584017,0.08484848484848484,0.0033879817840905936,2.1761885919300097,0.05295867424122732,0.826567278166325,0.04437207833507364,0.701035355355154,0.07075706879598678,0.7045032052997372,0.08193755501253218,0.7166360190691667,0.05199706518016884,0.9192092481675653,0.12596908399226345,17,"throughput_2,throughput_1,buffer_size_3,python_gc_objects_collected_total_1,python_gc_objects_collected_total_2,python_gc_objects_collected_total_3,python_gc_collections_total_1,python_gc_collections_total_4,python_gc_collections_total_7,python_gc_objects_collected_total_5,avg_p_latency_1,python_gc_objects_collected_total_6,process_cpu_seconds_total_3,process_cpu_seconds_total_1,process_cpu_seconds_total_2,python_gc_collections_total_6,throughput_3",1.0,padded,1.370211761072278,0.47509861569851636,43.037607293576,814.4,307.8,0.6275049235410293,3.0,,,False,30,,0.4502324592105117,0.6455272435210626,0.6913225810035826,0.3509000620724791,0.4770885158684736,0.5303440348085425,0.3758065897151336,0.500574258024734,0.5370938158635854,0.3687670810358023,0.48477022697796945,0.5459873278007039,2.112261937218652,1.2300701741624334,1.234352537959199
throughput_3,16,14,markov,classic_uniform,bic,5,4,0.660048245802004,0.0669692428361287,0.5115033101364158,0.09711634764866683,0.516145321053763,0.09168068210577351,0.5255029218402777,0.09717882940605335,1.3510852722078537,0.19204756995708272,0.8302573559173527,0.017824663990775157,0.6829446111384049,0.027110041397601738,0.6825598573075555,0.027962249198730235,0.6833928987794491,0.0261951465949613,0.1577254394026695,0.06328294406626199,0.02050470618575204,0.007486888966926847,0.012043919768763935,0.005128337122050172,0.07577838827838827,0.005663606628595688,2.3501308855810334,0.06648129147428293,0.7972320503354322,0.05667005729366441,0.6831424079393319,0.09501852872905507,0.683422845816491,0.10087453283289548,0.7128113144176889,0.07952039012518634,1.0596090758025796,0.22223276668252412,17,"throughput_2,throughput_1,buffer_size_3,python_gc_objects_collected_total_1,python_gc_objects_collected_total_2,python_gc_objects_collected_total_3,python_gc_collections_total_1,python_gc_collections_total_4,python_gc_collections_total_7,python_gc_objects_collected_total_5,avg_p_latency_1,python_gc_objects_collected_total_6,process_cpu_seconds_total_3,process_cpu_seconds_total_1,process_cpu_seconds_total_2,python_gc_collections_total_6,throughput_3",1.0,padded,1.370205566752702,0.47306193923577666,41.451682740822434,802.75,319.5,0.6184929273426388,3.0,,,False,30,,0.350887019585621,0.6827735344117408,0.660048245802004,0.27072564611591343,0.520803832328894,0.5115033101364158,0.3050926901853261,0.529856588830921,0.516145321053763,0.2836525340390389,0.5405144892823885,0.5255029218402777,2.7426979242379756,1.3734293455568856,1.3510852722078537
throughput_3,16,16,markov,classic_uniform,bic,5,4,0.5867468091421787,0.11271344660662573,0.4203073541123711,0.12613786510633762,0.41843056032909737,0.12870743020656944,0.44238426293783456,0.11661882907672083,1.5516204159758469,0.2636106400033375,0.7943910584552772,0.015757815702324086,0.6001430801945219,0.029013542334840534,0.5999964393261898,0.02914165760063824,0.6003131064904264,0.028901548782943376,0.1341080915487704,0.04135857624719841,0.015128639331391825,0.003690166749169411,0.008634413603132503,0.002460952316564712,0.06473214285714285,0.004464285714285712,2.4250513650202947,0.06616372928505758,0.7662901306553682,0.056045484433656846,0.6089354875398589,0.07453608158767616,0.6116749533477169,0.078782850273838,0.6361158674668639,0.05710182686699152,1.1585612797989975,0.2370505670600227,17,"throughput_2,throughput_1,buffer_size_3,python_gc_objects_collected_total_1,python_gc_objects_collected_total_2,python_gc_objects_collected_total_3,python_gc_collections_total_1,python_gc_collections_total_4,python_gc_collections_total_7,python_gc_objects_collected_total_5,avg_p_latency_1,python_gc_objects_collected_total_6,process_cpu_seconds_total_3,process_cpu_seconds_total_1,process_cpu_seconds_total_2,python_gc_collections_total_6,throughput_3",1.0,padded,1.5157814281992614,0.5161095869261771,42.23665516637266,761.75,360.5,0.51374752330761,5.0,,,False,30,,0.30053487840534093,0.613037755375768,0.5867468091421787,0.1953801754597767,0.43243808525744276,0.4203073541123711,0.2329483941155772,0.44516065259772847,0.41843056032909737,0.20435739973434758,0.44478521806654475,0.44238426293783456,2.8637439499866946,1.4524270131832022,1.5516204159758469
throughput_3,16,18,markov,classic_uniform,bic,5,4,0.6613956600206665,0.05693869861104546,0.49017558223434116,0.07589915059002934,0.4879211190258705,0.07396497014623882,0.5073643749242837,0.07276759730360755,1.4357061002702332,0.20790735912719138,0.7935051499754764,0.03260765734392384,0.604895932582038,0.04621311744463643,0.6046993069625449,0.04660412079846886,0.6051285805139073,0.0458222956406796,0.1171609500272221,0.06103853896513085,0.01161543927872556,0.005234810356168133,0.006607971178973221,0.003215971129059882,0.05833333333333333,0.005555555555555557,2.5820308907755365,0.09856176235013088,0.7705277947668137,0.053997986524126386,0.642864679628109,0.08649339632519497,0.6398187781501053,0.09127913948207382,0.6693680761027967,0.0747318551496288,1.2139114858741633,0.26703832878985667,17,"throughput_2,throughput_1,buffer_size_3,python_gc_objects_collected_total_1,python_gc_objects_collected_total_2,python_gc_objects_collected_total_3,python_gc_collections_total_1,python_gc_collections_total_4,python_gc_collections_total_7,python_gc_objects_collected_total_5,avg_p_latency_1,python_gc_objects_collected_total_6,process_cpu_seconds_total_3,process_cpu_seconds_total_1,process_cpu_seconds_total_2,python_gc_collections_total_6,throughput_3",1.0,padded,1.5233064407948405,0.4672626042738557,41.78978439513594,739.5,382.75,0.5932417792985033,3.0,,,False,30,,0.35022968144596134,0.596580690885599,0.6613956600206665,0.25917199642927496,0.4364052457457044,0.49017558223434116,0.28264354822277354,0.45972602756834635,0.4879211190258705,0.27785709526891544,0.4390567808155593,0.5073643749242837,2.620550914832227,1.5984499382242485,1.4357061002702332
throughput_3,16,20,markov,classic_uniform,bic,5,3,0.5550603198185828,0.17094444153280045,0.389179290966934,0.15116033894670636,0.39871525243565537,0.13973471418504568,0.4010886237376294,0.15136488260992734,1.6674197066080036,0.4396137489700614,0.7760690557558192,0.023972896728567936,0.5831998818241857,0.04085157139472147,0.5831445168507491,0.04113146336372369,0.5832940064122625,0.04058353986684275,0.052864033980790565,0.01919590608003336,0.005251829880071265,0.0013225357494365732,0.0027731779319569373,0.0007412191648561968,0.05416666666666667,0.00721687836487032,2.655925078640986,0.0886144931411966,0.7640817100441645,0.06886392300957854,0.6239493460454815,0.10562162689417556,0.6294479072116769,0.11311835156186577,0.6461799227185194,0.09183310484536772,1.2295974728466537,0.39803443819997747,17,"throughput_2,throughput_1,buffer_size_3,python_gc_objects_collected_total_1,python_gc_objects_collected_total_2,python_gc_objects_collected_total_3,python_gc_collections_total_1,python_gc_collections_total_4,python_gc_collections_total_7,python_gc_objects_collected_total_5,avg_p_latency_1,python_gc_objects_collected_total_6,process_cpu_seconds_total_3,process_cpu_seconds_total_1,process_cpu_seconds_total_2,python_gc_collections_total_6,throughput_3",1.0,padded,1.595190625327329,0.5573283194874724,42.452861280180514,736.0,386.3333333333333,0.5243749427966165,3.0,,,False,30,,0.24949775371440028,0.5921950636213902,0.5550603198185828,0.1669319261155134,0.4311835058959817,0.389179290966934,0.19956233401455048,0.4353194641184455,0.39871525243565537,0.17576690607092874,0.45359848421854126,0.4010886237376294,3.01360474477141,1.703606551525269,1.6674197066080036
throughput_3,16,10,markov,classic_uniform,aic,5,4,0.6081365882384687,0.11871345964528862,0.5008823444696919,0.15541684854108537,0.4917497911091179,0.16154781845836413,0.5305725078023358,0.14205269810401522,1.3445145499859563,0.28436912792485697,0.8378277563757633,0.008832115458044909,0.7444400560888751,0.062240498052577316,0.744147101470184,0.0627705007787858,0.7447670728737747,0.06170459960591063,0.27735443323285763,0.0927512651941996,0.045881861054612554,0.014948293822848572,0.029779783786743876,0.011395676280448094,0.10625000000000001,0.012499999999999997,1.9755262268166767,0.11507545145508061,0.8221515988883361,0.0515703534599043,0.7176436976940104,0.10823030345424968,0.7132880328939698,0.10495315459082134,0.7394771197476626,0.11921525117251272,0.8319407036206853,0.2918149812412227,17,"avg_p_latency_3,throughput_2,throughput_1,buffer_size_3,python_gc_objects_collected_total_1,python_gc_objects_collected_total_2,python_gc_objects_collected_total_3,python_gc_collections_total_1,python_gc_collections_total_4,python_gc_collections_total_7,python_gc_objects_collected_total_5,avg_p_latency_1,python_gc_objects_collected_total_6,process_cpu_seconds_total_3,process_cpu_seconds_total_1,process_cpu_seconds_total_2,throughput_3",2.0,padded,1.5381598768290132,0.6417962310370058,43.479301317594945,830.75,291.5,0.7083714626185313,3.0,,,False,30,,0.3315045722004499,0.5448851037217284,0.6081365882384687,0.2850229566164814,0.40113541714529233,0.5008823444696919,0.3145067724512487,0.4233046340196164,0.4917497911091179,0.31276031633144014,0.41853721432023033,0.5305725078023358,2.6084981346769522,1.5049489188060217,1.3445145499859563
throughput_3,16,12,markov,classic_uniform,aic,5,4,0.527113759775747,0.18992757255954096,0.38864183365416527,0.17460613555319335,0.3944282208066838,0.17497683387619736,0.41796786433073796,0.1642073951688937,1.7072165886688175,0.6754267749820644,0.8262587638471564,0.051482091504082665,0.6866941440713192,0.026401470321095768,0.6862327844577595,0.026446058428538057,0.6872111331321538,0.026417009718279455,0.1784453804188234,0.07411531074893246,0.025430475369782844,0.008909052705023405,0.015228305009514385,0.006284414131262693,0.08522727272727272,0.003787878787878791,2.1868137240140872,0.0546522828845292,0.7531556693908982,0.1699230355560757,0.6574530682146034,0.14463972908207437,0.6513555786893052,0.14420725429279393,0.6787400446297852,0.1421457349463626,1.2411353654375963,0.738731297814141,17,"throughput_2,throughput_1,buffer_size_3,python_gc_objects_collected_total_1,python_gc_objects_collected_total_2,python_gc_objects_collected_total_3,python_gc_collections_total_1,python_gc_collections_total_4,python_gc_collections_total_7,python_gc_objects_collected_total_5,avg_p_latency_1,python_gc_objects_collected_total_6,process_cpu_seconds_total_3,process_cpu_seconds_total_1,process_cpu_seconds_total_2,python_gc_collections_total_6,throughput_3",1.0,padded,1.3442859502974898,0.493701939471066,40.66241077706218,797.5,324.75,0.6198931435672858,3.0,,,False,30,,0.3404259582890875,0.5886031495088119,0.527113759775747,0.2645648820291508,0.4222467180128152,0.38864183365416527,0.26899352502874513,0.4347660084182685,0.3944282208066838,0.2937954901118998,0.44647337705362755,0.41796786433073796,2.477827863759117,1.85646454755079,1.7072165886688175
throughput_3,16,14,markov,classic_uniform,aic,5,4,0.6611629230336998,0.06917372579827948,0.5194713011487048,0.10257793145165944,0.5212932550639297,0.0940365778222826,0.5413717255986337,0.11256598556363608,1.3497231743490388,0.17737808439732491,0.8302573559173527,0.017824663990775157,0.6829446111384049,0.027110041397601738,0.6825598573075555,0.027962249198730235,0.6833928987794491,0.0261951465949613,0.1577254394026695,0.06328294406626199,0.02050470618575204,0.007486888966926847,0.012043919768763935,0.005128337122050172,0.07577838827838827,0.005663606628595688,2.3501308855810334,0.06648129147428293,0.8010171502996232,0.05734239981523297,0.6772111128239908,0.09006398913441716,0.6728368137792085,0.09319615780623357,0.7093053684447879,0.08076371324481825,1.0962653589817903,0.2281288622902837,17,"throughput_2,throughput_1,buffer_size_3,python_gc_objects_collected_total_1,python_gc_objects_collected_total_2,python_gc_objects_collected_total_3,python_gc_collections_total_1,python_gc_collections_total_4,python_gc_collections_total_7,python_gc_objects_collected_total_5,avg_p_latency_1,python_gc_objects_collected_total_6,process_cpu_seconds_total_3,process_cpu_seconds_total_1,process_cpu_seconds_total_2,python_gc_collections_total_6,throughput_3",1.0,padded,1.3498157034628093,0.48821567837148905,39.987537782639265,772.5,349.75,0.6167881407222976,3.0,,,False,30,,0.3934449518494356,0.6841090439251876,0.6611629230336998,0.31025033479027264,0.5287062937999943,0.5194713011487048,0.34160119642896675,0.5403092029338973,0.5212932550639297,0.3282972617696726,0.542942088447137,0.5413717255986337,2.614446904504625,1.2525938283294036,1.3497231743490388
throughput_3,16,16,markov,classic_uniform,aic,5,4,0.6520320141332661,0.05918526232185598,0.46295646040784,0.04808615709987547,0.46876562797873317,0.05179893445155435,0.477512163741772,0.04012311508240715,1.3953489982243619,0.17007200362849328,0.7943910584552772,0.015757815702324086,0.6001430801945219,0.029013542334840534,0.5999964393261898,0.02914165760063824,0.6003131064904264,0.028901548782943376,0.1341080915487704,0.04135857624719841,0.015128639331391825,0.003690166749169411,0.008634413603132503,0.002460952316564712,0.06473214285714285,0.004464285714285712,2.4250513650202947,0.06616372928505758,0.7707424904060362,0.0562954609361949,0.6189150786604496,0.06595221236216914,0.6217118008041975,0.0697545929336365,0.6462974292186227,0.05818530950450756,1.1997234100532796,0.2486726811632813,17,"throughput_2,throughput_1,buffer_size_3,python_gc_objects_collected_total_1,python_gc_objects_collected_total_2,python_gc_objects_collected_total_3,python_gc_collections_total_1,python_gc_collections_total_4,python_gc_collections_total_7,python_gc_objects_collected_total_5,avg_p_latency_1,python_gc_objects_collected_total_6,process_cpu_seconds_total_3,process_cpu_seconds_total_1,process_cpu_seconds_total_2,python_gc_collections_total_6,throughput_3",1.0,padded,1.3653839658945799,0.515780656831339,41.184386503882706,741.0,381.25,0.51374752330761,5.0,,,False,30,,0.31858300674758694,0.6333140477108838,0.6520320141332661,0.22394178112898422,0.4447279317652044,0.46295646040784,0.26054044840664015,0.4494532205282841,0.46876562797873317,0.2327117248782631,0.4613461471998213,0.477512163741772,2.9092414627885184,1.3299472415896991,1.3953489982243619
throughput_3,16,18,markov,classic_uniform,aic,5,4,0.6248537705376006,0.052708267790841784,0.4460986000798365,0.036906420716654696,0.45000880509868585,0.04227442593354566,0.45948938256952376,0.031536679490822256,1.6023464951967457,0.11974415881676331,0.7935051499754764,0.03260765734392384,0.604895932582038,0.04621311744463643,0.6046993069625449,0.04660412079846886,0.6051285805139073,0.0458222956406796,0.1171609500272221,0.06103853896513085,0.01161543927872556,0.005234810356168133,0.006607971178973221,0.003215971129059882,0.05833333333333333,0.005555555555555557,2.5820308907755365,0.09856176235013088,0.7727539746421475,0.05565860363349397,0.6315751960801772,0.07285902700200164,0.6276033604630123,0.07830502378670459,0.6590222639115363,0.06140116990595112,1.238858135064749,0.25244999022223635,17,"throughput_2,throughput_1,buffer_size_3,python_gc_objects_collected_total_1,python_gc_objects_collected_total_2,python_gc_objects_collected_total_3,python_gc_collections_total_1,python_gc_collections_total_4,python_gc_collections_total_7,python_gc_objects_collected_total_5,avg_p_latency_1,python_gc_objects_collected_total_6,process_cpu_seconds_total_3,process_cpu_seconds_total_1,process_cpu_seconds_total_2,python_gc_collections_total_6,throughput_3",1.0,padded,1.3949710722081363,0.5333394259214401,41.07819023542106,712.75,409.5,0.4949374462281735,5.0,,,False,30,,0.3101223327507964,0.6192821700849043,0.6248537705376006,0.2310955473924618,0.4423285950891746,0.4460986000798365,0.2725366915079166,0.45891567888968865,0.45000880509868585,0.2485443453389331,0.4547024576082015,0.45948938256952376,2.7019946570818387,1.6564889626413122,1.6023464951967457
throughput_3,16,20,markov,classic_uniform,aic,5,3,0.6002177767407457,0.07298718144712267,0.4106052027870167,0.0531528725681171,0.4104088223002529,0.05790358336318134,0.43315339121282487,0.048293036441816956,1.6247856253521036,0.18906674990222247,0.7760690557558192,0.023972896728567936,0.5831998818241857,0.04085157139472147,0.5831445168507491,0.04113146336372369,0.5832940064122625,0.04058353986684275,0.052864033980790565,0.01919590608003336,0.005251829880071265,0.0013225357494365732,0.0027731779319569373,0.0007412191648561968,0.05416666666666667,0.00721687836487032,2.655925078640986,0.0886144931411966,0.7646753580109201,0.06637321345552713,0.6312167729705472,0.10975028525768948,0.6340892316697095,0.11575742479748029,0.6601467290561033,0.10570359169021422,1.3324220412894292,0.4784891845277213,17,"throughput_2,throughput_1,buffer_size_3,python_gc_objects_collected_total_1,python_gc_objects_collected_total_2,python_gc_objects_collected_total_3,python_gc_collections_total_1,python_gc_collections_total_4,python_gc_collections_total_7,python_gc_objects_collected_total_5,avg_p_latency_1,python_gc_objects_collected_total_6,process_cpu_seconds_total_3,process_cpu_seconds_total_1,process_cpu_seconds_total_2,python_gc_collections_total_6,throughput_3",1.0,padded,1.4670110245545704,0.6131190204372009,40.5289750918746,697.0,425.3333333333333,0.4601587046899391,3.0,,,False,30,,0.29673483036324166,0.6174475888739154,0.6002177767407457,0.24359976815567852,0.44084579910591487,0.4106052027870167,0.2808036075148537,0.45513594572967886,0.4104088223002529,0.24460369249248096,0.4644868979966543,0.43315339121282487,2.661449931250334,1.5721915964602413,1.6247856253521036
throughput_3,16,10,markov,classic_quantile,bic,5,5,0.6089724969563638,0.0637774859540526,0.5830948229346966,0.05907795420648112,0.6131428414929918,0.06944248598707811,0.59158820567418,0.045762348360875685,1.3929063699427942,0.2622981244772616,0.7800764440804251,0.06225503487212486,0.7679407933133596,0.07896882005665559,0.7679133222173409,0.07895607847395807,0.7679724438804054,0.07898238752811838,0.12385766416985315,0.03125044852503501,0.022394782451540685,0.0049987192273113065,0.012645223735266164,0.0031051308720831095,0.10222222222222221,0.004969039949999527,2.3020577196971415,0.0009517940344618842,0.7824073164471119,0.0646733589867934,0.7784328932304787,0.079140625623861,0.8074859346459204,0.05524102345823008,0.7780362993804569,0.08598053676530423,1.036344780494246,0.3372278333048503,17,"throughput_2,throughput_1,buffer_size_3,python_gc_objects_collected_total_1,python_gc_objects_collected_total_2,python_gc_objects_collected_total_3,python_gc_collections_total_1,python_gc_collections_total_4,python_gc_collections_total_7,python_gc_objects_collected_total_5,avg_p_latency_1,python_gc_objects_collected_total_6,process_cpu_seconds_total_3,process_cpu_seconds_total_1,process_cpu_seconds_total_2,python_gc_collections_total_6,throughput_3",1.0,padded,1.4378006702288986,0.4690354511141777,44.79375324212015,811.6,310.6,0.6381501565558356,5.0,,,False,30,,0.46252208322817506,0.5804708866465715,0.6089724969563638,0.38328358908382454,0.5439582011231273,0.5830948229346966,0.40990923339083585,0.5600573875465342,0.6131428414929918,0.39616455754918406,0.5751001740925628,0.59158820567418,1.9195213050463245,1.40967913534433,1.3929063699427942
throughput_3,16,12,markov,classic_quantile,bic,5,5,0.5952547845010262,0.04919816361042428,0.5375597675540795,0.06611736671000516,0.5735504033634771,0.06770129029237745,0.5507574062020393,0.059592773390056676,1.4387095868980078,0.1677620728510639,0.7708044247408345,0.048959984369407926,0.7222195032035362,0.05813522115959483,0.7222547967726296,0.0582434191600385,0.7221901761557051,0.05802949320423394,0.08609101861419709,0.04257819914778734,0.013355308039095898,0.006457900030392748,0.007361957487552129,0.0037740902007221975,0.08484848484848484,0.0033879817840905936,2.485201431477434,0.0026288291523938498,0.7581826766762896,0.05655974371777986,0.7138528143528895,0.09645931441810439,0.7373934701923539,0.10171523417606362,0.7183407933301095,0.08888482809987204,1.1757618714216307,0.31681658895454545,17,"throughput_2,throughput_1,buffer_size_3,python_gc_objects_collected_total_1,python_gc_objects_collected_total_2,python_gc_objects_collected_total_3,python_gc_collections_total_1,python_gc_collections_total_4,python_gc_collections_total_7,python_gc_objects_collected_total_5,avg_p_latency_1,python_gc_objects_collected_total_6,process_cpu_seconds_total_3,process_cpu_seconds_total_1,process_cpu_seconds_total_2,python_gc_collections_total_6,throughput_3",1.0,padded,1.428752790018916,0.5320908617228269,45.9379271781072,761.6,360.6,0.6046821108279979,2.0,,,False,30,,0.35645719147369137,0.5193368920465458,0.5952547845010262,0.29268002469010873,0.47477416937800215,0.5375597675540795,0.3168213744048412,0.48389583569611394,0.5735504033634771,0.3084721056072107,0.5078818385466791,0.5507574062020393,2.1461458903524906,1.5426139206533467,1.4387095868980078
throughput_3,16,14,markov,classic_quantile,bic,5,5,0.5485665941273296,0.09833215015837048,0.494758637568129,0.08157161506456082,0.5260032091572947,0.08757595169319966,0.5016000901416816,0.07066828000350113,1.5559420292309276,0.2168113256907196,0.7367666503175382,0.04786873523693396,0.6824842045059076,0.05145720694979357,0.6825086532494955,0.051396653291766355,0.6824661523453844,0.05151946855818522,0.09196368906179811,0.05125425396000638,0.0119055621911632,0.0057840992406215696,0.0066187849829356295,0.0036056460577057244,0.07252747252747252,0.0024572175576920803,2.6396758233140054,0.0016480612567759453,0.7252631011874014,0.0758728543613446,0.6937984038422438,0.10097557475734274,0.7265789059344672,0.08891880742281993,0.6970605890483442,0.0995865366110133,1.2186535946816934,0.291261698173875,17,"throughput_2,buffer_size_3,throughput_1,python_gc_objects_collected_total_1,python_gc_objects_collected_total_2,python_gc_objects_collected_total_3,python_gc_collections_total_1,python_gc_collections_total_4,python_gc_collections_total_7,python_gc_objects_collected_total_5,avg_p_latency_1,python_gc_objects_collected_total_6,process_cpu_seconds_total_3,process_cpu_seconds_total_1,process_cpu_seconds_total_2,python_gc_collections_total_6,throughput_3",2.0,padded,1.4812354754656554,0.5255651326850057,46.536659587174654,723.8,398.4,0.6071716201280271,1.0,,,False,30,,0.40885551338644416,0.5102520146729461,0.5485665941273296,0.3176968595918007,0.4547545816413323,0.494758637568129,0.3472733483050203,0.49005776426913333,0.5260032091572947,0.34419824087066914,0.47558715738846435,0.5016000901416816,2.2979115273728725,1.686170333880438,1.5559420292309276
throughput_3,16,16,markov,classic_quantile,bic,5,5,0.5685307847740407,0.05952441337025427,0.5026753176859026,0.0372426900881189,0.5255914269062935,0.045658827684599425,0.5190138563265104,0.04628158668659163,1.60157754580013,0.10553397817981854,0.729107797899375,0.08295972902620391,0.6580945864538875,0.09372102389863998,0.6581106029653487,0.09372985966144057,0.6580866627791396,0.09371348325178391,0.07806200922852749,0.02744228430865229,0.009286613895198378,0.0031566117200449934,0.005039621693411438,0.0018360829253813375,0.06428571428571428,0.003992978531249623,2.7732404786641114,0.0030439285360163012,0.7240164404572146,0.0648846488606241,0.6787680463781119,0.09593493130327993,0.7156772806880443,0.07504177568762728,0.6890492138582814,0.09705223287117964,1.239414995576588,0.2397514651017529,17,"throughput_2,buffer_size_3,throughput_1,python_gc_objects_collected_total_1,python_gc_objects_collected_total_2,python_gc_objects_collected_total_3,python_gc_collections_total_1,python_gc_collections_total_4,python_gc_collections_total_7,python_gc_objects_collected_total_5,avg_p_latency_1,python_gc_objects_collected_total_6,process_cpu_seconds_total_3,process_cpu_seconds_total_1,process_cpu_seconds_total_2,python_gc_collections_total_6,throughput_3",2.0,padded,1.5370418101549148,0.5210708279162646,47.86659950762987,693.2,429.0,0.5520992930601186,3.0,,,False,30,,0.3938806640603299,0.5033009366622063,0.5685307847740407,0.29834211187584947,0.4307307174635846,0.5026753176859026,0.3273210304110176,0.45110612872580846,0.5255914269062935,0.30468233611308015,0.46602372787849244,0.5190138563265104,2.1849596629081534,1.658477064879894,1.60157754580013
throughput_3,16,18,markov,classic_quantile,bic,5,5,0.5371537913311524,0.026507693888351676,0.4473877202570038,0.03919335891836871,0.4711304854269699,0.0426051561569207,0.4700695538768949,0.04513476991919448,1.7288771529767382,0.12117786136509238,0.7062853668950784,0.061494666791135515,0.597698310986563,0.055679960966242954,0.5976772566787962,0.0555982696389169,0.5977263027245675,0.055764256474589914,0.041342819002449196,0.026429381805942277,0.004434792559698056,0.0028130078983781763,0.002338765188367865,0.0015158095094833335,0.05620915032679739,0.0014614823382351578,2.891942858075035,0.0009991602450575802,0.6980075293998345,0.04916483506175513,0.6353022639414888,0.08980350599200553,0.6674085365743883,0.07608364867119663,0.6537500013026324,0.08713575045389486,1.3603059098938253,0.29174608909988914,17,"throughput_2,buffer_size_3,throughput_1,python_gc_objects_collected_total_1,python_gc_objects_collected_total_2,python_gc_objects_collected_total_3,python_gc_collections_total_1,python_gc_collections_total_4,python_gc_collections_total_7,python_gc_objects_collected_total_5,avg_p_latency_1,python_gc_objects_collected_total_6,process_cpu_seconds_total_3,process_cpu_seconds_total_1,process_cpu_seconds_total_2,python_gc_collections_total_6,throughput_3",2.0,padded,1.5708799144253134,0.5819615885615349,48.883572198450565,669.2,453.0,0.5138807838823747,1.0,,,False,30,,0.400304284265313,0.5029442716939443,0.5371537913311524,0.2998551553344523,0.4288063940774934,0.4473877202570038,0.32574715785781355,0.4583343836470097,0.4711304854269699,0.3147955242632602,0.4429365364679397,0.4700695538768949,2.34337481529345,1.8197930230295174,1.7288771529767382
throughput_3,16,20,markov,classic_quantile,bic,5,5,0.46123764490010355,0.10323261445093425,0.41153769301604354,0.07731329726559494,0.43265995203547575,0.08110114107236364,0.4531062287616292,0.049101477797856355,1.8639272590343832,0.2708957022573944,0.7052191814959612,0.07742253643754808,0.6116400563992828,0.08099577016343507,0.6117085768382102,0.08090875161968053,0.611590278364286,0.08108742624111032,0.05578259151146899,0.02770344607880877,0.005851388563088972,0.0026110011614663285,0.003137659361819499,0.0014503845790672836,0.051994318375123326,0.004095551589426076,2.9950890958009166,0.0036145353408172,0.6944462753871652,0.06663596530621058,0.6355411427041248,0.09426099683363232,0.664716341315964,0.08745961974867265,0.6568113271324948,0.08625257230091281,1.4332546908015829,0.4130311598626244,17,"throughput_2,buffer_size_3,throughput_1,python_gc_objects_collected_total_1,python_gc_objects_collected_total_2,python_gc_objects_collected_total_3,python_gc_collections_total_1,python_gc_collections_total_4,python_gc_collections_total_7,python_gc_objects_collected_total_5,avg_p_latency_1,python_gc_objects_collected_total_6,process_cpu_seconds_total_3,process_cpu_seconds_total_1,process_cpu_seconds_total_2,python_gc_collections_total_6,throughput_3",2.0,padded,1.6387257225811482,0.5271625811234116,48.647200332954526,645.8,476.4,0.48259462859489777,1.0,,,False,30,,0.36378175976939797,0.41490548457705756,0.46123764490010355,0.27591477342792264,0.35835707775623654,0.41153769301604354,0.289798709198724,0.38860014758094547,0.43265995203547575,0.29875487321089633,0.3859315973455058,0.4531062287616292,2.506948110005003,2.1905306192493343,1.8639272590343832
throughput_3,16,10,markov,classic_quantile,aic,5,5,0.6143527887962439,0.10697142610084334,0.6042532094945907,0.09897970143063936,0.6246875140613942,0.09358475968652695,0.6121863337396293,0.0966168457999652,1.3176635836075838,0.21655888291348188,0.7800764440804251,0.06225503487212486,0.7679407933133596,0.07896882005665559,0.7679133222173409,0.07895607847395807,0.7679724438804054,0.07898238752811838,0.12385766416985315,0.03125044852503501,0.022394782451540685,0.0049987192273113065,0.012645223735266164,0.0031051308720831095,0.10222222222222221,0.004969039949999527,2.3020577196971415,0.0009517940344618842,0.7809781248118443,0.07391126362628196,0.7808655560152294,0.08410095814758094,0.7983803617016647,0.07200129516951277,0.7851367255161767,0.08209404649779313,0.9737135924514941,0.3587986008105414,17,"data_quality_3,throughput_2,buffer_size_3,throughput_1,python_gc_objects_collected_total_1,python_gc_objects_collected_total_2,python_gc_objects_collected_total_3,python_gc_collections_total_1,python_gc_collections_total_4,python_gc_collections_total_7,python_gc_objects_collected_total_5,avg_p_latency_1,python_gc_objects_collected_total_6,process_cpu_seconds_total_3,process_cpu_seconds_total_1,process_cpu_seconds_total_2,throughput_3",3.0,padded,1.6887581460177898,0.5814336420968175,49.32951518986374,783.8,338.4,0.7521861979458674,2.0,,,False,30,,0.4241733769521733,0.559084004361884,0.6143527887962439,0.34431263307598264,0.5286618787278097,0.6042532094945907,0.36103159887287867,0.536341700577266,0.6246875140613942,0.35406423485792315,0.5640140687042665,0.6121863337396293,1.9009797313757553,1.4485473016914416,1.3176635836075838
throughput_3,16,12,markov,classic_quantile,aic,5,5,0.5474777104236012,0.10526300226031067,0.5077707387671536,0.12238630005547226,0.5232885681344983,0.12709834956922733,0.5295062346847909,0.10739144999500445,1.584117160612613,0.25122179051918975,0.7708044247408345,0.048959984369407926,0.7222195032035362,0.05813522115959483,0.7222547967726296,0.0582434191600385,0.7221901761557051,0.05802949320423394,0.08609101861419709,0.04257819914778734,0.013355308039095898,0.006457900030392748,0.007361957487552129,0.0037740902007221975,0.08484848484848484,0.0033879817840905936,2.485201431477434,0.0026288291523938498,0.75017460855677,0.04658878467251877,0.7141748497883602,0.08429644773125242,0.7276014299787069,0.09492345331017989,0.727498090392339,0.06840804029580357,1.1289335213278548,0.2815974365784827,17,"data_quality_2,throughput_2,buffer_size_3,throughput_1,python_gc_objects_collected_total_1,python_gc_objects_collected_total_2,python_gc_objects_collected_total_3,python_gc_collections_total_1,python_gc_collections_total_4,python_gc_collections_total_7,python_gc_objects_collected_total_5,avg_p_latency_1,python_gc_objects_collected_total_6,process_cpu_seconds_total_3,process_cpu_seconds_total_1,process_cpu_seconds_total_2,throughput_3",3.0,padded,1.6357192469760775,0.5541304215788841,48.02287777233869,750.4,371.8,0.6268040842693084,5.0,,,False,30,,0.37445837559503686,0.497083505951559,0.5474777104236012,0.3095427379614881,0.42813670587108665,0.5077707387671536,0.3292724534197013,0.4540415592651856,0.5232885681344983,0.32692760739198035,0.4620656839258334,0.5295062346847909,2.1684347956236723,1.6876310633190783,1.584117160612613
throughput_3,16,14,markov,classic_quantile,aic,5,5,0.4779921682912621,0.138769839828542,0.4148403595926136,0.13003044398043082,0.43942615027826165,0.12380666759004792,0.4367091944988407,0.13130523318999934,1.7658328092497162,0.3615149504450443,0.7367666503175382,0.04786873523693396,0.6824842045059076,0.05145720694979357,0.6825086532494955,0.051396653291766355,0.6824661523453844,0.05151946855818522,0.09196368906179811,0.05125425396000638,0.0119055621911632,0.0057840992406215696,0.0066187849829356295,0.0036056460577057244,0.07252747252747252,0.0024572175576920803,2.6396758233140054,0.0016480612567759453,0.7108423674511904,0.0911715276492659,0.6795917905751505,0.1164359513022708,0.7160220113969799,0.09800146924217565,0.6884068452475021,0.109159776113925,1.218310331261554,0.331726254738224,17,"throughput_2,data_quality_3,avg_p_latency_3,buffer_size_3,throughput_1,python_gc_objects_collected_total_1,python_gc_objects_collected_total_2,python_gc_objects_collected_total_3,python_gc_collections_total_1,python_gc_collections_total_4,python_gc_collections_total_7,python_gc_objects_collected_total_5,avg_p_latency_1,python_gc_objects_collected_total_6,process_cpu_seconds_total_3,process_cpu_seconds_total_1,throughput_3",4.0,padded,1.5500169923529028,0.5605104083195329,47.36664977949113,710.0,412.2,0.5716982640791525,1.0,,,False,30,,0.41758848767386814,0.48672403147286597,0.4779921682912621,0.3317427719898421,0.4210185641689705,0.4148403595926136,0.3567812051940436,0.45808256833277883,0.43942615027826165,0.3509432472696487,0.4594467790705769,0.4367091944988407,2.006783689746383,1.683189978292469,1.7658328092497162
throughput_3,16,16,markov,classic_quantile,aic,5,5,0.5594730501283327,0.11550332865836567,0.4822198820395422,0.13977221173814444,0.5036447630355498,0.1391805053370514,0.5032195744938825,0.13990916551787747,1.7681050641551406,0.5780206896332691,0.729107797899375,0.08295972902620391,0.6580945864538875,0.09372102389863998,0.6581106029653487,0.09372985966144057,0.6580866627791396,0.09371348325178391,0.07806200922852749,0.02744228430865229,0.009286613895198378,0.0031566117200449934,0.005039621693411438,0.0018360829253813375,0.06428571428571428,0.003992978531249623,2.7732404786641114,0.0030439285360163012,0.7284657897155243,0.05909707359069915,0.674005594235996,0.10234503727682903,0.7028827308417716,0.09041994075237876,0.6834763136722979,0.10528220764747026,1.3012245050416589,0.27743405247716907,17,"cores_2,throughput_2,cores_1,buffer_size_3,throughput_1,python_gc_objects_collected_total_1,python_gc_objects_collected_total_2,python_gc_objects_collected_total_3,python_gc_collections_total_1,python_gc_collections_total_4,python_gc_collections_total_7,python_gc_objects_collected_total_5,avg_p_latency_1,python_gc_objects_collected_total_6,process_cpu_seconds_total_3,process_cpu_seconds_total_1,throughput_3",4.0,padded,1.5043908158317207,0.5197031313553453,46.45248740725219,692.2,430.0,0.5699993124900409,1.0,,,False,30,,0.47838296008114256,0.5067104442359798,0.5594730501283327,0.3879527978342761,0.44196035235630926,0.4822198820395422,0.4099053866602157,0.46033629014746325,0.5036447630355498,0.39967257907496173,0.4691755540148108,0.5032195744938825,1.768643517120261,1.5926250059548444,1.7681050641551406
throughput_3,16,18,markov,classic_quantile,aic,5,5,0.47833327777804235,0.09427811495125983,0.38332167063928285,0.10207746009522334,0.4174505228287437,0.11843576317388359,0.41155764091443264,0.10029521465724989,1.9339568418526571,0.3895599769806722,0.7062853668950784,0.061494666791135515,0.597698310986563,0.055679960966242954,0.5976772566787962,0.0555982696389169,0.5977263027245675,0.055764256474589914,0.041342819002449196,0.026429381805942277,0.004434792559698056,0.0028130078983781763,0.002338765188367865,0.0015158095094833335,0.05620915032679739,0.0014614823382351578,2.891942858075035,0.0009991602450575802,0.6967624531393097,0.049008688584560554,0.6289499057324364,0.09505415776246995,0.6709228447659632,0.07279342654525688,0.6423571716151002,0.09840271472842847,1.3935479458430684,0.2749984074748187,17,"cores_1,throughput_2,buffer_size_3,throughput_1,python_gc_objects_collected_total_1,python_gc_objects_collected_total_2,python_gc_objects_collected_total_3,python_gc_collections_total_1,python_gc_collections_total_4,python_gc_collections_total_7,python_gc_objects_collected_total_5,avg_p_latency_1,python_gc_objects_collected_total_6,process_cpu_seconds_total_3,process_cpu_seconds_total_1,process_cpu_seconds_total_2,throughput_3",3.0,padded,1.608014289662242,0.5561991050839424,47.336414189077914,669.4,452.8,0.48393532367170927,1.0,,,False,30,,0.4286443080429776,0.5187946724063219,0.47833327777804235,0.3363598462878234,0.42901076937430965,0.38332167063928285,0.3691446341364554,0.439349175264028,0.4174505228287437,0.34309771328952837,0.4669966543009566,0.41155764091443264,2.063455866850918,1.7742957477845245,1.9339568418526571
throughput_3,16,20,markov,classic_quantile,aic,5,5,0.5560449712144228,0.02748496452703199,0.4708578247654976,0.031903342126836404,0.4952857623429102,0.02619096878914475,0.4860125191950374,0.03749100386212805,1.7229192189350986,0.2151047951337376,0.7052191814959612,0.07742253643754808,0.6116400563992828,0.08099577016343507,0.6117085768382102,0.08090875161968053,0.611590278364286,0.08108742624111032,0.05578259151146899,0.02770344607880877,0.005851388563088972,0.0026110011614663285,0.003137659361819499,0.0014503845790672836,0.051994318375123326,0.004095551589426076,2.9950890958009166,0.0036145353408172,0.6924888215665335,0.06737724518382852,0.634588557432024,0.09524719927164643,0.6678644441552677,0.08555121138937441,0.6571744043854906,0.0859287575594136,1.560617330568547,0.48538168752841715,17,"cores_1,throughput_2,buffer_size_3,throughput_1,python_gc_objects_collected_total_1,python_gc_objects_collected_total_2,python_gc_objects_collected_total_3,python_gc_collections_total_1,python_gc_collections_total_4,python_gc_collections_total_7,python_gc_objects_collected_total_5,avg_p_latency_1,python_gc_objects_collected_total_6,process_cpu_seconds_total_3,process_cpu_seconds_total_1,process_cpu_seconds_total_2,throughput_3",3.0,padded,1.639865779876709,0.5705319441854954,47.56260276585817,645.8,476.4,0.5122976667900068,1.0,,,False,30,,0.41135962844621365,0.52378131532707,0.5560449712144228,0.32027691170189293,0.442450392333878,0.4708578247654976,0.34913214984846286,0.4569333481141292,0.4952857623429102,0.3525712501912805,0.46881557629831416,0.4860125191950374,2.074648590613937,1.877107041736774,1.7229192189350986
throughput_3,16,10,markov,kmeans,bic,5,5,0.7159196067320315,0.07845092874871035,0.5683728337254695,0.08376337912485712,0.5977975393952899,0.051614221604389075,0.5859826532266176,0.08111171132272961,1.0220951166921464,0.13956399376124104,0.8438815370720457,0.020133412559480132,0.7190910592978726,0.055550814297618226,0.718940080948559,0.055834045865125394,0.7192704146562177,0.055266369764661115,0.22278989147670725,0.10084770006789665,0.03630499600370173,0.013262806072116754,0.0227246219462447,0.010010800409733863,0.10222222222222221,0.004969039949999527,1.9902911641689027,0.07565296109919907,0.8075183085469462,0.07153451029586369,0.691965497619124,0.08709549015088493,0.7006277592839611,0.10111537473062347,0.7091695772420343,0.07102944460830221,0.8275910156442976,0.164350222198795,17,"throughput_2,throughput_1,buffer_size_3,python_gc_objects_collected_total_1,python_gc_objects_collected_total_2,python_gc_objects_collected_total_3,python_gc_collections_total_1,python_gc_collections_total_4,python_gc_collections_total_7,python_gc_objects_collected_total_5,avg_p_latency_1,python_gc_objects_collected_total_6,process_cpu_seconds_total_3,process_cpu_seconds_total_1,process_cpu_seconds_total_2,python_gc_collections_total_6,throughput_3",1.0,padded,1.3327687680721283,0.4729570170864463,42.77169464249164,832.6,289.6,0.6565416979775217,3.0,,,False,30,,0.4457778772482036,0.6899132226354477,0.7159196067320315,0.3480862066795257,0.5048426081523854,0.5683728337254695,0.38098388413034734,0.5270976787812997,0.5977975393952899,0.3710026908132111,0.5274949614795745,0.5859826532266176,2.0808665221626166,1.0927800703853696,1.0220951166921464
throughput_3,16,12,markov,kmeans,bic,5,5,0.6643985822289734,0.09485179785923778,0.532032662948344,0.1062861756204546,0.537629236113392,0.10541850252819496,0.5482650989945235,0.09806257357164586,1.3235987850792672,0.23119328833124123,0.8360377648995323,0.01765139156100593,0.7115802790175823,0.049997131710459636,0.7114670847599877,0.050268454287658755,0.7117219252873972,0.04972284084953842,0.19694588755926562,0.10143113641248733,0.02704029824715775,0.011095891338608783,0.01663092248863269,0.008324069325799339,0.08484848484848484,0.0033879817840905936,2.2436103393438946,0.06718240780996969,0.8005653387754584,0.05394119641278048,0.6872869021213066,0.07484273566511428,0.7007451548574243,0.07516719345552171,0.7055866963634281,0.06617389158181816,1.017029862649933,0.20801308665758866,17,"throughput_2,throughput_1,buffer_size_3,python_gc_objects_collected_total_1,python_gc_objects_collected_total_2,python_gc_objects_collected_total_3,python_gc_collections_total_1,python_gc_collections_total_4,python_gc_collections_total_7,python_gc_objects_collected_total_5,avg_p_latency_1,python_gc_objects_collected_total_6,process_cpu_seconds_total_3,process_cpu_seconds_total_1,process_cpu_seconds_total_2,python_gc_collections_total_6,throughput_3",1.0,padded,1.3630249362438918,0.4382454430684447,43.34822889789939,814.4,307.8,0.6454103911642984,5.0,,,False,30,,0.44202916494048444,0.6938097120172444,0.6643985822289734,0.33355329773646314,0.5434062206242071,0.532032662948344,0.35169163452628605,0.5543894455076688,0.537629236113392,0.346337185742605,0.5561722467941164,0.5482650989945235,2.2147711565755963,1.1627811126414862,1.3235987850792672
throughput_3,16,14,markov,kmeans,bic,5,5,0.7139594573359174,0.05706418871409354,0.528184866541926,0.06787129282808992,0.5268806947690423,0.06933023475586611,0.5445258602140114,0.0629037767991579,1.2087014946432542,0.15879277900186134,0.8269520938789181,0.02670836564148657,0.6620799984903682,0.04062197814599398,0.6618616148124109,0.0410022952400693,0.6623476870388662,0.04025453666477496,0.19694588755926562,0.10143113641248733,0.023450489892150508,0.009403608885195749,0.014411337270276037,0.0070608418319674906,0.0738095238095238,0.005323971374999499,2.3294845794232657,0.06987455822536805,0.8192674679857905,0.05253673623280008,0.6824227592424676,0.07503882189328893,0.6821273233475161,0.08045222977184069,0.7041343816391447,0.0616515788720751,0.9896292787554615,0.20088142476081006,17,"throughput_2,throughput_1,buffer_size_3,python_gc_objects_collected_total_1,python_gc_objects_collected_total_2,python_gc_objects_collected_total_3,python_gc_collections_total_1,python_gc_collections_total_4,python_gc_collections_total_7,python_gc_objects_collected_total_5,avg_p_latency_1,python_gc_objects_collected_total_6,process_cpu_seconds_total_3,process_cpu_seconds_total_1,process_cpu_seconds_total_2,python_gc_collections_total_6,throughput_3",1.0,padded,1.393694244325161,0.43051063511520626,42.69602869916707,802.8,319.4,0.6439388020388662,3.0,,,False,30,,0.46377922009895195,0.6991788927989232,0.7139594573359174,0.34074287899154665,0.5259768335129595,0.528184866541926,0.38202863468779674,0.5385323745164641,0.5268806947690423,0.3538206951150448,0.5382832902958972,0.5445258602140114,2.2592675916751226,1.2282588291579628,1.2087014946432542
throughput_3,16,16,markov,kmeans,bic,5,5,0.6148829450018491,0.07077123304426967,0.40300370186926493,0.04736797212480802,0.40852914857119654,0.045675716857303233,0.4253634059976081,0.051079267309783426,1.4843728814848989,0.24059992808547231,0.8101996339699971,0.03491635307156211,0.6266778050892817,0.059836541741147074,0.6265853570443423,0.060031053779734625,0.6267902833305504,0.05965046680270489,0.13936251097216998,0.09876428886372066,0.014811788890992533,0.009113647105057715,0.00879756952317321,0.006054065759571337,0.06538461538461539,0.006450196088941704,2.4531347814744526,0.04538780166623037,0.7589032934786397,0.026826219642378437,0.5795182958112136,0.04598430370597522,0.5837796186453078,0.05631917859929042,0.6095383683341626,0.039207740313633055,1.1840810895567722,0.20354687914878197,17,"throughput_2,throughput_1,buffer_size_3,python_gc_objects_collected_total_1,python_gc_objects_collected_total_2,python_gc_objects_collected_total_3,python_gc_collections_total_1,python_gc_collections_total_4,python_gc_collections_total_7,python_gc_objects_collected_total_5,avg_p_latency_1,python_gc_objects_collected_total_6,process_cpu_seconds_total_3,process_cpu_seconds_total_1,process_cpu_seconds_total_2,python_gc_collections_total_6,throughput_3",1.0,padded,1.5249513918533921,0.45838576164096595,44.75600351579487,783.6,338.6,0.4407948555549755,4.0,,,False,30,,0.4689552271973308,0.6309342971382675,0.6148829450018491,0.3073320945692738,0.41470038667897313,0.40300370186926493,0.323447797662493,0.41675360281460827,0.40852914857119654,0.33331300735981484,0.43824283071572684,0.4253634059976081,2.4580666209301194,1.4750679006731524,1.4843728814848989
throughput_3,16,18,markov,kmeans,bic,5,5,0.5366744285344673,0.18302763993227758,0.3576184001083583,0.10361967184234333,0.3625934286253434,0.1071852035574431,0.37961055524512866,0.0930940470982505,1.7750197777639343,0.32190675963111265,0.8112675653925457,0.022094576265623382,0.6187897149582797,0.05005928383542189,0.6187600522982335,0.05036461706585883,0.6188579136719439,0.0497489249995223,0.11264533660950822,0.09945730463534223,0.010787005009317698,0.008159371026082373,0.006325414323423856,0.005457348510016636,0.057777777777777775,0.004969039949999534,2.579336931801359,0.042010088314061104,0.7998551794728785,0.053614173204150524,0.6552258729626911,0.08495793249024969,0.6594841223119191,0.08738875420254734,0.6763758604410215,0.0760180038282649,1.1679672036306974,0.2591770187553628,17,"throughput_2,throughput_1,buffer_size_3,python_gc_objects_collected_total_1,python_gc_objects_collected_total_2,python_gc_objects_collected_total_3,python_gc_collections_total_1,python_gc_collections_total_4,python_gc_collections_total_7,python_gc_objects_collected_total_5,avg_p_latency_1,python_gc_objects_collected_total_6,process_cpu_seconds_total_3,process_cpu_seconds_total_1,process_cpu_seconds_total_2,python_gc_collections_total_6,throughput_3",1.0,padded,1.523292420990765,0.4934406341984868,44.858675121329725,764.2,358.0,0.4811154812065161,2.0,,,False,30,,0.3890941789166083,0.521521643547729,0.5366744285344673,0.2678861855496968,0.3715453070471726,0.3576184001083583,0.29639328709182944,0.38098200092143647,0.3625934286253434,0.28902023213084915,0.3874906865539346,0.37961055524512866,2.6420941260831405,1.8372313763747432,1.7750197777639343
throughput_3,16,20,markov,kmeans,bic,5,5,0.6262640019174512,0.09866527695632443,0.39353469943882075,0.06682117191007411,0.39344702006140186,0.07157607286829903,0.4197032943617513,0.05025270310523887,1.6434342134770392,0.282476230052984,0.8018264992388925,0.030271273209187464,0.5821745544493571,0.03570734725955415,0.5821273802377998,0.03589858818844752,0.5822551971823944,0.03551771730225865,0.10337617439916953,0.09989120332196658,0.009056227972247224,0.0072889673845021475,0.005287253226947876,0.004915743879590737,0.05302631578947368,0.005417154960589184,2.625955140505276,0.07656364205843783,0.7980743940195776,0.06293558191291924,0.634041127213551,0.08397402468254128,0.6400423677499487,0.08455061355737001,0.6576315275566725,0.07492750479390861,1.1749921473563236,0.3248148425119266,17,"throughput_2,throughput_1,buffer_size_3,python_gc_objects_collected_total_1,python_gc_objects_collected_total_2,python_gc_objects_collected_total_3,python_gc_collections_total_1,python_gc_collections_total_4,python_gc_collections_total_7,python_gc_objects_collected_total_5,avg_p_latency_1,python_gc_objects_collected_total_6,process_cpu_seconds_total_3,process_cpu_seconds_total_1,process_cpu_seconds_total_2,python_gc_collections_total_6,throughput_3",1.0,padded,1.5897314796224236,0.49303502179682257,45.54809012636542,742.2,380.0,0.4664549251617334,3.0,,,False,30,,0.3350779282003419,0.5756382112466131,0.6262640019174512,0.19176425112650916,0.3885837257977378,0.39353469943882075,0.23923355122588524,0.3933539256496218,0.39344702006140186,0.22132101189517583,0.41202571338134597,0.4197032943617513,3.0148128016270794,1.8444441333094037,1.6434342134770392
throughput_3,16,10,markov,kmeans,aic,5,5,0.658181310247729,0.11432523523981888,0.49970696805037296,0.08042530542543766,0.506736621672879,0.0827107055396258,0.5142660837559012,0.07051192288432677,1.2902610801599028,0.39614251919070037,0.8438815370720457,0.020133412559480132,0.7190910592978726,0.055550814297618226,0.718940080948559,0.055834045865125394,0.7192704146562177,0.055266369764661115,0.22278989147670725,0.10084770006789665,0.03630499600370173,0.013262806072116754,0.0227246219462447,0.010010800409733863,0.10222222222222221,0.004969039949999527,1.9902911641689027,0.07565296109919907,0.8016354895852811,0.1018189404821561,0.6963790772884577,0.09099638229242961,0.7120182689587965,0.08137391068763827,0.709701700212603,0.08711170852558374,0.9440808272312747,0.49860377704475267,17,"avg_p_latency_3,throughput_2,buffer_size_3,throughput_1,python_gc_objects_collected_total_1,python_gc_objects_collected_total_2,python_gc_objects_collected_total_3,python_gc_collections_total_1,python_gc_collections_total_4,python_gc_collections_total_7,python_gc_objects_collected_total_5,avg_p_latency_1,python_gc_objects_collected_total_6,process_cpu_seconds_total_3,process_cpu_seconds_total_1,process_cpu_seconds_total_2,throughput_3",3.0,padded,1.4440841920673848,0.4701422141864896,43.7709670169279,831.2,291.0,0.5559108636002963,2.0,,,False,30,,0.43632538257754333,0.6524997500011904,0.658181310247729,0.3610676846663414,0.49624162278614714,0.49970696805037296,0.414431119764858,0.504993111078509,0.506736621672879,0.37789033343622297,0.5167861201843015,0.5142660837559012,2.2389166144606354,1.2298201644056062,1.2902610801599028
throughput_3,16,12,markov,kmeans,aic,5,5,0.6738818704037918,0.10227239002684933,0.523301939856923,0.08118877676016951,0.5265146092109686,0.08137323583027645,0.5411808228135186,0.08805929323756355,1.2535729264546784,0.27732148790012445,0.8360377648995323,0.01765139156100593,0.7115802790175823,0.049997131710459636,0.7114670847599877,0.050268454287658755,0.7117219252873972,0.04972284084953842,0.19694588755926562,0.10143113641248733,0.02704029824715775,0.011095891338608783,0.01663092248863269,0.008324069325799339,0.08484848484848484,0.0033879817840905936,2.2436103393438946,0.06718240780996969,0.8067940474643732,0.05740070068257651,0.7029097906454472,0.10095808192813575,0.7166606871551451,0.1005097044859007,0.7267149443676423,0.09191382918397199,1.0196871906114704,0.24083422752971798,17,"throughput_2,buffer_size_3,throughput_1,python_gc_objects_collected_total_1,python_gc_objects_collected_total_2,python_gc_objects_collected_total_3,python_gc_collections_total_1,python_gc_collections_total_4,python_gc_collections_total_7,python_gc_objects_collected_total_5,avg_p_latency_1,python_gc_objects_collected_total_6,process_cpu_seconds_total_3,process_cpu_seconds_total_1,process_cpu_seconds_total_2,python_gc_collections_total_6,throughput_3",2.0,padded,1.345809755846858,0.45732794851064684,41.81037882529199,805.2,317.0,0.6294503917391744,3.0,,,False,30,,0.4393606062193355,0.6875686306255684,0.6738818704037918,0.32857884659758524,0.5188148127832792,0.523301939856923,0.3509956447283578,0.5433517228687574,0.5265146092109686,0.3397076062629131,0.5325065942670932,0.5411808228135186,2.1685287212477595,1.159508629736268,1.2535729264546784
throughput_3,16,14,markov,kmeans,aic,5,5,0.7178810259633683,0.06073661871359103,0.5344622616339773,0.06324183480108939,0.5328217721941938,0.06090756508477211,0.5536816069981227,0.06819230315744469,1.1793813519219822,0.17847654776363198,0.8269520938789181,0.02670836564148657,0.6620799984903682,0.04062197814599398,0.6618616148124109,0.0410022952400693,0.6623476870388662,0.04025453666477496,0.19694588755926562,0.10143113641248733,0.023450489892150508,0.009403608885195749,0.014411337270276037,0.0070608418319674906,0.0738095238095238,0.005323971374999499,2.3294845794232657,0.06987455822536805,0.8222950726162447,0.05742222335470245,0.689439026452753,0.07544153574646113,0.689083460413625,0.07495347800441886,0.7133202080171899,0.06795837940479285,0.9852908706565391,0.23682503198530233,17,"throughput_2,throughput_1,buffer_size_3,python_gc_objects_collected_total_1,python_gc_objects_collected_total_2,python_gc_objects_collected_total_3,python_gc_collections_total_1,python_gc_collections_total_4,python_gc_collections_total_7,python_gc_objects_collected_total_5,avg_p_latency_1,python_gc_objects_collected_total_6,process_cpu_seconds_total_3,process_cpu_seconds_total_1,process_cpu_seconds_total_2,python_gc_collections_total_6,throughput_3",1.0,padded,1.328335452079773,0.45381734538823365,41.26107323355973,777.8,344.4,0.6381292492489933,3.0,,,False,30,,0.4732263179699145,0.6898913179778509,0.7178810259633683,0.35945701315099476,0.5120114666437445,0.5344622616339773,0.3905840314434003,0.520959184179574,0.5328217721941938,0.369928672197044,0.523564252911146,0.5536816069981227,2.2084668713218996,1.2457440309537102,1.1793813519219822
throughput_3,16,16,markov,kmeans,aic,5,5,0.6057750518648325,0.15175328930034457,0.40787575969620227,0.10551312068349022,0.41419589112969407,0.10430897627833172,0.43567150489786305,0.10053215911709859,1.4244146138140885,0.26610809962113763,0.8101996339699971,0.03491635307156211,0.6266778050892817,0.059836541741147074,0.6265853570443423,0.060031053779734625,0.6267902833305504,0.05965046680270489,0.13936251097216998,0.09876428886372066,0.014811788890992533,0.009113647105057715,0.00879756952317321,0.006054065759571337,0.06538461538461539,0.006450196088941704,2.4531347814744526,0.04538780166623037,0.7605061429888802,0.02966285866964805,0.5925680270960865,0.035749379631895735,0.6082837621259791,0.059874497580042284,0.6200631014982664,0.04331583800876903,1.2139734519103795,0.2359593106955712,17,"throughput_2,throughput_1,buffer_size_3,python_gc_objects_collected_total_1,python_gc_objects_collected_total_2,python_gc_objects_collected_total_3,python_gc_collections_total_1,python_gc_collections_total_4,python_gc_collections_total_7,python_gc_objects_collected_total_5,avg_p_latency_1,python_gc_objects_collected_total_6,process_cpu_seconds_total_3,process_cpu_seconds_total_1,process_cpu_seconds_total_2,python_gc_collections_total_6,throughput_3",1.0,padded,1.3666677754372358,0.48809403628110887,42.11041709315032,756.2,366.0,0.5247488235595437,3.0,,,False,30,,0.4019255463862871,0.5639169972206481,0.6057750518648325,0.2568178677947147,0.38469388992388504,0.40787575969620227,0.2625048960096591,0.3960224495326992,0.41419589112969407,0.2787547785104521,0.40630507500958374,0.43567150489786305,2.539948696695468,1.613734365570051,1.4244146138140885
throughput_3,16,18,markov,kmeans,aic,5,5,0.5558484642136625,0.15828340656209383,0.38233777147408915,0.13120547661549492,0.3967175994644771,0.12115271824395532,0.40855373873070955,0.11746780524873626,1.7255749349791891,0.45521711106907825,0.8112675653925457,0.022094576265623382,0.6187897149582797,0.05005928383542189,0.6187600522982335,0.05036461706585883,0.6188579136719439,0.0497489249995223,0.11264533660950822,0.09945730463534223,0.010787005009317698,0.008159371026082373,0.006325414323423856,0.005457348510016636,0.057777777777777775,0.004969039949999534,2.579336931801359,0.042010088314061104,0.7993208963027985,0.054382585147055906,0.6557581718782414,0.08020133216059289,0.6616264927185718,0.0777637779058958,0.6812821274628403,0.07916124271716907,1.1826224303368107,0.27407437510570665,17,"throughput_2,throughput_1,buffer_size_3,python_gc_objects_collected_total_1,python_gc_objects_collected_total_2,python_gc_objects_collected_total_3,python_gc_collections_total_1,python_gc_collections_total_4,python_gc_collections_total_7,python_gc_objects_collected_total_5,avg_p_latency_1,python_gc_objects_collected_total_6,process_cpu_seconds_total_3,process_cpu_seconds_total_1,process_cpu_seconds_total_2,python_gc_collections_total_6,throughput_3",1.0,padded,1.4183677203953267,0.548712614364922,44.09912130050361,729.0,393.2,0.5451643370422463,5.0,,,False,30,,0.279288828783355,0.549785953400222,0.5558484642136625,0.15207790266555765,0.3687644257563042,0.38233777147408915,0.1723166245412033,0.3689999518486953,0.3967175994644771,0.18341052356294718,0.3979164813935828,0.40855373873070955,3.035939857862515,1.8587620581380278,1.7255749349791891
throughput_3,16,20,markov,kmeans,aic,5,5,0.6553192603844742,0.0858227742547175,0.4374679436913348,0.07716733106878523,0.44244789822426195,0.07328068410618523,0.46213811977452474,0.07462063435828069,1.4884015529146448,0.21903196452775567,0.8018264992388925,0.030271273209187464,0.5821745544493571,0.03570734725955415,0.5821273802377998,0.03589858818844752,0.5822551971823944,0.03551771730225865,0.10337617439916953,0.09989120332196658,0.009056227972247224,0.0072889673845021475,0.005287253226947876,0.004915743879590737,0.05302631578947368,0.005417154960589184,2.625955140505276,0.07656364205843783,0.800389621089925,0.06297183182987068,0.6280399304426002,0.06653030984867038,0.634173004113541,0.06423138926586372,0.6549100879284449,0.06441450307421587,1.2323045815933649,0.4207086268346933,17,"throughput_2,throughput_1,buffer_size_3,python_gc_objects_collected_total_1,python_gc_objects_collected_total_2,python_gc_objects_collected_total_3,python_gc_collections_total_1,python_gc_collections_total_4,python_gc_collections_total_7,python_gc_objects_collected_total_5,avg_p_latency_1,python_gc_objects_collected_total_6,process_cpu_seconds_total_3,process_cpu_seconds_total_1,process_cpu_seconds_total_2,python_gc_collections_total_6,throughput_3",1.0,padded,1.413998788781464,0.5538740918040276,44.18423228431493,720.8,401.4,0.5492901650883926,3.0,,,False,30,,0.3774975674719009,0.6483654839738858,0.6553192603844742,0.23988862876376266,0.44293799498888775,0.4374679436913348,0.2622316310256399,0.4422483201576265,0.44244789822426195,0.2645563007317712,0.46234710491406855,0.46213811977452474,2.5164750517647936,1.5380518018780667,1.4884015529146448
throughput_3,16,10,markov,fixed,bic,5,5,0.6588936878078359,0.07527676276369649,0.5258818661658785,0.0948285264148681,0.5264207793312139,0.10439736422859787,0.5673503955209777,0.07743897952635115,0.8591292983363026,0.15638292016775623,0.9014480883424364,0.027202521841161776,0.8687204479088372,0.03230982188348073,0.8687190895955791,0.03213260522855243,0.8687300995176622,0.032498931048512376,0.39371288708149005,0.10157443242011968,0.1396706141474087,0.0270229532522992,0.09842822177037251,0.02539360810502992,0.25,0.0,1.267152534905198,0.0466768380115378,0.6645414703244678,0.07272533553385037,0.5255589243458386,0.03451566878319388,0.5194743468963141,0.02129663019908645,0.573304536081474,0.0447092398675371,0.8218533942644953,0.2557217000767894,15,"buffer_size_3,python_gc_objects_collected_total_1,python_gc_objects_collected_total_2,python_gc_objects_collected_total_3,python_gc_collections_total_1,python_gc_collections_total_4,python_gc_collections_total_7,python_gc_objects_collected_total_5,avg_p_latency_1,python_gc_objects_collected_total_6,process_cpu_seconds_total_3,process_cpu_seconds_total_1,process_cpu_seconds_total_2,python_gc_collections_total_6,throughput_3",1.0,padded,1.0685369294136762,0.33388782795518634,34.025302896276116,930.0,192.2,0.6812230270640909,2.0,,,False,30,,,,0.6588936878078359,,,0.5258818661658785,,,0.5264207793312139,,,0.5673503955209777,,,0.8591292983363026
throughput_3,16,12,markov,fixed,bic,5,5,0.657639090607505,0.03410294825338896,0.5155292041800678,0.05825791329906717,0.501236397448621,0.0680081170687505,0.5549543211286135,0.04506914383175214,0.8080246329526108,0.08951681802607488,0.9014480883424364,0.027202521841161776,0.8687204479088372,0.03230982188348073,0.8687190895955791,0.03213260522855243,0.8687300995176622,0.032498931048512376,0.39371288708149005,0.10157443242011968,0.1396706141474087,0.0270229532522992,0.09842822177037251,0.02539360810502992,0.25,0.0,1.267152534905198,0.0466768380115378,0.658479447844012,0.06255265760604069,0.561455262234964,0.034986817403565636,0.571158326540865,0.0433464989832697,0.6056900592909581,0.01659214138959308,0.7102144727155155,0.09282190853400753,15,"buffer_size_3,python_gc_objects_collected_total_1,python_gc_objects_collected_total_2,python_gc_objects_collected_total_3,python_gc_collections_total_1,python_gc_collections_total_4,python_gc_collections_total_7,python_gc_objects_collected_total_5,avg_p_latency_1,python_gc_objects_collected_total_6,process_cpu_seconds_total_3,process_cpu_seconds_total_1,process_cpu_seconds_total_2,python_gc_collections_total_6,throughput_3",1.0,padded,1.0848817948251963,0.3558442721143365,34.8104259269312,895.8,226.4,0.5832544981252096,5.0,,,False,30,,,,0.657639090607505,,,0.5155292041800678,,,0.501236397448621,,,0.5549543211286135,,,0.8080246329526108
throughput_3,16,14,markov,fixed,bic,5,5,0.6476546937078077,0.047980447416483205,0.4788035682157029,0.02772247252660587,0.5127388368450998,0.08680714705474599,0.5076400524771371,0.03465750797573537,0.795950783207415,0.06702208237794871,0.9014480883424364,0.027202521841161776,0.8687204479088372,0.03230982188348073,0.8687190895955791,0.03213260522855243,0.8687300995176622,0.032498931048512376,0.39371288708149005,0.10157443242011968,0.1396706141474087,0.0270229532522992,0.09842822177037251,0.02539360810502992,0.25,0.0,1.267152534905198,0.0466768380115378,0.6648872016047509,0.0714435203008674,0.5660176758364431,0.07136686516629222,0.5721103225690239,0.06024627340209383,0.6048328892081976,0.04022592595945867,0.6925304758686737,0.07203978071045075,15,"buffer_size_3,python_gc_objects_collected_total_1,python_gc_objects_collected_total_2,python_gc_objects_collected_total_3,python_gc_collections_total_1,python_gc_collections_total_4,python_gc_collections_total_7,python_gc_objects_collected_total_5,avg_p_latency_1,python_gc_objects_collected_total_6,process_cpu_seconds_total_3,process_cpu_seconds_total_1,process_cpu_seconds_total_2,python_gc_collections_total_6,throughput_3",1.0,padded,1.0914680121466518,0.38863564673811196,34.90077930688858,863.4,258.8,0.520597170360763,5.0,,,False,30,,,,0.6476546937078077,,,0.4788035682157029,,,0.5127388368450998,,,0.5076400524771371,,,0.795950783207415
throughput_3,16,16,markov,fixed,bic,5,5,0.6595967003331731,0.05377241796687449,0.5247781246909933,0.06415881949800256,0.5423359709021518,0.07533660958501258,0.559218960539606,0.03810130442898317,0.8307259429461951,0.08714381948107529,0.9014480883424364,0.027202521841161776,0.8687204479088372,0.03230982188348073,0.8687190895955791,0.03213260522855243,0.8687300995176622,0.032498931048512376,0.39371288708149005,0.10157443242011968,0.1396706141474087,0.0270229532522992,0.09842822177037251,0.02539360810502992,0.25,0.0,1.267152534905198,0.0466768380115378,0.6746789072229634,0.04340873347470246,0.5711130582504858,0.05060783061815435,0.5920244044023455,0.06612395389255094,0.6014674296941628,0.05032140948956104,0.7762384339587154,0.1590509262591236,15,"buffer_size_3,python_gc_objects_collected_total_1,python_gc_objects_collected_total_2,python_gc_objects_collected_total_3,python_gc_collections_total_1,python_gc_collections_total_4,python_gc_collections_total_7,python_gc_objects_collected_total_5,avg_p_latency_1,python_gc_objects_collected_total_6,process_cpu_seconds_total_3,process_cpu_seconds_total_1,process_cpu_seconds_total_2,python_gc_collections_total_6,throughput_3",1.0,padded,1.119664043933153,0.37492436207830904,34.87587615661323,852.4,269.8,0.6204331463424253,5.0,,,False,30,,,,0.6595967003331731,,,0.5247781246909933,,,0.5423359709021518,,,0.559218960539606,,,0.8307259429461951
throughput_3,16,18,markov,fixed,bic,5,5,0.6629947793899394,0.06532646418026815,0.5517867469628133,0.08177127835838882,0.5512308998373274,0.10030031304032068,0.5935182411682058,0.04463024087239126,0.7691644295908284,0.07457588757909779,0.9014480883424364,0.027202521841161776,0.8687204479088372,0.03230982188348073,0.8687190895955791,0.03213260522855243,0.8687300995176622,0.032498931048512376,0.39371288708149005,0.10157443242011968,0.1396706141474087,0.0270229532522992,0.09842822177037251,0.02539360810502992,0.25,0.0,1.267152534905198,0.0466768380115378,0.6873267778541844,0.0658376763476244,0.6151284049585648,0.05208738695797189,0.630130400187957,0.0449496365075262,0.6454984009687401,0.033882715558287035,0.6641590837821388,0.07827427116782804,15,"buffer_size_3,python_gc_objects_collected_total_1,python_gc_objects_collected_total_2,python_gc_objects_collected_total_3,python_gc_collections_total_1,python_gc_collections_total_4,python_gc_collections_total_7,python_gc_objects_collected_total_5,avg_p_latency_1,python_gc_objects_collected_total_6,process_cpu_seconds_total_3,process_cpu_seconds_total_1,process_cpu_seconds_total_2,python_gc_collections_total_6,throughput_3",1.0,padded,1.1783933447673918,0.4233477808535099,36.118216280825436,831.6,290.6,0.6400156249385426,2.0,,,False,30,,,,0.6629947793899394,,,0.5517867469628133,,,0.5512308998373274,,,0.5935182411682058,,,0.7691644295908284
throughput_3,16,20,markov,fixed,bic,5,5,0.6722593384475947,0.05872727546716749,0.5549689064300083,0.034192787780922516,0.5917515989358284,0.05585435819267662,0.5669724162671734,0.021381540112903885,0.7858926328274377,0.045785584695096186,0.9014480883424364,0.027202521841161776,0.8687204479088372,0.03230982188348073,0.8687190895955791,0.03213260522855243,0.8687300995176622,0.032498931048512376,0.39371288708149005,0.10157443242011968,0.1396706141474087,0.0270229532522992,0.09842822177037251,0.02539360810502992,0.25,0.0,1.267152534905198,0.0466768380115378,0.7147460253578524,0.035884872780256864,0.6251516379560476,0.030982556604237446,0.6395205145576306,0.040256375699528314,0.6347938336006289,0.04598911418810904,0.7222023288792353,0.10660550440108471,15,"buffer_size_3,python_gc_objects_collected_total_1,python_gc_objects_collected_total_2,python_gc_objects_collected_total_3,python_gc_collections_total_1,python_gc_collections_total_4,python_gc_collections_total_7,python_gc_objects_collected_total_5,avg_p_latency_1,python_gc_objects_collected_total_6,process_cpu_seconds_total_3,process_cpu_seconds_total_1,process_cpu_seconds_total_2,python_gc_collections_total_6,throughput_3",1.0,padded,1.222874813899398,0.3968869436532259,36.769429800100625,816.0,306.2,0.6066976305540647,2.0,,,False,30,,,,0.6722593384475947,,,0.5549689064300083,,,0.5917515989358284,,,0.5669724162671734,,,0.7858926328274377
throughput_3,16,10,markov,fixed,aic,5,5,0.5967065236197288,0.09344870815096075,0.47621728155711474,0.09833596271236522,0.4799283331219211,0.101994173717169,0.5029847150112413,0.08663582983161115,1.0694583075935227,0.15364072470667292,0.9014480883424364,0.027202521841161776,0.8687204479088372,0.03230982188348073,0.8687190895955791,0.03213260522855243,0.8687300995176622,0.032498931048512376,0.39371288708149005,0.10157443242011968,0.1396706141474087,0.0270229532522992,0.09842822177037251,0.02539360810502992,0.25,0.0,1.267152534905198,0.0466768380115378,0.633729556380184,0.0715666538411516,0.5239096865361492,0.06578348253532273,0.534009206052156,0.04102942652637782,0.5612157615249826,0.039284862498968474,1.082538232446024,0.26058229586736864,15,"avg_p_latency_3,buffer_size_3,python_gc_objects_collected_total_1,python_gc_objects_collected_total_2,python_gc_objects_collected_total_3,python_gc_collections_total_1,python_gc_collections_total_4,python_gc_collections_total_7,python_gc_objects_collected_total_5,avg_p_latency_1,python_gc_objects_collected_total_6,process_cpu_seconds_total_3,process_cpu_seconds_total_1,process_cpu_seconds_total_2,throughput_3",2.0,padded,1.2446854019537568,0.39996951464563607,35.20315594319254,901.6,220.6,0.6281822858540598,2.0,,,False,30,,,,0.5967065236197288,,,0.47621728155711474,,,0.4799283331219211,,,0.5029847150112413,,,1.0694583075935227
throughput_3,16,12,markov,fixed,aic,5,5,0.6187908629006529,0.0893595806026862,0.5244248381375753,0.08936949680273285,0.5274908244515956,0.08806244370506423,0.5569527230489968,0.06301987376758893,0.9760278465674397,0.16797224246100098,0.9014480883424364,0.027202521841161776,0.8687204479088372,0.03230982188348073,0.8687190895955791,0.03213260522855243,0.8687300995176622,0.032498931048512376,0.39371288708149005,0.10157443242011968,0.1396706141474087,0.0270229532522992,0.09842822177037251,0.02539360810502992,0.25,0.0,1.267152534905198,0.0466768380115378,0.6827067812132601,0.07320890982866918,0.579008535065223,0.07513718926223815,0.5826504981517096,0.07516947694729455,0.6102898250579514,0.05378644214081989,1.0048017470276787,0.28950494082052075,15,"buffer_size_3,python_gc_objects_collected_total_1,python_gc_objects_collected_total_2,python_gc_objects_collected_total_3,python_gc_collections_total_1,python_gc_collections_total_4,python_gc_collections_total_7,python_gc_objects_collected_total_5,avg_p_latency_1,python_gc_objects_collected_total_6,process_cpu_seconds_total_3,process_cpu_seconds_total_1,process_cpu_seconds_total_2,python_gc_collections_total_6,throughput_3",1.0,padded,1.5202812142670155,0.38863236997276546,36.4458748055622,895.8,226.4,0.6548741081218106,2.0,,,False,30,,,,0.6187908629006529,,,0.5244248381375753,,,0.5274908244515956,,,0.5569527230489968,,,0.9760278465674397
throughput_3,16,14,markov,fixed,aic,5,5,0.6020430061444151,0.0642569453055439,0.5036625509733732,0.045614704501432055,0.5027861458389447,0.04602656047047039,0.5266587681673931,0.0375811213302509,1.0079486959606059,0.17910080575643306,0.9014480883424364,0.027202521841161776,0.8687204479088372,0.03230982188348073,0.8687190895955791,0.03213260522855243,0.8687300995176622,0.032498931048512376,0.39371288708149005,0.10157443242011968,0.1396706141474087,0.0270229532522992,0.09842822177037251,0.02539360810502992,0.25,0.0,1.267152534905198,0.0466768380115378,0.6738033292876541,0.06233404037194621,0.5861778073638789,0.043912284535334745,0.5916076939068519,0.04096001514986963,0.6086740625134104,0.033072903619398505,1.010595075224979,0.3616936302936666,15,"buffer_size_3,python_gc_objects_collected_total_1,python_gc_objects_collected_total_2,python_gc_objects_collected_total_3,python_gc_collections_total_1,python_gc_collections_total_4,python_gc_collections_total_7,python_gc_objects_collected_total_5,avg_p_latency_1,python_gc_objects_collected_total_6,process_cpu_seconds_total_3,process_cpu_seconds_total_1,process_cpu_seconds_total_2,python_gc_collections_total_6,throughput_3",1.0,padded,1.416428060643375,0.41880340278148653,35.69141607172787,863.4,258.8,0.5746764271058441,1.0,,,False,30,,,,0.6020430061444151,,,0.5036625509733732,,,0.5027861458389447,,,0.5266587681673931,,,1.0079486959606059
throughput_3,16,16,markov,fixed,aic,5,5,0.621290374807739,0.09849437550745442,0.4791888186467331,0.0639640947872717,0.5255131407736257,0.07390323944131841,0.4992433025828336,0.04804698325108719,0.9476331278997219,0.24177317670315085,0.9014480883424364,0.027202521841161776,0.8687204479088372,0.03230982188348073,0.8687190895955791,0.03213260522855243,0.8687300995176622,0.032498931048512376,0.39371288708149005,0.10157443242011968,0.1396706141474087,0.0270229532522992,0.09842822177037251,0.02539360810502992,0.25,0.0,1.267152534905198,0.0466768380115378,0.6892828056521202,0.02590432008016579,0.5747775690107231,0.039300667900364045,0.5922281463847244,0.05583425367616241,0.5967345430320489,0.03741188227592003,1.0246651397976034,0.25440804382406573,15,"buffer_size_3,python_gc_objects_collected_total_1,python_gc_objects_collected_total_2,python_gc_objects_collected_total_3,python_gc_collections_total_1,python_gc_collections_total_4,python_gc_collections_total_7,python_gc_objects_collected_total_5,avg_p_latency_1,python_gc_objects_collected_total_6,process_cpu_seconds_total_3,process_cpu_seconds_total_1,process_cpu_seconds_total_2,python_gc_collections_total_6,throughput_3",1.0,padded,1.6424969261512161,0.3850843045860529,36.50563589297235,852.4,269.8,0.5818595106851081,1.0,,,False,30,,,,0.621290374807739,,,0.4791888186467331,,,0.5255131407736257,,,0.4992433025828336,,,0.9476331278997219
throughput_3,16,18,markov,fixed,aic,5,5,0.6198576832173814,0.1073833864072227,0.5045651428756551,0.08202072454132707,0.5458897619057715,0.07878329500239545,0.5338994383452157,0.06048897163604076,0.9548968413436885,0.21425752561756947,0.9014480883424364,0.027202521841161776,0.8687204479088372,0.03230982188348073,0.8687190895955791,0.03213260522855243,0.8687300995176622,0.032498931048512376,0.39371288708149005,0.10157443242011968,0.1396706141474087,0.0270229532522992,0.09842822177037251,0.02539360810502992,0.25,0.0,1.267152534905198,0.0466768380115378,0.6860872472374772,0.06544936628184932,0.6113858689129635,0.07250633646128443,0.6177349044049791,0.06009227336387421,0.6354759276449957,0.0645096149057512,0.9946970356303435,0.38838821966330156,15,"buffer_size_3,python_gc_objects_collected_total_1,python_gc_objects_collected_total_2,python_gc_objects_collected_total_3,python_gc_collections_total_1,python_gc_collections_total_4,python_gc_collections_total_7,python_gc_objects_collected_total_5,avg_p_latency_1,python_gc_objects_collected_total_6,process_cpu_seconds_total_3,process_cpu_seconds_total_1,process_cpu_seconds_total_2,python_gc_collections_total_6,throughput_3",1.0,padded,1.664843612164259,0.4261893855407834,36.86108220554888,831.6,290.6,0.6218666802209516,1.0,,,False,30,,,,0.6198576832173814,,,0.5045651428756551,,,0.5458897619057715,,,0.5338994383452157,,,0.9548968413436885
throughput_3,16,20,markov,fixed,aic,5,5,0.6102420147205648,0.09835999978606566,0.5071192468196211,0.06582089624186609,0.5207509458599466,0.05717481404929634,0.5408928003774622,0.05348391488775468,0.9599066379267551,0.24173177136759572,0.9014480883424364,0.027202521841161776,0.8687204479088372,0.03230982188348073,0.8687190895955791,0.03213260522855243,0.8687300995176622,0.032498931048512376,0.39371288708149005,0.10157443242011968,0.1396706141474087,0.0270229532522992,0.09842822177037251,0.02539360810502992,0.25,0.0,1.267152534905198,0.0466768380115378,0.6917813558623792,0.048634381005915064,0.6106607436957525,0.027630173353410333,0.614777678160158,0.029281897326734786,0.6346547453393314,0.05032275541361688,0.9376672995381391,0.429704618022092,15,"buffer_size_3,python_gc_objects_collected_total_1,python_gc_objects_collected_total_2,python_gc_objects_collected_total_3,python_gc_collections_total_1,python_gc_collections_total_4,python_gc_collections_total_7,python_gc_objects_collected_total_5,avg_p_latency_1,python_gc_objects_collected_total_6,process_cpu_seconds_total_3,process_cpu_seconds_total_1,process_cpu_seconds_total_2,python_gc_collections_total_6,throughput_3",1.0,padded,2.0576125804334877,0.4190543467178941,39.18480007722974,816.0,306.2,0.5844282520476276,1.0,,,False,30,,,,0.6102420147205648,,,0.5071192468196211,,,0.5207509458599466,,,0.5408928003774622,,,0.9599066379267551
throughput_3,16,10,markov,decision_tree,bic,5,0,,0.0,,0.0,,0.0,,0.0,,0.0,,0.0,,0.0,,0.0,,0.0,,0.0,,0.0,,0.0,,0.0,,0.0,,0.0,,0.0,,0.0,,0.0,,0.0,0,,,,,,20.331761164590716,,,,,,,False,30,"Unknown label type: continuous. Maybe you are trying to fit a classifier, which expects discrete classes on a regression target with continuous values.",,,,,,,,,,,,,,,
throughput_3,16,12,markov,decision_tree,bic,5,0,,0.0,,0.0,,0.0,,0.0,,0.0,,0.0,,0.0,,0.0,,0.0,,0.0,,0.0,,0.0,,0.0,,0.0,,0.0,,0.0,,0.0,,0.0,,0.0,0,,,,,,20.41911941766739,,,,,,,False,30,"Unknown label type: continuous. Maybe you are trying to fit a classifier, which expects discrete classes on a regression target with continuous values.",,,,,,,,,,,,,,,
throughput_3,16,14,markov,decision_tree,bic,5,0,,0.0,,0.0,,0.0,,0.0,,0.0,,0.0,,0.0,,0.0,,0.0,,0.0,,0.0,,0.0,,0.0,,0.0,,0.0,,0.0,,0.0,,0.0,,0.0,0,,,,,,20.383014478720725,,,,,,,False,30,"Unknown label type: continuous. Maybe you are trying to fit a classifier, which expects discrete classes on a regression target with continuous values.",,,,,,,,,,,,,,,
throughput_3,16,16,markov,decision_tree,bic,5,0,,0.0,,0.0,,0.0,,0.0,,0.0,,0.0,,0.0,,0.0,,0.0,,0.0,,0.0,,0.0,,0.0,,0.0,,0.0,,0.0,,0.0,,0.0,,0.0,0,,,,,,20.655614566989243,,,,,,,False,30,"Unknown label type: continuous. Maybe you are trying to fit a classifier, which expects discrete classes on a regression target with continuous values.",,,,,,,,,,,,,,,
throughput_3,16,18,markov,decision_tree,bic,5,0,,0.0,,0.0,,0.0,,0.0,,0.0,,0.0,,0.0,,0.0,,0.0,,0.0,,0.0,,0.0,,0.0,,0.0,,0.0,,0.0,,0.0,,0.0,,0.0,0,,,,,,20.8612306592986,,,,,,,False,30,"Unknown label type: continuous. Maybe you are trying to fit a classifier, which expects discrete classes on a regression target with continuous values.",,,,,,,,,,,,,,,
throughput_3,16,20,markov,decision_tree,bic,5,0,,0.0,,0.0,,0.0,,0.0,,0.0,,0.0,,0.0,,0.0,,0.0,,0.0,,0.0,,0.0,,0.0,,0.0,,0.0,,0.0,,0.0,,0.0,,0.0,0,,,,,,21.081362841650844,,,,,,,False,30,"Unknown label type: continuous. Maybe you are trying to fit a classifier, which expects discrete classes on a regression target with continuous values.",,,,,,,,,,,,,,,
throughput_3,16,10,markov,decision_tree,aic,5,0,,0.0,,0.0,,0.0,,0.0,,0.0,,0.0,,0.0,,0.0,,0.0,,0.0,,0.0,,0.0,,0.0,,0.0,,0.0,,0.0,,0.0,,0.0,,0.0,0,,,,,,19.632456253282726,,,,,,,False,30,"Unknown label type: continuous. Maybe you are trying to fit a classifier, which expects discrete classes on a regression target with continuous values.",,,,,,,,,,,,,,,
throughput_3,16,12,markov,decision_tree,aic,5,0,,0.0,,0.0,,0.0,,0.0,,0.0,,0.0,,0.0,,0.0,,0.0,,0.0,,0.0,,0.0,,0.0,,0.0,,0.0,,0.0,,0.0,,0.0,,0.0,0,,,,,,18.898544342257082,,,,,,,False,30,"Unknown label type: continuous. Maybe you are trying to fit a classifier, which expects discrete classes on a regression target with continuous values.",,,,,,,,,,,,,,,
throughput_3,16,14,markov,decision_tree,aic,5,0,,0.0,,0.0,,0.0,,0.0,,0.0,,0.0,,0.0,,0.0,,0.0,,0.0,,0.0,,0.0,,0.0,,0.0,,0.0,,0.0,,0.0,,0.0,,0.0,0,,,,,,18.43891256302595,,,,,,,False,30,"Unknown label type: continuous. Maybe you are trying to fit a classifier, which expects discrete classes on a regression target with continuous values.",,,,,,,,,,,,,,,
throughput_3,16,16,markov,decision_tree,aic,5,0,,0.0,,0.0,,0.0,,0.0,,0.0,,0.0,,0.0,,0.0,,0.0,,0.0,,0.0,,0.0,,0.0,,0.0,,0.0,,0.0,,0.0,,0.0,,0.0,0,,,,,,18.49437070451677,,,,,,,False,30,"Unknown label type: continuous. Maybe you are trying to fit a classifier, which expects discrete classes on a regression target with continuous values.",,,,,,,,,,,,,,,
throughput_3,16,18,markov,decision_tree,aic,5,0,,0.0,,0.0,,0.0,,0.0,,0.0,,0.0,,0.0,,0.0,,0.0,,0.0,,0.0,,0.0,,0.0,,0.0,,0.0,,0.0,,0.0,,0.0,,0.0,0,,,,,,18.23145132139325,,,,,,,False,30,"Unknown label type: continuous. Maybe you are trying to fit a classifier, which expects discrete classes on a regression target with continuous values.",,,,,,,,,,,,,,,
throughput_3,16,20,markov,decision_tree,aic,5,0,,0.0,,0.0,,0.0,,0.0,,0.0,,0.0,,0.0,,0.0,,0.0,,0.0,,0.0,,0.0,,0.0,,0.0,,0.0,,0.0,,0.0,,0.0,,0.0,0,,,,,,18.430081823840737,,,,,,,False,30,"Unknown label type: continuous. Maybe you are trying to fit a classifier, which expects discrete classes on a regression target with continuous values.",,,,,,,,,,,,,,,
throughput_3,16,10,markov,gmm,bic,5,5,0.6433686823713538,0.044513721478179356,0.5616701067989966,0.08127615488853546,0.5754863051122683,0.08638559750116341,0.601027593486128,0.07722795385866048,1.3014572553971415,0.15053047737454756,0.8362204624422425,0.02873619654550135,0.7974233277142655,0.032251434224201604,0.7972143302186835,0.032522952099967244,0.7976509099968723,0.03197883534206169,0.10337585694036378,0.06535745277056243,0.018233256489532064,0.01065859418996251,0.010337585694036379,0.006535745277056242,0.1,0.0,2.2781810517198005,0.05804169167165739,0.7567576046621436,0.11224913933924477,0.6928667042860386,0.10714206080497078,0.7019507211006996,0.10900727604247627,0.7139890009478834,0.1132680211873004,1.1873031014313253,0.46948733933267334,17,"throughput_2,throughput_1,buffer_size_3,python_gc_objects_collected_total_1,python_gc_objects_collected_total_2,python_gc_objects_collected_total_3,python_gc_collections_total_1,python_gc_collections_total_4,python_gc_collections_total_7,python_gc_objects_collected_total_5,avg_p_latency_1,python_gc_objects_collected_total_6,process_cpu_seconds_total_3,process_cpu_seconds_total_1,process_cpu_seconds_total_2,python_gc_collections_total_6,throughput_3",1.0,padded,1.3420535501092672,0.48273619879037144,47.37841537222266,817.4,304.8,0.6933492454443908,5.0,,,False,30,,0.46573254413074217,0.6706415683734839,0.6433686823713538,0.38729448354952706,0.5878121153605861,0.5616701067989966,0.43785753059650007,0.6038141336084729,0.5754863051122683,0.4004052366068671,0.616403718540478,0.601027593486128,2.060621955608113,1.2587249633286315,1.3014572553971415
throughput_3,16,12,markov,gmm,bic,5,5,0.6717171188073707,0.06795799175449502,0.576374775247767,0.06398109858839772,0.5882264946917294,0.05527510101791218,0.6001737445102443,0.06645438196361954,1.3082749757720595,0.21202234806087045,0.8239257590836869,0.03376640983239505,0.776326610238345,0.039044257648456766,0.7761321735098449,0.0391605515043985,0.776540029246691,0.03893943753177432,0.08662022244338519,0.062354108077986914,0.012995110533127002,0.008230311473279303,0.007265615954979339,0.005144477572459829,0.08484848484848484,0.0033879817840905936,2.4381856974122016,0.042596721617378465,0.7729716411619866,0.062335150017699126,0.6651162683565988,0.04834018224045925,0.6722020579169895,0.03296885783248112,0.6894721934226529,0.04292925504879833,1.0416135889761498,0.24558513603427343,17,"throughput_2,throughput_1,buffer_size_3,python_gc_objects_collected_total_1,python_gc_objects_collected_total_2,python_gc_objects_collected_total_3,python_gc_collections_total_1,python_gc_collections_total_4,python_gc_collections_total_7,python_gc_objects_collected_total_5,avg_p_latency_1,python_gc_objects_collected_total_6,process_cpu_seconds_total_3,process_cpu_seconds_total_1,process_cpu_seconds_total_2,python_gc_collections_total_6,throughput_3",1.0,padded,1.3894008062779903,0.457018144801259,46.96326048485935,788.0,334.2,0.6544333981541702,3.0,,,False,30,,0.47428456689888776,0.6882959287495457,0.6717171188073707,0.37886369019161686,0.563055028689058,0.576374775247767,0.41651547764287483,0.5618134540749186,0.5882264946917294,0.3919200266631108,0.5999839883828173,0.6001737445102443,2.167450709445427,1.2979802210830784,1.3082749757720595
throughput_3,16,14,markov,gmm,bic,5,5,0.5929282876430747,0.11779642342707076,0.5005103969458787,0.11299806197826216,0.5135481297629921,0.11070444255053208,0.5276674866026742,0.10862029992808372,1.5157334519856434,0.34964793098808006,0.8182194370502998,0.025366281916672808,0.7459148919771363,0.04810232835863551,0.7457697934710376,0.04812087549100289,0.7460799529694221,0.048097620410942656,0.0928514626120828,0.06377435205238283,0.011835705486765956,0.007354859479577523,0.006654773822549214,0.004523532970942733,0.07252747252747252,0.0024572175576920803,2.5747496091462745,0.05104889451896525,0.7200744383847282,0.055598355401657466,0.620996028226358,0.05908762112097639,0.638418814499489,0.08552244901300682,0.6662865209174862,0.040320982418891385,1.1662052046630376,0.231665941389272,17,"throughput_2,throughput_1,buffer_size_3,python_gc_objects_collected_total_1,python_gc_objects_collected_total_2,python_gc_objects_collected_total_3,python_gc_collections_total_1,python_gc_collections_total_4,python_gc_collections_total_7,python_gc_objects_collected_total_5,avg_p_latency_1,python_gc_objects_collected_total_6,process_cpu_seconds_total_3,process_cpu_seconds_total_1,process_cpu_seconds_total_2,python_gc_collections_total_6,throughput_3",1.0,padded,1.4976996287703515,0.488957779482007,48.682063737884164,752.4,369.8,0.6187690582542521,3.0,,,False,30,,0.4773180445172483,0.6105915368656974,0.5929282876430747,0.3700509362524864,0.485903065821225,0.5005103969458787,0.42380323093830546,0.5013279012198197,0.5135481297629921,0.3912553375272628,0.5086302396659776,0.5276674866026742,2.1912956081021013,1.4876759197495395,1.5157334519856434
throughput_3,16,16,markov,gmm,bic,5,5,0.6439077274235203,0.11472212404392623,0.5051169118348985,0.09959208389361417,0.513418958348222,0.0814293613447008,0.5411736731955441,0.09001076654202192,1.4642426989224604,0.2918242034997327,0.8087718629911287,0.022049777812777952,0.7159320428728471,0.020454364185574902,0.715857788450206,0.02039542402116844,0.7160253781205859,0.02053309480977624,0.08892814796120019,0.06736673648150326,0.009868146035593921,0.006878579748831209,0.005558009247575012,0.004210421030093954,0.0625,0.0,2.678372848445568,0.05568533054735344,0.7571194975329807,0.06236377827706534,0.6304173874044533,0.06933167287322141,0.6312053482529858,0.051171790430798815,0.6779095308178839,0.06984474793796246,1.2074506302347832,0.25546815685425656,17,"throughput_2,throughput_1,buffer_size_3,python_gc_objects_collected_total_1,python_gc_objects_collected_total_2,python_gc_objects_collected_total_3,python_gc_collections_total_1,python_gc_collections_total_4,python_gc_collections_total_7,python_gc_objects_collected_total_5,avg_p_latency_1,python_gc_objects_collected_total_6,process_cpu_seconds_total_3,process_cpu_seconds_total_1,process_cpu_seconds_total_2,python_gc_collections_total_6,throughput_3",1.0,padded,1.5374791799113154,0.49831007737666366,49.84537867736071,724.4,397.8,0.5795680514841939,2.0,,,False,30,,0.47055093388444186,0.6229237003633317,0.6439077274235203,0.35736866234153997,0.48283191014970955,0.5051169118348985,0.38263747707494533,0.5041986587932238,0.513418958348222,0.3800165295132599,0.5009778533512053,0.5411736731955441,2.3299775105475917,1.56276693674347,1.4642426989224604
throughput_3,16,18,markov,gmm,bic,5,5,0.624668612689146,0.08978920952903605,0.4726041953880224,0.06628762368003083,0.47611284991120756,0.06873374357030256,0.501161707623062,0.054864310913725414,1.5202572691467653,0.24613592732110123,0.7943384396582237,0.034325559524412554,0.6835675688219769,0.03813328072473363,0.6834946631773233,0.03829088185366011,0.6836574903669116,0.037984300552458605,0.1046144224710041,0.0584017703437071,0.01077094703351201,0.0060639301588389025,0.006090432858608962,0.003824323641818794,0.05694444444444444,0.0031056499687497096,2.803013738613954,0.08935419194543186,0.7434033774555319,0.09338579726161131,0.6028358114143264,0.08301218695406276,0.6159345434480052,0.09054375090633583,0.6351604615573774,0.063577373498705,1.3151493992806558,0.37376818544243584,17,"throughput_2,throughput_1,buffer_size_3,python_gc_objects_collected_total_1,python_gc_objects_collected_total_2,python_gc_objects_collected_total_3,python_gc_collections_total_1,python_gc_collections_total_4,python_gc_collections_total_7,python_gc_objects_collected_total_5,avg_p_latency_1,python_gc_objects_collected_total_6,process_cpu_seconds_total_3,process_cpu_seconds_total_1,process_cpu_seconds_total_2,python_gc_collections_total_6,throughput_3",1.0,padded,1.5898883365094663,0.5322423007339239,51.254923801869154,717.6,404.6,0.5805659731437239,2.0,,,False,30,,0.42794907325838133,0.568011422167831,0.624668612689146,0.30534651087751863,0.4175117139286266,0.4726041953880224,0.32843046377446616,0.4324130466114773,0.47611284991120756,0.3186171801589543,0.4349913063928451,0.501161707623062,2.3736326016173064,1.7912573969454528,1.5202572691467653
throughput_3,16,20,markov,gmm,bic,5,5,0.6236130621600215,0.1060767104101115,0.4567390666656532,0.08438269392971348,0.46701592128249736,0.07542487053113625,0.4805444848626693,0.08121018758960934,1.5662314794024543,0.248028103018721,0.7886383080715489,0.03325190318664243,0.6479406381532499,0.03794179925664737,0.6478908535749706,0.03778539355253271,0.6480058896957838,0.03811550231541933,0.11281406596476524,0.0553538359642455,0.010335568884651727,0.0050951694106149085,0.0058635196975252496,0.0032173832161339487,0.05111111111111111,0.0024845199749997634,2.863254789922302,0.09102466936196214,0.7523174453278743,0.0779583102611067,0.6102668870344544,0.05128897528676631,0.622508731292282,0.0489556632918719,0.6404652610416125,0.041246491673600304,1.3607888550596283,0.37995024752308987,17,"throughput_2,throughput_1,buffer_size_3,python_gc_objects_collected_total_1,python_gc_objects_collected_total_2,python_gc_objects_collected_total_3,python_gc_collections_total_1,python_gc_collections_total_4,python_gc_collections_total_7,python_gc_objects_collected_total_5,avg_p_latency_1,python_gc_objects_collected_total_6,process_cpu_seconds_total_3,process_cpu_seconds_total_1,process_cpu_seconds_total_2,python_gc_collections_total_6,throughput_3",1.0,padded,1.6400449937209487,0.5552130123600364,52.145639271475375,697.4,424.8,0.5504203390515376,2.0,,,False,30,,0.40533219683080873,0.5560784631184296,0.6236130621600215,0.27731302727074325,0.40433119286995367,0.4567390666656532,0.30196319854515813,0.4166634550246612,0.46701592128249736,0.3016558622172084,0.42746082487456827,0.4805444848626693,2.6079947207632026,1.704655164523085,1.5662314794024543
throughput_3,16,10,markov,gmm,aic,5,5,0.6000526981617548,0.10051359219034539,0.5252928625513187,0.11081542206436064,0.5496863138505448,0.11715452805133166,0.546639594507607,0.09069518210153069,1.4269607407750466,0.2694593940302152,0.8362204624422425,0.02873619654550135,0.7974233277142655,0.032251434224201604,0.7972143302186835,0.032522952099967244,0.7976509099968723,0.03197883534206169,0.10337585694036378,0.06535745277056243,0.018233256489532064,0.01065859418996251,0.010337585694036379,0.006535745277056242,0.1,0.0,2.2781810517198005,0.05804169167165739,0.7268304585772096,0.1313906934645215,0.6562161431338771,0.139485790119954,0.6619128407783164,0.14438021661626887,0.6767212656238726,0.13133491276281473,1.3216487493020188,0.6361176053463612,17,"avg_p_latency_3,throughput_2,throughput_1,buffer_size_3,python_gc_objects_collected_total_1,python_gc_objects_collected_total_2,python_gc_objects_collected_total_3,python_gc_collections_total_1,python_gc_collections_total_4,python_gc_collections_total_7,python_gc_objects_collected_total_5,avg_p_latency_1,python_gc_objects_collected_total_6,process_cpu_seconds_total_3,process_cpu_seconds_total_1,process_cpu_seconds_total_2,throughput_3",2.0,padded,1.4713574852794409,0.5308587370440364,48.983843454159796,811.0,311.2,0.696460438758472,5.0,,,False,30,,0.44344693596697154,0.6305614417709122,0.6000526981617548,0.3772481452707727,0.5265082243310609,0.5252928625513187,0.4066886787279335,0.5441502231932067,0.5496863138505448,0.39983097609220125,0.5447118781612276,0.546639594507607,2.3115665731231108,1.4108033611422073,1.4269607407750466
throughput_3,16,12,markov,gmm,aic,5,5,0.5380645806448541,0.1073366250193046,0.4502859590715739,0.08065146017578492,0.46664126415821905,0.08989781910473844,0.4737543600586102,0.06501477905707091,1.6330978376538514,0.22379984948194642,0.8239257590836869,0.03376640983239505,0.776326610238345,0.039044257648456766,0.7761321735098449,0.0391605515043985,0.776540029246691,0.03893943753177432,0.08662022244338519,0.062354108077986914,0.012995110533127002,0.008230311473279303,0.007265615954979339,0.005144477572459829,0.08484848484848484,0.0033879817840905936,2.4381856974122016,0.042596721617378465,0.7729716411619866,0.062335150017699126,0.6673954323004421,0.04976446076185361,0.6749511036358891,0.03617822732142767,0.6917594825379715,0.04430914340957845,1.0185419070735144,0.2608388429521183,17,"throughput_2,throughput_1,buffer_size_3,python_gc_objects_collected_total_1,python_gc_objects_collected_total_2,python_gc_objects_collected_total_3,python_gc_collections_total_1,python_gc_collections_total_4,python_gc_collections_total_7,python_gc_objects_collected_total_5,avg_p_latency_1,python_gc_objects_collected_total_6,process_cpu_seconds_total_3,process_cpu_seconds_total_1,process_cpu_seconds_total_2,python_gc_collections_total_6,throughput_3",1.0,padded,1.5305173555389047,0.4898436518386006,47.79683194775134,788.0,334.2,0.5864252690695122,3.0,,,False,30,,0.4177726137812042,0.591147978660419,0.5380645806448541,0.3215165179224889,0.49372000051107257,0.4502859590715739,0.35694332190307143,0.5080635005573677,0.46664126415821905,0.3425618782963601,0.5232910611750071,0.4737543600586102,2.5651099718928245,1.6856945273071358,1.6330978376538514
throughput_3,16,14,markov,gmm,aic,5,5,0.6114564533819681,0.12414655089804207,0.5077297431484186,0.11249651279496067,0.520023517032438,0.10957213159163803,0.5418081730550811,0.10739351684956198,1.4652985741610962,0.3727945251707644,0.8182194370502998,0.025366281916672808,0.7459148919771363,0.04810232835863551,0.7457697934710376,0.04812087549100289,0.7460799529694221,0.048097620410942656,0.0928514626120828,0.06377435205238283,0.011835705486765956,0.007354859479577523,0.006654773822549214,0.004523532970942733,0.07252747252747252,0.0024572175576920803,2.5747496091462745,0.05104889451896525,0.7200744383847282,0.055598355401657466,0.620996028226358,0.05908762112097639,0.638418814499489,0.08552244901300682,0.6662865209174862,0.040320982418891385,1.1662052046630376,0.231665941389272,17,"throughput_2,throughput_1,buffer_size_3,python_gc_objects_collected_total_1,python_gc_objects_collected_total_2,python_gc_objects_collected_total_3,python_gc_collections_total_1,python_gc_collections_total_4,python_gc_collections_total_7,python_gc_objects_collected_total_5,avg_p_latency_1,python_gc_objects_collected_total_6,process_cpu_seconds_total_3,process_cpu_seconds_total_1,process_cpu_seconds_total_2,python_gc_collections_total_6,throughput_3",1.0,padded,1.3567773398011922,0.479233736731112,46.25296383537352,752.4,369.8,0.6369337002417456,5.0,,,False,30,,0.47803566014765,0.5879791048614055,0.6114564533819681,0.37492900048040034,0.45824968893451246,0.5077297431484186,0.41198642214240094,0.4746734384465907,0.520023517032438,0.3959993856311214,0.48967429176749205,0.5418081730550811,2.1787904513827354,1.5405337933952494,1.4652985741610962
throughput_3,16,16,markov,gmm,aic,5,5,0.6688631641436628,0.06475563210059489,0.5241762195529167,0.06761742307448672,0.5310563618203132,0.04947881286434654,0.5606411874793007,0.0598265733901425,1.3408043195620372,0.18751469036961127,0.8087718629911287,0.022049777812777952,0.7159320428728471,0.020454364185574902,0.715857788450206,0.02039542402116844,0.7160253781205859,0.02053309480977624,0.08892814796120019,0.06736673648150326,0.009868146035593921,0.006878579748831209,0.005558009247575012,0.004210421030093954,0.0625,0.0,2.678372848445568,0.05568533054735344,0.7571194975329807,0.06236377827706534,0.6304173874044533,0.06933167287322141,0.6312053482529858,0.051171790430798815,0.6779095308178839,0.06984474793796246,1.2074506302347832,0.25546815685425656,17,"throughput_2,throughput_1,buffer_size_3,python_gc_objects_collected_total_1,python_gc_objects_collected_total_2,python_gc_objects_collected_total_3,python_gc_collections_total_1,python_gc_collections_total_4,python_gc_collections_total_7,python_gc_objects_collected_total_5,avg_p_latency_1,python_gc_objects_collected_total_6,process_cpu_seconds_total_3,process_cpu_seconds_total_1,process_cpu_seconds_total_2,python_gc_collections_total_6,throughput_3",1.0,padded,1.3948060423135757,0.48574742376804353,46.2662813719362,724.4,397.8,0.5979258771806579,2.0,,,False,30,,0.46680428505896004,0.6403748871037122,0.6688631641436628,0.3549878384524846,0.5067840713346501,0.5241762195529167,0.37067867263226645,0.5186900414381583,0.5310563618203132,0.3817907163829263,0.5261271340510506,0.5606411874793007,2.276210740586518,1.4227936978797309,1.3408043195620372
throughput_3,16,18,markov,gmm,aic,5,5,0.6542472019974508,0.09604995623448384,0.50210774651461,0.07936444562473158,0.5168689017852015,0.07868036720170593,0.5246994688889559,0.06462029911119527,1.4439558398001353,0.2895663906802867,0.7943384396582237,0.034325559524412554,0.6835675688219769,0.03813328072473363,0.6834946631773233,0.03829088185366011,0.6836574903669116,0.037984300552458605,0.1046144224710041,0.0584017703437071,0.01077094703351201,0.0060639301588389025,0.006090432858608962,0.003824323641818794,0.05694444444444444,0.0031056499687497096,2.803013738613954,0.08935419194543186,0.7437595662355853,0.09340259950083844,0.6100377437879295,0.08463479544169943,0.6235141293866031,0.09349271482523469,0.636973945742989,0.06376707981529771,1.3031777193972174,0.38011178996494,17,"throughput_2,throughput_1,buffer_size_3,python_gc_objects_collected_total_1,python_gc_objects_collected_total_2,python_gc_objects_collected_total_3,python_gc_collections_total_1,python_gc_collections_total_4,python_gc_collections_total_7,python_gc_objects_collected_total_5,avg_p_latency_1,python_gc_objects_collected_total_6,process_cpu_seconds_total_3,process_cpu_seconds_total_1,process_cpu_seconds_total_2,python_gc_collections_total_6,throughput_3",1.0,padded,1.3889678252860904,0.49526901412755253,47.09341499302536,701.0,421.2,0.5805659731437239,2.0,,,False,30,,0.42918890862424464,0.6526445112166133,0.6542472019974508,0.311565668534486,0.4931275337425035,0.50210774651461,0.33538072415019754,0.49276905989133474,0.5168689017852015,0.32810510539998566,0.5258185528085985,0.5246994688889559,2.3180468209634735,1.4497796913957999,1.4439558398001353
throughput_3,16,20,markov,gmm,aic,5,5,0.6325303212841843,0.1206860526069478,0.4548384130803315,0.08624525756021408,0.459182520131541,0.0861245116469388,0.4867821339265693,0.07436420431801816,1.6753098941057982,0.5020143049337262,0.7886383080715489,0.03325190318664243,0.6479406381532499,0.03794179925664737,0.6478908535749706,0.03778539355253271,0.6480058896957838,0.03811550231541933,0.11281406596476524,0.0553538359642455,0.010335568884651727,0.0050951694106149085,0.0058635196975252496,0.0032173832161339487,0.05111111111111111,0.0024845199749997634,2.863254789922302,0.09102466936196214,0.7533860116680345,0.0786199075443774,0.6122476049308887,0.053240523991386214,0.6263997115934454,0.053389991850901146,0.6418518960282474,0.04226652445198648,1.3501347610034398,0.38698986067536517,17,"throughput_2,throughput_1,buffer_size_3,python_gc_objects_collected_total_1,python_gc_objects_collected_total_2,python_gc_objects_collected_total_3,python_gc_collections_total_1,python_gc_collections_total_4,python_gc_collections_total_7,python_gc_objects_collected_total_5,avg_p_latency_1,python_gc_objects_collected_total_6,process_cpu_seconds_total_3,process_cpu_seconds_total_1,process_cpu_seconds_total_2,python_gc_collections_total_6,throughput_3",1.0,padded,1.432001894339919,0.5389895252883434,49.91136022377759,682.2,440.0,0.5504203390515376,2.0,,,False,30,,0.4151219914825803,0.6068540943455825,0.6325303212841843,0.28044107222803205,0.43848640976627234,0.4548384130803315,0.3067592069457661,0.448307928497708,0.459182520131541,0.3088348200476596,0.45533343522805464,0.4867821339265693,2.5092170633322097,1.5390233560887014,1.6753098941057982
throughput_3,16,10,mrmr,classic_uniform,bic,5,5,0.6314384217218013,0.08923597842600567,0.5072651954029931,0.15352529191059103,0.5485228644581215,0.1566663151588875,0.5184430736277283,0.13847643577550964,1.2634357867657269,0.1724955847237269,0.84013742791701,0.009229171725588358,0.7423261662874467,0.054108708622897066,0.742176680683933,0.05453911088740914,0.7425050960111026,0.05367658619948395,0.2960368442689955,0.09053872269343984,0.04752473461742217,0.013456737490103362,0.031239156797666045,0.010394466140289058,0.10500000000000001,0.011180339887498947,1.9647219631547401,0.10254477174422971,0.8119591016690804,0.050935283784767804,0.703762599118023,0.11157143921598645,0.7075207045832776,0.11633611183380527,0.7196564676511091,0.09866527027186728,0.8771154432244922,0.19084924116629065,17,"throughput_2,buffer_size_3,throughput_1,avg_p_latency_3,avg_p_latency_1,buffer_size_1,python_gc_objects_collected_total_1,buffer_size_2,avg_p_latency_2,data_quality_1,process_open_fds_2,python_gc_objects_collected_total_4,rps,data_quality_2,cores_1,python_gc_objects_collected_total_5,throughput_3",,,1.1842648958787323,0.5713632442057133,117.15265959687531,492.0,630.2,0.7189747837240736,3.0,,,False,30,,0.5651801658087342,0.6629846207081553,0.6314384217218013,0.4568002301684146,0.5101756519161593,0.5072651954029931,0.504109093529489,0.5332064809567638,0.5485228644581215,0.45733398370676603,0.5203003189441866,0.5184430736277283,1.7427820588223326,1.1477554295636243,1.2634357867657269
throughput_3,16,12,mrmr,classic_uniform,bic,5,4,0.6536214906913143,0.08702193847365969,0.47417211277813215,0.036628810100920874,0.48813718058360067,0.02250188605170142,0.49012703458352436,0.04496282009430449,1.365384994779474,0.2086284111947639,0.8182373734728248,0.04528865414673849,0.6892708175083391,0.029248108305658556,0.6889246235472187,0.0295160276054061,0.6896751885364822,0.029040850967370975,0.22033486348477704,0.11698387431087533,0.029157318196129794,0.013013700901944343,0.018361238623731423,0.009748656192572945,0.08333333333333333,0.0,2.189884921287344,0.049888862993198405,0.8212767735761163,0.04938196893170379,0.6872129960524104,0.07349625569718296,0.6906769227100963,0.08761987955701003,0.7053859705995342,0.05254682780790624,0.9249628451316587,0.14469596046756703,17,"throughput_2,buffer_size_3,throughput_1,avg_p_latency_3,avg_p_latency_1,buffer_size_1,python_gc_objects_collected_total_1,buffer_size_2,avg_p_latency_2,data_quality_1,process_open_fds_2,python_gc_objects_collected_total_4,rps,data_quality_2,cores_1,python_gc_objects_collected_total_5,throughput_3",,,1.2430224120616913,0.5959568629041314,115.86889087501913,398.75,723.5,0.5258539865156586,4.0,,,False,30,,0.5415964289058941,0.6275430434458249,0.6536214906913143,0.44852615250810995,0.46682728946965635,0.47417211277813215,0.4950186132935386,0.5013360472354798,0.48813718058360067,0.4427551330335481,0.46959604642856034,0.49012703458352436,2.018778255712162,1.2586461669516096,1.365384994779474
throughput_3,16,14,mrmr,classic_uniform,bic,5,3,0.62282481194534,0.058861968690412214,0.4754030571079346,0.05315179433998542,0.5048702507291907,0.06575824435743557,0.47270080245675755,0.04214503305453608,1.5230055236089395,0.17820876538644456,0.8298262071767913,0.021805105690115973,0.693120922963938,0.021933708821050054,0.6931880340199128,0.022250443343971343,0.693068695928848,0.021622956662754697,0.17464996198430802,0.06548633236670165,0.022738734081577828,0.0073576474343821086,0.013512086556976818,0.005149434934828167,0.07722832722832722,0.0059582482588349,2.3320269871031,0.06828716082498222,0.8252200564282463,0.010829228051548448,0.7274009235443613,0.0423070204740025,0.7314813469157485,0.037493864750628124,0.7517169121914683,0.02008395976101376,0.9719736462470245,0.16733586824328517,17,"throughput_2,buffer_size_3,throughput_1,avg_p_latency_3,avg_p_latency_1,buffer_size_1,python_gc_objects_collected_total_1,buffer_size_2,avg_p_latency_2,data_quality_1,process_open_fds_2,python_gc_objects_collected_total_4,rps,data_quality_2,cores_1,python_gc_objects_collected_total_5,throughput_3",,,1.2545685109992821,0.5890364175041517,113.04796325508505,377.6666666666667,744.6666666666666,0.5320094455303674,3.0,,,False,30,,0.4015652835515598,0.6513434592110408,0.62282481194534,0.33043247040412776,0.4911281976991104,0.4754030571079346,0.40674055037454404,0.5193309351879732,0.5048702507291907,0.3263678560780208,0.49490068266542764,0.47270080245675755,2.932419901322566,1.4160940668071753,1.5230055236089395
throughput_3,16,16,mrmr,classic_uniform,bic,5,3,0.4686475037949555,0.09023268316947101,0.28358182561806666,0.10094412275830589,0.29199341820729025,0.12272056115681107,0.31335446030611025,0.0842536057751272,1.83147952433427,0.09829106409303615,0.7924025758607499,0.018674548331624737,0.5949308396291656,0.0331613291041916,0.5946083125408123,0.03316116478710351,0.5952753412327073,0.033176419492283955,0.14108054511909732,0.04768759892310369,0.015329550295376677,0.004492638941904565,0.008817534069943582,0.0029804749326939805,0.0625,0.0,2.4505052570218573,0.051759587529232695,0.7649674285853115,0.06856491262670808,0.5964968572277026,0.08605303041387972,0.6004858718591457,0.09251450145008427,0.6289594393779637,0.06770259352027969,1.1800502367420587,0.2855149827806119,17,"throughput_2,buffer_size_3,throughput_1,avg_p_latency_3,avg_p_latency_1,buffer_size_1,python_gc_objects_collected_total_1,buffer_size_2,avg_p_latency_2,data_quality_1,process_open_fds_2,python_gc_objects_collected_total_4,rps,data_quality_2,cores_1,python_gc_objects_collected_total_5,throughput_3",,,1.3083881856873631,0.5871758774543802,113.50422998517752,369.0,753.3333333333334,0.3956940287055667,5.0,,,False,30,,0.13660755054605558,0.5143919949587542,0.4686475037949555,0.0778427999032708,0.35020716893698456,0.28358182561806666,0.09849920999754357,0.38016567833362336,0.29199341820729025,0.0908512231210679,0.36957209373832756,0.31335446030611025,4.029002672718608,1.735548145223478,1.83147952433427
throughput_3,16,18,mrmr,classic_uniform,bic,5,3,0.570851249914683,0.08051871042914448,0.42076556739444393,0.07207972632001362,0.4362018230371221,0.07355390633685754,0.42613852838351685,0.06799553866505645,1.6616144677276437,0.19280781792292695,0.7947864269429404,0.03981254767261196,0.6113174574638758,0.054369683143083235,0.6113118523002732,0.05473172368961487,0.6113384362935123,0.054019906644234526,0.11789017935893427,0.07473529424567295,0.011668085482922827,0.006410010098328193,0.006681493756555304,0.003934624764565759,0.059259259259259255,0.006415002990995843,2.53546274520694,0.03949782786632065,0.797331805904579,0.007933709381423605,0.6789141724289632,0.058517226733738936,0.6766979272363803,0.06585888044080057,0.7018575569595598,0.04520925859938196,1.0855801094249955,0.09028039918105951,17,"throughput_2,buffer_size_3,throughput_1,avg_p_latency_3,avg_p_latency_1,buffer_size_1,python_gc_objects_collected_total_1,buffer_size_2,avg_p_latency_2,data_quality_1,process_open_fds_2,python_gc_objects_collected_total_4,rps,data_quality_2,cores_1,python_gc_objects_collected_total_5,throughput_3",,,1.323043651568393,0.6317939972504973,113.75661497749388,305.3333333333333,817.0,0.5008606375776842,3.0,,,False,30,,0.353449110559791,0.5613801309940852,0.570851249914683,0.27484588595001597,0.4002819781634897,0.42076556739444393,0.34708669560471,0.43891337423568677,0.4362018230371221,0.2705645469176755,0.39216708357909397,0.42613852838351685,2.8884215429459896,1.7058752281092666,1.6616144677276437
throughput_3,16,20,mrmr,classic_uniform,bic,5,1,0.5164737310774711,0.0,0.33336053898201323,0.0,0.3671665342921993,0.0,0.33811876090196735,0.0,1.9994112550900678,0.0,0.7515583259127337,0.0,0.5472930684080853,0.0,0.547267925015837,0.0,0.5473198515049982,0.0,0.05966162065894924,0.0,0.005630252100840337,0.0,0.002983081032947462,0.0,0.05,0.0,2.655965883991411,0.0,0.8087188612099644,0.0,0.61761817098489,0.0,0.6177627281221798,0.0,0.6330807749870154,0.0,1.0057311154669488,0.0,17,"throughput_2,buffer_size_3,throughput_1,avg_p_latency_3,avg_p_latency_1,buffer_size_1,python_gc_objects_collected_total_1,buffer_size_2,avg_p_latency_2,data_quality_1,process_open_fds_2,python_gc_objects_collected_total_4,rps,data_quality_2,cores_1,python_gc_objects_collected_total_5,throughput_3",,,1.4617066159844398,0.7315364349633455,109.63975285645574,229.0,894.0,0.33336053898201323,5.0,,,False,30,,0.24577025823686555,0.5592163846838825,0.5164737310774711,0.21029306309342485,0.3430918117099234,0.33336053898201323,0.30590136002052976,0.3542537310398462,0.3671665342921993,0.17722753145397202,0.36149748496512873,0.33811876090196735,2.9825763370813987,1.773704173796157,1.9994112550900678
throughput_3,16,10,mrmr,classic_uniform,aic,5,3,0.5839109760852991,0.0555870196200505,0.4611690096131737,0.17709573547151417,0.5066102104742428,0.15933137381882834,0.4969335375778858,0.15931696406053117,1.5658546879050304,0.17962839369390293,0.8393258973899066,0.010175600041609514,0.7668431139446367,0.05290970978013135,0.7665897868584551,0.05374159364410228,0.7671394350842685,0.05203893612981931,0.2438403732468999,0.078517784560142,0.04289207174681415,0.016779278640369655,0.0271098246093008,0.012329641713280892,0.10833333333333334,0.01443375672974064,2.0027900085212003,0.12411146818241436,0.8335129065617114,0.05441539550166581,0.7440698296987908,0.11410437062539368,0.7354082912442071,0.11396924323144707,0.7724464876503743,0.1211369945669894,0.7812602769308642,0.3214528401335905,17,"throughput_2,buffer_size_3,throughput_1,avg_p_latency_3,avg_p_latency_1,buffer_size_1,python_gc_objects_collected_total_1,buffer_size_2,avg_p_latency_2,data_quality_1,process_open_fds_2,python_gc_objects_collected_total_4,rps,data_quality_2,cores_1,python_gc_objects_collected_total_5,throughput_3",,,1.7114633244151871,0.9529076935723424,119.92212607432157,414.0,708.3333333333334,0.6625231662845832,3.0,,,False,30,,0.39415764686834825,0.5601727293362094,0.5839109760852991,0.2963416341893003,0.4439556842089394,0.4611690096131737,0.3269471277381725,0.4871927074011131,0.5066102104742428,0.3119743031168852,0.4532695861642924,0.4969335375778858,2.0815243662764384,1.8071120093651831,1.5658546879050304
throughput_3,16,12,mrmr,classic_uniform,aic,5,2,0.3456753380539458,0.058172163247028286,0.25065253040004054,0.07290298328713395,0.3179159458828797,0.08180993471076263,0.3076961633455818,0.06805491709614243,2.1923401422679363,0.02801478040640751,0.7969025544322805,0.0653857404564796,0.6964584459725722,0.0057479648461792035,0.6956762530190368,0.0044566948072274635,0.6973320187898865,0.007165540593460984,0.12337917438488388,0.019450394624426045,0.018282527132806873,0.0025691504131005413,0.010281597865406989,0.0016208662187021708,0.08333333333333333,0.0,2.2307042490234505,0.01813529789558425,0.7890361829492051,0.050483058692074215,0.6888849598899125,0.10895387882088163,0.683928922563374,0.1207860765433998,0.7107342080023328,0.0866805863823508,0.9706007963806828,0.2455987197146536,17,"throughput_2,buffer_size_3,throughput_1,avg_p_latency_3,avg_p_latency_1,buffer_size_1,python_gc_objects_collected_total_1,buffer_size_2,avg_p_latency_2,data_quality_1,process_open_fds_2,python_gc_objects_collected_total_4,rps,data_quality_2,cores_1,python_gc_objects_collected_total_5,throughput_3",,,1.6602599658071995,0.8029690384864807,116.15043346397579,287.0,835.5,0.3022027242511025,4.0,,,False,30,,0.3220766409048846,0.42989081004376173,0.3456753380539458,0.31774473560607436,0.2921727643653605,0.25065253040004054,0.39303788059816475,0.35602791467516115,0.3179159458828797,0.2936331571864596,0.3048629810554767,0.3076961633455818,2.1615774155413123,2.0620365931928077,2.1923401422679363
throughput_3,16,14,mrmr,classic_uniform,aic,5,2,0.5274514565803655,0.1817547594507086,0.35505059636947983,0.19886736329589225,0.3845583711295653,0.201272230606681,0.3678774343796358,0.1668833015491637,2.087733967122774,0.9103309543732354,0.8218337849184845,0.02382545670042434,0.7057248875752767,0.0030026024961578167,0.7059865251718374,0.002712232182392472,0.7054810723725196,0.003271387443007935,0.13719775937574902,0.012685210770377871,0.018745432407344248,0.003548408371188271,0.01066988494310269,0.002136515905067244,0.07738095238095238,0.008417937871268422,2.3499459626546737,0.08602170980727257,0.8259868077055929,0.010808955218921789,0.7493248741592005,0.015186881899739697,0.7424975989353287,0.02192656730260134,0.7736192131013986,0.004223660666138464,1.0268719591579956,0.31023375236508205,17,"throughput_2,buffer_size_3,throughput_1,avg_p_latency_3,avg_p_latency_1,buffer_size_1,python_gc_objects_collected_total_1,buffer_size_2,avg_p_latency_2,data_quality_1,process_open_fds_2,python_gc_objects_collected_total_4,rps,data_quality_2,cores_1,python_gc_objects_collected_total_5,throughput_3",,,1.3918194933794439,0.8589418022893369,115.61636506021023,281.0,841.5,0.49567105751269397,3.0,,,False,30,,0.41524881627547805,0.6214141043772807,0.5274514565803655,0.3247107410975833,0.4222607666209404,0.35505059636947983,0.3623978752368866,0.4468224316790822,0.3845583711295653,0.35676253371400746,0.45097235635132715,0.3678774343796358,2.0430846309049864,1.7197937884319288,2.087733967122774
throughput_3,16,16,mrmr,classic_uniform,aic,5,2,0.39375368053802917,0.03250879886331837,0.19945177633847955,0.005768230758461057,0.19049208335384954,0.0061477463882163115,0.2636807005952572,0.005182755553099013,2.32731259587124,0.5885364510022466,0.791545040261713,0.026326133536064195,0.6139316557875718,0.005758594255521026,0.6135807366276909,0.006293524106622845,0.6143124094074389,0.0051855407162334265,0.11402723479094544,0.012526954292000294,0.012787390320022511,0.0012618023945446298,0.00712670217443409,0.0007829346432500184,0.0625,0.0,2.479781421232032,0.014681520943893649,0.7574244287194634,0.09518883025418008,0.6140194878515746,0.11387709419782488,0.6133972833467645,0.12695526250415776,0.646975150664292,0.08496991949996431,1.1988172559653851,0.40115384171319357,17,"throughput_2,buffer_size_3,throughput_1,avg_p_latency_3,avg_p_latency_1,buffer_size_1,python_gc_objects_collected_total_1,buffer_size_2,avg_p_latency_2,data_quality_1,process_open_fds_2,python_gc_objects_collected_total_4,rps,data_quality_2,cores_1,python_gc_objects_collected_total_5,throughput_3",,,1.7329273982904851,1.010234291665256,117.49343689437956,256.0,866.5,0.20353053142323618,4.0,,,False,30,,0.19026457016871348,0.5229240971868387,0.39375368053802917,0.11895166929526797,0.332456359939167,0.19945177633847955,0.10923154868021885,0.3377638320478078,0.19049208335384954,0.1502147536587434,0.3666709159944814,0.2636807005952572,2.6656637042690106,2.0043123446329467,2.32731259587124
throughput_3,16,18,mrmr,classic_uniform,aic,5,2,0.5407871073629807,0.09483154691205055,0.4365449935625795,0.09238756910984787,0.45473818794627396,0.0650770971391752,0.4439406223109291,0.10858969243715695,1.7051690879009973,0.2863017421825794,0.7844256297192236,0.05025933932814991,0.6319224133949818,0.05800637582733146,0.6321043813581622,0.05828505441649466,0.6317566186305636,0.05774848576377689,0.10865345085658322,0.1032415879934911,0.010835461557717575,0.008832716644181086,0.006234361846954167,0.005455546022935465,0.06111111111111111,0.007856742013183864,2.538310620442462,0.05542106505808407,0.7979567471471624,0.012460408962657519,0.6877179669414726,0.0012840461629560452,0.6897010295298556,0.018210708508737124,0.7013872506199574,0.01116464367319588,1.08569423968481,0.10841882676660805,17,"throughput_2,buffer_size_3,throughput_1,avg_p_latency_3,avg_p_latency_1,buffer_size_1,python_gc_objects_collected_total_1,buffer_size_2,avg_p_latency_2,data_quality_1,process_open_fds_2,python_gc_objects_collected_total_4,rps,data_quality_2,cores_1,python_gc_objects_collected_total_5,throughput_3",,,1.4069735785014927,0.8126781494356692,115.06453991960734,210.5,912.0,0.5018728701774937,3.0,,,False,30,,0.4896119542287894,0.6258466229525891,0.5407871073629807,0.3687156677877655,0.49128255418803496,0.4365449935625795,0.4419818105244899,0.5162992831196771,0.45473818794627396,0.3436290429271013,0.4933557114263841,0.4439406223109291,2.062544847689061,1.5639312211918028,1.7051690879009973
throughput_3,16,20,mrmr,classic_uniform,aic,5,1,0.5520926090828139,0.0,0.32176693361997233,0.0,0.3623232899610599,0.0,0.32056434074585227,0.0,1.8676655374350397,0.0,0.7515583259127337,0.0,0.5472930684080853,0.0,0.547267925015837,0.0,0.5473198515049982,0.0,0.05966162065894924,0.0,0.005630252100840337,0.0,0.002983081032947462,0.0,0.05,0.0,2.655965883991411,0.0,0.8087188612099644,0.0,0.61761817098489,0.0,0.6177627281221798,0.0,0.6330807749870154,0.0,1.0057311154669488,0.0,17,"throughput_2,buffer_size_3,throughput_1,avg_p_latency_3,avg_p_latency_1,buffer_size_1,python_gc_objects_collected_total_1,buffer_size_2,avg_p_latency_2,data_quality_1,process_open_fds_2,python_gc_objects_collected_total_4,rps,data_quality_2,cores_1,python_gc_objects_collected_total_5,throughput_3",,,1.6805713353678584,0.854884710162878,113.382891417481,182.0,941.0,0.32176693361997233,5.0,,,False,30,,0.26625111308993765,0.6509349955476402,0.5520926090828139,0.22014318282750436,0.40588899310375837,0.32176693361997233,0.32756148480134284,0.4080843248996861,0.3623232899610599,0.18469835862996753,0.4337873372460822,0.32056434074585227,2.7830017445170063,1.6682523338544564,1.8676655374350397
throughput_3,16,10,mrmr,classic_quantile,bic,5,5,0.6139619970063634,0.07359845808123955,0.5814605577738015,0.0693878350361216,0.6094393475557982,0.06927640878289876,0.5936257850424539,0.0639973608850269,1.3572836999821924,0.19713512548067622,0.7800764440804251,0.06225503487212486,0.7679407933133596,0.07896882005665559,0.7679133222173409,0.07895607847395807,0.7679724438804054,0.07898238752811838,0.12385766416985315,0.03125044852503501,0.022394782451540685,0.0049987192273113065,0.012645223735266164,0.0031051308720831095,0.10222222222222221,0.004969039949999527,2.3020577196971415,0.0009517940344618842,0.7824073164471119,0.0646733589867934,0.7784328932304787,0.079140625623861,0.8074859346459204,0.05524102345823008,0.7780362993804569,0.08598053676530423,1.036344780494246,0.3372278333048503,17,"throughput_2,buffer_size_3,throughput_1,avg_p_latency_3,avg_p_latency_1,buffer_size_1,python_gc_objects_collected_total_1,buffer_size_2,avg_p_latency_2,data_quality_1,process_open_fds_2,python_gc_objects_collected_total_4,rps,data_quality_2,cores_1,python_gc_objects_collected_total_5,throughput_3",,,1.2824037220329045,0.7862713642418384,122.57475836575031,276.2,846.0,0.6569710314598521,1.0,,,False,30,,0.5218646577873438,0.586166415080563,0.6139619970063634,0.454630242684609,0.5448948407365524,0.5814605577738015,0.47877513817034634,0.5694980660816586,0.6094393475557982,0.47161011810184206,0.5738581141172419,0.5936257850424539,1.7951074063569599,1.3435218468287262,1.3572836999821924
throughput_3,16,12,mrmr,classic_quantile,bic,5,5,0.5610197094299552,0.09365320479150636,0.5026977203475387,0.10989645669153093,0.5406907479011536,0.11972122058056783,0.5275032158454476,0.08731961112452084,1.5994085800697435,0.2770617627985294,0.7708044247408345,0.048959984369407926,0.7222195032035362,0.05813522115959483,0.7222547967726296,0.0582434191600385,0.7221901761557051,0.05802949320423394,0.08609101861419709,0.04257819914778734,0.013355308039095898,0.006457900030392748,0.007361957487552129,0.0037740902007221975,0.08484848484848484,0.0033879817840905936,2.485201431477434,0.002628829152393732,0.7581826766762896,0.05655974371777986,0.7138528143528895,0.09645931441810439,0.7373934701923539,0.10171523417606362,0.7183407933301095,0.08888482809987204,1.1757618714216307,0.31681658895454545,17,"throughput_2,buffer_size_3,throughput_1,avg_p_latency_3,avg_p_latency_1,buffer_size_1,python_gc_objects_collected_total_1,buffer_size_2,avg_p_latency_2,data_quality_1,process_open_fds_2,python_gc_objects_collected_total_4,rps,data_quality_2,cores_1,python_gc_objects_collected_total_5,throughput_3",,,1.331246086768806,0.7852469511330128,123.05789861921221,200.0,922.2,0.6458428187082573,5.0,,,False,30,,0.3560886218002136,0.5088034501423009,0.5610197094299552,0.30496050724641927,0.46637627292287326,0.5026977203475387,0.3281696500961511,0.48201726772963244,0.5406907479011536,0.32892691451349776,0.49881459125016053,0.5275032158454476,2.1619715102653165,1.6960987204028481,1.5994085800697435
throughput_3,16,14,mrmr,classic_quantile,bic,5,5,0.5287955771639183,0.09205184035650694,0.474572096714616,0.0806202245833607,0.4917149472899364,0.06338556735469417,0.4942630084529182,0.09314119218856907,1.7135156442291914,0.31019107736185164,0.7367666503175382,0.04786873523693396,0.6824842045059076,0.05145720694979357,0.6825086532494955,0.051396653291766355,0.6824661523453844,0.05151946855818522,0.09196368906179811,0.05125425396000638,0.0119055621911632,0.0057840992406215696,0.0066187849829356295,0.0036056460577057244,0.07252747252747252,0.0024572175576920803,2.6396758233140054,0.0016480612567759453,0.7252631011874014,0.0758728543613446,0.6937984038422438,0.10097557475734274,0.7265789059344672,0.08891880742281993,0.6970605890483442,0.0995865366110133,1.2186535946816934,0.291261698173875,17,"throughput_2,buffer_size_3,throughput_1,avg_p_latency_3,avg_p_latency_1,buffer_size_1,python_gc_objects_collected_total_1,buffer_size_2,avg_p_latency_2,data_quality_1,process_open_fds_2,python_gc_objects_collected_total_4,rps,data_quality_2,cores_1,python_gc_objects_collected_total_5,throughput_3",,,1.346515940874815,0.7977495281025767,123.89533268939704,141.2,981.0,0.5889040552717925,1.0,,,False,30,,0.46427302727129866,0.5229033829997636,0.5287955771639183,0.3592899712934971,0.4432237412217569,0.474572096714616,0.37820926386604403,0.4551305816866723,0.4917149472899364,0.3973297234955721,0.48542428549773753,0.4942630084529182,2.0458901195205006,1.6848452645374792,1.7135156442291914
throughput_3,16,16,mrmr,classic_quantile,bic,5,5,0.524860199078417,0.09342835273230587,0.47720778712335293,0.06689279121938846,0.5065407673623574,0.06288374198181476,0.5019103468350081,0.06266175064391864,1.6202022815982293,0.11467198321077202,0.729107797899375,0.08295972902620391,0.6580945864538875,0.09372102389863998,0.6581106029653487,0.09372985966144057,0.6580866627791396,0.09371348325178391,0.07806200922852749,0.02744228430865229,0.009286613895198378,0.0031566117200449934,0.005039621693411438,0.0018360829253813375,0.06428571428571428,0.003992978531249623,2.7732404786641114,0.0030439285360163012,0.7240164404572146,0.0648846488606241,0.6787680463781119,0.09593493130327993,0.7156772806880443,0.07504177568762728,0.6890492138582814,0.09705223287117964,1.239414995576588,0.2397514651017529,17,"throughput_2,buffer_size_3,throughput_1,avg_p_latency_3,avg_p_latency_1,buffer_size_1,python_gc_objects_collected_total_1,buffer_size_2,avg_p_latency_2,data_quality_1,process_open_fds_2,python_gc_objects_collected_total_4,rps,data_quality_2,cores_1,python_gc_objects_collected_total_5,throughput_3",,,1.372772141546011,0.822958810441196,124.51277671474963,123.0,999.2,0.5613303966628552,3.0,,,False,30,,0.4127775582021038,0.534850151507215,0.524860199078417,0.2846283369883935,0.47436839175381385,0.47720778712335293,0.29831185645919095,0.49447250541413945,0.5065407673623574,0.3184764065237016,0.5021021940547331,0.5019103468350081,2.1893773133703145,1.655691237063324,1.6202022815982293
throughput_3,16,18,mrmr,classic_quantile,bic,5,5,0.46085574195678436,0.11234927779081552,0.3737503212018162,0.11066517142260368,0.3761815709644723,0.1394807790333463,0.4182703006691958,0.06690332882840169,1.9375140206122592,0.2834321669769596,0.7062853668950784,0.061494666791135515,0.597698310986563,0.055679960966242954,0.5976772566787962,0.0555982696389169,0.5977263027245675,0.055764256474589914,0.041342819002449196,0.026429381805942277,0.004434792559698056,0.0028130078983781763,0.002338765188367865,0.0015158095094833335,0.05620915032679739,0.0014614823382351578,2.891942858075035,0.0009991602450575802,0.6980075293998345,0.04916483506175513,0.6353022639414888,0.08980350599200553,0.6674085365743883,0.07608364867119663,0.6537500013026324,0.08713575045389486,1.3603059098938253,0.29174608909988914,17,"throughput_2,buffer_size_3,throughput_1,avg_p_latency_3,avg_p_latency_1,buffer_size_1,python_gc_objects_collected_total_1,buffer_size_2,avg_p_latency_2,data_quality_1,process_open_fds_2,python_gc_objects_collected_total_4,rps,data_quality_2,cores_1,python_gc_objects_collected_total_5,throughput_3",,,1.4064329275861382,0.8550952825695276,125.0923187918961,103.0,1019.2,0.488033012069521,5.0,,,False,30,,0.4152588162278592,0.43538141881864056,0.46085574195678436,0.3178207200059095,0.3716634506629827,0.3737503212018162,0.342196396495285,0.38145096011846225,0.3761815709644723,0.33498502790008916,0.4093598044934684,0.4182703006691958,2.2729183880466,1.9375878760365122,1.9375140206122592
throughput_3,16,20,mrmr,classic_quantile,bic,5,5,0.3920844821373866,0.10864043064774159,0.3256554398383321,0.11356397672306295,0.3288289962511814,0.14142854312954428,0.38541242745105964,0.06685611023943627,2.127709694217119,0.2940215704470217,0.7052191814959612,0.07742253643754808,0.6116400563992828,0.08099577016343507,0.6117085768382102,0.08090875161968053,0.611590278364286,0.08108742624111032,0.05578259151146899,0.02770344607880877,0.006016939505918062,0.0024632323419205814,0.0032357547910407554,0.0013686715655246606,0.05169761507842004,0.004448979627161003,2.9950890958009166,0.0036145353408172,0.6948024641672187,0.06727510190385609,0.6326959674119907,0.0888550796941569,0.6592510484195303,0.07702497721122262,0.6555671210686436,0.08394380692493077,1.4557362453784282,0.3889419557711597,17,"throughput_2,buffer_size_3,throughput_1,avg_p_latency_3,avg_p_latency_1,buffer_size_1,python_gc_objects_collected_total_1,buffer_size_2,avg_p_latency_2,data_quality_1,process_open_fds_2,python_gc_objects_collected_total_4,rps,data_quality_2,cores_1,python_gc_objects_collected_total_5,throughput_3",,,1.411424722149968,0.8182335821911693,124.19758527074009,91.2,1031.0,0.4654232898746184,3.0,,,False,30,,0.3297325568290944,0.35162737320298476,0.3920844821373866,0.20433773847203085,0.2628193549780339,0.3256554398383321,0.20512825375782304,0.26271246602113474,0.3288289962511814,0.27202855755501176,0.3351460103537433,0.38541242745105964,2.4682988877650702,2.3744676389436874,2.127709694217119
throughput_3,16,10,mrmr,classic_quantile,aic,5,5,0.5104380455331166,0.10399970603298747,0.466053260287074,0.10828931378040074,0.49058210374511707,0.1122202712722551,0.4996564240418107,0.09971782029028145,1.5324459560225137,0.312871996921941,0.7800764440804251,0.06225503487212486,0.7679407933133596,0.07896882005665559,0.7679133222173409,0.07895607847395807,0.7679724438804054,0.07898238752811838,0.12385766416985315,0.03125044852503501,0.022394782451540685,0.0049987192273113065,0.012645223735266164,0.0031051308720831095,0.10222222222222221,0.004969039949999527,2.3020577196971415,0.0009517940344618842,0.7763548007846295,0.0691626357674244,0.7769830874375824,0.07943737760287958,0.7968731997400904,0.06759893345731853,0.7784047359672662,0.0829838355310635,0.9975280942345772,0.3437363611856465,17,"throughput_2,buffer_size_3,throughput_1,avg_p_latency_3,avg_p_latency_1,buffer_size_1,python_gc_objects_collected_total_1,buffer_size_2,avg_p_latency_2,data_quality_1,process_open_fds_2,python_gc_objects_collected_total_4,rps,data_quality_2,cores_1,python_gc_objects_collected_total_5,throughput_3",,,2.685771060734987,1.121461254172027,139.1338430037722,265.2,857.0,0.6089016363817722,1.0,,,False,30,,0.4454020060221935,0.5154229424304329,0.5104380455331166,0.37801463983041306,0.48433870126362344,0.466053260287074,0.40098962472240524,0.4963611413057027,0.49058210374511707,0.3929255697952499,0.5215683038955014,0.4996564240418107,1.8001719352263303,1.5633242913293968,1.5324459560225137
throughput_3,16,12,mrmr,classic_quantile,aic,5,5,0.5013439618541499,0.07617239328575148,0.4413458124945452,0.07291234751686736,0.4723316765390185,0.07726889429190613,0.46606992154038396,0.07276426403812666,1.650354111961929,0.20857923172887988,0.7708044247408345,0.048959984369407926,0.7222195032035362,0.05813522115959483,0.7222547967726296,0.0582434191600385,0.7221901761557051,0.05802949320423394,0.08609101861419709,0.04257819914778734,0.013355308039095898,0.006457900030392748,0.007361957487552129,0.0037740902007221975,0.08484848484848484,0.0033879817840905936,2.485201431477434,0.002628829152393732,0.7597917056182125,0.03524913756635159,0.7189647991667532,0.07817817617354504,0.739452471808139,0.08081861426891196,0.728150104506091,0.06776843451353462,1.100630155117272,0.23647209928819102,17,"throughput_2,buffer_size_3,throughput_1,avg_p_latency_3,avg_p_latency_1,buffer_size_1,python_gc_objects_collected_total_1,buffer_size_2,avg_p_latency_2,data_quality_1,process_open_fds_2,python_gc_objects_collected_total_4,rps,data_quality_2,cores_1,python_gc_objects_collected_total_5,throughput_3",,,1.9566484419628978,1.1259489100426436,133.42427484411746,180.6,941.6,0.5495383248057163,1.0,,,False,30,,0.3981733420317047,0.5206046637873153,0.5013439618541499,0.35717009572191416,0.46015199184455857,0.4413458124945452,0.38431459946207824,0.4953447047303351,0.4723316765390185,0.3845596738740301,0.4805956035199544,0.46606992154038396,2.0313715779071897,1.6373033664597778,1.650354111961929
throughput_3,16,14,mrmr,classic_quantile,aic,5,5,0.41349453891489407,0.13990039537311988,0.3627383756283988,0.1418000001945404,0.3679998810635504,0.1418856370123017,0.3943022777796157,0.1413051876682973,2.1512206731244,0.7602885459948654,0.7367666503175382,0.04786873523693396,0.6824842045059076,0.05145720694979357,0.6825086532494955,0.051396653291766355,0.6824661523453844,0.05151946855818522,0.09196368906179811,0.05125425396000638,0.0119055621911632,0.0057840992406215696,0.0066187849829356295,0.0036056460577057244,0.07252747252747252,0.0024572175576920803,2.6396758233140054,0.0016480612567759453,0.7165363176291264,0.08475106340840123,0.6827108225181274,0.1131666856094556,0.7119733491966195,0.10067746836985726,0.689321417580869,0.10833087340662062,1.2583176312192375,0.3134443774359452,17,"throughput_2,buffer_size_3,throughput_1,avg_p_latency_3,avg_p_latency_1,buffer_size_1,python_gc_objects_collected_total_1,buffer_size_2,avg_p_latency_2,data_quality_1,process_open_fds_2,python_gc_objects_collected_total_4,rps,data_quality_2,cores_1,python_gc_objects_collected_total_5,throughput_3",,,1.886308739334345,0.9841335941106081,129.86520180478692,126.8,995.4,0.5716982640791525,1.0,,,False,30,,0.3692642733447301,0.4523454650215951,0.41349453891489407,0.3286063421163698,0.39427592390829064,0.3627383756283988,0.3541343499708359,0.40784750527288505,0.3679998810635504,0.35068582310903573,0.4212535722481142,0.3943022777796157,2.069153168234063,1.8376251077759804,2.1512206731244
throughput_3,16,16,mrmr,classic_quantile,aic,5,5,0.4685772924890834,0.11584647314551509,0.40832276503974985,0.12871958811418732,0.4188852170729457,0.12816344172297495,0.44015145664730004,0.13175001316938434,1.7951357227459923,0.38059733069369994,0.729107797899375,0.08295972902620391,0.6580945864538875,0.09372102389863998,0.6581106029653487,0.09372985966144057,0.6580866627791396,0.09371348325178391,0.07806200922852749,0.02744228430865229,0.009286613895198378,0.0031566117200449934,0.005039621693411438,0.0018360829253813375,0.06428571428571428,0.003992978531249623,2.7732404786641114,0.0030439285360163012,0.7330921242350973,0.053485611884059474,0.6718734368567179,0.10539558677998231,0.690975022230062,0.10737716202816132,0.6855729267295707,0.10219550300044586,1.2984924773082418,0.27629760210852217,17,"throughput_2,buffer_size_3,throughput_1,avg_p_latency_3,avg_p_latency_1,buffer_size_1,python_gc_objects_collected_total_1,buffer_size_2,avg_p_latency_2,data_quality_1,process_open_fds_2,python_gc_objects_collected_total_4,rps,data_quality_2,cores_1,python_gc_objects_collected_total_5,throughput_3",,,1.5410392614081503,0.9457347795367241,130.77084794919938,111.2,1011.0,0.534570498247657,1.0,,,False,30,,0.41028360182411827,0.4874519645144546,0.4685772924890834,0.34532500697070734,0.4269592108760132,0.40832276503974985,0.37668017440265505,0.4404523311627539,0.4188852170729457,0.3697363050072794,0.4585201120224457,0.44015145664730004,2.079503508525648,1.6926560849666104,1.7951357227459923
throughput_3,16,18,mrmr,classic_quantile,aic,5,5,0.46354334820627835,0.0650720739353583,0.39041101170678727,0.0634244626736716,0.42751944673464737,0.08399770009343459,0.42237233294199295,0.07475537687383589,1.8600557908802582,0.3183881523311106,0.7062853668950784,0.061494666791135515,0.597698310986563,0.055679960966242954,0.5976772566787962,0.0555982696389169,0.5977263027245675,0.055764256474589914,0.041342819002449196,0.026429381805942277,0.004434792559698056,0.0028130078983781763,0.002338765188367865,0.0015158095094833335,0.05620915032679739,0.0014614823382351578,2.891942858075035,0.0009991602450575802,0.6967624531393097,0.049008688584560554,0.6289499057324364,0.09505415776246995,0.6709228447659632,0.07279342654525688,0.6423571716151002,0.09840271472842847,1.3935479458430684,0.2749984074748187,17,"throughput_2,buffer_size_3,throughput_1,avg_p_latency_3,avg_p_latency_1,buffer_size_1,python_gc_objects_collected_total_1,buffer_size_2,avg_p_latency_2,data_quality_1,process_open_fds_2,python_gc_objects_collected_total_4,rps,data_quality_2,cores_1,python_gc_objects_collected_total_5,throughput_3",,,1.5551118958741426,1.0581429561600089,131.3890315266326,93.0,1029.2,0.48193845829716536,1.0,,,False,30,,0.44378804545375183,0.4667576186145145,0.46354334820627835,0.3554426912193582,0.3999763977546591,0.39041101170678727,0.3909730942480286,0.4091047496450987,0.42751944673464737,0.3813399975449971,0.44192446376981637,0.42237233294199295,2.0477939630256734,1.9424895254503807,1.8600557908802582
throughput_3,16,20,mrmr,classic_quantile,aic,5,5,0.49902206814888184,0.06982058108901551,0.43269681209047794,0.06196367783298103,0.4655158377662281,0.05112677649821215,0.4505206484547758,0.0641284410706533,1.8205474414942926,0.3121318146477317,0.7052191814959612,0.07742253643754808,0.6116400563992828,0.08099577016343507,0.6117085768382102,0.08090875161968053,0.611590278364286,0.08108742624111032,0.05578259151146899,0.02770344607880877,0.006016939505918062,0.0024632323419205814,0.0032357547910407554,0.0013686715655246606,0.05169761507842004,0.004448979627161003,2.9950890958009166,0.0036145353408172,0.6924888215665335,0.06737724518382852,0.634588557432024,0.09524719927164643,0.6678644441552677,0.08555121138937441,0.6571744043854906,0.0859287575594136,1.560617330568547,0.48538168752841715,17,"throughput_2,buffer_size_3,throughput_1,avg_p_latency_3,avg_p_latency_1,buffer_size_1,python_gc_objects_collected_total_1,buffer_size_2,avg_p_latency_2,data_quality_1,process_open_fds_2,python_gc_objects_collected_total_4,rps,data_quality_2,cores_1,python_gc_objects_collected_total_5,throughput_3",,,1.572510880790651,1.1142578203231097,133.0242963442579,82.8,1039.4,0.5122976667900068,1.0,,,False,30,,0.4306193780029618,0.4546587873391079,0.49902206814888184,0.34191465037240176,0.40105101062855536,0.43269681209047794,0.36303671053892617,0.424494035141889,0.4655158377662281,0.3715393352900001,0.41687560103621024,0.4505206484547758,2.083480315481384,2.040367925704132,1.8205474414942926
throughput_3,16,10,mrmr,kmeans,bic,5,5,0.6398272706637904,0.08670984027969461,0.5111247325756233,0.06664887988119522,0.579173746538375,0.09081923972777975,0.5096960058148967,0.046366428592346166,1.2903639998594971,0.19798176773303824,0.8438815370720457,0.020133412559480132,0.7190910592978726,0.055550814297618226,0.718940080948559,0.055834045865125394,0.7192704146562177,0.055266369764661115,0.22278989147670725,0.10084770006789665,0.03630499600370173,0.013262806072116754,0.0227246219462447,0.010010800409733863,0.10222222222222221,0.004969039949999527,1.9902911641689027,0.07565296109919907,0.8076962444900067,0.07146462669041469,0.6921323936575765,0.08721871158634573,0.7007638759741057,0.10116516361843529,0.7099391971067235,0.0718793872814951,0.8198574483884364,0.1689147928963331,17,"throughput_2,buffer_size_3,throughput_1,avg_p_latency_3,avg_p_latency_1,buffer_size_1,python_gc_objects_collected_total_1,buffer_size_2,avg_p_latency_2,data_quality_1,process_open_fds_2,python_gc_objects_collected_total_4,rps,data_quality_2,cores_1,python_gc_objects_collected_total_5,throughput_3",,,1.2198838338255882,0.5688617965206504,117.11822019517422,486.4,635.8,0.5920470468899037,5.0,,,False,30,,0.5589351161819864,0.684742136148558,0.6398272706637904,0.4756583177413982,0.50323918142576,0.5111247325756233,0.5239347856682295,0.536526953027842,0.579173746538375,0.4763594266387104,0.519276944566574,0.5096960058148967,1.775952171921563,1.1082827786750231,1.2903639998594971
throughput_3,16,12,mrmr,kmeans,bic,5,5,0.5731661595262245,0.09599348224431362,0.46408091021108955,0.06705215950330097,0.49118664308540516,0.07620854207606943,0.47221637747090855,0.05321201070404823,1.5206578371767123,0.2540785601565323,0.8360377648995323,0.01765139156100593,0.7115802790175823,0.049997131710459636,0.7114670847599877,0.050268454287658755,0.7117219252873972,0.04972284084953842,0.19694588755926562,0.10143113641248733,0.02704029824715775,0.011095891338608783,0.01663092248863269,0.008324069325799339,0.08484848484848484,0.0033879817840905936,2.2436103393438946,0.06718240780996969,0.8005653387754584,0.05394119641278048,0.6872869021213066,0.07484273566511428,0.7007451548574243,0.07516719345552171,0.7055866963634281,0.06617389158181816,1.017029862649933,0.20801308665758866,17,"throughput_2,buffer_size_3,throughput_1,avg_p_latency_3,avg_p_latency_1,buffer_size_1,python_gc_objects_collected_total_1,buffer_size_2,avg_p_latency_2,data_quality_1,process_open_fds_2,python_gc_objects_collected_total_4,rps,data_quality_2,cores_1,python_gc_objects_collected_total_5,throughput_3",,,1.2345992585644125,0.5778597321361303,117.27422752510756,422.2,700.0,0.543238226292528,3.0,,,False,30,,0.4961912879779938,0.6196829221448151,0.5731661595262245,0.4204455601229851,0.4968277452270698,0.46408091021108955,0.48275478482570583,0.5344984672665571,0.49118664308540516,0.4098775246415099,0.5035815227964638,0.47221637747090855,2.179008122859146,1.3164528966842872,1.5206578371767123
throughput_3,16,14,mrmr,kmeans,bic,5,5,0.5761999546033908,0.08897979602383929,0.42562990541402046,0.027516679502509304,0.4434587833153909,0.03831121727933048,0.4373196147849412,0.020538642197922622,1.682287245201732,0.262888605866846,0.8269520938789181,0.02670836564148657,0.6620799984903682,0.04062197814599398,0.6618616148124109,0.0410022952400693,0.6623476870388662,0.04025453666477496,0.19694588755926562,0.10143113641248733,0.023450489892150508,0.009403608885195749,0.014411337270276037,0.0070608418319674906,0.0738095238095238,0.005323971374999499,2.3294845794232657,0.06987455822536816,0.8192674679857905,0.05253673623280008,0.6824227592424676,0.07503882189328893,0.6821273233475161,0.08045222977184069,0.7041343816391447,0.0616515788720751,0.989629278755461,0.20088142476081,17,"throughput_2,buffer_size_3,throughput_1,avg_p_latency_3,avg_p_latency_1,buffer_size_1,python_gc_objects_collected_total_1,buffer_size_2,avg_p_latency_2,data_quality_1,process_open_fds_2,python_gc_objects_collected_total_4,rps,data_quality_2,cores_1,python_gc_objects_collected_total_5,throughput_3",,,1.2332422107458114,0.5753765197470784,117.46864625718445,399.0,723.2,0.44895788748542603,5.0,,,False,30,,0.46963474777104236,0.6205741877419632,0.5761999546033908,0.3405900949849167,0.43474516672301694,0.42562990541402046,0.38306360400734213,0.4710567863958623,0.4434587833153909,0.344792049257878,0.4471924123211644,0.4373196147849412,2.455931888965695,1.4059744980562687,1.682287245201732
throughput_3,16,16,mrmr,kmeans,bic,5,5,0.5416185319752446,0.057736144873665116,0.35405200187904523,0.024318251389823516,0.37488003691397287,0.026442793057531267,0.3680907582729481,0.023302937549685,1.6947580831271343,0.20437611309522294,0.8101996339699971,0.03491635307156211,0.6266778050892817,0.059836541741147074,0.6265853570443423,0.060031053779734625,0.6267902833305504,0.05965046680270489,0.13936251097216998,0.09876428886372066,0.014811788890992533,0.009113647105057715,0.00879756952317321,0.006054065759571337,0.06538461538461539,0.006450196088941704,2.4531347814744526,0.04538780166623037,0.7589032934786397,0.026826219642378437,0.5795182958112136,0.04598430370597522,0.5837796186453078,0.05631917859929042,0.6095383683341626,0.039207740313633055,1.1840810895567722,0.20354687914878197,17,"throughput_2,buffer_size_3,throughput_1,avg_p_latency_3,avg_p_latency_1,buffer_size_1,python_gc_objects_collected_total_1,buffer_size_2,avg_p_latency_2,data_quality_1,process_open_fds_2,python_gc_objects_collected_total_4,rps,data_quality_2,cores_1,python_gc_objects_collected_total_5,throughput_3",,,1.2516380069777369,0.5735746441408992,117.58660236932337,370.0,752.2,0.38506038608852705,3.0,,,False,30,,0.3988900052856891,0.554818469118401,0.5416185319752446,0.2976839734355396,0.3798823968078405,0.35405200187904523,0.34927014410648016,0.3975483883555092,0.37488003691397287,0.3030425083114864,0.3905208863443657,0.3680907582729481,2.5517063218821847,1.6392323443718162,1.6947580831271343
throughput_3,16,18,mrmr,kmeans,bic,5,5,0.5623403380618822,0.17556637092644042,0.37316202985558977,0.10490445097909483,0.383805735900428,0.11264889621814313,0.3940466394498366,0.09253977575663319,1.7246597041714673,0.3399759107954808,0.8112675653925457,0.022094576265623382,0.6187897149582797,0.05005928383542189,0.6187600522982335,0.05036461706585883,0.6188579136719439,0.0497489249995223,0.11264533660950822,0.09945730463534223,0.010787005009317698,0.008159371026082373,0.006325414323423856,0.005457348510016636,0.057777777777777775,0.004969039949999534,2.579336931801359,0.042010088314061104,0.7998551794728785,0.053614173204150524,0.6552258729626911,0.08495793249024969,0.6594841223119191,0.08738875420254734,0.6763758604410215,0.0760180038282649,1.1679672036306974,0.2591770187553629,17,"throughput_2,buffer_size_3,throughput_1,avg_p_latency_3,avg_p_latency_1,buffer_size_1,python_gc_objects_collected_total_1,buffer_size_2,avg_p_latency_2,data_quality_1,process_open_fds_2,python_gc_objects_collected_total_4,rps,data_quality_2,cores_1,python_gc_objects_collected_total_5,throughput_3",,,1.2761617310345172,0.6047677110880614,117.54652175866067,337.4,784.8,0.4874342668149759,2.0,,,False,30,,0.45129197797470805,0.5500418251976578,0.5623403380618822,0.33487895473078827,0.3811492658394191,0.37316202985558977,0.37736612551913046,0.39141031352342626,0.383805735900428,0.3386797760262806,0.40376899991287435,0.3940466394498366,2.575219801744573,1.77787664737201,1.7246597041714673
throughput_3,16,20,mrmr,kmeans,bic,5,5,0.5979468351738008,0.08914490029928014,0.3721812838824854,0.04281743944668462,0.39548934379397904,0.06234636723914495,0.38564321732477735,0.025552265540328405,1.691682432201469,0.2666077500715169,0.8018264992388925,0.030271273209187464,0.5821745544493571,0.03570734725955415,0.5821273802377998,0.03589858818844752,0.5822551971823944,0.03551771730225865,0.10337617439916953,0.09989120332196658,0.009056227972247224,0.0072889673845021475,0.005287253226947876,0.004915743879590737,0.05302631578947368,0.005417154960589184,2.625955140505276,0.07656364205843783,0.7980743940195776,0.06293558191291924,0.634041127213551,0.08397402468254128,0.6400423677499487,0.08455061355737001,0.6576315275566725,0.07492750479390861,1.1749921473563236,0.3248148425119266,17,"throughput_2,buffer_size_3,throughput_1,avg_p_latency_3,avg_p_latency_1,buffer_size_1,python_gc_objects_collected_total_1,buffer_size_2,avg_p_latency_2,data_quality_1,process_open_fds_2,python_gc_objects_collected_total_4,rps,data_quality_2,cores_1,python_gc_objects_collected_total_5,throughput_3",,,1.305962055362761,0.6318072503432631,118.69271579477936,302.8,819.4,0.4102343963906336,3.0,,,False,30,,0.26323636554111646,0.5232535400625076,0.5979468351738008,0.18057933846628266,0.3387486377799046,0.3721812838824854,0.20870110036745246,0.3460206526069679,0.39548934379397904,0.20048203248075777,0.35817304174111264,0.38564321732477735,2.8854432777562584,1.7894026657211843,1.691682432201469
throughput_3,16,10,mrmr,kmeans,aic,5,5,0.6031130010492014,0.10712555071787415,0.445628555098903,0.06735489081167736,0.4783971260998038,0.07643255763212789,0.450124011704866,0.06576619771948713,1.3449029807761692,0.24103997939174654,0.8438815370720457,0.020133412559480132,0.7190910592978726,0.055550814297618226,0.718940080948559,0.055834045865125394,0.7192704146562177,0.055266369764661115,0.22278989147670725,0.10084770006789665,0.03630499600370173,0.013262806072116754,0.0227246219462447,0.010010800409733863,0.10222222222222221,0.004969039949999527,1.9902911641689027,0.07565296109919907,0.8016354895852811,0.1018189404821561,0.6963790772884577,0.09099638229242961,0.7120182689587965,0.08137391068763827,0.709701700212603,0.08711170852558374,0.9440808272312747,0.49860377704475267,17,"throughput_2,buffer_size_3,throughput_1,avg_p_latency_3,avg_p_latency_1,buffer_size_1,python_gc_objects_collected_total_1,buffer_size_2,avg_p_latency_2,data_quality_1,process_open_fds_2,python_gc_objects_collected_total_4,rps,data_quality_2,cores_1,python_gc_objects_collected_total_5,throughput_3",,,1.5059982508420944,0.7670689444988966,125.08661131933331,397.0,725.2,0.5090493513495186,4.0,,,False,30,,0.49710350585632124,0.6539049814048504,0.6031130010492014,0.43009940394882157,0.4665168941431418,0.445628555098903,0.49643398598095645,0.4909182101420232,0.4783971260998038,0.4261534682244884,0.47586596361111083,0.450124011704866,1.9591274052311143,1.2053301432485228,1.3449029807761692
throughput_3,16,12,mrmr,kmeans,aic,5,5,0.5790532743494872,0.11112307225584146,0.4398302289528684,0.053814842483449775,0.4631857402623855,0.051132380487206475,0.45689783663429895,0.04314940113159538,1.5659377724796668,0.23522640533495806,0.8360377648995323,0.01765139156100593,0.7115802790175823,0.049997131710459636,0.7114670847599877,0.050268454287658755,0.7117219252873972,0.04972284084953842,0.19694588755926562,0.10143113641248733,0.02704029824715775,0.011095891338608783,0.01663092248863269,0.008324069325799339,0.08484848484848484,0.0033879817840905936,2.2436103393438946,0.06718240780996969,0.8067940474643732,0.05740070068257651,0.7029097906454472,0.10095808192813575,0.7166606871551451,0.1005097044859007,0.7267149443676423,0.09191382918397199,1.0196871906114704,0.240834227529718,17,"throughput_2,buffer_size_3,throughput_1,avg_p_latency_3,avg_p_latency_1,buffer_size_1,python_gc_objects_collected_total_1,buffer_size_2,avg_p_latency_2,data_quality_1,process_open_fds_2,python_gc_objects_collected_total_4,rps,data_quality_2,cores_1,python_gc_objects_collected_total_5,throughput_3",,,1.559137567691505,0.8581088272854686,126.22184688318521,319.4,802.8,0.5218256867744219,1.0,,,False,30,,0.5181403898076675,0.6109393129873985,0.5790532743494872,0.4534720288094379,0.47140656481188403,0.4398302289528684,0.5301323627754615,0.5270288851428857,0.4631857402623855,0.44405511401840136,0.47937730096839315,0.45689783663429895,2.105807488607388,1.3636710837139767,1.5659377724796668
throughput_3,16,14,mrmr,kmeans,aic,5,5,0.5842399163178589,0.1163103144696025,0.4077038380054451,0.09243203530552088,0.4211923851970753,0.08430212466898983,0.42620960046359535,0.0950903536200225,1.62866548745222,0.3295204587510288,0.8269520938789181,0.02670836564148657,0.6620799984903682,0.04062197814599398,0.6618616148124109,0.0410022952400693,0.6623476870388662,0.04025453666477496,0.19694588755926562,0.10143113641248733,0.023450489892150508,0.009403608885195749,0.014411337270276037,0.0070608418319674906,0.0738095238095238,0.005323971374999499,2.3294845794232657,0.06987455822536816,0.823185544566378,0.055554617658625786,0.6906739910382418,0.07408434528369758,0.6886128940925117,0.07800465947125215,0.7134310078926956,0.06774644274511157,0.9820315365954191,0.23099798604716432,17,"throughput_2,buffer_size_3,throughput_1,avg_p_latency_3,avg_p_latency_1,buffer_size_1,python_gc_objects_collected_total_1,buffer_size_2,avg_p_latency_2,data_quality_1,process_open_fds_2,python_gc_objects_collected_total_4,rps,data_quality_2,cores_1,python_gc_objects_collected_total_5,throughput_3",,,1.3483980493620038,0.7704431168735028,123.47507814876735,308.0,814.2,0.5358206234844176,3.0,,,False,30,,0.4933682855478466,0.6510530902233799,0.5842399163178589,0.35560034321637535,0.47113584341169057,0.4077038380054451,0.3867703426040089,0.4790285513546113,0.4211923851970753,0.36397487963126546,0.4860143974440754,0.42620960046359535,2.2592558811768746,1.3426929478967984,1.62866548745222
throughput_3,16,16,mrmr,kmeans,aic,5,5,0.5811719944190742,0.11987012984176673,0.37556040341610963,0.11489564917714071,0.3955518113431448,0.10305492013232351,0.39611425068581374,0.1063735354640967,1.5862215765880334,0.25960631285924357,0.8101996339699971,0.03491635307156211,0.6266778050892817,0.059836541741147074,0.6265853570443423,0.060031053779734625,0.6267902833305504,0.05965046680270489,0.13936251097216998,0.09876428886372066,0.014811788890992533,0.009113647105057715,0.00879756952317321,0.006054065759571337,0.06538461538461539,0.006450196088941704,2.4531347814744526,0.04538780166623037,0.7606842373789069,0.02940343939390524,0.5921495491390731,0.03649226924338061,0.6065500516973327,0.06202875008988294,0.6180447293711986,0.04590732001314239,1.2058628384364716,0.22018276382260615,17,"throughput_2,buffer_size_3,throughput_1,avg_p_latency_3,avg_p_latency_1,buffer_size_1,python_gc_objects_collected_total_1,buffer_size_2,avg_p_latency_2,data_quality_1,process_open_fds_2,python_gc_objects_collected_total_4,rps,data_quality_2,cores_1,python_gc_objects_collected_total_5,throughput_3",,,1.3794140120968224,0.8097979834303259,124.99415269773453,271.6,850.6,0.5429185369112569,3.0,,,False,30,,0.46858570514743575,0.5874454566089368,0.5811719944190742,0.34523514746986594,0.40597236941647763,0.37556040341610963,0.38451702608554383,0.4248581132074449,0.3955518113431448,0.3577939160957984,0.42818902959313404,0.39611425068581374,2.0404643791345065,1.51303961310143,1.5862215765880334
throughput_3,16,18,mrmr,kmeans,aic,5,5,0.5266436826491302,0.13079687048362598,0.3509308468623453,0.06937996239740056,0.381016389409169,0.06979450395623456,0.371559060678005,0.05884832658973849,1.8176743037133896,0.4862788778048283,0.8112675653925457,0.022094576265623382,0.6187897149582797,0.05005928383542189,0.6187600522982335,0.05036461706585883,0.6188579136719439,0.0497489249995223,0.11264533660950822,0.09945730463534223,0.010787005009317698,0.008159371026082373,0.006325414323423856,0.005457348510016636,0.057777777777777775,0.004969039949999534,2.579336931801359,0.042010088314061104,0.7996770850828518,0.05370888212249742,0.6540034903046464,0.08287770188362395,0.658062854966144,0.08330238583418972,0.6799027035945275,0.08109745958021568,1.1744058052860589,0.2567147871883413,17,"throughput_2,buffer_size_3,throughput_1,avg_p_latency_3,avg_p_latency_1,buffer_size_1,python_gc_objects_collected_total_1,buffer_size_2,avg_p_latency_2,data_quality_1,process_open_fds_2,python_gc_objects_collected_total_4,rps,data_quality_2,cores_1,python_gc_objects_collected_total_5,throughput_3",,,1.3388081509619951,0.8255662064999342,125.73890091571957,248.2,874.0,0.4176129375976138,3.0,,,False,30,,0.3313336603159032,0.5465848575324245,0.5266436826491302,0.1861446906266667,0.3610442012976596,0.3509308468623453,0.20229764614368034,0.37305838233151556,0.381016389409169,0.21440178412334204,0.3855491789172133,0.371559060678005,2.800711429558402,1.8692949036174784,1.8176743037133896
throughput_3,16,20,mrmr,kmeans,aic,5,5,0.595632084291662,0.10495066229100744,0.412569540713496,0.06389647186792219,0.44119879756458935,0.06529434809756811,0.4265692591485356,0.06554885764031326,1.6244045241924803,0.3316974481913091,0.8018264992388925,0.030271273209187464,0.5821745544493571,0.03570734725955415,0.5821273802377998,0.03589858818844752,0.5822551971823944,0.03551771730225865,0.10337617439916953,0.09989120332196658,0.009056227972247224,0.0072889673845021475,0.005287253226947876,0.004915743879590737,0.05302631578947368,0.005417154960589184,2.625955140505276,0.07656364205843783,0.7996772435298182,0.06443363660467344,0.6256621543473108,0.07103083616646581,0.6309865114985053,0.07049253213652919,0.653581571234411,0.06681025079485862,1.1879081324673892,0.3250147416209791,17,"throughput_2,buffer_size_3,throughput_1,avg_p_latency_3,avg_p_latency_1,buffer_size_1,python_gc_objects_collected_total_1,buffer_size_2,avg_p_latency_2,data_quality_1,process_open_fds_2,python_gc_objects_collected_total_4,rps,data_quality_2,cores_1,python_gc_objects_collected_total_5,throughput_3",,,1.3064643163233995,0.8088149085640908,124.4152553556487,235.0,887.2,0.5221838482936698,3.0,,,False,30,,0.4732260005111087,0.618605308228691,0.595632084291662,0.3531825969617664,0.42395041117591037,0.412569540713496,0.40621834742327884,0.43295290722348234,0.44119879756458935,0.3550195589056518,0.43468086245749527,0.4265692591485356,2.240209883893308,1.5966791187566467,1.6244045241924803
throughput_3,16,10,mrmr,fixed,bic,5,5,0.6966830316681032,0.07131694725376012,0.6308991778852352,0.04674907181982888,0.6523002192936577,0.07204494613308539,0.6437065495470817,0.045109816409159335,0.8458965467917192,0.1497999250468724,0.9014480883424364,0.027202521841161776,0.8687204479088372,0.03230982188348073,0.8687190895955791,0.03213260522855243,0.8687300995176622,0.032498931048512376,0.39371288708149005,0.10157443242011968,0.1396706141474087,0.0270229532522992,0.09842822177037251,0.02539360810502992,0.25,0.0,1.267152534905198,0.0466768380115378,0.6983724327630298,0.06812598961478947,0.6385755445099303,0.054522253702094035,0.6548261964739555,0.07680902712321057,0.6510496247918305,0.0378468038840987,0.890301775469861,0.31787637352486275,15,"buffer_size_3,avg_p_latency_3,avg_p_latency_1,buffer_size_1,python_gc_objects_collected_total_1,buffer_size_2,avg_p_latency_2,data_quality_1,process_open_fds_2,python_gc_objects_collected_total_4,rps,data_quality_2,cores_1,python_gc_objects_collected_total_5,throughput_3",,,0.9721804803237319,0.6182138502597809,110.74301807302982,287.2,835.0,0.6886482319275502,2.0,,,False,30,,,,0.6966830316681032,,,0.6308991778852352,,,0.6523002192936577,,,0.6437065495470817,,,0.8458965467917192
throughput_3,16,12,mrmr,fixed,bic,5,5,0.7069993317492138,0.06344397211460401,0.6181089861567298,0.07245610369014995,0.6419970817762194,0.11049566949984567,0.6382076424111427,0.03805803622425239,0.7780137865351102,0.09137880609122787,0.9014480883424364,0.027202521841161776,0.8687204479088372,0.03230982188348073,0.8687190895955791,0.03213260522855243,0.8687300995176622,0.032498931048512376,0.39371288708149005,0.10157443242011968,0.1396706141474087,0.0270229532522992,0.09842822177037251,0.02539360810502992,0.25,0.0,1.267152534905198,0.0466768380115378,0.7435762430956734,0.07589246554867944,0.6949832953385068,0.07755397128322256,0.7107065129445688,0.09495670943260967,0.7148934023386249,0.06144437120096077,0.6968511540582055,0.14810333503282846,15,"buffer_size_3,avg_p_latency_3,avg_p_latency_1,buffer_size_1,python_gc_objects_collected_total_1,buffer_size_2,avg_p_latency_2,data_quality_1,process_open_fds_2,python_gc_objects_collected_total_4,rps,data_quality_2,cores_1,python_gc_objects_collected_total_5,throughput_3",,,0.9867429122328758,0.6570781029760837,112.12863622419536,213.0,909.2,0.696700225288651,1.0,saved_dbn_models_top5_20260313_192652_seed783122_with_rps_run20260709_161025/best_bins12_dbn_throughput_3_K16_mrmr_fixed_bic_bins12.pkl,saved_dbn_models_top5_20260313_192652_seed783122_with_rps_run20260709_161025/best_bins12_dbn_throughput_3_K16_mrmr_fixed_bic_bins12_edges.csv,False,30,,,,0.7069993317492138,,,0.6181089861567298,,,0.6419970817762194,,,0.6382076424111427,,,0.7780137865351102
throughput_3,16,14,mrmr,fixed,bic,5,5,0.6825956384334677,0.05385135603358628,0.5867482038725331,0.05228310312465396,0.6533772450521993,0.05548921081329836,0.5999737895132444,0.051788967690091434,0.829995771011351,0.09914683772147903,0.9014480883424364,0.027202521841161776,0.8687204479088372,0.03230982188348073,0.8687190895955791,0.03213260522855243,0.8687300995176622,0.032498931048512376,0.39371288708149005,0.10157443242011968,0.1396706141474087,0.0270229532522992,0.09842822177037251,0.02539360810502992,0.25,0.0,1.267152534905198,0.0466768380115378,0.7191958499570609,0.03777597178813209,0.6556012819296624,0.020220256618526448,0.6807017668034148,0.03772160741709613,0.6726324885985356,0.03855055382544636,0.7224669967546735,0.10894696229184507,15,"buffer_size_3,avg_p_latency_3,avg_p_latency_1,buffer_size_1,python_gc_objects_collected_total_1,buffer_size_2,avg_p_latency_2,data_quality_1,process_open_fds_2,python_gc_objects_collected_total_4,rps,data_quality_2,cores_1,python_gc_objects_collected_total_5,throughput_3",,,1.029335847310722,0.6789506535977126,112.07271937374026,157.6,964.6,0.6503970020760452,1.0,,,False,30,,,,0.6825956384334677,,,0.5867482038725331,,,0.6533772450521993,,,0.5999737895132444,,,0.829995771011351
throughput_3,16,16,mrmr,fixed,bic,5,5,0.6847315012785653,0.021495761295316756,0.5735872850458366,0.05407222882558477,0.6085362765581095,0.10194501356349189,0.5807315691249603,0.06290883326347639,0.7942156627835378,0.11834394241532867,0.9014480883424364,0.027202521841161776,0.8687204479088372,0.03230982188348073,0.8687190895955791,0.03213260522855243,0.8687300995176622,0.032498931048512376,0.39371288708149005,0.10157443242011968,0.1396706141474087,0.0270229532522992,0.09842822177037251,0.02539360810502992,0.25,0.0,1.267152534905198,0.0466768380115378,0.7133253898587604,0.02861422484826472,0.6460033621832202,0.061857748897393254,0.6471551650682669,0.05590507409272501,0.672594525968542,0.07636072958867116,0.7383719350930005,0.13364843756236905,15,"buffer_size_3,avg_p_latency_3,avg_p_latency_1,buffer_size_1,python_gc_objects_collected_total_1,buffer_size_2,avg_p_latency_2,data_quality_1,process_open_fds_2,python_gc_objects_collected_total_4,rps,data_quality_2,cores_1,python_gc_objects_collected_total_5,throughput_3",,,1.0293569980189203,0.7115104783326387,112.9231183687225,134.4,987.8,0.6333314887671471,4.0,,,False,30,,,,0.6847315012785653,,,0.5735872850458366,,,0.6085362765581095,,,0.5807315691249603,,,0.7942156627835378
throughput_3,16,18,mrmr,fixed,bic,5,5,0.69774588374976,0.04605614891853704,0.6244587951614461,0.017315344516297775,0.6513692334258272,0.03647740305441136,0.6359342683304325,0.019323308593783447,0.7140542458112661,0.07076583558001195,0.9014480883424364,0.027202521841161776,0.8687204479088372,0.03230982188348073,0.8687190895955791,0.03213260522855243,0.8687300995176622,0.032498931048512376,0.39371288708149005,0.10157443242011968,0.1396706141474087,0.0270229532522992,0.09842822177037251,0.02539360810502992,0.25,0.0,1.267152534905198,0.0466768380115378,0.7288188095562533,0.03611628039683923,0.6763356695377389,0.012836819872379826,0.6759230174883762,0.02589965040653917,0.6996175075106603,0.016627445478914253,0.6352908746760269,0.04273059684031326,15,"buffer_size_3,avg_p_latency_3,avg_p_latency_1,buffer_size_1,python_gc_objects_collected_total_1,buffer_size_2,avg_p_latency_2,data_quality_1,process_open_fds_2,python_gc_objects_collected_total_4,rps,data_quality_2,cores_1,python_gc_objects_collected_total_5,throughput_3",,,0.9912050347775221,0.7214233858510852,112.18328629154712,111.6,1010.6,0.6545189627200997,2.0,,,False,30,,,,0.69774588374976,,,0.6244587951614461,,,0.6513692334258272,,,0.6359342683304325,,,0.7140542458112661
throughput_3,16,20,mrmr,fixed,bic,5,5,0.6970312839780128,0.04019332944187965,0.607617593316618,0.04468164558040757,0.6294078727923951,0.05335275605156011,0.6236801512527169,0.059740134136529656,0.7931094309119409,0.11489350960849709,0.9014480883424364,0.027202521841161776,0.8687204479088372,0.03230982188348073,0.8687190895955791,0.03213260522855243,0.8687300995176622,0.032498931048512376,0.39371288708149005,0.10157443242011968,0.1396706141474087,0.0270229532522992,0.09842822177037251,0.02539360810502992,0.25,0.0,1.267152534905198,0.0466768380115378,0.7175990214315366,0.030147740020085398,0.6447734592530034,0.06028757883801889,0.6530831748853487,0.057543976481717975,0.6663305691398417,0.07456139431768133,0.7132778590598972,0.13684696020250445,15,"buffer_size_3,avg_p_latency_3,avg_p_latency_1,buffer_size_1,python_gc_objects_collected_total_1,buffer_size_2,avg_p_latency_2,data_quality_1,process_open_fds_2,python_gc_objects_collected_total_4,rps,data_quality_2,cores_1,python_gc_objects_collected_total_5,throughput_3",,,1.0349886072799563,0.6849447131156922,112.57381477672607,102.8,1019.4,0.643884123569872,3.0,saved_dbn_models_top5_20260313_192652_seed783122_with_rps_run20260709_161025/best_bins20_dbn_throughput_3_K16_mrmr_fixed_bic_bins20.pkl,saved_dbn_models_top5_20260313_192652_seed783122_with_rps_run20260709_161025/best_bins20_dbn_throughput_3_K16_mrmr_fixed_bic_bins20_edges.csv,False,30,,,,0.6970312839780128,,,0.607617593316618,,,0.6294078727923951,,,0.6236801512527169,,,0.7931094309119409
throughput_3,16,10,mrmr,fixed,aic,5,5,0.6786791491469089,0.07380161569354633,0.5853428183283328,0.08027984244061001,0.6247837399769469,0.09935767543608379,0.5928639056000522,0.051462723998505,0.9477305506685806,0.17378556377398094,0.9014480883424364,0.027202521841161776,0.8687204479088372,0.03230982188348073,0.8687190895955791,0.03213260522855243,0.8687300995176622,0.032498931048512376,0.39371288708149005,0.10157443242011968,0.1396706141474087,0.0270229532522992,0.09842822177037251,0.02539360810502992,0.25,0.0,1.267152534905198,0.0466768380115378,0.7106609456748731,0.083397806852948,0.6311132102609806,0.11181784581844384,0.6522505781823043,0.13696606872333408,0.6402258330557401,0.10048351633269842,1.1008347766749065,0.27221839247284696,15,"buffer_size_3,avg_p_latency_3,avg_p_latency_1,buffer_size_1,python_gc_objects_collected_total_1,buffer_size_2,avg_p_latency_2,data_quality_1,process_open_fds_2,python_gc_objects_collected_total_4,rps,data_quality_2,cores_1,python_gc_objects_collected_total_5,throughput_3",,,2.172125728800893,1.0396347673609854,122.41303508263081,287.2,835.0,0.6975262954607077,1.0,,,False,30,,,,0.6786791491469089,,,0.5853428183283328,,,0.6247837399769469,,,0.5928639056000522,,,0.9477305506685806
throughput_3,16,12,mrmr,fixed,aic,5,5,0.648021358628451,0.07177171423972276,0.5437818923587889,0.06711383413929851,0.5510740886433062,0.06251115960466554,0.5637205167592251,0.06164376525150794,0.9628300576167108,0.1414759956187709,0.9014480883424364,0.027202521841161776,0.8687204479088372,0.03230982188348073,0.8687190895955791,0.03213260522855243,0.8687300995176622,0.032498931048512376,0.39371288708149005,0.10157443242011968,0.1396706141474087,0.0270229532522992,0.09842822177037251,0.02539360810502992,0.25,0.0,1.267152534905198,0.0466768380115378,0.7115484071326487,0.03495233498300687,0.6338516803579721,0.06287272402075621,0.635683949873914,0.055825750719895026,0.6502023766787159,0.0724956115243087,1.1564640475376229,0.2867945160266985,15,"buffer_size_3,avg_p_latency_3,avg_p_latency_1,buffer_size_1,python_gc_objects_collected_total_1,buffer_size_2,avg_p_latency_2,data_quality_1,process_open_fds_2,python_gc_objects_collected_total_4,rps,data_quality_2,cores_1,python_gc_objects_collected_total_5,throughput_3",,,2.046300940774381,0.9071003716439009,119.87484394572675,200.8,921.4,0.6613122728295822,2.0,,,False,30,,,,0.648021358628451,,,0.5437818923587889,,,0.5510740886433062,,,0.5637205167592251,,,0.9628300576167108
throughput_3,16,14,mrmr,fixed,aic,5,5,0.6891805277117726,0.04504243716107005,0.5829345933881079,0.07395225024449249,0.5992822000666858,0.08310540607651026,0.5858652429103651,0.0670766603750332,0.96041901475893,0.10101886699014029,0.9014480883424364,0.027202521841161776,0.8687204479088372,0.03230982188348073,0.8687190895955791,0.03213260522855243,0.8687300995176622,0.032498931048512376,0.39371288708149005,0.10157443242011968,0.1396706141474087,0.0270229532522992,0.09842822177037251,0.02539360810502992,0.25,0.0,1.267152534905198,0.0466768380115378,0.7282588579776463,0.05918634997316927,0.6340614173151388,0.08282754352987473,0.638594748439596,0.08472184138197175,0.6440471082536992,0.08311557127151302,1.0902448544074432,0.38510762799122766,15,"buffer_size_3,avg_p_latency_3,avg_p_latency_1,buffer_size_1,python_gc_objects_collected_total_1,buffer_size_2,avg_p_latency_2,data_quality_1,process_open_fds_2,python_gc_objects_collected_total_4,rps,data_quality_2,cores_1,python_gc_objects_collected_total_5,throughput_3",,,1.7633139519020915,0.9772378340363502,119.48839134350419,147.6,974.6,0.6789973937622676,2.0,,,False,30,,,,0.6891805277117726,,,0.5829345933881079,,,0.5992822000666858,,,0.5858652429103651,,,0.96041901475893
throughput_3,16,16,mrmr,fixed,aic,5,5,0.6553265619370067,0.07926087003865748,0.5522142702771871,0.08539224799047465,0.5623428706249156,0.08785480903682423,0.5605976965680143,0.06968062540821171,0.9674125437774543,0.12919918026270277,0.9014480883424364,0.027202521841161776,0.8687204479088372,0.03230982188348073,0.8687190895955791,0.03213260522855243,0.8687300995176622,0.032498931048512376,0.39371288708149005,0.10157443242011968,0.1396706141474087,0.0270229532522992,0.09842822177037251,0.02539360810502992,0.25,0.0,1.267152534905198,0.0466768380115378,0.707807315813324,0.04036664272628441,0.6427669677916474,0.060138350692765005,0.6445263250317568,0.049864903418324724,0.6564592071880833,0.07446660477778587,1.2250429348725504,0.15965716368167857,15,"buffer_size_3,avg_p_latency_3,avg_p_latency_1,buffer_size_1,python_gc_objects_collected_total_1,buffer_size_2,avg_p_latency_2,data_quality_1,process_open_fds_2,python_gc_objects_collected_total_4,rps,data_quality_2,cores_1,python_gc_objects_collected_total_5,throughput_3",,,1.6228841979056596,0.7909632036462426,116.42862221319228,127.0,995.2,0.6876253315780106,2.0,,,False,30,,,,0.6553265619370067,,,0.5522142702771871,,,0.5623428706249156,,,0.5605976965680143,,,0.9674125437774543
throughput_3,16,18,mrmr,fixed,aic,5,5,0.6564038583943252,0.10251945550909267,0.5527587809662566,0.09405385215115365,0.5714017584506254,0.094613828024486,0.562971475890517,0.07758446514343033,0.9399716425033778,0.20868242939860962,0.9014480883424364,0.027202521841161776,0.8687204479088372,0.03230982188348073,0.8687190895955791,0.03213260522855243,0.8687300995176622,0.032498931048512376,0.39371288708149005,0.10157443242011968,0.1396706141474087,0.0270229532522992,0.09842822177037251,0.02539360810502992,0.25,0.0,1.267152534905198,0.0466768380115378,0.7083427081121678,0.04541492342580079,0.6495340052544761,0.03706012642631032,0.6452390516288622,0.040231611998124736,0.6686008654607898,0.03278811904038973,1.0824641393660746,0.47598205492867984,15,"buffer_size_3,avg_p_latency_3,avg_p_latency_1,buffer_size_1,python_gc_objects_collected_total_1,buffer_size_2,avg_p_latency_2,data_quality_1,process_open_fds_2,python_gc_objects_collected_total_4,rps,data_quality_2,cores_1,python_gc_objects_collected_total_5,throughput_3",,,1.7093064116314054,0.7916985616087914,117.52819596696645,104.8,1017.4,0.6735913154091631,2.0,,,False,30,,,,0.6564038583943252,,,0.5527587809662566,,,0.5714017584506254,,,0.562971475890517,,,0.9399716425033778
throughput_3,16,20,mrmr,fixed,aic,5,5,0.665494926214637,0.09549752548123794,0.5818372131506266,0.09069377549568972,0.5995485259536238,0.09971385216221755,0.5882513957289588,0.08031716103928924,0.958891581597039,0.1988213472898691,0.9014480883424364,0.027202521841161776,0.8687204479088372,0.03230982188348073,0.8687190895955791,0.03213260522855243,0.8687300995176622,0.032498931048512376,0.39371288708149005,0.10157443242011968,0.1396706141474087,0.0270229532522992,0.09842822177037251,0.02539360810502992,0.25,0.0,1.267152534905198,0.0466768380115378,0.7243664498055856,0.05623238838805987,0.674519213414431,0.029611107198434305,0.6812054328402513,0.04500920839506615,0.6864813324573958,0.02368000257193286,0.9765983616629503,0.3690524925366006,15,"buffer_size_3,avg_p_latency_3,avg_p_latency_1,buffer_size_1,python_gc_objects_collected_total_1,buffer_size_2,avg_p_latency_2,data_quality_1,process_open_fds_2,python_gc_objects_collected_total_4,rps,data_quality_2,cores_1,python_gc_objects_collected_total_5,throughput_3",,,1.6483748694881797,0.8291255511343479,118.33158740773797,93.8,1028.4,0.6910473782024926,1.0,,,False,30,,,,0.665494926214637,,,0.5818372131506266,,,0.5995485259536238,,,0.5882513957289588,,,0.958891581597039
throughput_3,16,10,mrmr,decision_tree,bic,5,0,,0.0,,0.0,,0.0,,0.0,,0.0,,0.0,,0.0,,0.0,,0.0,,0.0,,0.0,,0.0,,0.0,,0.0,,0.0,,0.0,,0.0,,0.0,,0.0,0,,,,,,93.37686500139534,,,,,,,False,30,"Unknown label type: continuous. Maybe you are trying to fit a classifier, which expects discrete classes on a regression target with continuous values.",,,,,,,,,,,,,,,
throughput_3,16,12,mrmr,decision_tree,bic,5,0,,0.0,,0.0,,0.0,,0.0,,0.0,,0.0,,0.0,,0.0,,0.0,,0.0,,0.0,,0.0,,0.0,,0.0,,0.0,,0.0,,0.0,,0.0,,0.0,0,,,,,,93.46207695268095,,,,,,,False,30,"Unknown label type: continuous. Maybe you are trying to fit a classifier, which expects discrete classes on a regression target with continuous values.",,,,,,,,,,,,,,,
throughput_3,16,14,mrmr,decision_tree,bic,5,0,,0.0,,0.0,,0.0,,0.0,,0.0,,0.0,,0.0,,0.0,,0.0,,0.0,,0.0,,0.0,,0.0,,0.0,,0.0,,0.0,,0.0,,0.0,,0.0,0,,,,,,93.40728221833706,,,,,,,False,30,"Unknown label type: continuous. Maybe you are trying to fit a classifier, which expects discrete classes on a regression target with continuous values.",,,,,,,,,,,,,,,
throughput_3,16,16,mrmr,decision_tree,bic,5,0,,0.0,,0.0,,0.0,,0.0,,0.0,,0.0,,0.0,,0.0,,0.0,,0.0,,0.0,,0.0,,0.0,,0.0,,0.0,,0.0,,0.0,,0.0,,0.0,0,,,,,,93.40805741678923,,,,,,,False,30,"Unknown label type: continuous. Maybe you are trying to fit a classifier, which expects discrete classes on a regression target with continuous values.",,,,,,,,,,,,,,,
throughput_3,16,18,mrmr,decision_tree,bic,5,0,,0.0,,0.0,,0.0,,0.0,,0.0,,0.0,,0.0,,0.0,,0.0,,0.0,,0.0,,0.0,,0.0,,0.0,,0.0,,0.0,,0.0,,0.0,,0.0,0,,,,,,93.38044230639935,,,,,,,False,30,"Unknown label type: continuous. Maybe you are trying to fit a classifier, which expects discrete classes on a regression target with continuous values.",,,,,,,,,,,,,,,
throughput_3,16,20,mrmr,decision_tree,bic,5,0,,0.0,,0.0,,0.0,,0.0,,0.0,,0.0,,0.0,,0.0,,0.0,,0.0,,0.0,,0.0,,0.0,,0.0,,0.0,,0.0,,0.0,,0.0,,0.0,0,,,,,,93.35052356217057,,,,,,,False,30,"Unknown label type: continuous. Maybe you are trying to fit a classifier, which expects discrete classes on a regression target with continuous values.",,,,,,,,,,,,,,,
throughput_3,16,10,mrmr,decision_tree,aic,5,0,,0.0,,0.0,,0.0,,0.0,,0.0,,0.0,,0.0,,0.0,,0.0,,0.0,,0.0,,0.0,,0.0,,0.0,,0.0,,0.0,,0.0,,0.0,,0.0,0,,,,,,93.32155602239072,,,,,,,False,30,"Unknown label type: continuous. Maybe you are trying to fit a classifier, which expects discrete classes on a regression target with continuous values.",,,,,,,,,,,,,,,
throughput_3,16,12,mrmr,decision_tree,aic,5,0,,0.0,,0.0,,0.0,,0.0,,0.0,,0.0,,0.0,,0.0,,0.0,,0.0,,0.0,,0.0,,0.0,,0.0,,0.0,,0.0,,0.0,,0.0,,0.0,0,,,,,,93.31771177984774,,,,,,,False,30,"Unknown label type: continuous. Maybe you are trying to fit a classifier, which expects discrete classes on a regression target with continuous values.",,,,,,,,,,,,,,,
throughput_3,16,14,mrmr,decision_tree,aic,5,0,,0.0,,0.0,,0.0,,0.0,,0.0,,0.0,,0.0,,0.0,,0.0,,0.0,,0.0,,0.0,,0.0,,0.0,,0.0,,0.0,,0.0,,0.0,,0.0,0,,,,,,93.34110265597701,,,,,,,False,30,"Unknown label type: continuous. Maybe you are trying to fit a classifier, which expects discrete classes on a regression target with continuous values.",,,,,,,,,,,,,,,
throughput_3,16,16,mrmr,decision_tree,aic,5,0,,0.0,,0.0,,0.0,,0.0,,0.0,,0.0,,0.0,,0.0,,0.0,,0.0,,0.0,,0.0,,0.0,,0.0,,0.0,,0.0,,0.0,,0.0,,0.0,0,,,,,,93.361369012855,,,,,,,False,30,"Unknown label type: continuous. Maybe you are trying to fit a classifier, which expects discrete classes on a regression target with continuous values.",,,,,,,,,,,,,,,
throughput_3,16,18,mrmr,decision_tree,aic,5,0,,0.0,,0.0,,0.0,,0.0,,0.0,,0.0,,0.0,,0.0,,0.0,,0.0,,0.0,,0.0,,0.0,,0.0,,0.0,,0.0,,0.0,,0.0,,0.0,0,,,,,,93.34810560382903,,,,,,,False,30,"Unknown label type: continuous. Maybe you are trying to fit a classifier, which expects discrete classes on a regression target with continuous values.",,,,,,,,,,,,,,,
throughput_3,16,20,mrmr,decision_tree,aic,5,0,,0.0,,0.0,,0.0,,0.0,,0.0,,0.0,,0.0,,0.0,,0.0,,0.0,,0.0,,0.0,,0.0,,0.0,,0.0,,0.0,,0.0,,0.0,,0.0,0,,,,,,93.35205224063247,,,,,,,False,30,"Unknown label type: continuous. Maybe you are trying to fit a classifier, which expects discrete classes on a regression target with continuous values.",,,,,,,,,,,,,,,
throughput_3,16,10,mrmr,gmm,bic,5,5,0.5883332301592215,0.1010475892792554,0.524229116793353,0.05371886386840306,0.5406353337298457,0.05560393033695868,0.5437988141025122,0.06328492809180959,1.4458259269263567,0.2618664223011227,0.8362204624422425,0.02873619654550135,0.7974233277142655,0.032251434224201604,0.7972143302186835,0.032522952099967244,0.7976509099968723,0.03197883534206169,0.10337585694036378,0.06535745277056243,0.018233256489532064,0.01065859418996251,0.010337585694036379,0.006535745277056242,0.1,0.0,2.2781810517198005,0.05804169167165739,0.7567576046621436,0.11224913933924477,0.6928667042860386,0.10714206080497078,0.7019507211006996,0.10900727604247627,0.7139890009478834,0.1132680211873004,1.1873031014313253,0.46948733933267334,17,"throughput_2,buffer_size_3,throughput_1,avg_p_latency_3,avg_p_latency_1,buffer_size_1,python_gc_objects_collected_total_1,buffer_size_2,avg_p_latency_2,data_quality_1,process_open_fds_2,python_gc_objects_collected_total_4,rps,data_quality_2,cores_1,python_gc_objects_collected_total_5,throughput_3",,,1.2633960576727987,0.6040049051865936,122.94288132060319,454.4,667.8,0.5900570235564864,3.0,,,False,30,,0.5560708441070916,0.6237808391388613,0.5883332301592215,0.466587744025312,0.5501315176461403,0.524229116793353,0.5004255151186249,0.5741575713456107,0.5406353337298457,0.48249266261132995,0.5693584944873429,0.5437988141025122,1.6717811351048582,1.3253252766121515,1.4458259269263567
throughput_3,16,12,mrmr,gmm,bic,5,5,0.6050847376917253,0.13407014364925282,0.5210295331142216,0.09014966123585144,0.540875373517774,0.08708265621313754,0.5398919323738116,0.07975947292235479,1.4782222347304252,0.30769562300441644,0.8239257590836869,0.03376640983239505,0.776326610238345,0.039044257648456766,0.7761321735098449,0.0391605515043985,0.776540029246691,0.03893943753177432,0.08662022244338519,0.062354108077986914,0.012995110533127002,0.008230311473279303,0.007265615954979339,0.005144477572459829,0.08484848484848484,0.0033879817840905936,2.438185697412202,0.04259672161737861,0.7729716411619866,0.062335150017699126,0.6651162683565988,0.04834018224045925,0.6722020579169895,0.03296885783248112,0.6894721934226529,0.04292925504879833,1.0416135889761498,0.24558513603427343,17,"throughput_2,buffer_size_3,throughput_1,avg_p_latency_3,avg_p_latency_1,buffer_size_1,python_gc_objects_collected_total_1,buffer_size_2,avg_p_latency_2,data_quality_1,process_open_fds_2,python_gc_objects_collected_total_4,rps,data_quality_2,cores_1,python_gc_objects_collected_total_5,throughput_3",,,1.3339873587712645,0.730850332044065,126.72316985856742,310.8,811.4,0.6097492177105962,1.0,,,False,30,,0.4961817642138212,0.6270036809348527,0.6050847376917253,0.4206463008626706,0.5316239689909399,0.5210295331142216,0.47390922161099913,0.5425241426798122,0.540875373517774,0.43255282540287043,0.5507533529777267,0.5398919323738116,2.0238889194019576,1.453393438208851,1.4782222347304252
throughput_3,16,14,mrmr,gmm,bic,5,5,0.5430437632836669,0.12775198737727012,0.4565470702674429,0.07265495702657286,0.4811168731112006,0.07786607667138701,0.46899120466163813,0.06766834941655146,1.7427771128871274,0.319388196352699,0.8182194370502998,0.025366281916672808,0.7459148919771363,0.04810232835863551,0.7457697934710376,0.04812087549100289,0.7460799529694221,0.048097620410942656,0.0928514626120828,0.06377435205238283,0.011835705486765956,0.007354859479577523,0.006654773822549214,0.004523532970942733,0.07252747252747252,0.0024572175576920803,2.5747496091462745,0.05104889451896525,0.7200744383847282,0.055598355401657466,0.620996028226358,0.05908762112097639,0.638418814499489,0.08552244901300682,0.6662865209174862,0.040320982418891385,1.1662052046630378,0.23166594138927196,17,"throughput_2,buffer_size_3,throughput_1,avg_p_latency_3,avg_p_latency_1,buffer_size_1,python_gc_objects_collected_total_1,buffer_size_2,avg_p_latency_2,data_quality_1,process_open_fds_2,python_gc_objects_collected_total_4,rps,data_quality_2,cores_1,python_gc_objects_collected_total_5,throughput_3",,,1.349373851902783,0.7353470554575324,128.19734659045935,262.8,859.4,0.5260793844400982,3.0,,,False,30,,0.5195448275643132,0.5817178648355642,0.5430437632836669,0.4106139426430505,0.46977493816536386,0.4565470702674429,0.4849454900779574,0.4887462138281136,0.4811168731112006,0.42300227485118275,0.4857294428146665,0.46899120466163813,2.0984304586916167,1.5072516610203865,1.7427771128871274
throughput_3,16,16,mrmr,gmm,bic,5,5,0.5380566441747103,0.1026552454460301,0.43555095166546176,0.05405435572649951,0.45832294961341324,0.05527401017019299,0.47286070958233334,0.05350276203620578,1.695736929558167,0.28152802499117674,0.8087718629911287,0.022049777812777952,0.7159320428728471,0.020454364185574902,0.715857788450206,0.02039542402116844,0.7160253781205859,0.02053309480977624,0.08892814796120019,0.06736673648150326,0.009868146035593921,0.006878579748831209,0.005558009247575012,0.004210421030093954,0.0625,0.0,2.678372848445568,0.0556853305473535,0.7571194975329807,0.06236377827706534,0.6304173874044533,0.06933167287322141,0.6312053482529858,0.051171790430798815,0.6779095308178839,0.06984474793796246,1.2074506302347832,0.25546815685425656,17,"throughput_2,buffer_size_3,throughput_1,avg_p_latency_3,avg_p_latency_1,buffer_size_1,python_gc_objects_collected_total_1,buffer_size_2,avg_p_latency_2,data_quality_1,process_open_fds_2,python_gc_objects_collected_total_4,rps,data_quality_2,cores_1,python_gc_objects_collected_total_5,throughput_3",,,1.3459865100681783,0.7129288772121072,128.0456492723897,259.6,862.6,0.5040195146461863,1.0,,,False,30,,0.5109939159019878,0.5081312311211217,0.5380566441747103,0.40540939331561665,0.41657734860780665,0.43555095166546176,0.4500836465158601,0.45110519374488767,0.45832294961341324,0.4166032341401049,0.4405118215075564,0.47286070958233334,2.118640829551689,1.8884058193368425,1.695736929558167
throughput_3,16,18,mrmr,gmm,bic,5,4,0.5627034712533115,0.07781278353132967,0.43853248085070873,0.024842164028051467,0.450506804978848,0.01284420813117191,0.4721107234442374,0.02244433732209419,1.668871619958266,0.21705240074123114,0.8015237625852574,0.035025699304657446,0.6846945695889605,0.04393626361275971,0.6845934153543068,0.04412339290971517,0.6848153982413201,0.04375847857244615,0.10870920455934335,0.06660260833254893,0.011211431539637759,0.006909039100636379,0.006387550877182771,0.00434880147972872,0.057291666666666664,0.0034722222222222238,2.787904782346921,0.09551801799189871,0.7427003482664317,0.10781735098448138,0.6026596605379481,0.09585313792283152,0.6125640917601343,0.1041881062008342,0.6347350692225228,0.07340461046193282,1.3491104712843136,0.42258866429148007,17,"throughput_2,buffer_size_3,throughput_1,avg_p_latency_3,avg_p_latency_1,buffer_size_1,python_gc_objects_collected_total_1,buffer_size_2,avg_p_latency_2,data_quality_1,process_open_fds_2,python_gc_objects_collected_total_4,rps,data_quality_2,cores_1,python_gc_objects_collected_total_5,throughput_3",,,1.3930499518755823,0.8092824125196785,125.96677897125483,213.0,909.25,0.4714273352368914,3.0,,,False,30,,0.46273013779299466,0.528425658290516,0.5627034712533115,0.3452098496186977,0.4026836021030878,0.43853248085070873,0.3916836597655333,0.42513420368857807,0.450506804978848,0.35398316899544435,0.42008247008187405,0.4721107234442374,2.54696334984958,1.8424013178863818,1.668871619958266
throughput_3,16,20,mrmr,gmm,bic,5,5,0.5307476313604856,0.10662953148242012,0.3933705756142176,0.05838627872545761,0.4159421223731957,0.0549276139332818,0.4245939220370499,0.05975665947373037,1.783153947261053,0.22377103506428148,0.7886383080715489,0.03325190318664243,0.6479406381532499,0.03794179925664737,0.6478908535749706,0.03778539355253271,0.6480058896957838,0.03811550231541933,0.11281406596476524,0.0553538359642455,0.010335568884651727,0.0050951694106149085,0.0058635196975252496,0.0032173832161339487,0.05111111111111111,0.0024845199749997634,2.863254789922302,0.09102466936196213,0.7523174453278743,0.0779583102611067,0.6102668870344544,0.05128897528676631,0.622508731292282,0.0489556632918719,0.6404652610416125,0.041246491673600304,1.3607888550596283,0.37995024752308987,17,"throughput_2,buffer_size_3,throughput_1,avg_p_latency_3,avg_p_latency_1,buffer_size_1,python_gc_objects_collected_total_1,buffer_size_2,avg_p_latency_2,data_quality_1,process_open_fds_2,python_gc_objects_collected_total_4,rps,data_quality_2,cores_1,python_gc_objects_collected_total_5,throughput_3",,,1.3827317610383034,0.7555984823033214,129.0281701637432,202.2,920.0,0.4674551138364795,3.0,,,False,30,,0.38857973692188763,0.520252125783528,0.5307476313604856,0.2686380293602509,0.37238982637512563,0.3933705756142176,0.3005947988951155,0.38611988924925644,0.4159421223731957,0.29218343087010523,0.3894045059389922,0.4245939220370499,2.646683208522499,1.8283695555813075,1.783153947261053
throughput_3,16,10,mrmr,gmm,aic,5,5,0.5886608476467572,0.10212473354084256,0.5222039949287645,0.08451919798734642,0.5483015677909179,0.08477171577741548,0.5376995329076654,0.0668651101786126,1.456904261316582,0.2190913877505349,0.8362204624422425,0.02873619654550135,0.7974233277142655,0.032251434224201604,0.7972143302186835,0.032522952099967244,0.7976509099968723,0.03197883534206169,0.10337585694036378,0.06535745277056243,0.018233256489532064,0.01065859418996251,0.010337585694036379,0.006535745277056242,0.1,0.0,2.2781810517198005,0.05804169167165739,0.7772311709547697,0.10999469098287858,0.7133903344247428,0.1111977439273569,0.7174161804527318,0.11400533894293773,0.7352882964441557,0.12063554539939976,1.1639372137439867,0.5235756850238584,17,"throughput_2,buffer_size_3,throughput_1,avg_p_latency_3,avg_p_latency_1,buffer_size_1,python_gc_objects_collected_total_1,buffer_size_2,avg_p_latency_2,data_quality_1,process_open_fds_2,python_gc_objects_collected_total_4,rps,data_quality_2,cores_1,python_gc_objects_collected_total_5,throughput_3",,,1.6449800064787268,0.9159686122089624,132.08244302216917,380.0,742.2,0.6103638973797045,5.0,,,False,30,,0.4876257732106038,0.5847575329006369,0.5886608476467572,0.4314095438871889,0.5132901308184752,0.5222039949287645,0.45895705541617743,0.5543513967248407,0.5483015677909179,0.4471487362314953,0.5215325612538382,0.5376995329076654,1.917318869552414,1.5395500209537176,1.456904261316582
throughput_3,16,12,mrmr,gmm,aic,5,5,0.5763907473456475,0.1264763498177378,0.48386769279470165,0.08756142112594553,0.5114849410854967,0.07888371434262484,0.5018626396090003,0.08389065700556653,1.5208377978491876,0.360149636698067,0.8239257590836869,0.03376640983239505,0.776326610238345,0.039044257648456766,0.7761321735098449,0.0391605515043985,0.776540029246691,0.03893943753177432,0.08662022244338519,0.062354108077986914,0.012995110533127002,0.008230311473279303,0.007265615954979339,0.005144477572459829,0.08484848484848484,0.0033879817840905936,2.438185697412202,0.04259672161737861,0.7719030748218263,0.06451881777423792,0.6663037744169322,0.05205704942452296,0.6721344732568338,0.041877837328557495,0.6914992272851441,0.04481223683998403,1.0810152231887131,0.3838525677815002,17,"throughput_2,buffer_size_3,throughput_1,avg_p_latency_3,avg_p_latency_1,buffer_size_1,python_gc_objects_collected_total_1,buffer_size_2,avg_p_latency_2,data_quality_1,process_open_fds_2,python_gc_objects_collected_total_4,rps,data_quality_2,cores_1,python_gc_objects_collected_total_5,throughput_3",,,1.553456987813115,0.8062976043671369,129.68913631979376,310.8,811.4,0.586019069046455,3.0,,,False,30,,0.4416640873138699,0.600091904324265,0.5763907473456475,0.38174172238815995,0.5130442144686421,0.48386769279470165,0.41153284879400126,0.5299937913160366,0.5114849410854967,0.40020086505063945,0.5277403245437056,0.5018626396090003,2.3319895378621944,1.5261053440868169,1.5208377978491876
throughput_3,16,14,mrmr,gmm,aic,5,5,0.5410826615111357,0.13143378105237252,0.4520765323244258,0.07346209290879338,0.4773284969064198,0.0777669402313604,0.466956640129261,0.0680814312882105,1.8263317373517745,0.3682187894262985,0.8182194370502998,0.025366281916672808,0.7459148919771363,0.04810232835863551,0.7457697934710376,0.04812087549100289,0.7460799529694221,0.048097620410942656,0.0928514626120828,0.06377435205238283,0.011835705486765956,0.007354859479577523,0.006654773822549214,0.004523532970942733,0.07252747252747252,0.0024572175576920803,2.5747496091462745,0.05104889451896525,0.7223887147732782,0.05598618100058025,0.6238820461277022,0.06199694801239289,0.6290305874796612,0.07295081010844558,0.669577914680416,0.04308589670566798,1.263879327832568,0.31572888798733295,17,"throughput_2,buffer_size_3,throughput_1,avg_p_latency_3,avg_p_latency_1,buffer_size_1,python_gc_objects_collected_total_1,buffer_size_2,avg_p_latency_2,data_quality_1,process_open_fds_2,python_gc_objects_collected_total_4,rps,data_quality_2,cores_1,python_gc_objects_collected_total_5,throughput_3",,,1.6670915635302663,0.7871785268187523,131.6949313748628,262.8,859.4,0.5266655477952576,1.0,,,False,30,,0.509381383898172,0.5580405172673781,0.5410826615111357,0.44057836512914755,0.4276318353412599,0.4520765323244258,0.5018125685918756,0.4550578611554236,0.4773284969064198,0.44500731654835857,0.44516245816520295,0.466956640129261,2.021324946377367,1.685866212494797,1.8263317373517745
throughput_3,16,16,mrmr,gmm,aic,5,5,0.5375168054755296,0.09307931284362064,0.4211896472305378,0.029151312213990456,0.44806417161591144,0.03319202722454205,0.45085507323906526,0.04506087009281105,1.775865181148554,0.3376362112729514,0.8087718629911287,0.022049777812777952,0.7159320428728471,0.020454364185574902,0.715857788450206,0.02039542402116844,0.7160253781205859,0.02053309480977624,0.08892814796120019,0.06736673648150326,0.009868146035593921,0.006878579748831209,0.005558009247575012,0.004210421030093954,0.0625,0.0,2.678372848445568,0.0556853305473535,0.7576529884682298,0.06343185895738498,0.6197730418406929,0.07178129446352154,0.6182452709583754,0.05710025098930087,0.6682355227788055,0.07601997316589096,1.3163244331974073,0.3507410963666454,17,"throughput_2,buffer_size_3,throughput_1,avg_p_latency_3,avg_p_latency_1,buffer_size_1,python_gc_objects_collected_total_1,buffer_size_2,avg_p_latency_2,data_quality_1,process_open_fds_2,python_gc_objects_collected_total_4,rps,data_quality_2,cores_1,python_gc_objects_collected_total_5,throughput_3",,,1.4660135019570588,0.7797403000295162,132.83963123429567,238.6,883.6,0.46463579931192883,1.0,,,False,30,,0.5240032190322903,0.5680090412267879,0.5375168054755296,0.4392998731129765,0.4642768630124241,0.4211896472305378,0.48126057326460714,0.48682191635365646,0.44806417161591144,0.4483109211186587,0.4908157410854561,0.45085507323906526,1.9022963502351622,1.6219210559362622,1.775865181148554
throughput_3,16,18,mrmr,gmm,aic,5,4,0.4811465183499126,0.0983923250540088,0.3697493808793433,0.0857086024058717,0.4047459969696917,0.08366458733548307,0.4002458606900772,0.0813952010942112,1.988176812214268,0.47143551573693554,0.8015237625852574,0.035025699304657446,0.6846945695889605,0.04393626361275971,0.6845934153543068,0.04412339290971517,0.6848153982413201,0.04375847857244615,0.10870920455934335,0.06660260833254893,0.011211431539637759,0.006909039100636379,0.006387550877182771,0.00434880147972872,0.057291666666666664,0.0034722222222222238,2.787904782346921,0.09551801799189871,0.7427003482664317,0.10781735098448138,0.6026596605379481,0.09585313792283152,0.6125640917601343,0.1041881062008342,0.6347350692225228,0.07340461046193282,1.3491104712843134,0.4225886642914801,17,"throughput_2,buffer_size_3,throughput_1,avg_p_latency_3,avg_p_latency_1,buffer_size_1,python_gc_objects_collected_total_1,buffer_size_2,avg_p_latency_2,data_quality_1,process_open_fds_2,python_gc_objects_collected_total_4,rps,data_quality_2,cores_1,python_gc_objects_collected_total_5,throughput_3",,,1.5107058649882674,0.9080625281203538,129.8541852608323,201.0,921.25,0.45177894727550505,5.0,,,False,30,,0.28980516759443997,0.5021152677050744,0.4811465183499126,0.25477630479101127,0.3884659082684826,0.3697493808793433,0.29377768527286136,0.41148786710741087,0.4047459969696917,0.27525455848727554,0.4225065771817934,0.4002458606900772,2.6381993544593327,1.9395218316001417,1.988176812214268
throughput_3,16,20,mrmr,gmm,aic,5,5,0.5245159150035794,0.11047961998181778,0.3655756580855175,0.05801381685869693,0.39638166482243387,0.057493732412963794,0.38922958248729805,0.05909599991768755,2.077893960909517,0.48660155289282864,0.7886383080715489,0.03325190318664243,0.6479406381532499,0.03794179925664737,0.6478908535749706,0.03778539355253271,0.6480058896957838,0.03811550231541933,0.11281406596476524,0.0553538359642455,0.010335568884651727,0.0050951694106149085,0.0058635196975252496,0.0032173832161339487,0.05111111111111111,0.0024845199749997634,2.863254789922302,0.09102466936196213,0.7533860116680345,0.0786199075443774,0.6122476049308887,0.053240523991386214,0.6263997115934454,0.053389991850901146,0.6418518960282474,0.04226652445198648,1.3501347610034398,0.38698986067536517,17,"throughput_2,buffer_size_3,throughput_1,avg_p_latency_3,avg_p_latency_1,buffer_size_1,python_gc_objects_collected_total_1,buffer_size_2,avg_p_latency_2,data_quality_1,process_open_fds_2,python_gc_objects_collected_total_4,rps,data_quality_2,cores_1,python_gc_objects_collected_total_5,throughput_3",,,1.4420671477913856,0.981841098703444,135.01906543970108,173.6,948.6,0.4327561155104009,1.0,,,False,30,,0.4272279655811162,0.5278960576378209,0.5245159150035794,0.32899087233579183,0.383109760002354,0.3655756580855175,0.37464250444574543,0.39887936794387135,0.39638166482243387,0.353871319773482,0.39400414650666404,0.38922958248729805,2.4577170054343043,1.806739301776797,2.077893960909517
throughput_3,20,10,markov,classic_uniform,bic,5,5,0.6608297103347127,0.09056266829793325,0.5211277441804889,0.16660848093776062,0.5431288060885933,0.16163263648095721,0.538482359806202,0.15579869125456924,1.189766054580348,0.19914656002598377,0.84013742791701,0.009229171725588358,0.7423261662874467,0.054108708622897066,0.742176680683933,0.05453911088740914,0.7425050960111026,0.05367658619948395,0.2960368442689955,0.09053872269343984,0.04752473461742217,0.013456737490103362,0.031239156797666045,0.010394466140289058,0.10500000000000001,0.011180339887498947,1.9647219631547401,0.10254477174422971,0.8119591016690804,0.050935283784767804,0.703762599118023,0.11157143921598645,0.7075207045832776,0.11633611183380527,0.7196564676511091,0.09866527027186728,0.8771154432244922,0.19084924116629065,21,"throughput_2,throughput_1,buffer_size_3,python_gc_objects_collected_total_1,python_gc_objects_collected_total_2,python_gc_objects_collected_total_3,python_gc_collections_total_1,python_gc_collections_total_4,python_gc_collections_total_7,python_gc_objects_collected_total_5,avg_p_latency_1,python_gc_objects_collected_total_6,process_cpu_seconds_total_3,process_cpu_seconds_total_1,process_cpu_seconds_total_2,python_gc_collections_total_6,python_gc_collections_total_3,python_gc_collections_total_5,python_gc_collections_total_2,python_gc_objects_collected_total_8,throughput_3",1.0,padded,2.1568046590313315,0.6089058404788374,51.80386880598962,846.6,275.6,0.716463235154995,3.0,,,False,30,,0.4279541525992734,0.6738417118648641,0.6608297103347127,0.3154310993296005,0.5081640565482163,0.5211277441804889,0.3308119525267985,0.5186716241896244,0.5431288060885933,0.3451898857522949,0.5251140163479245,0.538482359806202,2.0686262943308855,1.120448713528021,1.189766054580348
throughput_3,20,12,markov,classic_uniform,bic,5,5,0.7034437931247947,0.05684243401500621,0.5386628286189907,0.07458977492276565,0.5453717428657423,0.06791214723535251,0.5516907584854339,0.07011128878693672,1.2141131112123418,0.12549061327932015,0.8278519308638213,0.04472689587866569,0.692593490145958,0.02639677341794929,0.6923654466388766,0.026694441967247608,0.6928722198014307,0.026146382411857245,0.21405755210689473,0.10227875305879253,0.029104783274363288,0.011270807777793716,0.018124414655264508,0.008459175558584017,0.08484848484848484,0.0033879817840905936,2.1761885919300097,0.05295867424122732,0.826567278166325,0.04437207833507364,0.701035355355154,0.07075706879598678,0.7045032052997372,0.08193755501253218,0.7166360190691667,0.05199706518016884,0.9192092481675651,0.12596908399226334,21,"throughput_2,throughput_1,buffer_size_3,python_gc_objects_collected_total_1,python_gc_objects_collected_total_2,python_gc_objects_collected_total_3,python_gc_collections_total_1,python_gc_collections_total_4,python_gc_collections_total_7,python_gc_objects_collected_total_5,avg_p_latency_1,python_gc_objects_collected_total_6,process_cpu_seconds_total_3,process_cpu_seconds_total_1,process_cpu_seconds_total_2,python_gc_collections_total_6,python_gc_collections_total_3,python_gc_collections_total_5,python_gc_collections_total_2,python_gc_objects_collected_total_8,throughput_3",1.0,padded,2.2036377606913446,0.5914539771154523,52.35746773984283,807.0,315.2,0.6275049235410293,3.0,,,False,30,,0.4603928870179983,0.6567571900451268,0.7034437931247947,0.35358803951160006,0.48524897369236636,0.5386628286189907,0.3779306580789465,0.5070409723782078,0.5453717428657423,0.366917858112031,0.4904176014355854,0.5516907584854339,2.0600766327012905,1.2002854752626955,1.2141131112123418
throughput_3,20,14,markov,classic_uniform,bic,5,4,0.6624992261941609,0.06295883225458583,0.5140186347283898,0.09335211952685553,0.5171541342990313,0.09029979911631784,0.5293406246618574,0.09084126092978513,1.3629552563841443,0.2130025242650794,0.8302573559173527,0.017824663990775157,0.6829446111384049,0.027110041397601738,0.6825598573075555,0.027962249198730235,0.6833928987794491,0.0261951465949613,0.1577254394026695,0.06328294406626199,0.02050470618575204,0.007486888966926847,0.012043919768763935,0.005128337122050172,0.07577838827838827,0.005663606628595688,2.350130885581033,0.06648129147428306,0.7972320503354322,0.05667005729366441,0.6831424079393319,0.09501852872905507,0.683422845816491,0.10087453283289548,0.7128113144176889,0.07952039012518634,1.0596090758025793,0.22223276668252415,21,"throughput_2,throughput_1,buffer_size_3,python_gc_objects_collected_total_1,python_gc_objects_collected_total_2,python_gc_objects_collected_total_3,python_gc_collections_total_1,python_gc_collections_total_4,python_gc_collections_total_7,python_gc_objects_collected_total_5,avg_p_latency_1,python_gc_objects_collected_total_6,process_cpu_seconds_total_3,process_cpu_seconds_total_1,process_cpu_seconds_total_2,python_gc_collections_total_6,python_gc_collections_total_3,python_gc_collections_total_5,python_gc_collections_total_2,python_gc_objects_collected_total_8,throughput_3",1.0,padded,2.2709336343687028,0.5911242866422981,50.55584509763867,796.5,325.75,0.6184929273426388,3.0,,,False,30,,0.3493273047906121,0.6776487572281401,0.6624992261941609,0.26902878299954675,0.518857558414197,0.5140186347283898,0.30171226896292047,0.5264430422320526,0.5171541342990313,0.2838118714697155,0.5397291539764084,0.5293406246618574,2.7406980333761504,1.3778190450346108,1.3629552563841443
throughput_3,20,16,markov,classic_uniform,bic,5,4,0.5851870943471698,0.11180460476881846,0.41585237394302144,0.12249679058262064,0.41316943001915996,0.12443663529839309,0.438603458261204,0.11377949777792258,1.5449378080396734,0.2679700327943709,0.7943910584552772,0.015757815702324086,0.6001430801945219,0.029013542334840534,0.5999964393261898,0.02914165760063824,0.6003131064904264,0.028901548782943376,0.1341080915487704,0.04135857624719841,0.015128639331391825,0.003690166749169411,0.008634413603132503,0.002460952316564712,0.06473214285714285,0.004464285714285712,2.4250513650202947,0.06616372928505773,0.7662901306553682,0.056045484433656846,0.6089354875398589,0.07453608158767616,0.6116749533477169,0.078782850273838,0.6361158674668639,0.05710182686699152,1.1585612797989975,0.2370505670600227,21,"throughput_2,throughput_1,buffer_size_3,python_gc_objects_collected_total_1,python_gc_objects_collected_total_2,python_gc_objects_collected_total_3,python_gc_collections_total_1,python_gc_collections_total_4,python_gc_collections_total_7,python_gc_objects_collected_total_5,avg_p_latency_1,python_gc_objects_collected_total_6,process_cpu_seconds_total_3,process_cpu_seconds_total_1,process_cpu_seconds_total_2,python_gc_collections_total_6,python_gc_collections_total_3,python_gc_collections_total_5,python_gc_collections_total_2,python_gc_objects_collected_total_8,throughput_3",1.0,padded,2.3529748837463558,0.701436773641035,52.503530664369464,756.25,366.0,0.51374752330761,5.0,,,False,30,,0.2969698160167491,0.6161571849657859,0.5851870943471698,0.18885800211385018,0.43236881621596657,0.41585237394302144,0.23353814241025286,0.44479150897252756,0.41316943001915996,0.1984195360572261,0.445010616676673,0.438603458261204,2.8824134076385564,1.4577318855842576,1.5449378080396734
throughput_3,20,18,markov,classic_uniform,bic,5,4,0.6613956600206665,0.05693869861104546,0.49017558223434116,0.07589915059002934,0.4879211190258705,0.07396497014623882,0.5073643749242837,0.07276759730360755,1.4357061002702332,0.20790735912719138,0.7935051499754764,0.03260765734392384,0.604895932582038,0.04621311744463643,0.6046993069625449,0.04660412079846886,0.6051285805139073,0.0458222956406796,0.1171609500272221,0.06103853896513085,0.01161543927872556,0.005234810356168133,0.006607971178973221,0.003215971129059882,0.05833333333333333,0.005555555555555557,2.5820308907755365,0.09856176235013067,0.7705277947668137,0.053997986524126386,0.642864679628109,0.08649339632519497,0.6398187781501053,0.09127913948207382,0.6693680761027967,0.0747318551496288,1.213911485874163,0.26703832878985667,21,"throughput_2,throughput_1,buffer_size_3,python_gc_objects_collected_total_1,python_gc_objects_collected_total_2,python_gc_objects_collected_total_3,python_gc_collections_total_1,python_gc_collections_total_4,python_gc_collections_total_7,python_gc_objects_collected_total_5,avg_p_latency_1,python_gc_objects_collected_total_6,process_cpu_seconds_total_3,process_cpu_seconds_total_1,process_cpu_seconds_total_2,python_gc_collections_total_6,python_gc_collections_total_3,python_gc_collections_total_5,python_gc_collections_total_2,python_gc_objects_collected_total_8,throughput_3",1.0,padded,2.392083223676309,0.6002862981986254,52.45175706874579,735.5,386.75,0.5932417792985033,3.0,,,False,30,,0.35022968144596134,0.596580690885599,0.6613956600206665,0.25917199642927496,0.4364052457457044,0.49017558223434116,0.28264354822277354,0.45972602756834635,0.4879211190258705,0.27785709526891544,0.4390567808155593,0.5073643749242837,2.620550914832227,1.5984499382242485,1.4357061002702332
throughput_3,20,20,markov,classic_uniform,bic,5,3,0.561002090466236,0.16068727936643415,0.3882671757384523,0.15263857239617387,0.4000087383995774,0.13768886795362947,0.40047654916041164,0.15236919423692247,1.670908330200166,0.4456537724424201,0.7760690557558192,0.023972896728567936,0.5831998818241857,0.04085157139472147,0.5831445168507491,0.04113146336372369,0.5832940064122625,0.04058353986684275,0.052864033980790565,0.01919590608003336,0.005251829880071265,0.0013225357494365732,0.0027731779319569373,0.0007412191648561968,0.05416666666666667,0.00721687836487032,2.655925078640986,0.0886144931411966,0.7640817100441645,0.06886392300957854,0.6239493460454815,0.10562162689417556,0.6294479072116769,0.11311835156186577,0.6461799227185194,0.09183310484536772,1.2295974728466539,0.3980344381999776,21,"throughput_2,throughput_1,buffer_size_3,python_gc_objects_collected_total_1,python_gc_objects_collected_total_2,python_gc_objects_collected_total_3,python_gc_collections_total_1,python_gc_collections_total_4,python_gc_collections_total_7,python_gc_objects_collected_total_5,avg_p_latency_1,python_gc_objects_collected_total_6,process_cpu_seconds_total_3,process_cpu_seconds_total_1,process_cpu_seconds_total_2,python_gc_collections_total_6,python_gc_collections_total_3,python_gc_collections_total_5,python_gc_collections_total_2,python_gc_objects_collected_total_8,throughput_3",1.0,padded,2.5417622104287148,0.7208926298966011,51.71493774559349,729.0,393.3333333333333,0.5243749427966165,3.0,,,False,30,,0.24979484224678294,0.5927892406861555,0.561002090466236,0.1678133902251425,0.4308535308025539,0.3882671757384523,0.20283473180929143,0.43904506154847445,0.4000087383995774,0.17628586770290408,0.45333521798678644,0.40047654916041164,3.024567183040162,1.6915087049649913,1.670908330200166
throughput_3,20,10,markov,classic_uniform,aic,5,4,0.6117026426858284,0.11252898602652715,0.5045906899881866,0.15187491080770116,0.49682392296344013,0.15703434040340927,0.5326240801021276,0.13948703722708392,1.3407879024299856,0.2789800908471494,0.8378277563757633,0.008832115458044909,0.7444400560888751,0.062240498052577316,0.744147101470184,0.0627705007787858,0.7447670728737747,0.06170459960591063,0.27735443323285763,0.0927512651941996,0.045881861054612554,0.014948293822848572,0.029779783786743876,0.011395676280448094,0.10625000000000001,0.012499999999999997,1.9755262268166767,0.11507545145508061,0.8221515988883361,0.0515703534599043,0.7176436976940104,0.10823030345424968,0.7132880328939698,0.10495315459082134,0.7394771197476626,0.11921525117251272,0.8319407036206853,0.2918149812412227,21,"avg_p_latency_3,throughput_2,throughput_1,buffer_size_3,python_gc_objects_collected_total_1,python_gc_objects_collected_total_2,python_gc_objects_collected_total_3,python_gc_collections_total_1,python_gc_collections_total_4,python_gc_collections_total_7,python_gc_objects_collected_total_5,avg_p_latency_1,python_gc_objects_collected_total_6,process_cpu_seconds_total_3,process_cpu_seconds_total_1,process_cpu_seconds_total_2,python_gc_collections_total_6,python_gc_collections_total_3,python_gc_collections_total_5,python_gc_collections_total_2,throughput_3",2.0,padded,2.254180196672678,0.7665886268950999,51.940900368615985,826.5,295.75,0.7083714626185313,3.0,,,False,30,,0.328830775409006,0.5437710217252933,0.6117026426858284,0.2836317132736884,0.40040035030952104,0.5045906899881866,0.3129595951731351,0.4226696725825332,0.49682392296344013,0.31201291134944004,0.41812001282681316,0.5326240801021276,2.594950131098943,1.4941866054836406,1.3407879024299856
throughput_3,20,12,markov,classic_uniform,aic,5,4,0.5257780518505467,0.19193925970871126,0.391190333150492,0.17093163457975938,0.39818248416550983,0.16913665754284649,0.42127424315213735,0.15971552029615876,1.643708275739285,0.5668448267107544,0.8262587638471564,0.051482091504082665,0.6866941440713192,0.026401470321095768,0.6862327844577595,0.026446058428538057,0.6872111331321538,0.026417009718279455,0.1784453804188234,0.07411531074893246,0.025430475369782844,0.008909052705023405,0.015228305009514385,0.006284414131262693,0.08522727272727272,0.003787878787878791,2.1868137240140872,0.0546522828845292,0.7531556693908982,0.1699230355560757,0.6574530682146034,0.14463972908207437,0.6513555786893052,0.14420725429279393,0.6787400446297852,0.1421457349463626,1.2411353654375963,0.738731297814141,21,"throughput_2,throughput_1,buffer_size_3,python_gc_objects_collected_total_1,python_gc_objects_collected_total_2,python_gc_objects_collected_total_3,python_gc_collections_total_1,python_gc_collections_total_4,python_gc_collections_total_7,python_gc_objects_collected_total_5,avg_p_latency_1,python_gc_objects_collected_total_6,process_cpu_seconds_total_3,process_cpu_seconds_total_1,process_cpu_seconds_total_2,python_gc_collections_total_6,python_gc_collections_total_3,python_gc_collections_total_5,python_gc_collections_total_2,python_gc_objects_collected_total_8,throughput_3",1.0,padded,2.1102221000473946,0.6489764233119786,49.12416167743504,792.5,329.75,0.6198931435672858,3.0,,,False,30,,0.3479949698652228,0.5881579135337451,0.5257780518505467,0.2641987297872336,0.42365017014966877,0.391190333150492,0.26491670835244846,0.4383754572440349,0.39818248416550983,0.29249998770543384,0.44623594532373256,0.42127424315213735,2.475119544967277,1.6015300541296025,1.643708275739285
throughput_3,20,14,markov,classic_uniform,aic,5,4,0.6642823526237176,0.06402075582736057,0.5230321706660059,0.09707318432516217,0.5238565978410998,0.09041871147453326,0.5459273985350884,0.1051106382769808,1.3519316619364956,0.18090660136858344,0.8302573559173527,0.017824663990775157,0.6829446111384049,0.027110041397601738,0.6825598573075555,0.027962249198730235,0.6833928987794491,0.0261951465949613,0.1577254394026695,0.06328294406626199,0.02050470618575204,0.007486888966926847,0.012043919768763935,0.005128337122050172,0.07577838827838827,0.005663606628595688,2.350130885581033,0.06648129147428306,0.8010171502996232,0.05734239981523297,0.6772111128239908,0.09006398913441716,0.6728368137792085,0.09319615780623357,0.7093053684447879,0.08076371324481825,1.0962653589817903,0.22812886229028387,21,"throughput_2,throughput_1,buffer_size_3,python_gc_objects_collected_total_1,python_gc_objects_collected_total_2,python_gc_objects_collected_total_3,python_gc_collections_total_1,python_gc_collections_total_4,python_gc_collections_total_7,python_gc_objects_collected_total_5,avg_p_latency_1,python_gc_objects_collected_total_6,process_cpu_seconds_total_3,process_cpu_seconds_total_1,process_cpu_seconds_total_2,python_gc_collections_total_6,python_gc_collections_total_3,python_gc_collections_total_5,python_gc_collections_total_2,python_gc_objects_collected_total_8,throughput_3",1.0,padded,2.0208010943606496,0.6377343258354813,48.486806435510516,766.25,356.0,0.6167881407222976,3.0,,,False,30,,0.39701001423802745,0.6847774931230486,0.6642823526237176,0.31293985613265596,0.529583333389002,0.5230321706660059,0.3435160345594427,0.5409661039067736,0.5238565978410998,0.33125275042994845,0.5437774203112801,0.5459273985350884,2.6181290413772262,1.2530900322226581,1.3519316619364956
throughput_3,20,16,markov,classic_uniform,aic,5,4,0.65247764693184,0.058683589035467866,0.46175594679926735,0.04951962831437613,0.46647942964161576,0.054431643673295636,0.4773565269809424,0.04035596889759295,1.3849156005276646,0.15924644399040092,0.7943910584552772,0.015757815702324086,0.6001430801945219,0.029013542334840534,0.5999964393261898,0.02914165760063824,0.6003131064904264,0.028901548782943376,0.1341080915487704,0.04135857624719841,0.015128639331391825,0.003690166749169411,0.008634413603132503,0.002460952316564712,0.06473214285714285,0.004464285714285712,2.4250513650202947,0.06616372928505773,0.7707424904060362,0.0562954609361949,0.6189150786604496,0.06595221236216914,0.6217118008041975,0.0697545929336365,0.6462974292186227,0.05818530950450756,1.1997234100532794,0.2486726811632813,21,"throughput_2,throughput_1,buffer_size_3,python_gc_objects_collected_total_1,python_gc_objects_collected_total_2,python_gc_objects_collected_total_3,python_gc_collections_total_1,python_gc_collections_total_4,python_gc_collections_total_7,python_gc_objects_collected_total_5,avg_p_latency_1,python_gc_objects_collected_total_6,process_cpu_seconds_total_3,process_cpu_seconds_total_1,process_cpu_seconds_total_2,python_gc_collections_total_6,python_gc_collections_total_3,python_gc_collections_total_5,python_gc_collections_total_2,python_gc_objects_collected_total_8,throughput_3",1.0,padded,2.1352965249679983,0.675275903660804,49.75190706178546,735.5,386.75,0.51374752330761,5.0,,,False,30,,0.3243762331290486,0.6330912313115968,0.65247764693184,0.2299421047282481,0.44615800721535404,0.46175594679926735,0.2714027648139017,0.45171618169696354,0.46647942964161576,0.23881125702263464,0.4624337505288039,0.4773565269809424,2.896811487786741,1.3278382137370481,1.3849156005276646
throughput_3,20,18,markov,classic_uniform,aic,5,4,0.6235168721418787,0.055564722428639766,0.4466940303201333,0.035659978094494164,0.45087100077735404,0.04095334606499829,0.45994159868377804,0.030314268213886417,1.5929751691696301,0.11448876007939127,0.7935051499754764,0.03260765734392384,0.604895932582038,0.04621311744463643,0.6046993069625449,0.04660412079846886,0.6051285805139073,0.0458222956406796,0.1171609500272221,0.06103853896513085,0.01161543927872556,0.005234810356168133,0.006607971178973221,0.003215971129059882,0.05833333333333333,0.005555555555555557,2.5820308907755365,0.09856176235013067,0.7727539746421475,0.05565860363349397,0.6315751960801772,0.07285902700200164,0.6276033604630123,0.07830502378670459,0.6590222639115363,0.06140116990595112,1.238858135064749,0.25244999022223635,21,"throughput_2,throughput_1,buffer_size_3,python_gc_objects_collected_total_1,python_gc_objects_collected_total_2,python_gc_objects_collected_total_3,python_gc_collections_total_1,python_gc_collections_total_4,python_gc_collections_total_7,python_gc_objects_collected_total_5,avg_p_latency_1,python_gc_objects_collected_total_6,process_cpu_seconds_total_3,process_cpu_seconds_total_1,process_cpu_seconds_total_2,python_gc_collections_total_6,python_gc_collections_total_3,python_gc_collections_total_5,python_gc_collections_total_2,python_gc_objects_collected_total_8,throughput_3",1.0,padded,2.128496585180983,0.7191590920556337,50.20986733958125,709.0,413.25,0.4949374462281735,5.0,,,False,30,,0.31034514915008343,0.6203962520813393,0.6235168721418787,0.23241835735917388,0.44162617045095653,0.4466940303201333,0.26882292403168295,0.4584772094930665,0.45087100077735404,0.248854594719096,0.4536029199312347,0.45994159868377804,2.6797811959939857,1.6501356073144797,1.5929751691696301
throughput_3,20,20,markov,classic_uniform,aic,5,3,0.6002177767407457,0.07298718144712267,0.4106052027870167,0.0531528725681171,0.4104088223002529,0.05790358336318134,0.43315339121282487,0.048293036441816956,1.6247856253521034,0.18906674990222247,0.7760690557558192,0.023972896728567936,0.5831998818241857,0.04085157139472147,0.5831445168507491,0.04113146336372369,0.5832940064122625,0.04058353986684275,0.052864033980790565,0.01919590608003336,0.005251829880071265,0.0013225357494365732,0.0027731779319569373,0.0007412191648561968,0.05416666666666667,0.00721687836487032,2.655925078640986,0.0886144931411966,0.7646753580109201,0.06637321345552713,0.6312167729705472,0.10975028525768948,0.6340892316697095,0.11575742479748029,0.6601467290561033,0.10570359169021422,1.3324220412894292,0.4784891845277213,21,"throughput_2,throughput_1,buffer_size_3,python_gc_objects_collected_total_1,python_gc_objects_collected_total_2,python_gc_objects_collected_total_3,python_gc_collections_total_1,python_gc_collections_total_4,python_gc_collections_total_7,python_gc_objects_collected_total_5,avg_p_latency_1,python_gc_objects_collected_total_6,process_cpu_seconds_total_3,process_cpu_seconds_total_1,process_cpu_seconds_total_2,python_gc_collections_total_6,python_gc_collections_total_3,python_gc_collections_total_5,python_gc_collections_total_2,python_gc_objects_collected_total_8,throughput_3",1.0,padded,2.3516486662750444,0.7738799933965007,49.464535041712224,691.3333333333334,431.0,0.4601587046899391,3.0,,,False,30,,0.29673483036324166,0.6174475888739154,0.6002177767407457,0.24359976815567852,0.44084579910591487,0.4106052027870167,0.2808036075148537,0.45513594572967886,0.4104088223002529,0.24460369249248096,0.4644868979966543,0.43315339121282487,2.661449931250334,1.5721915964602413,1.6247856253521034
throughput_3,20,10,markov,classic_quantile,bic,5,5,0.6161026217335472,0.07216088897767178,0.5926736108488215,0.06761040727839192,0.6216096940643554,0.0726044299771957,0.6058260111169067,0.06039416430761232,1.4102143014502444,0.23748724617170566,0.7800764440804251,0.06225503487212486,0.7679407933133596,0.07896882005665559,0.7679133222173409,0.07895607847395807,0.7679724438804054,0.07898238752811838,0.12385766416985315,0.03125044852503501,0.022394782451540685,0.0049987192273113065,0.012645223735266164,0.0031051308720831095,0.10222222222222221,0.004969039949999527,2.3020577196971415,0.0009517940344618842,0.7824073164471119,0.0646733589867934,0.7784328932304787,0.079140625623861,0.8074859346459204,0.05524102345823008,0.7780362993804569,0.08598053676530423,1.036344780494246,0.3372278333048503,21,"throughput_2,throughput_1,buffer_size_3,python_gc_objects_collected_total_1,python_gc_objects_collected_total_2,python_gc_objects_collected_total_3,python_gc_collections_total_1,python_gc_collections_total_4,python_gc_collections_total_7,python_gc_objects_collected_total_5,avg_p_latency_1,python_gc_objects_collected_total_6,process_cpu_seconds_total_3,process_cpu_seconds_total_1,process_cpu_seconds_total_2,python_gc_collections_total_6,python_gc_collections_total_3,python_gc_collections_total_5,python_gc_collections_total_2,python_gc_objects_collected_total_8,throughput_3",1.0,padded,2.2399199998006223,0.6059828585013747,54.310312191955745,809.2,313.0,0.6569710314598521,1.0,,,False,30,,0.4650176269001893,0.589383542618051,0.6161026217335472,0.38283520823741185,0.5555743484582594,0.5926736108488215,0.4023132353592122,0.5743002091560108,0.6216096940643554,0.4027632755421771,0.5890749271538214,0.6058260111169067,1.8885202741741984,1.3626291603515157,1.4102143014502444
throughput_3,20,12,markov,classic_quantile,bic,5,5,0.6034544279947873,0.04835994744957302,0.5459437667556472,0.07002888643778259,0.5850040564530619,0.06801640956742179,0.5597345086641174,0.06607545548268295,1.41933662664121,0.17059880410576245,0.7708044247408345,0.048959984369407926,0.7222195032035362,0.05813522115959483,0.7222547967726296,0.0582434191600385,0.7221901761557051,0.05802949320423394,0.08609101861419709,0.04257819914778734,0.013355308039095898,0.006457900030392748,0.007361957487552129,0.0037740902007221975,0.08484848484848484,0.0033879817840905936,2.485201431477434,0.002628829152393732,0.7581826766762896,0.05655974371777986,0.7138528143528895,0.09645931441810439,0.7373934701923539,0.10171523417606362,0.7183407933301095,0.08888482809987204,1.1757618714216307,0.31681658895454545,21,"throughput_2,throughput_1,buffer_size_3,python_gc_objects_collected_total_1,python_gc_objects_collected_total_2,python_gc_objects_collected_total_3,python_gc_collections_total_1,python_gc_collections_total_4,python_gc_collections_total_7,python_gc_objects_collected_total_5,avg_p_latency_1,python_gc_objects_collected_total_6,process_cpu_seconds_total_3,process_cpu_seconds_total_1,process_cpu_seconds_total_2,python_gc_collections_total_6,python_gc_collections_total_3,python_gc_collections_total_5,python_gc_collections_total_2,python_gc_objects_collected_total_8,throughput_3",1.0,padded,2.247527609393001,0.6294543726369739,55.33627443946898,758.8,363.4,0.6046821108279979,2.0,,,False,30,,0.37874010123761315,0.5305668385706099,0.6034544279947873,0.31510790871225014,0.48920848352222235,0.5459437667556472,0.3372919518952985,0.5016759786574976,0.5850040564530619,0.32738799160033044,0.5208408131630021,0.5597345086641174,2.08440711953163,1.5207066980153874,1.41933662664121
throughput_3,20,14,markov,classic_quantile,bic,5,5,0.5455362910970265,0.09451364483717443,0.49127875681610245,0.07513640317818127,0.5199517012716118,0.08017050057581818,0.5056112273865424,0.07773616629494494,1.5735282285306613,0.19838982347230996,0.7367666503175382,0.04786873523693396,0.6824842045059076,0.05145720694979357,0.6825086532494955,0.051396653291766355,0.6824661523453844,0.05151946855818522,0.09196368906179811,0.05125425396000638,0.0119055621911632,0.0057840992406215696,0.0066187849829356295,0.0036056460577057244,0.07252747252747252,0.0024572175576920803,2.6396758233140054,0.0016480612567759453,0.7252631011874014,0.0758728543613446,0.6937984038422438,0.10097557475734274,0.7265789059344672,0.08891880742281993,0.6970605890483442,0.0995865366110133,1.2186535946816934,0.29126169817387504,21,"throughput_2,buffer_size_3,throughput_1,python_gc_objects_collected_total_1,python_gc_objects_collected_total_2,python_gc_objects_collected_total_3,python_gc_collections_total_1,python_gc_collections_total_4,python_gc_collections_total_7,python_gc_objects_collected_total_5,avg_p_latency_1,python_gc_objects_collected_total_6,process_cpu_seconds_total_3,process_cpu_seconds_total_1,process_cpu_seconds_total_2,python_gc_collections_total_6,python_gc_collections_total_3,python_gc_collections_total_5,python_gc_collections_total_2,python_gc_objects_collected_total_8,throughput_3",2.0,padded,2.342306431569159,0.6926121041178703,56.7595443027094,722.4,399.8,0.5889040552717925,1.0,,,False,30,,0.4108166151589755,0.5143518364198266,0.5455362910970265,0.31775629202905625,0.45646278644650984,0.49127875681610245,0.3429566049937032,0.4881981987107116,0.5199517012716118,0.3501938994665349,0.4827038232679339,0.5056112273865424,2.2559052238453665,1.6468927522941041,1.5735282285306613
throughput_3,20,16,markov,classic_quantile,bic,5,5,0.5772651876260906,0.04450334103792397,0.5123964710902711,0.030223850825465616,0.534895300379643,0.03621353710527233,0.5315877054474532,0.04810266270323167,1.566251094188153,0.06670668971640073,0.729107797899375,0.08295972902620391,0.6580945864538875,0.09372102389863998,0.6581106029653487,0.09372985966144057,0.6580866627791396,0.09371348325178391,0.07806200922852749,0.02744228430865229,0.009286613895198378,0.0031566117200449934,0.005039621693411438,0.0018360829253813375,0.06428571428571428,0.003992978531249623,2.7732404786641114,0.0030439285360161655,0.7240164404572146,0.0648846488606241,0.6787680463781119,0.09593493130327993,0.7156772806880443,0.07504177568762728,0.6890492138582814,0.09705223287117964,1.239414995576588,0.2397514651017529,21,"throughput_2,buffer_size_3,throughput_1,python_gc_objects_collected_total_1,python_gc_objects_collected_total_2,python_gc_objects_collected_total_3,python_gc_collections_total_1,python_gc_collections_total_4,python_gc_collections_total_7,python_gc_objects_collected_total_5,avg_p_latency_1,python_gc_objects_collected_total_6,process_cpu_seconds_total_3,process_cpu_seconds_total_1,process_cpu_seconds_total_2,python_gc_collections_total_6,python_gc_collections_total_3,python_gc_collections_total_5,python_gc_collections_total_2,python_gc_objects_collected_total_8,throughput_3",2.0,padded,2.409359169006348,0.6579016957432031,57.316170138306916,690.4,431.8,0.5520992930601186,3.0,,,False,30,,0.40083253571808386,0.5193437174108695,0.5772651876260906,0.27780478959794724,0.44369817218869273,0.5123964710902711,0.28940404948065934,0.46275871235639865,0.534895300379643,0.3087235753536981,0.4770506326559,0.5315877054474532,2.095870070269415,1.629844788256299,1.566251094188153
throughput_3,20,18,markov,classic_quantile,bic,5,5,0.4872429178908672,0.11110719496938556,0.38368685751253323,0.10599978847434417,0.39389690262443,0.14141318436819367,0.4254285023103586,0.05890891449318286,1.8585337383447338,0.2626510663015633,0.7062853668950784,0.061494666791135515,0.597698310986563,0.055679960966242954,0.5976772566787962,0.0555982696389169,0.5977263027245675,0.055764256474589914,0.041342819002449196,0.026429381805942277,0.004434792559698056,0.0028130078983781763,0.002338765188367865,0.0015158095094833335,0.05620915032679739,0.0014614823382351578,2.891942858075035,0.0009991602450575802,0.6980075293998345,0.04916483506175513,0.6353022639414888,0.08980350599200553,0.6674085365743883,0.07608364867119663,0.6537500013026324,0.08713575045389486,1.3603059098938253,0.291746089099889,21,"throughput_2,buffer_size_3,throughput_1,python_gc_objects_collected_total_1,python_gc_objects_collected_total_2,python_gc_objects_collected_total_3,python_gc_collections_total_1,python_gc_collections_total_4,python_gc_collections_total_7,python_gc_objects_collected_total_5,avg_p_latency_1,python_gc_objects_collected_total_6,process_cpu_seconds_total_3,process_cpu_seconds_total_1,process_cpu_seconds_total_2,python_gc_collections_total_6,python_gc_collections_total_3,python_gc_collections_total_5,python_gc_collections_total_2,python_gc_objects_collected_total_8,throughput_3",2.0,padded,2.435315475054085,0.7378756135702134,59.161620600149035,667.4,454.8,0.4485012307091208,5.0,,,False,30,,0.39709572811558036,0.45659846064225096,0.4872429178908672,0.29267781208721344,0.36777936863463284,0.38368685751253323,0.30862975768966966,0.38611724470454795,0.39389690262443,0.31582939287796774,0.404578648284535,0.4254285023103586,2.310650244020573,1.9132818907274718,1.8585337383447338
throughput_3,20,20,markov,classic_quantile,bic,5,5,0.4097224933849521,0.11285193071872605,0.3504118561782422,0.11747616334268725,0.3575288211145033,0.1462167800698884,0.4159267536885885,0.07472570549923659,1.9997545152990572,0.25452340968823517,0.7052191814959612,0.07742253643754808,0.6116400563992828,0.08099577016343507,0.6117085768382102,0.08090875161968053,0.611590278364286,0.08108742624111032,0.05685211022804654,0.026191765925738283,0.00629823788087476,0.0023285073814374156,0.003392152978453602,0.0013057602949914382,0.05370860408940904,0.00406969456294242,2.9950890958009166,0.0036145353408172,0.6948024641672187,0.06727510190385609,0.6326959674119907,0.0888550796941569,0.6592510484195303,0.07702497721122262,0.6555671210686436,0.08394380692493077,1.455736245378428,0.38894195577115953,21,"throughput_2,buffer_size_3,throughput_1,python_gc_objects_collected_total_1,python_gc_objects_collected_total_2,python_gc_objects_collected_total_3,python_gc_collections_total_1,python_gc_collections_total_4,python_gc_collections_total_7,python_gc_objects_collected_total_5,avg_p_latency_1,python_gc_objects_collected_total_6,process_cpu_seconds_total_3,process_cpu_seconds_total_1,process_cpu_seconds_total_2,python_gc_collections_total_6,python_gc_collections_total_3,python_gc_collections_total_5,python_gc_collections_total_2,python_gc_objects_collected_total_8,throughput_3",2.0,padded,2.5661539318040014,0.707016634196043,59.395304484292865,644.0,478.2,0.45954702038676415,4.0,,,False,30,,0.3354395137800931,0.37069871095851925,0.4097224933849521,0.22197014559050493,0.30091172338332334,0.3504118561782422,0.22195839409670967,0.3198498344444922,0.3575288211145033,0.2707643539073699,0.3506202891538112,0.4159267536885885,2.517905503187994,2.246651074459608,1.9997545152990572
throughput_3,20,10,markov,classic_quantile,aic,5,5,0.6139962825573846,0.10556276276990023,0.6082256454873634,0.09812420035240309,0.6350373005034438,0.09178807467595125,0.6170429266414692,0.09549864624229441,1.3046436095532967,0.23025516570997992,0.7800764440804251,0.06225503487212486,0.7679407933133596,0.07896882005665559,0.7679133222173409,0.07895607847395807,0.7679724438804054,0.07898238752811838,0.12385766416985315,0.03125044852503501,0.022394782451540685,0.0049987192273113065,0.012645223735266164,0.0031051308720831095,0.10222222222222221,0.004969039949999527,2.3020577196971415,0.0009517940344618842,0.7809781248118443,0.07391126362628196,0.7808655560152294,0.08410095814758094,0.7983803617016647,0.07200129516951277,0.7851367255161767,0.08209404649779313,0.9737135924514941,0.3587986008105414,21,"data_quality_3,throughput_2,buffer_size_3,throughput_1,python_gc_objects_collected_total_1,python_gc_objects_collected_total_2,python_gc_objects_collected_total_3,python_gc_collections_total_1,python_gc_collections_total_4,python_gc_collections_total_7,python_gc_objects_collected_total_5,avg_p_latency_1,python_gc_objects_collected_total_6,process_cpu_seconds_total_3,process_cpu_seconds_total_1,process_cpu_seconds_total_2,python_gc_collections_total_6,python_gc_collections_total_3,python_gc_collections_total_5,python_gc_collections_total_2,throughput_3",3.0,padded,2.4337374094873665,0.7560266215354204,59.35985303670168,781.2,341.0,0.7521861979458674,2.0,,,False,30,,0.4730150491346866,0.5697790327982565,0.6139962825573846,0.39260003464813636,0.5538452859808797,0.6082256454873634,0.4091784773945822,0.566517805439046,0.6350373005034438,0.4011908901784425,0.5895461064580291,0.6170429266414692,1.7432192812610083,1.4481461988548943,1.3046436095532967
throughput_3,20,12,markov,classic_quantile,aic,5,5,0.5366039526795905,0.09529868182477835,0.49411957576909665,0.10880718505361102,0.5117773551221391,0.11355789272703741,0.5175849203031524,0.0905520296845003,1.5941851314055504,0.2253551765368065,0.7708044247408345,0.048959984369407926,0.7222195032035362,0.05813522115959483,0.7222547967726296,0.0582434191600385,0.7221901761557051,0.05802949320423394,0.08609101861419709,0.04257819914778734,0.013355308039095898,0.006457900030392748,0.007361957487552129,0.0037740902007221975,0.08484848484848484,0.0033879817840905936,2.485201431477434,0.002628829152393732,0.75017460855677,0.04658878467251877,0.7141748497883602,0.08429644773125242,0.7276014299787069,0.09492345331017989,0.727498090392339,0.06840804029580357,1.1289335213278548,0.2815974365784825,21,"data_quality_2,throughput_2,buffer_size_3,throughput_1,python_gc_objects_collected_total_1,python_gc_objects_collected_total_2,python_gc_objects_collected_total_3,python_gc_collections_total_1,python_gc_collections_total_4,python_gc_collections_total_7,python_gc_objects_collected_total_5,avg_p_latency_1,python_gc_objects_collected_total_6,process_cpu_seconds_total_3,process_cpu_seconds_total_1,process_cpu_seconds_total_2,python_gc_collections_total_6,python_gc_collections_total_3,python_gc_collections_total_5,python_gc_collections_total_2,throughput_3",3.0,padded,2.3787405828014014,0.7436353448778391,58.12031980790198,747.6,374.6,0.6265598361297137,5.0,,,False,30,,0.3733883806902507,0.4919133718410865,0.5366039526795905,0.30795458199638603,0.420800978859885,0.49411957576909665,0.32863077290118026,0.4501616626804581,0.5117773551221391,0.3283209279170901,0.45714129685242544,0.5175849203031524,2.173744743603731,1.695300081375067,1.5941851314055504
throughput_3,20,14,markov,classic_quantile,aic,5,5,0.47817042141069177,0.13862822496857616,0.41507936866065426,0.12994957988441527,0.4395398151616908,0.12375806826300353,0.4372018053362791,0.13118361779197987,1.765329645451772,0.36129134143969116,0.7367666503175382,0.04786873523693396,0.6824842045059076,0.05145720694979357,0.6825086532494955,0.051396653291766355,0.6824661523453844,0.05151946855818522,0.09196368906179811,0.05125425396000638,0.0119055621911632,0.0057840992406215696,0.0066187849829356295,0.0036056460577057244,0.07252747252747252,0.0024572175576920803,2.6396758233140054,0.0016480612567759453,0.7108423674511904,0.0911715276492659,0.6795917905751505,0.1164359513022708,0.7160220113969799,0.09800146924217565,0.6884068452475021,0.109159776113925,1.218310331261554,0.33172625473822404,21,"throughput_2,data_quality_3,avg_p_latency_3,buffer_size_3,throughput_1,python_gc_objects_collected_total_1,python_gc_objects_collected_total_2,python_gc_objects_collected_total_3,python_gc_collections_total_1,python_gc_collections_total_4,python_gc_collections_total_7,python_gc_objects_collected_total_5,avg_p_latency_1,python_gc_objects_collected_total_6,process_cpu_seconds_total_3,process_cpu_seconds_total_1,process_cpu_seconds_total_2,python_gc_collections_total_6,python_gc_collections_total_3,python_gc_collections_total_5,throughput_3",4.0,padded,2.3402613891288637,0.7328107764944434,57.50140242278576,708.8,413.4,0.5716982640791525,1.0,,,False,30,,0.4170537283155794,0.4872587908311548,0.47817042141069177,0.33157651903029994,0.42222294296895846,0.41507936866065426,0.35591196367262146,0.4585979918935075,0.4395398151616908,0.35070698353338503,0.4607072832722576,0.4372018053362791,2.0052631390406463,1.683073881803562,1.765329645451772
throughput_3,20,16,markov,classic_quantile,aic,5,5,0.5496691285597053,0.11241023961650481,0.47513411919106535,0.1350272223739734,0.49628140817145283,0.13509724923187036,0.4961284027874499,0.134648365708011,1.7876723366115583,0.5631635823155496,0.729107797899375,0.08295972902620391,0.6580945864538875,0.09372102389863998,0.6581106029653487,0.09372985966144057,0.6580866627791396,0.09371348325178391,0.07806200922852749,0.02744228430865229,0.009286613895198378,0.0031566117200449934,0.005039621693411438,0.0018360829253813375,0.06428571428571428,0.003992978531249623,2.7732404786641114,0.0030439285360163012,0.7284657897155243,0.05909707359069915,0.674005594235996,0.10234503727682903,0.7028827308417716,0.09041994075237876,0.6834763136722979,0.10528220764747026,1.3012245050416584,0.27743405247716896,21,"cores_2,throughput_2,cores_1,buffer_size_3,throughput_1,python_gc_objects_collected_total_1,python_gc_objects_collected_total_2,python_gc_objects_collected_total_3,python_gc_collections_total_1,python_gc_collections_total_4,python_gc_collections_total_7,python_gc_objects_collected_total_5,avg_p_latency_1,python_gc_objects_collected_total_6,process_cpu_seconds_total_3,process_cpu_seconds_total_1,process_cpu_seconds_total_2,python_gc_collections_total_6,python_gc_collections_total_3,python_gc_collections_total_5,throughput_3",4.0,padded,2.275271221064031,0.7108848037198185,56.62222104612738,689.6,432.6,0.5520992930601186,3.0,,,False,30,,0.4717882295798591,0.5045714068028248,0.5496691285597053,0.37090092998502067,0.44100527799418854,0.47513411919106535,0.3894977318595649,0.4569893429676788,0.49628140817145283,0.39015903296977567,0.4677841444981265,0.4961284027874499,1.7401462399428689,1.5906351790531865,1.7876723366115583
throughput_3,20,18,markov,classic_quantile,aic,5,5,0.4765507465837464,0.09711060625571356,0.3839070672969199,0.09954664156708612,0.41778696876851606,0.11416991127937638,0.41110585908765546,0.10067190492909212,1.9147074670326734,0.36323889306788953,0.7062853668950784,0.061494666791135515,0.597698310986563,0.055679960966242954,0.5976772566787962,0.0555982696389169,0.5977263027245675,0.055764256474589914,0.041342819002449196,0.026429381805942277,0.004434792559698056,0.0028130078983781763,0.002338765188367865,0.0015158095094833335,0.05620915032679739,0.0014614823382351578,2.891942858075035,0.0009991602450575802,0.6967624531393097,0.049008688584560554,0.6289499057324364,0.09505415776246995,0.6709228447659632,0.07279342654525688,0.6423571716151002,0.09840271472842847,1.3935479458430684,0.2749984074748187,21,"cores_1,throughput_2,buffer_size_3,throughput_1,python_gc_objects_collected_total_1,python_gc_objects_collected_total_2,python_gc_objects_collected_total_3,python_gc_collections_total_1,python_gc_collections_total_4,python_gc_collections_total_7,python_gc_objects_collected_total_5,avg_p_latency_1,python_gc_objects_collected_total_6,process_cpu_seconds_total_3,process_cpu_seconds_total_1,process_cpu_seconds_total_2,python_gc_collections_total_6,python_gc_collections_total_3,python_gc_collections_total_5,python_gc_collections_total_2,throughput_3",3.0,padded,2.3279835287481547,0.7462471637874841,57.635844614356756,667.4,454.8,0.48193845829716536,1.0,,,False,30,,0.428466054923548,0.5225379879143432,0.4765507465837464,0.33588877153596675,0.4347293839623167,0.3839070672969199,0.36968672862461,0.4418776962859125,0.41778696876851606,0.3440268392117173,0.4721095082168804,0.41110585908765546,2.0589066090640573,1.7718967917895327,1.9147074670326734
throughput_3,20,20,markov,classic_quantile,aic,5,5,0.5539059337812676,0.030421873235538136,0.46215402203476896,0.037597729309948195,0.48700131543559744,0.02827909896635226,0.47690133593523026,0.04108910310355975,1.7477651323702108,0.2152593945399397,0.7052191814959612,0.07742253643754808,0.6116400563992828,0.08099577016343507,0.6117085768382102,0.08090875161968053,0.611590278364286,0.08108742624111032,0.05631735086975777,0.026931671422670334,0.005999063697554982,0.002476949260134292,0.0032154930135356702,0.0013830967194357119,0.052950362331167275,0.0036098802693839294,2.9950890958009166,0.0036145353408172,0.6924888215665335,0.06737724518382852,0.634588557432024,0.09524719927164643,0.6678644441552677,0.08555121138937441,0.6571744043854906,0.0859287575594136,1.560617330568547,0.48538168752841715,21,"cores_1,throughput_2,buffer_size_3,throughput_1,python_gc_objects_collected_total_1,python_gc_objects_collected_total_2,python_gc_objects_collected_total_3,python_gc_collections_total_1,python_gc_collections_total_4,python_gc_collections_total_7,python_gc_objects_collected_total_5,avg_p_latency_1,python_gc_objects_collected_total_6,process_cpu_seconds_total_3,process_cpu_seconds_total_1,process_cpu_seconds_total_2,python_gc_collections_total_6,python_gc_collections_total_3,python_gc_collections_total_5,python_gc_collections_total_2,throughput_3",3.0,padded,2.494024541415274,0.7795270463451743,58.7944008205086,644.2,478.0,0.5122976667900068,1.0,,,False,30,,0.4019122131164455,0.5136208875195833,0.5539059337812676,0.3188340532436883,0.43292531693733977,0.46215402203476896,0.3400640717380334,0.4493834867633151,0.48700131543559744,0.35115078482909584,0.4605031109650115,0.47690133593523026,2.1240431190134172,1.9244256208357957,1.7477651323702108
throughput_3,20,10,markov,kmeans,bic,5,5,0.7118197849851509,0.07484335108119258,0.5611117462230817,0.088308413026971,0.5985144328412997,0.050710299476836654,0.57418602354154,0.09067673493405416,1.0579733352545508,0.13433013286298015,0.8438815370720457,0.020133412559480132,0.7190910592978726,0.055550814297618226,0.718940080948559,0.055834045865125394,0.7192704146562177,0.055266369764661115,0.22278989147670725,0.10084770006789665,0.03630499600370173,0.013262806072116754,0.0227246219462447,0.010010800409733863,0.10222222222222221,0.004969039949999527,1.9902911641689027,0.07565296109919907,0.8075183085469462,0.07153451029586369,0.691965497619124,0.08709549015088493,0.7006277592839611,0.10111537473062347,0.7091695772420343,0.07102944460830221,0.8275910156442974,0.16435022219879497,21,"throughput_2,throughput_1,buffer_size_3,python_gc_objects_collected_total_1,python_gc_objects_collected_total_2,python_gc_objects_collected_total_3,python_gc_collections_total_1,python_gc_collections_total_4,python_gc_collections_total_7,python_gc_objects_collected_total_5,avg_p_latency_1,python_gc_objects_collected_total_6,process_cpu_seconds_total_3,process_cpu_seconds_total_1,process_cpu_seconds_total_2,python_gc_collections_total_6,python_gc_collections_total_3,python_gc_collections_total_5,python_gc_collections_total_2,python_gc_objects_collected_total_8,throughput_3",1.0,padded,2.1846141844987867,0.5842571530491114,52.061360290274024,824.0,298.2,0.6565416979775217,3.0,,,False,30,,0.43543919632128747,0.691517500710314,0.7118197849851509,0.3260284450839185,0.5123012440298591,0.5611117462230817,0.36104873944948823,0.5371181336413905,0.5985144328412997,0.35238387878532806,0.5328372113137371,0.57418602354154,2.0946193528225243,1.0811785605250108,1.0579733352545508
throughput_3,20,12,markov,kmeans,bic,5,5,0.665468100945551,0.09511454313064399,0.5331427608688853,0.10561088462547917,0.5400771301842235,0.10408008006972806,0.5490453110543412,0.09747383134030094,1.3217498166388253,0.23000221606497706,0.8360377648995323,0.01765139156100593,0.7115802790175823,0.049997131710459636,0.7114670847599877,0.050268454287658755,0.7117219252873972,0.04972284084953842,0.19694588755926562,0.10143113641248733,0.02704029824715775,0.011095891338608783,0.01663092248863269,0.008324069325799339,0.08484848484848484,0.0033879817840905936,2.2436103393438946,0.06718240780996969,0.8005653387754584,0.05394119641278048,0.6872869021213066,0.07484273566511428,0.7007451548574243,0.07516719345552171,0.7055866963634281,0.06617389158181816,1.017029862649933,0.20801308665758866,21,"throughput_2,throughput_1,buffer_size_3,python_gc_objects_collected_total_1,python_gc_objects_collected_total_2,python_gc_objects_collected_total_3,python_gc_collections_total_1,python_gc_collections_total_4,python_gc_collections_total_7,python_gc_objects_collected_total_5,avg_p_latency_1,python_gc_objects_collected_total_6,process_cpu_seconds_total_3,process_cpu_seconds_total_1,process_cpu_seconds_total_2,python_gc_collections_total_6,python_gc_collections_total_3,python_gc_collections_total_5,python_gc_collections_total_2,python_gc_objects_collected_total_8,throughput_3",1.0,padded,2.170013849064708,0.5955221453681588,51.65001747664064,805.8,316.4,0.6454103911642984,5.0,,,False,30,,0.45040706155367516,0.694879230733822,0.665468100945551,0.33003822988581705,0.5456253513173397,0.5331427608688853,0.36382500747246044,0.5591866499347358,0.5400771301842235,0.339228576968842,0.5578698698756772,0.5490453110543412,2.2042363723551697,1.1614230137931232,1.3217498166388253
throughput_3,20,14,markov,kmeans,bic,5,5,0.7068293325587338,0.05465559687174634,0.5137919423017452,0.08081011690827508,0.5173582622007856,0.07611143703611423,0.5302105960276038,0.07930021230622805,1.2479612087947094,0.19560389763564287,0.8269520938789181,0.02670836564148657,0.6620799984903682,0.04062197814599398,0.6618616148124109,0.0410022952400693,0.6623476870388662,0.04025453666477496,0.19694588755926562,0.10143113641248733,0.023450489892150508,0.009403608885195749,0.014411337270276037,0.0070608418319674906,0.0738095238095238,0.005323971374999499,2.3294845794232657,0.06987455822536819,0.8192674679857905,0.05253673623280008,0.6824227592424676,0.07503882189328893,0.6821273233475161,0.08045222977184069,0.7041343816391447,0.0616515788720751,0.9896292787554615,0.20088142476081003,21,"throughput_2,throughput_1,buffer_size_3,python_gc_objects_collected_total_1,python_gc_objects_collected_total_2,python_gc_objects_collected_total_3,python_gc_collections_total_1,python_gc_collections_total_4,python_gc_collections_total_7,python_gc_objects_collected_total_5,avg_p_latency_1,python_gc_objects_collected_total_6,process_cpu_seconds_total_3,process_cpu_seconds_total_1,process_cpu_seconds_total_2,python_gc_collections_total_6,python_gc_collections_total_3,python_gc_collections_total_5,python_gc_collections_total_2,python_gc_objects_collected_total_8,throughput_3",1.0,padded,2.212267941236496,0.5821904893964529,52.391261040233076,794.0,328.2,0.6439388020388662,3.0,,,False,30,,0.4652052450543886,0.69187051490231,0.7068293325587338,0.3397571180253066,0.5076597124444311,0.5137919423017452,0.38431834676083615,0.5244517326142641,0.5173582622007856,0.34840133485383856,0.5206929229045562,0.5302105960276038,2.2542680422930705,1.2389653125755227,1.2479612087947094
throughput_3,20,16,markov,kmeans,bic,5,5,0.6077528202246655,0.06563478998570993,0.39061953411301403,0.06103438253501021,0.40310023755671465,0.05105843145720498,0.4109951806183581,0.06666138457454245,1.5018385577304052,0.22852002122710216,0.8101996339699971,0.03491635307156211,0.6266778050892817,0.059836541741147074,0.6265853570443423,0.060031053779734625,0.6267902833305504,0.05965046680270489,0.13936251097216998,0.09876428886372066,0.014811788890992533,0.009113647105057715,0.00879756952317321,0.006054065759571337,0.06538461538461539,0.006450196088941704,2.453134781474452,0.04538780166623042,0.7589032934786397,0.026826219642378437,0.5795182958112136,0.04598430370597522,0.5837796186453078,0.05631917859929042,0.6095383683341626,0.039207740313633055,1.1840810895567722,0.20354687914878197,21,"throughput_2,throughput_1,buffer_size_3,python_gc_objects_collected_total_1,python_gc_objects_collected_total_2,python_gc_objects_collected_total_3,python_gc_collections_total_1,python_gc_collections_total_4,python_gc_collections_total_7,python_gc_objects_collected_total_5,avg_p_latency_1,python_gc_objects_collected_total_6,process_cpu_seconds_total_3,process_cpu_seconds_total_1,process_cpu_seconds_total_2,python_gc_collections_total_6,python_gc_collections_total_3,python_gc_collections_total_5,python_gc_collections_total_2,python_gc_objects_collected_total_8,throughput_3",1.0,padded,2.321373216621578,0.6342193635180593,54.81664997711778,776.4,345.8,0.4407948555549755,4.0,,,False,30,,0.4523776870903789,0.6254084504359503,0.6077528202246655,0.2964936465816626,0.4065054966322056,0.39061953411301403,0.3166293531956507,0.41409437105068597,0.40310023755671465,0.3210814072843339,0.4247324662118831,0.4109951806183581,2.471899798959782,1.4605767112982346,1.5018385577304052
throughput_3,20,18,markov,kmeans,bic,5,5,0.5316833411904389,0.18152825505040962,0.35618911426625866,0.10284157619526947,0.3692721476796619,0.10896545208576912,0.3756751405245695,0.09161497944957803,1.7852779505144052,0.3245386775996141,0.8112675653925457,0.022094576265623382,0.6187897149582797,0.05005928383542189,0.6187600522982335,0.05036461706585883,0.6188579136719439,0.0497489249995223,0.11264533660950822,0.09945730463534223,0.010787005009317698,0.008159371026082373,0.006325414323423856,0.005457348510016636,0.057777777777777775,0.004969039949999534,2.579336931801359,0.042010088314061216,0.7998551794728785,0.053614173204150524,0.6552258729626911,0.08495793249024969,0.6594841223119191,0.08738875420254734,0.6763758604410215,0.0760180038282649,1.1679672036306974,0.2591770187553629,21,"throughput_2,throughput_1,buffer_size_3,python_gc_objects_collected_total_1,python_gc_objects_collected_total_2,python_gc_objects_collected_total_3,python_gc_collections_total_1,python_gc_collections_total_4,python_gc_collections_total_7,python_gc_objects_collected_total_5,avg_p_latency_1,python_gc_objects_collected_total_6,process_cpu_seconds_total_3,process_cpu_seconds_total_1,process_cpu_seconds_total_2,python_gc_collections_total_6,python_gc_collections_total_3,python_gc_collections_total_5,python_gc_collections_total_2,python_gc_objects_collected_total_8,throughput_3",1.0,padded,2.302584814466536,0.6508361887186765,54.34108570590615,756.6,365.6,0.4811154812065161,2.0,,,False,30,,0.38535086340858693,0.5152827843676935,0.5316833411904389,0.26249166176421523,0.35899750263757924,0.35618911426625866,0.2935678970691335,0.37113447673187683,0.3692721476796619,0.28087916753545505,0.37467399863878054,0.3756751405245695,2.629516333593589,1.854254361106539,1.7852779505144052
throughput_3,20,20,markov,kmeans,bic,5,5,0.6196686364985563,0.08491938327982569,0.3811473637631737,0.05776332976116654,0.3867662316634738,0.06450950091520934,0.4030811918963176,0.043553649303159074,1.6708787024715286,0.2744439214711145,0.8018264992388925,0.030271273209187464,0.5821745544493571,0.03570734725955415,0.5821273802377998,0.03589858818844752,0.5822551971823944,0.03551771730225865,0.10337617439916953,0.09989120332196658,0.009056227972247224,0.0072889673845021475,0.005287253226947876,0.004915743879590737,0.05302631578947368,0.005417154960589184,2.625955140505276,0.07656364205843783,0.7980743940195776,0.06293558191291924,0.634041127213551,0.08397402468254128,0.6400423677499487,0.08455061355737001,0.6576315275566725,0.07492750479390861,1.1749921473563236,0.3248148425119266,21,"throughput_2,throughput_1,buffer_size_3,python_gc_objects_collected_total_1,python_gc_objects_collected_total_2,python_gc_objects_collected_total_3,python_gc_collections_total_1,python_gc_collections_total_4,python_gc_collections_total_7,python_gc_objects_collected_total_5,avg_p_latency_1,python_gc_objects_collected_total_6,process_cpu_seconds_total_3,process_cpu_seconds_total_1,process_cpu_seconds_total_2,python_gc_collections_total_6,python_gc_collections_total_3,python_gc_collections_total_5,python_gc_collections_total_2,python_gc_objects_collected_total_8,throughput_3",1.0,padded,2.513010197877884,0.6873862566426396,57.669435979798436,735.0,387.2,0.44877624243472136,5.0,,,False,30,,0.31101375707734724,0.5651212772002674,0.6196686364985563,0.17606262733495398,0.3701068619335163,0.3811473637631737,0.2144814220566033,0.38060118307470603,0.3867662316634738,0.19777502807746777,0.38115570515050595,0.4030811918963176,3.0647595159879906,1.7789325629312374,1.6708787024715286
throughput_3,20,10,markov,kmeans,aic,5,5,0.6567552852922922,0.1070656635102728,0.48236060701469635,0.0743761624973382,0.49876810951644385,0.08012915141206021,0.4875605185318365,0.06173152479990749,1.3183266338887953,0.3609289047920015,0.8438815370720457,0.020133412559480132,0.7190910592978726,0.055550814297618226,0.718940080948559,0.055834045865125394,0.7192704146562177,0.055266369764661115,0.22278989147670725,0.10084770006789665,0.03630499600370173,0.013262806072116754,0.0227246219462447,0.010010800409733863,0.10222222222222221,0.004969039949999527,1.9902911641689027,0.07565296109919907,0.8016354895852811,0.1018189404821561,0.6963790772884577,0.09099638229242961,0.7120182689587965,0.08137391068763827,0.709701700212603,0.08711170852558374,0.9440808272312747,0.49860377704475267,21,"avg_p_latency_3,throughput_2,buffer_size_3,throughput_1,python_gc_objects_collected_total_1,python_gc_objects_collected_total_2,python_gc_objects_collected_total_3,python_gc_collections_total_1,python_gc_collections_total_4,python_gc_collections_total_7,python_gc_objects_collected_total_5,avg_p_latency_1,python_gc_objects_collected_total_6,process_cpu_seconds_total_3,process_cpu_seconds_total_1,process_cpu_seconds_total_2,python_gc_collections_total_6,python_gc_collections_total_3,python_gc_collections_total_5,python_gc_collections_total_2,throughput_3",3.0,padded,2.165337494388223,0.6302843438461423,53.83221390657127,822.6,299.6,0.5559108636002963,2.0,,,False,30,,0.42330988900052857,0.6544605343149159,0.6567552852922922,0.337521451179171,0.4956388188952416,0.48236060701469635,0.3835288303663991,0.507392668542707,0.49876810951644385,0.3555259492654078,0.5130291184297038,0.4875605185318365,2.2231381292874444,1.230558230924605,1.3183266338887953
throughput_3,20,12,markov,kmeans,aic,5,5,0.6843988044501377,0.10648240558213459,0.5324802854046012,0.0769800517478437,0.5381135180787191,0.07887403805653999,0.5493927300616182,0.08169888497461422,1.241448839576029,0.2738274896991707,0.8360377648995323,0.01765139156100593,0.7115802790175823,0.049997131710459636,0.7114670847599877,0.050268454287658755,0.7117219252873972,0.04972284084953842,0.19694588755926562,0.10143113641248733,0.02704029824715775,0.011095891338608783,0.01663092248863269,0.008324069325799339,0.08484848484848484,0.0033879817840905936,2.2436103393438946,0.06718240780996969,0.8067940474643732,0.05740070068257651,0.7029097906454472,0.10095808192813575,0.7166606871551451,0.1005097044859007,0.7267149443676423,0.09191382918397199,1.0196871906114704,0.240834227529718,21,"throughput_2,buffer_size_3,throughput_1,python_gc_objects_collected_total_1,python_gc_objects_collected_total_2,python_gc_objects_collected_total_3,python_gc_collections_total_1,python_gc_collections_total_4,python_gc_collections_total_7,python_gc_objects_collected_total_5,avg_p_latency_1,python_gc_objects_collected_total_6,process_cpu_seconds_total_3,process_cpu_seconds_total_1,process_cpu_seconds_total_2,python_gc_collections_total_6,python_gc_collections_total_3,python_gc_collections_total_5,python_gc_collections_total_2,python_gc_objects_collected_total_8,throughput_3",2.0,padded,2.0462782045826318,0.5970855697989463,51.55336638819426,796.6,325.6,0.6294503917391744,3.0,,,False,30,,0.44862976842967417,0.6945205022833225,0.6843988044501377,0.3305204716143655,0.5322375493788339,0.5324802854046012,0.36812270631745453,0.5563289241168212,0.5381135180787191,0.3386130488765345,0.5410925173930506,0.5493927300616182,2.12787328465633,1.1369528005512246,1.241448839576029
throughput_3,20,14,markov,kmeans,aic,5,5,0.7084336106336001,0.05891798259942568,0.5122011418231287,0.08694029513163899,0.5168669373286698,0.07263505697529331,0.5344723725167949,0.09131393847732705,1.2135073386232171,0.18606331588673702,0.8269520938789181,0.02670836564148657,0.6620799984903682,0.04062197814599398,0.6618616148124109,0.0410022952400693,0.6623476870388662,0.04025453666477496,0.19694588755926562,0.10143113641248733,0.023450489892150508,0.009403608885195749,0.014411337270276037,0.0070608418319674906,0.0738095238095238,0.005323971374999499,2.3294845794232657,0.06987455822536819,0.8222950726162447,0.05742222335470245,0.689439026452753,0.07544153574646113,0.689083460413625,0.07495347800441886,0.7133202080171899,0.06795837940479285,0.9852908706565391,0.23682503198530233,21,"throughput_2,throughput_1,buffer_size_3,python_gc_objects_collected_total_1,python_gc_objects_collected_total_2,python_gc_objects_collected_total_3,python_gc_collections_total_1,python_gc_collections_total_4,python_gc_collections_total_7,python_gc_objects_collected_total_5,avg_p_latency_1,python_gc_objects_collected_total_6,process_cpu_seconds_total_3,process_cpu_seconds_total_1,process_cpu_seconds_total_2,python_gc_collections_total_6,python_gc_collections_total_3,python_gc_collections_total_5,python_gc_collections_total_2,python_gc_objects_collected_total_8,throughput_3",1.0,padded,2.047881141677499,0.6116056215018034,50.912108722142875,769.8,352.4,0.6381292492489933,3.0,,,False,30,,0.48178246770253474,0.6865045087086886,0.7084336106336001,0.35627043073581405,0.5016875202295047,0.5122011418231287,0.38615257659336477,0.5114216806245823,0.5168669373286698,0.3658775796191559,0.5154918862188829,0.5344723725167949,2.195151723319475,1.1977454621290515,1.2135073386232171
throughput_3,20,16,markov,kmeans,aic,5,5,0.5977536614905009,0.14725101517109437,0.39123122700976587,0.10938306321671279,0.4048460914252522,0.10404183087192648,0.4187036428492103,0.10766978483118658,1.4738591811712047,0.24723652495663126,0.8101996339699971,0.03491635307156211,0.6266778050892817,0.059836541741147074,0.6265853570443423,0.060031053779734625,0.6267902833305504,0.05965046680270489,0.13936251097216998,0.09876428886372066,0.014811788890992533,0.009113647105057715,0.00879756952317321,0.006054065759571337,0.06538461538461539,0.006450196088941704,2.453134781474452,0.04538780166623042,0.7605061429888802,0.02966285866964805,0.5925680270960865,0.035749379631895735,0.6082837621259791,0.059874497580042284,0.6200631014982664,0.04331583800876903,1.2139734519103795,0.2359593106955712,21,"throughput_2,throughput_1,buffer_size_3,python_gc_objects_collected_total_1,python_gc_objects_collected_total_2,python_gc_objects_collected_total_3,python_gc_collections_total_1,python_gc_collections_total_4,python_gc_collections_total_7,python_gc_objects_collected_total_5,avg_p_latency_1,python_gc_objects_collected_total_6,process_cpu_seconds_total_3,process_cpu_seconds_total_1,process_cpu_seconds_total_2,python_gc_collections_total_6,python_gc_collections_total_3,python_gc_collections_total_5,python_gc_collections_total_2,python_gc_objects_collected_total_8,throughput_3",1.0,padded,2.066704187914729,0.6325612131506204,52.159254941158,749.4,372.8,0.5247488235595437,3.0,,,False,30,,0.38213945012960254,0.5646300096983665,0.5977536614905009,0.24557943099168372,0.3886680384585864,0.39123122700976587,0.2554136535625848,0.4033748483312148,0.4048460914252522,0.26532505037987414,0.40697363515186746,0.4187036428492103,2.5529508123123446,1.5702904594784968,1.4738591811712047
throughput_3,20,18,markov,kmeans,aic,5,5,0.5519268955862116,0.16064232104582324,0.37722428137802055,0.13328658712055247,0.39026071134704454,0.13244070503100755,0.40224436586487683,0.1181817187562282,1.7055211601241431,0.4438658005581755,0.8112675653925457,0.022094576265623382,0.6187897149582797,0.05005928383542189,0.6187600522982335,0.05036461706585883,0.6188579136719439,0.0497489249995223,0.11264533660950822,0.09945730463534223,0.010787005009317698,0.008159371026082373,0.006325414323423856,0.005457348510016636,0.057777777777777775,0.004969039949999534,2.579336931801359,0.042010088314061216,0.7993208963027985,0.054382585147055906,0.6557581718782414,0.08020133216059289,0.6616264927185718,0.0777637779058958,0.6812821274628403,0.07916124271716907,1.1826224303368107,0.27407437510570665,21,"throughput_2,throughput_1,buffer_size_3,python_gc_objects_collected_total_1,python_gc_objects_collected_total_2,python_gc_objects_collected_total_3,python_gc_collections_total_1,python_gc_collections_total_4,python_gc_collections_total_7,python_gc_objects_collected_total_5,avg_p_latency_1,python_gc_objects_collected_total_6,process_cpu_seconds_total_3,process_cpu_seconds_total_1,process_cpu_seconds_total_2,python_gc_collections_total_6,python_gc_collections_total_3,python_gc_collections_total_5,python_gc_collections_total_2,python_gc_objects_collected_total_8,throughput_3",1.0,padded,2.119863427616656,0.7681997895240784,55.023708591237664,722.4,399.8,0.5451643370422463,5.0,,,False,30,,0.2677023760204317,0.5529945095499545,0.5519268955862116,0.1567667262062015,0.3644719701075382,0.37722428137802055,0.18953529996542645,0.36653476808770685,0.39026071134704454,0.17898967212788103,0.3924784978585992,0.40224436586487683,2.914682584182599,1.8226416045246498,1.7055211601241431
throughput_3,20,20,markov,kmeans,aic,5,5,0.6565670322204815,0.07389840178468961,0.43815521415191166,0.06550660829821169,0.446392499869086,0.060595201211340266,0.46022588063050807,0.06879578408103554,1.4508487140269526,0.1921628243358416,0.8018264992388925,0.030271273209187464,0.5821745544493571,0.03570734725955415,0.5821273802377998,0.03589858818844752,0.5822551971823944,0.03551771730225865,0.10337617439916953,0.09989120332196658,0.009056227972247224,0.0072889673845021475,0.005287253226947876,0.004915743879590737,0.05302631578947368,0.005417154960589184,2.625955140505276,0.07656364205843783,0.800389621089925,0.06297183182987068,0.6280399304426002,0.06653030984867038,0.634173004113541,0.06423138926586372,0.6549100879284449,0.06441450307421587,1.2323045815933649,0.4207086268346933,21,"throughput_2,throughput_1,buffer_size_3,python_gc_objects_collected_total_1,python_gc_objects_collected_total_2,python_gc_objects_collected_total_3,python_gc_collections_total_1,python_gc_collections_total_4,python_gc_collections_total_7,python_gc_objects_collected_total_5,avg_p_latency_1,python_gc_objects_collected_total_6,process_cpu_seconds_total_3,process_cpu_seconds_total_1,process_cpu_seconds_total_2,python_gc_collections_total_6,python_gc_collections_total_3,python_gc_collections_total_5,python_gc_collections_total_2,python_gc_objects_collected_total_8,throughput_3",1.0,padded,2.346632049418986,0.7382541991770267,55.62380921561271,714.0,408.2,0.5317561267902876,3.0,,,False,30,,0.38427118601022536,0.6412353591967022,0.6565670322204815,0.24458719978174964,0.4361000702780181,0.43815521415191166,0.2779810700360642,0.4403115862451137,0.446392499869086,0.26929638590972643,0.4537668067108062,0.46022588063050807,2.4359471263955874,1.5120967485731778,1.4508487140269526
throughput_3,20,10,markov,fixed,bic,5,5,0.6567546503746808,0.0740665470751006,0.5190367321369129,0.09769871387318431,0.5219078200192895,0.1086939911366031,0.5631612064920744,0.07872082598584788,0.8926805289874384,0.15714774229418899,0.9014480883424364,0.027202521841161776,0.8687204479088372,0.03230982188348073,0.8687190895955791,0.03213260522855243,0.8687300995176622,0.032498931048512376,0.39371288708149005,0.10157443242011968,0.1396706141474087,0.0270229532522992,0.09842822177037251,0.02539360810502992,0.25,0.0,1.267152534905198,0.0466768380115378,0.6575957891134259,0.06579099659778638,0.513803845138338,0.038489895809971524,0.5101963889604539,0.03368607870471889,0.5638709364024391,0.04821671166181196,0.8833203857852346,0.2353231915808834,19,"buffer_size_3,python_gc_objects_collected_total_1,python_gc_objects_collected_total_2,python_gc_objects_collected_total_3,python_gc_collections_total_1,python_gc_collections_total_4,python_gc_collections_total_7,python_gc_objects_collected_total_5,avg_p_latency_1,python_gc_objects_collected_total_6,process_cpu_seconds_total_3,process_cpu_seconds_total_1,process_cpu_seconds_total_2,python_gc_collections_total_6,python_gc_collections_total_3,python_gc_collections_total_5,python_gc_collections_total_2,python_gc_objects_collected_total_8,throughput_3",1.0,padded,1.7558779105544091,0.4659833924844861,41.03999941237271,925.0,197.2,0.6808233776077275,2.0,,,False,30,,,,0.6567546503746808,,,0.5190367321369129,,,0.5219078200192895,,,0.5631612064920744,,,0.8926805289874384
throughput_3,20,12,markov,fixed,bic,5,5,0.6622736717126744,0.03950802822944704,0.5118577739224391,0.05615234042979622,0.5003457513165632,0.06718346951163556,0.550817786817076,0.04673541133991338,0.8591772629383974,0.104396034243099,0.9014480883424364,0.027202521841161776,0.8687204479088372,0.03230982188348073,0.8687190895955791,0.03213260522855243,0.8687300995176622,0.032498931048512376,0.39371288708149005,0.10157443242011968,0.1396706141474087,0.0270229532522992,0.09842822177037251,0.02539360810502992,0.25,0.0,1.267152534905198,0.0466768380115378,0.6563423151636915,0.059603274037227094,0.5461280398717612,0.014425221796870419,0.5600255972625675,0.03548290949905977,0.5881226062613967,0.029953105208157096,0.777391877080834,0.12685820475060938,19,"buffer_size_3,python_gc_objects_collected_total_1,python_gc_objects_collected_total_2,python_gc_objects_collected_total_3,python_gc_collections_total_1,python_gc_collections_total_4,python_gc_collections_total_7,python_gc_objects_collected_total_5,avg_p_latency_1,python_gc_objects_collected_total_6,process_cpu_seconds_total_3,process_cpu_seconds_total_1,process_cpu_seconds_total_2,python_gc_collections_total_6,python_gc_collections_total_3,python_gc_collections_total_5,python_gc_collections_total_2,python_gc_objects_collected_total_8,throughput_3",1.0,padded,1.8182320926338433,0.4863463604822755,42.2670186702162,888.8,233.4,0.5832544981252096,5.0,,,False,30,,,,0.6622736717126744,,,0.5118577739224391,,,0.5003457513165632,,,0.550817786817076,,,0.8591772629383974
throughput_3,20,14,markov,fixed,bic,5,5,0.6465853337206331,0.047027630344126575,0.48707356892282316,0.036419652993886775,0.490502505928761,0.042002149567009484,0.5145488151790312,0.033988003456710256,0.8500080863889699,0.08635789271253479,0.9014480883424364,0.027202521841161776,0.8687204479088372,0.03230982188348073,0.8687190895955791,0.03213260522855243,0.8687300995176622,0.032498931048512376,0.39371288708149005,0.10157443242011968,0.1396706141474087,0.0270229532522992,0.09842822177037251,0.02539360810502992,0.25,0.0,1.267152534905198,0.0466768380115378,0.6599005586840029,0.06509089085917986,0.5496762207209949,0.0638129679200919,0.5604616472384302,0.054439425071739864,0.5860731024682542,0.04554407673419446,0.7601170260391326,0.1203070618954922,19,"buffer_size_3,python_gc_objects_collected_total_1,python_gc_objects_collected_total_2,python_gc_objects_collected_total_3,python_gc_collections_total_1,python_gc_collections_total_4,python_gc_collections_total_7,python_gc_objects_collected_total_5,avg_p_latency_1,python_gc_objects_collected_total_6,process_cpu_seconds_total_3,process_cpu_seconds_total_1,process_cpu_seconds_total_2,python_gc_collections_total_6,python_gc_collections_total_3,python_gc_collections_total_5,python_gc_collections_total_2,python_gc_objects_collected_total_8,throughput_3",1.0,padded,1.857808468863368,0.5095338247716427,42.84844679199159,858.4,263.8,0.5307607205519423,1.0,,,False,30,,,,0.6465853337206331,,,0.48707356892282316,,,0.490502505928761,,,0.5145488151790312,,,0.8500080863889699
throughput_3,20,16,markov,fixed,bic,5,5,0.6597749534526026,0.05447809665644418,0.5250803678813538,0.064453967865962,0.5432780796663736,0.07552449776620865,0.5595116901200419,0.03832617892858348,0.8382167672558725,0.09923840874766972,0.9014480883424364,0.027202521841161776,0.8687204479088372,0.03230982188348073,0.8687190895955791,0.03213260522855243,0.8687300995176622,0.032498931048512376,0.39371288708149005,0.10157443242011968,0.1396706141474087,0.0270229532522992,0.09842822177037251,0.02539360810502992,0.25,0.0,1.267152534905198,0.0466768380115378,0.6748570016129901,0.04363527033766292,0.5713211558028007,0.050448049131710825,0.5922904034732389,0.06595754991786178,0.6016149223195317,0.05008211010504874,0.7596096520174633,0.12566511623633875,19,"buffer_size_3,python_gc_objects_collected_total_1,python_gc_objects_collected_total_2,python_gc_objects_collected_total_3,python_gc_collections_total_1,python_gc_collections_total_4,python_gc_collections_total_7,python_gc_objects_collected_total_5,avg_p_latency_1,python_gc_objects_collected_total_6,process_cpu_seconds_total_3,process_cpu_seconds_total_1,process_cpu_seconds_total_2,python_gc_collections_total_6,python_gc_collections_total_3,python_gc_collections_total_5,python_gc_collections_total_2,python_gc_objects_collected_total_8,throughput_3",1.0,padded,1.8912393111735581,0.5454566810280085,43.64795563928783,847.8,274.4,0.6204331463424253,5.0,,,False,30,,,,0.6597749534526026,,,0.5250803678813538,,,0.5432780796663736,,,0.5595116901200419,,,0.8382167672558725
throughput_3,20,18,markov,fixed,bic,5,5,0.6654903230619538,0.06728544999835982,0.5550539468040119,0.08292280291998305,0.5569036573070668,0.10520714110551936,0.5950441766633233,0.043695302651549056,0.7669105266416131,0.0804062224450296,0.9014480883424364,0.027202521841161776,0.8687204479088372,0.03230982188348073,0.8687190895955791,0.03213260522855243,0.8687300995176622,0.032498931048512376,0.39371288708149005,0.10157443242011968,0.1396706141474087,0.0270229532522992,0.09842822177037251,0.02539360810502992,0.25,0.0,1.267152534905198,0.0466768380115378,0.6873267778541844,0.0658376763476244,0.6151284049585648,0.05208738695797189,0.630130400187957,0.0449496365075262,0.6454984009687401,0.033882715558287035,0.6641590837821388,0.07827427116782804,19,"buffer_size_3,python_gc_objects_collected_total_1,python_gc_objects_collected_total_2,python_gc_objects_collected_total_3,python_gc_collections_total_1,python_gc_collections_total_4,python_gc_collections_total_7,python_gc_objects_collected_total_5,avg_p_latency_1,python_gc_objects_collected_total_6,process_cpu_seconds_total_3,process_cpu_seconds_total_1,process_cpu_seconds_total_2,python_gc_collections_total_6,python_gc_collections_total_3,python_gc_collections_total_5,python_gc_collections_total_2,python_gc_objects_collected_total_8,throughput_3",1.0,padded,1.9262644259259105,0.5499033534899354,44.27308410964906,827.8,294.4,0.6400156249385426,2.0,,,False,30,,,,0.6654903230619538,,,0.5550539468040119,,,0.5569036573070668,,,0.5950441766633233,,,0.7669105266416131
throughput_3,20,20,markov,fixed,bic,5,5,0.6711874387899741,0.05267777646776684,0.5506396479642242,0.03642906877698394,0.590462629013652,0.057301865117283246,0.5620992100255355,0.027958462460602615,0.8206330138451546,0.09946634956885689,0.9014480883424364,0.027202521841161776,0.8687204479088372,0.03230982188348073,0.8687190895955791,0.03213260522855243,0.8687300995176622,0.032498931048512376,0.39371288708149005,0.10157443242011968,0.1396706141474087,0.0270229532522992,0.09842822177037251,0.02539360810502992,0.25,0.0,1.267152534905198,0.0466768380115378,0.7033479843961428,0.01333626656263661,0.6129494990658676,0.04878683343956331,0.6284796287277741,0.053854996491425645,0.6221485441793627,0.06284523419776455,0.7333215555528265,0.13020540905506814,19,"buffer_size_3,python_gc_objects_collected_total_1,python_gc_objects_collected_total_2,python_gc_objects_collected_total_3,python_gc_collections_total_1,python_gc_collections_total_4,python_gc_collections_total_7,python_gc_objects_collected_total_5,avg_p_latency_1,python_gc_objects_collected_total_6,process_cpu_seconds_total_3,process_cpu_seconds_total_1,process_cpu_seconds_total_2,python_gc_collections_total_6,python_gc_collections_total_3,python_gc_collections_total_5,python_gc_collections_total_2,python_gc_objects_collected_total_8,throughput_3",1.0,padded,2.0208968844264747,0.5200683342292904,44.264742095023394,810.8,311.4,0.6066976305540647,2.0,,,False,30,,,,0.6711874387899741,,,0.5506396479642242,,,0.590462629013652,,,0.5620992100255355,,,0.8206330138451546
throughput_3,20,10,markov,fixed,aic,5,5,0.5963500173808696,0.09304536230090499,0.47156294319421327,0.09801410468752919,0.4746266078001165,0.10314220396318152,0.5037178408782989,0.08677088032773861,1.0950857970530925,0.10985671109761883,0.9014480883424364,0.027202521841161776,0.8687204479088372,0.03230982188348073,0.8687190895955791,0.03213260522855243,0.8687300995176622,0.032498931048512376,0.39371288708149005,0.10157443242011968,0.1396706141474087,0.0270229532522992,0.09842822177037251,0.02539360810502992,0.25,0.0,1.267152534905198,0.0466768380115378,0.6282086302893559,0.06142608414235013,0.5130448472709627,0.068881956764431,0.5255357501995398,0.05323671515615159,0.5525484453708518,0.040894229454778955,1.1412100843953996,0.13034313725116758,19,"avg_p_latency_3,buffer_size_3,python_gc_objects_collected_total_1,python_gc_objects_collected_total_2,python_gc_objects_collected_total_3,python_gc_collections_total_1,python_gc_collections_total_4,python_gc_collections_total_7,python_gc_objects_collected_total_5,avg_p_latency_1,python_gc_objects_collected_total_6,process_cpu_seconds_total_3,process_cpu_seconds_total_1,process_cpu_seconds_total_2,python_gc_collections_total_6,python_gc_collections_total_3,python_gc_collections_total_5,python_gc_collections_total_2,throughput_3",2.0,padded,1.8682165319100021,0.5153173932805657,42.30430423282087,896.4,225.8,0.6281822858540598,2.0,,,False,30,,,,0.5963500173808696,,,0.47156294319421327,,,0.4746266078001165,,,0.5037178408782989,,,1.0950857970530925
throughput_3,20,12,markov,fixed,aic,5,5,0.6241384564835406,0.0965393618679423,0.5199890377574617,0.09251188632976924,0.5268149708916808,0.09281657262158004,0.5503750520969268,0.06945376292817954,1.0130792898474983,0.1375605869930208,0.9014480883424364,0.027202521841161776,0.8687204479088372,0.03230982188348073,0.8687190895955791,0.03213260522855243,0.8687300995176622,0.032498931048512376,0.39371288708149005,0.10157443242011968,0.1396706141474087,0.0270229532522992,0.09842822177037251,0.02539360810502992,0.25,0.0,1.267152534905198,0.0466768380115378,0.6805696485329396,0.07161495895014915,0.56368131270202,0.07281630402434762,0.5715177688734119,0.07314653953092984,0.5927223720283902,0.060966270482399096,1.071979151392997,0.20449006589509966,19,"buffer_size_3,python_gc_objects_collected_total_1,python_gc_objects_collected_total_2,python_gc_objects_collected_total_3,python_gc_collections_total_1,python_gc_collections_total_4,python_gc_collections_total_7,python_gc_objects_collected_total_5,avg_p_latency_1,python_gc_objects_collected_total_6,process_cpu_seconds_total_3,process_cpu_seconds_total_1,process_cpu_seconds_total_2,python_gc_collections_total_6,python_gc_collections_total_3,python_gc_collections_total_5,python_gc_collections_total_2,python_gc_objects_collected_total_8,throughput_3",1.0,padded,2.1247918512672186,0.5149971600621939,43.04553156811744,888.8,233.4,0.671088398096923,2.0,,,False,30,,,,0.6241384564835406,,,0.5199890377574617,,,0.5268149708916808,,,0.5503750520969268,,,1.0130792898474983
throughput_3,20,14,markov,fixed,aic,5,5,0.5968717609281226,0.061734314944158285,0.49184077058305675,0.02938463168936517,0.4945101721009434,0.03505996108466319,0.5143455490877626,0.03166677866784167,1.0552625048359805,0.09541772514519992,0.9014480883424364,0.027202521841161776,0.8687204479088372,0.03230982188348073,0.8687190895955791,0.03213260522855243,0.8687300995176622,0.032498931048512376,0.39371288708149005,0.10157443242011968,0.1396706141474087,0.0270229532522992,0.09842822177037251,0.02539360810502992,0.25,0.0,1.267152534905198,0.0466768380115378,0.6599119668655703,0.05804157540092891,0.5571443269642389,0.053277158258456185,0.5668480781168406,0.05775784163090566,0.5768784933822069,0.05206533118343555,1.0986732002970157,0.3099215184966882,19,"buffer_size_3,python_gc_objects_collected_total_1,python_gc_objects_collected_total_2,python_gc_objects_collected_total_3,python_gc_collections_total_1,python_gc_collections_total_4,python_gc_collections_total_7,python_gc_objects_collected_total_5,avg_p_latency_1,python_gc_objects_collected_total_6,process_cpu_seconds_total_3,process_cpu_seconds_total_1,process_cpu_seconds_total_2,python_gc_collections_total_6,python_gc_collections_total_3,python_gc_collections_total_5,python_gc_collections_total_2,python_gc_objects_collected_total_8,throughput_3",1.0,padded,2.107510066404939,0.5438007865101099,42.545993155799806,858.4,263.8,0.5291220129107614,1.0,,,False,30,,,,0.5968717609281226,,,0.49184077058305675,,,0.4945101721009434,,,0.5143455490877626,,,1.0552625048359805
throughput_3,20,16,markov,fixed,aic,5,5,0.622172751558326,0.07987152569823111,0.47980781432757025,0.0531158585577459,0.5153740008346083,0.040831901459927156,0.502360126592367,0.03648774630317555,0.9861103981395247,0.20137238059790713,0.9014480883424364,0.027202521841161776,0.8687204479088372,0.03230982188348073,0.8687190895955791,0.03213260522855243,0.8687300995176622,0.032498931048512376,0.39371288708149005,0.10157443242011968,0.1396706141474087,0.0270229532522992,0.09842822177037251,0.02539360810502992,0.25,0.0,1.267152534905198,0.0466768380115378,0.6894609000421468,0.02615817832766589,0.5749856665630382,0.03907031097182769,0.5924941454556178,0.055635865306581204,0.5968820356574176,0.03711290341220772,1.0080363578563514,0.2560186728671197,19,"buffer_size_3,python_gc_objects_collected_total_1,python_gc_objects_collected_total_2,python_gc_objects_collected_total_3,python_gc_collections_total_1,python_gc_collections_total_4,python_gc_collections_total_7,python_gc_objects_collected_total_5,avg_p_latency_1,python_gc_objects_collected_total_6,process_cpu_seconds_total_3,process_cpu_seconds_total_1,process_cpu_seconds_total_2,python_gc_collections_total_6,python_gc_collections_total_3,python_gc_collections_total_5,python_gc_collections_total_2,python_gc_objects_collected_total_8,throughput_3",1.0,padded,2.453058358468115,0.5091972399502993,44.657109008170664,847.8,274.4,0.5342602434677594,5.0,,,False,30,,,,0.622172751558326,,,0.47980781432757025,,,0.5153740008346083,,,0.502360126592367,,,0.9861103981395247
throughput_3,20,18,markov,fixed,aic,5,5,0.623244016298335,0.1142861965263439,0.504735931371384,0.09032152764410559,0.5518469561754504,0.09330127579435965,0.5320332509154857,0.06337727323768773,0.9500816172995833,0.22233041042955018,0.9014480883424364,0.027202521841161776,0.8687204479088372,0.03230982188348073,0.8687190895955791,0.03213260522855243,0.8687300995176622,0.032498931048512376,0.39371288708149005,0.10157443242011968,0.1396706141474087,0.0270229532522992,0.09842822177037251,0.02539360810502992,0.25,0.0,1.267152534905198,0.0466768380115378,0.6860872472374772,0.06544936628184932,0.6113858689129635,0.07250633646128443,0.6177349044049791,0.06009227336387421,0.6354759276449957,0.0645096149057512,0.9946970356303435,0.38838821966330156,19,"buffer_size_3,python_gc_objects_collected_total_1,python_gc_objects_collected_total_2,python_gc_objects_collected_total_3,python_gc_collections_total_1,python_gc_collections_total_4,python_gc_collections_total_7,python_gc_objects_collected_total_5,avg_p_latency_1,python_gc_objects_collected_total_6,process_cpu_seconds_total_3,process_cpu_seconds_total_1,process_cpu_seconds_total_2,python_gc_collections_total_6,python_gc_collections_total_3,python_gc_collections_total_5,python_gc_collections_total_2,python_gc_objects_collected_total_8,throughput_3",1.0,padded,2.434038564749062,0.5897490734234452,44.791857657022774,827.8,294.4,0.6323425066665206,1.0,,,False,30,,,,0.623244016298335,,,0.504735931371384,,,0.5518469561754504,,,0.5320332509154857,,,0.9500816172995833
throughput_3,20,20,markov,fixed,aic,5,5,0.614520089586875,0.10482970856815975,0.5126718147971557,0.0744690534777871,0.5286248540553489,0.07057070165265734,0.5442501639676578,0.057510002953027474,0.9547216834575842,0.24783437009349468,0.9014480883424364,0.027202521841161776,0.8687204479088372,0.03230982188348073,0.8687190895955791,0.03213260522855243,0.8687300995176622,0.032498931048512376,0.39371288708149005,0.10157443242011968,0.1396706141474087,0.0270229532522992,0.09842822177037251,0.02539360810502992,0.25,0.0,1.267152534905198,0.0466768380115378,0.6917813558623792,0.048634381005915064,0.6106607436957525,0.027630173353410333,0.614777678160158,0.029281897326734786,0.6346547453393314,0.05032275541361688,0.9376672995381391,0.429704618022092,19,"buffer_size_3,python_gc_objects_collected_total_1,python_gc_objects_collected_total_2,python_gc_objects_collected_total_3,python_gc_collections_total_1,python_gc_collections_total_4,python_gc_collections_total_7,python_gc_objects_collected_total_5,avg_p_latency_1,python_gc_objects_collected_total_6,process_cpu_seconds_total_3,process_cpu_seconds_total_1,process_cpu_seconds_total_2,python_gc_collections_total_6,python_gc_collections_total_3,python_gc_collections_total_5,python_gc_collections_total_2,python_gc_objects_collected_total_8,throughput_3",1.0,padded,2.6694857465103268,0.5398964772000909,45.84905561991036,810.8,311.4,0.6120396121889266,1.0,,,False,30,,,,0.614520089586875,,,0.5126718147971557,,,0.5286248540553489,,,0.5442501639676578,,,0.9547216834575842
throughput_3,20,10,markov,decision_tree,bic,5,0,,0.0,,0.0,,0.0,,0.0,,0.0,,0.0,,0.0,,0.0,,0.0,,0.0,,0.0,,0.0,,0.0,,0.0,,0.0,,0.0,,0.0,,0.0,,0.0,0,,,,,,20.085625993087888,,,,,,,False,30,"Unknown label type: continuous. Maybe you are trying to fit a classifier, which expects discrete classes on a regression target with continuous values.",,,,,,,,,,,,,,,
throughput_3,20,12,markov,decision_tree,bic,5,0,,0.0,,0.0,,0.0,,0.0,,0.0,,0.0,,0.0,,0.0,,0.0,,0.0,,0.0,,0.0,,0.0,,0.0,,0.0,,0.0,,0.0,,0.0,,0.0,0,,,,,,20.1698458455503,,,,,,,False,30,"Unknown label type: continuous. Maybe you are trying to fit a classifier, which expects discrete classes on a regression target with continuous values.",,,,,,,,,,,,,,,
throughput_3,20,14,markov,decision_tree,bic,5,0,,0.0,,0.0,,0.0,,0.0,,0.0,,0.0,,0.0,,0.0,,0.0,,0.0,,0.0,,0.0,,0.0,,0.0,,0.0,,0.0,,0.0,,0.0,,0.0,0,,,,,,20.1308911209926,,,,,,,False,30,"Unknown label type: continuous. Maybe you are trying to fit a classifier, which expects discrete classes on a regression target with continuous values.",,,,,,,,,,,,,,,
throughput_3,20,16,markov,decision_tree,bic,5,0,,0.0,,0.0,,0.0,,0.0,,0.0,,0.0,,0.0,,0.0,,0.0,,0.0,,0.0,,0.0,,0.0,,0.0,,0.0,,0.0,,0.0,,0.0,,0.0,0,,,,,,20.405369726009667,,,,,,,False,30,"Unknown label type: continuous. Maybe you are trying to fit a classifier, which expects discrete classes on a regression target with continuous values.",,,,,,,,,,,,,,,
throughput_3,20,18,markov,decision_tree,bic,5,0,,0.0,,0.0,,0.0,,0.0,,0.0,,0.0,,0.0,,0.0,,0.0,,0.0,,0.0,,0.0,,0.0,,0.0,,0.0,,0.0,,0.0,,0.0,,0.0,0,,,,,,20.577257110737264,,,,,,,False,30,"Unknown label type: continuous. Maybe you are trying to fit a classifier, which expects discrete classes on a regression target with continuous values.",,,,,,,,,,,,,,,
throughput_3,20,20,markov,decision_tree,bic,5,0,,0.0,,0.0,,0.0,,0.0,,0.0,,0.0,,0.0,,0.0,,0.0,,0.0,,0.0,,0.0,,0.0,,0.0,,0.0,,0.0,,0.0,,0.0,,0.0,0,,,,,,20.805606259033084,,,,,,,False,30,"Unknown label type: continuous. Maybe you are trying to fit a classifier, which expects discrete classes on a regression target with continuous values.",,,,,,,,,,,,,,,
throughput_3,20,10,markov,decision_tree,aic,5,0,,0.0,,0.0,,0.0,,0.0,,0.0,,0.0,,0.0,,0.0,,0.0,,0.0,,0.0,,0.0,,0.0,,0.0,,0.0,,0.0,,0.0,,0.0,,0.0,0,,,,,,19.408203766681254,,,,,,,False,30,"Unknown label type: continuous. Maybe you are trying to fit a classifier, which expects discrete classes on a regression target with continuous values.",,,,,,,,,,,,,,,
throughput_3,20,12,markov,decision_tree,aic,5,0,,0.0,,0.0,,0.0,,0.0,,0.0,,0.0,,0.0,,0.0,,0.0,,0.0,,0.0,,0.0,,0.0,,0.0,,0.0,,0.0,,0.0,,0.0,,0.0,0,,,,,,18.685771794058383,,,,,,,False,30,"Unknown label type: continuous. Maybe you are trying to fit a classifier, which expects discrete classes on a regression target with continuous values.",,,,,,,,,,,,,,,
throughput_3,20,14,markov,decision_tree,aic,5,0,,0.0,,0.0,,0.0,,0.0,,0.0,,0.0,,0.0,,0.0,,0.0,,0.0,,0.0,,0.0,,0.0,,0.0,,0.0,,0.0,,0.0,,0.0,,0.0,0,,,,,,18.191374325193465,,,,,,,False,30,"Unknown label type: continuous. Maybe you are trying to fit a classifier, which expects discrete classes on a regression target with continuous values.",,,,,,,,,,,,,,,
throughput_3,20,16,markov,decision_tree,aic,5,0,,0.0,,0.0,,0.0,,0.0,,0.0,,0.0,,0.0,,0.0,,0.0,,0.0,,0.0,,0.0,,0.0,,0.0,,0.0,,0.0,,0.0,,0.0,,0.0,0,,,,,,18.286957842297852,,,,,,,False,30,"Unknown label type: continuous. Maybe you are trying to fit a classifier, which expects discrete classes on a regression target with continuous values.",,,,,,,,,,,,,,,
throughput_3,20,18,markov,decision_tree,aic,5,0,,0.0,,0.0,,0.0,,0.0,,0.0,,0.0,,0.0,,0.0,,0.0,,0.0,,0.0,,0.0,,0.0,,0.0,,0.0,,0.0,,0.0,,0.0,,0.0,0,,,,,,18.046957043930888,,,,,,,False,30,"Unknown label type: continuous. Maybe you are trying to fit a classifier, which expects discrete classes on a regression target with continuous values.",,,,,,,,,,,,,,,
throughput_3,20,20,markov,decision_tree,aic,5,0,,0.0,,0.0,,0.0,,0.0,,0.0,,0.0,,0.0,,0.0,,0.0,,0.0,,0.0,,0.0,,0.0,,0.0,,0.0,,0.0,,0.0,,0.0,,0.0,0,,,,,,18.221669453196228,,,,,,,False,30,"Unknown label type: continuous. Maybe you are trying to fit a classifier, which expects discrete classes on a regression target with continuous values.",,,,,,,,,,,,,,,
throughput_3,20,10,markov,gmm,bic,5,5,0.6467554916405159,0.047605397002155166,0.5637076760440349,0.07858679820840644,0.5658789399554255,0.09750542726179351,0.6031556840315209,0.07401289492391964,1.2702999699329065,0.13470842761211296,0.8362204624422425,0.02873619654550135,0.7974233277142655,0.032251434224201604,0.7972143302186835,0.032522952099967244,0.7976509099968723,0.03197883534206169,0.10337585694036378,0.06535745277056243,0.018233256489532064,0.01065859418996251,0.010337585694036379,0.006535745277056242,0.1,0.0,2.2781810517198005,0.05804169167165739,0.7567576046621436,0.11224913933924477,0.6928667042860386,0.10714206080497078,0.7019507211006996,0.10900727604247627,0.7139890009478834,0.1132680211873004,1.1873031014313253,0.4694873393326733,21,"throughput_2,throughput_1,buffer_size_3,python_gc_objects_collected_total_1,python_gc_objects_collected_total_2,python_gc_objects_collected_total_3,python_gc_collections_total_1,python_gc_collections_total_4,python_gc_collections_total_7,python_gc_objects_collected_total_5,avg_p_latency_1,python_gc_objects_collected_total_6,process_cpu_seconds_total_3,process_cpu_seconds_total_1,process_cpu_seconds_total_2,python_gc_collections_total_6,python_gc_collections_total_3,python_gc_collections_total_5,python_gc_collections_total_2,python_gc_objects_collected_total_8,throughput_3",1.0,padded,2.214509865269065,0.6219751328229904,58.125922854058444,811.0,311.2,0.6933492454443908,5.0,,,False,30,,0.48427086855141954,0.6759891619563716,0.6467554916405159,0.40356422700953576,0.5920031708304504,0.5637076760440349,0.4527777515830926,0.5972254456446869,0.5658789399554255,0.41867997337658175,0.6207835500042529,0.6031556840315209,1.9888003927708027,1.226059379390793,1.2702999699329065
throughput_3,20,12,markov,gmm,bic,5,5,0.6697563344936452,0.06520420178743544,0.5761287601937679,0.06381692967281961,0.5886921428452634,0.05538722169181596,0.5979406159342243,0.06462839512067478,1.3077510408850552,0.21267468695020406,0.8239257590836869,0.03376640983239505,0.776326610238345,0.039044257648456766,0.7761321735098449,0.0391605515043985,0.776540029246691,0.03893943753177432,0.08662022244338519,0.062354108077986914,0.012995110533127002,0.008230311473279303,0.007265615954979339,0.005144477572459829,0.08484848484848484,0.0033879817840905936,2.438185697412202,0.04259672161737861,0.7729716411619866,0.062335150017699126,0.6651162683565988,0.04834018224045925,0.6722020579169895,0.03296885783248112,0.6894721934226529,0.04292925504879833,1.04161358897615,0.2455851360342734,21,"throughput_2,throughput_1,buffer_size_3,python_gc_objects_collected_total_1,python_gc_objects_collected_total_2,python_gc_objects_collected_total_3,python_gc_collections_total_1,python_gc_collections_total_4,python_gc_collections_total_7,python_gc_objects_collected_total_5,avg_p_latency_1,python_gc_objects_collected_total_6,process_cpu_seconds_total_3,process_cpu_seconds_total_1,process_cpu_seconds_total_2,python_gc_collections_total_6,python_gc_collections_total_3,python_gc_collections_total_5,python_gc_collections_total_2,python_gc_objects_collected_total_8,throughput_3",1.0,padded,2.2407552070915697,0.6258482931181788,59.04982720781118,782.2,340.0,0.6544333981541702,3.0,,,False,30,,0.4810581854372121,0.6872264100329681,0.6697563344936452,0.3824194187311606,0.5620583587112997,0.5761287601937679,0.41923080102828436,0.5625011332950134,0.5886921428452634,0.39615300821555816,0.5983651524454804,0.5979406159342243,2.1062952106429975,1.2915002790821986,1.3077510408850552
throughput_3,20,14,markov,gmm,bic,5,5,0.5925717814042155,0.11740825644414676,0.49686978524940295,0.11158086938150562,0.50791698216011,0.1075567397209331,0.5202596511515584,0.10562767041739576,1.5326313293481855,0.33586168937390953,0.8182194370502998,0.025366281916672808,0.7459148919771363,0.04810232835863551,0.7457697934710376,0.04812087549100289,0.7460799529694221,0.048097620410942656,0.0928514626120828,0.06377435205238283,0.011835705486765956,0.007354859479577523,0.006654773822549214,0.004523532970942733,0.07252747252747252,0.0024572175576920803,2.5747496091462745,0.051048894518965236,0.7200744383847282,0.055598355401657466,0.620996028226358,0.05908762112097639,0.638418814499489,0.08552244901300682,0.6662865209174862,0.040320982418891385,1.1662052046630378,0.23166594138927196,21,"throughput_2,throughput_1,buffer_size_3,python_gc_objects_collected_total_1,python_gc_objects_collected_total_2,python_gc_objects_collected_total_3,python_gc_collections_total_1,python_gc_collections_total_4,python_gc_collections_total_7,python_gc_objects_collected_total_5,avg_p_latency_1,python_gc_objects_collected_total_6,process_cpu_seconds_total_3,process_cpu_seconds_total_1,process_cpu_seconds_total_2,python_gc_collections_total_6,python_gc_collections_total_3,python_gc_collections_total_5,python_gc_collections_total_2,python_gc_objects_collected_total_8,throughput_3",1.0,padded,2.2702912712469696,0.6499408114701509,59.307420005090535,745.0,377.2,0.6187690582542521,3.0,,,False,30,,0.48605244736929826,0.6100567775074086,0.5925717814042155,0.377975955968572,0.4856913908664479,0.49686978524940295,0.4334733172303486,0.5000611640658499,0.50791698216011,0.39810134142177345,0.508291900630754,0.5202596511515584,2.166506099218831,1.4293099756764374,1.5326313293481855
throughput_3,20,16,markov,gmm,bic,5,5,0.646225017976105,0.11565750709308116,0.5054283613674968,0.09958414135083841,0.512180656432543,0.08117927301307075,0.5410925120927893,0.09002696740413195,1.4596069432021563,0.2940378415680925,0.8087718629911287,0.022049777812777952,0.7159320428728471,0.020454364185574902,0.715857788450206,0.02039542402116844,0.7160253781205859,0.02053309480977624,0.08892814796120019,0.06736673648150326,0.009868146035593921,0.006878579748831209,0.005558009247575012,0.004210421030093954,0.0625,0.0,2.678372848445568,0.0556853305473535,0.7571194975329807,0.06236377827706534,0.6304173874044533,0.06933167287322141,0.6312053482529858,0.051171790430798815,0.6779095308178839,0.06984474793796246,1.2074506302347832,0.25546815685425656,21,"throughput_2,throughput_1,buffer_size_3,python_gc_objects_collected_total_1,python_gc_objects_collected_total_2,python_gc_objects_collected_total_3,python_gc_collections_total_1,python_gc_collections_total_4,python_gc_collections_total_7,python_gc_objects_collected_total_5,avg_p_latency_1,python_gc_objects_collected_total_6,process_cpu_seconds_total_3,process_cpu_seconds_total_1,process_cpu_seconds_total_2,python_gc_collections_total_6,python_gc_collections_total_3,python_gc_collections_total_5,python_gc_collections_total_2,python_gc_objects_collected_total_8,throughput_3",1.0,padded,2.3721675114706158,0.6476185323670507,60.61547759268433,719.4,402.8,0.5795680514841939,2.0,,,False,30,,0.4810678679307877,0.6204281566913173,0.646225017976105,0.36343953319928846,0.47471751080478414,0.5054283613674968,0.39031362082800386,0.5000178757359436,0.512180656432543,0.38543354723312956,0.49453142041008064,0.5410925120927893,2.3186841464640806,1.545522280097546,1.4596069432021563
throughput_3,20,18,markov,gmm,bic,5,5,0.6164689691953849,0.08900013144925716,0.46360803931554023,0.06852416690716569,0.4715040512395644,0.07038229063499273,0.4891292547762503,0.05476385496498789,1.5383908477731758,0.24629709592722868,0.7943384396582237,0.034325559524412554,0.6835675688219769,0.03813328072473363,0.6834946631773233,0.03829088185366011,0.6836574903669116,0.037984300552458605,0.1046144224710041,0.0584017703437071,0.01077094703351201,0.0060639301588389025,0.006090432858608962,0.003824323641818794,0.05694444444444444,0.0031056499687497096,2.8030137386139544,0.08935419194543202,0.7434033774555319,0.09338579726161131,0.6028358114143264,0.08301218695406276,0.6159345434480052,0.09054375090633583,0.6351604615573774,0.063577373498705,1.3151493992806558,0.3737681854424358,21,"throughput_2,throughput_1,buffer_size_3,python_gc_objects_collected_total_1,python_gc_objects_collected_total_2,python_gc_objects_collected_total_3,python_gc_collections_total_1,python_gc_collections_total_4,python_gc_collections_total_7,python_gc_objects_collected_total_5,avg_p_latency_1,python_gc_objects_collected_total_6,process_cpu_seconds_total_3,process_cpu_seconds_total_1,process_cpu_seconds_total_2,python_gc_collections_total_6,python_gc_collections_total_3,python_gc_collections_total_5,python_gc_collections_total_2,python_gc_objects_collected_total_8,throughput_3",1.0,padded,2.41148099321872,0.7270457280799747,62.96156215202063,711.2,411.0,0.5802574923762566,2.0,,,False,30,,0.4320488950052619,0.5648028660180983,0.6164689691953849,0.30418830743294223,0.41349017486339024,0.46360803931554023,0.32853414691566024,0.42960728862339437,0.4715040512395644,0.3173538026538276,0.43106079634944505,0.4891292547762503,2.3615795550159757,1.724074959684082,1.5383908477731758
throughput_3,20,20,markov,gmm,bic,5,5,0.6132743812331053,0.09913991811881959,0.44020262810272326,0.07900808799675318,0.45562923212230333,0.07246922868158014,0.46117493918144464,0.0737126303420799,1.596781614329984,0.24338795081696019,0.7886383080715489,0.03325190318664243,0.6479406381532499,0.03794179925664737,0.6478908535749706,0.03778539355253271,0.6480058896957838,0.03811550231541933,0.11281406596476524,0.0553538359642455,0.010335568884651727,0.0050951694106149085,0.0058635196975252496,0.0032173832161339487,0.05111111111111111,0.0024845199749997634,2.863254789922302,0.09102466936196213,0.7523174453278743,0.0779583102611067,0.6102668870344544,0.05128897528676631,0.622508731292282,0.0489556632918719,0.6404652610416125,0.041246491673600304,1.3607888550596283,0.37995024752308987,21,"throughput_2,throughput_1,buffer_size_3,python_gc_objects_collected_total_1,python_gc_objects_collected_total_2,python_gc_objects_collected_total_3,python_gc_collections_total_1,python_gc_collections_total_4,python_gc_collections_total_7,python_gc_objects_collected_total_5,avg_p_latency_1,python_gc_objects_collected_total_6,process_cpu_seconds_total_3,process_cpu_seconds_total_1,process_cpu_seconds_total_2,python_gc_collections_total_6,python_gc_collections_total_3,python_gc_collections_total_5,python_gc_collections_total_2,python_gc_objects_collected_total_8,throughput_3",1.0,padded,2.5205267233774067,0.7323165884241462,65.08777398709208,691.0,431.2,0.5504203390515376,2.0,,,False,30,,0.40996677793597813,0.5555437037601407,0.6132743812331053,0.2724578147941591,0.3918232026733921,0.44020262810272326,0.295607369471383,0.4131226368811129,0.45562923212230333,0.29451449702217836,0.4069970794766169,0.46117493918144464,2.593639360960336,1.6452182705696128,1.596781614329984
throughput_3,20,10,markov,gmm,aic,5,5,0.5998784132773971,0.11182326794859754,0.527916480809866,0.11027419002598923,0.5503925729456155,0.12286636262856918,0.5482859294291749,0.08752580268700164,1.3987082259660222,0.28086683332151097,0.8362204624422425,0.02873619654550135,0.7974233277142655,0.032251434224201604,0.7972143302186835,0.032522952099967244,0.7976509099968723,0.03197883534206169,0.10337585694036378,0.06535745277056243,0.018233256489532064,0.01065859418996251,0.010337585694036379,0.006535745277056242,0.1,0.0,2.2781810517198005,0.05804169167165739,0.7772311709547697,0.10999469098287858,0.713585014906611,0.11109914612173434,0.7166621998354319,0.11456370738695583,0.7358516919582401,0.12046824057676296,1.1574814456956821,0.5202541041593101,21,"avg_p_latency_3,throughput_2,throughput_1,buffer_size_3,python_gc_objects_collected_total_1,python_gc_objects_collected_total_2,python_gc_objects_collected_total_3,python_gc_collections_total_1,python_gc_collections_total_4,python_gc_collections_total_7,python_gc_objects_collected_total_5,avg_p_latency_1,python_gc_objects_collected_total_6,process_cpu_seconds_total_3,process_cpu_seconds_total_1,process_cpu_seconds_total_2,python_gc_collections_total_6,python_gc_collections_total_3,python_gc_collections_total_5,python_gc_collections_total_2,throughput_3",2.0,padded,2.3237034268677235,0.8889210805296898,61.1967069497332,805.4,316.8,0.6772886604165236,5.0,,,False,30,,0.4719590224173535,0.635729988587356,0.5998784132773971,0.4021112708835653,0.5346691381491967,0.527916480809866,0.4269508043042484,0.5660407530311986,0.5503925729456155,0.41985664549274615,0.5527028641721421,0.5482859294291749,2.2270184764059286,1.3670452261567776,1.3987082259660222
throughput_3,20,12,markov,gmm,aic,5,5,0.5633765236038559,0.1361123128791869,0.4736582400189289,0.0951598800355578,0.48849426578988275,0.09867707687428032,0.4954174712220678,0.08118669841396906,1.5474875535165649,0.33544973913552795,0.8239257590836869,0.03376640983239505,0.776326610238345,0.039044257648456766,0.7761321735098449,0.0391605515043985,0.776540029246691,0.03893943753177432,0.08662022244338519,0.062354108077986914,0.012995110533127002,0.008230311473279303,0.007265615954979339,0.005144477572459829,0.08484848484848484,0.0033879817840905936,2.4381856974122016,0.042596721617378465,0.7729716411619866,0.062335150017699126,0.6673954323004421,0.04976446076185361,0.6749511036358891,0.03617822732142767,0.6917594825379715,0.04430914340957845,1.0185419070735147,0.2608388429521183,21,"throughput_2,throughput_1,buffer_size_3,python_gc_objects_collected_total_1,python_gc_objects_collected_total_2,python_gc_objects_collected_total_3,python_gc_collections_total_1,python_gc_collections_total_4,python_gc_collections_total_7,python_gc_objects_collected_total_5,avg_p_latency_1,python_gc_objects_collected_total_6,process_cpu_seconds_total_3,process_cpu_seconds_total_1,process_cpu_seconds_total_2,python_gc_collections_total_6,python_gc_collections_total_3,python_gc_collections_total_5,python_gc_collections_total_2,python_gc_objects_collected_total_8,throughput_3",1.0,padded,2.264910129457712,0.6178140195086599,57.87553144432604,782.2,340.0,0.5809885655144091,3.0,,,False,30,,0.43381539452986734,0.6214510089634494,0.5633765236038559,0.3345603118411911,0.5162466748857112,0.4736582400189289,0.37046870024077627,0.5275923875573176,0.48849426578988275,0.357458867509994,0.5427582770682775,0.4954174712220678,2.4960231387800436,1.5587714812529783,1.5474875535165649
throughput_3,20,14,markov,gmm,aic,5,5,0.6116347065013976,0.12429897545686323,0.5045107237421662,0.11146911204416715,0.5154820053761183,0.10724153831046873,0.535056402387774,0.10566704892549365,1.486586472306163,0.36086191289279157,0.8182194370502998,0.025366281916672808,0.7459148919771363,0.04810232835863551,0.7457697934710376,0.04812087549100289,0.7460799529694221,0.048097620410942656,0.0928514626120828,0.06377435205238283,0.011835705486765956,0.007354859479577523,0.006654773822549214,0.004523532970942733,0.07252747252747252,0.0024572175576920803,2.5747496091462745,0.051048894518965236,0.7200744383847282,0.055598355401657466,0.620996028226358,0.05908762112097639,0.638418814499489,0.08552244901300682,0.6662865209174862,0.040320982418891385,1.1662052046630378,0.23166594138927188,21,"throughput_2,throughput_1,buffer_size_3,python_gc_objects_collected_total_1,python_gc_objects_collected_total_2,python_gc_objects_collected_total_3,python_gc_collections_total_1,python_gc_collections_total_4,python_gc_collections_total_7,python_gc_objects_collected_total_5,avg_p_latency_1,python_gc_objects_collected_total_6,process_cpu_seconds_total_3,process_cpu_seconds_total_1,process_cpu_seconds_total_2,python_gc_collections_total_6,python_gc_collections_total_3,python_gc_collections_total_5,python_gc_collections_total_2,python_gc_objects_collected_total_8,throughput_3",1.0,padded,2.067992564290762,0.6506133731454611,57.26528494153172,745.0,377.2,0.6369337002417456,5.0,,,False,30,,0.48124421629738273,0.5878008517419759,0.6116347065013976,0.3728467965442762,0.45820998249105244,0.5045107237421662,0.40322847581750915,0.4737314870173123,0.5154820053761183,0.3951068443259031,0.4895071424843234,0.535056402387774,2.124734868425377,1.4826562744748935,1.486586472306163
throughput_3,20,16,markov,gmm,aic,5,5,0.6663676204716487,0.06471545328062674,0.5197364468373602,0.07131019473495634,0.5271398758435972,0.05166281242502515,0.5493270338623187,0.06942585726457733,1.3933142583599856,0.1871399595021357,0.8087718629911287,0.022049777812777952,0.7159320428728471,0.020454364185574902,0.715857788450206,0.02039542402116844,0.7160253781205859,0.02053309480977624,0.08892814796120019,0.06736673648150326,0.009868146035593921,0.006878579748831209,0.005558009247575012,0.004210421030093954,0.0625,0.0,2.678372848445568,0.0556853305473535,0.7571194975329807,0.06236377827706534,0.6304173874044533,0.06933167287322141,0.6312053482529858,0.051171790430798815,0.6779095308178839,0.06984474793796246,1.2074506302347832,0.25546815685425667,21,"throughput_2,throughput_1,buffer_size_3,python_gc_objects_collected_total_1,python_gc_objects_collected_total_2,python_gc_objects_collected_total_3,python_gc_collections_total_1,python_gc_collections_total_4,python_gc_collections_total_7,python_gc_objects_collected_total_5,avg_p_latency_1,python_gc_objects_collected_total_6,process_cpu_seconds_total_3,process_cpu_seconds_total_1,process_cpu_seconds_total_2,python_gc_collections_total_6,python_gc_collections_total_3,python_gc_collections_total_5,python_gc_collections_total_2,python_gc_objects_collected_total_8,throughput_3",1.0,padded,2.1121670570224524,0.632216134853661,58.2747885286808,719.4,402.8,0.5979258771806579,2.0,,,False,30,,0.4709041068058406,0.6414444058202898,0.6663676204716487,0.3591556244429042,0.50737606595277,0.5197364468373602,0.3759705021642986,0.5195005812830257,0.5271398758435972,0.3855612348652375,0.5264579225543558,0.5493270338623187,2.2405093996156245,1.424831137930475,1.3933142583599856
throughput_3,20,18,markov,gmm,aic,5,5,0.6431955085928163,0.09730636388981644,0.48862280413311526,0.0804301467984999,0.5026419531954268,0.0793873680173354,0.5103876045778583,0.06649684977675514,1.4631275319604022,0.2942573002930667,0.7943384396582237,0.034325559524412554,0.6835675688219769,0.03813328072473363,0.6834946631773233,0.03829088185366011,0.6836574903669116,0.037984300552458605,0.1046144224710041,0.0584017703437071,0.01077094703351201,0.0060639301588389025,0.006090432858608962,0.003824323641818794,0.05694444444444444,0.0031056499687497096,2.8030137386139544,0.08935419194543202,0.7437595662355853,0.09340259950083844,0.6100377437879295,0.08463479544169943,0.6235141293866031,0.09349271482523469,0.636973945742989,0.06376707981529771,1.3031777193972174,0.3801117899649401,21,"throughput_2,throughput_1,buffer_size_3,python_gc_objects_collected_total_1,python_gc_objects_collected_total_2,python_gc_objects_collected_total_3,python_gc_collections_total_1,python_gc_collections_total_4,python_gc_collections_total_7,python_gc_objects_collected_total_5,avg_p_latency_1,python_gc_objects_collected_total_6,process_cpu_seconds_total_3,process_cpu_seconds_total_1,process_cpu_seconds_total_2,python_gc_collections_total_6,python_gc_collections_total_3,python_gc_collections_total_5,python_gc_collections_total_2,python_gc_objects_collected_total_8,throughput_3",1.0,padded,2.1040743058547378,0.6588381147012115,58.98704550601542,695.2,427.0,0.5805659731437239,2.0,,,False,30,,0.42990192110196307,0.6494359550668807,0.6431955085928163,0.3089066749785614,0.48910599467726695,0.48862280413311526,0.3339890126146304,0.48996330190325177,0.5026419531954268,0.3247587046711525,0.5218880427651984,0.5103876045778583,2.3064070124315714,1.382519776471883,1.4631275319604022
throughput_3,20,20,markov,gmm,aic,5,5,0.6216568809989794,0.11472710870572236,0.44162089253068054,0.08281096627445839,0.44657271598228865,0.08082161240099402,0.4733920154500758,0.07267282367186889,1.7079848777485502,0.48688220122711645,0.7886383080715489,0.03325190318664243,0.6479406381532499,0.03794179925664737,0.6478908535749706,0.03778539355253271,0.6480058896957838,0.03811550231541933,0.11281406596476524,0.0553538359642455,0.010335568884651727,0.0050951694106149085,0.0058635196975252496,0.0032173832161339487,0.05111111111111111,0.0024845199749997634,2.863254789922302,0.09102466936196213,0.7533860116680345,0.0786199075443774,0.6122476049308887,0.053240523991386214,0.6263997115934454,0.053389991850901146,0.6418518960282474,0.04226652445198648,1.3501347610034398,0.38698986067536517,21,"throughput_2,throughput_1,buffer_size_3,python_gc_objects_collected_total_1,python_gc_objects_collected_total_2,python_gc_objects_collected_total_3,python_gc_collections_total_1,python_gc_collections_total_4,python_gc_collections_total_7,python_gc_objects_collected_total_5,avg_p_latency_1,python_gc_objects_collected_total_6,process_cpu_seconds_total_3,process_cpu_seconds_total_1,process_cpu_seconds_total_2,python_gc_collections_total_6,python_gc_collections_total_3,python_gc_collections_total_5,python_gc_collections_total_2,python_gc_objects_collected_total_8,throughput_3",1.0,padded,2.3453171087428926,0.7271599849686027,61.96115136705339,675.8,446.4,0.5504203390515376,2.0,,,False,30,,0.41120042285512926,0.6038237913152795,0.6216568809989794,0.2728455193969689,0.432008209867651,0.44162089253068054,0.29991047976558144,0.44389015023411166,0.44657271598228865,0.3007588571426037,0.44677917931942907,0.4733920154500758,2.5086594501926873,1.5333098226057298,1.7079848777485502
throughput_3,20,10,mrmr,classic_uniform,bic,5,4,0.6393425904321091,0.10099954079526968,0.5144875146340129,0.17629220357447614,0.5438837017495706,0.1805056791434619,0.5230582856874065,0.15945416207930455,1.240926976856733,0.19051332107960095,0.8378277563757633,0.008832115458044909,0.7500604573474848,0.05920198260002952,0.7501667913000379,0.05950131962795609,0.7499660398200911,0.05891063846681922,0.3272653066731428,0.0665449821431428,0.05209998219871834,0.010094178634359546,0.034770871130772395,0.007804263423562922,0.10625000000000001,0.012499999999999997,1.9311272509093715,0.08060113115691421,0.8326247452965019,0.0247402237003334,0.7373083925619437,0.09537004952510394,0.7437140056353817,0.09650088573939918,0.7468769660660208,0.08966647748212694,0.8080554533313195,0.1294965731002091,21,"throughput_2,buffer_size_3,throughput_1,avg_p_latency_3,avg_p_latency_1,buffer_size_1,python_gc_objects_collected_total_1,buffer_size_2,avg_p_latency_2,data_quality_1,process_open_fds_2,python_gc_objects_collected_total_4,rps,data_quality_2,cores_1,python_gc_objects_collected_total_5,data_quality_3,process_virtual_memory_bytes_1,cores_2,cores_3,throughput_3",,,1.818084614817053,0.6949674047064036,163.52539561130106,481.25,641.0,0.7189747837240736,3.0,,,False,30,,0.558970750932932,0.6678573355999892,0.6393425904321091,0.4369144515223056,0.5232557733772517,0.5144875146340129,0.4866007130831925,0.5468782124876193,0.5438837017495706,0.4348809311140732,0.5234295369300177,0.5230582856874065,1.8405314285626209,1.127986052879786,1.240926976856733
throughput_3,20,12,mrmr,classic_uniform,bic,5,3,0.6468963904404689,0.10529893077931322,0.45694482153229,0.015225873114523326,0.47769211284189006,0.010242347048020128,0.46911347906983547,0.019572064129464717,1.4001815549756216,0.24088154210643156,0.8099374129964461,0.05160675564475692,0.6855201330466764,0.03462328632009891,0.6856236273499895,0.0352337107475201,0.6854339776705128,0.034016603588628284,0.2572379284966368,0.11116124787693209,0.03338780311023464,0.012110020689374912,0.021436494041386398,0.009263437323077673,0.08333333333333333,0.0,2.180553009415577,0.0566642788804077,0.8445162561305772,0.020431030002500922,0.7166913479554551,0.05374672098593651,0.7253944995565806,0.06545230391535593,0.7260181619254572,0.03984507191050959,0.8610169772112569,0.08289111724959893,21,"throughput_2,buffer_size_3,throughput_1,avg_p_latency_3,avg_p_latency_1,buffer_size_1,python_gc_objects_collected_total_1,buffer_size_2,avg_p_latency_2,data_quality_1,process_open_fds_2,python_gc_objects_collected_total_4,rps,data_quality_2,cores_1,python_gc_objects_collected_total_5,data_quality_3,process_virtual_memory_bytes_1,cores_2,cores_3,throughput_3",,,1.753296737248699,0.7061114463334283,161.75864946376532,383.6666666666667,738.6666666666666,0.4727045528127163,1.0,,,False,30,,0.5385278588620478,0.627573731130381,0.6468963904404689,0.43080512560493683,0.4749810412104294,0.45694482153229,0.49028589423444896,0.5052660268720515,0.47769211284189006,0.4182520332898032,0.48063224048029163,0.46911347906983547,2.185181589025201,1.24385494621279,1.4001815549756216
throughput_3,20,14,mrmr,classic_uniform,bic,5,1,0.5716829919857525,0.0,0.4676400876736433,0.0,0.5029823993988,0.0,0.4684907059378844,0.0,1.692712547785595,0.0,0.804986642920748,0.0,0.7078480481615176,0.0,0.7079043629401595,0.0,0.7077942926173589,0.0,0.12822796081923418,0.0,0.01623632878565791,0.0,0.009159140058516728,0.0,0.07142857142857142,0.0,2.4107724969886575,0.0,0.8336298932384342,0.0,0.7600636213355856,0.0,0.7580020233631414,0.0,0.7706326340029411,0.0,0.8075035691076979,0.0,21,"throughput_2,buffer_size_3,throughput_1,avg_p_latency_3,avg_p_latency_1,buffer_size_1,python_gc_objects_collected_total_1,buffer_size_2,avg_p_latency_2,data_quality_1,process_open_fds_2,python_gc_objects_collected_total_4,rps,data_quality_2,cores_1,python_gc_objects_collected_total_5,data_quality_3,process_virtual_memory_bytes_1,cores_2,cores_3,throughput_3",,,2.069427422247827,0.7621538145467639,157.17358613107353,346.0,777.0,0.4676400876736433,5.0,,,False,30,,0.3312555654496883,0.5779162956366874,0.5716829919857525,0.2756408587919039,0.4565903975582645,0.4676400876736433,0.39399366652641993,0.48538526116668307,0.5029823993988,0.2400181780733795,0.46885289409585934,0.4684907059378844,2.852201080007859,1.558437208619584,1.692712547785595
throughput_3,20,16,mrmr,classic_uniform,bic,5,0,,0.0,,0.0,,0.0,,0.0,,0.0,,0.0,,0.0,,0.0,,0.0,,0.0,,0.0,,0.0,,0.0,,0.0,,0.0,,0.0,,0.0,,0.0,,0.0,0,,,,,,154.58787331916392,,,,,,,False,30,11,,,,,,,,,,,,,,,
throughput_3,20,18,mrmr,classic_uniform,bic,5,1,0.6631016042780749,0.0,0.5008606375776842,0.0,0.508317584814829,0.0,0.5032679632748095,0.0,1.4852605654497038,0.0,0.8199643493761141,0.0,0.6729391150945433,0.0,0.6733181385778925,0.0,0.6725909645173851,0.0,0.035650623885918005,0.0,0.004589787722317842,0.0,0.0023767082590612004,0.0,0.06666666666666667,0.0,2.49912200951931,0.0,0.7978628673196795,0.0,0.7319679433840169,0.0,0.7256857848014882,0.0,0.7506650946358473,0.0,1.062571330537425,0.0,21,"throughput_2,buffer_size_3,throughput_1,avg_p_latency_2,avg_p_latency_1,buffer_size_1,python_gc_objects_collected_total_1,buffer_size_2,data_quality_1,avg_p_latency_3,process_open_fds_2,python_gc_objects_collected_total_4,rps,data_quality_2,cores_1,python_gc_objects_collected_total_3,data_quality_3,python_gc_objects_collected_total_7,cores_2,python_gc_objects_collected_total_8,throughput_3",,,1.9408588400110602,0.7739592492580414,157.68622380681336,299.0,823.0,0.5008606375776842,3.0,,,False,30,,0.5311942959001783,0.6229946524064172,0.6631016042780749,0.40554517859322625,0.4634306089385567,0.5008606375776842,0.4913230136504844,0.5081684604344434,0.508317584814829,0.3893080930716495,0.4484203610428502,0.5032679632748095,1.9311114792419826,1.3477926186891225,1.4852605654497038
throughput_3,20,20,mrmr,classic_uniform,bic,5,0,,0.0,,0.0,,0.0,,0.0,,0.0,,0.0,,0.0,,0.0,,0.0,,0.0,,0.0,,0.0,,0.0,,0.0,,0.0,,0.0,,0.0,,0.0,,0.0,0,,,,,,154.58024029340595,,,,,,,False,30,18,,,,,,,,,,,,,,,
throughput_3,20,10,mrmr,classic_uniform,aic,5,2,0.4730985408005994,0.15022355911694243,0.4081291336245796,0.263598460413459,0.45718304532286025,0.3237705019294487,0.4546799752143518,0.21998525403387087,1.6231487057691827,0.2329999102403891,0.8343007890438617,0.007454890279317775,0.7945701698933079,0.0314028181625633,0.794776561177926,0.03177030524868947,0.7943784922388286,0.031053250055839483,0.2801990625441466,0.06632012711073013,0.0497262354741025,0.016818252592764434,0.03210858718133088,0.01241428073013413,0.1125,0.017677669529663684,1.954634606713693,0.12997560051538162,0.8544545780081949,0.0573650496153421,0.8097962682302877,0.010946527277016904,0.8012011803553667,0.0023981784623888515,0.8397702969778785,0.04640442965115228,0.632029018039972,0.27026661850650435,21,"throughput_2,buffer_size_3,throughput_1,avg_p_latency_3,avg_p_latency_1,buffer_size_1,python_gc_objects_collected_total_1,buffer_size_2,avg_p_latency_2,data_quality_1,process_open_fds_2,python_gc_objects_collected_total_4,rps,data_quality_2,cores_1,python_gc_objects_collected_total_5,data_quality_3,process_virtual_memory_bytes_1,cores_2,cores_3,throughput_3",,,2.7373433387838304,1.1772998319938779,166.8289766078815,398.5,724.0,0.5945213924932702,3.0,,,False,30,,0.40317942930430495,0.5256423382110879,0.4730985408005994,0.3019673862239499,0.44288162948769444,0.4081291336245796,0.3464749655045374,0.5001586889062423,0.45718304532286025,0.3118022297217218,0.45535344962694035,0.4546799752143518,2.1391104205063476,1.8743763751436542,1.6231487057691827
throughput_3,20,12,mrmr,classic_uniform,aic,5,1,0.3045414069456812,0.0,0.1991023365489786,0.0,0.2600675862804707,0.0,0.2595740699738112,0.0,2.1725307010691135,0.0,0.7506678539626002,0.0,0.692394021051817,0.0,0.6925248938991674,0.0,0.6922652164453827,0.0,0.1371326803205699,0.0,0.020099190811798485,0.0,0.011427723360047493,0.0,0.08333333333333333,0.0,2.2435278411442563,0.0,0.8247330960854092,0.0,0.7659269864407353,0.0,0.7693375763601294,0.0,0.7720266384305193,0.0,0.796936276219717,0.0,21,"throughput_2,buffer_size_3,throughput_1,avg_p_latency_3,avg_p_latency_1,buffer_size_1,python_gc_objects_collected_total_1,buffer_size_2,avg_p_latency_2,data_quality_1,process_open_fds_2,python_gc_objects_collected_total_4,rps,data_quality_2,cores_1,python_gc_objects_collected_total_5,data_quality_3,process_virtual_memory_bytes_1,cores_2,cores_3,throughput_3",,,2.4279035730287433,1.0677639124915004,161.6833557439968,259.0,864.0,0.1991023365489786,5.0,,,False,30,,0.26001780943900266,0.3250222617987533,0.3045414069456812,0.2343673160431027,0.20943770153104566,0.1991023365489786,0.32640751048763034,0.28662214271754366,0.2600675862804707,0.20809046291025698,0.2309084827022022,0.2595740699738112,2.309983830858723,2.432483084453898,2.1725307010691135
throughput_3,20,14,mrmr,classic_uniform,aic,5,1,0.39893143365983974,0.0,0.21443013522626572,0.0,0.24223741200303858,0.0,0.24987312018742272,0.0,2.7314351580841105,0.0,0.804986642920748,0.0,0.7078480481615176,0.0,0.7079043629401595,0.0,0.7077942926173589,0.0,0.12822796081923418,0.0,0.01623632878565791,0.0,0.009159140058516728,0.0,0.07142857142857142,0.0,2.4107724969886575,0.0,0.8336298932384342,0.0,0.7600636213355856,0.0,0.7580020233631414,0.0,0.7706326340029411,0.0,0.8075035691076979,0.0,21,"throughput_2,buffer_size_3,throughput_1,avg_p_latency_3,avg_p_latency_1,buffer_size_1,python_gc_objects_collected_total_1,buffer_size_2,avg_p_latency_2,data_quality_1,process_open_fds_2,python_gc_objects_collected_total_4,rps,data_quality_2,cores_1,python_gc_objects_collected_total_5,data_quality_3,process_virtual_memory_bytes_1,cores_2,cores_3,throughput_3",,,2.393687187694013,2.4216236313804984,162.49915627203882,253.0,870.0,0.21443013522626572,5.0,,,False,30,,0.18165627782724844,0.5467497773820125,0.39893143365983974,0.16940370408559333,0.3042944034357419,0.21443013522626572,0.19407625363022374,0.3294358127866531,0.24223741200303858,0.25331219564071356,0.36277645350600035,0.24987312018742272,2.5886652772790604,2.092828855990611,2.7314351580841105
throughput_3,20,16,mrmr,classic_uniform,aic,5,0,,0.0,,0.0,,0.0,,0.0,,0.0,,0.0,,0.0,,0.0,,0.0,,0.0,,0.0,,0.0,,0.0,,0.0,,0.0,,0.0,,0.0,,0.0,,0.0,0,,,,,,156.6092044012621,,,,,,,False,30,4,,,,,,,,,,,,,,,
throughput_3,20,18,mrmr,classic_uniform,aic,5,0,,0.0,,0.0,,0.0,,0.0,,0.0,,0.0,,0.0,,0.0,,0.0,,0.0,,0.0,,0.0,,0.0,,0.0,,0.0,,0.0,,0.0,,0.0,,0.0,0,,,,,,156.34419132769108,,,,,,,False,30,16,,,,,,,,,,,,,,,
throughput_3,20,20,mrmr,classic_uniform,aic,5,0,,0.0,,0.0,,0.0,,0.0,,0.0,,0.0,,0.0,,0.0,,0.0,,0.0,,0.0,,0.0,,0.0,,0.0,,0.0,,0.0,,0.0,,0.0,,0.0,0,,,,,,156.8744757147506,,,,,,,False,30,5,,,,,,,,,,,,,,,
throughput_3,20,10,mrmr,classic_quantile,bic,5,5,0.6168145231054456,0.07324070121867074,0.584750084213465,0.06891417209105782,0.6094879498282141,0.0690259427101368,0.5976599989140586,0.06182440180559752,1.3587851809517608,0.19726847840165018,0.7800764440804251,0.06225503487212486,0.7679407933133596,0.07896882005665559,0.7679133222173409,0.07895607847395807,0.7679724438804054,0.07898238752811838,0.12385766416985315,0.03125044852503501,0.022394782451540685,0.0049987192273113065,0.012645223735266164,0.0031051308720831095,0.10222222222222221,0.004969039949999527,2.3020577196971415,0.0009517940344618842,0.7824073164471119,0.0646733589867934,0.7784328932304787,0.079140625623861,0.8074859346459204,0.05524102345823008,0.7780362993804569,0.08598053676530423,1.036344780494246,0.33722783330485023,21,"throughput_2,buffer_size_3,throughput_1,avg_p_latency_3,avg_p_latency_1,buffer_size_1,python_gc_objects_collected_total_1,buffer_size_2,avg_p_latency_2,data_quality_1,process_open_fds_2,python_gc_objects_collected_total_4,rps,data_quality_2,cores_1,python_gc_objects_collected_total_5,data_quality_3,process_virtual_memory_bytes_1,cores_2,cores_3,throughput_3",,,1.9535546883940698,0.9948623629286886,173.12863908987492,267.2,855.0,0.6569710314598521,1.0,,,False,30,,0.5111748674212662,0.5842083291666864,0.6168145231054456,0.41747339723041055,0.5479435247152173,0.584750084213465,0.44115102679404883,0.5846599695910459,0.6094879498282141,0.4328301241278196,0.5779674430688836,0.5976599989140586,1.7976887025891124,1.3503650564117593,1.3587851809517608
throughput_3,20,12,mrmr,classic_quantile,bic,5,5,0.5570998868259358,0.09168058412459319,0.5001403677729984,0.10874922191297746,0.5376363167965383,0.1195544952274127,0.5241975439642887,0.08610372275430588,1.6060932325581856,0.2829460762756337,0.7708044247408345,0.048959984369407926,0.7222195032035362,0.05813522115959483,0.7222547967726296,0.0582434191600385,0.7221901761557051,0.05802949320423394,0.08609101861419709,0.04257819914778734,0.013355308039095898,0.006457900030392748,0.007361957487552129,0.0037740902007221975,0.08484848484848484,0.0033879817840905936,2.485201431477434,0.0026288291523938498,0.7581826766762896,0.05655974371777986,0.7138528143528895,0.09645931441810439,0.7373934701923539,0.10171523417606362,0.7183407933301095,0.08888482809987204,1.1757618714216307,0.31681658895454545,21,"throughput_2,buffer_size_3,throughput_1,avg_p_latency_3,avg_p_latency_1,buffer_size_1,python_gc_objects_collected_total_1,buffer_size_2,avg_p_latency_2,data_quality_1,process_open_fds_2,python_gc_objects_collected_total_4,rps,data_quality_2,cores_1,python_gc_objects_collected_total_5,data_quality_3,process_virtual_memory_bytes_1,cores_2,cores_3,throughput_3",,,2.0457746643573045,1.0288524586707353,175.53200131095946,183.8,938.4,0.6387664154151528,5.0,,,False,30,,0.35822829415098023,0.4922346401525072,0.5570998868259358,0.3118439702511115,0.44897864935999066,0.5001403677729984,0.33545186054758286,0.47208687871531263,0.5376363167965383,0.336246711057714,0.47474326853719584,0.5241975439642887,2.141887659841531,1.7075093489119322,1.6060932325581856
throughput_3,20,14,mrmr,classic_quantile,bic,5,5,0.5371682357068142,0.08633348669520084,0.48233632164976215,0.07257518965153499,0.4993573824904808,0.056595941546640195,0.4994406243331776,0.08708507123829393,1.7370565164805474,0.340571722946687,0.7367666503175382,0.04786873523693396,0.6824842045059076,0.05145720694979357,0.6825086532494955,0.051396653291766355,0.6824661523453844,0.05151946855818522,0.09196368906179811,0.05125425396000638,0.0119055621911632,0.0057840992406215696,0.0066187849829356295,0.0036056460577057244,0.07252747252747252,0.0024572175576920803,2.6396758233140054,0.0016480612567759453,0.7252631011874014,0.0758728543613446,0.6937984038422438,0.10097557475734274,0.7265789059344672,0.08891880742281993,0.6970605890483442,0.0995865366110133,1.2186535946816934,0.291261698173875,21,"throughput_2,buffer_size_3,throughput_1,avg_p_latency_3,avg_p_latency_1,buffer_size_1,python_gc_objects_collected_total_1,buffer_size_2,avg_p_latency_2,data_quality_1,process_open_fds_2,python_gc_objects_collected_total_4,rps,data_quality_2,cores_1,python_gc_objects_collected_total_5,data_quality_3,process_virtual_memory_bytes_1,cores_2,cores_3,throughput_3",,,1.969126634299755,1.0240822592750192,173.32223632652313,123.4,998.8,0.5889040552717925,1.0,,,False,30,,0.4564303662046053,0.5139924730517157,0.5371682357068142,0.3730188802929132,0.43708896308396666,0.48233632164976215,0.39555017070713167,0.4479811802656687,0.4993573824904808,0.41069991792035665,0.47973172418156806,0.4994406243331776,2.0853066843045687,1.7026379238276221,1.7370565164805474
throughput_3,20,16,mrmr,classic_quantile,bic,5,5,0.5223644966769999,0.09255782282823985,0.4750095324066333,0.06806465936278709,0.5115595380077305,0.06327095243050078,0.4997633516828895,0.06459465208531642,1.6275213959226718,0.1177352305976437,0.729107797899375,0.08295972902620391,0.6580945864538875,0.09372102389863998,0.6581106029653487,0.09372985966144057,0.6580866627791396,0.09371348325178391,0.07806200922852749,0.02744228430865229,0.009286613895198378,0.0031566117200449934,0.005039621693411438,0.0018360829253813375,0.06428571428571428,0.003992978531249623,2.7732404786641114,0.0030439285360161655,0.7240164404572146,0.0648846488606241,0.6787680463781119,0.09593493130327993,0.7156772806880443,0.07504177568762728,0.6890492138582814,0.09705223287117964,1.2394149955765879,0.23975146510175283,21,"throughput_2,buffer_size_3,throughput_1,avg_p_latency_3,avg_p_latency_1,buffer_size_1,python_gc_objects_collected_total_1,buffer_size_2,avg_p_latency_2,data_quality_1,process_open_fds_2,python_gc_objects_collected_total_4,rps,data_quality_2,cores_1,python_gc_objects_collected_total_5,data_quality_3,process_virtual_memory_bytes_1,cores_2,cores_3,throughput_3",,,2.015105992369354,1.0559600295498968,175.60935550555587,111.6,1010.6,0.5613303966628552,3.0,,,False,30,,0.4113512157878613,0.5280765329688906,0.5223644966769999,0.2847907516792926,0.4603962760365074,0.4750095324066333,0.2992535913258342,0.4794527760634152,0.5115595380077305,0.3183590828695852,0.4857630780875639,0.4997633516828895,2.1873561312083694,1.6675103685793016,1.6275213959226718
throughput_3,20,18,mrmr,classic_quantile,bic,5,5,0.4410778996290494,0.10410166539872497,0.3629131503083352,0.10720545866517166,0.3638049650388173,0.13351545237520115,0.4082252226279565,0.06853506731208221,1.9537747050056324,0.3087796682407838,0.7062853668950784,0.061494666791135515,0.597698310986563,0.055679960966242954,0.5976772566787962,0.0555982696389169,0.5977263027245675,0.055764256474589914,0.041342819002449196,0.026429381805942277,0.004434792559698056,0.0028130078983781763,0.002338765188367865,0.0015158095094833335,0.05620915032679739,0.0014614823382351578,2.891942858075035,0.0009991602450575802,0.6980075293998345,0.04916483506175513,0.6353022639414888,0.08980350599200553,0.6674085365743883,0.07608364867119663,0.6537500013026324,0.08713575045389486,1.3603059098938253,0.29174608909988914,21,"throughput_2,buffer_size_3,throughput_1,avg_p_latency_3,avg_p_latency_1,buffer_size_1,python_gc_objects_collected_total_1,buffer_size_2,avg_p_latency_2,data_quality_1,process_open_fds_2,python_gc_objects_collected_total_4,rps,data_quality_2,cores_1,python_gc_objects_collected_total_5,data_quality_3,process_virtual_memory_bytes_1,cores_2,cores_3,throughput_3",,,2.0920486375689507,1.0671222481876612,177.11440861783922,92.2,1030.0,0.4651339679524915,5.0,,,False,30,,0.42916271827277014,0.4154194503835697,0.4410778996290494,0.33342352878318726,0.356219823615976,0.3629131503083352,0.35531029056480845,0.36895858713772034,0.3638049650388173,0.3524568175693132,0.39114011548576977,0.4082252226279565,2.211185546627749,1.959310381777544,1.9537747050056324
throughput_3,20,20,mrmr,classic_quantile,bic,5,5,0.3803215222784654,0.10248052838259185,0.3080434442949305,0.10733502338715045,0.31377255690903205,0.13418362228867597,0.36626100203779594,0.07002260360751186,2.175249752352299,0.3216920423816664,0.7052191814959612,0.07742253643754808,0.6116400563992828,0.08099577016343507,0.6117085768382102,0.08090875161968053,0.611590278364286,0.08108742624111032,0.05542608527260982,0.028234381512368487,0.005955539193614061,0.0025126944739912896,0.0032078146966807155,0.0013889102659865797,0.05102728540809036,0.005464179629532344,2.9950890958009166,0.0036145353408172,0.6948024641672187,0.06727510190385609,0.6326959674119907,0.0888550796941569,0.6592510484195303,0.07702497721122262,0.6555671210686436,0.08394380692493077,1.4557362453784282,0.3889419557711597,21,"throughput_2,buffer_size_3,throughput_1,avg_p_latency_3,avg_p_latency_1,buffer_size_1,python_gc_objects_collected_total_1,buffer_size_2,avg_p_latency_2,data_quality_1,process_open_fds_2,python_gc_objects_collected_total_4,rps,data_quality_2,cores_1,python_gc_objects_collected_total_5,data_quality_3,process_virtual_memory_bytes_1,cores_2,cores_3,throughput_3",,,2.0894275533035396,1.0444596383720637,175.98255520127714,81.6,1040.6,0.4654232898746184,3.0,,,False,30,,0.33080159935746334,0.3416453572443306,0.3803215222784654,0.2045684632490729,0.2508575421394488,0.3080434442949305,0.20574129942428745,0.25006592149323764,0.31377255690903205,0.27258972446090296,0.32129047724915877,0.36626100203779594,2.469285550514305,2.4206887666277397,2.175249752352299
throughput_3,20,10,mrmr,classic_quantile,aic,5,5,0.49687969739826643,0.12297681923216688,0.45624351098724053,0.12895338787230182,0.4795693734080282,0.12708605329723066,0.48729966862419694,0.12628008955787554,1.5512490072199636,0.3602121287604441,0.7800764440804251,0.06225503487212486,0.7679407933133596,0.07896882005665559,0.7679133222173409,0.07895607847395807,0.7679724438804054,0.07898238752811838,0.12385766416985315,0.03125044852503501,0.022394782451540685,0.0049987192273113065,0.012645223735266164,0.0031051308720831095,0.10222222222222221,0.004969039949999527,2.3020577196971415,0.0009517940344618842,0.7809781248118443,0.07391126362628196,0.7808655560152294,0.08410095814758094,0.7983803617016647,0.07200129516951277,0.7851367255161767,0.08209404649779313,0.9737135924514941,0.35879860081054143,21,"throughput_2,buffer_size_3,throughput_1,avg_p_latency_3,avg_p_latency_1,buffer_size_1,python_gc_objects_collected_total_1,buffer_size_2,avg_p_latency_2,data_quality_1,process_open_fds_2,python_gc_objects_collected_total_4,rps,data_quality_2,cores_1,python_gc_objects_collected_total_5,data_quality_3,process_virtual_memory_bytes_1,cores_2,cores_3,throughput_3",,,3.369459063373506,1.3063309770077467,189.06255560461432,256.2,866.0,0.6089016363817722,1.0,,,False,30,,0.410110110586775,0.4890389410844075,0.49687969739826643,0.3555222293331145,0.4601649628338473,0.45624351098724053,0.3790687064937784,0.4762360051813488,0.4795693734080282,0.3647961028211214,0.500374857234931,0.48729966862419694,1.9446528807328094,1.6032521961437727,1.5512490072199636
throughput_3,20,12,mrmr,classic_quantile,aic,5,5,0.488699577621059,0.09181752930125801,0.4295430926002416,0.08701103606858877,0.45816641983748657,0.0806455717440476,0.45794279532266247,0.08510060400910463,1.706452063562756,0.23876612653519252,0.7708044247408345,0.048959984369407926,0.7222195032035362,0.05813522115959483,0.7222547967726296,0.0582434191600385,0.7221901761557051,0.05802949320423394,0.08609101861419709,0.04257819914778734,0.013355308039095898,0.006457900030392748,0.007361957487552129,0.0037740902007221975,0.08484848484848484,0.0033879817840905936,2.485201431477434,0.0026288291523938498,0.75017460855677,0.04658878467251877,0.7141748497883602,0.08429644773125242,0.7276014299787069,0.09492345331017989,0.727498090392339,0.06840804029580357,1.1289335213278548,0.2815974365784825,21,"throughput_2,buffer_size_3,throughput_1,avg_p_latency_3,avg_p_latency_1,buffer_size_1,python_gc_objects_collected_total_1,buffer_size_2,avg_p_latency_2,data_quality_1,process_open_fds_2,python_gc_objects_collected_total_4,rps,data_quality_2,cores_1,python_gc_objects_collected_total_5,data_quality_3,process_virtual_memory_bytes_1,cores_2,cores_3,throughput_3",,,3.027999259531498,1.3165789812803268,187.51571312360466,175.2,947.0,0.5495383248057163,1.0,,,False,30,,0.3857000680949138,0.494927643201699,0.488699577621059,0.34615465308397847,0.42027160469410846,0.4295430926002416,0.37931128730429836,0.4503472818075336,0.45816641983748657,0.37288812275948213,0.448736924557816,0.45794279532266247,2.077672855570926,1.6994256630150884,1.706452063562756
throughput_3,20,14,mrmr,classic_quantile,aic,5,5,0.4104648708022025,0.15079171324192306,0.36099253319052726,0.14633813542127755,0.3731000310584442,0.14625022153505354,0.3831447900594961,0.15335605562097765,2.075122040721124,0.6783289076124304,0.7367666503175382,0.04786873523693396,0.6824842045059076,0.05145720694979357,0.6825086532494955,0.051396653291766355,0.6824661523453844,0.05151946855818522,0.09196368906179811,0.05125425396000638,0.0119055621911632,0.0057840992406215696,0.0066187849829356295,0.0036056460577057244,0.07252747252747252,0.0024572175576920803,2.6396758233140054,0.0016480612567759453,0.7108423674511904,0.0911715276492659,0.6795917905751505,0.1164359513022708,0.7160220113969799,0.09800146924217565,0.6884068452475021,0.109159776113925,1.218310331261554,0.331726254738224,21,"throughput_2,buffer_size_3,throughput_1,avg_p_latency_3,avg_p_latency_1,buffer_size_1,python_gc_objects_collected_total_1,buffer_size_2,avg_p_latency_2,data_quality_1,process_open_fds_2,python_gc_objects_collected_total_4,rps,data_quality_2,cores_1,python_gc_objects_collected_total_5,data_quality_3,process_virtual_memory_bytes_1,cores_2,cores_3,throughput_3",,,2.5542840050533413,1.2762276558205485,184.38276781141758,118.2,1004.0,0.5716982640791525,1.0,,,False,30,,0.38192262576527414,0.46516318176262655,0.4104648708022025,0.3382899863982382,0.4131058526448955,0.36099253319052726,0.36555569633681995,0.4419299817942622,0.3731000310584442,0.36987313805363226,0.43671282411437734,0.3831447900594961,2.341796971544796,1.8016752568648087,2.075122040721124
throughput_3,20,16,mrmr,classic_quantile,aic,5,5,0.4263324142900907,0.11216718591177967,0.37674724901575424,0.13191196520459375,0.38783089493059336,0.12834038503753192,0.4100195239420793,0.13626606264997188,1.9884189949696705,0.4483459595767812,0.729107797899375,0.08295972902620391,0.6580945864538875,0.09372102389863998,0.6581106029653487,0.09372985966144057,0.6580866627791396,0.09371348325178391,0.07806200922852749,0.02744228430865229,0.009286613895198378,0.0031566117200449934,0.005039621693411438,0.0018360829253813375,0.06428571428571428,0.003992978531249623,2.7732404786641114,0.0030439285360161655,0.7284657897155243,0.05909707359069915,0.674005594235996,0.10234503727682903,0.7028827308417716,0.09041994075237876,0.6834763136722979,0.10528220764747026,1.3012245050416589,0.27743405247716907,21,"throughput_2,buffer_size_3,throughput_1,avg_p_latency_3,avg_p_latency_1,buffer_size_1,python_gc_objects_collected_total_1,buffer_size_2,avg_p_latency_2,data_quality_1,process_open_fds_2,python_gc_objects_collected_total_4,rps,data_quality_2,cores_1,python_gc_objects_collected_total_5,data_quality_3,process_virtual_memory_bytes_1,cores_2,cores_3,throughput_3",,,2.3483884509652855,1.2241462122648954,184.2230322342366,106.2,1016.0,0.534570498247657,1.0,,,False,30,,0.4605446323271477,0.4521595928908274,0.4263324142900907,0.37755880085277627,0.3918135658777372,0.37674724901575424,0.40601029359748325,0.4025309624096062,0.38783089493059336,0.4053193983925249,0.42262329761173395,0.4100195239420793,1.9091308236466067,1.7766889697671018,1.9884189949696705
throughput_3,20,18,mrmr,classic_quantile,aic,5,5,0.45820051650547694,0.05998953336922238,0.39752032431196055,0.06612539008882716,0.4218314655982846,0.08041447628605274,0.43330214735385136,0.0718419436167484,1.834417164187189,0.3311235557583295,0.7062853668950784,0.061494666791135515,0.597698310986563,0.055679960966242954,0.5976772566787962,0.0555982696389169,0.5977263027245675,0.055764256474589914,0.041342819002449196,0.026429381805942277,0.004434792559698056,0.0028130078983781763,0.002338765188367865,0.0015158095094833335,0.05620915032679739,0.0014614823382351578,2.891942858075035,0.0009991602450575802,0.6967624531393097,0.049008688584560554,0.6289499057324364,0.09505415776246995,0.6709228447659632,0.07279342654525688,0.6423571716151002,0.09840271472842847,1.3935479458430684,0.27499840747481863,21,"throughput_2,buffer_size_3,throughput_1,avg_p_latency_3,avg_p_latency_1,buffer_size_1,python_gc_objects_collected_total_1,buffer_size_2,avg_p_latency_2,data_quality_1,process_open_fds_2,python_gc_objects_collected_total_4,rps,data_quality_2,cores_1,python_gc_objects_collected_total_5,data_quality_3,process_virtual_memory_bytes_1,cores_2,cores_3,throughput_3",,,2.3331972042098643,1.263222330622375,183.11146753188223,87.6,1034.6,0.48193845829716536,1.0,,,False,30,,0.45091563056048944,0.4605243149635795,0.45820051650547694,0.37303792616412623,0.398267929615575,0.39752032431196055,0.40542377407554814,0.407801607113219,0.4218314655982846,0.39671243250235655,0.4375584827327944,0.43330214735385136,2.0261484655010094,1.936526117002527,1.834417164187189
throughput_3,20,20,mrmr,classic_quantile,aic,5,5,0.49902206814888184,0.06982058108901551,0.43269681209047794,0.06196367783298103,0.4655158377662281,0.05112677649821215,0.4505206484547758,0.0641284410706533,1.8205474414942926,0.3121318146477317,0.7052191814959612,0.07742253643754808,0.6116400563992828,0.08099577016343507,0.6117085768382102,0.08090875161968053,0.611590278364286,0.08108742624111032,0.05542608527260982,0.028234381512368487,0.005955539193614061,0.0025126944739912896,0.0032078146966807155,0.0013889102659865797,0.05102728540809036,0.005464179629532344,2.9950890958009166,0.0036145353408172,0.6924888215665335,0.06737724518382852,0.634588557432024,0.09524719927164643,0.6678644441552677,0.08555121138937441,0.6571744043854906,0.0859287575594136,1.5606173305685471,0.48538168752841715,21,"throughput_2,buffer_size_3,throughput_1,avg_p_latency_3,avg_p_latency_1,buffer_size_1,python_gc_objects_collected_total_1,buffer_size_2,avg_p_latency_2,data_quality_1,process_open_fds_2,python_gc_objects_collected_total_4,rps,data_quality_2,cores_1,python_gc_objects_collected_total_5,data_quality_3,process_virtual_memory_bytes_1,cores_2,cores_3,throughput_3",,,2.3678296376019716,1.3278634160757066,182.79190911818296,78.0,1044.2,0.5122976667900068,1.0,,,False,30,,0.438819021496723,0.4546587873391079,0.49902206814888184,0.3504720783844087,0.40105101062855536,0.43269681209047794,0.3697885375628672,0.424494035141889,0.4655158377662281,0.38280575838521214,0.41687560103621024,0.4505206484547758,2.068220563905699,2.0403679257041314,1.8205474414942926
throughput_3,20,10,mrmr,kmeans,bic,5,5,0.6428575736940935,0.08397693468236865,0.5131874642085421,0.06443550948323665,0.5677922163454914,0.09162874231547546,0.5085331580290526,0.0472450565725485,1.2720775301694327,0.19637013904051726,0.8438815370720457,0.020133412559480132,0.7190910592978726,0.055550814297618226,0.718940080948559,0.055834045865125394,0.7192704146562177,0.055266369764661115,0.22278989147670725,0.10084770006789665,0.03630499600370173,0.013262806072116754,0.0227246219462447,0.010010800409733863,0.10222222222222221,0.004969039949999527,1.9902911641689027,0.07565296109919907,0.8076962444900067,0.07146462669041469,0.6921323936575765,0.08721871158634573,0.7007638759741057,0.10116516361843529,0.7099391971067235,0.0718793872814951,0.8198574483884364,0.1689147928963331,21,"throughput_2,buffer_size_3,throughput_1,avg_p_latency_3,avg_p_latency_1,buffer_size_1,python_gc_objects_collected_total_1,buffer_size_2,avg_p_latency_2,data_quality_1,process_open_fds_2,python_gc_objects_collected_total_4,rps,data_quality_2,cores_1,python_gc_objects_collected_total_5,data_quality_3,process_virtual_memory_bytes_1,cores_2,cores_3,throughput_3",,,1.916738485917449,0.7057236747816205,167.28885760717094,483.0,639.2,0.5920470468899037,5.0,,,False,30,,0.5200759361463358,0.6829596049542621,0.6428575736940935,0.4529126122450443,0.4992152401394046,0.5131874642085421,0.5039557849675382,0.531972438237923,0.5677922163454914,0.4498321391916315,0.5038852135284699,0.5085331580290526,1.8173782234639575,1.1149952820653795,1.2720775301694327
throughput_3,20,12,mrmr,kmeans,bic,5,5,0.5731661595262245,0.09599348224431362,0.46408091021108955,0.06705215950330097,0.49118664308540516,0.07620854207606943,0.47221637747090855,0.05321201070404823,1.5206578371767123,0.2540785601565323,0.8360377648995323,0.01765139156100593,0.7115802790175823,0.049997131710459636,0.7114670847599877,0.050268454287658755,0.7117219252873972,0.04972284084953842,0.19694588755926562,0.10143113641248733,0.02704029824715775,0.011095891338608783,0.01663092248863269,0.008324069325799339,0.08484848484848484,0.0033879817840905936,2.2436103393438946,0.06718240780996969,0.8005653387754584,0.05394119641278048,0.6872869021213066,0.07484273566511428,0.7007451548574243,0.07516719345552171,0.7055866963634281,0.06617389158181816,1.017029862649933,0.20801308665758866,21,"throughput_2,buffer_size_3,throughput_1,avg_p_latency_3,avg_p_latency_1,buffer_size_1,python_gc_objects_collected_total_1,buffer_size_2,avg_p_latency_2,data_quality_1,process_open_fds_2,python_gc_objects_collected_total_4,rps,data_quality_2,cores_1,python_gc_objects_collected_total_5,data_quality_3,process_virtual_memory_bytes_1,cores_2,cores_3,throughput_3",,,1.8496975008398295,0.7238737717270851,167.10210191924125,414.4,707.8,0.543238226292528,3.0,,,False,30,,0.4961912879779938,0.6196829221448151,0.5731661595262245,0.4204455601229851,0.4968277452270698,0.46408091021108955,0.48275478482570583,0.5344984672665571,0.49118664308540516,0.4098775246415099,0.5035815227964638,0.47221637747090855,2.179008122859146,1.3164528966842872,1.5206578371767123
throughput_3,20,14,mrmr,kmeans,bic,5,5,0.5761999546033908,0.08897979602383929,0.42562990541402046,0.027516679502509304,0.4434587833153909,0.03831121727933048,0.4373196147849412,0.020538642197922622,1.682287245201732,0.262888605866846,0.8269520938789181,0.02670836564148657,0.6620799984903682,0.04062197814599398,0.6618616148124109,0.0410022952400693,0.6623476870388662,0.04025453666477496,0.19694588755926562,0.10143113641248733,0.023450489892150508,0.009403608885195749,0.014411337270276037,0.0070608418319674906,0.0738095238095238,0.005323971374999499,2.3294845794232657,0.06987455822536816,0.8192674679857905,0.05253673623280008,0.6824227592424676,0.07503882189328893,0.6821273233475161,0.08045222977184069,0.7041343816391447,0.0616515788720751,0.989629278755461,0.20088142476081006,21,"throughput_2,buffer_size_3,throughput_1,avg_p_latency_3,avg_p_latency_1,buffer_size_1,python_gc_objects_collected_total_1,buffer_size_2,avg_p_latency_2,data_quality_1,process_open_fds_2,python_gc_objects_collected_total_4,rps,data_quality_2,cores_1,python_gc_objects_collected_total_5,data_quality_3,process_virtual_memory_bytes_1,cores_2,cores_3,throughput_3",,,1.8344322627410292,0.7195245523005724,165.25379195529968,391.6,730.6,0.44895788748542603,5.0,,,False,30,,0.46963474777104236,0.6205741877419632,0.5761999546033908,0.3405900949849167,0.43474516672301694,0.42562990541402046,0.38306360400734213,0.4710567863958623,0.4434587833153909,0.344792049257878,0.4471924123211644,0.4373196147849412,2.4559318889656945,1.4059744980562687,1.682287245201732
throughput_3,20,16,mrmr,kmeans,bic,5,5,0.5416185319752446,0.057736144873665116,0.35405200187904523,0.024318251389823516,0.37488003691397287,0.026442793057531267,0.3680907582729481,0.023302937549685,1.6947580831271343,0.20437611309522294,0.8101996339699971,0.03491635307156211,0.6266778050892817,0.059836541741147074,0.6265853570443423,0.060031053779734625,0.6267902833305504,0.05965046680270489,0.13936251097216998,0.09876428886372066,0.014811788890992533,0.009113647105057715,0.00879756952317321,0.006054065759571337,0.06538461538461539,0.006450196088941704,2.4531347814744526,0.04538780166623037,0.7589032934786397,0.026826219642378437,0.5795182958112136,0.04598430370597522,0.5837796186453078,0.05631917859929042,0.6095383683341626,0.039207740313633055,1.1840810895567722,0.20354687914878197,21,"throughput_2,buffer_size_3,throughput_1,avg_p_latency_3,avg_p_latency_1,buffer_size_1,python_gc_objects_collected_total_1,buffer_size_2,avg_p_latency_2,data_quality_1,process_open_fds_2,python_gc_objects_collected_total_4,rps,data_quality_2,cores_1,python_gc_objects_collected_total_5,data_quality_3,process_virtual_memory_bytes_1,cores_2,cores_3,throughput_3",,,1.8882360832765699,0.7331769214943051,167.24650201946497,360.8,761.4,0.38506038608852705,3.0,,,False,30,,0.3988900052856891,0.554818469118401,0.5416185319752446,0.2976839734355396,0.3798823968078405,0.35405200187904523,0.34927014410648016,0.3975483883555092,0.37488003691397287,0.3030425083114864,0.3905208863443657,0.3680907582729481,2.5517063218821847,1.6392323443718162,1.6947580831271343
throughput_3,20,18,mrmr,kmeans,bic,5,5,0.5623403380618822,0.17556637092644042,0.37316202985558977,0.10490445097909483,0.383805735900428,0.11264889621814313,0.3940466394498366,0.09253977575663319,1.7246597041714673,0.3399759107954808,0.8112675653925457,0.022094576265623382,0.6187897149582797,0.05005928383542189,0.6187600522982335,0.05036461706585883,0.6188579136719439,0.0497489249995223,0.11264533660950822,0.09945730463534223,0.010787005009317698,0.008159371026082373,0.006325414323423856,0.005457348510016636,0.057777777777777775,0.004969039949999534,2.579336931801359,0.042010088314061216,0.7998551794728785,0.053614173204150524,0.6552258729626911,0.08495793249024969,0.6594841223119191,0.08738875420254734,0.6763758604410215,0.0760180038282649,1.1679672036306974,0.2591770187553628,21,"throughput_2,buffer_size_3,throughput_1,avg_p_latency_3,avg_p_latency_1,buffer_size_1,python_gc_objects_collected_total_1,buffer_size_2,avg_p_latency_2,data_quality_1,process_open_fds_2,python_gc_objects_collected_total_4,rps,data_quality_2,cores_1,python_gc_objects_collected_total_5,data_quality_3,process_virtual_memory_bytes_1,cores_2,cores_3,throughput_3",,,1.9647360231727362,0.7791548838838935,168.28155146259815,324.0,798.2,0.4874342668149759,2.0,,,False,30,,0.45129197797470805,0.5500418251976578,0.5623403380618822,0.33487895473078827,0.3811492658394191,0.37316202985558977,0.37736612551913046,0.39141031352342626,0.383805735900428,0.3386797760262806,0.40376899991287435,0.3940466394498366,2.575219801744573,1.77787664737201,1.7246597041714673
throughput_3,20,20,mrmr,kmeans,bic,5,5,0.5979468351738008,0.08914490029928014,0.3721812838824854,0.04281743944668462,0.39548934379397904,0.06234636723914495,0.38564321732477735,0.025552265540328405,1.6916824322014687,0.26660775007151677,0.8018264992388925,0.030271273209187464,0.5821745544493571,0.03570734725955415,0.5821273802377998,0.03589858818844752,0.5822551971823944,0.03551771730225865,0.10337617439916953,0.09989120332196658,0.009056227972247224,0.0072889673845021475,0.005287253226947876,0.004915743879590737,0.05302631578947368,0.005417154960589184,2.625955140505276,0.07656364205843783,0.7980743940195776,0.06293558191291924,0.634041127213551,0.08397402468254128,0.6400423677499487,0.08455061355737001,0.6576315275566725,0.07492750479390861,1.1749921473563236,0.3248148425119265,21,"throughput_2,buffer_size_3,throughput_1,avg_p_latency_3,avg_p_latency_1,buffer_size_1,python_gc_objects_collected_total_1,buffer_size_2,avg_p_latency_2,data_quality_1,process_open_fds_2,python_gc_objects_collected_total_4,rps,data_quality_2,cores_1,python_gc_objects_collected_total_5,data_quality_3,process_virtual_memory_bytes_1,cores_2,cores_3,throughput_3",,,1.9957798419520258,0.7860347375273704,167.8433087123558,285.6,836.6,0.4102343963906336,3.0,,,False,30,,0.26323636554111646,0.5232535400625076,0.5979468351738008,0.18057933846628266,0.3387486377799046,0.3721812838824854,0.20870110036745246,0.3460206526069679,0.39548934379397904,0.20048203248075777,0.35817304174111264,0.38564321732477735,2.8854432777562584,1.7894026657211846,1.6916824322014687
throughput_3,20,10,mrmr,kmeans,aic,5,5,0.5897440170919821,0.10314945166479204,0.4382623242652997,0.06167823234882292,0.4731266761622878,0.06961937284545498,0.44322286392005317,0.0609404286746349,1.3670727487660157,0.2299097281920287,0.8438815370720457,0.020133412559480132,0.7190910592978726,0.055550814297618226,0.718940080948559,0.055834045865125394,0.7192704146562177,0.055266369764661115,0.22278989147670725,0.10084770006789665,0.03630499600370173,0.013262806072116754,0.0227246219462447,0.010010800409733863,0.10222222222222221,0.004969039949999527,1.9902911641689027,0.07565296109919907,0.8016354895852811,0.1018189404821561,0.6963790772884577,0.09099638229242961,0.7120182689587965,0.08137391068763827,0.709701700212603,0.08711170852558374,0.9440808272312747,0.49860377704475267,21,"throughput_2,buffer_size_3,throughput_1,avg_p_latency_3,avg_p_latency_1,buffer_size_1,python_gc_objects_collected_total_1,buffer_size_2,avg_p_latency_2,data_quality_1,process_open_fds_2,python_gc_objects_collected_total_4,rps,data_quality_2,cores_1,python_gc_objects_collected_total_5,data_quality_3,process_virtual_memory_bytes_1,cores_2,cores_3,throughput_3",,,2.180298020504415,0.9550612652674317,176.17740059643984,392.8,729.4,0.48884386200839014,1.0,,,False,30,,0.4418456737507599,0.6387541011709468,0.5897440170919821,0.4027749524034917,0.4580055862853819,0.4382623242652997,0.4780619049142323,0.484575540238144,0.4731266761622878,0.395357513826016,0.4671430845041149,0.44322286392005317,2.042446174167601,1.2434781915841653,1.3670727487660157
throughput_3,20,12,mrmr,kmeans,aic,5,5,0.5614114535962527,0.12647647360016817,0.4257346372525155,0.06423732143766651,0.4450650549879035,0.06726484315542187,0.44431334676891554,0.04817867648078874,1.5892450850018989,0.2696858872910023,0.8360377648995323,0.01765139156100593,0.7115802790175823,0.049997131710459636,0.7114670847599877,0.050268454287658755,0.7117219252873972,0.04972284084953842,0.19694588755926562,0.10143113641248733,0.02704029824715775,0.011095891338608783,0.01663092248863269,0.008324069325799339,0.08484848484848484,0.0033879817840905936,2.2436103393438946,0.06718240780996969,0.8067940474643732,0.05740070068257651,0.7029097906454472,0.10095808192813575,0.7166606871551451,0.1005097044859007,0.7267149443676423,0.09191382918397199,1.0196871906114704,0.24083422752971798,21,"throughput_2,buffer_size_3,throughput_1,avg_p_latency_3,avg_p_latency_1,buffer_size_1,python_gc_objects_collected_total_1,buffer_size_2,avg_p_latency_2,data_quality_1,process_open_fds_2,python_gc_objects_collected_total_4,rps,data_quality_2,cores_1,python_gc_objects_collected_total_5,data_quality_3,process_virtual_memory_bytes_1,cores_2,cores_3,throughput_3",,,2.035965273156762,1.408781759440899,178.74368577357382,312.2,810.0,0.5218256867744219,1.0,,,False,30,,0.5218814831040487,0.6029236368715705,0.5614114535962527,0.4548878212909734,0.46948878711734093,0.4257346372525155,0.532026308866919,0.5198904132745585,0.4450650549879035,0.4438959741762899,0.47867538524672854,0.44431334676891554,2.078142444458232,1.3663015891467916,1.5892450850018989
throughput_3,20,14,mrmr,kmeans,aic,5,5,0.5892265592386068,0.10738237284152423,0.41049187238259044,0.08752589919844632,0.42265754944808737,0.08183449894646089,0.4289243684195629,0.09012202645535958,1.600868598825416,0.2946741903478978,0.8269520938789181,0.02670836564148657,0.6620799984903682,0.04062197814599398,0.6618616148124109,0.0410022952400693,0.6623476870388662,0.04025453666477496,0.19694588755926562,0.10143113641248733,0.023450489892150508,0.009403608885195749,0.014411337270276037,0.0070608418319674906,0.0738095238095238,0.005323971374999499,2.3294845794232657,0.06987455822536816,0.823185544566378,0.055554617658625786,0.6906739910382418,0.07408434528369758,0.6886128940925117,0.07800465947125215,0.7134310078926956,0.06774644274511157,0.9820315365954191,0.23099798604716434,21,"throughput_2,buffer_size_3,throughput_1,avg_p_latency_3,avg_p_latency_1,buffer_size_1,python_gc_objects_collected_total_1,buffer_size_2,avg_p_latency_2,data_quality_1,process_open_fds_2,python_gc_objects_collected_total_4,rps,data_quality_2,cores_1,python_gc_objects_collected_total_5,data_quality_3,process_virtual_memory_bytes_1,cores_2,cores_3,throughput_3",,,2.0053080996498465,0.9887397749349475,175.17252341099083,291.0,831.2,0.5358206234844176,3.0,,,False,30,,0.4940806631079534,0.6453540697425251,0.5892265592386068,0.355436080375661,0.46675035779960855,0.41049187238259044,0.38762780163759986,0.4723134741473947,0.42265754944808737,0.36452643055903544,0.4828655982582152,0.4289243684195629,2.2150100675603013,1.324965894666898,1.600868598825416
throughput_3,20,16,mrmr,kmeans,aic,5,5,0.5799253336888872,0.11933011060995444,0.37345257371710855,0.11418348675934364,0.3948427500752764,0.10295951197065892,0.393400019832182,0.10538964303051727,1.59034773351497,0.2579874063951194,0.8101996339699971,0.03491635307156211,0.6266778050892817,0.059836541741147074,0.6265853570443423,0.060031053779734625,0.6267902833305504,0.05965046680270489,0.13936251097216998,0.09876428886372066,0.014811788890992533,0.009113647105057715,0.00879756952317321,0.006054065759571337,0.06538461538461539,0.006450196088941704,2.4531347814744526,0.04538780166623037,0.7606842373789069,0.02940343939390524,0.5921495491390731,0.03649226924338061,0.6065500516973327,0.06202875008988294,0.6180447293711986,0.04590732001314239,1.2058628384364716,0.22018276382260615,21,"throughput_2,buffer_size_3,throughput_1,avg_p_latency_3,avg_p_latency_1,buffer_size_1,python_gc_objects_collected_total_1,buffer_size_2,avg_p_latency_2,data_quality_1,process_open_fds_2,python_gc_objects_collected_total_4,rps,data_quality_2,cores_1,python_gc_objects_collected_total_5,data_quality_3,process_virtual_memory_bytes_1,cores_2,cores_3,throughput_3",,,2.0535212092101576,1.0287324761971832,175.12898028362542,251.2,871.0,0.5429185369112569,3.0,,,False,30,,0.46680476124716863,0.5876235509989634,0.5799253336888872,0.34285363431491744,0.4076489838344338,0.37345257371710855,0.3821065424214093,0.4250622654681052,0.3948427500752764,0.3555671499522816,0.430879585761747,0.393400019832182,2.026401782737606,1.5303008247983816,1.59034773351497
throughput_3,20,18,mrmr,kmeans,aic,5,5,0.5460658123850204,0.12240298213625096,0.36883137198031657,0.07218128686187154,0.38945896082189957,0.08429014835448397,0.3896888264686826,0.06154552496140453,1.777886364781578,0.4828323533137852,0.8112675653925457,0.022094576265623382,0.6187897149582797,0.05005928383542189,0.6187600522982335,0.05036461706585883,0.6188579136719439,0.0497489249995223,0.11264533660950822,0.09945730463534223,0.010787005009317698,0.008159371026082373,0.006325414323423856,0.005457348510016636,0.057777777777777775,0.004969039949999534,2.579336931801359,0.042010088314061216,0.7996770850828518,0.05370888212249742,0.6540034903046464,0.08287770188362395,0.658062854966144,0.08330238583418972,0.6799027035945275,0.08109745958021568,1.1744058052860589,0.25671478718834134,21,"throughput_2,buffer_size_3,throughput_1,avg_p_latency_3,avg_p_latency_1,buffer_size_1,python_gc_objects_collected_total_1,buffer_size_2,avg_p_latency_2,data_quality_1,process_open_fds_2,python_gc_objects_collected_total_4,rps,data_quality_2,cores_1,python_gc_objects_collected_total_5,data_quality_3,process_virtual_memory_bytes_1,cores_2,cores_3,throughput_3",,,2.032926052995026,1.0250818070024252,175.8924421882257,230.0,892.2,0.43656077810852545,5.0,,,False,30,,0.3580501997609535,0.5615549449764525,0.5460658123850204,0.20756577720917643,0.3581497319167302,0.36883137198031657,0.22565883619803834,0.3743052029161523,0.38945896082189957,0.2348887590366457,0.3882058393379527,0.3896888264686826,2.596225171069529,1.8141939599436008,1.777886364781578
throughput_3,20,20,mrmr,kmeans,aic,5,5,0.596349699922064,0.10632374096369328,0.3991894356185652,0.07507347359407848,0.4193181557822718,0.06734746343104474,0.4152242078823146,0.07925344689260834,1.6438328881336166,0.34821538449246037,0.8018264992388925,0.030271273209187464,0.5821745544493571,0.03570734725955415,0.5821273802377998,0.03589858818844752,0.5822551971823944,0.03551771730225865,0.10337617439916953,0.09989120332196658,0.009056227972247224,0.0072889673845021475,0.005287253226947876,0.004915743879590737,0.05302631578947368,0.005417154960589184,2.625955140505276,0.07656364205843783,0.7996772435298182,0.06443363660467344,0.6256621543473108,0.07103083616646581,0.6309865114985053,0.07049253213652919,0.653581571234411,0.06681025079485862,1.1879081324673892,0.3250147416209791,21,"throughput_2,buffer_size_3,throughput_1,avg_p_latency_3,avg_p_latency_1,buffer_size_1,python_gc_objects_collected_total_1,buffer_size_2,avg_p_latency_2,data_quality_1,process_open_fds_2,python_gc_objects_collected_total_4,rps,data_quality_2,cores_1,python_gc_objects_collected_total_5,data_quality_3,process_virtual_memory_bytes_1,cores_2,cores_3,throughput_3",,,2.0591100104153157,1.0404312485828995,175.14342590607703,212.0,910.2,0.5221838482936698,3.0,,,False,30,,0.46627841454723234,0.6239506795999384,0.596349699922064,0.34511305602291753,0.4176327139379549,0.3991894356185652,0.4065196649782073,0.4281001705346523,0.4193181557822718,0.3497860589479047,0.4294565557246533,0.4152242078823146,2.1961172202166432,1.6050219545060245,1.6438328881336166
throughput_3,20,10,mrmr,fixed,bic,5,5,0.7303611252644828,0.05616734162218302,0.6659068619461346,0.060781196817914426,0.6883026920346158,0.07108186522916368,0.6741079544847913,0.06113222674544652,0.8055086993395164,0.15497858090324965,0.9014480883424364,0.027202521841161776,0.8687204479088372,0.03230982188348073,0.8687190895955791,0.03213260522855243,0.8687300995176622,0.032498931048512376,0.39371288708149005,0.10157443242011968,0.1396706141474087,0.0270229532522992,0.09842822177037251,0.02539360810502992,0.25,0.0,1.267152534905198,0.0466768380115378,0.7371860769481846,0.06652041047332205,0.6815517636560992,0.07238497116330947,0.6985966338086345,0.07128504149547298,0.6946803491566648,0.0764183643347721,0.7644616583841067,0.19610692420412423,19,"buffer_size_3,avg_p_latency_3,avg_p_latency_1,buffer_size_1,python_gc_objects_collected_total_1,buffer_size_2,avg_p_latency_2,data_quality_1,process_open_fds_2,python_gc_objects_collected_total_4,rps,data_quality_2,cores_1,python_gc_objects_collected_total_5,data_quality_3,process_virtual_memory_bytes_1,cores_2,cores_3,throughput_3",,,1.5582219569012523,0.8346063230186701,158.68299217149615,278.0,844.2,0.7533961936456846,4.0,saved_dbn_models_top5_20260313_192652_seed783122_with_rps_run20260709_161025/best_bins10_dbn_throughput_3_K20_mrmr_fixed_bic_bins10.pkl,saved_dbn_models_top5_20260313_192652_seed783122_with_rps_run20260709_161025/best_bins10_dbn_throughput_3_K20_mrmr_fixed_bic_bins10_edges.csv,False,30,,,,0.7303611252644828,,,0.6659068619461346,,,0.6883026920346158,,,0.6741079544847913,,,0.8055086993395164
throughput_3,20,12,mrmr,fixed,bic,5,5,0.7369429986841332,0.05301336704996302,0.6485045109171084,0.083753398632277,0.6671162116327645,0.11539991078265137,0.6647903551424296,0.05657262905227111,0.7358291723065644,0.10186799582984325,0.9014480883424364,0.027202521841161776,0.8687204479088372,0.03230982188348073,0.8687190895955791,0.03213260522855243,0.8687300995176622,0.032498931048512376,0.39371288708149005,0.10157443242011968,0.1396706141474087,0.0270229532522992,0.09842822177037251,0.02539360810502992,0.25,0.0,1.267152534905198,0.0466768380115378,0.7731365844538175,0.08391534386205574,0.7188343293134584,0.08428409128029234,0.7393201495445566,0.0940171170434412,0.726049479447241,0.06945427211856219,0.6598156285798755,0.16047640564212615,19,"buffer_size_3,avg_p_latency_3,avg_p_latency_1,buffer_size_1,python_gc_objects_collected_total_1,buffer_size_2,avg_p_latency_2,data_quality_1,process_open_fds_2,python_gc_objects_collected_total_4,rps,data_quality_2,cores_1,python_gc_objects_collected_total_5,data_quality_3,process_virtual_memory_bytes_1,cores_2,cores_3,throughput_3",,,1.6211421445012093,0.9011461909860372,161.2272725198418,195.2,927.0,0.7203965127021872,4.0,saved_dbn_models_top5_20260313_192652_seed783122_with_rps_run20260709_161025/best_bins12_dbn_throughput_3_K20_mrmr_fixed_bic_bins12.pkl,saved_dbn_models_top5_20260313_192652_seed783122_with_rps_run20260709_161025/best_bins12_dbn_throughput_3_K20_mrmr_fixed_bic_bins12_edges.csv,False,30,,,,0.7369429986841332,,,0.6485045109171084,,,0.6671162116327645,,,0.6647903551424296,,,0.7358291723065644
throughput_3,20,14,mrmr,fixed,bic,5,5,0.7048566435397927,0.056061210670752565,0.6095154305321786,0.06806952456482801,0.6607218145665568,0.06256158877574214,0.622432248160419,0.06168406135619732,0.782855107939654,0.07736889317075979,0.9014480883424364,0.027202521841161776,0.8687204479088372,0.03230982188348073,0.8687190895955791,0.03213260522855243,0.8687300995176622,0.032498931048512376,0.39371288708149005,0.10157443242011968,0.1396706141474087,0.0270229532522992,0.09842822177037251,0.02539360810502992,0.25,0.0,1.267152534905198,0.0466768380115378,0.7498008321634665,0.07623947978374526,0.6855504097145895,0.08251491452028793,0.7098799954346867,0.07842864507076222,0.6955457819749149,0.08104275006320458,0.6783600489417368,0.17032100731138447,19,"buffer_size_3,avg_p_latency_3,avg_p_latency_1,buffer_size_1,python_gc_objects_collected_total_1,buffer_size_2,avg_p_latency_2,data_quality_1,process_open_fds_2,python_gc_objects_collected_total_4,rps,data_quality_2,cores_1,python_gc_objects_collected_total_5,data_quality_3,process_virtual_memory_bytes_1,cores_2,cores_3,throughput_3",,,1.6071917835623026,0.8981780517846346,160.2001860551536,138.6,983.6,0.689679736222631,5.0,saved_dbn_models_top5_20260313_192652_seed783122_with_rps_run20260709_161025/best_bins14_dbn_throughput_3_K20_mrmr_fixed_bic_bins14.pkl,saved_dbn_models_top5_20260313_192652_seed783122_with_rps_run20260709_161025/best_bins14_dbn_throughput_3_K20_mrmr_fixed_bic_bins14_edges.csv,False,30,,,,0.7048566435397927,,,0.6095154305321786,,,0.6607218145665568,,,0.622432248160419,,,0.782855107939654
throughput_3,20,16,mrmr,fixed,bic,5,5,0.6738656800046983,0.03882267483206787,0.5618293236065044,0.04242974347285207,0.6017457873043995,0.1011229159196215,0.5658239164948391,0.0490743720810708,0.7996806327205916,0.1192399597585526,0.9014480883424364,0.027202521841161776,0.8687204479088372,0.03230982188348073,0.8687190895955791,0.03213260522855243,0.8687300995176622,0.032498931048512376,0.39371288708149005,0.10157443242011968,0.1396706141474087,0.0270229532522992,0.09842822177037251,0.02539360810502992,0.25,0.0,1.267152534905198,0.0466768380115378,0.7131491968323284,0.03556434128185054,0.6480621976520001,0.06595236899220498,0.6519006035237492,0.06131521032573069,0.6691395595154142,0.07749184996998933,0.7551393772552697,0.13105290019550464,19,"buffer_size_3,avg_p_latency_3,avg_p_latency_1,buffer_size_1,python_gc_objects_collected_total_1,buffer_size_2,avg_p_latency_2,data_quality_1,process_open_fds_2,python_gc_objects_collected_total_4,rps,data_quality_2,cores_1,python_gc_objects_collected_total_5,data_quality_3,process_virtual_memory_bytes_1,cores_2,cores_3,throughput_3",,,1.574665831029415,0.8764386305585503,157.6471500415355,121.0,1001.2,0.6201386273766543,4.0,,,False,30,,,,0.6738656800046983,,,0.5618293236065044,,,0.6017457873043995,,,0.5658239164948391,,,0.7996806327205916
throughput_3,20,18,mrmr,fixed,bic,5,5,0.6964979531843498,0.04718117808212461,0.6229876052146132,0.017706450895958258,0.646394416243117,0.03236250163980388,0.636439492094655,0.018698474288644504,0.7146068892893261,0.07179939922483815,0.9014480883424364,0.027202521841161776,0.8687204479088372,0.03230982188348073,0.8687190895955791,0.03213260522855243,0.8687300995176622,0.032498931048512376,0.39371288708149005,0.10157443242011968,0.1396706141474087,0.0270229532522992,0.09842822177037251,0.02539360810502992,0.25,0.0,1.267152534905198,0.0466768380115378,0.7288188095562533,0.03611628039683923,0.6763356695377389,0.012836819872379826,0.6759230174883762,0.02589965040653917,0.6996175075106603,0.016627445478914253,0.6352908746760269,0.04273059684031326,19,"buffer_size_3,avg_p_latency_3,avg_p_latency_1,buffer_size_1,python_gc_objects_collected_total_1,buffer_size_2,avg_p_latency_2,data_quality_1,process_open_fds_2,python_gc_objects_collected_total_4,rps,data_quality_2,cores_1,python_gc_objects_collected_total_5,data_quality_3,process_virtual_memory_bytes_1,cores_2,cores_3,throughput_3",,,1.6220885969698429,0.9026630479842425,160.728177504614,98.8,1023.4,0.6545189627200997,2.0,,,False,30,,,,0.6964979531843498,,,0.6229876052146132,,,0.646394416243117,,,0.636439492094655,,,0.7146068892893261
throughput_3,20,20,mrmr,fixed,bic,5,5,0.6954268471737437,0.04219590118884461,0.6052127736475537,0.04404179166760599,0.624111653917135,0.05259441132643156,0.6226746898509361,0.05910489085703517,0.7913402455986416,0.11523370341428193,0.9014480883424364,0.027202521841161776,0.8687204479088372,0.03230982188348073,0.8687190895955791,0.03213260522855243,0.8687300995176622,0.032498931048512376,0.39371288708149005,0.10157443242011968,0.1396706141474087,0.0270229532522992,0.09842822177037251,0.02539360810502992,0.25,0.0,1.267152534905198,0.0466768380115378,0.7175990214315366,0.030147740020085398,0.6447734592530034,0.06028757883801889,0.6530831748853487,0.057543976481717975,0.6663305691398417,0.07456139431768133,0.713277859059897,0.13684696020250448,19,"buffer_size_3,avg_p_latency_3,avg_p_latency_1,buffer_size_1,python_gc_objects_collected_total_1,buffer_size_2,avg_p_latency_2,data_quality_1,process_open_fds_2,python_gc_objects_collected_total_4,rps,data_quality_2,cores_1,python_gc_objects_collected_total_5,data_quality_3,process_virtual_memory_bytes_1,cores_2,cores_3,throughput_3",,,1.606710754148662,0.890381140448153,160.21009391825646,92.6,1029.6,0.643884123569872,3.0,,,False,30,,,,0.6954268471737437,,,0.6052127736475537,,,0.624111653917135,,,0.6226746898509361,,,0.7913402455986416
throughput_3,20,10,mrmr,fixed,aic,5,5,0.6708366468096184,0.08195788695221695,0.5794887532661608,0.08341299653702967,0.6164797606132083,0.10478928153240048,0.5861630099719124,0.05590606776017659,0.9392908575765269,0.15987358161897197,0.9014480883424364,0.027202521841161776,0.8687204479088372,0.03230982188348073,0.8687190895955791,0.03213260522855243,0.8687300995176622,0.032498931048512376,0.39371288708149005,0.10157443242011968,0.1396706141474087,0.0270229532522992,0.09842822177037251,0.02539360810502992,0.25,0.0,1.267152534905198,0.0466768380115378,0.7147571166454876,0.09104990260166035,0.63357480433581,0.11626645434991052,0.6576075742268883,0.14429777670860178,0.6428551669461219,0.10442913817674947,1.0642681354189758,0.28955632812958176,19,"buffer_size_3,avg_p_latency_3,avg_p_latency_1,buffer_size_1,python_gc_objects_collected_total_1,buffer_size_2,avg_p_latency_2,data_quality_1,process_open_fds_2,python_gc_objects_collected_total_4,rps,data_quality_2,cores_1,python_gc_objects_collected_total_5,data_quality_3,process_virtual_memory_bytes_1,cores_2,cores_3,throughput_3",,,2.7089426100254057,1.2301172522827983,169.15136835724115,278.0,844.2,0.6910086345799376,1.0,,,False,30,,,,0.6708366468096184,,,0.5794887532661608,,,0.6164797606132083,,,0.5861630099719124,,,0.9392908575765269
throughput_3,20,12,mrmr,fixed,aic,5,5,0.6498029374463297,0.07603842847506923,0.5428060589772346,0.06838081476051472,0.5586438667132642,0.0627412968660745,0.562458639814202,0.05930786009669892,0.9548742867499392,0.14928522223682855,0.9014480883424364,0.027202521841161776,0.8687204479088372,0.03230982188348073,0.8687190895955791,0.03213260522855243,0.8687300995176622,0.032498931048512376,0.39371288708149005,0.10157443242011968,0.1396706141474087,0.0270229532522992,0.09842822177037251,0.02539360810502992,0.25,0.0,1.267152534905198,0.0466768380115378,0.7209874098040645,0.05130581664227281,0.641214673044436,0.07521475262417782,0.6454607254587215,0.0746512808660991,0.6559956977625238,0.0792557749370996,1.0621842690826069,0.2370492301597194,19,"buffer_size_3,avg_p_latency_3,avg_p_latency_1,buffer_size_1,python_gc_objects_collected_total_1,buffer_size_2,avg_p_latency_2,data_quality_1,process_open_fds_2,python_gc_objects_collected_total_4,rps,data_quality_2,cores_1,python_gc_objects_collected_total_5,data_quality_3,process_virtual_memory_bytes_1,cores_2,cores_3,throughput_3",,,2.705890915170312,1.1037787280976772,168.8795144939795,195.2,927.0,0.6633387734233198,2.0,,,False,30,,,,0.6498029374463297,,,0.5428060589772346,,,0.5586438667132642,,,0.562458639814202,,,0.9548742867499392
throughput_3,20,14,mrmr,fixed,aic,5,5,0.690602108243929,0.06201572558899017,0.571164587726391,0.07841541952150691,0.6126773961032009,0.10354435043872309,0.5716634719158236,0.06960619762747822,0.9633571237322018,0.06965427439285009,0.9014480883424364,0.027202521841161776,0.8687204479088372,0.03230982188348073,0.8687190895955791,0.03213260522855243,0.8687300995176622,0.032498931048512376,0.39371288708149005,0.10157443242011968,0.1396706141474087,0.0270229532522992,0.09842822177037251,0.02539360810502992,0.25,0.0,1.267152534905198,0.0466768380115378,0.7344921616285813,0.07021560755289423,0.6447839506332066,0.10138430546085607,0.6576242670253338,0.10303748960674002,0.642848878579693,0.09992530670276885,0.9042965750185777,0.3017863130212375,19,"buffer_size_3,avg_p_latency_3,avg_p_latency_1,buffer_size_1,python_gc_objects_collected_total_1,buffer_size_2,avg_p_latency_2,data_quality_1,process_open_fds_2,python_gc_objects_collected_total_4,rps,data_quality_2,cores_1,python_gc_objects_collected_total_5,data_quality_3,process_virtual_memory_bytes_1,cores_2,cores_3,throughput_3",,,2.406937129050493,1.1337242726236583,168.2457316564396,138.4,983.8,0.6791450036222245,2.0,,,False,30,,,,0.690602108243929,,,0.571164587726391,,,0.6126773961032009,,,0.5716634719158236,,,0.9633571237322018
throughput_3,20,16,mrmr,fixed,aic,5,5,0.647672312671527,0.09506350500115379,0.5410540345591341,0.09263197422404658,0.5515717181976252,0.09962280218651481,0.5490039437493549,0.07776716829788335,0.975065797748328,0.12456352564330204,0.9014480883424364,0.027202521841161776,0.8687204479088372,0.03230982188348073,0.8687190895955791,0.03213260522855243,0.8687300995176622,0.032498931048512376,0.39371288708149005,0.10157443242011968,0.1396706141474087,0.0270229532522992,0.09842822177037251,0.02539360810502992,0.25,0.0,1.267152534905198,0.0466768380115378,0.7142206152178804,0.050656377805193685,0.6490500021295619,0.06780918209573823,0.6497124998015814,0.057879224905993794,0.6617289265742853,0.07936732882724286,1.1061204241035119,0.17415487603545857,19,"buffer_size_3,avg_p_latency_3,avg_p_latency_1,buffer_size_1,python_gc_objects_collected_total_1,buffer_size_2,avg_p_latency_2,data_quality_1,process_open_fds_2,python_gc_objects_collected_total_4,rps,data_quality_2,cores_1,python_gc_objects_collected_total_5,data_quality_3,process_virtual_memory_bytes_1,cores_2,cores_3,throughput_3",,,2.30541529469192,1.0661598689854146,166.7181992372498,121.0,1001.2,0.6915048625888214,2.0,,,False,30,,,,0.647672312671527,,,0.5410540345591341,,,0.5515717181976252,,,0.5490039437493549,,,0.975065797748328
throughput_3,20,18,mrmr,fixed,aic,5,5,0.6499808731069534,0.10065094713957454,0.5436349373502123,0.07833148110929858,0.5619455412586657,0.07540201832526881,0.5580150930615018,0.05764363455782829,0.9502225765539718,0.22785855894081375,0.9014480883424364,0.027202521841161776,0.8687204479088372,0.03230982188348073,0.8687190895955791,0.03213260522855243,0.8687300995176622,0.032498931048512376,0.39371288708149005,0.10157443242011968,0.1396706141474087,0.0270229532522992,0.09842822177037251,0.02539360810502992,0.25,0.0,1.267152534905198,0.0466768380115378,0.756578242696387,0.05068052539930991,0.68611552427636,0.09767122058013512,0.6781034576894724,0.09946084285114612,0.711633588843888,0.08599548264787099,0.7156046040141366,0.18986165988554063,19,"buffer_size_3,avg_p_latency_3,avg_p_latency_1,buffer_size_1,python_gc_objects_collected_total_1,buffer_size_2,avg_p_latency_2,data_quality_1,process_open_fds_2,python_gc_objects_collected_total_4,rps,data_quality_2,cores_1,python_gc_objects_collected_total_5,data_quality_3,process_virtual_memory_bytes_1,cores_2,cores_3,throughput_3",,,2.410405442677438,1.0850100496783852,167.99342135712504,98.8,1023.4,0.6323425066665206,1.0,,,False,30,,,,0.6499808731069534,,,0.5436349373502123,,,0.5619455412586657,,,0.5580150930615018,,,0.9502225765539718
throughput_3,20,20,mrmr,fixed,aic,5,5,0.6820597679693589,0.08300850096077467,0.5952633017860011,0.07840655491789338,0.620836911211087,0.08308029498581204,0.5991759718329434,0.06709253303745011,0.9448261322163655,0.19457720060185912,0.9014480883424364,0.027202521841161776,0.8687204479088372,0.03230982188348073,0.8687190895955791,0.03213260522855243,0.8687300995176622,0.032498931048512376,0.39371288708149005,0.10157443242011968,0.1396706141474087,0.0270229532522992,0.09842822177037251,0.02539360810502992,0.25,0.0,1.267152534905198,0.0466768380115378,0.7590690290053016,0.06327626544921752,0.7071545691824148,0.05694914837636753,0.7138726660582739,0.06195750645749773,0.7164464670285744,0.04721952613273415,0.8102237640781329,0.30305371212143134,19,"buffer_size_3,avg_p_latency_3,avg_p_latency_1,buffer_size_1,python_gc_objects_collected_total_1,buffer_size_2,avg_p_latency_2,data_quality_1,process_open_fds_2,python_gc_objects_collected_total_4,rps,data_quality_2,cores_1,python_gc_objects_collected_total_5,data_quality_3,process_virtual_memory_bytes_1,cores_2,cores_3,throughput_3",,,2.2933258254081013,1.0553437262773513,164.73199052736163,88.6,1033.6,0.6910473782024926,1.0,,,False,30,,,,0.6820597679693589,,,0.5952633017860011,,,0.620836911211087,,,0.5991759718329434,,,0.9448261322163655
throughput_3,20,10,mrmr,decision_tree,bic,5,0,,0.0,,0.0,,0.0,,0.0,,0.0,,0.0,,0.0,,0.0,,0.0,,0.0,,0.0,,0.0,,0.0,,0.0,,0.0,,0.0,,0.0,,0.0,,0.0,0,,,,,,129.89399483054876,,,,,,,False,30,"Unknown label type: continuous. Maybe you are trying to fit a classifier, which expects discrete classes on a regression target with continuous values.",,,,,,,,,,,,,,,
throughput_3,20,12,mrmr,decision_tree,bic,5,0,,0.0,,0.0,,0.0,,0.0,,0.0,,0.0,,0.0,,0.0,,0.0,,0.0,,0.0,,0.0,,0.0,,0.0,,0.0,,0.0,,0.0,,0.0,,0.0,0,,,,,,129.966263349168,,,,,,,False,30,"Unknown label type: continuous. Maybe you are trying to fit a classifier, which expects discrete classes on a regression target with continuous values.",,,,,,,,,,,,,,,
throughput_3,20,14,mrmr,decision_tree,bic,5,0,,0.0,,0.0,,0.0,,0.0,,0.0,,0.0,,0.0,,0.0,,0.0,,0.0,,0.0,,0.0,,0.0,,0.0,,0.0,,0.0,,0.0,,0.0,,0.0,0,,,,,,129.91543924994767,,,,,,,False,30,"Unknown label type: continuous. Maybe you are trying to fit a classifier, which expects discrete classes on a regression target with continuous values.",,,,,,,,,,,,,,,
throughput_3,20,16,mrmr,decision_tree,bic,5,0,,0.0,,0.0,,0.0,,0.0,,0.0,,0.0,,0.0,,0.0,,0.0,,0.0,,0.0,,0.0,,0.0,,0.0,,0.0,,0.0,,0.0,,0.0,,0.0,0,,,,,,129.97539775725454,,,,,,,False,30,"Unknown label type: continuous. Maybe you are trying to fit a classifier, which expects discrete classes on a regression target with continuous values.",,,,,,,,,,,,,,,
throughput_3,20,18,mrmr,decision_tree,bic,5,0,,0.0,,0.0,,0.0,,0.0,,0.0,,0.0,,0.0,,0.0,,0.0,,0.0,,0.0,,0.0,,0.0,,0.0,,0.0,,0.0,,0.0,,0.0,,0.0,0,,,,,,129.94414724223316,,,,,,,False,30,"Unknown label type: continuous. Maybe you are trying to fit a classifier, which expects discrete classes on a regression target with continuous values.",,,,,,,,,,,,,,,
throughput_3,20,20,mrmr,decision_tree,bic,5,0,,0.0,,0.0,,0.0,,0.0,,0.0,,0.0,,0.0,,0.0,,0.0,,0.0,,0.0,,0.0,,0.0,,0.0,,0.0,,0.0,,0.0,,0.0,,0.0,0,,,,,,129.9818893102929,,,,,,,False,30,"Unknown label type: continuous. Maybe you are trying to fit a classifier, which expects discrete classes on a regression target with continuous values.",,,,,,,,,,,,,,,
throughput_3,20,10,mrmr,decision_tree,aic,5,0,,0.0,,0.0,,0.0,,0.0,,0.0,,0.0,,0.0,,0.0,,0.0,,0.0,,0.0,,0.0,,0.0,,0.0,,0.0,,0.0,,0.0,,0.0,,0.0,0,,,,,,129.96145720034838,,,,,,,False,30,"Unknown label type: continuous. Maybe you are trying to fit a classifier, which expects discrete classes on a regression target with continuous values.",,,,,,,,,,,,,,,
throughput_3,20,12,mrmr,decision_tree,aic,5,0,,0.0,,0.0,,0.0,,0.0,,0.0,,0.0,,0.0,,0.0,,0.0,,0.0,,0.0,,0.0,,0.0,,0.0,,0.0,,0.0,,0.0,,0.0,,0.0,0,,,,,,129.99844542704523,,,,,,,False,30,"Unknown label type: continuous. Maybe you are trying to fit a classifier, which expects discrete classes on a regression target with continuous values.",,,,,,,,,,,,,,,
throughput_3,20,14,mrmr,decision_tree,aic,5,0,,0.0,,0.0,,0.0,,0.0,,0.0,,0.0,,0.0,,0.0,,0.0,,0.0,,0.0,,0.0,,0.0,,0.0,,0.0,,0.0,,0.0,,0.0,,0.0,0,,,,,,129.90453251358122,,,,,,,False,30,"Unknown label type: continuous. Maybe you are trying to fit a classifier, which expects discrete classes on a regression target with continuous values.",,,,,,,,,,,,,,,
throughput_3,20,16,mrmr,decision_tree,aic,5,0,,0.0,,0.0,,0.0,,0.0,,0.0,,0.0,,0.0,,0.0,,0.0,,0.0,,0.0,,0.0,,0.0,,0.0,,0.0,,0.0,,0.0,,0.0,,0.0,0,,,,,,129.9572995826602,,,,,,,False,30,"Unknown label type: continuous. Maybe you are trying to fit a classifier, which expects discrete classes on a regression target with continuous values.",,,,,,,,,,,,,,,
throughput_3,20,18,mrmr,decision_tree,aic,5,0,,0.0,,0.0,,0.0,,0.0,,0.0,,0.0,,0.0,,0.0,,0.0,,0.0,,0.0,,0.0,,0.0,,0.0,,0.0,,0.0,,0.0,,0.0,,0.0,0,,,,,,129.90478867292404,,,,,,,False,30,"Unknown label type: continuous. Maybe you are trying to fit a classifier, which expects discrete classes on a regression target with continuous values.",,,,,,,,,,,,,,,
throughput_3,20,20,mrmr,decision_tree,aic,5,0,,0.0,,0.0,,0.0,,0.0,,0.0,,0.0,,0.0,,0.0,,0.0,,0.0,,0.0,,0.0,,0.0,,0.0,,0.0,,0.0,,0.0,,0.0,,0.0,0,,,,,,129.9521216955036,,,,,,,False,30,"Unknown label type: continuous. Maybe you are trying to fit a classifier, which expects discrete classes on a regression target with continuous values.",,,,,,,,,,,,,,,
throughput_3,20,10,mrmr,gmm,bic,5,4,0.5629655731798102,0.12179948467476112,0.49128013060681686,0.07051066735059444,0.5084018033613723,0.059430704922258534,0.5085052179316553,0.0772036502715327,1.5172486807062817,0.23139174423137032,0.8255786083558333,0.018601924628724963,0.7862101145971377,0.02342290239537317,0.7858787388966553,0.02353052656151339,0.7865612618572038,0.023316501467885498,0.12142124720041017,0.05936796088204943,0.021279038200506268,0.009467255776396026,0.012142124720041017,0.005936796088204943,0.1,0.0,2.2645472197036263,0.05703134921405344,0.7366860975462902,0.11880259420788448,0.6714018632515085,0.11060876511589741,0.6850002619090236,0.11801692475323057,0.6835856181468642,0.10461240331152707,1.1952295244595605,0.5417308321587515,21,"throughput_2,buffer_size_3,throughput_1,avg_p_latency_3,avg_p_latency_1,buffer_size_1,python_gc_objects_collected_total_1,buffer_size_2,avg_p_latency_2,data_quality_1,process_open_fds_2,python_gc_objects_collected_total_4,rps,data_quality_2,cores_1,python_gc_objects_collected_total_5,data_quality_3,process_virtual_memory_bytes_1,cores_2,cores_3,throughput_3",,,1.9143401086330414,0.7917489826213568,169.67523805517703,430.5,691.75,0.5741484634921157,2.0,,,False,30,,0.5335484513565809,0.5907821073867903,0.5629655731798102,0.4418642695105086,0.5144422208777546,0.49128013060681686,0.4787504713980388,0.5293492719290487,0.5084018033613723,0.4662492311950655,0.5319589207201061,0.5085052179316553,1.7430465468757144,1.3632755957082223,1.5172486807062817
throughput_3,20,12,mrmr,gmm,bic,5,5,0.5935062213989457,0.14935120059773174,0.5041731960103099,0.11161361054226067,0.5227719169302659,0.10227430215403412,0.5228891908079353,0.10663661493519937,1.5072747054583615,0.3609237782123354,0.8239257590836869,0.03376640983239505,0.776326610238345,0.039044257648456766,0.7761321735098449,0.0391605515043985,0.776540029246691,0.03893943753177432,0.08662022244338519,0.062354108077986914,0.012995110533127002,0.008230311473279303,0.007265615954979339,0.005144477572459829,0.08484848484848484,0.0033879817840905936,2.4381856974122016,0.042596721617378465,0.7729716411619866,0.062335150017699126,0.6651162683565988,0.04834018224045925,0.6722020579169895,0.03296885783248112,0.6894721934226529,0.04292925504879833,1.04161358897615,0.2455851360342734,21,"throughput_2,buffer_size_3,throughput_1,avg_p_latency_3,avg_p_latency_1,buffer_size_1,python_gc_objects_collected_total_1,buffer_size_2,avg_p_latency_2,data_quality_1,process_open_fds_2,python_gc_objects_collected_total_4,rps,data_quality_2,cores_1,python_gc_objects_collected_total_5,data_quality_3,process_virtual_memory_bytes_1,cores_2,cores_3,throughput_3",,,2.022373218089342,0.9050135787576437,175.85888450685889,298.0,824.2,0.6097492177105962,1.0,,,False,30,,0.4895919543240271,0.6291387501329357,0.5935062213989457,0.40708651243239025,0.5380360718269187,0.5041731960103099,0.4533097345076298,0.5595352729928342,0.5227719169302659,0.42499642821538064,0.5522660743688769,0.5228891908079353,2.052085100182443,1.47459802494762,1.5072747054583615
throughput_3,20,14,mrmr,gmm,bic,5,5,0.5393004477756456,0.13166470732221158,0.45299413582196885,0.07611888508150155,0.4787190419934399,0.07982067108229435,0.46559112392577606,0.07136385792747085,1.7470891008762996,0.32268829855830994,0.8182194370502998,0.025366281916672808,0.7459148919771363,0.04810232835863551,0.7457697934710376,0.04812087549100289,0.7460799529694221,0.048097620410942656,0.0928514626120828,0.06377435205238283,0.011835705486765956,0.007354859479577523,0.006654773822549214,0.004523532970942733,0.07252747252747252,0.0024572175576920803,2.5747496091462745,0.05104889451896525,0.7200744383847282,0.055598355401657466,0.620996028226358,0.05908762112097639,0.638418814499489,0.08552244901300682,0.6662865209174862,0.040320982418891385,1.1662052046630378,0.23166594138927196,21,"throughput_2,buffer_size_3,throughput_1,avg_p_latency_3,avg_p_latency_1,buffer_size_1,python_gc_objects_collected_total_1,buffer_size_2,avg_p_latency_2,data_quality_1,process_open_fds_2,python_gc_objects_collected_total_4,rps,data_quality_2,cores_1,python_gc_objects_collected_total_5,data_quality_3,process_virtual_memory_bytes_1,cores_2,cores_3,throughput_3",,,1.9839978812262415,0.9140829645097256,179.6220825733617,251.2,871.0,0.5260793844400982,3.0,,,False,30,,0.5264966992220671,0.5836786491492897,0.5393004477756456,0.42867545547101316,0.4703030886746181,0.45299413582196885,0.5028171740746479,0.4887510892187982,0.4787190419934399,0.43864796473494894,0.4848614409695968,0.46559112392577606,2.1048720634455726,1.5103307948644624,1.7470891008762996
throughput_3,20,16,mrmr,gmm,bic,5,4,0.5416666666666666,0.1238150987859174,0.4281913157081718,0.06729249843144272,0.4437119162868523,0.06576365936856557,0.46945645227716093,0.06651938393317183,1.6538659631565693,0.312971173555899,0.8135026737967914,0.02233949707574737,0.7152134656604693,0.02354567895773054,0.7150875975541024,0.023466496711156817,0.7153618858250175,0.02364760374994663,0.08288770053475936,0.07620885476644931,0.009160182544492402,0.0077294931129509884,0.00518048128342246,0.004763053422903082,0.0625,0.0,2.6988841809265787,0.03646518407897581,0.7528940338379341,0.07118022313161787,0.6276792590766391,0.07974454321729685,0.6288892860721448,0.05878470794082399,0.6821344086388621,0.07990862157495102,1.2444116968821577,0.2791257229946217,21,"throughput_2,buffer_size_3,throughput_1,avg_p_latency_2,avg_p_latency_1,buffer_size_1,python_gc_objects_collected_total_1,buffer_size_2,data_quality_1,avg_p_latency_3,process_open_fds_2,python_gc_objects_collected_total_4,rps,cores_1,data_quality_2,python_gc_objects_collected_total_3,data_quality_3,process_virtual_memory_bytes_1,python_gc_objects_collected_total_7,cores_3,throughput_3",,,1.9697252728510648,0.9451654823496938,176.43542613461614,245.25,876.75,0.5040195146461863,1.0,,,False,30,,0.5581550802139038,0.536541889483066,0.5416666666666666,0.4388970342818447,0.44066258145220366,0.4281913157081718,0.47629762770193873,0.48552847084674816,0.4437119162868523,0.46487907108965465,0.4662065017521705,0.46945645227716093,1.9576132756381956,1.8465103757909516,1.6538659631565693
throughput_3,20,18,mrmr,gmm,bic,5,3,0.5522875816993464,0.09520007211755864,0.4347636851937982,0.03175624414163357,0.45085314955656414,0.017362067624684296,0.47182299791159515,0.029968628129294114,1.6972760254893926,0.2661108161773627,0.8149138443256089,0.027648393869999975,0.6833864444362824,0.053715228212160224,0.6832135763659218,0.05393409838863026,0.6835839890575767,0.053508022379788966,0.10724896019013665,0.0814927436851992,0.011185612423220715,0.008461573859545763,0.006422476397966594,0.005325485209173333,0.05787037037037037,0.004009376869372403,2.807671251531167,0.10649534176470146,0.7269219352923716,0.12626607566597745,0.5726561239789939,0.0915448678966388,0.5757100289265733,0.0901854230268624,0.6115160310403079,0.06962480054520268,1.4527591967359559,0.4510137681434859,21,"throughput_2,buffer_size_3,throughput_1,avg_p_latency_2,avg_p_latency_1,buffer_size_1,python_gc_objects_collected_total_1,buffer_size_2,data_quality_1,avg_p_latency_3,process_open_fds_2,python_gc_objects_collected_total_4,rps,cores_1,data_quality_2,python_gc_objects_collected_total_3,data_quality_3,process_virtual_memory_bytes_1,python_gc_objects_collected_total_7,cores_3,throughput_3",,,2.185630056075752,1.041997858012716,172.0928485924378,196.66666666666666,925.3333333333334,0.4714273352368914,3.0,,,False,30,,0.5264408793820559,0.5600118835412953,0.5522875816993464,0.38991793177140915,0.4260380196706261,0.4347636851937982,0.4225505529568059,0.44937405207077247,0.45085314955656414,0.4137661982860969,0.4422188263330625,0.47182299791159515,2.215971301866396,1.7451346409246167,1.6972760254893926
throughput_3,20,20,mrmr,gmm,bic,5,5,0.5287868470467602,0.10985648307043928,0.39185698794758184,0.05989551486767179,0.41419783047141967,0.057163150879490164,0.4236104708615426,0.06035681411766642,1.790344672329665,0.22964000268216625,0.7886383080715489,0.03325190318664243,0.6479406381532499,0.03794179925664737,0.6478908535749706,0.03778539355253271,0.6480058896957838,0.03811550231541933,0.11281406596476524,0.0553538359642455,0.010335568884651727,0.0050951694106149085,0.0058635196975252496,0.0032173832161339487,0.05111111111111111,0.0024845199749997634,2.863254789922302,0.09102466936196213,0.7523174453278743,0.0779583102611067,0.6102668870344544,0.05128897528676631,0.622508731292282,0.0489556632918719,0.6404652610416125,0.041246491673600304,1.3607888550596283,0.37995024752308987,21,"throughput_2,buffer_size_3,throughput_1,avg_p_latency_3,avg_p_latency_1,buffer_size_1,python_gc_objects_collected_total_1,buffer_size_2,avg_p_latency_2,data_quality_1,process_open_fds_2,python_gc_objects_collected_total_4,rps,data_quality_2,cores_1,python_gc_objects_collected_total_5,data_quality_3,process_virtual_memory_bytes_1,cores_2,cores_3,throughput_3",,,2.099889203719795,0.977859210036695,180.19398507662117,181.4,940.8,0.4674551138364795,3.0,,,False,30,,0.38430166205557753,0.5174000758726546,0.5287868470467602,0.26857430451563313,0.37007628759055106,0.39185698794758184,0.30020946338537946,0.3839940324529237,0.41419783047141967,0.2913800090208176,0.38593000507091063,0.4236104708615426,2.654676721854321,1.8445147554852965,1.790344672329665
throughput_3,20,10,mrmr,gmm,aic,5,4,0.5963445808988211,0.11511941763391156,0.5418273593535191,0.08556694218800193,0.5662663519195621,0.08554001665143086,0.5535614623818286,0.06854276285708978,1.4113439654569813,0.20383983818163529,0.8255786083558333,0.018601924628724963,0.7862101145971377,0.02342290239537317,0.7858787388966553,0.02353052656151339,0.7865612618572038,0.023316501467885498,0.12142124720041017,0.05936796088204943,0.021279038200506268,0.009467255776396026,0.012142124720041017,0.005936796088204943,0.1,0.0,2.2645472197036263,0.05703134921405344,0.762278055412073,0.1210005714711175,0.6970564009248887,0.12127627597979619,0.7043320860990638,0.1272333796989647,0.7102097375172046,0.12333295977176506,1.1660221648503875,0.6045491574637772,21,"throughput_2,buffer_size_3,throughput_1,avg_p_latency_3,avg_p_latency_1,buffer_size_1,python_gc_objects_collected_total_1,buffer_size_2,avg_p_latency_2,data_quality_1,process_open_fds_2,python_gc_objects_collected_total_4,rps,data_quality_2,cores_1,python_gc_objects_collected_total_5,data_quality_3,process_virtual_memory_bytes_1,cores_2,cores_3,throughput_3",,,2.450980921741575,1.0266913122031838,178.72551555372775,367.5,754.75,0.6136421214085175,5.0,,,False,30,,0.47739852032450636,0.59012695177642,0.5963445808988211,0.4221160409522313,0.5233473027161399,0.5418273593535191,0.4415708011435143,0.5601763017448241,0.5662663519195621,0.4422693797318347,0.5259879984257895,0.5535614623818286,1.982975237480923,1.5394841726134958,1.4113439654569813
throughput_3,20,12,mrmr,gmm,aic,5,5,0.5763907473456475,0.1264763498177378,0.48386769279470165,0.08756142112594553,0.5114849410854967,0.07888371434262484,0.5018626396090003,0.08389065700556653,1.5208377978491876,0.360149636698067,0.8239257590836869,0.03376640983239505,0.776326610238345,0.039044257648456766,0.7761321735098449,0.0391605515043985,0.776540029246691,0.03893943753177432,0.08662022244338519,0.062354108077986914,0.012995110533127002,0.008230311473279303,0.007265615954979339,0.005144477572459829,0.08484848484848484,0.0033879817840905936,2.4381856974122016,0.042596721617378465,0.7719030748218263,0.06451881777423792,0.6663037744169322,0.05205704942452296,0.6721344732568338,0.041877837328557495,0.6914992272851441,0.04481223683998403,1.0810152231887127,0.38385256778150023,21,"throughput_2,buffer_size_3,throughput_1,avg_p_latency_3,avg_p_latency_1,buffer_size_1,python_gc_objects_collected_total_1,buffer_size_2,avg_p_latency_2,data_quality_1,process_open_fds_2,python_gc_objects_collected_total_4,rps,data_quality_2,cores_1,python_gc_objects_collected_total_5,data_quality_3,process_virtual_memory_bytes_1,cores_2,cores_3,throughput_3",,,2.3048028141260146,1.0217487359419466,180.62483059521765,297.8,824.4,0.586019069046455,3.0,,,False,30,,0.4416640873138699,0.600091904324265,0.5763907473456475,0.38174172238815995,0.5130442144686421,0.48386769279470165,0.41153284879400126,0.5299937913160366,0.5114849410854967,0.40020086505063945,0.5277403245437056,0.5018626396090003,2.331989537862194,1.5261053440868169,1.5208377978491876
throughput_3,20,14,mrmr,gmm,aic,5,5,0.5161272247909932,0.11594557156400818,0.42459648644273057,0.06394090454515883,0.4477320712890404,0.07328632622719793,0.4475652425152986,0.05778411510827802,1.9096797766564335,0.3157767614483427,0.8182194370502998,0.025366281916672808,0.7459148919771363,0.04810232835863551,0.7457697934710376,0.04812087549100289,0.7460799529694221,0.048097620410942656,0.0928514626120828,0.06377435205238283,0.011835705486765956,0.007354859479577523,0.006654773822549214,0.004523532970942733,0.07252747252747252,0.0024572175576920803,2.5747496091462745,0.05104889451896525,0.7223887147732782,0.05598618100058025,0.6238820461277022,0.06199694801239289,0.6290305874796612,0.07295081010844558,0.669577914680416,0.04308589670566798,1.263879327832568,0.31572888798733295,21,"throughput_2,buffer_size_3,throughput_1,avg_p_latency_3,avg_p_latency_1,buffer_size_1,python_gc_objects_collected_total_1,buffer_size_2,avg_p_latency_2,data_quality_1,process_open_fds_2,python_gc_objects_collected_total_4,rps,data_quality_2,cores_1,python_gc_objects_collected_total_5,data_quality_3,process_virtual_memory_bytes_1,cores_2,cores_3,throughput_3",,,2.2054784718900917,1.0166247421875596,184.04174200631678,250.8,871.4,0.5266655477952576,1.0,,,False,30,,0.5095596370176015,0.5403934584438488,0.5161272247909932,0.44023379452648514,0.41034920953418236,0.42459648644273057,0.5010883317357829,0.4297422502857035,0.4477320712890404,0.4440107232032992,0.43450755285189463,0.4475652425152986,2.0546198444736725,1.736695042822727,1.9096797766564335
throughput_3,20,16,mrmr,gmm,aic,5,4,0.5392156862745099,0.10738918318958622,0.4296079442345097,0.025702409266114567,0.45925085026548085,0.02519263848114038,0.46396745282494056,0.03951049685844333,1.7856902569476845,0.38904250083242364,0.8135026737967914,0.02233949707574737,0.7152134656604693,0.02354567895773054,0.7150875975541024,0.023466496711156817,0.7153618858250175,0.02364760374994663,0.08288770053475936,0.07620885476644931,0.009160182544492402,0.0077294931129509884,0.00518048128342246,0.004763053422903082,0.0625,0.0,2.6988841809265787,0.03646518407897581,0.7524487978628673,0.07200169193849884,0.6269799850168379,0.08077007767020222,0.626161567407725,0.06268545727860901,0.6810183372102907,0.08133908118646577,1.3110370517015997,0.4047707740850623,21,"throughput_2,buffer_size_3,throughput_1,avg_p_latency_2,avg_p_latency_1,buffer_size_1,python_gc_objects_collected_total_1,buffer_size_2,data_quality_1,avg_p_latency_3,process_open_fds_2,python_gc_objects_collected_total_4,rps,cores_1,data_quality_2,python_gc_objects_collected_total_3,data_quality_3,process_virtual_memory_bytes_1,python_gc_objects_collected_total_7,cores_3,throughput_3",,,1.978650722419843,0.9572421424090862,177.86167341377586,232.25,889.75,0.46463579931192883,1.0,,,False,30,,0.56951871657754,0.5926916221033869,0.5392156862745099,0.47568600512261866,0.488917362825612,0.4296079442345097,0.5035258732938646,0.5128417433210842,0.45925085026548085,0.49515733306682863,0.5162182005399572,0.46396745282494056,1.7471472570021507,1.555155857640458,1.7856902569476845
throughput_3,20,18,mrmr,gmm,aic,5,3,0.4367201426024956,0.05176250836267951,0.34240619208062273,0.08082726611395949,0.379244789960288,0.08122669147150001,0.3776911573662424,0.08297879421631399,2.104015437105996,0.5028574809490132,0.8149138443256089,0.027648393869999975,0.6833864444362824,0.053715228212160224,0.6832135763659218,0.05393409838863026,0.6835839890575767,0.053508022379788966,0.10724896019013665,0.0814927436851992,0.011185612423220715,0.008461573859545763,0.006422476397966594,0.005325485209173333,0.05787037037037037,0.004009376869372403,2.807671251531167,0.10649534176470146,0.7269219352923716,0.12626607566597745,0.5726561239789939,0.0915448678966388,0.5757100289265733,0.0901854230268624,0.6115160310403079,0.06962480054520268,1.452759196735956,0.4510137681434858,21,"throughput_2,buffer_size_3,throughput_1,avg_p_latency_2,avg_p_latency_1,buffer_size_1,python_gc_objects_collected_total_1,buffer_size_2,data_quality_1,avg_p_latency_3,process_open_fds_2,python_gc_objects_collected_total_4,rps,cores_1,data_quality_2,python_gc_objects_collected_total_3,data_quality_3,process_virtual_memory_bytes_1,python_gc_objects_collected_total_7,cores_3,throughput_3",,,2.07471687408785,1.0395375179747741,177.58691744692624,196.33333333333334,925.6666666666666,0.41589184524539385,2.0,,,False,30,,0.26827094474153296,0.5005941770647653,0.4367201426024956,0.23693887560516158,0.37809109686616255,0.34240619208062273,0.2603835263867325,0.40936580458283656,0.379244789960288,0.26941005305928045,0.41787404744584594,0.3776911573662424,2.6885716857242197,1.8172444083727235,2.104015437105996
throughput_3,20,20,mrmr,gmm,aic,5,5,0.5245159150035794,0.11047961998181778,0.3655756580855175,0.05801381685869693,0.39638166482243387,0.057493732412963794,0.38922958248729805,0.05909599991768755,2.077893960909517,0.4866015528928286,0.7886383080715489,0.03325190318664243,0.6479406381532499,0.03794179925664737,0.6478908535749706,0.03778539355253271,0.6480058896957838,0.03811550231541933,0.11281406596476524,0.0553538359642455,0.010335568884651727,0.0050951694106149085,0.0058635196975252496,0.0032173832161339487,0.05111111111111111,0.0024845199749997634,2.863254789922302,0.09102466936196213,0.7533860116680345,0.0786199075443774,0.6122476049308887,0.053240523991386214,0.6263997115934454,0.053389991850901146,0.6418518960282474,0.04226652445198648,1.3501347610034398,0.38698986067536517,21,"throughput_2,buffer_size_3,throughput_1,avg_p_latency_3,avg_p_latency_1,buffer_size_1,python_gc_objects_collected_total_1,buffer_size_2,avg_p_latency_2,data_quality_1,process_open_fds_2,python_gc_objects_collected_total_4,rps,data_quality_2,cores_1,python_gc_objects_collected_total_5,data_quality_3,process_virtual_memory_bytes_1,cores_2,cores_3,throughput_3",,,2.175318942964077,1.163271333836019,184.53444563411176,161.4,960.8,0.4327561155104009,1.0,,,False,30,,0.4272279655811162,0.5278960576378209,0.5245159150035794,0.32899087233579183,0.383109760002354,0.3655756580855175,0.37464250444574543,0.39887936794387135,0.39638166482243387,0.353871319773482,0.39400414650666404,0.38922958248729805,2.4577170054343043,1.806739301776797,2.077893960909517
