target,K,n_bins,fs,disc,score,accuracy,mean_prob_true,mae,accuracy_t2,mae_t2,naive_dbn_accuracy,naive_dbn_mean_prob,naive_dbn_mae,persistence_accuracy,majority_accuracy,majority_class,n_features_incl_target,features,mb_size,mb_fallback,train_time_sec,eval_time_sec,total_time_sec,cache_hits,cache_size,model_pkl_path,edges_csv_path,exclude_other_throughputs,modeling_granularity_sec,error,acc_tput1,acc_tput2,acc_tput3,mae_tput1,mae_tput2,mae_tput3
throughput_3,8,2.0,markov,classic_uniform,bic,0.9561989606533037,0.8864331237196387,10.518089581786684,,,0.8351893095768375,0.7440674750474306,39.576540460282104,0.9628804751299184,0.8351893095768375,0.0,9.0,"data_quality_3,avg_p_latency_1,buffer_size_3,buffer_size_2,data_quality_1,throughput_2,cores_1,throughput_1,throughput_3",7.0,padded,0.5319517260650173,0.14286113705020398,11.503513147006743,1326.0,21.0,saved_dbn_models_top5_20260313_192652_seed783122_run20260505_154142/rank5_dbn_throughput_3_K8_markov_classic_uniform_bic_bins2.pkl,saved_dbn_models_top5_20260313_192652_seed783122_run20260505_154142/rank5_dbn_throughput_3_K8_markov_classic_uniform_bic_bins2_edges.csv,False,30,,0.6614699331848553,0.9576837416481069,0.9561989606533037,55.304528582034145,10.117112100965107,10.518089581786684
throughput_3,8,3.0,markov,classic_uniform,bic,0.8841870824053452,0.7985065985049249,20.917330693722676,,,0.6993318485523385,0.5641388270230142,62.63314361131733,0.9198218262806236,0.6993318485523385,0.0,9.0,"buffer_size_3,throughput_2,data_quality_2,throughput_1,python_gc_objects_collected_total_1,python_gc_objects_collected_total_2,python_gc_objects_collected_total_3,avg_p_latency_1,throughput_3",3.0,padded,0.3954641059972346,0.16754493000917137,8.654368942952715,1276.0,71.0,saved_dbn_models_top5_20260313_192652_seed783122_run20260505_154142/rank5_dbn_throughput_3_K8_markov_classic_uniform_bic_bins3.pkl,saved_dbn_models_top5_20260313_192652_seed783122_run20260505_154142/rank5_dbn_throughput_3_K8_markov_classic_uniform_bic_bins3_edges.csv,False,30,,0.3771343726800297,0.8685968819599109,0.8841870824053452,75.59902664357007,23.547430504000655,20.917330693722676
throughput_3,8,4.0,markov,classic_uniform,bic,0.8411284335560505,0.7461672290203201,21.749269982677554,,,0.4669636228656273,0.38632936016937497,91.6321702548874,0.8960653303637713,0.4669636228656273,0.0,9.0,"data_quality_3,buffer_size_3,throughput_2,scrape_duration_seconds_3,throughput_1,python_gc_objects_collected_total_1,python_gc_objects_collected_total_2,python_gc_objects_collected_total_3,throughput_3",4.0,padded,0.39043717202730477,0.16404281905852258,7.865401086048223,1251.0,96.0,saved_dbn_models_top5_20260313_192652_seed783122_run20260505_154142/rank5_dbn_throughput_3_K8_markov_classic_uniform_bic_bins4.pkl,saved_dbn_models_top5_20260313_192652_seed783122_run20260505_154142/rank5_dbn_throughput_3_K8_markov_classic_uniform_bic_bins4_edges.csv,False,30,,0.41648106904231624,0.7542687453600594,0.8411284335560505,69.85835189309576,33.01373422420193,21.749269982677554
throughput_3,8,5.0,markov,classic_uniform,bic,0.8262806236080178,0.7131544649370866,20.7509428359317,,,0.4446919079435783,0.33940677500068733,94.76976985894579,0.8975501113585747,0.4446919079435783,0.0,9.0,"data_quality_3,buffer_size_3,throughput_2,scrape_duration_seconds_3,throughput_1,python_gc_objects_collected_total_1,python_gc_objects_collected_total_2,python_gc_objects_collected_total_3,throughput_3",4.0,padded,0.3699433740694076,0.18379698891658336,7.320972853922285,1205.0,142.0,saved_dbn_models_top5_20260313_192652_seed783122_run20260505_154142/rank5_dbn_throughput_3_K8_markov_classic_uniform_bic_bins5.pkl,saved_dbn_models_top5_20260313_192652_seed783122_run20260505_154142/rank5_dbn_throughput_3_K8_markov_classic_uniform_bic_bins5_edges.csv,False,30,,0.3570898292501856,0.6852264291017075,0.8262806236080178,72.33250185597623,42.172383073496654,20.7509428359317
throughput_3,8,6.0,markov,classic_uniform,bic,0.6080178173719376,0.47607718084552086,40.646176688938375,,,0.2969561989606533,0.27455552805961125,104.94319887816549,0.8485523385300668,0.2969561989606533,0.0,9.0,"throughput_2,data_quality_3,throughput_1,buffer_size_3,python_gc_objects_collected_total_1,python_gc_objects_collected_total_2,python_gc_objects_collected_total_3,avg_p_latency_1,throughput_3",2.0,padded,0.38711354101542383,0.22288680204655975,7.058496769983321,1099.0,248.0,saved_dbn_models_top5_20260313_192652_seed783122_run20260505_154142/rank5_dbn_throughput_3_K8_markov_classic_uniform_bic_bins6.pkl,saved_dbn_models_top5_20260313_192652_seed783122_run20260505_154142/rank5_dbn_throughput_3_K8_markov_classic_uniform_bic_bins6_edges.csv,False,30,,0.32962138084632514,0.48700816629547145,0.6080178173719376,62.01545821991257,57.98111028623278,40.646176688938375
throughput_3,8,8.0,markov,classic_uniform,bic,0.7520415738678545,0.6030782235430244,24.73533778767632,,,0.25315515961395696,0.2102098971651681,116.10009898539964,0.8418708240534521,0.25315515961395696,0.0,9.0,"throughput_2,throughput_1,buffer_size_3,python_gc_objects_collected_total_1,python_gc_objects_collected_total_2,python_gc_objects_collected_total_3,avg_p_latency_1,python_gc_collections_total_4,throughput_3",1.0,padded,0.34476678201463073,0.21376222593244165,6.480434571974911,1069.0,278.0,saved_dbn_models_top5_20260313_192652_seed783122_run20260505_154142/rank5_dbn_throughput_3_K8_markov_classic_uniform_bic_bins8.pkl,saved_dbn_models_top5_20260313_192652_seed783122_run20260505_154142/rank5_dbn_throughput_3_K8_markov_classic_uniform_bic_bins8_edges.csv,False,30,,0.38455827765404604,0.7297698589458055,0.7520415738678545,64.70387280376144,28.88701744617669,24.73533778767632
throughput_3,8,2.0,markov,classic_uniform,aic,0.9584261321455085,0.8748741823680616,9.98327146745855,,,0.8351893095768375,0.7440674750474306,39.576540460282104,0.9628804751299184,0.8351893095768375,0.0,9.0,"data_quality_3,buffer_size_3,data_quality_1,throughput_2,cores_1,throughput_1,python_gc_objects_collected_total_1,python_gc_objects_collected_total_2,throughput_3",5.0,padded,0.5657455610344186,0.15182396804448217,16.27113037498202,1326.0,21.0,saved_dbn_models_top5_20260313_192652_seed783122_run20260505_154142/rank2_dbn_throughput_3_K8_markov_classic_uniform_aic_bins2.pkl,saved_dbn_models_top5_20260313_192652_seed783122_run20260505_154142/rank2_dbn_throughput_3_K8_markov_classic_uniform_aic_bins2_edges.csv,False,30,,0.6778025241276912,0.9569413511507052,0.9584261321455085,52.636327641672864,10.294605295718883,9.98327146745855
throughput_3,8,3.0,markov,classic_uniform,aic,0.8470675575352635,0.4186470295662495,32.92102614864307,,,0.6993318485523385,0.5641388270230142,62.63314361131733,0.9198218262806236,0.6993318485523385,0.0,9.0,"buffer_size_3,data_quality_2,throughput_2,cores_2,cores_1,process_resident_memory_bytes_3,throughput_1,python_gc_objects_collected_total_1,throughput_3",6.0,padded,0.9681019630515948,0.20364608499221504,11.28380544402171,1266.0,81.0,saved_dbn_models_top5_20260313_192652_seed783122_run20260505_154142/rank5_dbn_throughput_3_K8_markov_classic_uniform_aic_bins3.pkl,saved_dbn_models_top5_20260313_192652_seed783122_run20260505_154142/rank5_dbn_throughput_3_K8_markov_classic_uniform_aic_bins3_edges.csv,False,30,,0.5590200445434298,0.8507795100222717,0.8470675575352635,50.129835849212256,26.97896560257362,32.92102614864307
throughput_3,8,4.0,markov,classic_uniform,aic,0.8426132145508537,0.7455932176112383,21.57099727790151,,,0.4669636228656273,0.38632936016937497,91.6321702548874,0.8960653303637713,0.4669636228656273,0.0,9.0,"data_quality_3,buffer_size_3,throughput_2,cores_2,scrape_duration_seconds_3,throughput_1,python_gc_objects_collected_total_1,python_gc_objects_collected_total_2,throughput_3",5.0,padded,0.4889495230745524,0.27209129894617945,9.834557478083298,1232.0,115.0,saved_dbn_models_top5_20260313_192652_seed783122_run20260505_154142/rank5_dbn_throughput_3_K8_markov_classic_uniform_aic_bins4.pkl,saved_dbn_models_top5_20260313_192652_seed783122_run20260505_154142/rank5_dbn_throughput_3_K8_markov_classic_uniform_aic_bins4_edges.csv,False,30,,0.3897550111358575,0.8270230141054195,0.8426132145508537,74.77026726057906,23.78408809700569,21.57099727790151
throughput_3,8,5.0,markov,classic_uniform,aic,0.7483296213808464,0.35403430596538304,30.87683246721109,,,0.4446919079435783,0.33940677500068733,94.76976985894579,0.8975501113585747,0.4446919079435783,0.0,9.0,"data_quality_3,buffer_size_3,throughput_2,scrape_duration_seconds_3,cores_3,throughput_1,python_gc_objects_collected_total_1,python_gc_objects_collected_total_2,throughput_3",5.0,padded,0.956083700992167,0.2139721109997481,8.79065742797684,1173.0,174.0,,,False,30,,0.29398663697104677,0.5560504825538233,0.7483296213808464,81.21033407572384,57.507795100222715,30.87683246721109
throughput_3,8,6.0,markov,classic_uniform,aic,0.7512991833704529,0.5937119253068277,27.751117710137752,,,0.2969561989606533,0.27455552805961125,104.94319887816549,0.8485523385300668,0.2969561989606533,0.0,9.0,"data_quality_3,buffer_size_3,throughput_2,scrape_duration_seconds_3,throughput_1,python_gc_objects_collected_total_1,python_gc_objects_collected_total_2,python_gc_objects_collected_total_3,throughput_3",4.0,padded,0.46974096505437046,0.21320653008297086,8.106037670047954,1146.0,201.0,,,False,30,,0.3437268002969562,0.749072011878248,0.7512991833704529,66.26032335230553,30.64715829415161,27.751117710137752
throughput_3,8,8.0,markov,classic_uniform,aic,0.7654046028210839,0.6492280954021394,21.61556545409552,,,0.25315515961395696,0.2102098971651681,116.10009898539964,0.8418708240534521,0.25315515961395696,0.0,9.0,"buffer_size_3,throughput_2,scrape_duration_seconds_3,avg_p_latency_3,throughput_1,python_gc_objects_collected_total_1,python_gc_objects_collected_total_2,python_gc_objects_collected_total_3,throughput_3",4.0,padded,0.5383960650069639,0.21583445195574313,7.557884922018275,1080.0,267.0,,,False,30,,0.34966592427616927,0.5976243504083147,0.7654046028210839,69.797710962633,40.024715416976,21.61556545409552
throughput_3,8,2.0,markov,classic_quantile,bic,0.8619153674832962,0.7959119341621406,33.15872308834447,,,0.43875278396436523,0.5,134.7741648106904,0.9547141796585004,0.5612472160356348,1.0,10.0,"buffer_size_3,scrape_duration_seconds_2,data_quality_1,avg_p_latency_2,throughput_2,scrape_duration_seconds_3,cores_2,cores_3,throughput_3,throughput_1",8.0,none,0.7617327650077641,0.26322542293928564,11.868781371973455,1231.0,116.0,saved_dbn_models_top5_20260313_192652_seed783122_run20260505_154142/rank5_dbn_throughput_3_K8_markov_classic_quantile_bic_bins2.pkl,saved_dbn_models_top5_20260313_192652_seed783122_run20260505_154142/rank5_dbn_throughput_3_K8_markov_classic_quantile_bic_bins2_edges.csv,False,30,,0.7319970304380103,0.9420935412026726,0.8619153674832962,43.78275179411037,13.844469190794358,33.15872308834447
throughput_3,8,3.0,markov,classic_quantile,bic,0.835931700074239,0.7564413982824432,25.575076301245574,,,0.3838158871566444,0.33338282603316005,101.79754598696694,0.9034892353377877,0.3838158871566444,1.0,9.0,"buffer_size_3,avg_p_latency_2,throughput_2,cores_1,cores_3,throughput_1,python_gc_objects_collected_total_1,python_gc_objects_collected_total_2,throughput_3",5.0,padded,0.6420761349145323,0.19396606797818094,9.316706932964735,1236.0,111.0,,,False,30,,0.6726057906458798,0.8448403860430587,0.835931700074239,45.74803266518189,30.41643157634249,25.575076301245574
throughput_3,8,4.0,markov,classic_quantile,bic,0.8002969561989607,0.6512329064880958,22.0289717891611,,,0.12694877505567928,0.24998178393686932,131.78745360059392,0.9079435783221975,0.12694877505567928,0.0,9.0,"buffer_size_3,throughput_2,cores_3,avg_p_latency_3,throughput_1,python_gc_objects_collected_total_1,python_gc_objects_collected_total_2,python_gc_objects_collected_total_3,throughput_3",4.0,padded,0.4456305420026183,0.2308665179880336,8.279336396954022,1185.0,162.0,,,False,30,,0.5916852264291017,0.835931700074239,0.8002969561989607,57.39757485770849,26.00690423162584,22.0289717891611
throughput_3,8,5.0,markov,classic_quantile,bic,0.6844840386043058,0.5891424858154594,38.40058153922296,,,0.14996288047512993,0.20002942066045257,117.27908933432317,0.8626577579806979,0.14996288047512993,1.0,9.0,"buffer_size_3,throughput_2,throughput_1,python_gc_objects_collected_total_1,python_gc_objects_collected_total_2,python_gc_objects_collected_total_3,avg_p_latency_1,python_gc_collections_total_4,throughput_3",2.0,padded,0.4004192560678348,0.20118150196503848,7.635467221029103,1143.0,204.0,,,False,30,,0.526354862657758,0.7535263548626577,0.6844840386043058,56.74331848552338,38.65781984657263,38.40058153922296
throughput_3,8,6.0,markov,classic_quantile,bic,0.6703786191536748,0.5372882604355693,38.31713684731502,,,0.19970304380103934,0.16667037861915368,201.82587230883442,0.8596881959910914,0.19970304380103934,5.0,9.0,"buffer_size_3,throughput_2,throughput_1,python_gc_objects_collected_total_1,python_gc_objects_collected_total_2,python_gc_objects_collected_total_3,avg_p_latency_1,python_gc_collections_total_4,throughput_3",2.0,padded,0.4095001360401511,0.24787518102675676,7.952233201940544,1117.0,230.0,,,False,30,,0.3904974016332591,0.7126948775055679,0.6703786191536748,67.3268869091809,29.122750144353716,38.31713684731502
throughput_3,8,8.0,markov,classic_quantile,bic,0.7030438010393467,0.4892548770365617,23.687478346943827,,,0.15293244246473645,0.12515339299953257,91.66214736451374,0.8433556050482554,0.15293244246473645,5.0,9.0,"buffer_size_3,throughput_2,data_quality_3,throughput_1,python_gc_objects_collected_total_1,python_gc_objects_collected_total_2,python_gc_objects_collected_total_3,avg_p_latency_1,throughput_3",3.0,padded,0.43388252099975944,0.2778713769512251,7.719151294091716,1006.0,341.0,,,False,30,,0.3303637713437268,0.6748329621380846,0.7030438010393467,68.03695867359563,26.162527839643655,23.687478346943827
throughput_3,8,2.0,markov,classic_quantile,aic,0.7958426132145509,0.755261366934091,49.024993813412514,,,0.43875278396436523,0.5,134.7741648106904,0.9547141796585004,0.5612472160356348,1.0,10.0,"throughput_2,buffer_size_3,process_resident_memory_bytes_1,data_quality_1,avg_p_latency_2,avg_p_latency_3,process_virtual_memory_bytes_1,process_virtual_memory_bytes_2,throughput_3,throughput_1",14.0,trimmed,0.858958013006486,0.23250642698258162,17.927767019020393,1273.0,74.0,,,False,30,,0.7824795842613215,0.8693392724573126,0.7958426132145509,35.535585251175455,31.238802276664185,49.024993813412514
throughput_3,8,3.0,markov,classic_quantile,aic,0.7683741648106904,0.537873979130823,37.80978718139075,,,0.3838158871566444,0.33338282603316005,101.79754598696694,0.9034892353377877,0.3838158871566444,1.0,9.0,"data_quality_3,buffer_size_3,buffer_size_2,avg_p_latency_2,process_virtual_memory_bytes_2,throughput_2,cores_3,throughput_1,throughput_3",7.0,padded,1.1623524070018902,0.2657404149649665,11.45824112801347,1153.0,194.0,,,False,30,,0.6020786933927246,0.7483296213808464,0.7683741648106904,54.583358079683244,52.683568423657505,37.80978718139075
throughput_3,8,4.0,markov,classic_quantile,aic,0.6919079435783222,0.5698194094676398,51.5618287552586,,,0.12694877505567928,0.24998178393686932,131.78745360059392,0.9079435783221975,0.12694877505567928,0.0,9.0,"buffer_size_3,throughput_2,cores_1,cores_3,avg_p_latency_3,throughput_1,python_gc_objects_collected_total_1,python_gc_objects_collected_total_2,throughput_3",5.0,padded,1.146570983924903,0.23105091403704137,10.221673486987129,1185.0,162.0,,,False,30,,0.5961395694135115,0.8136599851521901,0.6919079435783222,49.77619401138332,30.11364761197723,51.5618287552586
throughput_3,8,5.0,markov,classic_quantile,aic,0.635486265775798,0.38774396039825115,54.22525365008661,,,0.14996288047512993,0.20002942066045257,117.27908933432317,0.8626577579806979,0.14996288047512993,1.0,9.0,"buffer_size_3,throughput_2,cores_3,avg_p_latency_3,throughput_1,python_gc_objects_collected_total_1,python_gc_objects_collected_total_2,python_gc_objects_collected_total_3,throughput_3",4.0,padded,1.0752311119576916,0.28149829991161823,9.551542914006859,1092.0,255.0,,,False,30,,0.39123979213066074,0.51818856718634,0.635486265775798,70.304862657758,76.78036377134372,54.22525365008661
throughput_3,8,6.0,markov,classic_quantile,aic,0.6807720861172977,0.5568665203297839,27.88697929555391,,,0.19970304380103934,0.16667037861915368,201.82587230883442,0.8596881959910914,0.19970304380103934,5.0,9.0,"buffer_size_3,throughput_2,cores_1,avg_p_latency_3,throughput_1,python_gc_objects_collected_total_1,python_gc_objects_collected_total_2,python_gc_objects_collected_total_3,throughput_3",4.0,padded,0.8043869950342923,0.30197003309149295,9.047136747976765,1075.0,272.0,,,False,30,,0.5337787676317743,0.7505567928730512,0.6807720861172977,51.22049410211995,24.266679039841623,27.88697929555391
throughput_3,8,8.0,markov,classic_quantile,aic,0.5760950259836675,0.41896731037463586,42.30790027220985,,,0.15293244246473645,0.12515339299953257,91.66214736451374,0.8433556050482554,0.15293244246473645,5.0,9.0,"buffer_size_3,scrape_duration_seconds_2,buffer_size_1,throughput_1,throughput_2,scrape_duration_seconds_3,avg_p_latency_3,python_gc_objects_collected_total_1,throughput_3",7.0,padded,1.2183178699342534,0.5508404219290242,10.141133858007379,205.0,1142.0,,,False,30,,0.4758723088344469,0.726800296956199,0.5760950259836675,58.332052709725325,26.63749072011878,42.30790027220985
throughput_3,8,2.0,markov,kmeans,bic,0.9161098737936154,0.8301074484273864,20.144815639693146,,,0.7453600593912398,0.6481247765954522,61.14753773818362,0.9510022271714922,0.7453600593912398,0.0,9.0,"buffer_size_3,buffer_size_1,data_quality_2,throughput_2,scrape_duration_seconds_3,cores_3,throughput_1,python_gc_objects_collected_total_1,throughput_3",6.0,padded,0.48114550195168704,0.15712382504716516,10.529196596005931,1309.0,38.0,saved_dbn_models_top5_20260313_192652_seed783122_run20260505_154142/rank5_dbn_throughput_3_K8_markov_kmeans_bic_bins2.pkl,saved_dbn_models_top5_20260313_192652_seed783122_run20260505_154142/rank5_dbn_throughput_3_K8_markov_kmeans_bic_bins2_edges.csv,False,30,,0.6102449888641426,0.9220489977728286,0.9161098737936154,63.67297698589458,18.636785449146256,20.144815639693146
throughput_3,8,3.0,markov,kmeans,bic,0.8552338530066815,0.742290289937071,24.39087592448331,,,0.44988864142538976,0.39978250708020563,99.84776367013497,0.9265033407572383,0.44988864142538976,0.0,9.0,"buffer_size_3,throughput_2,scrape_duration_seconds_3,avg_p_latency_3,throughput_1,python_gc_objects_collected_total_1,python_gc_objects_collected_total_2,python_gc_objects_collected_total_3,throughput_3",4.0,padded,0.42102704604621977,0.1733950360212475,8.588148179929703,1252.0,95.0,,,False,30,,0.6035634743875279,0.7720861172976986,0.8552338530066815,54.08516665897252,35.517349297293855,24.39087592448331
throughput_3,8,4.0,markov,kmeans,bic,0.8329621380846325,0.7725118663800322,22.084877843664934,,,0.44766146993318484,0.3743557012840606,94.73243681950947,0.9161098737936154,0.44766146993318484,0.0,9.0,"buffer_size_3,throughput_2,scrape_duration_seconds_3,avg_p_latency_3,throughput_1,python_gc_objects_collected_total_1,python_gc_objects_collected_total_2,python_gc_objects_collected_total_3,throughput_3",4.0,padded,0.3914589270716533,0.19794121198356152,8.21125439798925,1207.0,140.0,,,False,30,,0.3986636971046771,0.791388270230141,0.8329621380846325,72.92918204570304,29.574901207373323,22.084877843664934
throughput_3,8,5.0,markov,kmeans,bic,0.8054936896807721,0.7068129154457107,27.070494805200653,,,0.2858203414996288,0.2754892903296764,107.99846471377408,0.8804751299183371,0.2858203414996288,0.0,9.0,"buffer_size_3,throughput_2,throughput_1,python_gc_objects_collected_total_1,python_gc_objects_collected_total_2,python_gc_objects_collected_total_3,avg_p_latency_1,python_gc_collections_total_4,throughput_3",2.0,padded,0.394433646928519,0.1940413119737059,7.393894393928349,1172.0,175.0,,,False,30,,0.289532293986637,0.7594654788418709,0.8054936896807721,79.52782495573668,28.262813868651445,27.070494805200653
throughput_3,8,6.0,markov,kmeans,bic,0.43801039346696363,0.32681989667240385,81.93954434518628,,,0.25092798812175204,0.21759451730869697,117.70653090533958,0.8775055679287305,0.25092798812175204,0.0,9.0,"buffer_size_3,throughput_2,throughput_1,python_gc_objects_collected_total_1,python_gc_objects_collected_total_2,python_gc_objects_collected_total_3,avg_p_latency_1,python_gc_collections_total_4,throughput_3",2.0,padded,0.5091442510019988,0.19969933002721518,7.076901857974008,1124.0,223.0,,,False,30,,0.2991833704528582,0.4573125463994061,0.43801039346696363,77.29315997206197,67.8337673815638,81.93954434518628
throughput_3,8,8.0,markov,kmeans,bic,0.7334818114328137,0.5991490538210559,25.107321435467032,,,0.25092798812175204,0.2048649605433199,114.85640908517944,0.8678544914625093,0.25092798812175204,0.0,9.0,"throughput_2,throughput_1,buffer_size_3,python_gc_objects_collected_total_1,python_gc_objects_collected_total_2,python_gc_objects_collected_total_3,avg_p_latency_1,python_gc_collections_total_4,throughput_3",1.0,padded,0.3563923879992217,0.20534576498903334,6.660689068958163,1077.0,270.0,,,False,30,,0.3103192279138827,0.5523385300668151,0.7334818114328137,77.62870842376526,54.05513568837543,25.107321435467032
throughput_3,8,2.0,markov,kmeans,aic,0.896807720861173,0.8204315278197664,24.77990596387033,,,0.7453600593912398,0.6481247765954522,61.14753773818362,0.9510022271714922,0.7453600593912398,0.0,10.0,"throughput_2,buffer_size_3,avg_p_latency_1,buffer_size_2,python_gc_objects_collected_total_7,data_quality_2,buffer_size_1,process_virtual_memory_bytes_2,throughput_3,throughput_1",10.0,trimmed,0.8005039819981903,0.24284040194470435,17.363046804908663,1274.0,73.0,saved_dbn_models_top5_20260313_192652_seed783122_run20260505_154142/rank5_dbn_throughput_3_K8_markov_kmeans_aic_bins2.pkl,saved_dbn_models_top5_20260313_192652_seed783122_run20260505_154142/rank5_dbn_throughput_3_K8_markov_kmeans_aic_bins2_edges.csv,False,30,,0.5953971789161099,0.8953229398663697,0.896807720861173,66.09861420440487,25.026540460282114,24.77990596387033
throughput_3,8,3.0,markov,kmeans,aic,0.807720861172977,0.7327052670183946,31.847552958198015,,,0.44988864142538976,0.39978250708020563,99.84776367013497,0.9265033407572383,0.44988864142538976,0.0,9.0,"buffer_size_3,buffer_size_2,buffer_size_1,throughput_2,scrape_duration_seconds_3,avg_p_latency_3,throughput_1,python_gc_objects_collected_total_1,throughput_3",6.0,padded,0.8060500009451061,0.24633572704624385,11.662456733058207,1155.0,192.0,,,False,30,,0.5515961395694136,0.7631774313288789,0.807720861172977,60.28825628796657,34.80999752284341,31.847552958198015
throughput_3,8,4.0,markov,kmeans,aic,0.8203414996288048,0.5201904217653966,26.43367756949197,,,0.44766146993318484,0.3743557012840606,94.73243681950947,0.9161098737936154,0.44766146993318484,0.0,9.0,"buffer_size_3,data_quality_1,throughput_2,scrape_duration_seconds_3,avg_p_latency_3,throughput_1,python_gc_objects_collected_total_1,python_gc_objects_collected_total_2,throughput_3",5.0,padded,0.8679495009128004,0.294985985965468,10.306022092001513,1163.0,184.0,,,False,30,,0.21232368225686712,0.6280623608017817,0.8203414996288048,93.99128446101577,50.91049715108985,26.43367756949197
throughput_3,8,5.0,markov,kmeans,aic,0.6711210096510765,0.5373248084080189,54.65262683798711,,,0.2858203414996288,0.2754892903296764,107.99846471377408,0.8804751299183371,0.2858203414996288,0.0,9.0,"buffer_size_3,scrape_duration_seconds_2,throughput_2,scrape_duration_seconds_3,avg_p_latency_3,throughput_1,python_gc_objects_collected_total_1,python_gc_objects_collected_total_2,throughput_3",5.0,padded,1.1437700970564038,0.4004769240273163,9.889903314993717,976.0,371.0,,,False,30,,0.40757238307349664,0.7297698589458055,0.6711210096510765,65.75865300259723,31.48242423219887,54.65262683798711
throughput_3,8,6.0,markov,kmeans,aic,0.5657015590200446,0.381498411038771,43.94560689158866,,,0.25092798812175204,0.21759451730869697,117.70653090533958,0.8775055679287305,0.25092798812175204,0.0,9.0,"buffer_size_3,scrape_duration_seconds_2,throughput_2,scrape_duration_seconds_3,throughput_1,python_gc_objects_collected_total_1,python_gc_objects_collected_total_2,python_gc_objects_collected_total_3,throughput_3",4.0,padded,0.5165191040141508,0.3416777580277994,8.884224632987753,933.0,414.0,,,False,30,,0.4194506310319228,0.4521158129175947,0.5657015590200446,64.55108320431108,67.45957643552438,43.94560689158866
throughput_3,8,8.0,markov,kmeans,aic,0.7104677060133631,0.6049885171584383,42.65658845062611,,,0.25092798812175204,0.2048649605433199,114.85640908517944,0.8678544914625093,0.25092798812175204,0.0,9.0,"buffer_size_3,throughput_2,throughput_1,python_gc_objects_collected_total_1,python_gc_objects_collected_total_2,python_gc_objects_collected_total_3,avg_p_latency_1,python_gc_collections_total_4,throughput_3",2.0,padded,0.48583496001083404,0.2170513980090618,7.725039490032941,1077.0,270.0,,,False,30,,0.2256867112100965,0.7193763919821826,0.7104677060133631,82.42837192779453,25.92667695692663,42.65658845062611
throughput_3,8,,markov,dbscan,bic,0.25686711210096513,0.12278524007014083,95.53430693948681,,,0.09502598366740905,0.04152576612596704,104.42724471089282,0.5419450631031922,0.09502598366740905,9.0,9.0,"data_quality_3,avg_p_latency_1,buffer_size_3,buffer_size_2,data_quality_1,throughput_2,cores_1,throughput_1,throughput_3",7.0,padded,0.39770503295585513,0.3015686699654907,12.667383334017359,503.0,844.0,,,False,30,,0.017817371937639197,0.15219005196733482,0.25686711210096513,115.41375048269961,90.95039278012153,95.53430693948681
throughput_3,8,,markov,dbscan,aic,0.32219747587230885,0.17126977544477548,43.424636508825905,,,0.09502598366740905,0.04152576612596704,104.42724471089282,0.5419450631031922,0.09502598366740905,9.0,7.0,"data_quality_3,buffer_size_3,data_quality_1,throughput_2,cores_1,throughput_1,throughput_3",5.0,padded,0.5084646800532937,0.39014948799740523,17.334464606945403,586.0,761.0,,,False,30,,0.214550853749072,0.34446919079435784,0.32219747587230885,46.13491087449576,55.453574844588076,43.424636508825905
throughput_3,8,2.0,mrmr,classic_uniform,bic,0.9584261321455085,0.9020277885224527,9.98327146745855,,,0.8351893095768375,0.7440674750474306,39.576540460282104,0.9628804751299184,0.8351893095768375,0.0,9.0,"throughput_2,buffer_size_3,throughput_1,avg_p_latency_2,avg_p_latency_1,buffer_size_1,python_gc_objects_collected_total_1,buffer_size_2,throughput_3",,,0.5024654630105942,0.14194922801107168,14.502918511047028,1313.0,34.0,saved_dbn_models_top5_20260313_192652_seed783122_run20260505_154142/rank1_dbn_throughput_3_K8_mrmr_classic_uniform_bic_bins2.pkl,saved_dbn_models_top5_20260313_192652_seed783122_run20260505_154142/rank1_dbn_throughput_3_K8_mrmr_classic_uniform_bic_bins2_edges.csv,False,30,,0.6503340757238307,0.9569413511507052,0.9584261321455085,57.12375649591685,10.294605295718883,9.98327146745855
throughput_3,8,3.0,mrmr,classic_uniform,bic,0.8589458054936897,0.782378227991571,25.07702713849707,,,0.6993318485523385,0.5641388270230142,62.63314361131733,0.9198218262806236,0.6993318485523385,0.0,9.0,"throughput_2,buffer_size_3,throughput_1,avg_p_latency_2,avg_p_latency_1,buffer_size_1,python_gc_objects_collected_total_1,buffer_size_2,throughput_3",,,0.4409639260265976,0.17422430799342692,14.954844421008602,1225.0,122.0,,,False,30,,0.5070527097253155,0.8671121009651076,0.8589458054936897,67.27100552668482,23.19244411449311,25.07702713849707
throughput_3,8,4.0,mrmr,classic_uniform,bic,0.8374164810690423,0.7122349529678779,22.640633506557784,,,0.4669636228656273,0.38632936016937497,91.6321702548874,0.8960653303637713,0.4669636228656273,0.0,9.0,"throughput_2,buffer_size_3,throughput_1,avg_p_latency_2,avg_p_latency_1,buffer_size_1,python_gc_objects_collected_total_1,buffer_size_2,throughput_3",,,0.4143422240158543,0.26558016694616526,15.211042004986666,1112.0,235.0,,,False,30,,0.5337787676317743,0.7587230883444692,0.8374164810690423,49.4829992576095,32.30376144518684,22.640633506557784
throughput_3,8,5.0,mrmr,classic_uniform,bic,0.7802524127691166,0.6711783337069414,33.01610492452364,,,0.4446919079435783,0.33940677500068733,94.76976985894579,0.8975501113585747,0.4446919079435783,0.0,9.0,"throughput_2,buffer_size_3,throughput_1,avg_p_latency_2,avg_p_latency_1,buffer_size_1,python_gc_objects_collected_total_1,buffer_size_2,throughput_3",,,0.4295970550738275,0.2659620689228177,15.268969823024236,1044.0,303.0,,,False,30,,0.42538975501113585,0.6867112100965108,0.7802524127691166,66.07435783221975,43.308339519920814,33.01610492452364
throughput_3,8,6.0,mrmr,classic_uniform,bic,0.46993318485523383,0.37968806291581675,68.45671863400148,,,0.2969561989606533,0.27455552805961125,104.94319887816549,0.8485523385300668,0.2969561989606533,0.0,9.0,"throughput_2,buffer_size_3,throughput_1,avg_p_latency_2,avg_p_latency_1,buffer_size_1,python_gc_objects_collected_total_1,buffer_size_2,throughput_3",,,0.3547015730291605,0.24480233900249004,15.16564137802925,962.0,385.0,,,False,30,,0.37564959168522644,0.4617668893838159,0.46993318485523383,63.10699496824219,65.08083807638373,68.45671863400148
throughput_3,8,8.0,mrmr,classic_uniform,bic,0.7520415738678545,0.6030782235430245,24.73533778767632,,,0.25315515961395696,0.2102098971651681,116.10009898539964,0.8418708240534521,0.25315515961395696,0.0,9.0,"throughput_2,buffer_size_3,throughput_1,avg_p_latency_2,avg_p_latency_1,buffer_size_1,python_gc_objects_collected_total_1,buffer_size_2,throughput_3",,,0.367563777952455,0.28054610395338386,15.313065433991142,831.0,516.0,,,False,30,,0.38455827765404604,0.7386785449146251,0.7520415738678545,64.70387280376144,26.93459230388518,24.73533778767632
throughput_3,8,2.0,mrmr,classic_uniform,aic,0.9532293986636972,0.8841055874456967,11.231180400890869,,,0.8351893095768375,0.7440674750474306,39.576540460282104,0.9628804751299184,0.8351893095768375,0.0,9.0,"throughput_2,buffer_size_3,throughput_1,avg_p_latency_2,avg_p_latency_1,buffer_size_1,python_gc_objects_collected_total_1,buffer_size_2,throughput_3",,,0.6284668640000746,0.1626198390731588,14.857895995955914,1313.0,34.0,saved_dbn_models_top5_20260313_192652_seed783122_run20260505_154142/rank5_dbn_throughput_3_K8_mrmr_classic_uniform_aic_bins2.pkl,saved_dbn_models_top5_20260313_192652_seed783122_run20260505_154142/rank5_dbn_throughput_3_K8_mrmr_classic_uniform_aic_bins2_edges.csv,False,30,,0.6636971046770601,0.9465478841870824,0.9532293986636972,54.94068299925761,12.779510022271717,11.231180400890869
throughput_3,8,3.0,mrmr,classic_uniform,aic,0.8871566443949518,0.720358075814556,19.49114905551431,,,0.6993318485523385,0.5641388270230142,62.63314361131733,0.9198218262806236,0.6993318485523385,0.0,9.0,"throughput_2,buffer_size_3,throughput_1,avg_p_latency_2,avg_p_latency_1,buffer_size_1,python_gc_objects_collected_total_1,buffer_size_2,throughput_3",,,0.7737156730145216,0.19909435196314007,15.330808579106815,1225.0,122.0,,,False,30,,0.3860430586488493,0.8084632516703786,0.8871566443949518,81.74397426379609,36.326940526272374,19.49114905551431
throughput_3,8,4.0,mrmr,classic_uniform,aic,0.6889383815887157,0.5698748694344888,53.303538728037616,,,0.4669636228656273,0.38632936016937497,91.6321702548874,0.8960653303637713,0.4669636228656273,0.0,9.0,"throughput_2,buffer_size_3,throughput_1,avg_p_latency_2,avg_p_latency_1,buffer_size_1,python_gc_objects_collected_total_1,buffer_size_2,throughput_3",,,0.8282975780311972,0.2665279210777953,15.489725359948352,1112.0,235.0,,,False,30,,0.48700816629547145,0.6993318485523385,0.6889383815887157,58.397216035634735,43.57457931205146,53.303538728037616
throughput_3,8,5.0,mrmr,classic_uniform,aic,0.615441722345954,0.4233569291791204,50.20159366493443,,,0.4446919079435783,0.33940677500068733,94.76976985894579,0.8975501113585747,0.4446919079435783,0.0,9.0,"throughput_2,buffer_size_3,throughput_1,avg_p_latency_2,avg_p_latency_1,buffer_size_1,python_gc_objects_collected_total_1,buffer_size_2,throughput_3",,,0.6417104880092666,0.30921264097560197,15.405118725029752,1044.0,303.0,,,False,30,,0.44543429844098,0.5137342242019303,0.615441722345954,58.263805988616674,61.9096263301163,50.20159366493443
throughput_3,8,6.0,mrmr,classic_uniform,aic,0.734966592427617,0.6063548411834588,34.168935082075386,,,0.2969561989606533,0.27455552805961125,104.94319887816549,0.8485523385300668,0.2969561989606533,0.0,9.0,"throughput_2,buffer_size_3,throughput_1,avg_p_latency_2,avg_p_latency_1,buffer_size_1,python_gc_objects_collected_total_1,buffer_size_2,throughput_3",,,0.6276009130524471,0.24169902491848916,15.37264660303481,962.0,385.0,,,False,30,,0.36599851521900517,0.7587230883444692,0.734966592427617,69.61578817124474,26.978965602573624,34.168935082075386
throughput_3,8,8.0,mrmr,classic_uniform,aic,0.6733481811432813,0.5403805055736547,35.69910913140311,,,0.25315515961395696,0.2102098971651681,116.10009898539964,0.8418708240534521,0.25315515961395696,0.0,9.0,"throughput_2,buffer_size_3,throughput_1,avg_p_latency_2,avg_p_latency_1,buffer_size_1,python_gc_objects_collected_total_1,buffer_size_2,throughput_3",,,0.7935354369692504,0.2847919350024313,15.708734938991256,831.0,516.0,,,False,30,,0.37861915367483295,0.6815144766146993,0.6733481811432813,63.91554070774561,31.771281860925516,35.69910913140311
throughput_3,8,2.0,mrmr,classic_quantile,bic,0.844097995545657,0.7335310016035331,37.43726800296956,,,0.43875278396436523,0.5,134.7741648106904,0.9547141796585004,0.5612472160356348,1.0,9.0,"throughput_2,buffer_size_3,throughput_1,avg_p_latency_2,avg_p_latency_1,buffer_size_1,python_gc_objects_collected_total_1,buffer_size_2,throughput_3",,,0.519078663084656,0.18215634406078607,14.800277380971238,1282.0,65.0,,,False,30,,0.6384558277654045,0.8448403860430587,0.844097995545657,59.06426627072507,37.096077703538725,37.43726800296956
throughput_3,8,3.0,mrmr,classic_quantile,bic,0.8344469190794358,0.747626554746163,25.896457147570736,,,0.3838158871566444,0.33338282603316005,101.79754598696694,0.9034892353377877,0.3838158871566444,1.0,9.0,"throughput_2,buffer_size_3,throughput_1,avg_p_latency_2,avg_p_latency_1,buffer_size_1,python_gc_objects_collected_total_1,buffer_size_2,throughput_3",,,0.5552605850389227,0.24950874305795878,15.288753128959797,1134.0,213.0,,,False,30,,0.6362286562731997,0.8492947290274685,0.8344469190794358,49.81142044048503,31.433613791965684,25.896457147570736
throughput_3,8,4.0,mrmr,classic_quantile,bic,0.7416481069042317,0.5783498830386511,31.53158871566444,,,0.12694877505567928,0.24998178393686932,131.78745360059392,0.9079435783221975,0.12694877505567928,0.0,9.0,"throughput_2,buffer_size_3,throughput_1,avg_p_latency_2,avg_p_latency_1,buffer_size_1,python_gc_objects_collected_total_1,buffer_size_2,throughput_3",,,0.498285457957536,0.28332365409005433,15.465124044916593,1017.0,330.0,,,False,30,,0.5694135115070527,0.8010393466963622,0.7416481069042317,58.857807473397656,30.236302895322943,31.53158871566444
throughput_3,8,5.0,mrmr,classic_quantile,bic,0.6985894580549369,0.592320518868471,35.82291512001979,,,0.14996288047512993,0.20002942066045257,117.27908933432317,0.8626577579806979,0.14996288047512993,1.0,9.0,"throughput_2,buffer_size_3,throughput_1,avg_p_latency_2,avg_p_latency_1,buffer_size_1,python_gc_objects_collected_total_1,buffer_size_2,throughput_3",,,0.46651944797486067,0.2524316239869222,15.486557132098824,912.0,435.0,,,False,30,,0.48775055679287305,0.7535263548626577,0.6985894580549369,61.68650086612225,38.65781984657263,35.82291512001979
throughput_3,8,6.0,mrmr,classic_quantile,bic,0.6733481811432813,0.5182595841525394,41.46811432813659,,,0.19970304380103934,0.1666703786191537,201.82587230883442,0.8596881959910914,0.19970304380103934,5.0,9.0,"throughput_2,buffer_size_3,throughput_1,avg_p_latency_2,avg_p_latency_1,buffer_size_1,python_gc_objects_collected_total_1,buffer_size_2,throughput_3",,,0.44825354299973696,0.3584720930084586,15.45744435605593,844.0,503.0,,,False,30,,0.4521158129175947,0.7037861915367484,0.6733481811432813,58.42545162088593,35.011416316093374,41.46811432813659
throughput_3,8,8.0,mrmr,classic_quantile,bic,0.7023014105419451,0.528183219813314,25.002932442464733,,,0.15293244246473645,0.12515339299953257,91.66214736451374,0.8433556050482554,0.15293244246473645,5.0,9.0,"throughput_2,buffer_size_3,throughput_1,avg_p_latency_2,avg_p_latency_1,buffer_size_1,python_gc_objects_collected_total_1,buffer_size_2,throughput_3",,,0.4094638100359589,0.315893706982024,15.60887884197291,692.0,655.0,,,False,30,,0.35412026726057905,0.7052709725315516,0.7023014105419451,67.54959168522643,24.45433989111606,25.002932442464733
throughput_3,8,2.0,mrmr,classic_quantile,aic,0.85003711952487,0.7565521018969157,36.0110863647612,,,0.43875278396436523,0.5,134.7741648106904,0.9547141796585004,0.5612472160356348,1.0,9.0,"throughput_2,buffer_size_3,throughput_1,avg_p_latency_2,avg_p_latency_1,buffer_size_1,python_gc_objects_collected_total_1,buffer_size_2,throughput_3",,,0.6577444940339774,0.199772346066311,15.220529644051567,1282.0,65.0,,,False,30,,0.7312546399406088,0.8492947290274685,0.85003711952487,43.90403365503588,36.031118535016084,36.0110863647612
throughput_3,8,3.0,mrmr,classic_quantile,aic,0.785449146250928,0.676795258920132,35.034715004536835,,,0.3838158871566444,0.33338282603316005,101.79754598696694,0.9034892353377877,0.3838158871566444,1.0,9.0,"throughput_2,buffer_size_3,throughput_1,avg_p_latency_2,avg_p_latency_1,buffer_size_1,python_gc_objects_collected_total_1,buffer_size_2,throughput_3",,,1.2351066069677472,0.30618404503911734,16.033417485072277,1134.0,213.0,,,False,30,,0.6228656273199703,0.8158871566443949,0.785449146250928,51.30994803266518,27.001064093046278,35.034715004536835
throughput_3,8,4.0,mrmr,classic_quantile,aic,0.6889383815887157,0.5970229045979724,43.34558277654046,,,0.12694877505567928,0.24998178393686932,131.78745360059392,0.9079435783221975,0.12694877505567928,0.0,9.0,"throughput_2,buffer_size_3,throughput_1,avg_p_latency_2,avg_p_latency_1,buffer_size_1,python_gc_objects_collected_total_1,buffer_size_2,throughput_3",,,2.018756662029773,0.2804966919356957,17.02676756400615,1017.0,330.0,,,False,30,,0.5738678544914625,0.8285077951002228,0.6889383815887157,47.96557782727048,28.46122246968572,43.34558277654046
throughput_3,8,5.0,mrmr,classic_quantile,aic,0.6837416481069042,0.3832909742479436,38.973818361791636,,,0.14996288047512993,0.20002942066045257,117.27908933432317,0.8626577579806979,0.14996288047512993,1.0,9.0,"throughput_2,buffer_size_3,throughput_1,avg_p_latency_2,avg_p_latency_1,buffer_size_1,python_gc_objects_collected_total_1,buffer_size_2,throughput_3",,,2.008771000080742,0.43901592504698783,17.50529265694786,912.0,435.0,,,False,30,,0.43875278396436523,0.643652561247216,0.6837416481069042,61.12932442464737,45.24106656768126,38.973818361791636
throughput_3,8,6.0,mrmr,classic_quantile,aic,0.623608017817372,0.5109820876288744,44.09122329456405,,,0.19970304380103934,0.1666703786191537,201.82587230883442,0.8596881959910914,0.19970304380103934,5.0,9.0,"throughput_2,buffer_size_3,throughput_1,avg_p_latency_2,avg_p_latency_1,buffer_size_1,python_gc_objects_collected_total_1,buffer_size_2,throughput_3",,,1.9311487490776926,0.31164006399922073,17.175467454944737,844.0,503.0,,,False,30,,0.44394951744617667,0.7542687453600594,0.623608017817372,69.7,29.58845995215706,44.09122329456405
throughput_3,8,8.0,mrmr,classic_quantile,aic,0.46919079435783223,0.3501267338198763,58.285418213313534,,,0.15293244246473645,0.12515339299953257,91.66214736451374,0.8433556050482554,0.15293244246473645,5.0,9.0,"throughput_2,buffer_size_3,throughput_1,avg_p_latency_2,avg_p_latency_1,buffer_size_1,python_gc_objects_collected_total_1,buffer_size_2,throughput_3",,,1.278445734991692,0.37416418397333473,16.698128386982717,692.0,655.0,,,False,30,,0.34075723830734966,0.726800296956199,0.46919079435783223,64.70705270972532,26.63749072011878,58.285418213313534
throughput_3,8,2.0,mrmr,kmeans,bic,0.9020044543429844,0.8151801121919892,23.53199703043801,,,0.7453600593912398,0.6481247765954522,61.14753773818362,0.9510022271714922,0.7453600593912398,0.0,9.0,"throughput_2,buffer_size_3,throughput_1,avg_p_latency_2,avg_p_latency_1,buffer_size_1,python_gc_objects_collected_total_1,buffer_size_2,throughput_3",,,0.562054815934971,0.16924364096485078,14.64980153599754,1286.0,61.0,,,False,30,,0.6265775798069785,0.9161098737936154,0.9020044543429844,61.0047760455333,20.056731007176445,23.53199703043801
throughput_3,8,3.0,mrmr,kmeans,bic,0.7594654788418709,0.6540261179569615,43.75270403554377,,,0.44988864142538976,0.39978250708020563,99.84776367013497,0.9265033407572383,0.44988864142538976,0.0,9.0,"throughput_2,buffer_size_3,throughput_1,avg_p_latency_2,avg_p_latency_1,buffer_size_1,python_gc_objects_collected_total_1,buffer_size_2,throughput_3",,,0.5125775849446654,0.2633831480052322,15.363685351912864,1153.0,194.0,,,False,30,,0.6540460282108389,0.7453600593912398,0.7594654788418709,41.61236402641893,36.88389865612726,43.75270403554377
throughput_3,8,4.0,mrmr,kmeans,bic,0.8552338530066815,0.7393726754954292,20.435899514934693,,,0.44766146993318484,0.37435570128406054,94.73243681950947,0.9161098737936154,0.44766146993318484,0.0,9.0,"throughput_2,buffer_size_3,throughput_1,avg_p_latency_2,avg_p_latency_1,buffer_size_1,python_gc_objects_collected_total_1,buffer_size_2,throughput_3",,,0.4108917668927461,0.3040258469991386,15.172139510978013,1072.0,275.0,,,False,30,,0.43801039346696363,0.8225686711210096,0.8552338530066815,62.530517614905605,23.557129614028828,20.435899514934693
throughput_3,8,5.0,mrmr,kmeans,bic,0.8195991091314031,0.7166891898414836,21.85452569796199,,,0.2858203414996288,0.2754892903296764,107.99846471377408,0.8804751299183371,0.2858203414996288,0.0,9.0,"throughput_2,buffer_size_3,throughput_1,avg_p_latency_2,avg_p_latency_1,buffer_size_1,python_gc_objects_collected_total_1,buffer_size_2,throughput_3",,,0.4605277619557455,0.26745573396328837,15.2015494100051,975.0,372.0,,,False,30,,0.30660727542687455,0.8002969561989607,0.8195991091314031,77.95952351942961,20.4815712854566,21.85452569796199
throughput_3,8,6.0,mrmr,kmeans,bic,0.5048255382331106,0.3858646356367209,77.07538706963602,,,0.25092798812175204,0.21759451730869697,117.70653090533958,0.8775055679287305,0.25092798812175204,0.0,9.0,"throughput_2,buffer_size_3,throughput_1,avg_p_latency_2,avg_p_latency_1,buffer_size_1,python_gc_objects_collected_total_1,buffer_size_2,throughput_3",,,0.44065785000566393,0.2907885879976675,15.259916533017531,910.0,437.0,,,False,30,,0.4172234595397179,0.5456570155902004,0.5048255382331106,59.33699295237914,64.71381287617862,77.07538706963602
throughput_3,8,8.0,mrmr,kmeans,bic,0.7334818114328137,0.5991490538210559,25.107321435467032,,,0.25092798812175204,0.2048649605433199,114.85640908517944,0.8678544914625093,0.25092798812175204,0.0,9.0,"throughput_2,buffer_size_3,throughput_1,avg_p_latency_2,avg_p_latency_1,buffer_size_1,python_gc_objects_collected_total_1,buffer_size_2,throughput_3",,,0.36042719800025225,0.2604183939984068,15.137421387946233,828.0,519.0,,,False,30,,0.3548626577579807,0.5523385300668151,0.7334818114328137,73.75296819016627,54.05513568837543,25.107321435467032
throughput_3,8,2.0,mrmr,kmeans,aic,0.896807720861173,0.822392944353665,24.77990596387033,,,0.7453600593912398,0.6481247765954522,61.14753773818362,0.9510022271714922,0.7453600593912398,0.0,9.0,"throughput_2,buffer_size_3,throughput_1,avg_p_latency_2,avg_p_latency_1,buffer_size_1,python_gc_objects_collected_total_1,buffer_size_2,throughput_3",,,0.6120705499779433,0.19373496796470135,14.758509893086739,1286.0,61.0,,,False,30,,0.5953971789161099,0.9005196733481812,0.896807720861173,66.09861420440487,23.784088097005696,24.77990596387033
throughput_3,8,3.0,mrmr,kmeans,aic,0.8277654046028211,0.7671533242786728,31.004002636095805,,,0.44988864142538976,0.39978250708020563,99.84776367013497,0.9265033407572383,0.44988864142538976,0.0,9.0,"throughput_2,buffer_size_3,throughput_1,avg_p_latency_2,avg_p_latency_1,buffer_size_1,python_gc_objects_collected_total_1,buffer_size_2,throughput_3",,,0.9359640029724687,0.21969793597236276,15.34874696296174,1153.0,194.0,,,False,30,,0.5649591685226429,0.821826280623608,0.8277654046028211,53.834157321380864,27.442934806675645,31.004002636095805
throughput_3,8,4.0,mrmr,kmeans,aic,0.7201187824795843,0.5520976626799949,44.46125870232951,,,0.44766146993318484,0.37435570128406054,94.73243681950947,0.9161098737936154,0.44766146993318484,0.0,9.0,"throughput_2,buffer_size_3,throughput_1,avg_p_latency_2,avg_p_latency_1,buffer_size_1,python_gc_objects_collected_total_1,buffer_size_2,throughput_3",,,0.9265358280390501,0.43772826401982456,15.957112818025053,1072.0,275.0,,,False,30,,0.41648106904231624,0.6837416481069042,0.7201187824795843,66.18919712497532,45.3515351232498,44.46125870232951
throughput_3,8,5.0,mrmr,kmeans,aic,0.6176688938381588,0.44558795851784283,47.44012379153455,,,0.2858203414996288,0.2754892903296764,107.99846471377408,0.8804751299183371,0.2858203414996288,0.0,9.0,"throughput_2,buffer_size_3,throughput_1,avg_p_latency_2,avg_p_latency_1,buffer_size_1,python_gc_objects_collected_total_1,buffer_size_2,throughput_3",,,0.6768938259920105,0.35907896398566663,15.952763438923284,975.0,372.0,,,False,30,,0.4105419450631032,0.6547884187082406,0.6176688938381588,63.783352117374264,37.61244431423072,47.44012379153455
throughput_3,8,6.0,mrmr,kmeans,aic,0.607275426874536,0.37581937763798884,39.43712142519702,,,0.25092798812175204,0.21759451730869697,117.70653090533958,0.8775055679287305,0.25092798812175204,0.0,9.0,"throughput_2,buffer_size_3,throughput_1,avg_p_latency_2,avg_p_latency_1,buffer_size_1,python_gc_objects_collected_total_1,buffer_size_2,throughput_3",,,1.3813835049513727,0.4297519049141556,16.58022181596607,910.0,437.0,,,False,30,,0.3771343726800297,0.45879732739420936,0.607275426874536,67.71911603761775,66.99586463864938,39.43712142519702
throughput_3,8,8.0,mrmr,kmeans,aic,0.6169265033407573,0.520971047758195,46.79477949133767,,,0.25092798812175204,0.2048649605433199,114.85640908517942,0.8678544914625093,0.25092798812175204,0.0,9.0,"throughput_2,buffer_size_3,throughput_1,avg_p_latency_2,avg_p_latency_1,buffer_size_1,python_gc_objects_collected_total_1,buffer_size_2,throughput_3",,,0.7515963920159265,0.2982583709526807,15.475773056969047,828.0,519.0,,,False,30,,0.21603563474387527,0.7193763919821826,0.6169265033407573,85.81244353968906,25.92667695692663,46.79477949133767
throughput_3,8,,mrmr,dbscan,bic,0.22345953971789162,0.11175032309753717,95.34331539635605,,,0.09502598366740905,0.04152576612596705,104.42724471089282,0.5419450631031922,0.09502598366740905,9.0,8.0,"throughput_2,buffer_size_3,throughput_1,avg_p_latency_2,avg_p_latency_1,buffer_size_1,buffer_size_2,throughput_3",,,0.32429127499926835,0.27607039094436914,14.966888023074716,506.0,841.0,,,False,30,,0.014847809948032665,0.14253897550111358,0.22345953971789162,116.49698270970197,88.26283460060749,95.34331539635605
throughput_3,8,,mrmr,dbscan,aic,0.3110616184112843,0.19262330277233883,47.10295147701978,,,0.09502598366740905,0.04152576612596705,104.42724471089282,0.5419450631031922,0.09502598366740905,9.0,8.0,"throughput_2,buffer_size_3,throughput_1,avg_p_latency_2,avg_p_latency_1,buffer_size_1,buffer_size_2,throughput_3",,,0.6888822889886796,0.5202454139944166,16.369064606959,220.0,1127.0,,,False,30,,0.23459539717891612,0.36674090571640683,0.3110616184112843,62.852451234658886,56.96137794929529,47.10295147701978
throughput_3,8,2.0,pca,classic_uniform,bic,0.8351893095768375,0.7403156919018432,39.576540460282104,,,0.8351893095768375,0.7440674750474306,39.576540460282104,0.9628804751299184,0.8351893095768375,0.0,9.0,"pca_1,pca_2,pca_3,pca_4,pca_5,pca_6,pca_7,pca_8,throughput_3",,,0.4779785310383886,0.1403912790119648,1.0549912309506908,1314.0,33.0,,,False,30,,,,0.8351893095768375,,,39.576540460282104
throughput_3,8,3.0,pca,classic_uniform,bic,0.6889383815887157,0.560423164139316,66.43629464653964,,,0.6993318485523385,0.5641388270230142,62.63314361131733,0.9198218262806236,0.6993318485523385,0.0,9.0,"pca_1,pca_2,pca_3,pca_4,pca_5,pca_6,pca_7,pca_8,throughput_3",,,0.5104935930576175,0.18186317291110754,1.2002730290405452,1277.0,70.0,,,False,30,,,,0.6889383815887157,,,66.43629464653964
throughput_3,8,4.0,pca,classic_uniform,bic,0.44320712694877507,0.3790989657251485,94.30626082652807,,,0.4669636228656273,0.38632936016937497,91.6321702548874,0.8960653303637713,0.4669636228656273,0.0,9.0,"pca_1,pca_2,pca_3,pca_4,pca_5,pca_6,pca_7,pca_8,throughput_3",,,0.44810212799347937,0.18840518698561937,1.1463728630915284,1244.0,103.0,,,False,30,,,,0.44320712694877507,,,94.30626082652807
throughput_3,8,5.0,pca,classic_uniform,bic,0.4446919079435783,0.3337131164429157,94.76976985894579,,,0.4446919079435783,0.33940677500068733,94.76976985894579,0.8975501113585747,0.4446919079435783,0.0,9.0,"pca_1,pca_2,pca_3,pca_4,pca_5,pca_6,pca_7,pca_8,throughput_3",,,0.4555182009935379,0.21505727199837565,1.2638770309276879,1160.0,187.0,,,False,30,,,,0.4446919079435783,,,94.76976985894579
throughput_3,8,6.0,pca,classic_uniform,bic,0.27765404602821087,0.2718667826512382,112.84662212323684,,,0.2969561989606533,0.27455552805961125,104.94319887816549,0.8485523385300668,0.2969561989606533,0.0,9.0,"pca_1,pca_2,pca_3,pca_4,pca_5,pca_6,pca_7,pca_8,throughput_3",,,0.4812312179710716,0.23577522591222078,1.302301532938145,1185.0,162.0,,,False,30,,,,0.27765404602821087,,,112.84662212323684
throughput_3,8,8.0,pca,classic_uniform,bic,0.22865627319970305,0.21494210258068464,126.93016580054442,,,0.25315515961395696,0.21020989716516816,116.10009898539964,0.8418708240534521,0.25315515961395696,0.0,9.0,"pca_1,pca_2,pca_3,pca_4,pca_5,pca_6,pca_7,pca_8,throughput_3",,,0.35169436200521886,0.20054426009301096,1.1290635779732838,1083.0,264.0,,,False,30,,,,0.22865627319970305,,,126.93016580054442
throughput_3,8,2.0,pca,classic_uniform,aic,0.8351893095768375,0.7363924453408868,39.576540460282104,,,0.8351893095768375,0.7440674750474306,39.576540460282104,0.9628804751299184,0.8351893095768375,0.0,9.0,"pca_1,pca_2,pca_3,pca_4,pca_5,pca_6,pca_7,pca_8,throughput_3",,,0.6409593239659443,0.14127596199978143,1.2511448570294306,1314.0,33.0,,,False,30,,,,0.8351893095768375,,,39.576540460282104
throughput_3,8,3.0,pca,classic_uniform,aic,0.6904231625835189,0.5423043279561994,65.48550688773408,,,0.6993318485523385,0.5641388270230142,62.63314361131733,0.9198218262806236,0.6993318485523385,0.0,9.0,"pca_1,pca_2,pca_3,pca_4,pca_5,pca_6,pca_7,pca_8,throughput_3",,,0.8958730580052361,0.2067191869718954,1.651391013059765,1277.0,70.0,,,False,30,,,,0.6904231625835189,,,65.48550688773408
throughput_3,8,4.0,pca,classic_uniform,aic,0.43132887899034894,0.3721322093653025,102.32853254145013,,,0.4669636228656273,0.38632936016937497,91.6321702548874,0.8960653303637713,0.4669636228656273,0.0,9.0,"pca_1,pca_2,pca_3,pca_4,pca_5,pca_6,pca_7,pca_8,throughput_3",,,0.83561119902879,0.17649638501461595,1.5295659879921004,1244.0,103.0,,,False,30,,,,0.43132887899034894,,,102.32853254145013
throughput_3,8,5.0,pca,classic_uniform,aic,0.4268745360059391,0.3114511635668892,100.61711457560011,,,0.4446919079435783,0.33940677500068733,94.76976985894579,0.8975501113585747,0.4446919079435783,0.0,9.0,"pca_1,pca_2,pca_3,pca_4,pca_5,pca_6,pca_7,pca_8,throughput_3",,,1.0005057730013505,0.25550085096620023,1.8673961180029437,1160.0,187.0,,,False,30,,,,0.4268745360059391,,,100.61711457560011
throughput_3,8,6.0,pca,classic_uniform,aic,0.25983667409057165,0.260899075789266,118.72962138084634,,,0.2969561989606533,0.27455552805961125,104.94319887816549,0.8485523385300668,0.2969561989606533,0.0,9.0,"pca_1,pca_2,pca_3,pca_4,pca_5,pca_6,pca_7,pca_8,throughput_3",,,0.582209279993549,0.2532131989719346,1.4384305459680036,1185.0,162.0,,,False,30,,,,0.25983667409057165,,,118.72962138084634
throughput_3,8,8.0,pca,classic_uniform,aic,0.24276169265033407,0.20681922886275733,114.7630536995793,,,0.25315515961395696,0.21020989716516816,116.10009898539964,0.8418708240534521,0.25315515961395696,0.0,9.0,"pca_1,pca_2,pca_3,pca_4,pca_5,pca_6,pca_7,pca_8,throughput_3",,,0.7568337389966473,0.2030394630273804,1.5195484239375219,1083.0,264.0,,,False,30,,,,0.24276169265033407,,,114.7630536995793
throughput_3,8,2.0,pca,classic_quantile,bic,0.5493689680772086,0.5068969193158376,108.21153179905963,,,0.43875278396436523,0.5,134.7741648106904,0.9547141796585004,0.5612472160356348,1.0,9.0,"pca_1,pca_2,pca_3,pca_4,pca_5,pca_6,pca_7,pca_8,throughput_3",,,0.4850468140793964,0.15233923203777522,1.1512857649940997,1282.0,65.0,,,False,30,,,,0.5493689680772086,,,108.21153179905963
throughput_3,8,3.0,pca,classic_quantile,bic,0.3088344469190794,0.33334483391512565,135.03512331931043,,,0.3838158871566444,0.33338282603316005,101.79754598696694,0.9034892353377877,0.3838158871566444,1.0,9.0,"pca_1,pca_2,pca_3,pca_4,pca_5,pca_6,pca_7,pca_8,throughput_3",,,0.9764940739842132,0.3143095029518008,1.9650056370301172,1161.0,186.0,,,False,30,,,,0.3088344469190794,,,135.03512331931043
throughput_3,8,4.0,pca,classic_quantile,bic,0.3080920564216778,0.27540701824079533,122.60892105914378,,,0.12694877505567928,0.24998178393686932,131.78745360059392,0.9079435783221975,0.12694877505567928,0.0,9.0,"pca_1,pca_2,pca_3,pca_4,pca_5,pca_6,pca_7,pca_8,throughput_3",,,0.7714478060370311,0.22794222796801478,1.6063984320499003,1099.0,248.0,,,False,30,,,,0.3080920564216778,,,122.60892105914378
throughput_3,8,5.0,pca,classic_quantile,bic,0.19673348181143283,0.20157979700855402,151.6100222717149,,,0.14996288047512993,0.20002942066045257,117.27908933432317,0.8626577579806979,0.14996288047512993,1.0,9.0,"pca_1,pca_2,pca_3,pca_4,pca_5,pca_6,pca_7,pca_8,throughput_3",,,0.7515898459823802,0.2544643930159509,1.6788228519726545,995.0,352.0,,,False,30,,,,0.19673348181143283,,,151.6100222717149
throughput_3,8,6.0,pca,classic_quantile,bic,0.1514476614699332,0.1718182939172922,123.29246061205974,,,0.19970304380103934,0.1666703786191537,201.82587230883442,0.8596881959910914,0.19970304380103934,5.0,9.0,"pca_1,pca_2,pca_3,pca_4,pca_5,pca_6,pca_7,pca_8,throughput_3",,,0.5154226059094071,0.3512127969879657,1.6309561909874901,929.0,418.0,,,False,30,,,,0.1514476614699332,,,123.29246061205974
throughput_3,8,8.0,pca,classic_quantile,bic,0.12323682256867112,0.12612153351252,130.87882640435535,,,0.15293244246473645,0.12515339299953257,91.66214736451374,0.8433556050482554,0.15293244246473645,5.0,9.0,"pca_1,pca_2,pca_3,pca_4,pca_5,pca_6,pca_7,pca_8,throughput_3",,,0.6836051159771159,0.3429935589665547,1.7708321760874242,865.0,482.0,,,False,30,,,,0.12323682256867112,,,130.87882640435535
throughput_3,8,2.0,pca,classic_quantile,aic,0.5597624350408315,0.5118430074312925,105.71571393219499,,,0.43875278396436523,0.5,134.7741648106904,0.9547141796585004,0.5612472160356348,1.0,9.0,"pca_1,pca_2,pca_3,pca_4,pca_5,pca_6,pca_7,pca_8,throughput_3",,,0.6794066419824958,0.15778499597217888,1.2995504579739645,1282.0,65.0,,,False,30,,,,0.5597624350408315,,,105.71571393219499
throughput_3,8,3.0,pca,classic_quantile,aic,0.3303637713437268,0.33824574634612,120.77586818444283,,,0.3838158871566444,0.33338282603316005,101.79754598696694,0.9034892353377877,0.3838158871566444,1.0,9.0,"pca_1,pca_2,pca_3,pca_4,pca_5,pca_6,pca_7,pca_8,throughput_3",,,1.1435246209148318,0.2082948109600693,1.886840462917462,1161.0,186.0,,,False,30,,,,0.3303637713437268,,,120.77586818444283
throughput_3,8,4.0,pca,classic_quantile,aic,0.26948775055679286,0.28564097119214593,115.09530438010394,,,0.12694877505567928,0.24998178393686932,131.78745360059392,0.9079435783221975,0.12694877505567928,0.0,9.0,"pca_1,pca_2,pca_3,pca_4,pca_5,pca_6,pca_7,pca_8,throughput_3",,,5.32991576497443,0.2150549510261044,6.097928676987067,1099.0,248.0,,,False,30,,,,0.26948775055679286,,,115.09530438010394
throughput_3,8,5.0,pca,classic_quantile,aic,0.16258351893095768,0.19478267119524156,132.3355728780005,,,0.14996288047512993,0.20002942066045257,117.27908933432317,0.8626577579806979,0.14996288047512993,1.0,9.0,"pca_1,pca_2,pca_3,pca_4,pca_5,pca_6,pca_7,pca_8,throughput_3",,,2.083920821081847,0.26444985903799534,3.0037442629691213,995.0,352.0,,,False,30,,,,0.16258351893095768,,,132.3355728780005
throughput_3,8,6.0,pca,classic_quantile,aic,0.15812917594654788,0.1611284206125485,131.1727460199621,,,0.19970304380103934,0.1666703786191537,201.82587230883442,0.8596881959910914,0.19970304380103934,5.0,9.0,"pca_1,pca_2,pca_3,pca_4,pca_5,pca_6,pca_7,pca_8,throughput_3",,,4.771044921013527,0.2604490170488134,5.66861944203265,929.0,418.0,,,False,30,,,,0.15812917594654788,,,131.1727460199621
throughput_3,8,8.0,pca,classic_quantile,aic,0.11878247958426132,0.12149676244310016,120.94772952239545,,,0.15293244246473645,0.12515339299953257,91.66214736451374,0.8433556050482554,0.15293244246473645,5.0,9.0,"pca_1,pca_2,pca_3,pca_4,pca_5,pca_6,pca_7,pca_8,throughput_3",,,0.8584007889730856,0.27220596303232014,1.80763321404811,865.0,482.0,,,False,30,,,,0.11878247958426132,,,120.94772952239545
throughput_3,8,2.0,pca,kmeans,bic,0.7446176688938382,0.6367565938486318,61.325810442959664,,,0.7453600593912398,0.6481247765954522,61.14753773818362,0.9510022271714922,0.7453600593912398,0.0,9.0,"pca_1,pca_2,pca_3,pca_4,pca_5,pca_6,pca_7,pca_8,throughput_3",,,0.4885420110076666,0.15462510799989104,1.1896151469554752,1300.0,47.0,,,False,30,,,,0.7446176688938382,,,61.325810442959664
throughput_3,8,3.0,pca,kmeans,bic,0.44988864142538976,0.4013948996347874,99.84776367013497,,,0.44988864142538976,0.39978250708020563,99.84776367013497,0.9265033407572383,0.44988864142538976,0.0,9.0,"pca_1,pca_2,pca_3,pca_4,pca_5,pca_6,pca_7,pca_8,throughput_3",,,0.5605638090055436,0.2521307730348781,1.4679901329800487,1214.0,133.0,,,False,30,,,,0.44988864142538976,,,99.84776367013497
throughput_3,8,4.0,pca,kmeans,bic,0.4261321455085375,0.3739304896265864,100.0152868708163,,,0.44766146993318484,0.3743557012840606,94.73243681950947,0.9161098737936154,0.44766146993318484,0.0,9.0,"pca_1,pca_2,pca_3,pca_4,pca_5,pca_6,pca_7,pca_8,throughput_3",,,0.5663992980262265,0.1863844780018553,1.345795045956038,1147.0,200.0,,,False,30,,,,0.4261321455085375,,,100.0152868708163
throughput_3,8,5.0,pca,kmeans,bic,0.24350408314773572,0.26917903333528037,126.45410606132042,,,0.2858203414996288,0.2754892903296764,107.99846471377408,0.8804751299183371,0.2858203414996288,0.0,9.0,"pca_1,pca_2,pca_3,pca_4,pca_5,pca_6,pca_7,pca_8,throughput_3",,,0.4438708700472489,0.30170824006199837,1.4869983539683744,1091.0,256.0,,,False,30,,,,0.24350408314773572,,,126.45410606132042
throughput_3,8,6.0,pca,kmeans,bic,0.22420193021529325,0.21105948623999074,130.24567926477528,,,0.25092798812175204,0.21759451730869697,117.70653090533958,0.8775055679287305,0.25092798812175204,0.0,9.0,"pca_1,pca_2,pca_3,pca_4,pca_5,pca_6,pca_7,pca_8,throughput_3",,,0.47040074702817947,0.2858091869857162,1.5004231940256432,1080.0,267.0,,,False,30,,,,0.22420193021529325,,,130.24567926477528
throughput_3,8,8.0,pca,kmeans,bic,0.24276169265033407,0.19239099112925193,115.15579630024449,,,0.25092798812175204,0.2048649605433199,114.85640908517944,0.8678544914625093,0.25092798812175204,0.0,9.0,"pca_1,pca_2,pca_3,pca_4,pca_5,pca_6,pca_7,pca_8,throughput_3",,,0.42374305496923625,0.23848050797823817,1.3471225430257618,1036.0,311.0,,,False,30,,,,0.24276169265033407,,,115.15579630024449
throughput_3,8,2.0,pca,kmeans,aic,0.7446176688938382,0.6400982899346214,61.325810442959664,,,0.7453600593912398,0.6481247765954522,61.14753773818362,0.9510022271714922,0.7453600593912398,0.0,9.0,"pca_1,pca_2,pca_3,pca_4,pca_5,pca_6,pca_7,pca_8,throughput_3",,,0.6563225230202079,0.14842013199813664,1.3384855800541118,1300.0,47.0,,,False,30,,,,0.7446176688938382,,,61.325810442959664
throughput_3,8,3.0,pca,kmeans,aic,0.44691907943578324,0.4011464869929062,97.80826009381452,,,0.44988864142538976,0.39978250708020563,99.84776367013497,0.9265033407572383,0.44988864142538976,0.0,9.0,"pca_1,pca_2,pca_3,pca_4,pca_5,pca_6,pca_7,pca_8,throughput_3",,,1.1754377488978207,0.18639305303804576,1.967247655033134,1214.0,133.0,,,False,30,,,,0.44691907943578324,,,97.80826009381452
throughput_3,8,4.0,pca,kmeans,aic,0.40014847809948034,0.35255415337973245,117.49285687954307,,,0.44766146993318484,0.3743557012840606,94.73243681950947,0.9161098737936154,0.44766146993318484,0.0,9.0,"pca_1,pca_2,pca_3,pca_4,pca_5,pca_6,pca_7,pca_8,throughput_3",,,3.070297288009897,0.22408336796797812,3.9487728839740157,1147.0,200.0,,,False,30,,,,0.40014847809948034,,,117.49285687954307
throughput_3,8,5.0,pca,kmeans,aic,0.2947290274684484,0.2797414730579874,105.92680989259232,,,0.2858203414996288,0.2754892903296764,107.99846471377408,0.8804751299183371,0.2858203414996288,0.0,9.0,"pca_1,pca_2,pca_3,pca_4,pca_5,pca_6,pca_7,pca_8,throughput_3",,,1.0611616759561002,0.21881438698619604,1.9435479720123112,1091.0,256.0,,,False,30,,,,0.2947290274684484,,,105.92680989259232
throughput_3,8,6.0,pca,kmeans,aic,0.2167780252412769,0.23086161548868978,115.34666514144028,,,0.25092798812175204,0.21759451730869697,117.70653090533953,0.8775055679287305,0.25092798812175204,0.0,9.0,"pca_1,pca_2,pca_3,pca_4,pca_5,pca_6,pca_7,pca_8,throughput_3",,,1.65095422801096,0.22712584701366723,2.583540003048256,1080.0,267.0,,,False,30,,,,0.2167780252412769,,,115.34666514144028
throughput_3,8,8.0,pca,kmeans,aic,0.17817371937639198,0.18899904674253187,133.13174685603457,,,0.25092798812175204,0.2048649605433199,114.85640908517944,0.8678544914625093,0.25092798812175204,0.0,9.0,"pca_1,pca_2,pca_3,pca_4,pca_5,pca_6,pca_7,pca_8,throughput_3",,,0.8040204180870205,0.3282174289925024,1.9138363669626415,1036.0,311.0,,,False,30,,,,0.17817371937639198,,,133.13174685603457
throughput_3,8,,pca,dbscan,bic,0.09502598366740905,0.04152576612596702,104.42724471089282,,,0.09502598366740905,0.04152576612596702,104.42724471089282,0.5419450631031922,0.09502598366740905,9.0,1.0,throughput_3,,,0.017128342064097524,0.01264179009012878,0.23380073998123407,1346.0,1.0,,,False,30,,,,0.09502598366740905,,,104.42724471089282
throughput_3,8,,pca,dbscan,aic,,,,,,,,,,,,,,,,,,0.09786643006373197,,,,,False,30,The node throughput_3_t1 is not in the digraph.,,,,,,
throughput_3,12,2.0,markov,classic_uniform,bic,0.9576837416481069,0.8819380646087324,10.161544172234594,,,0.8351893095768375,0.7440674750474306,39.576540460282104,0.9628804751299184,0.8351893095768375,0.0,13.0,"data_quality_3,avg_p_latency_1,buffer_size_3,buffer_size_2,data_quality_1,throughput_2,cores_1,throughput_1,python_gc_objects_collected_total_1,python_gc_objects_collected_total_2,python_gc_objects_collected_total_3,python_gc_collections_total_4,throughput_3",7.0,padded,1.0233049619710073,0.23294842499308288,12.672243891982362,1315.0,32.0,saved_dbn_models_top5_20260313_192652_seed783122_run20260505_154142/rank3_dbn_throughput_3_K12_markov_classic_uniform_bic_bins2.pkl,saved_dbn_models_top5_20260313_192652_seed783122_run20260505_154142/rank3_dbn_throughput_3_K12_markov_classic_uniform_bic_bins2_edges.csv,False,30,,0.6614699331848553,0.9576837416481069,0.9576837416481069,55.304528582034145,10.117112100965107,10.161544172234594
throughput_3,12,3.0,markov,classic_uniform,bic,0.8856718634001485,0.798026434139765,20.79848222387198,,,0.6993318485523385,0.5641388270230142,62.63314361131733,0.9198218262806236,0.6993318485523385,0.0,13.0,"buffer_size_3,throughput_2,data_quality_2,throughput_1,python_gc_objects_collected_total_1,python_gc_objects_collected_total_2,python_gc_objects_collected_total_3,avg_p_latency_1,python_gc_collections_total_4,python_gc_collections_total_1,python_gc_collections_total_7,python_gc_objects_collected_total_5,throughput_3",3.0,padded,0.8206105550052598,0.267695473972708,10.137814619927667,1267.0,80.0,,,False,30,,0.3771343726800297,0.8671121009651076,0.8856718634001485,75.59902664357007,23.074115317990593,20.79848222387198
throughput_3,12,4.0,markov,classic_uniform,bic,0.85003711952487,0.7285977627012389,20.679633754021282,,,0.4669636228656273,0.38632936016937497,91.6321702548874,0.8960653303637713,0.4669636228656273,0.0,13.0,"data_quality_3,buffer_size_3,throughput_2,scrape_duration_seconds_3,throughput_1,python_gc_objects_collected_total_1,python_gc_objects_collected_total_2,python_gc_objects_collected_total_3,avg_p_latency_1,python_gc_collections_total_4,python_gc_collections_total_1,python_gc_collections_total_7,throughput_3",4.0,padded,0.9571810360066593,0.30635045596864074,9.538783426978625,1200.0,147.0,,,False,30,,0.43207126948775054,0.734966592427617,0.85003711952487,64.82515466468695,35.76487874288542,20.679633754021282
throughput_3,12,5.0,markov,classic_uniform,bic,0.8262806236080178,0.7131544649370866,20.7509428359317,,,0.4446919079435783,0.33940677500068733,94.76976985894579,0.8975501113585747,0.4446919079435783,0.0,13.0,"data_quality_3,buffer_size_3,throughput_2,scrape_duration_seconds_3,throughput_1,python_gc_objects_collected_total_1,python_gc_objects_collected_total_2,python_gc_objects_collected_total_3,avg_p_latency_1,python_gc_collections_total_4,python_gc_collections_total_1,python_gc_collections_total_7,throughput_3",4.0,padded,0.8237029539886862,0.3128769809845835,8.903417562018149,1159.0,188.0,,,False,30,,0.38752783964365256,0.6852264291017075,0.8262806236080178,64.716000989854,42.172383073496654,20.7509428359317
throughput_3,12,6.0,markov,classic_uniform,bic,0.6080178173719376,0.476077180845521,40.646176688938375,,,0.2969561989606533,0.27455552805961125,104.94319887816549,0.8485523385300668,0.2969561989606533,0.0,13.0,"throughput_2,data_quality_3,throughput_1,buffer_size_3,python_gc_objects_collected_total_1,python_gc_objects_collected_total_2,python_gc_objects_collected_total_3,avg_p_latency_1,python_gc_collections_total_4,python_gc_collections_total_1,python_gc_collections_total_7,python_gc_objects_collected_total_5,throughput_3",2.0,padded,0.7685798989841715,0.3287680339999497,8.449538774904795,1088.0,259.0,,,False,30,,0.32962138084632514,0.48700816629547145,0.6080178173719376,62.01545821991257,57.98111028623278,40.646176688938375
throughput_3,12,8.0,markov,classic_uniform,bic,0.6956198960653304,0.5507155594199431,39.264563226924025,,,0.25315515961395696,0.21020989716516816,116.10009898539964,0.8418708240534521,0.25315515961395696,0.0,13.0,"throughput_2,throughput_1,buffer_size_3,python_gc_objects_collected_total_1,python_gc_objects_collected_total_2,python_gc_objects_collected_total_3,avg_p_latency_1,python_gc_collections_total_4,python_gc_collections_total_1,python_gc_collections_total_7,python_gc_objects_collected_total_5,python_gc_objects_collected_total_6,throughput_3",1.0,padded,0.8066339719807729,0.33901189907919616,7.62305066594854,1043.0,304.0,,,False,30,,0.32516703786191536,0.6636971046770601,0.6956198960653304,70.85892724573125,45.615751051719876,39.264563226924025
throughput_3,12,2.0,markov,classic_uniform,aic,0.9517446176688938,0.8547813958442351,11.58772581044296,,,0.8351893095768375,0.7440674750474306,39.576540460282104,0.9628804751299184,0.8351893095768375,0.0,13.0,"data_quality_3,buffer_size_3,data_quality_1,throughput_2,cores_1,throughput_1,python_gc_objects_collected_total_1,python_gc_objects_collected_total_2,python_gc_objects_collected_total_3,avg_p_latency_1,python_gc_collections_total_4,python_gc_collections_total_1,throughput_3",5.0,padded,1.2563593690283597,0.25491557305213064,17.491541900089942,1320.0,27.0,,,False,30,,0.6778025241276912,0.955456570155902,0.9517446176688938,52.636327641672864,10.649591685226431,11.58772581044296
throughput_3,12,3.0,markov,classic_uniform,aic,0.8418708240534521,0.5376517373972011,28.880178173719376,,,0.6993318485523385,0.5641388270230142,62.63314361131733,0.9198218262806236,0.6993318485523385,0.0,13.0,"buffer_size_3,data_quality_2,throughput_2,cores_2,cores_1,process_resident_memory_bytes_3,throughput_1,python_gc_objects_collected_total_1,python_gc_objects_collected_total_2,python_gc_objects_collected_total_3,avg_p_latency_1,python_gc_collections_total_4,throughput_3",6.0,padded,1.8885564469965175,0.4056338369846344,13.19860076403711,1237.0,110.0,,,False,30,,0.6406829992576095,0.8485523385300668,0.8418708240534521,39.45703208776706,26.03233523055349,28.880178173719376
throughput_3,12,4.0,markov,classic_uniform,aic,0.6184112843355605,0.3634854394645689,50.0946300420688,,,0.4669636228656273,0.3863293601693751,91.6321702548874,0.8960653303637713,0.4669636228656273,0.0,13.0,"data_quality_3,buffer_size_3,throughput_2,cores_2,scrape_duration_seconds_3,throughput_1,python_gc_objects_collected_total_1,python_gc_objects_collected_total_2,python_gc_objects_collected_total_3,avg_p_latency_1,python_gc_collections_total_4,python_gc_collections_total_1,throughput_3",5.0,padded,1.3249355509178713,0.38295840402133763,11.836701818043366,1184.0,163.0,,,False,30,,0.4201930215293244,0.6807720861172977,0.6184112843355605,62.581440237564955,41.62215416975996,50.0946300420688
throughput_3,12,5.0,markov,classic_uniform,aic,0.755011135857461,0.35916360441318096,30.37766889383816,,,0.4446919079435783,0.33940677500068733,94.76976985894579,0.8975501113585747,0.4446919079435783,0.0,13.0,"data_quality_3,buffer_size_3,throughput_2,scrape_duration_seconds_3,cores_3,throughput_1,python_gc_objects_collected_total_1,python_gc_objects_collected_total_2,python_gc_objects_collected_total_3,avg_p_latency_1,python_gc_collections_total_4,python_gc_collections_total_1,throughput_3",5.0,padded,1.816924678045325,0.3549294789554551,10.688555606058799,1143.0,204.0,,,False,30,,0.36674090571640683,0.5575352635486266,0.755011135857461,67.72379114080672,56.726825043306114,30.37766889383816
throughput_3,12,6.0,markov,classic_uniform,aic,0.4105419450631032,0.3391712163482594,69.8234760372845,,,0.2969561989606533,0.27455552805961125,104.94319887816549,0.8485523385300668,0.2969561989606533,0.0,13.0,"data_quality_3,buffer_size_3,throughput_2,scrape_duration_seconds_3,throughput_1,python_gc_objects_collected_total_1,python_gc_objects_collected_total_2,python_gc_objects_collected_total_3,avg_p_latency_1,python_gc_collections_total_4,python_gc_collections_total_1,python_gc_collections_total_7,throughput_3",4.0,padded,1.2025403699371964,0.3516403450630605,9.85913436091505,1095.0,252.0,,,False,30,,0.2791388270230141,0.5597624350408315,0.4105419450631032,66.66459622205726,50.05308092056422,69.8234760372845
throughput_3,12,8.0,markov,classic_uniform,aic,0.6726057906458798,0.5428453763570767,36.18935906953724,,,0.25315515961395696,0.21020989716516816,116.10009898539964,0.8418708240534521,0.25315515961395696,0.0,13.0,"buffer_size_3,throughput_2,scrape_duration_seconds_3,avg_p_latency_3,throughput_1,python_gc_objects_collected_total_1,python_gc_objects_collected_total_2,python_gc_objects_collected_total_3,avg_p_latency_1,python_gc_collections_total_4,python_gc_collections_total_1,python_gc_collections_total_7,throughput_3",4.0,padded,1.149537352961488,0.3627558220177889,9.129608639981598,1015.0,332.0,,,False,30,,0.3504083147735709,0.5634743875278396,0.6726057906458798,69.76739049740162,47.21318980450384,36.18935906953724
throughput_3,12,2.0,markov,classic_quantile,bic,0.8433556050482554,0.6890276349123985,37.61554070774561,,,0.43875278396436523,0.5,134.7741648106904,0.9547141796585004,0.5612472160356348,1.0,13.0,"buffer_size_3,scrape_duration_seconds_2,data_quality_1,avg_p_latency_2,throughput_2,scrape_duration_seconds_3,cores_2,cores_3,throughput_1,python_gc_objects_collected_total_1,python_gc_objects_collected_total_2,python_gc_objects_collected_total_3,throughput_3",8.0,padded,1.1819585890043527,0.45452746795490384,13.035217027994804,1187.0,160.0,,,False,30,,0.7668893838158871,0.9183370452858204,0.8433556050482554,38.082504330611236,19.524251422915118,37.61554070774561
throughput_3,12,3.0,markov,classic_quantile,bic,0.6755753526354863,0.5550113750167643,38.80690010723419,,,0.3838158871566444,0.33338282603316005,101.79754598696694,0.9034892353377877,0.3838158871566444,1.0,13.0,"buffer_size_3,avg_p_latency_2,throughput_2,cores_1,cores_3,throughput_1,python_gc_objects_collected_total_1,python_gc_objects_collected_total_2,python_gc_objects_collected_total_3,avg_p_latency_1,python_gc_collections_total_4,python_gc_collections_total_1,throughput_3",5.0,padded,1.091502185096033,0.33111542800907046,9.999613360036165,1198.0,149.0,,,False,30,,0.6666666666666666,0.6993318485523385,0.6755753526354863,42.90605048255383,43.08007093953641,38.80690010723419
throughput_3,12,4.0,markov,classic_quantile,bic,0.7587230883444692,0.6006376108843912,41.788938381588714,,,0.12694877505567928,0.24998178393686932,131.78745360059392,0.9079435783221975,0.12694877505567928,0.0,13.0,"buffer_size_3,throughput_2,cores_3,avg_p_latency_3,throughput_1,python_gc_objects_collected_total_1,python_gc_objects_collected_total_2,python_gc_objects_collected_total_3,avg_p_latency_1,python_gc_collections_total_4,python_gc_collections_total_1,python_gc_collections_total_7,throughput_3",4.0,padded,1.028864625026472,0.3806094239698723,9.604716024943627,1149.0,198.0,,,False,30,,0.5605048255382331,0.8025241276911655,0.7587230883444692,61.45097748082157,26.026070279633757,41.788938381588714
throughput_3,12,5.0,markov,classic_quantile,bic,0.6844840386043058,0.5892834084495018,38.40058153922296,,,0.14996288047512993,0.20002942066045257,117.27908933432317,0.8626577579806979,0.14996288047512993,1.0,13.0,"buffer_size_3,throughput_2,throughput_1,python_gc_objects_collected_total_1,python_gc_objects_collected_total_2,python_gc_objects_collected_total_3,avg_p_latency_1,python_gc_collections_total_4,python_gc_collections_total_1,python_gc_collections_total_7,python_gc_objects_collected_total_5,python_gc_objects_collected_total_6,throughput_3",2.0,padded,0.8656449869740754,0.34586123807821423,9.236097848042846,1141.0,206.0,,,False,30,,0.49368968077208614,0.7683741648106904,0.6844840386043058,60.76770601336303,24.413635238802275,38.40058153922296
throughput_3,12,6.0,markov,classic_quantile,bic,0.6503340757238307,0.5209004677785533,37.70247051059969,,,0.19970304380103934,0.16667037861915368,201.82587230883442,0.8596881959910914,0.19970304380103934,5.0,13.0,"buffer_size_3,throughput_2,throughput_1,python_gc_objects_collected_total_1,python_gc_objects_collected_total_2,python_gc_objects_collected_total_3,avg_p_latency_1,python_gc_collections_total_4,python_gc_collections_total_1,python_gc_collections_total_7,python_gc_objects_collected_total_5,python_gc_objects_collected_total_6,throughput_3",2.0,padded,0.8272002768935636,0.3409563680179417,8.958355145994574,1117.0,230.0,,,False,30,,0.5219005196733482,0.6555308092056422,0.6503340757238307,51.7566485193434,31.956487668068966,37.70247051059969
throughput_3,12,8.0,markov,classic_quantile,bic,0.7030438010393467,0.48905742962894866,23.687478346943827,,,0.15293244246473645,0.12515339299953257,91.66214736451374,0.8433556050482554,0.15293244246473645,5.0,13.0,"buffer_size_3,throughput_2,data_quality_3,throughput_1,python_gc_objects_collected_total_1,python_gc_objects_collected_total_2,python_gc_objects_collected_total_3,avg_p_latency_1,python_gc_collections_total_4,python_gc_collections_total_1,python_gc_collections_total_7,python_gc_objects_collected_total_5,throughput_3",3.0,padded,0.8489509780192748,0.43125485396012664,9.35510864306707,1005.0,342.0,,,False,30,,0.4083147735708983,0.6748329621380846,0.7030438010393467,59.38507795100222,26.162527839643655,23.687478346943827
throughput_3,12,2.0,markov,classic_quantile,aic,0.8173719376391982,0.7306163393875382,43.85508537490719,,,0.43875278396436523,0.5,134.7741648106904,0.9547141796585004,0.5612472160356348,1.0,14.0,"throughput_2,buffer_size_3,process_resident_memory_bytes_1,data_quality_1,avg_p_latency_2,avg_p_latency_3,process_virtual_memory_bytes_1,process_virtual_memory_bytes_2,process_virtual_memory_bytes_3,scrape_duration_seconds_2,cores_1,cores_3,throughput_3,throughput_1",14.0,trimmed,1.9434718650300056,0.5733645389555022,20.949099592049606,1173.0,174.0,,,False,30,,0.8611729769858946,0.9153674832962138,0.8173719376391982,22.67970799307102,20.234224201930214,43.85508537490719
throughput_3,12,3.0,markov,classic_quantile,aic,0.7668893838158871,0.6580085292981293,36.23662872226347,,,0.3838158871566444,0.33338282603316005,101.79754598696694,0.9034892353377877,0.3838158871566444,1.0,13.0,"data_quality_3,buffer_size_3,buffer_size_2,avg_p_latency_2,process_virtual_memory_bytes_2,throughput_2,cores_3,throughput_1,python_gc_objects_collected_total_1,python_gc_objects_collected_total_2,python_gc_objects_collected_total_3,avg_p_latency_1,throughput_3",7.0,padded,2.1648806049488485,0.474891648045741,13.357284815981984,1088.0,259.0,,,False,30,,0.5916852264291017,0.7980697847067557,0.7668893838158871,49.913523880227665,36.46570155902005,36.23662872226347
throughput_3,12,4.0,markov,classic_quantile,aic,0.49665924276169265,0.4345400598759215,78.50381093788666,,,0.12694877505567928,0.24998178393686932,131.78745360059392,0.9079435783221975,0.12694877505567928,0.0,13.0,"buffer_size_3,throughput_2,cores_1,cores_3,avg_p_latency_3,throughput_1,python_gc_objects_collected_total_1,python_gc_objects_collected_total_2,python_gc_objects_collected_total_3,avg_p_latency_1,python_gc_collections_total_4,python_gc_collections_total_1,throughput_3",5.0,padded,2.134335228940472,0.33990208606701344,11.589842280023731,1149.0,198.0,,,False,30,,0.5924276169265034,0.6666666666666666,0.49665924276169265,46.82756743380351,55.26562731997031,78.50381093788666
throughput_3,12,5.0,markov,classic_quantile,aic,0.4862657757980698,0.25269354217713264,80.11216283098241,,,0.14996288047512993,0.20002942066045257,117.27908933432317,0.8626577579806979,0.14996288047512993,1.0,13.0,"buffer_size_3,throughput_2,cores_3,avg_p_latency_3,throughput_1,python_gc_objects_collected_total_1,python_gc_objects_collected_total_2,python_gc_objects_collected_total_3,avg_p_latency_1,python_gc_collections_total_4,python_gc_collections_total_1,python_gc_collections_total_7,throughput_3",4.0,padded,2.676460969960317,0.4243148260284215,11.732496951008216,1036.0,311.0,,,False,30,,0.1789161098737936,0.3281365998515219,0.4862657757980698,116.95621133382826,119.05772086117298,80.11216283098241
throughput_3,12,6.0,markov,classic_quantile,aic,0.6503340757238307,0.5166073213866708,37.40642167780253,,,0.19970304380103934,0.16667037861915368,201.82587230883442,0.8596881959910914,0.19970304380103934,5.0,13.0,"buffer_size_3,throughput_2,cores_1,avg_p_latency_3,throughput_1,python_gc_objects_collected_total_1,python_gc_objects_collected_total_2,python_gc_objects_collected_total_3,avg_p_latency_1,python_gc_collections_total_4,python_gc_collections_total_1,python_gc_collections_total_7,throughput_3",4.0,padded,2.207034206017852,0.43552470195572823,11.005748113035224,1034.0,313.0,,,False,30,,0.4060876020786934,0.593170007423905,0.6503340757238307,60.3822403695455,42.28243421595315,37.40642167780253
throughput_3,12,8.0,markov,classic_quantile,aic,0.45879732739420936,0.33657642891325534,70.6551008413759,,,0.15293244246473645,0.12515339299953257,91.66214736451374,0.8433556050482554,0.15293244246473645,5.0,13.0,"buffer_size_3,scrape_duration_seconds_2,buffer_size_1,throughput_1,throughput_2,scrape_duration_seconds_3,avg_p_latency_3,python_gc_objects_collected_total_1,python_gc_objects_collected_total_2,python_gc_objects_collected_total_3,avg_p_latency_1,python_gc_collections_total_4,throughput_3",7.0,padded,1.8253963069291785,1.014848856953904,12.81123337103054,200.0,1147.0,,,False,30,,0.4892353377876763,0.5916852264291017,0.45879732739420936,48.866388270230146,34.39888332096015,70.6551008413759
throughput_3,12,2.0,markov,kmeans,bic,0.9123979213066072,0.8184719025458074,21.036179163573372,,,0.7453600593912398,0.6481247765954522,61.14753773818362,0.9510022271714922,0.7453600593912398,0.0,13.0,"buffer_size_3,buffer_size_1,data_quality_2,throughput_2,scrape_duration_seconds_3,cores_3,throughput_1,python_gc_objects_collected_total_1,python_gc_objects_collected_total_2,python_gc_objects_collected_total_3,avg_p_latency_1,python_gc_collections_total_4,throughput_3",6.0,padded,1.0831445939838886,0.26775390398688614,11.697925669024698,1294.0,53.0,,,False,30,,0.6043058648849294,0.9220489977728286,0.9123979213066072,64.64323187329869,18.636785449146256,21.036179163573372
throughput_3,12,3.0,markov,kmeans,bic,0.7884187082405345,0.568272989776325,33.38115758076814,,,0.44988864142538976,0.39978250708020563,99.84776367013497,0.9265033407572383,0.44988864142538976,0.0,13.0,"buffer_size_3,throughput_2,scrape_duration_seconds_3,avg_p_latency_3,throughput_1,python_gc_objects_collected_total_1,python_gc_objects_collected_total_2,python_gc_objects_collected_total_3,avg_p_latency_1,python_gc_collections_total_4,python_gc_collections_total_1,python_gc_collections_total_7,throughput_3",4.0,padded,1.0237360899336636,0.30221092293504626,9.79360222199466,1223.0,124.0,,,False,30,,0.5515961395694136,0.6755753526354863,0.7884187082405345,61.02836927294976,61.86634246235746,33.38115758076814
throughput_3,12,4.0,markov,kmeans,bic,0.8158871566443949,0.7439953922974849,25.320077289972563,,,0.44766146993318484,0.3743557012840606,94.73243681950947,0.9161098737936154,0.44766146993318484,0.0,13.0,"buffer_size_3,throughput_2,scrape_duration_seconds_3,avg_p_latency_3,throughput_1,python_gc_objects_collected_total_1,python_gc_objects_collected_total_2,python_gc_objects_collected_total_3,avg_p_latency_1,python_gc_collections_total_4,python_gc_collections_total_1,python_gc_collections_total_7,throughput_3",4.0,padded,0.8900580250192434,0.34220143302809447,9.41687970503699,1164.0,183.0,,,False,30,,0.3793615441722346,0.7542687453600594,0.8158871566443949,69.11851909683573,33.13549989559881,25.320077289972563
throughput_3,12,5.0,markov,kmeans,bic,0.8054936896807721,0.7068129154457107,27.070494805200653,,,0.2858203414996288,0.2754892903296764,107.99846471377408,0.8804751299183371,0.2858203414996288,0.0,13.0,"buffer_size_3,throughput_2,throughput_1,python_gc_objects_collected_total_1,python_gc_objects_collected_total_2,python_gc_objects_collected_total_3,avg_p_latency_1,python_gc_collections_total_4,python_gc_collections_total_1,python_gc_collections_total_7,python_gc_objects_collected_total_5,python_gc_objects_collected_total_6,throughput_3",2.0,padded,0.7492851800052449,0.30262287298683077,8.340040982002392,1163.0,184.0,,,False,30,,0.31551596139569416,0.7564959168522642,0.8054936896807721,75.85709729586863,28.49722017750583,27.070494805200653
throughput_3,12,6.0,markov,kmeans,bic,0.43801039346696363,0.32681989667240385,81.93954434518628,,,0.25092798812175204,0.21759451730869697,117.70653090533958,0.8775055679287305,0.25092798812175204,0.0,13.0,"buffer_size_3,throughput_2,throughput_1,python_gc_objects_collected_total_1,python_gc_objects_collected_total_2,python_gc_objects_collected_total_3,avg_p_latency_1,python_gc_collections_total_4,python_gc_collections_total_1,python_gc_collections_total_7,python_gc_objects_collected_total_5,python_gc_objects_collected_total_6,throughput_3",2.0,padded,0.9310978560242802,0.31077303795609623,7.9248776599997655,1115.0,232.0,,,False,30,,0.2991833704528582,0.4573125463994061,0.43801039346696363,77.29315997206197,67.8337673815638,81.93954434518628
throughput_3,12,8.0,markov,kmeans,bic,0.7334818114328137,0.5991490538210559,25.107321435467032,,,0.25092798812175204,0.2048649605433199,114.85640908517944,0.8678544914625093,0.25092798812175204,0.0,13.0,"throughput_2,throughput_1,buffer_size_3,python_gc_objects_collected_total_1,python_gc_objects_collected_total_2,python_gc_objects_collected_total_3,avg_p_latency_1,python_gc_collections_total_4,python_gc_collections_total_1,python_gc_collections_total_7,python_gc_objects_collected_total_5,python_gc_objects_collected_total_6,throughput_3",1.0,padded,0.8229361849371344,0.32184435601811856,7.722858529072255,1065.0,282.0,,,False,30,,0.3103192279138827,0.5523385300668151,0.7334818114328137,77.62870842376526,54.05513568837543,25.107321435467032
throughput_3,12,2.0,markov,kmeans,aic,0.8485523385300668,0.7278584473561223,36.36763177431329,,,0.7453600593912398,0.6481247765954522,61.14753773818362,0.9510022271714922,0.7453600593912398,0.0,13.0,"avg_p_latency_1,buffer_size_3,buffer_size_2,buffer_size_1,python_gc_objects_collected_total_7,data_quality_2,process_virtual_memory_bytes_2,throughput_2,scrape_duration_seconds_3,cores_3,throughput_1,python_gc_objects_collected_total_1,throughput_3",10.0,padded,1.454056401969865,0.36870255693793297,18.96589873591438,1259.0,88.0,,,False,30,,0.6369710467706013,0.7958426132145509,0.8485523385300668,59.3068299925761,48.810628557287814,36.36763177431329
throughput_3,12,3.0,markov,kmeans,aic,0.8693392724573126,0.7996733026252153,21.40248788493591,,,0.44988864142538976,0.39978250708020563,99.84776367013497,0.9265033407572383,0.44988864142538976,0.0,13.0,"buffer_size_3,buffer_size_2,buffer_size_1,throughput_2,scrape_duration_seconds_3,avg_p_latency_3,throughput_1,python_gc_objects_collected_total_1,python_gc_objects_collected_total_2,python_gc_objects_collected_total_3,avg_p_latency_1,python_gc_collections_total_4,throughput_3",6.0,padded,1.6871043439023197,0.37695104198064655,13.64916734606959,1113.0,234.0,,,False,30,,0.5731254639940608,0.7156644394951744,0.8693392724573126,54.6101858082248,47.29108988539296,21.40248788493591
throughput_3,12,4.0,markov,kmeans,aic,0.6503340757238307,0.5248060376072088,55.940137283609495,,,0.44766146993318484,0.3743557012840606,94.73243681950947,0.9161098737936154,0.44766146993318484,0.0,13.0,"buffer_size_3,data_quality_1,throughput_2,scrape_duration_seconds_3,avg_p_latency_3,throughput_1,python_gc_objects_collected_total_1,python_gc_objects_collected_total_2,python_gc_objects_collected_total_3,avg_p_latency_1,python_gc_collections_total_4,python_gc_collections_total_1,throughput_3",5.0,padded,1.5545278089120984,0.4322757269255817,11.373784043942578,1143.0,204.0,,,False,30,,0.3192279138827023,0.6481069042316259,0.6503340757238307,74.73244138454636,44.69413233810951,55.940137283609495
throughput_3,12,5.0,markov,kmeans,aic,0.7475872308834447,0.5296729009655505,39.245445370290255,,,0.2858203414996288,0.2754892903296764,107.99846471377408,0.8804751299183371,0.2858203414996288,0.0,13.0,"buffer_size_3,scrape_duration_seconds_2,throughput_2,scrape_duration_seconds_3,avg_p_latency_3,throughput_1,python_gc_objects_collected_total_1,python_gc_objects_collected_total_2,python_gc_objects_collected_total_3,avg_p_latency_1,python_gc_collections_total_4,python_gc_collections_total_1,throughput_3",5.0,padded,2.2588143449975178,0.9094308810308576,12.927827293984592,907.0,440.0,,,False,30,,0.3021529324424647,0.7631774313288789,0.7475872308834447,70.2285187244206,26.9928256288392,39.245445370290255
throughput_3,12,6.0,markov,kmeans,aic,0.6043058648849294,0.44244975893644173,39.669272742520626,,,0.25092798812175204,0.217594517308697,117.70653090533958,0.8775055679287305,0.25092798812175204,0.0,13.0,"buffer_size_3,scrape_duration_seconds_2,throughput_2,scrape_duration_seconds_3,throughput_1,python_gc_objects_collected_total_1,python_gc_objects_collected_total_2,python_gc_objects_collected_total_3,avg_p_latency_1,python_gc_collections_total_4,python_gc_collections_total_1,python_gc_collections_total_7,throughput_3",4.0,padded,1.0218316670507193,0.6583518330007792,10.226558393915184,858.0,489.0,,,False,30,,0.32293986636971045,0.5530809205642168,0.6043058648849294,75.41099165243753,44.6639272898088,39.669272742520626
throughput_3,12,8.0,markov,kmeans,aic,0.7260579064587973,0.5830411630147367,36.23630163903239,,,0.25092798812175204,0.2048649605433199,114.85640908517944,0.8678544914625093,0.25092798812175204,0.0,13.0,"buffer_size_3,throughput_2,throughput_1,python_gc_objects_collected_total_1,python_gc_objects_collected_total_2,python_gc_objects_collected_total_3,avg_p_latency_1,python_gc_collections_total_4,python_gc_collections_total_1,python_gc_collections_total_7,python_gc_objects_collected_total_5,python_gc_objects_collected_total_6,throughput_3",2.0,padded,0.9563289219513535,0.6451468949671835,9.236716846004128,1065.0,282.0,,,False,30,,0.2212323682256867,0.7082405345211581,0.7260579064587973,90.63103140496153,32.27496225615012,36.23630163903239
throughput_3,12,,markov,dbscan,bic,0.25686711210096513,0.12278524007014083,95.53430693948681,,,0.09502598366740905,0.04152576612596704,104.42724471089282,0.5419450631031922,0.09502598366740905,9.0,9.0,"data_quality_3,avg_p_latency_1,buffer_size_3,buffer_size_2,data_quality_1,throughput_2,cores_1,throughput_1,throughput_3",7.0,padded,0.38207204500213265,0.2983496889937669,12.558581151999533,503.0,844.0,,,False,30,,0.017817371937639197,0.15219005196733482,0.25686711210096513,115.41375048269961,90.95039278012153,95.53430693948681
throughput_3,12,,markov,dbscan,aic,0.32887899034892354,0.17481929366919408,42.82267252598161,,,0.09502598366740905,0.04152576612596704,104.42724471089282,0.5419450631031922,0.09502598366740905,9.0,8.0,"data_quality_3,buffer_size_3,data_quality_1,throughput_2,cores_1,throughput_1,avg_p_latency_1,throughput_3",5.0,padded,0.5830462009180337,0.507890825974755,20.133021985995583,560.0,787.0,,,False,30,,0.20193021529324426,0.3051224944320713,0.32887899034892354,46.71101901761384,46.0807298116516,42.82267252598161
throughput_3,12,2.0,mrmr,classic_uniform,bic,0.9532293986636972,0.7844988775337964,11.231180400890869,,,0.8351893095768375,0.7440674750474306,39.576540460282104,0.9628804751299184,0.8351893095768375,0.0,13.0,"throughput_2,buffer_size_3,throughput_1,avg_p_latency_2,avg_p_latency_1,buffer_size_1,python_gc_objects_collected_total_1,buffer_size_2,avg_p_latency_3,data_quality_1,scrape_duration_seconds_2,cores_1,throughput_3",,,1.1289803219260648,0.2869176099775359,32.62578470201697,1279.0,68.0,,,False,30,,0.7475872308834447,0.9606533036377134,0.9532293986636972,41.235832714674586,9.407139321950014,11.231180400890869
throughput_3,12,3.0,mrmr,classic_uniform,bic,0.8982925018559762,0.6982552336215768,18.421512826858038,,,0.6993318485523385,0.5641388270230142,62.63314361131733,0.9198218262806236,0.6993318485523385,0.0,13.0,"throughput_2,buffer_size_3,throughput_1,avg_p_latency_2,avg_p_latency_1,buffer_size_1,python_gc_objects_collected_total_1,buffer_size_2,avg_p_latency_3,data_quality_1,scrape_duration_seconds_2,cores_1,throughput_3",,,1.0715214730007574,0.5071642930852249,32.375393013935536,1114.0,233.0,,,False,30,,0.5649591685226429,0.8544914625092799,0.8982925018559762,50.29154499711293,25.3223624515384,18.421512826858038
throughput_3,12,4.0,mrmr,classic_uniform,bic,0.7802524127691166,0.6728930879120342,31.286859688195985,,,0.4669636228656273,0.38632936016937497,91.6321702548874,0.8960653303637713,0.4669636228656273,0.0,13.0,"throughput_2,buffer_size_3,throughput_1,avg_p_latency_2,avg_p_latency_1,buffer_size_1,python_gc_objects_collected_total_1,buffer_size_2,avg_p_latency_3,data_quality_1,scrape_duration_seconds_2,cores_1,throughput_3",,,0.9072445830097422,0.585237778024748,32.9140307509806,988.0,359.0,,,False,30,,0.6191536748329621,0.6384558277654045,0.7802524127691166,36.26327641672853,47.213189804503834,31.286859688195985
throughput_3,12,5.0,mrmr,classic_uniform,bic,0.7928730512249443,0.6831420694610706,26.954832962138088,,,0.4446919079435783,0.33940677500068733,94.76976985894579,0.8975501113585747,0.4446919079435783,0.0,13.0,"throughput_2,buffer_size_3,throughput_1,avg_p_latency_2,avg_p_latency_1,buffer_size_1,python_gc_objects_collected_total_1,buffer_size_2,avg_p_latency_3,data_quality_1,scrape_duration_seconds_2,cores_1,throughput_3",,,0.9208200280554593,0.6224844969110563,33.67289308307227,907.0,440.0,,,False,30,,0.5530809205642168,0.7431328878990349,0.7928730512249443,36.23902004454343,32.44575600098985,26.954832962138088
throughput_3,12,6.0,mrmr,classic_uniform,bic,0.6562731997030438,0.35306147050434405,40.76502515878908,,,0.2969561989606533,0.27455552805961125,104.94319887816549,0.8485523385300668,0.2969561989606533,0.0,13.0,"throughput_2,buffer_size_3,throughput_1,avg_p_latency_2,avg_p_latency_1,buffer_size_1,python_gc_objects_collected_total_1,buffer_size_2,avg_p_latency_3,data_quality_1,scrape_duration_seconds_2,cores_1,throughput_3",,,0.9161527360556647,0.6719359939452261,33.85968080803286,815.0,532.0,,,False,30,,0.42242019302152933,0.47809948032665184,0.6562731997030438,44.3083065247876,55.08205477192114,40.76502515878908
throughput_3,12,8.0,mrmr,classic_uniform,bic,0.7275426874536006,0.5443063673460344,27.676837416481067,,,0.25315515961395696,0.2102098971651681,116.10009898539964,0.8418708240534521,0.25315515961395696,0.0,13.0,"throughput_2,buffer_size_3,throughput_1,avg_p_latency_2,avg_p_latency_1,buffer_size_1,python_gc_objects_collected_total_1,buffer_size_2,avg_p_latency_3,data_quality_1,scrape_duration_seconds_2,cores_1,throughput_3",,,0.7935581980273128,0.5905642650322989,33.66720674501266,658.0,689.0,,,False,30,,0.47438752783964366,0.6815144766146993,0.7275426874536006,38.74955456570155,36.6523447166543,27.676837416481067
throughput_3,12,2.0,mrmr,classic_uniform,aic,0.9435783221974758,0.8324454259458917,13.54872556297946,,,0.8351893095768375,0.7440674750474306,39.576540460282104,0.9628804751299184,0.8351893095768375,0.0,13.0,"throughput_2,buffer_size_3,throughput_1,avg_p_latency_2,avg_p_latency_1,buffer_size_1,python_gc_objects_collected_total_1,buffer_size_2,avg_p_latency_3,data_quality_1,scrape_duration_seconds_2,cores_1,throughput_3",,,1.5046829109778628,0.38314109097700566,33.23582709394395,1279.0,68.0,,,False,30,,0.7654046028210839,0.9368968077208611,0.9435783221974758,38.32506805246226,15.086921554070777,13.54872556297946
throughput_3,12,3.0,mrmr,classic_uniform,aic,0.8307349665924276,0.5634861681298367,31.6136929802854,,,0.6993318485523385,0.5641388270230142,62.63314361131733,0.9198218262806236,0.6993318485523385,0.0,13.0,"throughput_2,buffer_size_3,throughput_1,avg_p_latency_2,avg_p_latency_1,buffer_size_1,python_gc_objects_collected_total_1,buffer_size_2,avg_p_latency_3,data_quality_1,scrape_duration_seconds_2,cores_1,throughput_3",,,2.1847275510663167,0.850641711964272,35.467971257981844,1114.0,233.0,,,False,30,,0.6280623608017817,0.8277654046028211,0.8307349665924276,40.993268992823566,30.292171904644064,31.6136929802854
throughput_3,12,4.0,mrmr,classic_uniform,aic,0.585003711952487,0.3385532162038342,58.38431081415491,,,0.4669636228656273,0.38632936016937497,91.6321702548874,0.8960653303637713,0.4669636228656273,0.0,13.0,"throughput_2,buffer_size_3,throughput_1,avg_p_latency_2,avg_p_latency_1,buffer_size_1,python_gc_objects_collected_total_1,buffer_size_2,avg_p_latency_3,data_quality_1,scrape_duration_seconds_2,cores_1,throughput_3",,,2.311076791025698,0.571798759046942,35.04608199407812,988.0,359.0,,,False,30,,0.512249443207127,0.6651818856718634,0.585003711952487,49.05851274437019,44.99452487008166,58.38431081415491
throughput_3,12,5.0,mrmr,classic_uniform,aic,0.6577579806978471,0.4100002414892312,46.49352140559268,,,0.4446919079435783,0.33940677500068733,94.76976985894579,0.8975501113585747,0.4446919079435783,0.0,13.0,"throughput_2,buffer_size_3,throughput_1,avg_p_latency_2,avg_p_latency_1,buffer_size_1,python_gc_objects_collected_total_1,buffer_size_2,avg_p_latency_3,data_quality_1,scrape_duration_seconds_2,cores_1,throughput_3",,,2.238255355041474,0.9515187620418146,35.547662777942605,907.0,440.0,,,False,30,,0.5805493689680772,0.5976243504083147,0.6577579806978471,33.376768126701315,53.531947537738176,46.49352140559268
throughput_3,12,6.0,mrmr,classic_uniform,aic,0.5820341499628805,0.362745401586971,51.5802359152025,,,0.2969561989606533,0.27455552805961125,104.94319887816549,0.8485523385300668,0.2969561989606533,0.0,13.0,"throughput_2,buffer_size_3,throughput_1,avg_p_latency_2,avg_p_latency_1,buffer_size_1,python_gc_objects_collected_total_1,buffer_size_2,avg_p_latency_3,data_quality_1,scrape_duration_seconds_2,cores_1,throughput_3",,,2.0326967340661213,0.6788610469084233,35.15424935496412,815.0,532.0,,,False,30,,0.4491462509279881,0.5798069784706755,0.5820341499628805,43.944460942011055,44.01831229893591,51.5802359152025
throughput_3,12,8.0,mrmr,classic_uniform,aic,0.5983667409057164,0.42938966970385356,48.44560752289038,,,0.25315515961395696,0.2102098971651681,116.10009898539964,0.8418708240534521,0.25315515961395696,0.0,13.0,"throughput_2,buffer_size_3,throughput_1,avg_p_latency_2,avg_p_latency_1,buffer_size_1,python_gc_objects_collected_total_1,buffer_size_2,avg_p_latency_3,data_quality_1,scrape_duration_seconds_2,cores_1,throughput_3",,,2.892778993002139,0.7925095470855013,35.874947587028146,658.0,689.0,,,False,30,,0.36080178173719374,0.694135115070527,0.5983667409057164,58.79138208364267,29.863230017322447,48.44560752289038
throughput_3,12,2.0,mrmr,classic_quantile,bic,0.8515219005196734,0.7380704409525691,35.6545409552091,,,0.43875278396436523,0.5,134.7741648106904,0.9547141796585004,0.5612472160356348,1.0,13.0,"throughput_2,buffer_size_3,throughput_1,avg_p_latency_2,avg_p_latency_1,buffer_size_1,python_gc_objects_collected_total_1,buffer_size_2,avg_p_latency_3,data_quality_1,scrape_duration_seconds_2,cores_1,throughput_3",,,1.3973000049591064,0.4133286050055176,33.24938481498975,1217.0,130.0,,,False,30,,0.821826280623608,0.8708240534521158,0.8515219005196734,29.107646622123237,30.883815887156643,35.6545409552091
throughput_3,12,3.0,mrmr,classic_quantile,bic,0.676317743132888,0.5116859020281115,38.646209684071614,,,0.3838158871566444,0.33338282603316005,101.79754598696694,0.9034892353377877,0.3838158871566444,1.0,13.0,"throughput_2,buffer_size_3,throughput_1,avg_p_latency_2,avg_p_latency_1,buffer_size_1,python_gc_objects_collected_total_1,buffer_size_2,avg_p_latency_3,data_quality_1,scrape_duration_seconds_2,cores_1,throughput_3",,,1.4755218159407377,0.6509611099027097,33.855495993979275,973.0,374.0,,,False,30,,0.5471417965850037,0.7126948775055679,0.676317743132888,53.619933184855235,36.98558937556711,38.646209684071614
throughput_3,12,4.0,mrmr,classic_quantile,bic,0.7305122494432071,0.509441735867368,30.237286562731995,,,0.12694877505567928,0.24998178393686932,131.78745360059392,0.9079435783221975,0.12694877505567928,0.0,13.0,"throughput_2,buffer_size_3,throughput_1,avg_p_latency_2,avg_p_latency_1,buffer_size_1,python_gc_objects_collected_total_1,buffer_size_2,avg_p_latency_3,data_quality_1,scrape_duration_seconds_2,cores_1,throughput_3",,,1.0665307730669156,0.8000846859067678,34.42548895406071,833.0,514.0,,,False,30,,0.7082405345211581,0.7008166295471417,0.7305122494432071,28.519227913882702,35.89279881217521,30.237286562731995
throughput_3,12,5.0,mrmr,classic_quantile,bic,0.7178916109873794,0.474721310741661,28.365652066320212,,,0.14996288047512993,0.20002942066045257,117.27908933432317,0.8626577579806979,0.14996288047512993,1.0,13.0,"throughput_2,buffer_size_3,throughput_1,avg_p_latency_2,avg_p_latency_1,buffer_size_1,python_gc_objects_collected_total_1,buffer_size_2,avg_p_latency_3,data_quality_1,scrape_duration_seconds_2,cores_1,throughput_3",,,1.106769003905356,0.6805197700159624,34.99851639405824,665.0,682.0,,,False,30,,0.6384558277654045,0.755011135857461,0.7178916109873794,36.84064587973274,26.59543429844098,28.365652066320212
throughput_3,12,6.0,mrmr,classic_quantile,bic,0.7023014105419451,0.4857151886723172,26.50814567351316,,,0.19970304380103934,0.16667037861915368,201.82587230883442,0.8596881959910914,0.19970304380103934,5.0,13.0,"throughput_2,buffer_size_3,throughput_1,avg_p_latency_2,avg_p_latency_1,buffer_size_1,python_gc_objects_collected_total_1,buffer_size_2,avg_p_latency_3,data_quality_1,scrape_duration_seconds_2,cores_1,throughput_3",,,1.1380051060114056,1.1409605080261827,35.534641531994566,600.0,747.0,,,False,30,,0.5939123979213066,0.6332590942835932,0.7023014105419451,34.47353377876764,34.71496741730595,26.50814567351316
throughput_3,12,8.0,mrmr,classic_quantile,bic,0.6911655530809205,0.4615070599570147,26.643825785696613,,,0.15293244246473645,0.12515339299953257,91.66214736451374,0.8433556050482554,0.15293244246473645,5.0,13.0,"throughput_2,buffer_size_3,throughput_1,avg_p_latency_2,avg_p_latency_1,buffer_size_1,python_gc_objects_collected_total_1,buffer_size_2,avg_p_latency_3,data_quality_1,scrape_duration_seconds_2,cores_1,throughput_3",,,1.053300354979001,0.8273882459616289,34.41497447504662,413.0,934.0,,,False,30,,0.6065330363771344,0.6340014847809948,0.6911655530809205,32.631000989854,31.413202177678787,26.643825785696613
throughput_3,12,2.0,mrmr,classic_quantile,aic,0.8203414996288048,0.7216853368802595,43.14199455580302,,,0.43875278396436523,0.5,134.7741648106904,0.9547141796585004,0.5612472160356348,1.0,13.0,"throughput_2,buffer_size_3,throughput_1,avg_p_latency_2,avg_p_latency_1,buffer_size_1,python_gc_objects_collected_total_1,buffer_size_2,avg_p_latency_3,data_quality_1,scrape_duration_seconds_2,cores_1,throughput_3",,,1.4854328889632598,0.4431950480211526,33.04590625700075,1217.0,130.0,,,False,30,,0.8225686711210096,0.8233110616184113,0.8203414996288048,28.986364761197724,42.243380351398166,43.14199455580302
throughput_3,12,3.0,mrmr,classic_quantile,aic,0.8195991091314031,0.6166811080256075,27.552449888641434,,,0.3838158871566444,0.33338282603316005,101.79754598696694,0.9034892353377877,0.3838158871566444,1.0,13.0,"throughput_2,buffer_size_3,throughput_1,avg_p_latency_2,avg_p_latency_1,buffer_size_1,python_gc_objects_collected_total_1,buffer_size_2,avg_p_latency_3,data_quality_1,scrape_duration_seconds_2,cores_1,throughput_3",,,2.1505302489968017,1.125105572049506,36.035437277983874,973.0,374.0,,,False,30,,0.6399406087602079,0.8277654046028211,0.8195991091314031,46.794419698094536,31.65211581291759,27.552449888641434
throughput_3,12,4.0,mrmr,classic_quantile,aic,0.5842613214550854,0.4905049664344719,51.8822568671121,,,0.12694877505567928,0.24998178393686932,131.78745360059392,0.9079435783221975,0.12694877505567928,0.0,13.0,"throughput_2,buffer_size_3,throughput_1,avg_p_latency_2,avg_p_latency_1,buffer_size_1,python_gc_objects_collected_total_1,buffer_size_2,avg_p_latency_3,data_quality_1,scrape_duration_seconds_2,cores_1,throughput_3",,,2.9793464039685205,0.8690291419625282,37.155037924065255,833.0,514.0,,,False,30,,0.5716406829992576,0.6859688195991092,0.5842613214550854,43.32618163820837,44.63568423657511,51.8822568671121
throughput_3,12,5.0,mrmr,classic_quantile,aic,0.6770601336302895,0.2778134974473403,29.64492699826775,,,0.14996288047512993,0.20002942066045257,117.27908933432317,0.8626577579806979,0.14996288047512993,1.0,13.0,"throughput_2,buffer_size_3,throughput_1,avg_p_latency_2,avg_p_latency_1,buffer_size_1,python_gc_objects_collected_total_1,buffer_size_2,avg_p_latency_3,data_quality_1,scrape_duration_seconds_2,cores_1,throughput_3",,,3.2272620709845796,1.679414469981566,38.939360347925685,665.0,682.0,,,False,30,,0.4662212323682257,0.6614699331848553,0.6770601336302895,53.12865627319972,34.54110368720614,29.64492699826775
throughput_3,12,6.0,mrmr,classic_quantile,aic,0.5924276169265034,0.4382409045511983,37.09769034067475,,,0.19970304380103934,0.16667037861915368,201.82587230883442,0.8596881959910914,0.19970304380103934,5.0,13.0,"throughput_2,buffer_size_3,throughput_1,avg_p_latency_2,avg_p_latency_1,buffer_size_1,python_gc_objects_collected_total_1,buffer_size_2,avg_p_latency_3,data_quality_1,scrape_duration_seconds_2,cores_1,throughput_3",,,2.9302144050598145,0.9991106620291248,37.84603977203369,600.0,747.0,,,False,30,,0.520415738678545,0.6681514476614699,0.5924276169265034,54.10446671615937,35.24415161263714,37.09769034067475
throughput_3,12,8.0,mrmr,classic_quantile,aic,0.4773570898292502,0.2798983860600424,59.82714983914873,,,0.15293244246473645,0.12515339299953257,91.66214736451374,0.8433556050482554,0.15293244246473645,5.0,13.0,"throughput_2,buffer_size_3,throughput_1,avg_p_latency_2,avg_p_latency_1,buffer_size_1,python_gc_objects_collected_total_1,buffer_size_2,avg_p_latency_3,data_quality_1,scrape_duration_seconds_2,cores_1,throughput_3",,,2.7848008279688656,2.486247859080322,39.89073497604113,413.0,934.0,,,False,30,,0.5352635486265775,0.5798069784706755,0.4773570898292502,36.77672605790646,39.205150334075725,59.82714983914873
throughput_3,12,2.0,mrmr,kmeans,bic,0.9250185597624351,0.8062384313182765,18.0055431823806,,,0.7453600593912398,0.6481247765954522,61.14753773818362,0.9510022271714922,0.7453600593912398,0.0,13.0,"throughput_2,buffer_size_3,throughput_1,avg_p_latency_2,avg_p_latency_1,buffer_size_1,python_gc_objects_collected_total_1,buffer_size_2,avg_p_latency_3,data_quality_1,scrape_duration_seconds_2,cores_1,throughput_3",,,1.232914794003591,0.3883925210684538,32.275075962999836,1240.0,107.0,,,False,30,,0.8181143281365999,0.9116555308092057,0.9250185597624351,29.714055926750813,21.121690175699086,18.0055431823806
throughput_3,12,3.0,mrmr,kmeans,bic,0.74090571640683,0.6077840679727516,43.42127225151898,,,0.44988864142538976,0.39978250708020563,99.84776367013497,0.9265033407572383,0.44988864142538976,0.0,13.0,"throughput_2,buffer_size_3,throughput_1,avg_p_latency_2,avg_p_latency_1,buffer_size_1,python_gc_objects_collected_total_1,buffer_size_2,avg_p_latency_3,data_quality_1,scrape_duration_seconds_2,cores_1,throughput_3",,,1.0992050229106098,0.6504886640468612,33.950867814943194,1064.0,283.0,,,False,30,,0.6971046770601337,0.7126948775055679,0.74090571640683,34.36411391604164,44.147878734796734,43.42127225151898
throughput_3,12,4.0,mrmr,kmeans,bic,0.8270230141054195,0.7391039967726981,23.29896947163549,,,0.44766146993318484,0.3743557012840606,94.73243681950947,0.9161098737936154,0.44766146993318484,0.0,13.0,"throughput_2,buffer_size_3,throughput_1,avg_p_latency_2,avg_p_latency_1,buffer_size_1,python_gc_objects_collected_total_1,buffer_size_2,avg_p_latency_3,data_quality_1,scrape_duration_seconds_2,cores_1,throughput_3",,,0.9830661620944738,0.7181524999905378,34.10024085093755,930.0,417.0,,,False,30,,0.6644394951744618,0.7735708982925018,0.8270230141054195,29.386154896221736,31.306209686623767,23.29896947163549
throughput_3,12,5.0,mrmr,kmeans,bic,0.7602078693392724,0.6377001405004465,28.42931052183821,,,0.2858203414996288,0.2754892903296764,107.99846471377408,0.8804751299183371,0.2858203414996288,0.0,13.0,"throughput_2,buffer_size_3,throughput_1,avg_p_latency_2,avg_p_latency_1,buffer_size_1,python_gc_objects_collected_total_1,buffer_size_2,avg_p_latency_3,data_quality_1,scrape_duration_seconds_2,cores_1,throughput_3",,,0.9689836340257898,0.6064787979703397,33.751846362953074,829.0,518.0,,,False,30,,0.370452858203415,0.7357089829250185,0.7602078693392724,73.53433028204714,31.592601805235255,28.42931052183821
throughput_3,12,6.0,mrmr,kmeans,bic,0.47438752783964366,0.33561559849232536,68.09546878260342,,,0.25092798812175204,0.21759451730869697,117.70653090533953,0.8775055679287305,0.25092798812175204,0.0,13.0,"throughput_2,buffer_size_3,throughput_1,avg_p_latency_2,avg_p_latency_1,buffer_size_1,python_gc_objects_collected_total_1,buffer_size_2,avg_p_latency_3,data_quality_1,scrape_duration_seconds_2,cores_1,throughput_3",,,1.0595966960536316,0.6114209820516407,33.47549132001586,728.0,619.0,,,False,30,,0.44320712694877507,0.43801039346696363,0.47438752783964366,43.90689380774341,79.81171505137527,68.09546878260342
throughput_3,12,8.0,mrmr,kmeans,bic,0.6117297698589458,0.536222485432734,41.32168903712733,,,0.25092798812175204,0.2048649605433199,114.85640908517944,0.8678544914625093,0.25092798812175204,0.0,13.0,"throughput_2,buffer_size_3,throughput_1,avg_p_latency_2,avg_p_latency_1,buffer_size_1,python_gc_objects_collected_total_1,buffer_size_2,avg_p_latency_3,data_quality_1,scrape_duration_seconds_2,cores_1,throughput_3",,,0.8090156499529257,0.49149666889570653,33.525331383920275,642.0,705.0,,,False,30,,0.4350408314773571,0.5315515961395694,0.6117297698589458,56.22034292652967,59.08203582892846,41.32168903712733
throughput_3,12,2.0,mrmr,kmeans,aic,0.8403860430586488,0.7480901404977452,38.32863152684978,,,0.7453600593912398,0.6481247765954522,61.14753773818362,0.9510022271714922,0.7453600593912398,0.0,13.0,"throughput_2,buffer_size_3,throughput_1,avg_p_latency_2,avg_p_latency_1,buffer_size_1,python_gc_objects_collected_total_1,buffer_size_2,avg_p_latency_3,data_quality_1,scrape_duration_seconds_2,cores_1,throughput_3",,,1.5654281879542395,0.46390237496234477,33.66648774803616,1240.0,107.0,,,False,30,,0.7594654788418709,0.8292501855976243,0.8403860430586488,39.295322939866374,40.82343479336799,38.32863152684978
throughput_3,12,3.0,mrmr,kmeans,aic,0.8292501855976243,0.6180204730252299,26.502981122069514,,,0.44988864142538976,0.39978250708020563,99.84776367013497,0.9265033407572383,0.44988864142538976,0.0,13.0,"throughput_2,buffer_size_3,throughput_1,avg_p_latency_2,avg_p_latency_1,buffer_size_1,python_gc_objects_collected_total_1,buffer_size_2,avg_p_latency_3,data_quality_1,scrape_duration_seconds_2,cores_1,throughput_3",,,2.253112315083854,0.6391745409928262,34.61986996605992,1064.0,283.0,,,False,30,,0.7067557535263549,0.8166295471417966,0.8292501855976243,33.456748188876,27.99295366950789,26.502981122069514
throughput_3,12,4.0,mrmr,kmeans,aic,0.6837416481069042,0.4657600918938599,42.26175747081697,,,0.44766146993318484,0.3743557012840606,94.73243681950947,0.9161098737936154,0.44766146993318484,0.0,13.0,"throughput_2,buffer_size_3,throughput_1,avg_p_latency_2,avg_p_latency_1,buffer_size_1,python_gc_objects_collected_total_1,buffer_size_2,avg_p_latency_3,data_quality_1,scrape_duration_seconds_2,cores_1,throughput_3",,,2.9796136029763147,1.5316284819273278,38.03307921695523,930.0,417.0,,,False,30,,0.5449146250927989,0.7230883444691908,0.6837416481069042,42.13263800538682,34.84939074453569,42.26175747081697
throughput_3,12,5.0,mrmr,kmeans,aic,0.7193763919821826,0.4339252603484786,31.76809930592033,,,0.2858203414996288,0.2754892903296764,107.99846471377408,0.8804751299183371,0.2858203414996288,0.0,13.0,"throughput_2,buffer_size_3,throughput_1,avg_p_latency_2,avg_p_latency_1,buffer_size_1,python_gc_objects_collected_total_1,buffer_size_2,avg_p_latency_3,data_quality_1,scrape_duration_seconds_2,cores_1,throughput_3",,,2.561661678017117,1.0287757869809866,36.67778527003247,829.0,518.0,,,False,30,,0.5107646622123236,0.749072011878248,0.7193763919821826,38.01884502497733,25.90696373844861,31.76809930592033
throughput_3,12,6.0,mrmr,kmeans,aic,0.5241276911655531,0.3269341851262154,51.86523620415662,,,0.25092798812175204,0.21759451730869697,117.70653090533958,0.8775055679287305,0.25092798812175204,0.0,13.0,"throughput_2,buffer_size_3,throughput_1,avg_p_latency_2,avg_p_latency_1,buffer_size_1,python_gc_objects_collected_total_1,buffer_size_2,avg_p_latency_3,data_quality_1,scrape_duration_seconds_2,cores_1,throughput_3",,,1.7562160909874365,0.9015964039135724,34.81218408490531,728.0,619.0,,,False,30,,0.40014847809948034,0.4417223459539718,0.5241276911655531,57.11308703519401,56.43921195541298,51.86523620415662
throughput_3,12,8.0,mrmr,kmeans,aic,0.615441722345954,0.4383835634274195,48.28744571502884,,,0.25092798812175204,0.2048649605433199,114.85640908517944,0.8678544914625093,0.25092798812175204,0.0,13.0,"throughput_2,buffer_size_3,throughput_1,avg_p_latency_2,avg_p_latency_1,buffer_size_1,python_gc_objects_collected_total_1,buffer_size_2,avg_p_latency_3,data_quality_1,scrape_duration_seconds_2,cores_1,throughput_3",,,2.292790582985617,1.121077281073667,35.856115269009024,642.0,705.0,,,False,30,,0.3110616184112843,0.5887156644394952,0.615441722345954,62.89705693462068,45.44534676272591,48.28744571502884
throughput_3,12,,mrmr,dbscan,bic,0.25686711210096513,0.12278524007014083,95.53430693948681,,,0.09502598366740905,0.04152576612596704,104.42724471089282,0.5419450631031922,0.09502598366740905,9.0,11.0,"throughput_2,buffer_size_3,throughput_1,avg_p_latency_2,avg_p_latency_1,buffer_size_1,buffer_size_2,avg_p_latency_3,data_quality_1,cores_1,throughput_3",,,0.540565024013631,0.375694195041433,32.325732699013315,494.0,853.0,,,False,30,,0.017817371937639197,0.15219005196733482,0.25686711210096513,115.41375048269961,90.95039278012153,95.53430693948681
throughput_3,12,,mrmr,dbscan,aic,0.20193021529324426,0.07877227351336259,58.551689441745,,,0.09502598366740905,0.04152576612596704,104.42724471089282,0.5419450631031922,0.09502598366740905,9.0,11.0,"throughput_2,buffer_size_3,throughput_1,avg_p_latency_2,avg_p_latency_1,buffer_size_1,buffer_size_2,avg_p_latency_3,data_quality_1,cores_1,throughput_3",,,1.0280511220917106,0.8453629750292748,35.31573136104271,214.0,1133.0,,,False,30,,0.2516703786191537,0.1714922048997773,0.20193021529324426,40.58309751529813,67.3248088425003,58.551689441745
throughput_3,12,2.0,pca,classic_uniform,bic,0.8351893095768375,0.7410533470578177,39.576540460282104,,,0.8351893095768375,0.7440674750474306,39.576540460282104,0.9628804751299184,0.8351893095768375,0.0,13.0,"pca_1,pca_2,pca_3,pca_4,pca_5,pca_6,pca_7,pca_8,pca_9,pca_10,pca_11,pca_12,throughput_3",,,1.1582000209018588,0.3591547900578007,2.3594586279941723,1269.0,78.0,,,False,30,,,,0.8351893095768375,,,39.576540460282104
throughput_3,12,3.0,pca,classic_uniform,bic,0.6807720861172977,0.5654506990172028,67.6247793450466,,,0.6993318485523385,0.5641388270230142,62.63314361131733,0.9198218262806236,0.6993318485523385,0.0,13.0,"pca_1,pca_2,pca_3,pca_4,pca_5,pca_6,pca_7,pca_8,pca_9,pca_10,pca_11,pca_12,throughput_3",,,1.1925089829601347,0.44040566694457084,2.5485722799785435,1183.0,164.0,,,False,30,,,,0.6807720861172977,,,67.6247793450466
throughput_3,12,4.0,pca,classic_uniform,bic,0.43801039346696363,0.38468543932878624,94.93021529324425,,,0.4669636228656273,0.38632936016937497,91.6321702548874,0.8960653303637713,0.4669636228656273,0.0,13.0,"pca_1,pca_2,pca_3,pca_4,pca_5,pca_6,pca_7,pca_8,pca_9,pca_10,pca_11,pca_12,throughput_3",,,1.2559069528942928,0.3644876569742337,2.479509476921521,1114.0,233.0,,,False,30,,,,0.43801039346696363,,,94.93021529324425
throughput_3,12,5.0,pca,classic_uniform,bic,0.4446919079435783,0.3348165741644596,94.76976985894579,,,0.4446919079435783,0.33940677500068733,94.76976985894579,0.8975501113585747,0.4446919079435783,0.0,13.0,"pca_1,pca_2,pca_3,pca_4,pca_5,pca_6,pca_7,pca_8,pca_9,pca_10,pca_11,pca_12,throughput_3",,,1.0339308379916474,0.5112617219565436,2.585132347070612,1020.0,327.0,,,False,30,,,,0.4446919079435783,,,94.76976985894579
throughput_3,12,6.0,pca,classic_uniform,bic,0.29547141796585,0.27251271774534275,106.0722593417471,,,0.2969561989606533,0.27455552805961125,104.94319887816549,0.8485523385300668,0.2969561989606533,0.0,13.0,"pca_1,pca_2,pca_3,pca_4,pca_5,pca_6,pca_7,pca_8,pca_9,pca_10,pca_11,pca_12,throughput_3",,,0.9794491910142824,0.5862907179398462,2.562191598000936,1035.0,312.0,,,False,30,,,,0.29547141796585,,,106.0722593417471
throughput_3,12,8.0,pca,classic_uniform,bic,0.24721603563474387,0.21322719754472885,118.10566691413015,,,0.25315515961395696,0.2102098971651681,116.10009898539964,0.8418708240534521,0.25315515961395696,0.0,13.0,"pca_1,pca_2,pca_3,pca_4,pca_5,pca_6,pca_7,pca_8,pca_9,pca_10,pca_11,pca_12,throughput_3",,,0.7957798329880461,0.4713631079066545,2.2841159999370575,905.0,442.0,,,False,30,,,,0.24721603563474387,,,118.10566691413015
throughput_3,12,2.0,pca,classic_uniform,aic,0.8351893095768375,0.74030370221291,39.576540460282104,,,0.8351893095768375,0.7440674750474306,39.576540460282104,0.9628804751299184,0.8351893095768375,0.0,13.0,"pca_1,pca_2,pca_3,pca_4,pca_5,pca_6,pca_7,pca_8,pca_9,pca_10,pca_11,pca_12,throughput_3",,,1.5902376408921555,0.4086826150305569,2.8513312079012394,1269.0,78.0,,,False,30,,,,0.8351893095768375,,,39.576540460282104
throughput_3,12,3.0,pca,classic_uniform,aic,0.6837416481069042,0.5262437006003201,65.96090076713685,,,0.6993318485523385,0.5641388270230142,62.63314361131733,0.9198218262806236,0.6993318485523385,0.0,13.0,"pca_1,pca_2,pca_3,pca_4,pca_5,pca_6,pca_7,pca_8,pca_9,pca_10,pca_11,pca_12,throughput_3",,,1.852431008941494,0.5112927809823304,3.3151984269497916,1183.0,164.0,,,False,30,,,,0.6837416481069042,,,65.96090076713685
throughput_3,12,4.0,pca,classic_uniform,aic,0.4298440979955457,0.3416206293744271,101.97198713189805,,,0.4669636228656273,0.38632936016937497,91.6321702548874,0.8960653303637713,0.4669636228656273,0.0,13.0,"pca_1,pca_2,pca_3,pca_4,pca_5,pca_6,pca_7,pca_8,pca_9,pca_10,pca_11,pca_12,throughput_3",,,1.937917427974753,0.592373889987357,3.5949790589511395,1114.0,233.0,,,False,30,,,,0.4298440979955457,,,101.97198713189805
throughput_3,12,5.0,pca,classic_uniform,aic,0.41870824053452116,0.2837333470818759,102.54245978718139,,,0.4446919079435783,0.33940677500068733,94.76976985894579,0.8975501113585747,0.4446919079435783,0.0,13.0,"pca_1,pca_2,pca_3,pca_4,pca_5,pca_6,pca_7,pca_8,pca_9,pca_10,pca_11,pca_12,throughput_3",,,3.106729287072085,0.6974553889594972,4.993118181009777,1020.0,327.0,,,False,30,,,,0.41870824053452116,,,102.54245978718139
throughput_3,12,6.0,pca,classic_uniform,aic,0.28507795100222716,0.26097199091650847,113.7974098820424,,,0.2969561989606533,0.27455552805961125,104.94319887816549,0.8485523385300668,0.2969561989606533,0.0,13.0,"pca_1,pca_2,pca_3,pca_4,pca_5,pca_6,pca_7,pca_8,pca_9,pca_10,pca_11,pca_12,throughput_3",,,2.109148093033582,0.6257903020596132,3.8825374610023573,1035.0,312.0,,,False,30,,,,0.28507795100222716,,,113.7974098820424
throughput_3,12,8.0,pca,classic_uniform,aic,0.25983667409057165,0.21142334419369213,106.25053204652312,,,0.25315515961395696,0.2102098971651681,116.10009898539964,0.8418708240534521,0.25315515961395696,0.0,13.0,"pca_1,pca_2,pca_3,pca_4,pca_5,pca_6,pca_7,pca_8,pca_9,pca_10,pca_11,pca_12,throughput_3",,,1.5222141429549083,0.41480404208414257,2.912168634007685,905.0,442.0,,,False,30,,,,0.25983667409057165,,,106.25053204652312
throughput_3,12,2.0,pca,classic_quantile,bic,0.540460282108389,0.5143940880678934,110.35080425637216,,,0.43875278396436523,0.5,134.7741648106904,0.9547141796585004,0.5612472160356348,1.0,13.0,"pca_1,pca_2,pca_3,pca_4,pca_5,pca_6,pca_7,pca_8,pca_9,pca_10,pca_11,pca_12,throughput_3",,,1.116998604964465,0.4714658799348399,2.561545619973913,1167.0,180.0,,,False,30,,,,0.540460282108389,,,110.35080425637216
throughput_3,12,3.0,pca,classic_quantile,bic,0.29992576095025986,0.3335304723207616,137.1693516456323,,,0.3838158871566444,0.33338282603316005,101.79754598696694,0.9034892353377877,0.3838158871566444,1.0,13.0,"pca_1,pca_2,pca_3,pca_4,pca_5,pca_6,pca_7,pca_8,pca_9,pca_10,pca_11,pca_12,throughput_3",,,1.7115471160504967,0.8801669139647856,4.014310284052044,1008.0,339.0,,,False,30,,,,0.29992576095025986,,,137.1693516456323
throughput_3,12,4.0,pca,classic_quantile,bic,0.2553823311061618,0.25197240589193975,133.71666048007918,,,0.12694877505567928,0.24998178393686932,131.78745360059392,0.9079435783221975,0.12694877505567928,0.0,13.0,"pca_1,pca_2,pca_3,pca_4,pca_5,pca_6,pca_7,pca_8,pca_9,pca_10,pca_11,pca_12,throughput_3",,,1.4717225619824603,0.8316305399639532,3.67573906108737,924.0,423.0,,,False,30,,,,0.2553823311061618,,,133.71666048007918
throughput_3,12,5.0,pca,classic_quantile,bic,0.19599109131403117,0.20184705107663337,151.19867607027965,,,0.14996288047512993,0.20002942066045257,117.27908933432317,0.8626577579806979,0.14996288047512993,1.0,13.0,"pca_1,pca_2,pca_3,pca_4,pca_5,pca_6,pca_7,pca_8,pca_9,pca_10,pca_11,pca_12,throughput_3",,,1.3952834629453719,0.9435172859812155,3.8203645719913766,801.0,546.0,,,False,30,,,,0.19599109131403117,,,151.19867607027965
throughput_3,12,6.0,pca,classic_quantile,bic,0.1633259094283593,0.17184781008072675,122.42021364348761,,,0.19970304380103934,0.16667037861915368,201.82587230883442,0.8596881959910914,0.19970304380103934,5.0,13.0,"pca_1,pca_2,pca_3,pca_4,pca_5,pca_6,pca_7,pca_8,pca_9,pca_10,pca_11,pca_12,throughput_3",,,1.1848527229158208,0.8688224769430235,3.516597475972958,729.0,618.0,,,False,30,,,,0.1633259094283593,,,122.42021364348761
throughput_3,12,8.0,pca,classic_quantile,bic,0.12323682256867112,0.1260069124191771,130.87882640435535,,,0.15293244246473645,0.12515339299953257,91.66214736451374,0.8433556050482554,0.15293244246473645,5.0,13.0,"pca_1,pca_2,pca_3,pca_4,pca_5,pca_6,pca_7,pca_8,pca_9,pca_10,pca_11,pca_12,throughput_3",,,1.6456225899746642,0.8306413190439343,3.904627848067321,629.0,718.0,,,False,30,,,,0.12323682256867112,,,130.87882640435535
throughput_3,12,2.0,pca,classic_quantile,aic,0.5553080920564217,0.5086258233063943,106.78535016085125,,,0.43875278396436523,0.5,134.7741648106904,0.9547141796585004,0.5612472160356348,1.0,13.0,"pca_1,pca_2,pca_3,pca_4,pca_5,pca_6,pca_7,pca_8,pca_9,pca_10,pca_11,pca_12,throughput_3",,,1.5303154159337282,0.3383329500211403,2.596639969968237,1167.0,180.0,,,False,30,,,,0.5553080920564217,,,106.78535016085125
throughput_3,12,3.0,pca,classic_quantile,aic,0.3890126206384558,0.3358800678652281,127.879625505238,,,0.3838158871566444,0.33338282603316005,101.79754598696694,0.9034892353377877,0.3838158871566444,1.0,13.0,"pca_1,pca_2,pca_3,pca_4,pca_5,pca_6,pca_7,pca_8,pca_9,pca_10,pca_11,pca_12,throughput_3",,,2.759852579096332,0.47393280698452145,4.209408871945925,1008.0,339.0,,,False,30,,,,0.3890126206384558,,,127.879625505238
throughput_3,12,4.0,pca,classic_quantile,aic,0.25909428359317,0.2574458939806736,112.33578940856225,,,0.12694877505567928,0.24998178393686932,131.78745360059392,0.9079435783221975,0.12694877505567928,0.0,13.0,"pca_1,pca_2,pca_3,pca_4,pca_5,pca_6,pca_7,pca_8,pca_9,pca_10,pca_11,pca_12,throughput_3",,,10.185949980048463,0.5360273879487067,11.772257792996243,924.0,423.0,,,False,30,,,,0.25909428359317,,,112.33578940856225
throughput_3,12,5.0,pca,classic_quantile,aic,0.18114328136599853,0.20494201274152182,129.63146498391487,,,0.14996288047512993,0.20002942066045257,117.27908933432317,0.8626577579806979,0.14996288047512993,1.0,13.0,"pca_1,pca_2,pca_3,pca_4,pca_5,pca_6,pca_7,pca_8,pca_9,pca_10,pca_11,pca_12,throughput_3",,,4.794094905024394,0.6598245030036196,6.687282845959999,801.0,546.0,,,False,30,,,,0.18114328136599853,,,129.63146498391487
throughput_3,12,6.0,pca,classic_quantile,aic,0.18411284335560504,0.16918104186546692,122.58655448321375,,,0.19970304380103934,0.16667037861915368,201.82587230883442,0.8596881959910914,0.19970304380103934,5.0,13.0,"pca_1,pca_2,pca_3,pca_4,pca_5,pca_6,pca_7,pca_8,pca_9,pca_10,pca_11,pca_12,throughput_3",,,7.84201636898797,0.5456800070824102,9.449794371961616,729.0,618.0,,,False,30,,,,0.18411284335560504,,,122.58655448321375
throughput_3,12,8.0,pca,classic_quantile,aic,0.14550853749072012,0.1287330854640737,127.60808277654046,,,0.15293244246473645,0.12515339299953257,91.66214736451374,0.8433556050482554,0.15293244246473645,5.0,13.0,"pca_1,pca_2,pca_3,pca_4,pca_5,pca_6,pca_7,pca_8,pca_9,pca_10,pca_11,pca_12,throughput_3",,,2.4651592330774292,0.6583826779387891,4.362942305975594,629.0,718.0,,,False,30,,,,0.14550853749072012,,,127.60808277654046
throughput_3,12,2.0,pca,kmeans,bic,0.7453600593912398,0.6424660031376627,61.14753773818362,,,0.7453600593912398,0.6481247765954522,61.14753773818362,0.9510022271714922,0.7453600593912398,0.0,13.0,"pca_1,pca_2,pca_3,pca_4,pca_5,pca_6,pca_7,pca_8,pca_9,pca_10,pca_11,pca_12,throughput_3",,,1.0294350560288876,0.45782479899935424,2.4917593880090863,1222.0,125.0,,,False,30,,,,0.7453600593912398,,,61.14753773818362
throughput_3,12,3.0,pca,kmeans,bic,0.451373422420193,0.4050836464633703,100.06971492348363,,,0.44988864142538976,0.39978250708020563,99.84776367013497,0.9265033407572383,0.44988864142538976,0.0,13.0,"pca_1,pca_2,pca_3,pca_4,pca_5,pca_6,pca_7,pca_8,pca_9,pca_10,pca_11,pca_12,throughput_3",,,1.5662702471017838,0.5219152549980208,3.1773902979912236,1076.0,271.0,,,False,30,,,,0.451373422420193,,,100.06971492348363
throughput_3,12,4.0,pca,kmeans,bic,0.44766146993318484,0.37251887554626656,94.73243681950947,,,0.44766146993318484,0.3743557012840606,94.73243681950947,0.9161098737936154,0.44766146993318484,0.0,13.0,"pca_1,pca_2,pca_3,pca_4,pca_5,pca_6,pca_7,pca_8,pca_9,pca_10,pca_11,pca_12,throughput_3",,,1.273694052011706,0.37980815197806805,2.6122114880708978,1000.0,347.0,,,False,30,,,,0.44766146993318484,,,94.73243681950947
throughput_3,12,5.0,pca,kmeans,bic,0.24350408314773572,0.2688862305153662,126.45410606132045,,,0.2858203414996288,0.2754892903296764,107.99846471377411,0.8804751299183371,0.2858203414996288,0.0,13.0,"pca_1,pca_2,pca_3,pca_4,pca_5,pca_6,pca_7,pca_8,pca_9,pca_10,pca_11,pca_12,throughput_3",,,0.9785466180182993,0.4176531529519707,2.392721717013046,926.0,421.0,,,False,30,,,,0.24350408314773572,,,126.45410606132045
throughput_3,12,6.0,pca,kmeans,bic,0.21603563474387527,0.20391195965544542,135.8882540342417,,,0.25092798812175204,0.21759451730869697,117.70653090533958,0.8775055679287305,0.25092798812175204,0.0,13.0,"pca_1,pca_2,pca_3,pca_4,pca_5,pca_6,pca_7,pca_8,pca_9,pca_10,pca_11,pca_12,throughput_3",,,1.1218458219664171,0.4148324989946559,2.578225027071312,896.0,451.0,,,False,30,,,,0.21603563474387527,,,135.8882540342417
throughput_3,12,8.0,pca,kmeans,bic,0.22939866369710468,0.20575338131294163,118.21951981728162,,,0.25092798812175204,0.2048649605433199,114.85640908517944,0.8678544914625093,0.25092798812175204,0.0,13.0,"pca_1,pca_2,pca_3,pca_4,pca_5,pca_6,pca_7,pca_8,pca_9,pca_10,pca_11,pca_12,throughput_3",,,1.159136754926294,0.5409388550324365,2.8555151720065624,812.0,535.0,,,False,30,,,,0.22939866369710468,,,118.21951981728162
throughput_3,12,2.0,pca,kmeans,aic,0.7461024498886414,0.6391601603943192,60.969265033407574,,,0.7453600593912398,0.6481247765954522,61.14753773818362,0.9510022271714922,0.7453600593912398,0.0,13.0,"pca_1,pca_2,pca_3,pca_4,pca_5,pca_6,pca_7,pca_8,pca_9,pca_10,pca_11,pca_12,throughput_3",,,1.5433687549084425,0.5268844630336389,3.1043672199593857,1222.0,125.0,,,False,30,,,,0.7461024498886414,,,60.969265033407574
throughput_3,12,3.0,pca,kmeans,aic,0.414996288047513,0.3995295635113583,103.33583107910563,,,0.44988864142538976,0.39978250708020563,99.84776367013497,0.9265033407572383,0.44988864142538976,0.0,13.0,"pca_1,pca_2,pca_3,pca_4,pca_5,pca_6,pca_7,pca_8,pca_9,pca_10,pca_11,pca_12,throughput_3",,,2.4834953770041466,0.4038463829783723,3.8527770190266892,1076.0,271.0,,,False,30,,,,0.414996288047513,,,103.33583107910563
throughput_3,12,4.0,pca,kmeans,aic,0.4350408314773571,0.36673220814176793,91.17926508489487,,,0.44766146993318484,0.3743557012840606,94.73243681950947,0.9161098737936154,0.44766146993318484,0.0,13.0,"pca_1,pca_2,pca_3,pca_4,pca_5,pca_6,pca_7,pca_8,pca_9,pca_10,pca_11,pca_12,throughput_3",,,5.339996610069647,0.4663874439429492,6.859891265048645,1000.0,347.0,,,False,30,,,,0.4350408314773571,,,91.17926508489487
throughput_3,12,5.0,pca,kmeans,aic,0.28804751299183373,0.25990322614924555,109.92157394232437,,,0.2858203414996288,0.2754892903296764,107.99846471377408,0.8804751299183371,0.2858203414996288,0.0,13.0,"pca_1,pca_2,pca_3,pca_4,pca_5,pca_6,pca_7,pca_8,pca_9,pca_10,pca_11,pca_12,throughput_3",,,2.594639785005711,0.4598366200225428,4.103848236030899,926.0,421.0,,,False,30,,,,0.28804751299183373,,,109.92157394232437
throughput_3,12,6.0,pca,kmeans,aic,0.29324424647364516,0.22926831908850778,108.49107862371388,,,0.25092798812175204,0.21759451730869697,117.70653090533958,0.8775055679287305,0.25092798812175204,0.0,13.0,"pca_1,pca_2,pca_3,pca_4,pca_5,pca_6,pca_7,pca_8,pca_9,pca_10,pca_11,pca_12,throughput_3",,,3.4863938810303807,0.5111117989290506,5.121454191044904,896.0,451.0,,,False,30,,,,0.29324424647364516,,,108.49107862371388
throughput_3,12,8.0,pca,kmeans,aic,0.20341499628804752,0.18807850402681842,131.76808283116327,,,0.25092798812175204,0.2048649605433199,114.85640908517944,0.8678544914625093,0.25092798812175204,0.0,13.0,"pca_1,pca_2,pca_3,pca_4,pca_5,pca_6,pca_7,pca_8,pca_9,pca_10,pca_11,pca_12,throughput_3",,,1.8296900249551982,0.7505082030547783,3.9528459360590205,812.0,535.0,,,False,30,,,,0.20341499628804752,,,131.76808283116327
throughput_3,12,,pca,dbscan,bic,0.09502598366740905,0.04152576612596702,104.42724471089282,,,0.09502598366740905,0.04152576612596702,104.42724471089282,0.5419450631031922,0.09502598366740905,9.0,1.0,throughput_3,,,0.01611374504864216,0.012718887999653816,0.22701455897185951,1346.0,1.0,,,False,30,,,,0.09502598366740905,,,104.42724471089282
throughput_3,12,,pca,dbscan,aic,,,,,,,,,,,,,,,,,,0.10368468204978853,,,,,False,30,The node throughput_3_t1 is not in the digraph.,,,,,,
throughput_3,20,2.0,markov,classic_uniform,bic,0.9576837416481069,0.8151695618872717,10.161544172234594,,,0.8351893095768375,0.7440674750474306,39.576540460282104,0.9628804751299184,0.8351893095768375,0.0,21.0,"data_quality_3,avg_p_latency_1,buffer_size_3,buffer_size_2,data_quality_1,throughput_2,cores_1,throughput_1,python_gc_objects_collected_total_1,python_gc_objects_collected_total_2,python_gc_objects_collected_total_3,python_gc_collections_total_4,python_gc_collections_total_1,python_gc_collections_total_7,python_gc_objects_collected_total_5,python_gc_objects_collected_total_6,process_cpu_seconds_total_3,process_cpu_seconds_total_1,process_cpu_seconds_total_2,python_gc_collections_total_6,throughput_3",7.0,padded,3.082296623964794,0.4721513750264421,15.521920043975115,1301.0,46.0,saved_dbn_models_top5_20260313_192652_seed783122_run20260505_154142/rank4_dbn_throughput_3_K20_markov_classic_uniform_bic_bins2.pkl,saved_dbn_models_top5_20260313_192652_seed783122_run20260505_154142/rank4_dbn_throughput_3_K20_markov_classic_uniform_bic_bins2_edges.csv,False,30,,0.6614699331848553,0.8337045285820341,0.9576837416481069,55.30452858203416,39.758475624845346,10.161544172234594
throughput_3,20,3.0,markov,classic_uniform,bic,0.8136599851521901,0.6834184841353734,32.92102614864307,,,0.6993318485523385,0.5641388270230142,62.63314361131733,0.9198218262806236,0.6993318485523385,0.0,21.0,"buffer_size_3,throughput_2,data_quality_2,throughput_1,python_gc_objects_collected_total_1,python_gc_objects_collected_total_2,python_gc_objects_collected_total_3,avg_p_latency_1,python_gc_collections_total_4,python_gc_collections_total_1,python_gc_collections_total_7,python_gc_objects_collected_total_5,python_gc_objects_collected_total_6,process_cpu_seconds_total_3,process_cpu_seconds_total_1,process_cpu_seconds_total_2,python_gc_collections_total_6,python_gc_collections_total_3,python_gc_collections_total_2,python_gc_collections_total_5,throughput_3",3.0,padded,2.3282086469698697,0.5185435129096732,12.62754182703793,1246.0,101.0,,,False,30,,0.37787676317743135,0.726800296956199,0.8136599851521901,71.63715252000331,46.503217025488745,32.92102614864307
throughput_3,20,4.0,markov,classic_uniform,bic,0.85003711952487,0.7285977627012389,20.679633754021282,,,0.4669636228656273,0.38632936016937497,91.6321702548874,0.8960653303637713,0.4669636228656273,0.0,21.0,"data_quality_3,buffer_size_3,throughput_2,scrape_duration_seconds_3,throughput_1,python_gc_objects_collected_total_1,python_gc_objects_collected_total_2,python_gc_objects_collected_total_3,avg_p_latency_1,python_gc_collections_total_4,python_gc_collections_total_1,python_gc_collections_total_7,python_gc_objects_collected_total_5,python_gc_objects_collected_total_6,process_cpu_seconds_total_3,process_cpu_seconds_total_1,process_cpu_seconds_total_2,python_gc_collections_total_6,python_gc_collections_total_3,python_gc_collections_total_2,throughput_3",4.0,padded,2.4230738460319117,0.7350152150029317,12.869366680970415,1168.0,179.0,,,False,30,,0.43207126948775054,0.734966592427617,0.85003711952487,64.82515466468695,35.76487874288542,20.679633754021282
throughput_3,20,5.0,markov,classic_uniform,bic,0.623608017817372,0.5060669222414935,55.76370205394704,,,0.4446919079435783,0.33940677500068733,94.76976985894579,0.8975501113585747,0.4446919079435783,0.0,21.0,"data_quality_3,buffer_size_3,throughput_2,scrape_duration_seconds_3,throughput_1,python_gc_objects_collected_total_1,python_gc_objects_collected_total_2,python_gc_objects_collected_total_3,avg_p_latency_1,python_gc_collections_total_4,python_gc_collections_total_1,python_gc_collections_total_7,python_gc_objects_collected_total_5,python_gc_objects_collected_total_6,process_cpu_seconds_total_3,process_cpu_seconds_total_1,process_cpu_seconds_total_2,python_gc_collections_total_6,python_gc_collections_total_3,python_gc_collections_total_2,throughput_3",4.0,padded,2.404674581019208,0.6137321619316936,12.032802905887365,1126.0,221.0,,,False,30,,0.38752783964365256,0.5300668151447662,0.623608017817372,64.716000989854,69.00935412026726,55.76370205394704
throughput_3,20,6.0,markov,classic_uniform,bic,0.6080178173719376,0.47607718084552086,40.646176688938375,,,0.2969561989606533,0.27455552805961125,104.94319887816549,0.8485523385300668,0.2969561989606533,0.0,21.0,"throughput_2,data_quality_3,throughput_1,buffer_size_3,python_gc_objects_collected_total_1,python_gc_objects_collected_total_2,python_gc_objects_collected_total_3,avg_p_latency_1,python_gc_collections_total_4,python_gc_collections_total_1,python_gc_collections_total_7,python_gc_objects_collected_total_5,python_gc_objects_collected_total_6,process_cpu_seconds_total_3,process_cpu_seconds_total_1,process_cpu_seconds_total_2,python_gc_collections_total_6,python_gc_collections_total_3,python_gc_collections_total_2,python_gc_collections_total_5,throughput_3",2.0,padded,2.27936344104819,0.6464444199809805,11.658477006945759,1066.0,281.0,,,False,30,,0.32962138084632514,0.48700816629547145,0.6080178173719376,62.01545821991257,57.98111028623278,40.646176688938375
throughput_3,20,8.0,markov,classic_uniform,bic,0.4135115070527097,0.3335961446999054,73.27008166295471,,,0.25315515961395696,0.2102098971651681,116.10009898539964,0.8418708240534521,0.25315515961395696,0.0,21.0,"throughput_2,throughput_1,buffer_size_3,python_gc_objects_collected_total_1,python_gc_objects_collected_total_2,python_gc_objects_collected_total_3,avg_p_latency_1,python_gc_collections_total_4,python_gc_collections_total_1,python_gc_collections_total_7,python_gc_objects_collected_total_5,python_gc_objects_collected_total_6,process_cpu_seconds_total_3,process_cpu_seconds_total_1,process_cpu_seconds_total_2,python_gc_collections_total_6,python_gc_collections_total_3,python_gc_collections_total_2,python_gc_collections_total_5,python_gc_objects_collected_total_8,throughput_3",1.0,padded,2.2857104890281335,0.9469792649615556,11.939475169056095,1004.0,343.0,,,False,30,,0.3348181143281366,0.4573125463994061,0.4135115070527097,68.91841747092305,66.64869463004206,73.27008166295471
throughput_3,20,2.0,markov,classic_uniform,aic,0.8351893095768375,0.7639397561593092,39.576540460282104,,,0.8351893095768375,0.7440674750474306,39.576540460282104,0.9628804751299184,0.8351893095768375,0.0,21.0,"data_quality_3,buffer_size_3,data_quality_1,throughput_2,cores_1,throughput_1,python_gc_objects_collected_total_1,python_gc_objects_collected_total_2,python_gc_objects_collected_total_3,avg_p_latency_1,python_gc_collections_total_4,python_gc_collections_total_1,python_gc_collections_total_7,python_gc_objects_collected_total_5,python_gc_objects_collected_total_6,process_cpu_seconds_total_3,process_cpu_seconds_total_1,process_cpu_seconds_total_2,python_gc_collections_total_6,python_gc_collections_total_3,throughput_3",5.0,padded,3.822400697041303,0.5279293169733137,21.815845202072524,1306.0,41.0,,,False,30,,0.6778025241276912,0.8337045285820341,0.8351893095768375,52.636327641672864,39.758475624845346,39.576540460282104
throughput_3,20,3.0,markov,classic_uniform,aic,0.799554565701559,0.6132014740358842,33.634116967747254,,,0.6993318485523385,0.5641388270230142,62.63314361131733,0.9198218262806236,0.6993318485523385,0.0,21.0,"buffer_size_3,data_quality_2,throughput_2,cores_2,cores_1,process_resident_memory_bytes_3,throughput_1,python_gc_objects_collected_total_1,python_gc_objects_collected_total_2,python_gc_objects_collected_total_3,avg_p_latency_1,python_gc_collections_total_4,python_gc_collections_total_1,python_gc_collections_total_7,python_gc_objects_collected_total_5,python_gc_objects_collected_total_6,process_cpu_seconds_total_3,process_cpu_seconds_total_1,process_cpu_seconds_total_2,python_gc_collections_total_6,throughput_3",6.0,padded,4.273824273026548,0.7551802169764414,16.798310177982785,1218.0,129.0,,,False,30,,0.6228656273199703,0.7060133630289532,0.799554565701559,41.397541862575274,49.343108141549116,33.634116967747254
throughput_3,20,4.0,markov,classic_uniform,aic,0.6770601336302895,0.5353270972171735,54.19490225191784,,,0.4669636228656273,0.3863293601693751,91.6321702548874,0.8960653303637713,0.4669636228656273,0.0,21.0,"data_quality_3,buffer_size_3,throughput_2,cores_2,scrape_duration_seconds_3,throughput_1,python_gc_objects_collected_total_1,python_gc_objects_collected_total_2,python_gc_objects_collected_total_3,avg_p_latency_1,python_gc_collections_total_4,python_gc_collections_total_1,python_gc_collections_total_7,python_gc_objects_collected_total_5,python_gc_objects_collected_total_6,process_cpu_seconds_total_3,process_cpu_seconds_total_1,process_cpu_seconds_total_2,python_gc_collections_total_6,python_gc_collections_total_3,throughput_3",5.0,padded,2.9691128339618444,0.8056523479754105,15.281539886025712,1156.0,191.0,,,False,30,,0.4135115070527097,0.7156644394951744,0.6770601336302895,61.48990348923533,40.202208611729766,54.19490225191784
throughput_3,20,5.0,markov,classic_uniform,aic,0.7572383073496659,0.3592856451120054,30.163741648106903,,,0.4446919079435783,0.33940677500068733,94.76976985894579,0.8975501113585747,0.4446919079435783,0.0,21.0,"data_quality_3,buffer_size_3,throughput_2,scrape_duration_seconds_3,cores_3,throughput_1,python_gc_objects_collected_total_1,python_gc_objects_collected_total_2,python_gc_objects_collected_total_3,avg_p_latency_1,python_gc_collections_total_4,python_gc_collections_total_1,python_gc_collections_total_7,python_gc_objects_collected_total_5,python_gc_objects_collected_total_6,process_cpu_seconds_total_3,process_cpu_seconds_total_1,process_cpu_seconds_total_2,python_gc_collections_total_6,python_gc_collections_total_3,throughput_3",5.0,padded,3.4092963349539787,0.6759515850571916,13.899755389080383,1118.0,229.0,,,False,30,,0.36674090571640683,0.5642167780252413,0.7572383073496659,67.72379114080672,56.513833209601586,30.163741648106903
throughput_3,20,6.0,markov,classic_uniform,aic,0.4328136599851522,0.3482635938319241,79.98502020951909,,,0.2969561989606533,0.27455552805961125,104.94319887816549,0.8485523385300668,0.2969561989606533,0.0,21.0,"data_quality_3,buffer_size_3,throughput_2,scrape_duration_seconds_3,throughput_1,python_gc_objects_collected_total_1,python_gc_objects_collected_total_2,python_gc_objects_collected_total_3,avg_p_latency_1,python_gc_collections_total_4,python_gc_collections_total_1,python_gc_collections_total_7,python_gc_objects_collected_total_5,python_gc_objects_collected_total_6,process_cpu_seconds_total_3,process_cpu_seconds_total_1,process_cpu_seconds_total_2,python_gc_collections_total_6,python_gc_collections_total_3,python_gc_collections_total_2,throughput_3",4.0,padded,2.8840359509922564,0.8422558030579239,13.998905381071381,1064.0,283.0,,,False,30,,0.2873051224944321,0.5835189309576837,0.4328136599851522,66.94758723088344,47.21318980450384,79.98502020951909
throughput_3,20,8.0,markov,classic_uniform,aic,0.7305122494432071,0.6140654971626944,27.810541945063093,,,0.25315515961395696,0.2102098971651681,116.10009898539964,0.8418708240534521,0.25315515961395696,0.0,21.0,"buffer_size_3,throughput_2,scrape_duration_seconds_3,avg_p_latency_3,throughput_1,python_gc_objects_collected_total_1,python_gc_objects_collected_total_2,python_gc_objects_collected_total_3,avg_p_latency_1,python_gc_collections_total_4,python_gc_collections_total_1,python_gc_collections_total_7,python_gc_objects_collected_total_5,python_gc_objects_collected_total_6,process_cpu_seconds_total_3,process_cpu_seconds_total_1,process_cpu_seconds_total_2,python_gc_collections_total_6,python_gc_collections_total_3,python_gc_collections_total_2,throughput_3",4.0,padded,3.069820318953134,0.7149333289125934,13.139405175927095,965.0,382.0,,,False,30,,0.3459539717891611,0.5352635486265775,0.7305122494432071,69.13066072754269,48.63313536253403,27.810541945063093
throughput_3,20,2.0,markov,classic_quantile,bic,0.7809948032665182,0.7238375434833201,52.59044790893344,,,0.43875278396436523,0.5,134.7741648106904,0.9547141796585004,0.5612472160356348,1.0,21.0,"buffer_size_3,scrape_duration_seconds_2,data_quality_1,avg_p_latency_2,throughput_2,scrape_duration_seconds_3,cores_2,cores_3,throughput_1,python_gc_objects_collected_total_1,python_gc_objects_collected_total_2,python_gc_objects_collected_total_3,avg_p_latency_1,python_gc_collections_total_4,python_gc_collections_total_1,python_gc_collections_total_7,python_gc_objects_collected_total_5,python_gc_objects_collected_total_6,process_cpu_seconds_total_3,process_cpu_seconds_total_1,throughput_3",8.0,padded,3.036243283073418,0.8329262989573181,16.48556722793728,1169.0,178.0,,,False,30,,0.6778025241276912,0.8671121009651076,0.7809948032665182,52.63632764167285,31.771281860925512,52.59044790893344
throughput_3,20,3.0,markov,classic_quantile,bic,0.7238307349665924,0.6170887004195289,41.894539305452454,,,0.3838158871566444,0.33338282603316005,101.79754598696694,0.9034892353377877,0.3838158871566444,1.0,21.0,"buffer_size_3,avg_p_latency_2,throughput_2,cores_1,cores_3,throughput_1,python_gc_objects_collected_total_1,python_gc_objects_collected_total_2,python_gc_objects_collected_total_3,avg_p_latency_1,python_gc_collections_total_4,python_gc_collections_total_1,python_gc_collections_total_7,python_gc_objects_collected_total_5,python_gc_objects_collected_total_6,process_cpu_seconds_total_3,process_cpu_seconds_total_1,process_cpu_seconds_total_2,python_gc_collections_total_6,python_gc_collections_total_3,throughput_3",5.0,padded,2.743959843995981,0.6262040900764987,13.518649499979801,1196.0,151.0,,,False,30,,0.6651818856718634,0.6993318485523385,0.7238307349665924,43.009688195991096,43.08007093953641,41.894539305452454
throughput_3,20,4.0,markov,classic_quantile,bic,0.5939123979213066,0.5281060009505976,77.7108017817372,,,0.12694877505567928,0.24998178393686932,131.78745360059392,0.9079435783221975,0.12694877505567928,0.0,21.0,"buffer_size_3,throughput_2,cores_3,avg_p_latency_3,throughput_1,python_gc_objects_collected_total_1,python_gc_objects_collected_total_2,python_gc_objects_collected_total_3,avg_p_latency_1,python_gc_collections_total_4,python_gc_collections_total_1,python_gc_collections_total_7,python_gc_objects_collected_total_5,python_gc_objects_collected_total_6,process_cpu_seconds_total_3,process_cpu_seconds_total_1,process_cpu_seconds_total_2,python_gc_collections_total_6,python_gc_collections_total_3,python_gc_collections_total_2,throughput_3",4.0,padded,2.4254273319384083,0.869192091980949,12.89551283698529,1147.0,200.0,,,False,30,,0.5605048255382331,0.6867112100965108,0.5939123979213066,61.45097748082157,52.58827023014105,77.7108017817372
throughput_3,20,5.0,markov,classic_quantile,bic,0.7535263548626577,0.6309797967934467,34.349133877753026,,,0.14996288047512993,0.20002942066045257,117.27908933432317,0.8626577579806979,0.14996288047512993,1.0,21.0,"buffer_size_3,throughput_2,throughput_1,python_gc_objects_collected_total_1,python_gc_objects_collected_total_2,python_gc_objects_collected_total_3,avg_p_latency_1,python_gc_collections_total_4,python_gc_collections_total_1,python_gc_collections_total_7,python_gc_objects_collected_total_5,python_gc_objects_collected_total_6,process_cpu_seconds_total_3,process_cpu_seconds_total_1,process_cpu_seconds_total_2,python_gc_collections_total_6,python_gc_collections_total_3,python_gc_collections_total_2,python_gc_collections_total_5,python_gc_objects_collected_total_8,throughput_3",2.0,padded,2.383325803093612,0.6317830639891326,12.21590661094524,1140.0,207.0,,,False,30,,0.49368968077208614,0.7639198218262806,0.7535263548626577,60.72154169759962,37.458871566443946,34.349133877753026
throughput_3,20,6.0,markov,classic_quantile,bic,0.5285820341499629,0.478425317496147,64.56968984574775,,,0.19970304380103934,0.1666703786191537,201.82587230883442,0.8596881959910914,0.19970304380103934,5.0,21.0,"buffer_size_3,throughput_2,throughput_1,python_gc_objects_collected_total_1,python_gc_objects_collected_total_2,python_gc_objects_collected_total_3,avg_p_latency_1,python_gc_collections_total_4,python_gc_collections_total_1,python_gc_collections_total_7,python_gc_objects_collected_total_5,python_gc_objects_collected_total_6,process_cpu_seconds_total_3,process_cpu_seconds_total_1,process_cpu_seconds_total_2,python_gc_collections_total_6,python_gc_collections_total_3,python_gc_collections_total_2,python_gc_collections_total_5,python_gc_objects_collected_total_8,throughput_3",2.0,padded,2.40877508406993,0.6861602420685813,12.065762109006755,1113.0,234.0,,,False,30,,0.5219005196733482,0.6243504083147736,0.5285820341499629,51.7566485193434,39.67310896642746,64.56968984574775
throughput_3,20,8.0,markov,classic_quantile,bic,0.5144766146993318,0.3064329394137004,59.42485770848799,,,0.15293244246473645,0.12515339299953257,91.66214736451374,0.8433556050482554,0.15293244246473645,5.0,21.0,"buffer_size_3,throughput_2,data_quality_3,throughput_1,python_gc_objects_collected_total_1,python_gc_objects_collected_total_2,python_gc_objects_collected_total_3,avg_p_latency_1,python_gc_collections_total_4,python_gc_collections_total_1,python_gc_collections_total_7,python_gc_objects_collected_total_5,python_gc_objects_collected_total_6,process_cpu_seconds_total_3,process_cpu_seconds_total_1,process_cpu_seconds_total_2,python_gc_collections_total_6,python_gc_collections_total_3,python_gc_collections_total_2,python_gc_collections_total_5,throughput_3",3.0,padded,2.3146058580605313,0.7727656969800591,12.112068205955438,1002.0,345.0,,,False,30,,0.4016332590942836,0.5189309576837416,0.5144766146993318,56.23661841128434,56.65410480079188,59.42485770848799
throughput_3,20,2.0,markov,classic_quantile,aic,0.821826280623608,0.6870600602404755,42.785449146250926,,,0.43875278396436523,0.5,134.7741648106904,0.9547141796585004,0.5612472160356348,1.0,21.0,"process_virtual_memory_bytes_1,process_resident_memory_bytes_1,buffer_size_3,scrape_duration_seconds_2,data_quality_1,avg_p_latency_2,process_virtual_memory_bytes_2,throughput_2,process_virtual_memory_bytes_3,scrape_duration_seconds_3,cores_1,cores_3,cores_2,avg_p_latency_3,throughput_1,python_gc_objects_collected_total_1,python_gc_objects_collected_total_2,python_gc_objects_collected_total_3,avg_p_latency_1,python_gc_collections_total_4,throughput_3",14.0,padded,4.400871621095575,1.1704306069295853,26.411909125978127,1039.0,308.0,,,False,30,,0.6874536005939124,0.8552338530066815,0.821826280623608,51.05966344964118,34.61117297698589,42.785449146250926
throughput_3,20,3.0,markov,classic_quantile,aic,0.7921306607275427,0.684367758443881,33.057341417140975,,,0.3838158871566444,0.33338282603316005,101.79754598696694,0.9034892353377877,0.3838158871566444,1.0,21.0,"data_quality_3,buffer_size_3,buffer_size_2,avg_p_latency_2,process_virtual_memory_bytes_2,throughput_2,cores_3,throughput_1,python_gc_objects_collected_total_1,python_gc_objects_collected_total_2,python_gc_objects_collected_total_3,avg_p_latency_1,python_gc_collections_total_4,python_gc_collections_total_1,python_gc_collections_total_7,python_gc_objects_collected_total_5,python_gc_objects_collected_total_6,process_cpu_seconds_total_3,process_cpu_seconds_total_1,process_cpu_seconds_total_2,throughput_3",7.0,padded,4.4597467290004715,1.2128460800740868,18.9032779680565,1087.0,260.0,,,False,30,,0.593170007423905,0.7750556792873051,0.7921306607275427,52.33942093541202,35.19879567763755,33.057341417140975
throughput_3,20,4.0,markov,classic_quantile,aic,0.7750556792873051,0.6367618484034142,37.47306359811928,,,0.12694877505567928,0.24998178393686932,131.78745360059392,0.9079435783221975,0.12694877505567928,0.0,21.0,"buffer_size_3,throughput_2,cores_1,cores_3,avg_p_latency_3,throughput_1,python_gc_objects_collected_total_1,python_gc_objects_collected_total_2,python_gc_objects_collected_total_3,avg_p_latency_1,python_gc_collections_total_4,python_gc_collections_total_1,python_gc_collections_total_7,python_gc_objects_collected_total_5,python_gc_objects_collected_total_6,process_cpu_seconds_total_3,process_cpu_seconds_total_1,process_cpu_seconds_total_2,python_gc_collections_total_6,python_gc_collections_total_3,throughput_3",5.0,padded,3.7358831570018083,0.6173549550585449,14.92268951900769,1148.0,199.0,,,False,30,,0.5894580549368968,0.7594654788418709,0.7750556792873051,46.832046523137834,41.76635733729275,37.47306359811928
throughput_3,20,5.0,markov,classic_quantile,aic,0.637713437268003,0.3256366111892302,43.418238059886164,,,0.14996288047512993,0.20002942066045257,117.27908933432317,0.8626577579806979,0.14996288047512993,1.0,21.0,"buffer_size_3,throughput_2,cores_3,avg_p_latency_3,throughput_1,python_gc_objects_collected_total_1,python_gc_objects_collected_total_2,python_gc_objects_collected_total_3,avg_p_latency_1,python_gc_collections_total_4,python_gc_collections_total_1,python_gc_collections_total_7,python_gc_objects_collected_total_5,python_gc_objects_collected_total_6,process_cpu_seconds_total_3,process_cpu_seconds_total_1,process_cpu_seconds_total_2,python_gc_collections_total_6,python_gc_collections_total_3,python_gc_collections_total_2,throughput_3",4.0,padded,3.695199260953814,0.7486903299577534,14.236095733009279,1034.0,313.0,,,False,30,,0.4602821083890126,0.6703786191536748,0.637713437268003,61.23172482058896,44.60841375897055,43.418238059886164
throughput_3,20,6.0,markov,classic_quantile,aic,0.7416481069042317,0.4346478402137494,29.1662583518931,,,0.19970304380103934,0.16667037861915368,201.82587230883442,0.8596881959910914,0.19970304380103934,5.0,21.0,"buffer_size_3,throughput_2,cores_1,avg_p_latency_3,throughput_1,python_gc_objects_collected_total_1,python_gc_objects_collected_total_2,python_gc_objects_collected_total_3,avg_p_latency_1,python_gc_collections_total_4,python_gc_collections_total_1,python_gc_collections_total_7,python_gc_objects_collected_total_5,python_gc_objects_collected_total_6,process_cpu_seconds_total_3,process_cpu_seconds_total_1,process_cpu_seconds_total_2,python_gc_collections_total_6,python_gc_collections_total_3,python_gc_collections_total_2,throughput_3",4.0,padded,3.8132630030158907,0.8470224989578128,14.878199118073098,1032.0,315.0,,,False,30,,0.4038604305864885,0.651818856718634,0.7416481069042317,55.33244658912811,39.91062443289616,29.1662583518931
throughput_3,20,8.0,markov,classic_quantile,aic,0.3645137342242019,0.318258836097758,86.67220675575352,,,0.15293244246473645,0.12515339299953257,91.66214736451374,0.8433556050482554,0.15293244246473645,5.0,21.0,"buffer_size_3,scrape_duration_seconds_2,buffer_size_1,throughput_1,throughput_2,scrape_duration_seconds_3,avg_p_latency_3,python_gc_objects_collected_total_1,python_gc_objects_collected_total_2,python_gc_objects_collected_total_3,avg_p_latency_1,python_gc_collections_total_4,python_gc_collections_total_1,python_gc_collections_total_7,python_gc_objects_collected_total_5,python_gc_objects_collected_total_6,process_cpu_seconds_total_3,process_cpu_seconds_total_1,process_cpu_seconds_total_2,python_gc_collections_total_6,throughput_3",7.0,padded,3.322217650944367,1.8944962830282748,17.862511622952297,199.0,1148.0,,,False,30,,0.47884187082405344,0.5664439495174461,0.3645137342242019,49.75713313536254,39.08775674338035,86.67220675575352
throughput_3,20,2.0,markov,kmeans,bic,0.9042316258351893,0.7490453244786324,22.99717891610987,,,0.7453600593912398,0.6481247765954522,61.14753773818362,0.9510022271714922,0.7453600593912398,0.0,21.0,"buffer_size_3,buffer_size_1,data_quality_2,throughput_2,scrape_duration_seconds_3,cores_3,throughput_1,python_gc_objects_collected_total_1,python_gc_objects_collected_total_2,python_gc_objects_collected_total_3,avg_p_latency_1,python_gc_collections_total_4,python_gc_collections_total_1,python_gc_collections_total_7,python_gc_objects_collected_total_5,python_gc_objects_collected_total_6,process_cpu_seconds_total_3,process_cpu_seconds_total_1,process_cpu_seconds_total_2,python_gc_collections_total_6,throughput_3",6.0,padded,3.2072968049906194,0.5124601150164381,15.662460886058398,1283.0,64.0,,,False,30,,0.6043058648849294,0.7290274684484038,0.9042316258351893,64.64323187329869,64.78501608512745,22.99717891610987
throughput_3,20,3.0,markov,kmeans,bic,0.7104677060133631,0.6001124606855633,53.52362256965711,,,0.44988864142538976,0.39978250708020563,99.84776367013497,0.9265033407572383,0.44988864142538976,0.0,21.0,"buffer_size_3,throughput_2,scrape_duration_seconds_3,avg_p_latency_3,throughput_1,python_gc_objects_collected_total_1,python_gc_objects_collected_total_2,python_gc_objects_collected_total_3,avg_p_latency_1,python_gc_collections_total_4,python_gc_collections_total_1,python_gc_collections_total_7,python_gc_objects_collected_total_5,python_gc_objects_collected_total_6,process_cpu_seconds_total_3,process_cpu_seconds_total_1,process_cpu_seconds_total_2,python_gc_collections_total_6,python_gc_collections_total_3,python_gc_collections_total_2,throughput_3",4.0,padded,2.7724360019201413,0.6969702820060775,13.957310902071185,1205.0,142.0,,,False,30,,0.5515961395694136,0.6503340757238307,0.7104677060133631,61.03904497989759,59.12954937483297,53.52362256965711
throughput_3,20,4.0,markov,kmeans,bic,0.8596881959910914,0.7590017655718333,21.361406673964076,,,0.44766146993318484,0.3743557012840606,94.73243681950947,0.9161098737936154,0.44766146993318484,0.0,21.0,"buffer_size_3,throughput_2,scrape_duration_seconds_3,avg_p_latency_3,throughput_1,python_gc_objects_collected_total_1,python_gc_objects_collected_total_2,python_gc_objects_collected_total_3,avg_p_latency_1,python_gc_collections_total_4,python_gc_collections_total_1,python_gc_collections_total_7,python_gc_objects_collected_total_5,python_gc_objects_collected_total_6,process_cpu_seconds_total_3,process_cpu_seconds_total_1,process_cpu_seconds_total_2,python_gc_collections_total_6,python_gc_collections_total_3,python_gc_collections_total_2,throughput_3",4.0,padded,2.4192441620398313,0.8409525119932368,13.48587412002962,1123.0,224.0,,,False,30,,0.3793615441722346,0.74090571640683,0.8596881959910914,69.11851909683573,33.82547642645836,21.361406673964076
throughput_3,20,5.0,markov,kmeans,bic,0.8054936896807721,0.7068129154457107,27.070494805200653,,,0.2858203414996288,0.2754892903296764,107.99846471377408,0.8804751299183371,0.2858203414996288,0.0,21.0,"buffer_size_3,throughput_2,throughput_1,python_gc_objects_collected_total_1,python_gc_objects_collected_total_2,python_gc_objects_collected_total_3,avg_p_latency_1,python_gc_collections_total_4,python_gc_collections_total_1,python_gc_collections_total_7,python_gc_objects_collected_total_5,python_gc_objects_collected_total_6,process_cpu_seconds_total_3,process_cpu_seconds_total_1,process_cpu_seconds_total_2,python_gc_collections_total_6,python_gc_collections_total_3,python_gc_collections_total_2,python_gc_collections_total_5,python_gc_objects_collected_total_8,throughput_3",2.0,padded,2.172437464003451,0.6332892229547724,11.317361772060394,1122.0,225.0,,,False,30,,0.31551596139569416,0.755011135857461,0.8054936896807721,75.8570972958686,28.270651942440246,27.070494805200653
throughput_3,20,6.0,markov,kmeans,bic,0.43801039346696363,0.32681989667240385,81.93954434518628,,,0.25092798812175204,0.21759451730869697,117.70653090533958,0.8775055679287305,0.25092798812175204,0.0,21.0,"buffer_size_3,throughput_2,throughput_1,python_gc_objects_collected_total_1,python_gc_objects_collected_total_2,python_gc_objects_collected_total_3,avg_p_latency_1,python_gc_collections_total_4,python_gc_collections_total_1,python_gc_collections_total_7,python_gc_objects_collected_total_5,python_gc_objects_collected_total_6,process_cpu_seconds_total_3,process_cpu_seconds_total_1,process_cpu_seconds_total_2,python_gc_collections_total_6,python_gc_collections_total_3,python_gc_collections_total_2,python_gc_collections_total_5,python_gc_objects_collected_total_8,throughput_3",2.0,padded,2.4235461169155315,0.6356002830434591,11.453605370013975,1064.0,283.0,,,False,30,,0.2991833704528582,0.4573125463994061,0.43801039346696363,77.29315997206197,67.83376738156382,81.93954434518628
throughput_3,20,8.0,markov,kmeans,bic,0.7334818114328137,0.5991490538210559,25.107321435467032,,,0.25092798812175204,0.2048649605433199,114.85640908517944,0.8678544914625093,0.25092798812175204,0.0,21.0,"throughput_2,throughput_1,buffer_size_3,python_gc_objects_collected_total_1,python_gc_objects_collected_total_2,python_gc_objects_collected_total_3,avg_p_latency_1,python_gc_collections_total_4,python_gc_collections_total_1,python_gc_collections_total_7,python_gc_objects_collected_total_5,python_gc_objects_collected_total_6,process_cpu_seconds_total_3,process_cpu_seconds_total_1,process_cpu_seconds_total_2,python_gc_collections_total_6,python_gc_collections_total_3,python_gc_collections_total_2,python_gc_collections_total_5,python_gc_objects_collected_total_8,throughput_3",1.0,padded,2.183953889994882,0.633161275065504,10.791586326085962,1015.0,332.0,,,False,30,,0.3103192279138827,0.5523385300668151,0.7334818114328137,77.62870842376523,54.05513568837543,25.107321435467032
throughput_3,20,2.0,markov,kmeans,aic,0.8455827765404603,0.7372249856914436,37.08072259341748,,,0.7453600593912398,0.6481247765954522,61.14753773818362,0.9510022271714922,0.7453600593912398,0.0,21.0,"avg_p_latency_1,buffer_size_3,buffer_size_2,buffer_size_1,python_gc_objects_collected_total_7,data_quality_2,process_virtual_memory_bytes_2,throughput_2,scrape_duration_seconds_3,cores_3,throughput_1,python_gc_objects_collected_total_1,python_gc_objects_collected_total_2,python_gc_objects_collected_total_3,python_gc_collections_total_4,python_gc_collections_total_1,python_gc_collections_total_7,python_gc_objects_collected_total_5,python_gc_objects_collected_total_6,process_cpu_seconds_total_3,throughput_3",10.0,padded,4.2485080460319296,0.7007505340734497,23.428929835092276,1256.0,91.0,,,False,30,,0.6369710467706013,0.7757980697847068,0.8455827765404603,59.3068299925761,53.60294481563971,37.08072259341748
throughput_3,20,3.0,markov,kmeans,aic,0.8693392724573126,0.799293892240401,21.40248788493591,,,0.44988864142538976,0.39978250708020563,99.84776367013497,0.9265033407572383,0.44988864142538976,0.0,21.0,"buffer_size_3,buffer_size_2,buffer_size_1,throughput_2,scrape_duration_seconds_3,avg_p_latency_3,throughput_1,python_gc_objects_collected_total_1,python_gc_objects_collected_total_2,python_gc_objects_collected_total_3,avg_p_latency_1,python_gc_collections_total_4,python_gc_collections_total_1,python_gc_collections_total_7,python_gc_objects_collected_total_5,python_gc_objects_collected_total_6,process_cpu_seconds_total_3,process_cpu_seconds_total_1,process_cpu_seconds_total_2,python_gc_collections_total_6,throughput_3",6.0,padded,3.53038846491836,0.7201397400349379,17.508443426107988,1103.0,244.0,,,False,30,,0.5671863400148478,0.7253155159613957,0.8693392724573126,56.34307017595613,46.039384446941746,21.40248788493591
throughput_3,20,4.0,markov,kmeans,aic,0.6273199703043801,0.4969513546403645,50.312493108269436,,,0.44766146993318484,0.3743557012840606,94.73243681950947,0.9161098737936154,0.44766146993318484,0.0,21.0,"buffer_size_3,data_quality_1,throughput_2,scrape_duration_seconds_3,avg_p_latency_3,throughput_1,python_gc_objects_collected_total_1,python_gc_objects_collected_total_2,python_gc_objects_collected_total_3,avg_p_latency_1,python_gc_collections_total_4,python_gc_collections_total_1,python_gc_collections_total_7,python_gc_objects_collected_total_5,python_gc_objects_collected_total_6,process_cpu_seconds_total_3,process_cpu_seconds_total_1,process_cpu_seconds_total_2,python_gc_collections_total_6,python_gc_collections_total_3,throughput_3",5.0,padded,3.2863479210063815,0.975163646042347,15.633099503000267,1114.0,233.0,,,False,30,,0.3014105419450631,0.5337787676317743,0.6273199703043801,77.15832340083021,67.69647044821001,50.312493108269436
throughput_3,20,5.0,markov,kmeans,aic,0.6859688195991092,0.37463331127196214,38.0546235167272,,,0.2858203414996288,0.2754892903296764,107.99846471377408,0.8804751299183371,0.2858203414996288,0.0,21.0,"buffer_size_3,scrape_duration_seconds_2,throughput_2,scrape_duration_seconds_3,avg_p_latency_3,throughput_1,python_gc_objects_collected_total_1,python_gc_objects_collected_total_2,python_gc_objects_collected_total_3,avg_p_latency_1,python_gc_collections_total_4,python_gc_collections_total_1,python_gc_collections_total_7,python_gc_objects_collected_total_5,python_gc_objects_collected_total_6,process_cpu_seconds_total_3,process_cpu_seconds_total_1,process_cpu_seconds_total_2,python_gc_collections_total_6,python_gc_collections_total_3,throughput_3",5.0,padded,4.1073976859916,1.7285290319705382,18.506428171065636,875.0,472.0,,,False,30,,0.29175946547884185,0.6035634743875279,0.6859688195991092,69.29105043280549,44.474306544196374,38.0546235167272
throughput_3,20,6.0,markov,kmeans,aic,0.5961395694135115,0.4384565546781427,49.153264987173635,,,0.25092798812175204,0.21759451730869697,117.70653090533958,0.8775055679287305,0.25092798812175204,0.0,21.0,"buffer_size_3,scrape_duration_seconds_2,throughput_2,scrape_duration_seconds_3,throughput_1,python_gc_objects_collected_total_1,python_gc_objects_collected_total_2,python_gc_objects_collected_total_3,avg_p_latency_1,python_gc_collections_total_4,python_gc_collections_total_1,python_gc_collections_total_7,python_gc_objects_collected_total_5,python_gc_objects_collected_total_6,process_cpu_seconds_total_3,process_cpu_seconds_total_1,process_cpu_seconds_total_2,python_gc_collections_total_6,python_gc_collections_total_3,python_gc_collections_total_2,throughput_3",4.0,padded,2.852038035984151,1.3831526619615033,15.529070861986838,801.0,546.0,,,False,30,,0.3363028953229399,0.5530809205642168,0.5961395694135115,72.18120369795841,44.6639272898088,49.153264987173635
throughput_3,20,8.0,markov,kmeans,aic,0.7253155159613957,0.5779174094880948,32.772574922496624,,,0.25092798812175204,0.2048649605433199,114.85640908517944,0.8678544914625093,0.25092798812175204,0.0,21.0,"buffer_size_3,throughput_2,throughput_1,python_gc_objects_collected_total_1,python_gc_objects_collected_total_2,python_gc_objects_collected_total_3,avg_p_latency_1,python_gc_collections_total_4,python_gc_collections_total_1,python_gc_collections_total_7,python_gc_objects_collected_total_5,python_gc_objects_collected_total_6,process_cpu_seconds_total_3,process_cpu_seconds_total_1,process_cpu_seconds_total_2,python_gc_collections_total_6,python_gc_collections_total_3,python_gc_collections_total_2,python_gc_collections_total_5,python_gc_objects_collected_total_8,throughput_3",2.0,padded,2.4719370279926807,1.1246576629346237,13.250680426019244,1015.0,332.0,,,False,30,,0.1900519673348181,0.7230883444691908,0.7253155159613957,88.23212678373035,31.65430759312532,32.772574922496624
throughput_3,20,,markov,dbscan,bic,0.25686711210096513,0.12278524007014083,95.53430693948681,,,0.09502598366740905,0.04152576612596705,104.42724471089282,0.5419450631031922,0.09502598366740905,9.0,12.0,"data_quality_3,avg_p_latency_1,buffer_size_3,buffer_size_2,data_quality_1,throughput_2,cores_1,throughput_1,python_gc_objects_collected_total_5,python_gc_objects_collected_total_6,python_gc_collections_total_6,throughput_3",7.0,padded,0.7062878989381716,0.4481928680324927,13.09866808296647,444.0,903.0,,,False,30,,0.017817371937639197,0.15219005196733482,0.25686711210096513,115.41375048269961,90.95039278012153,95.53430693948681
throughput_3,20,,markov,dbscan,aic,0.20193021529324426,0.07877227351336259,58.551689441745,,,0.09502598366740905,0.04152576612596704,104.42724471089282,0.5419450631031922,0.09502598366740905,9.0,11.0,"data_quality_3,buffer_size_3,data_quality_1,throughput_2,cores_1,throughput_1,avg_p_latency_1,python_gc_objects_collected_total_5,python_gc_objects_collected_total_6,python_gc_collections_total_6,throughput_3",5.0,padded,0.949227784993127,0.6479824930429459,19.87098619993776,513.0,834.0,,,False,30,,0.1915367483296214,0.1714922048997773,0.20193021529324426,45.70365781953593,67.34089188508669,58.551689441745
throughput_3,20,2.0,mrmr,classic_uniform,bic,0.9576837416481069,0.8204149274592212,10.161544172234594,,,0.8351893095768375,0.7440674750474306,39.576540460282104,0.9628804751299184,0.8351893095768375,0.0,21.0,"throughput_2,buffer_size_3,throughput_1,avg_p_latency_2,avg_p_latency_1,buffer_size_1,python_gc_objects_collected_total_1,buffer_size_2,avg_p_latency_3,data_quality_1,scrape_duration_seconds_2,cores_1,python_gc_objects_collected_total_4,scrape_duration_seconds_3,data_quality_2,python_gc_objects_collected_total_2,scrape_duration_seconds_1,process_open_fds_1,process_open_fds_3,python_gc_objects_collected_total_5,throughput_3",,,3.2224345880094916,0.5763120679184794,84.83923717704602,1266.0,81.0,saved_dbn_models_top5_20260313_192652_seed783122_run20260505_154142/rank5_dbn_throughput_3_K20_mrmr_classic_uniform_bic_bins2.pkl,saved_dbn_models_top5_20260313_192652_seed783122_run20260505_154142/rank5_dbn_throughput_3_K20_mrmr_classic_uniform_bic_bins2_edges.csv,False,30,,0.7453600593912398,0.8337045285820341,0.9576837416481069,41.59967829745112,39.758475624845346,10.161544172234594
throughput_3,20,3.0,mrmr,classic_uniform,bic,0.791388270230141,0.624974057798621,36.72417718386537,,,0.6993318485523385,0.5641388270230142,62.63314361131733,0.9198218262806236,0.6993318485523385,0.0,21.0,"throughput_2,buffer_size_3,throughput_1,avg_p_latency_2,avg_p_latency_1,buffer_size_1,python_gc_objects_collected_total_1,buffer_size_2,avg_p_latency_3,data_quality_1,scrape_duration_seconds_2,cores_1,python_gc_objects_collected_total_4,scrape_duration_seconds_3,data_quality_2,python_gc_objects_collected_total_2,scrape_duration_seconds_1,process_open_fds_1,process_open_fds_3,python_gc_objects_collected_total_5,throughput_3",,,2.618849579943344,0.7929268339648843,84.04376044194214,1077.0,270.0,,,False,30,,0.6198960653303638,0.7587230883444692,0.791388270230141,41.88266930627732,41.41507877588055,36.72417718386537
throughput_3,20,4.0,mrmr,classic_uniform,bic,0.7743132887899035,0.6977572202838166,30.841177926255877,,,0.4669636228656273,0.38632936016937497,91.6321702548874,0.8960653303637713,0.4669636228656273,0.0,21.0,"throughput_2,buffer_size_3,throughput_1,avg_p_latency_2,avg_p_latency_1,buffer_size_1,python_gc_objects_collected_total_1,buffer_size_2,avg_p_latency_3,data_quality_1,scrape_duration_seconds_2,cores_1,python_gc_objects_collected_total_4,scrape_duration_seconds_3,data_quality_2,python_gc_objects_collected_total_2,scrape_duration_seconds_1,process_open_fds_1,process_open_fds_3,python_gc_objects_collected_total_5,throughput_3",,,2.5060407019918784,1.0421463479287922,84.80376514501404,876.0,471.0,,,False,30,,0.504083147735709,0.5887156644394952,0.7743132887899035,47.48184855233852,53.425451620885916,30.841177926255877
throughput_3,20,5.0,mrmr,classic_uniform,bic,,,,,,,,,,,,,,,,,,79.5809135530144,,,,,False,30,3,,,,,,
throughput_3,20,6.0,mrmr,classic_uniform,bic,0.6466221232368226,0.3771461349464579,41.59696444774396,,,0.2969561989606533,0.27455552805961125,104.94319887816549,0.8485523385300668,0.2969561989606533,0.0,21.0,"throughput_2,buffer_size_3,throughput_1,avg_p_latency_2,avg_p_latency_1,buffer_size_1,python_gc_objects_collected_total_1,buffer_size_2,avg_p_latency_3,data_quality_1,scrape_duration_seconds_2,cores_1,python_gc_objects_collected_total_4,scrape_duration_seconds_3,data_quality_2,python_gc_objects_collected_total_2,scrape_duration_seconds_1,process_open_fds_1,process_open_fds_3,python_gc_objects_collected_total_5,throughput_3",,,2.1429370689438656,1.102014065021649,84.71445026702713,690.0,657.0,,,False,30,,0.4268745360059391,0.47809948032665184,0.6466221232368226,43.66146993318486,55.08205477192114,41.59696444774396
throughput_3,20,8.0,mrmr,classic_uniform,bic,,,,,,,,,,,,,,,,,,79.5845551060047,,,,,False,30,6,,,,,,
throughput_3,20,2.0,mrmr,classic_uniform,aic,0.9517446176688938,0.687795599887835,11.58772581044296,,,0.8351893095768375,0.7440674750474306,39.576540460282104,0.9628804751299184,0.8351893095768375,0.0,21.0,"throughput_2,buffer_size_3,throughput_1,avg_p_latency_2,avg_p_latency_1,buffer_size_1,python_gc_objects_collected_total_1,buffer_size_2,avg_p_latency_3,data_quality_1,scrape_duration_seconds_2,cores_1,python_gc_objects_collected_total_4,scrape_duration_seconds_3,data_quality_2,python_gc_objects_collected_total_2,scrape_duration_seconds_1,process_open_fds_1,process_open_fds_3,python_gc_objects_collected_total_5,throughput_3",,,4.146832415019162,0.7737881400389597,86.55450702400412,1247.0,100.0,,,False,30,,0.7639198218262806,0.8841870824053452,0.9517446176688938,38.56763177431329,27.68893838158872,11.58772581044296
throughput_3,20,3.0,mrmr,classic_uniform,aic,0.7876763177431328,0.5177131025846206,37.43726800296956,,,0.6993318485523385,0.5641388270230142,62.63314361131733,0.9198218262806236,0.6993318485523385,0.0,21.0,"throughput_2,buffer_size_3,throughput_1,avg_p_latency_2,avg_p_latency_1,buffer_size_1,python_gc_objects_collected_total_1,buffer_size_2,avg_p_latency_3,data_quality_1,scrape_duration_seconds_2,cores_1,python_gc_objects_collected_total_4,scrape_duration_seconds_3,data_quality_2,python_gc_objects_collected_total_2,scrape_duration_seconds_1,process_open_fds_1,process_open_fds_3,python_gc_objects_collected_total_5,throughput_3",,,4.248611239949241,1.524834553943947,88.11474160198122,1041.0,306.0,,,False,30,,0.6206384558277654,0.718634001484781,0.7876763177431328,41.80181473232699,47.09486100800132,37.43726800296956
throughput_3,20,4.0,mrmr,classic_uniform,aic,0.7379361544172235,0.5865625779023615,34.76317743132887,,,0.4669636228656273,0.38632936016937497,91.6321702548874,0.8960653303637713,0.4669636228656273,0.0,21.0,"throughput_2,buffer_size_3,throughput_1,avg_p_latency_2,avg_p_latency_1,buffer_size_1,python_gc_objects_collected_total_1,buffer_size_2,avg_p_latency_3,data_quality_1,scrape_duration_seconds_2,cores_1,python_gc_objects_collected_total_4,scrape_duration_seconds_3,data_quality_2,python_gc_objects_collected_total_2,scrape_duration_seconds_1,process_open_fds_1,process_open_fds_3,python_gc_objects_collected_total_5,throughput_3",,,4.190177682903595,1.343121321988292,89.27694470796268,846.0,501.0,,,False,30,,0.5256124721603563,0.6265775798069785,0.7379361544172235,44.571083890126204,50.94054689433308,34.76317743132887
throughput_3,20,5.0,mrmr,classic_uniform,aic,,,,,,,,,,,,,,,,,,78.28870324604213,,,,,False,30,3,,,,,,
throughput_3,20,6.0,mrmr,classic_uniform,aic,0.5493689680772086,0.3375657687005824,59.721356099975246,,,0.2969561989606533,0.27455552805961125,104.94319887816549,0.8485523385300668,0.2969561989606533,0.0,21.0,"throughput_2,buffer_size_3,throughput_1,avg_p_latency_2,avg_p_latency_1,buffer_size_1,python_gc_objects_collected_total_1,buffer_size_2,avg_p_latency_3,data_quality_1,scrape_duration_seconds_2,cores_1,python_gc_objects_collected_total_4,scrape_duration_seconds_3,data_quality_2,python_gc_objects_collected_total_2,scrape_duration_seconds_1,process_open_fds_1,process_open_fds_3,python_gc_objects_collected_total_5,throughput_3",,,3.924208394018933,1.3042989510577172,88.10786082304548,660.0,687.0,,,False,30,,0.39643652561247217,0.5753526354862658,0.5493689680772086,53.20230965932525,44.728285077951,59.721356099975246
throughput_3,20,8.0,mrmr,classic_uniform,aic,,,,,,,,,,,,,,,,,,79.38976365001872,,,,,False,30,6,,,,,,
throughput_3,20,2.0,mrmr,classic_quantile,bic,0.8188567186340014,0.7453401517092751,43.49853996535511,,,0.43875278396436523,0.5,134.7741648106904,0.9547141796585004,0.5612472160356348,1.0,19.0,"throughput_2,buffer_size_3,throughput_1,avg_p_latency_2,avg_p_latency_1,buffer_size_1,python_gc_objects_collected_total_1,buffer_size_2,avg_p_latency_3,data_quality_1,scrape_duration_seconds_2,cores_1,python_gc_objects_collected_total_4,scrape_duration_seconds_3,data_quality_2,python_gc_objects_collected_total_2,scrape_duration_seconds_1,python_gc_objects_collected_total_5,throughput_3",,,3.1209746620152146,1.0219562279526144,86.5170064320555,1033.0,314.0,,,False,30,,0.7668893838158871,0.8589458054936897,0.8188567186340014,38.082504330611236,33.72370700321702,43.49853996535511
throughput_3,20,3.0,mrmr,classic_quantile,bic,0.6985894580549369,0.5968483718824283,48.27114988039265,,,0.3838158871566444,0.33338282603316005,101.79754598696694,0.9034892353377877,0.3838158871566444,1.0,19.0,"throughput_2,buffer_size_3,throughput_1,avg_p_latency_2,avg_p_latency_1,buffer_size_1,python_gc_objects_collected_total_1,buffer_size_2,avg_p_latency_3,data_quality_1,scrape_duration_seconds_2,cores_1,python_gc_objects_collected_total_4,scrape_duration_seconds_3,data_quality_2,python_gc_objects_collected_total_2,scrape_duration_seconds_1,python_gc_objects_collected_total_5,throughput_3",,,2.8936134449904785,1.7966641850071028,89.24680760095362,556.0,791.0,,,False,30,,0.5560504825538233,0.7357089829250185,0.6985894580549369,53.320527097253155,32.01377546811846,48.27114988039265
throughput_3,20,4.0,mrmr,classic_quantile,bic,0.688195991091314,0.5107221774358993,45.56392600841376,,,0.12694877505567928,0.24998178393686932,131.78745360059392,0.9079435783221975,0.12694877505567928,0.0,19.0,"throughput_2,buffer_size_3,throughput_1,avg_p_latency_2,avg_p_latency_1,buffer_size_1,python_gc_objects_collected_total_1,buffer_size_2,avg_p_latency_3,data_quality_1,scrape_duration_seconds_2,cores_1,python_gc_objects_collected_total_4,scrape_duration_seconds_3,data_quality_2,python_gc_objects_collected_total_2,scrape_duration_seconds_1,python_gc_objects_collected_total_5,throughput_3",,,2.443106894963421,1.8455124900210649,89.1641624890035,348.0,999.0,,,False,30,,0.7082405345211581,0.7074981440237565,0.688195991091314,28.519227913882702,36.168720613709475,45.56392600841376
throughput_3,20,5.0,mrmr,classic_quantile,bic,0.7505567928730512,0.5228347762300526,27.122779015095272,,,0.14996288047512993,0.20002942066045257,117.27908933432317,0.8626577579806979,0.14996288047512993,1.0,19.0,"throughput_2,buffer_size_3,throughput_1,avg_p_latency_2,avg_p_latency_1,buffer_size_1,python_gc_objects_collected_total_1,buffer_size_2,avg_p_latency_3,data_quality_1,scrape_duration_seconds_2,cores_1,python_gc_objects_collected_total_4,scrape_duration_seconds_3,data_quality_2,python_gc_objects_collected_total_2,scrape_duration_seconds_1,python_gc_objects_collected_total_5,throughput_3",,,2.252457960974425,1.700281142955646,88.60587663506158,188.0,1159.0,,,False,30,,0.6429101707498144,0.7297698589458055,0.7505567928730512,36.30499876268251,39.229089334323184,27.122779015095272
throughput_3,20,6.0,mrmr,classic_quantile,bic,0.5590200445434298,0.43484398357505233,55.784191206797004,,,0.19970304380103934,0.16667037861915368,201.82587230883442,0.8596881959910914,0.19970304380103934,5.0,19.0,"throughput_2,buffer_size_3,throughput_1,avg_p_latency_2,avg_p_latency_1,buffer_size_1,python_gc_objects_collected_total_1,buffer_size_2,avg_p_latency_3,data_quality_1,scrape_duration_seconds_2,cores_1,python_gc_objects_collected_total_4,scrape_duration_seconds_3,data_quality_2,python_gc_objects_collected_total_2,scrape_duration_seconds_1,python_gc_objects_collected_total_5,throughput_3",,,2.1734659080393612,2.1109620559727773,89.4971402840456,145.0,1202.0,,,False,30,,0.5939123979213066,0.5909428359317,0.5590200445434298,34.47353377876764,46.240819104182144,55.784191206797004
throughput_3,20,8.0,mrmr,classic_quantile,bic,0.44320712694877507,0.2662346799951033,54.799545285820344,,,0.15293244246473645,0.12515339299953257,91.66214736451374,0.8433556050482554,0.15293244246473645,5.0,19.0,"throughput_2,buffer_size_3,throughput_1,avg_p_latency_2,avg_p_latency_1,buffer_size_1,python_gc_objects_collected_total_1,buffer_size_2,avg_p_latency_3,data_quality_1,scrape_duration_seconds_2,cores_1,python_gc_objects_collected_total_4,scrape_duration_seconds_3,data_quality_2,python_gc_objects_collected_total_2,scrape_duration_seconds_1,python_gc_objects_collected_total_5,throughput_3",,,1.9835076469462365,1.5534740489674732,86.7804703079164,70.0,1277.0,,,False,30,,0.6050482553823311,0.534521158129176,0.44320712694877507,31.936964860183128,46.495310566691415,54.799545285820344
throughput_3,20,2.0,mrmr,classic_quantile,aic,0.8225686711210096,0.7426033159848215,42.607176441474884,,,0.43875278396436523,0.5,134.7741648106904,0.9547141796585004,0.5612472160356348,1.0,19.0,"throughput_2,buffer_size_3,throughput_1,avg_p_latency_2,avg_p_latency_1,buffer_size_1,python_gc_objects_collected_total_1,buffer_size_2,avg_p_latency_3,data_quality_1,scrape_duration_seconds_2,cores_1,python_gc_objects_collected_total_4,scrape_duration_seconds_3,data_quality_2,python_gc_objects_collected_total_2,scrape_duration_seconds_1,python_gc_objects_collected_total_5,throughput_3",,,3.2705987849039957,1.1942950929515064,87.75900382199325,1033.0,314.0,,,False,30,,0.7015590200445434,0.8589458054936897,0.8225686711210096,48.75530809205642,33.72370700321702,42.607176441474884
throughput_3,20,3.0,mrmr,classic_quantile,aic,0.7765404602821084,0.6761629447996628,30.990604635816226,,,0.3838158871566444,0.33338282603316005,101.79754598696694,0.9034892353377877,0.3838158871566444,1.0,19.0,"throughput_2,buffer_size_3,throughput_1,avg_p_latency_2,avg_p_latency_1,buffer_size_1,python_gc_objects_collected_total_1,buffer_size_2,avg_p_latency_3,data_quality_1,scrape_duration_seconds_2,cores_1,python_gc_objects_collected_total_4,scrape_duration_seconds_3,data_quality_2,python_gc_objects_collected_total_2,scrape_duration_seconds_1,python_gc_objects_collected_total_5,throughput_3",,,4.000349481008016,2.664754574885592,92.75487446389161,556.0,791.0,,,False,30,,0.6829992576095026,0.7624350408314774,0.7765404602821084,40.30129918337046,41.358937556710394,30.990604635816226
throughput_3,20,4.0,mrmr,classic_quantile,aic,0.7074981440237565,0.594466767343447,39.608228161346204,,,0.12694877505567928,0.24998178393686932,131.78745360059392,0.9079435783221975,0.12694877505567928,0.0,19.0,"throughput_2,buffer_size_3,throughput_1,avg_p_latency_2,avg_p_latency_1,buffer_size_1,python_gc_objects_collected_total_1,buffer_size_2,avg_p_latency_3,data_quality_1,scrape_duration_seconds_2,cores_1,python_gc_objects_collected_total_4,scrape_duration_seconds_3,data_quality_2,python_gc_objects_collected_total_2,scrape_duration_seconds_1,python_gc_objects_collected_total_5,throughput_3",,,5.953175918082707,1.9148858720436692,93.58835234702565,348.0,999.0,,,False,30,,0.5716406829992576,0.7104677060133631,0.7074981440237565,44.59292254392477,40.35903241771839,39.608228161346204
throughput_3,20,5.0,mrmr,classic_quantile,aic,0.7171492204899778,0.41283158944613024,23.837342242019297,,,0.14996288047512993,0.20002942066045257,117.27908933432317,0.8626577579806979,0.14996288047512993,1.0,19.0,"throughput_2,buffer_size_3,throughput_1,avg_p_latency_2,avg_p_latency_1,buffer_size_1,python_gc_objects_collected_total_1,buffer_size_2,avg_p_latency_3,data_quality_1,scrape_duration_seconds_2,cores_1,python_gc_objects_collected_total_4,scrape_duration_seconds_3,data_quality_2,python_gc_objects_collected_total_2,scrape_duration_seconds_1,python_gc_objects_collected_total_5,throughput_3",,,4.863577555981465,2.9628940291004255,94.17475968098734,188.0,1159.0,,,False,30,,0.6095025983667409,0.7386785449146251,0.7171492204899778,40.487305122494426,32.49028705765899,23.837342242019297
throughput_3,20,6.0,mrmr,classic_quantile,aic,0.682256867112101,0.3725779207432312,29.296490142703956,,,0.19970304380103934,0.16667037861915368,201.82587230883442,0.8596881959910914,0.19970304380103934,5.0,19.0,"throughput_2,buffer_size_3,throughput_1,avg_p_latency_2,avg_p_latency_1,buffer_size_1,python_gc_objects_collected_total_1,buffer_size_2,avg_p_latency_3,data_quality_1,scrape_duration_seconds_2,cores_1,python_gc_objects_collected_total_4,scrape_duration_seconds_3,data_quality_2,python_gc_objects_collected_total_2,scrape_duration_seconds_1,python_gc_objects_collected_total_5,throughput_3",,,4.322204896016046,1.8563321109395474,92.40413292590529,145.0,1202.0,,,False,30,,0.5419450631031922,0.6332590942835932,0.682256867112101,39.300358822073754,38.3437061783387,29.296490142703956
throughput_3,20,8.0,mrmr,classic_quantile,aic,0.43801039346696363,0.272542070740553,64.83314773570898,,,0.15293244246473645,0.12515339299953257,91.66214736451374,0.8433556050482554,0.15293244246473645,5.0,19.0,"throughput_2,buffer_size_3,throughput_1,avg_p_latency_2,avg_p_latency_1,buffer_size_1,python_gc_objects_collected_total_1,buffer_size_2,avg_p_latency_3,data_quality_1,scrape_duration_seconds_2,cores_1,python_gc_objects_collected_total_4,scrape_duration_seconds_3,data_quality_2,python_gc_objects_collected_total_2,scrape_duration_seconds_1,python_gc_objects_collected_total_5,throughput_3",,,3.9105108740041032,3.1169462989782915,94.94003466598224,70.0,1277.0,,,False,30,,0.5389755011135857,0.5701559020044543,0.43801039346696363,36.50741771838654,37.29564464241525,64.83314773570898
throughput_3,20,2.0,mrmr,kmeans,bic,0.8678544914625093,0.7009947326122679,31.732541450136104,,,0.7453600593912398,0.6481247765954522,61.14753773818362,0.9510022271714922,0.7453600593912398,0.0,21.0,"throughput_2,buffer_size_3,throughput_1,avg_p_latency_2,avg_p_latency_1,buffer_size_1,python_gc_objects_collected_total_1,buffer_size_2,avg_p_latency_3,data_quality_1,scrape_duration_seconds_2,cores_1,python_gc_objects_collected_total_4,scrape_duration_seconds_3,data_quality_2,python_gc_objects_collected_total_2,scrape_duration_seconds_1,process_open_fds_1,process_open_fds_3,python_gc_objects_collected_total_5,throughput_3",,,3.3443785529816523,0.9056300730444491,86.06250014097895,1198.0,149.0,,,False,30,,0.7720861172976986,0.7832219747587231,0.8678544914625093,37.23353130413265,51.828012868101965,31.732541450136104
throughput_3,20,3.0,mrmr,kmeans,bic,0.6985894580549369,0.6182859577810628,51.35988689889638,,,0.44988864142538976,0.39978250708020563,99.84776367013497,0.9265033407572383,0.44988864142538976,0.0,21.0,"throughput_2,buffer_size_3,throughput_1,avg_p_latency_2,avg_p_latency_1,buffer_size_1,python_gc_objects_collected_total_1,buffer_size_2,avg_p_latency_3,data_quality_1,scrape_duration_seconds_2,cores_1,python_gc_objects_collected_total_4,scrape_duration_seconds_3,data_quality_2,python_gc_objects_collected_total_2,scrape_duration_seconds_1,process_open_fds_1,process_open_fds_3,python_gc_objects_collected_total_5,throughput_3",,,2.761032175971195,0.9052885100245476,84.52784611098468,1019.0,328.0,,,False,30,,0.6636971046770601,0.7253155159613957,0.6985894580549369,38.270485581278066,44.71772579353912,51.35988689889638
throughput_3,20,4.0,mrmr,kmeans,bic,0.8634001484780994,0.7611862652869839,20.944613193496078,,,0.44766146993318484,0.3743557012840606,94.73243681950947,0.9161098737936154,0.44766146993318484,0.0,21.0,"throughput_2,buffer_size_3,throughput_1,avg_p_latency_2,avg_p_latency_1,buffer_size_1,python_gc_objects_collected_total_1,buffer_size_2,avg_p_latency_3,data_quality_1,scrape_duration_seconds_2,cores_1,python_gc_objects_collected_total_4,scrape_duration_seconds_3,data_quality_2,python_gc_objects_collected_total_2,scrape_duration_seconds_1,process_open_fds_1,process_open_fds_3,python_gc_objects_collected_total_5,throughput_3",,,2.373265767004341,1.260813784901984,85.5809509960236,743.0,604.0,,,False,30,,0.651818856718634,0.7735708982925018,0.8634001484780994,30.806531045942403,30.108959513826246,20.944613193496078
throughput_3,20,5.0,mrmr,kmeans,bic,0.7564959168522642,0.6398208845768428,29.172198970599855,,,0.2858203414996288,0.2754892903296764,107.99846471377408,0.8804751299183371,0.2858203414996288,0.0,21.0,"throughput_2,buffer_size_3,throughput_1,avg_p_latency_2,avg_p_latency_1,buffer_size_1,python_gc_objects_collected_total_1,buffer_size_2,avg_p_latency_3,data_quality_1,scrape_duration_seconds_2,cores_1,python_gc_objects_collected_total_4,scrape_duration_seconds_3,data_quality_2,python_gc_objects_collected_total_2,scrape_duration_seconds_1,process_open_fds_1,process_open_fds_3,python_gc_objects_collected_total_5,throughput_3",,,2.2745673139579594,1.3096265069907531,85.76051044405904,507.0,840.0,,,False,30,,0.370452858203415,0.7357089829250185,0.7564959168522642,73.5172014494115,31.59260180523526,29.172198970599855
throughput_3,20,6.0,mrmr,kmeans,bic,0.47512991833704527,0.3339914585692714,69.12464345194418,,,0.25092798812175204,0.21759451730869697,117.70653090533958,0.8775055679287305,0.25092798812175204,0.0,21.0,"throughput_2,buffer_size_3,throughput_1,avg_p_latency_2,avg_p_latency_1,buffer_size_1,python_gc_objects_collected_total_1,buffer_size_2,avg_p_latency_3,data_quality_1,scrape_duration_seconds_2,cores_1,python_gc_objects_collected_total_4,scrape_duration_seconds_3,data_quality_2,python_gc_objects_collected_total_2,scrape_duration_seconds_1,process_open_fds_1,process_open_fds_3,python_gc_objects_collected_total_5,throughput_3",,,2.1615183239337057,1.265717554022558,85.65621104906313,422.0,925.0,,,False,30,,0.44320712694877507,0.42538975501113585,0.47512991833704527,43.90689380774341,79.27298144405678,69.12464345194418
throughput_3,20,8.0,mrmr,kmeans,bic,0.6117297698589458,0.536222485432734,41.32168903712732,,,0.25092798812175204,0.2048649605433199,114.85640908517944,0.8678544914625093,0.25092798812175204,0.0,21.0,"throughput_2,buffer_size_3,throughput_1,avg_p_latency_2,avg_p_latency_1,buffer_size_1,python_gc_objects_collected_total_1,buffer_size_2,avg_p_latency_3,data_quality_1,scrape_duration_seconds_2,cores_1,python_gc_objects_collected_total_4,scrape_duration_seconds_3,data_quality_2,python_gc_objects_collected_total_2,scrape_duration_seconds_1,process_open_fds_1,process_open_fds_3,python_gc_objects_collected_total_5,throughput_3",,,2.160555031034164,1.0229939530836418,86.30027049395721,306.0,1041.0,,,False,30,,0.4298440979955457,0.5315515961395694,0.6117297698589458,56.60185821593535,59.08203582892846,41.32168903712732
throughput_3,20,2.0,mrmr,kmeans,aic,0.8507795100222717,0.7677735480118864,35.832813659985156,,,0.7453600593912398,0.6481247765954522,61.14753773818362,0.9510022271714922,0.7453600593912398,0.0,21.0,"throughput_2,buffer_size_3,throughput_1,avg_p_latency_2,avg_p_latency_1,buffer_size_1,python_gc_objects_collected_total_1,buffer_size_2,avg_p_latency_3,data_quality_1,scrape_duration_seconds_2,cores_1,python_gc_objects_collected_total_4,scrape_duration_seconds_3,data_quality_2,python_gc_objects_collected_total_2,scrape_duration_seconds_1,process_open_fds_1,process_open_fds_3,python_gc_objects_collected_total_5,throughput_3",,,4.608430474996567,1.0447894199751318,88.04996602900792,1176.0,171.0,,,False,30,,0.7624350408314774,0.8092056421677802,0.8507795100222717,38.810195496164326,45.61575105171988,35.832813659985156
throughput_3,20,3.0,mrmr,kmeans,aic,0.8337045285820341,0.6869729609565116,26.855384054185542,,,0.44988864142538976,0.39978250708020563,99.84776367013497,0.9265033407572383,0.44988864142538976,0.0,21.0,"throughput_2,buffer_size_3,throughput_1,avg_p_latency_2,avg_p_latency_1,buffer_size_1,python_gc_objects_collected_total_1,buffer_size_2,avg_p_latency_3,data_quality_1,scrape_duration_seconds_2,cores_1,python_gc_objects_collected_total_4,scrape_duration_seconds_3,data_quality_2,python_gc_objects_collected_total_2,scrape_duration_seconds_1,process_open_fds_1,process_open_fds_3,python_gc_objects_collected_total_5,throughput_3",,,4.491689590038732,1.3694583219476044,89.91390531591605,960.0,387.0,,,False,30,,0.7000742390497402,0.8255382331106161,0.8337045285820341,34.42783834569386,26.50263170682413,26.855384054185542
throughput_3,20,4.0,mrmr,kmeans,aic,0.7334818114328137,0.4626054962841263,38.40310222009895,,,0.44766146993318484,0.3743557012840606,94.73243681950947,0.9161098737936154,0.44766146993318484,0.0,21.0,"throughput_2,buffer_size_3,throughput_1,avg_p_latency_2,avg_p_latency_1,buffer_size_1,python_gc_objects_collected_total_1,buffer_size_2,avg_p_latency_3,data_quality_1,scrape_duration_seconds_2,cores_1,python_gc_objects_collected_total_4,scrape_duration_seconds_3,data_quality_2,python_gc_objects_collected_total_2,scrape_duration_seconds_1,process_open_fds_1,process_open_fds_3,python_gc_objects_collected_total_5,throughput_3",,,4.373853666009381,2.3384224380133674,92.30612037400715,695.0,652.0,,,False,30,,0.526354862657758,0.6533036377134372,0.7334818114328137,42.4483747809191,48.86993178334385,38.40310222009895
throughput_3,20,5.0,mrmr,kmeans,aic,0.682256867112101,0.39778458067015654,33.22082887509076,,,0.2858203414996288,0.2754892903296764,107.99846471377408,0.8804751299183371,0.2858203414996288,0.0,21.0,"throughput_2,buffer_size_3,throughput_1,avg_p_latency_2,avg_p_latency_1,buffer_size_1,python_gc_objects_collected_total_1,buffer_size_2,avg_p_latency_3,data_quality_1,scrape_duration_seconds_2,cores_1,python_gc_objects_collected_total_4,scrape_duration_seconds_3,data_quality_2,python_gc_objects_collected_total_2,scrape_duration_seconds_1,process_open_fds_1,process_open_fds_3,python_gc_objects_collected_total_5,throughput_3",,,4.118832289939746,2.324152371031232,90.64458977105096,487.0,860.0,,,False,30,,0.41870824053452116,0.6362286562731997,0.682256867112101,50.1180988507508,37.8441739068273,33.22082887509076
throughput_3,20,6.0,mrmr,kmeans,aic,0.47438752783964366,0.3183280762511837,62.062517778016975,,,0.25092798812175204,0.21759451730869697,117.70653090533958,0.8775055679287305,0.25092798812175204,0.0,21.0,"throughput_2,buffer_size_3,throughput_1,avg_p_latency_2,avg_p_latency_1,buffer_size_1,python_gc_objects_collected_total_1,buffer_size_2,avg_p_latency_3,data_quality_1,scrape_duration_seconds_2,cores_1,python_gc_objects_collected_total_4,scrape_duration_seconds_3,data_quality_2,python_gc_objects_collected_total_2,scrape_duration_seconds_1,process_open_fds_1,process_open_fds_3,python_gc_objects_collected_total_5,throughput_3",,,3.6447095159674063,1.709585802978836,90.11488263402134,375.0,972.0,,,False,30,,0.41573867854491464,0.43132887899034894,0.47438752783964366,55.605554067698264,69.05311410760577,62.062517778016975
throughput_3,20,8.0,mrmr,kmeans,aic,0.6057906458797327,0.47704050450623675,47.83465041095126,,,0.25092798812175204,0.2048649605433199,114.85640908517944,0.8678544914625093,0.25092798812175204,0.0,21.0,"throughput_2,buffer_size_3,throughput_1,avg_p_latency_2,avg_p_latency_1,buffer_size_1,python_gc_objects_collected_total_1,buffer_size_2,avg_p_latency_3,data_quality_1,scrape_duration_seconds_2,cores_1,python_gc_objects_collected_total_4,scrape_duration_seconds_3,data_quality_2,python_gc_objects_collected_total_2,scrape_duration_seconds_1,process_open_fds_1,process_open_fds_3,python_gc_objects_collected_total_5,throughput_3",,,3.4484909049933776,2.23872935003601,90.883825773024,260.0,1087.0,,,False,30,,0.3110616184112843,0.5887156644394952,0.6057906458797327,62.46115873633409,45.44534676272591,47.83465041095126
throughput_3,20,,mrmr,dbscan,bic,0.25686711210096513,0.12278524007014083,95.53430693948681,,,0.09502598366740905,0.04152576612596705,104.42724471089282,0.5419450631031922,0.09502598366740905,9.0,14.0,"throughput_2,buffer_size_3,throughput_1,avg_p_latency_2,avg_p_latency_1,buffer_size_1,buffer_size_2,avg_p_latency_3,data_quality_1,cores_1,python_gc_objects_collected_total_4,data_quality_2,python_gc_objects_collected_total_5,throughput_3",,,1.075479454942979,0.5162020899588242,83.46101093199104,427.0,920.0,,,False,30,,0.017817371937639197,0.15219005196733482,0.25686711210096513,115.41375048269961,90.95039278012153,95.53430693948681
throughput_3,20,,mrmr,dbscan,aic,0.21306607275426875,0.07352623250423015,63.62673121077949,,,0.09502598366740905,0.04152576612596705,104.42724471089282,0.5419450631031922,0.09502598366740905,9.0,14.0,"throughput_2,buffer_size_3,throughput_1,avg_p_latency_2,avg_p_latency_1,buffer_size_1,buffer_size_2,avg_p_latency_3,data_quality_1,cores_1,python_gc_objects_collected_total_4,data_quality_2,python_gc_objects_collected_total_5,throughput_3",,,1.9799482800299302,1.0946591349784285,85.88362397206947,176.0,1171.0,,,False,30,,0.1989606533036377,0.15367483296213807,0.21306607275426875,63.42363745855451,73.82333285684382,63.62673121077949
throughput_3,20,2.0,pca,classic_uniform,bic,0.8351893095768375,0.7726698013679943,39.576540460282104,,,0.8351893095768375,0.7440674750474306,39.576540460282104,0.9628804751299184,0.8351893095768375,0.0,21.0,"pca_1,pca_2,pca_3,pca_4,pca_5,pca_6,pca_7,pca_8,pca_9,pca_10,pca_11,pca_12,pca_13,pca_14,pca_15,pca_16,pca_17,pca_18,pca_19,pca_20,throughput_3",,,3.675671488046646,1.5677333360072225,7.662581756943837,1051.0,296.0,,,False,30,,,,0.8351893095768375,,,39.576540460282104
throughput_3,20,3.0,pca,classic_uniform,bic,0.7290274684484038,0.6197225559211915,54.78914460117133,,,0.6993318485523385,0.5641388270230142,62.63314361131733,0.9198218262806236,0.6993318485523385,0.0,21.0,"pca_1,pca_2,pca_3,pca_4,pca_5,pca_6,pca_7,pca_8,pca_9,pca_10,pca_11,pca_12,pca_13,pca_14,pca_15,pca_16,pca_17,pca_18,pca_19,pca_20,throughput_3",,,3.8850794269237667,1.474413208081387,7.734666383941658,950.0,397.0,,,False,30,,,,0.7290274684484038,,,54.78914460117133
throughput_3,20,4.0,pca,classic_uniform,bic,0.5976243504083147,0.5491289477959693,59.721356099975246,,,0.4669636228656273,0.38632936016937497,91.6321702548874,0.8960653303637713,0.4669636228656273,0.0,21.0,"pca_1,pca_2,pca_3,pca_4,pca_5,pca_6,pca_7,pca_8,pca_9,pca_10,pca_11,pca_12,pca_13,pca_14,pca_15,pca_16,pca_17,pca_18,pca_19,pca_20,throughput_3",,,3.457236898946576,1.5077164870453998,7.4277303959243,821.0,526.0,,,False,30,,,,0.5976243504083147,,,59.721356099975246
throughput_3,20,5.0,pca,classic_uniform,bic,0.5167037861915368,0.4454309342417988,72.16479089334322,,,0.4446919079435783,0.33940677500068733,94.76976985894579,0.8975501113585747,0.4446919079435783,0.0,21.0,"pca_1,pca_2,pca_3,pca_4,pca_5,pca_6,pca_7,pca_8,pca_9,pca_10,pca_11,pca_12,pca_13,pca_14,pca_15,pca_16,pca_17,pca_18,pca_19,pca_20,throughput_3",,,2.981354514020495,1.3568766100797802,6.666673031984828,716.0,631.0,,,False,30,,,,0.5167037861915368,,,72.16479089334322
throughput_3,20,6.0,pca,classic_uniform,bic,0.42316258351893093,0.3945763790850191,69.11038521818033,,,0.2969561989606533,0.27455552805961125,104.94319887816549,0.8485523385300668,0.2969561989606533,0.0,21.0,"pca_1,pca_2,pca_3,pca_4,pca_5,pca_6,pca_7,pca_8,pca_9,pca_10,pca_11,pca_12,pca_13,pca_14,pca_15,pca_16,pca_17,pca_18,pca_19,pca_20,throughput_3",,,2.8747684420086443,1.4286491109523922,6.7123533700359985,703.0,644.0,,,False,30,,,,0.42316258351893093,,,69.11038521818033
throughput_3,20,8.0,pca,classic_uniform,bic,0.33184855233853006,0.25423648292120316,87.44276169265032,,,0.25315515961395696,0.2102098971651681,116.10009898539964,0.8418708240534521,0.25315515961395696,0.0,21.0,"pca_1,pca_2,pca_3,pca_4,pca_5,pca_6,pca_7,pca_8,pca_9,pca_10,pca_11,pca_12,pca_13,pca_14,pca_15,pca_16,pca_17,pca_18,pca_19,pca_20,throughput_3",,,2.1829005810432136,1.1264827609993517,5.483093710965477,546.0,801.0,,,False,30,,,,0.33184855233853006,,,87.44276169265032
throughput_3,20,2.0,pca,classic_uniform,aic,0.8277654046028211,0.7764475857889808,41.359267508042564,,,0.8351893095768375,0.7440674750474306,39.576540460282104,0.9628804751299184,0.8351893095768375,0.0,21.0,"pca_1,pca_2,pca_3,pca_4,pca_5,pca_6,pca_7,pca_8,pca_9,pca_10,pca_11,pca_12,pca_13,pca_14,pca_15,pca_16,pca_17,pca_18,pca_19,pca_20,throughput_3",,,5.1508683550637215,1.2842016740469262,8.509899263968691,1051.0,296.0,,,False,30,,,,0.8277654046028211,,,41.359267508042564
throughput_3,20,3.0,pca,classic_uniform,aic,0.7134372680029696,0.5326494052273659,60.137325744452696,,,0.6993318485523385,0.5641388270230142,62.63314361131733,0.9198218262806236,0.6993318485523385,0.0,21.0,"pca_1,pca_2,pca_3,pca_4,pca_5,pca_6,pca_7,pca_8,pca_9,pca_10,pca_11,pca_12,pca_13,pca_14,pca_15,pca_16,pca_17,pca_18,pca_19,pca_20,throughput_3",,,6.276596216019243,2.2453253290150315,11.621321507031098,950.0,397.0,,,False,30,,,,0.7134372680029696,,,60.137325744452696
throughput_3,20,4.0,pca,classic_uniform,aic,0.5003711952487008,0.37249071078313806,84.14471665429348,,,0.4669636228656273,0.38632936016937497,91.6321702548874,0.8960653303637713,0.4669636228656273,0.0,21.0,"pca_1,pca_2,pca_3,pca_4,pca_5,pca_6,pca_7,pca_8,pca_9,pca_10,pca_11,pca_12,pca_13,pca_14,pca_15,pca_16,pca_17,pca_18,pca_19,pca_20,throughput_3",,,10.886326555977575,2.9036647849716246,17.621489888988435,821.0,526.0,,,False,30,,,,0.5003711952487008,,,84.14471665429348
throughput_3,20,5.0,pca,classic_uniform,aic,0.5211581291759465,0.40367961539843483,68.81326404355359,,,0.4446919079435783,0.33940677500068733,94.76976985894579,0.8975501113585747,0.4446919079435783,0.0,21.0,"pca_1,pca_2,pca_3,pca_4,pca_5,pca_6,pca_7,pca_8,pca_9,pca_10,pca_11,pca_12,pca_13,pca_14,pca_15,pca_16,pca_17,pca_18,pca_19,pca_20,throughput_3",,,7.0673774890601635,1.825597173999995,11.744444445008412,716.0,631.0,,,False,30,,,,0.5211581291759465,,,68.81326404355359
throughput_3,20,6.0,pca,classic_uniform,aic,0.38752783964365256,0.35310057456621113,84.56068629877095,,,0.2969561989606533,0.27455552805961125,104.94319887816549,0.8485523385300668,0.2969561989606533,0.0,21.0,"pca_1,pca_2,pca_3,pca_4,pca_5,pca_6,pca_7,pca_8,pca_9,pca_10,pca_11,pca_12,pca_13,pca_14,pca_15,pca_16,pca_17,pca_18,pca_19,pca_20,throughput_3",,,6.540167324012145,2.301997891976498,12.106826008995995,703.0,644.0,,,False,30,,,,0.38752783964365256,,,84.56068629877095
throughput_3,20,8.0,pca,classic_uniform,aic,0.3370452858203415,0.2628946345269256,86.64053452115812,,,0.25315515961395696,0.2102098971651681,116.10009898539964,0.8418708240534521,0.25315515961395696,0.0,21.0,"pca_1,pca_2,pca_3,pca_4,pca_5,pca_6,pca_7,pca_8,pca_9,pca_10,pca_11,pca_12,pca_13,pca_14,pca_15,pca_16,pca_17,pca_18,pca_19,pca_20,throughput_3",,,4.013049922999926,1.2627496970817447,7.623935673036613,546.0,801.0,,,False,30,,,,0.3370452858203415,,,86.64053452115812
throughput_3,20,2.0,pca,classic_quantile,bic,0.6622123236822569,0.5791700547193182,81.11408067310072,,,0.43875278396436523,0.5,134.7741648106904,0.9547141796585004,0.5612472160356348,1.0,21.0,"pca_1,pca_2,pca_3,pca_4,pca_5,pca_6,pca_7,pca_8,pca_9,pca_10,pca_11,pca_12,pca_13,pca_14,pca_15,pca_16,pca_17,pca_18,pca_19,pca_20,throughput_3",,,3.520262449979782,2.1068842799868435,8.655165379983373,968.0,379.0,,,False,30,,,,0.6622123236822569,,,81.11408067310072
throughput_3,20,3.0,pca,classic_quantile,bic,0.5649591685226429,0.42824776947395193,73.52562072094368,,,0.3838158871566444,0.33338282603316005,101.79754598696694,0.9034892353377877,0.3838158871566444,1.0,21.0,"pca_1,pca_2,pca_3,pca_4,pca_5,pca_6,pca_7,pca_8,pca_9,pca_10,pca_11,pca_12,pca_13,pca_14,pca_15,pca_16,pca_17,pca_18,pca_19,pca_20,throughput_3",,,5.566218645893969,3.4750689700013027,13.471260437043384,787.0,560.0,,,False,30,,,,0.5649591685226429,,,73.52562072094368
throughput_3,20,4.0,pca,classic_quantile,bic,0.41276911655530807,0.35787384471613953,73.39399282355853,,,0.12694877505567928,0.24998178393686932,131.78745360059392,0.9079435783221975,0.12694877505567928,0.0,21.0,"pca_1,pca_2,pca_3,pca_4,pca_5,pca_6,pca_7,pca_8,pca_9,pca_10,pca_11,pca_12,pca_13,pca_14,pca_15,pca_16,pca_17,pca_18,pca_19,pca_20,throughput_3",,,4.003782912972383,1.364168499945663,7.659484443953261,628.0,719.0,,,False,30,,,,0.41276911655530807,,,73.39399282355853
throughput_3,20,5.0,pca,classic_quantile,bic,0.3414996288047513,0.3137582687713063,75.3650829002722,,,0.14996288047512993,0.20002942066045257,117.27908933432317,0.8626577579806979,0.14996288047512993,1.0,21.0,"pca_1,pca_2,pca_3,pca_4,pca_5,pca_6,pca_7,pca_8,pca_9,pca_10,pca_11,pca_12,pca_13,pca_14,pca_15,pca_16,pca_17,pca_18,pca_19,pca_20,throughput_3",,,4.1405115550151095,2.2581071460153908,9.67653053603135,508.0,839.0,,,False,30,,,,0.3414996288047513,,,75.3650829002722
throughput_3,20,6.0,pca,classic_quantile,bic,0.3021529324424647,0.21077149998483274,84.06805246226182,,,0.19970304380103934,0.1666703786191537,201.82587230883442,0.8596881959910914,0.19970304380103934,5.0,21.0,"pca_1,pca_2,pca_3,pca_4,pca_5,pca_6,pca_7,pca_8,pca_9,pca_10,pca_11,pca_12,pca_13,pca_14,pca_15,pca_16,pca_17,pca_18,pca_19,pca_20,throughput_3",,,3.39221009099856,1.7108823630260304,7.935529553913511,430.0,917.0,,,False,30,,,,0.3021529324424647,,,84.06805246226182
throughput_3,20,8.0,pca,classic_quantile,bic,0.2479584261321455,0.20795238035142036,68.82783655035881,,,0.15293244246473645,0.12515339299953257,91.66214736451374,0.8433556050482554,0.15293244246473645,5.0,21.0,"pca_1,pca_2,pca_3,pca_4,pca_5,pca_6,pca_7,pca_8,pca_9,pca_10,pca_11,pca_12,pca_13,pca_14,pca_15,pca_16,pca_17,pca_18,pca_19,pca_20,throughput_3",,,4.0683724590344355,1.6052472610026598,8.468259684043005,278.0,1069.0,,,False,30,,,,0.2479584261321455,,,68.82783655035881
throughput_3,20,2.0,pca,classic_quantile,aic,0.6785449146250928,0.6244198543292258,77.19208116802771,,,0.43875278396436523,0.5,134.7741648106904,0.9547141796585004,0.5612472160356348,1.0,21.0,"pca_1,pca_2,pca_3,pca_4,pca_5,pca_6,pca_7,pca_8,pca_9,pca_10,pca_11,pca_12,pca_13,pca_14,pca_15,pca_16,pca_17,pca_18,pca_19,pca_20,throughput_3",,,4.474091960932128,2.432839296059683,10.17977858404629,968.0,379.0,,,False,30,,,,0.6785449146250928,,,77.19208116802771
throughput_3,20,3.0,pca,classic_quantile,aic,0.5545657015590201,0.41932477755802744,73.26789573537904,,,0.3838158871566444,0.33338282603316005,101.79754598696694,0.9034892353377877,0.3838158871566444,1.0,21.0,"pca_1,pca_2,pca_3,pca_4,pca_5,pca_6,pca_7,pca_8,pca_9,pca_10,pca_11,pca_12,pca_13,pca_14,pca_15,pca_16,pca_17,pca_18,pca_19,pca_20,throughput_3",,,6.9557037350023165,4.840808577020653,17.620530599029735,787.0,560.0,,,False,30,,,,0.5545657015590201,,,73.26789573537904
throughput_3,20,4.0,pca,classic_quantile,aic,0.3526354862657758,0.2611269009308782,89.4923162583519,,,0.12694877505567928,0.24998178393686932,131.78745360059392,0.9079435783221975,0.12694877505567928,0.0,21.0,"pca_1,pca_2,pca_3,pca_4,pca_5,pca_6,pca_7,pca_8,pca_9,pca_10,pca_11,pca_12,pca_13,pca_14,pca_15,pca_16,pca_17,pca_18,pca_19,pca_20,throughput_3",,,18.968200828996487,46.11920465598814,112.20667426590808,628.0,719.0,,,False,30,,,,0.3526354862657758,,,89.4923162583519
throughput_3,20,5.0,pca,classic_quantile,aic,0.325909428359317,0.22175311026696165,75.10360059391239,,,0.14996288047512993,0.20002942066045257,117.27908933432317,0.8626577579806979,0.14996288047512993,1.0,21.0,"pca_1,pca_2,pca_3,pca_4,pca_5,pca_6,pca_7,pca_8,pca_9,pca_10,pca_11,pca_12,pca_13,pca_14,pca_15,pca_16,pca_17,pca_18,pca_19,pca_20,throughput_3",,,17.81004493799992,3.4628645660122856,25.78443549806252,508.0,839.0,,,False,30,,,,0.325909428359317,,,75.10360059391239
throughput_3,20,6.0,pca,classic_quantile,aic,0.3207126948775056,0.18329957632277605,71.29324837086531,,,0.19970304380103934,0.1666703786191537,201.82587230883442,0.8596881959910914,0.19970304380103934,5.0,21.0,"pca_1,pca_2,pca_3,pca_4,pca_5,pca_6,pca_7,pca_8,pca_9,pca_10,pca_11,pca_12,pca_13,pca_14,pca_15,pca_16,pca_17,pca_18,pca_19,pca_20,throughput_3",,,15.229590515955351,20.282145898905583,56.905849008006044,430.0,917.0,,,False,30,,,,0.3207126948775056,,,71.29324837086531
throughput_3,20,8.0,pca,classic_quantile,aic,0.17965850037119524,0.1589265757860135,85.25747649096758,,,0.15293244246473645,0.12515339299953257,91.66214736451374,0.8433556050482554,0.15293244246473645,5.0,21.0,"pca_1,pca_2,pca_3,pca_4,pca_5,pca_6,pca_7,pca_8,pca_9,pca_10,pca_11,pca_12,pca_13,pca_14,pca_15,pca_16,pca_17,pca_18,pca_19,pca_20,throughput_3",,,14.013274164986797,1.9569315270055085,19.089601521031,278.0,1069.0,,,False,30,,,,0.17965850037119524,,,85.25747649096758
throughput_3,20,2.0,pca,kmeans,bic,0.7498144023756496,0.6891022655769694,60.07790150952734,,,0.7453600593912398,0.6481247765954522,61.14753773818362,0.9510022271714922,0.7453600593912398,0.0,21.0,"pca_1,pca_2,pca_3,pca_4,pca_5,pca_6,pca_7,pca_8,pca_9,pca_10,pca_11,pca_12,pca_13,pca_14,pca_15,pca_16,pca_17,pca_18,pca_19,pca_20,throughput_3",,,3.6903167449636385,1.8700843430124223,8.37094373605214,1004.0,343.0,,,False,30,,,,0.7498144023756496,,,60.07790150952734
throughput_3,20,3.0,pca,kmeans,bic,0.5642167780252413,0.4605508808213721,72.39199089562142,,,0.44988864142538976,0.39978250708020563,99.84776367013497,0.9265033407572383,0.44988864142538976,0.0,21.0,"pca_1,pca_2,pca_3,pca_4,pca_5,pca_6,pca_7,pca_8,pca_9,pca_10,pca_11,pca_12,pca_13,pca_14,pca_15,pca_16,pca_17,pca_18,pca_19,pca_20,throughput_3",,,3.9740235240897164,2.281840246054344,9.530146287987009,851.0,496.0,,,False,30,,,,0.5642167780252413,,,72.39199089562142
throughput_3,20,4.0,pca,kmeans,bic,0.579064587973274,0.49045275330649285,62.66648786447566,,,0.44766146993318484,0.3743557012840606,94.73243681950947,0.9161098737936154,0.44766146993318484,0.0,21.0,"pca_1,pca_2,pca_3,pca_4,pca_5,pca_6,pca_7,pca_8,pca_9,pca_10,pca_11,pca_12,pca_13,pca_14,pca_15,pca_16,pca_17,pca_18,pca_19,pca_20,throughput_3",,,3.7102379219140857,1.7324114529183134,8.216444981982931,734.0,613.0,,,False,30,,,,0.579064587973274,,,62.66648786447566
throughput_3,20,5.0,pca,kmeans,bic,0.47141796585003715,0.41110158109676204,69.45058366648928,,,0.2858203414996288,0.2754892903296764,107.99846471377408,0.8804751299183371,0.2858203414996288,0.0,21.0,"pca_1,pca_2,pca_3,pca_4,pca_5,pca_6,pca_7,pca_8,pca_9,pca_10,pca_11,pca_12,pca_13,pca_14,pca_15,pca_16,pca_17,pca_18,pca_19,pca_20,throughput_3",,,2.9964980978984386,1.0800614110194147,6.264251854969189,640.0,707.0,,,False,30,,,,0.47141796585003715,,,69.45058366648928
throughput_3,20,6.0,pca,kmeans,bic,0.3489235337787676,0.25002367539046505,92.55788736805926,,,0.25092798812175204,0.21759451730869697,117.70653090533956,0.8775055679287305,0.25092798812175204,0.0,21.0,"pca_1,pca_2,pca_3,pca_4,pca_5,pca_6,pca_7,pca_8,pca_9,pca_10,pca_11,pca_12,pca_13,pca_14,pca_15,pca_16,pca_17,pca_18,pca_19,pca_20,throughput_3",,,3.067258925992064,1.23785842792131,6.6628863220103085,537.0,810.0,,,False,30,,,,0.3489235337787676,,,92.55788736805926
throughput_3,20,8.0,pca,kmeans,bic,0.3192279138827023,0.2548173953087696,87.40705595769624,,,0.25092798812175204,0.20486496054331985,114.85640908517944,0.8678544914625093,0.25092798812175204,0.0,21.0,"pca_1,pca_2,pca_3,pca_4,pca_5,pca_6,pca_7,pca_8,pca_9,pca_10,pca_11,pca_12,pca_13,pca_14,pca_15,pca_16,pca_17,pca_18,pca_19,pca_20,throughput_3",,,3.00525426492095,1.4342489469563589,7.084140149992891,425.0,922.0,,,False,30,,,,0.3192279138827023,,,87.40705595769624
throughput_3,20,2.0,pca,kmeans,aic,0.7141796585003712,0.6242128457135078,68.63499133877752,,,0.7453600593912398,0.6481247765954522,61.14753773818362,0.9510022271714922,0.7453600593912398,0.0,21.0,"pca_1,pca_2,pca_3,pca_4,pca_5,pca_6,pca_7,pca_8,pca_9,pca_10,pca_11,pca_12,pca_13,pca_14,pca_15,pca_16,pca_17,pca_18,pca_19,pca_20,throughput_3",,,4.503270220011473,2.1420547580346465,9.701856116997078,1004.0,343.0,,,False,30,,,,0.7141796585003712,,,68.63499133877752
throughput_3,20,3.0,pca,kmeans,aic,0.5835189309576837,0.39562125836287326,67.77112287704053,,,0.44988864142538976,0.39978250708020563,99.84776367013497,0.9265033407572383,0.44988864142538976,0.0,21.0,"pca_1,pca_2,pca_3,pca_4,pca_5,pca_6,pca_7,pca_8,pca_9,pca_10,pca_11,pca_12,pca_13,pca_14,pca_15,pca_16,pca_17,pca_18,pca_19,pca_20,throughput_3",,,6.621829647920094,2.812751777935773,13.158289753017016,851.0,496.0,,,False,30,,,,0.5835189309576837,,,67.77112287704053
throughput_3,20,4.0,pca,kmeans,aic,0.5085374907201188,0.2828153923906512,77.02176328301893,,,0.44766146993318484,0.3743557012840606,94.73243681950947,0.9161098737936154,0.44766146993318484,0.0,21.0,"pca_1,pca_2,pca_3,pca_4,pca_5,pca_6,pca_7,pca_8,pca_9,pca_10,pca_11,pca_12,pca_13,pca_14,pca_15,pca_16,pca_17,pca_18,pca_19,pca_20,throughput_3",,,13.846077403984964,6.372657421976328,27.63811387703754,734.0,613.0,,,False,30,,,,0.5085374907201188,,,77.02176328301893
throughput_3,20,5.0,pca,kmeans,aic,0.37787676317743135,0.24610669546081348,77.91681559813273,,,0.2858203414996288,0.2754892903296764,107.99846471377408,0.8804751299183371,0.2858203414996288,0.0,21.0,"pca_1,pca_2,pca_3,pca_4,pca_5,pca_6,pca_7,pca_8,pca_9,pca_10,pca_11,pca_12,pca_13,pca_14,pca_15,pca_16,pca_17,pca_18,pca_19,pca_20,throughput_3",,,6.6679749249015,2.1645115489372984,12.083348656073213,640.0,707.0,,,False,30,,,,0.37787676317743135,,,77.91681559813273
throughput_3,20,6.0,pca,kmeans,aic,0.392724573125464,0.27413706838660074,76.96895179670321,,,0.25092798812175204,0.21759451730869697,117.70653090533958,0.8775055679287305,0.25092798812175204,0.0,21.0,"pca_1,pca_2,pca_3,pca_4,pca_5,pca_6,pca_7,pca_8,pca_9,pca_10,pca_11,pca_12,pca_13,pca_14,pca_15,pca_16,pca_17,pca_18,pca_19,pca_20,throughput_3",,,10.124775529024191,1.599630819982849,14.500137910945341,537.0,810.0,,,False,30,,,,0.392724573125464,,,76.96895179670321
throughput_3,20,8.0,pca,kmeans,aic,0.36005939123979214,0.2925720016262058,79.28466114338025,,,0.25092798812175204,0.20486496054331985,114.85640908517944,0.8678544914625093,0.25092798812175204,0.0,21.0,"pca_1,pca_2,pca_3,pca_4,pca_5,pca_6,pca_7,pca_8,pca_9,pca_10,pca_11,pca_12,pca_13,pca_14,pca_15,pca_16,pca_17,pca_18,pca_19,pca_20,throughput_3",,,4.456346097984351,2.2570022619329393,10.18244904500898,425.0,922.0,,,False,30,,,,0.36005939123979214,,,79.28466114338025
throughput_3,20,,pca,dbscan,bic,,,,,,,,,,,,,,,,,,0.580789880012162,,,,,False,30,The node throughput_3_t1 is not in the digraph.,,,,,,
throughput_3,20,,pca,dbscan,aic,0.1588715664439495,0.04975517942772453,87.66772572482154,,,0.09502598366740905,0.04152576612596704,104.42724471089282,0.5419450631031922,0.09502598366740905,9.0,7.0,"pca_15,pca_16,pca_17,pca_18,pca_19,pca_20,throughput_3",,,0.28296158206649125,0.3531436149496585,1.5322170769795775,247.0,1100.0,,,False,30,,,,0.1588715664439495,,,87.66772572482154
