metric,labels,timestamp,value
"container_fs_usage_bytes","__name__=container_fs_usage_bytes;device=/dev;id=/;instance=cadvisor:8080;job=iot_service","2025-11-03T15:22:08Z","0"
"container_fs_usage_bytes","__name__=container_fs_usage_bytes;device=/dev;id=/;instance=cadvisor:8080;job=iot_service","2025-11-03T15:22:23Z","0"
"container_fs_usage_bytes","__name__=container_fs_usage_bytes;device=/dev;id=/;instance=cadvisor:8080;job=iot_service","2025-11-03T15:22:38Z","0"
"container_fs_usage_bytes","__name__=container_fs_usage_bytes;device=/dev;id=/;instance=cadvisor:8080;job=iot_service","2025-11-03T15:22:53Z","0"
"container_fs_usage_bytes","__name__=container_fs_usage_bytes;device=/dev;id=/;instance=cadvisor:8080;job=iot_service","2025-11-03T15:23:08Z","0"
"container_fs_usage_bytes","__name__=container_fs_usage_bytes;device=/dev;id=/;instance=cadvisor:8080;job=iot_service","2025-11-03T15:23:23Z","0"
"container_fs_usage_bytes","__name__=container_fs_usage_bytes;device=/dev;id=/;instance=cadvisor:8080;job=iot_service","2025-11-03T15:23:38Z","0"
"container_fs_usage_bytes","__name__=container_fs_usage_bytes;device=/dev;id=/;instance=cadvisor:8080;job=iot_service","2025-11-03T15:23:53Z","0"
"container_fs_usage_bytes","__name__=container_fs_usage_bytes;device=/dev;id=/;instance=cadvisor:8080;job=iot_service","2025-11-03T15:24:08Z","0"
"container_fs_usage_bytes","__name__=container_fs_usage_bytes;device=/dev;id=/;instance=cadvisor:8080;job=iot_service","2025-11-03T15:24:23Z","0"
"container_fs_usage_bytes","__name__=container_fs_usage_bytes;device=/dev;id=/;instance=cadvisor:8080;job=iot_service","2025-11-03T15:24:38Z","0"
"container_fs_usage_bytes","__name__=container_fs_usage_bytes;device=/dev;id=/;instance=cadvisor:8080;job=iot_service","2025-11-03T15:24:53Z","0"
"container_fs_usage_bytes","__name__=container_fs_usage_bytes;device=/dev;id=/;instance=cadvisor:8080;job=iot_service","2025-11-03T15:25:08Z","0"
"container_fs_usage_bytes","__name__=container_fs_usage_bytes;device=/dev;id=/;instance=cadvisor:8080;job=iot_service","2025-11-03T15:25:23Z","0"
"container_fs_usage_bytes","__name__=container_fs_usage_bytes;device=/dev;id=/;instance=cadvisor:8080;job=iot_service","2025-11-03T15:25:38Z","0"
"container_fs_usage_bytes","__name__=container_fs_usage_bytes;device=/dev;id=/;instance=cadvisor:8080;job=iot_service","2025-11-03T15:25:53Z","0"
"container_fs_usage_bytes","__name__=container_fs_usage_bytes;device=/dev;id=/;instance=cadvisor:8080;job=iot_service","2025-11-03T15:26:08Z","0"
"container_fs_usage_bytes","__name__=container_fs_usage_bytes;device=/dev;id=/;instance=cadvisor:8080;job=iot_service","2025-11-03T15:26:23Z","0"
"container_fs_usage_bytes","__name__=container_fs_usage_bytes;device=/dev;id=/;instance=cadvisor:8080;job=iot_service","2025-11-03T15:26:38Z","0"
"container_fs_usage_bytes","__name__=container_fs_usage_bytes;device=/dev;id=/;instance=cadvisor:8080;job=iot_service","2025-11-03T15:26:53Z","0"
"container_fs_usage_bytes","__name__=container_fs_usage_bytes;device=/dev;id=/;instance=cadvisor:8080;job=iot_service","2025-11-03T15:27:08Z","0"
"container_fs_usage_bytes","__name__=container_fs_usage_bytes;device=/dev;id=/;instance=cadvisor:8080;job=iot_service","2025-11-03T15:27:23Z","0"
"container_fs_usage_bytes","__name__=container_fs_usage_bytes;device=/dev;id=/;instance=cadvisor:8080;job=iot_service","2025-11-03T15:27:38Z","0"
"container_fs_usage_bytes","__name__=container_fs_usage_bytes;device=/dev;id=/;instance=cadvisor:8080;job=iot_service","2025-11-03T15:27:53Z","0"
"container_fs_usage_bytes","__name__=container_fs_usage_bytes;device=/dev;id=/;instance=cadvisor:8080;job=iot_service","2025-11-03T15:28:08Z","0"
"container_fs_usage_bytes","__name__=container_fs_usage_bytes;device=/dev;id=/;instance=cadvisor:8080;job=iot_service","2025-11-03T15:28:23Z","0"
"container_fs_usage_bytes","__name__=container_fs_usage_bytes;device=/dev;id=/;instance=cadvisor:8080;job=iot_service","2025-11-03T15:28:38Z","0"
"container_fs_usage_bytes","__name__=container_fs_usage_bytes;device=/dev;id=/;instance=cadvisor:8080;job=iot_service","2025-11-03T15:28:53Z","0"
"container_fs_usage_bytes","__name__=container_fs_usage_bytes;device=/dev;id=/;instance=cadvisor:8080;job=iot_service","2025-11-03T15:29:08Z","0"
"container_fs_usage_bytes","__name__=container_fs_usage_bytes;device=/dev/shm;id=/;instance=cadvisor:8080;job=iot_service","2025-11-03T15:22:08Z","0"
"container_fs_usage_bytes","__name__=container_fs_usage_bytes;device=/dev/shm;id=/;instance=cadvisor:8080;job=iot_service","2025-11-03T15:22:23Z","0"
"container_fs_usage_bytes","__name__=container_fs_usage_bytes;device=/dev/shm;id=/;instance=cadvisor:8080;job=iot_service","2025-11-03T15:22:38Z","0"
"container_fs_usage_bytes","__name__=container_fs_usage_bytes;device=/dev/shm;id=/;instance=cadvisor:8080;job=iot_service","2025-11-03T15:22:53Z","0"
"container_fs_usage_bytes","__name__=container_fs_usage_bytes;device=/dev/shm;id=/;instance=cadvisor:8080;job=iot_service","2025-11-03T15:23:08Z","0"
"container_fs_usage_bytes","__name__=container_fs_usage_bytes;device=/dev/shm;id=/;instance=cadvisor:8080;job=iot_service","2025-11-03T15:23:23Z","0"
"container_fs_usage_bytes","__name__=container_fs_usage_bytes;device=/dev/shm;id=/;instance=cadvisor:8080;job=iot_service","2025-11-03T15:23:38Z","0"
"container_fs_usage_bytes","__name__=container_fs_usage_bytes;device=/dev/shm;id=/;instance=cadvisor:8080;job=iot_service","2025-11-03T15:23:53Z","0"
"container_fs_usage_bytes","__name__=container_fs_usage_bytes;device=/dev/shm;id=/;instance=cadvisor:8080;job=iot_service","2025-11-03T15:24:08Z","0"
"container_fs_usage_bytes","__name__=container_fs_usage_bytes;device=/dev/shm;id=/;instance=cadvisor:8080;job=iot_service","2025-11-03T15:24:23Z","0"
"container_fs_usage_bytes","__name__=container_fs_usage_bytes;device=/dev/shm;id=/;instance=cadvisor:8080;job=iot_service","2025-11-03T15:24:38Z","0"
"container_fs_usage_bytes","__name__=container_fs_usage_bytes;device=/dev/shm;id=/;instance=cadvisor:8080;job=iot_service","2025-11-03T15:24:53Z","0"
"container_fs_usage_bytes","__name__=container_fs_usage_bytes;device=/dev/shm;id=/;instance=cadvisor:8080;job=iot_service","2025-11-03T15:25:08Z","0"
"container_fs_usage_bytes","__name__=container_fs_usage_bytes;device=/dev/shm;id=/;instance=cadvisor:8080;job=iot_service","2025-11-03T15:25:23Z","0"
"container_fs_usage_bytes","__name__=container_fs_usage_bytes;device=/dev/shm;id=/;instance=cadvisor:8080;job=iot_service","2025-11-03T15:25:38Z","0"
"container_fs_usage_bytes","__name__=container_fs_usage_bytes;device=/dev/shm;id=/;instance=cadvisor:8080;job=iot_service","2025-11-03T15:25:53Z","0"
"container_fs_usage_bytes","__name__=container_fs_usage_bytes;device=/dev/shm;id=/;instance=cadvisor:8080;job=iot_service","2025-11-03T15:26:08Z","0"
"container_fs_usage_bytes","__name__=container_fs_usage_bytes;device=/dev/shm;id=/;instance=cadvisor:8080;job=iot_service","2025-11-03T15:26:23Z","0"
"container_fs_usage_bytes","__name__=container_fs_usage_bytes;device=/dev/shm;id=/;instance=cadvisor:8080;job=iot_service","2025-11-03T15:26:38Z","0"
"container_fs_usage_bytes","__name__=container_fs_usage_bytes;device=/dev/shm;id=/;instance=cadvisor:8080;job=iot_service","2025-11-03T15:26:53Z","0"
"container_fs_usage_bytes","__name__=container_fs_usage_bytes;device=/dev/shm;id=/;instance=cadvisor:8080;job=iot_service","2025-11-03T15:27:08Z","0"
"container_fs_usage_bytes","__name__=container_fs_usage_bytes;device=/dev/shm;id=/;instance=cadvisor:8080;job=iot_service","2025-11-03T15:27:23Z","0"
"container_fs_usage_bytes","__name__=container_fs_usage_bytes;device=/dev/shm;id=/;instance=cadvisor:8080;job=iot_service","2025-11-03T15:27:38Z","0"
"container_fs_usage_bytes","__name__=container_fs_usage_bytes;device=/dev/shm;id=/;instance=cadvisor:8080;job=iot_service","2025-11-03T15:27:53Z","0"
"container_fs_usage_bytes","__name__=container_fs_usage_bytes;device=/dev/shm;id=/;instance=cadvisor:8080;job=iot_service","2025-11-03T15:28:08Z","0"
"container_fs_usage_bytes","__name__=container_fs_usage_bytes;device=/dev/shm;id=/;instance=cadvisor:8080;job=iot_service","2025-11-03T15:28:23Z","0"
"container_fs_usage_bytes","__name__=container_fs_usage_bytes;device=/dev/shm;id=/;instance=cadvisor:8080;job=iot_service","2025-11-03T15:28:38Z","0"
"container_fs_usage_bytes","__name__=container_fs_usage_bytes;device=/dev/shm;id=/;instance=cadvisor:8080;job=iot_service","2025-11-03T15:28:53Z","0"
"container_fs_usage_bytes","__name__=container_fs_usage_bytes;device=/dev/shm;id=/;instance=cadvisor:8080;job=iot_service","2025-11-03T15:29:08Z","0"
"container_fs_usage_bytes","__name__=container_fs_usage_bytes;device=/dev/vda1;id=/;instance=cadvisor:8080;job=iot_service","2025-11-03T15:22:08Z","26532413440"
"container_fs_usage_bytes","__name__=container_fs_usage_bytes;device=/dev/vda1;id=/;instance=cadvisor:8080;job=iot_service","2025-11-03T15:22:23Z","26532745216"
"container_fs_usage_bytes","__name__=container_fs_usage_bytes;device=/dev/vda1;id=/;instance=cadvisor:8080;job=iot_service","2025-11-03T15:22:38Z","26533060608"
"container_fs_usage_bytes","__name__=container_fs_usage_bytes;device=/dev/vda1;id=/;instance=cadvisor:8080;job=iot_service","2025-11-03T15:22:53Z","26533380096"
"container_fs_usage_bytes","__name__=container_fs_usage_bytes;device=/dev/vda1;id=/;instance=cadvisor:8080;job=iot_service","2025-11-03T15:23:08Z","26533687296"
"container_fs_usage_bytes","__name__=container_fs_usage_bytes;device=/dev/vda1;id=/;instance=cadvisor:8080;job=iot_service","2025-11-03T15:23:23Z","26534027264"
"container_fs_usage_bytes","__name__=container_fs_usage_bytes;device=/dev/vda1;id=/;instance=cadvisor:8080;job=iot_service","2025-11-03T15:23:38Z","26534354944"
"container_fs_usage_bytes","__name__=container_fs_usage_bytes;device=/dev/vda1;id=/;instance=cadvisor:8080;job=iot_service","2025-11-03T15:23:53Z","26534674432"
"container_fs_usage_bytes","__name__=container_fs_usage_bytes;device=/dev/vda1;id=/;instance=cadvisor:8080;job=iot_service","2025-11-03T15:24:08Z","26534998016"
"container_fs_usage_bytes","__name__=container_fs_usage_bytes;device=/dev/vda1;id=/;instance=cadvisor:8080;job=iot_service","2025-11-03T15:24:23Z","26535301120"
"container_fs_usage_bytes","__name__=container_fs_usage_bytes;device=/dev/vda1;id=/;instance=cadvisor:8080;job=iot_service","2025-11-03T15:24:38Z","26535608320"
"container_fs_usage_bytes","__name__=container_fs_usage_bytes;device=/dev/vda1;id=/;instance=cadvisor:8080;job=iot_service","2025-11-03T15:24:53Z","26535952384"
"container_fs_usage_bytes","__name__=container_fs_usage_bytes;device=/dev/vda1;id=/;instance=cadvisor:8080;job=iot_service","2025-11-03T15:25:08Z","26536259584"
"container_fs_usage_bytes","__name__=container_fs_usage_bytes;device=/dev/vda1;id=/;instance=cadvisor:8080;job=iot_service","2025-11-03T15:25:23Z","26536574976"
"container_fs_usage_bytes","__name__=container_fs_usage_bytes;device=/dev/vda1;id=/;instance=cadvisor:8080;job=iot_service","2025-11-03T15:25:38Z","26536914944"
"container_fs_usage_bytes","__name__=container_fs_usage_bytes;device=/dev/vda1;id=/;instance=cadvisor:8080;job=iot_service","2025-11-03T15:25:53Z","26537242624"
"container_fs_usage_bytes","__name__=container_fs_usage_bytes;device=/dev/vda1;id=/;instance=cadvisor:8080;job=iot_service","2025-11-03T15:26:08Z","26537533440"
"container_fs_usage_bytes","__name__=container_fs_usage_bytes;device=/dev/vda1;id=/;instance=cadvisor:8080;job=iot_service","2025-11-03T15:26:23Z","26537840640"
"container_fs_usage_bytes","__name__=container_fs_usage_bytes;device=/dev/vda1;id=/;instance=cadvisor:8080;job=iot_service","2025-11-03T15:26:38Z","26538176512"
"container_fs_usage_bytes","__name__=container_fs_usage_bytes;device=/dev/vda1;id=/;instance=cadvisor:8080;job=iot_service","2025-11-03T15:26:53Z","26538504192"
"container_fs_usage_bytes","__name__=container_fs_usage_bytes;device=/dev/vda1;id=/;instance=cadvisor:8080;job=iot_service","2025-11-03T15:27:08Z","26538811392"
"container_fs_usage_bytes","__name__=container_fs_usage_bytes;device=/dev/vda1;id=/;instance=cadvisor:8080;job=iot_service","2025-11-03T15:27:23Z","26539134976"
"container_fs_usage_bytes","__name__=container_fs_usage_bytes;device=/dev/vda1;id=/;instance=cadvisor:8080;job=iot_service","2025-11-03T15:27:38Z","26539442176"
"container_fs_usage_bytes","__name__=container_fs_usage_bytes;device=/dev/vda1;id=/;instance=cadvisor:8080;job=iot_service","2025-11-03T15:27:53Z","26539765760"
"container_fs_usage_bytes","__name__=container_fs_usage_bytes;device=/dev/vda1;id=/;instance=cadvisor:8080;job=iot_service","2025-11-03T15:28:08Z","26540097536"
"container_fs_usage_bytes","__name__=container_fs_usage_bytes;device=/dev/vda1;id=/;instance=cadvisor:8080;job=iot_service","2025-11-03T15:28:23Z","26540421120"
"container_fs_usage_bytes","__name__=container_fs_usage_bytes;device=/dev/vda1;id=/;instance=cadvisor:8080;job=iot_service","2025-11-03T15:28:38Z","26540744704"
"container_fs_usage_bytes","__name__=container_fs_usage_bytes;device=/dev/vda1;id=/;instance=cadvisor:8080;job=iot_service","2025-11-03T15:28:53Z","26541047808"
"container_fs_usage_bytes","__name__=container_fs_usage_bytes;device=/dev/vda1;id=/;instance=cadvisor:8080;job=iot_service","2025-11-03T15:29:08Z","26541383680"
"container_fs_usage_bytes","__name__=container_fs_usage_bytes;device=/proc/interrupts;id=/;instance=cadvisor:8080;job=iot_service","2025-11-03T15:22:08Z","0"
"container_fs_usage_bytes","__name__=container_fs_usage_bytes;device=/proc/interrupts;id=/;instance=cadvisor:8080;job=iot_service","2025-11-03T15:22:23Z","0"
"container_fs_usage_bytes","__name__=container_fs_usage_bytes;device=/proc/interrupts;id=/;instance=cadvisor:8080;job=iot_service","2025-11-03T15:22:38Z","0"
"container_fs_usage_bytes","__name__=container_fs_usage_bytes;device=/proc/interrupts;id=/;instance=cadvisor:8080;job=iot_service","2025-11-03T15:22:53Z","0"
"container_fs_usage_bytes","__name__=container_fs_usage_bytes;device=/proc/interrupts;id=/;instance=cadvisor:8080;job=iot_service","2025-11-03T15:23:08Z","0"
"container_fs_usage_bytes","__name__=container_fs_usage_bytes;device=/proc/interrupts;id=/;instance=cadvisor:8080;job=iot_service","2025-11-03T15:23:23Z","0"
"container_fs_usage_bytes","__name__=container_fs_usage_bytes;device=/proc/interrupts;id=/;instance=cadvisor:8080;job=iot_service","2025-11-03T15:23:38Z","0"
"container_fs_usage_bytes","__name__=container_fs_usage_bytes;device=/proc/interrupts;id=/;instance=cadvisor:8080;job=iot_service","2025-11-03T15:23:53Z","0"
"container_fs_usage_bytes","__name__=container_fs_usage_bytes;device=/proc/interrupts;id=/;instance=cadvisor:8080;job=iot_service","2025-11-03T15:24:08Z","0"
"container_fs_usage_bytes","__name__=container_fs_usage_bytes;device=/proc/interrupts;id=/;instance=cadvisor:8080;job=iot_service","2025-11-03T15:24:23Z","0"
"container_fs_usage_bytes","__name__=container_fs_usage_bytes;device=/proc/interrupts;id=/;instance=cadvisor:8080;job=iot_service","2025-11-03T15:24:38Z","0"
"container_fs_usage_bytes","__name__=container_fs_usage_bytes;device=/proc/interrupts;id=/;instance=cadvisor:8080;job=iot_service","2025-11-03T15:24:53Z","0"
"container_fs_usage_bytes","__name__=container_fs_usage_bytes;device=/proc/interrupts;id=/;instance=cadvisor:8080;job=iot_service","2025-11-03T15:25:08Z","0"
"container_fs_usage_bytes","__name__=container_fs_usage_bytes;device=/proc/interrupts;id=/;instance=cadvisor:8080;job=iot_service","2025-11-03T15:25:23Z","0"
"container_fs_usage_bytes","__name__=container_fs_usage_bytes;device=/proc/interrupts;id=/;instance=cadvisor:8080;job=iot_service","2025-11-03T15:25:38Z","0"
"container_fs_usage_bytes","__name__=container_fs_usage_bytes;device=/proc/interrupts;id=/;instance=cadvisor:8080;job=iot_service","2025-11-03T15:25:53Z","0"
"container_fs_usage_bytes","__name__=container_fs_usage_bytes;device=/proc/interrupts;id=/;instance=cadvisor:8080;job=iot_service","2025-11-03T15:26:08Z","0"
"container_fs_usage_bytes","__name__=container_fs_usage_bytes;device=/proc/interrupts;id=/;instance=cadvisor:8080;job=iot_service","2025-11-03T15:26:23Z","0"
"container_fs_usage_bytes","__name__=container_fs_usage_bytes;device=/proc/interrupts;id=/;instance=cadvisor:8080;job=iot_service","2025-11-03T15:26:38Z","0"
"container_fs_usage_bytes","__name__=container_fs_usage_bytes;device=/proc/interrupts;id=/;instance=cadvisor:8080;job=iot_service","2025-11-03T15:26:53Z","0"
"container_fs_usage_bytes","__name__=container_fs_usage_bytes;device=/proc/interrupts;id=/;instance=cadvisor:8080;job=iot_service","2025-11-03T15:27:08Z","0"
"container_fs_usage_bytes","__name__=container_fs_usage_bytes;device=/proc/interrupts;id=/;instance=cadvisor:8080;job=iot_service","2025-11-03T15:27:23Z","0"
"container_fs_usage_bytes","__name__=container_fs_usage_bytes;device=/proc/interrupts;id=/;instance=cadvisor:8080;job=iot_service","2025-11-03T15:27:38Z","0"
"container_fs_usage_bytes","__name__=container_fs_usage_bytes;device=/proc/interrupts;id=/;instance=cadvisor:8080;job=iot_service","2025-11-03T15:27:53Z","0"
"container_fs_usage_bytes","__name__=container_fs_usage_bytes;device=/proc/interrupts;id=/;instance=cadvisor:8080;job=iot_service","2025-11-03T15:28:08Z","0"
"container_fs_usage_bytes","__name__=container_fs_usage_bytes;device=/proc/interrupts;id=/;instance=cadvisor:8080;job=iot_service","2025-11-03T15:28:23Z","0"
"container_fs_usage_bytes","__name__=container_fs_usage_bytes;device=/proc/interrupts;id=/;instance=cadvisor:8080;job=iot_service","2025-11-03T15:28:38Z","0"
"container_fs_usage_bytes","__name__=container_fs_usage_bytes;device=/proc/interrupts;id=/;instance=cadvisor:8080;job=iot_service","2025-11-03T15:28:53Z","0"
"container_fs_usage_bytes","__name__=container_fs_usage_bytes;device=/proc/interrupts;id=/;instance=cadvisor:8080;job=iot_service","2025-11-03T15:29:08Z","0"
"container_fs_usage_bytes","__name__=container_fs_usage_bytes;device=/proc/kcore;id=/;instance=cadvisor:8080;job=iot_service","2025-11-03T15:22:08Z","0"
"container_fs_usage_bytes","__name__=container_fs_usage_bytes;device=/proc/kcore;id=/;instance=cadvisor:8080;job=iot_service","2025-11-03T15:22:23Z","0"
"container_fs_usage_bytes","__name__=container_fs_usage_bytes;device=/proc/kcore;id=/;instance=cadvisor:8080;job=iot_service","2025-11-03T15:22:38Z","0"
"container_fs_usage_bytes","__name__=container_fs_usage_bytes;device=/proc/kcore;id=/;instance=cadvisor:8080;job=iot_service","2025-11-03T15:22:53Z","0"
"container_fs_usage_bytes","__name__=container_fs_usage_bytes;device=/proc/kcore;id=/;instance=cadvisor:8080;job=iot_service","2025-11-03T15:23:08Z","0"
"container_fs_usage_bytes","__name__=container_fs_usage_bytes;device=/proc/kcore;id=/;instance=cadvisor:8080;job=iot_service","2025-11-03T15:23:23Z","0"
"container_fs_usage_bytes","__name__=container_fs_usage_bytes;device=/proc/kcore;id=/;instance=cadvisor:8080;job=iot_service","2025-11-03T15:23:38Z","0"
"container_fs_usage_bytes","__name__=container_fs_usage_bytes;device=/proc/kcore;id=/;instance=cadvisor:8080;job=iot_service","2025-11-03T15:23:53Z","0"
"container_fs_usage_bytes","__name__=container_fs_usage_bytes;device=/proc/kcore;id=/;instance=cadvisor:8080;job=iot_service","2025-11-03T15:24:08Z","0"
"container_fs_usage_bytes","__name__=container_fs_usage_bytes;device=/proc/kcore;id=/;instance=cadvisor:8080;job=iot_service","2025-11-03T15:24:23Z","0"
"container_fs_usage_bytes","__name__=container_fs_usage_bytes;device=/proc/kcore;id=/;instance=cadvisor:8080;job=iot_service","2025-11-03T15:24:38Z","0"
"container_fs_usage_bytes","__name__=container_fs_usage_bytes;device=/proc/kcore;id=/;instance=cadvisor:8080;job=iot_service","2025-11-03T15:24:53Z","0"
"container_fs_usage_bytes","__name__=container_fs_usage_bytes;device=/proc/kcore;id=/;instance=cadvisor:8080;job=iot_service","2025-11-03T15:25:08Z","0"
"container_fs_usage_bytes","__name__=container_fs_usage_bytes;device=/proc/kcore;id=/;instance=cadvisor:8080;job=iot_service","2025-11-03T15:25:23Z","0"
"container_fs_usage_bytes","__name__=container_fs_usage_bytes;device=/proc/kcore;id=/;instance=cadvisor:8080;job=iot_service","2025-11-03T15:25:38Z","0"
"container_fs_usage_bytes","__name__=container_fs_usage_bytes;device=/proc/kcore;id=/;instance=cadvisor:8080;job=iot_service","2025-11-03T15:25:53Z","0"
"container_fs_usage_bytes","__name__=container_fs_usage_bytes;device=/proc/kcore;id=/;instance=cadvisor:8080;job=iot_service","2025-11-03T15:26:08Z","0"
"container_fs_usage_bytes","__name__=container_fs_usage_bytes;device=/proc/kcore;id=/;instance=cadvisor:8080;job=iot_service","2025-11-03T15:26:23Z","0"
"container_fs_usage_bytes","__name__=container_fs_usage_bytes;device=/proc/kcore;id=/;instance=cadvisor:8080;job=iot_service","2025-11-03T15:26:38Z","0"
"container_fs_usage_bytes","__name__=container_fs_usage_bytes;device=/proc/kcore;id=/;instance=cadvisor:8080;job=iot_service","2025-11-03T15:26:53Z","0"
"container_fs_usage_bytes","__name__=container_fs_usage_bytes;device=/proc/kcore;id=/;instance=cadvisor:8080;job=iot_service","2025-11-03T15:27:08Z","0"
"container_fs_usage_bytes","__name__=container_fs_usage_bytes;device=/proc/kcore;id=/;instance=cadvisor:8080;job=iot_service","2025-11-03T15:27:23Z","0"
"container_fs_usage_bytes","__name__=container_fs_usage_bytes;device=/proc/kcore;id=/;instance=cadvisor:8080;job=iot_service","2025-11-03T15:27:38Z","0"
"container_fs_usage_bytes","__name__=container_fs_usage_bytes;device=/proc/kcore;id=/;instance=cadvisor:8080;job=iot_service","2025-11-03T15:27:53Z","0"
"container_fs_usage_bytes","__name__=container_fs_usage_bytes;device=/proc/kcore;id=/;instance=cadvisor:8080;job=iot_service","2025-11-03T15:28:08Z","0"
"container_fs_usage_bytes","__name__=container_fs_usage_bytes;device=/proc/kcore;id=/;instance=cadvisor:8080;job=iot_service","2025-11-03T15:28:23Z","0"
"container_fs_usage_bytes","__name__=container_fs_usage_bytes;device=/proc/kcore;id=/;instance=cadvisor:8080;job=iot_service","2025-11-03T15:28:38Z","0"
"container_fs_usage_bytes","__name__=container_fs_usage_bytes;device=/proc/kcore;id=/;instance=cadvisor:8080;job=iot_service","2025-11-03T15:28:53Z","0"
"container_fs_usage_bytes","__name__=container_fs_usage_bytes;device=/proc/kcore;id=/;instance=cadvisor:8080;job=iot_service","2025-11-03T15:29:08Z","0"
"container_fs_usage_bytes","__name__=container_fs_usage_bytes;device=/proc/keys;id=/;instance=cadvisor:8080;job=iot_service","2025-11-03T15:22:08Z","0"
"container_fs_usage_bytes","__name__=container_fs_usage_bytes;device=/proc/keys;id=/;instance=cadvisor:8080;job=iot_service","2025-11-03T15:22:23Z","0"
"container_fs_usage_bytes","__name__=container_fs_usage_bytes;device=/proc/keys;id=/;instance=cadvisor:8080;job=iot_service","2025-11-03T15:22:38Z","0"
"container_fs_usage_bytes","__name__=container_fs_usage_bytes;device=/proc/keys;id=/;instance=cadvisor:8080;job=iot_service","2025-11-03T15:22:53Z","0"
"container_fs_usage_bytes","__name__=container_fs_usage_bytes;device=/proc/keys;id=/;instance=cadvisor:8080;job=iot_service","2025-11-03T15:23:08Z","0"
"container_fs_usage_bytes","__name__=container_fs_usage_bytes;device=/proc/keys;id=/;instance=cadvisor:8080;job=iot_service","2025-11-03T15:23:23Z","0"
"container_fs_usage_bytes","__name__=container_fs_usage_bytes;device=/proc/keys;id=/;instance=cadvisor:8080;job=iot_service","2025-11-03T15:23:38Z","0"
"container_fs_usage_bytes","__name__=container_fs_usage_bytes;device=/proc/keys;id=/;instance=cadvisor:8080;job=iot_service","2025-11-03T15:23:53Z","0"
"container_fs_usage_bytes","__name__=container_fs_usage_bytes;device=/proc/keys;id=/;instance=cadvisor:8080;job=iot_service","2025-11-03T15:24:08Z","0"
"container_fs_usage_bytes","__name__=container_fs_usage_bytes;device=/proc/keys;id=/;instance=cadvisor:8080;job=iot_service","2025-11-03T15:24:23Z","0"
"container_fs_usage_bytes","__name__=container_fs_usage_bytes;device=/proc/keys;id=/;instance=cadvisor:8080;job=iot_service","2025-11-03T15:24:38Z","0"
"container_fs_usage_bytes","__name__=container_fs_usage_bytes;device=/proc/keys;id=/;instance=cadvisor:8080;job=iot_service","2025-11-03T15:24:53Z","0"
"container_fs_usage_bytes","__name__=container_fs_usage_bytes;device=/proc/keys;id=/;instance=cadvisor:8080;job=iot_service","2025-11-03T15:25:08Z","0"
"container_fs_usage_bytes","__name__=container_fs_usage_bytes;device=/proc/keys;id=/;instance=cadvisor:8080;job=iot_service","2025-11-03T15:25:23Z","0"
"container_fs_usage_bytes","__name__=container_fs_usage_bytes;device=/proc/keys;id=/;instance=cadvisor:8080;job=iot_service","2025-11-03T15:25:38Z","0"
"container_fs_usage_bytes","__name__=container_fs_usage_bytes;device=/proc/keys;id=/;instance=cadvisor:8080;job=iot_service","2025-11-03T15:25:53Z","0"
"container_fs_usage_bytes","__name__=container_fs_usage_bytes;device=/proc/keys;id=/;instance=cadvisor:8080;job=iot_service","2025-11-03T15:26:08Z","0"
"container_fs_usage_bytes","__name__=container_fs_usage_bytes;device=/proc/keys;id=/;instance=cadvisor:8080;job=iot_service","2025-11-03T15:26:23Z","0"
"container_fs_usage_bytes","__name__=container_fs_usage_bytes;device=/proc/keys;id=/;instance=cadvisor:8080;job=iot_service","2025-11-03T15:26:38Z","0"
"container_fs_usage_bytes","__name__=container_fs_usage_bytes;device=/proc/keys;id=/;instance=cadvisor:8080;job=iot_service","2025-11-03T15:26:53Z","0"
"container_fs_usage_bytes","__name__=container_fs_usage_bytes;device=/proc/keys;id=/;instance=cadvisor:8080;job=iot_service","2025-11-03T15:27:08Z","0"
"container_fs_usage_bytes","__name__=container_fs_usage_bytes;device=/proc/keys;id=/;instance=cadvisor:8080;job=iot_service","2025-11-03T15:27:23Z","0"
"container_fs_usage_bytes","__name__=container_fs_usage_bytes;device=/proc/keys;id=/;instance=cadvisor:8080;job=iot_service","2025-11-03T15:27:38Z","0"
"container_fs_usage_bytes","__name__=container_fs_usage_bytes;device=/proc/keys;id=/;instance=cadvisor:8080;job=iot_service","2025-11-03T15:27:53Z","0"
"container_fs_usage_bytes","__name__=container_fs_usage_bytes;device=/proc/keys;id=/;instance=cadvisor:8080;job=iot_service","2025-11-03T15:28:08Z","0"
"container_fs_usage_bytes","__name__=container_fs_usage_bytes;device=/proc/keys;id=/;instance=cadvisor:8080;job=iot_service","2025-11-03T15:28:23Z","0"
"container_fs_usage_bytes","__name__=container_fs_usage_bytes;device=/proc/keys;id=/;instance=cadvisor:8080;job=iot_service","2025-11-03T15:28:38Z","0"
"container_fs_usage_bytes","__name__=container_fs_usage_bytes;device=/proc/keys;id=/;instance=cadvisor:8080;job=iot_service","2025-11-03T15:28:53Z","0"
"container_fs_usage_bytes","__name__=container_fs_usage_bytes;device=/proc/keys;id=/;instance=cadvisor:8080;job=iot_service","2025-11-03T15:29:08Z","0"
"container_fs_usage_bytes","__name__=container_fs_usage_bytes;device=/proc/scsi;id=/;instance=cadvisor:8080;job=iot_service","2025-11-03T15:22:08Z","0"
"container_fs_usage_bytes","__name__=container_fs_usage_bytes;device=/proc/scsi;id=/;instance=cadvisor:8080;job=iot_service","2025-11-03T15:22:23Z","0"
"container_fs_usage_bytes","__name__=container_fs_usage_bytes;device=/proc/scsi;id=/;instance=cadvisor:8080;job=iot_service","2025-11-03T15:22:38Z","0"
"container_fs_usage_bytes","__name__=container_fs_usage_bytes;device=/proc/scsi;id=/;instance=cadvisor:8080;job=iot_service","2025-11-03T15:22:53Z","0"
"container_fs_usage_bytes","__name__=container_fs_usage_bytes;device=/proc/scsi;id=/;instance=cadvisor:8080;job=iot_service","2025-11-03T15:23:08Z","0"
"container_fs_usage_bytes","__name__=container_fs_usage_bytes;device=/proc/scsi;id=/;instance=cadvisor:8080;job=iot_service","2025-11-03T15:23:23Z","0"
"container_fs_usage_bytes","__name__=container_fs_usage_bytes;device=/proc/scsi;id=/;instance=cadvisor:8080;job=iot_service","2025-11-03T15:23:38Z","0"
"container_fs_usage_bytes","__name__=container_fs_usage_bytes;device=/proc/scsi;id=/;instance=cadvisor:8080;job=iot_service","2025-11-03T15:23:53Z","0"
"container_fs_usage_bytes","__name__=container_fs_usage_bytes;device=/proc/scsi;id=/;instance=cadvisor:8080;job=iot_service","2025-11-03T15:24:08Z","0"
"container_fs_usage_bytes","__name__=container_fs_usage_bytes;device=/proc/scsi;id=/;instance=cadvisor:8080;job=iot_service","2025-11-03T15:24:23Z","0"
"container_fs_usage_bytes","__name__=container_fs_usage_bytes;device=/proc/scsi;id=/;instance=cadvisor:8080;job=iot_service","2025-11-03T15:24:38Z","0"
"container_fs_usage_bytes","__name__=container_fs_usage_bytes;device=/proc/scsi;id=/;instance=cadvisor:8080;job=iot_service","2025-11-03T15:24:53Z","0"
"container_fs_usage_bytes","__name__=container_fs_usage_bytes;device=/proc/scsi;id=/;instance=cadvisor:8080;job=iot_service","2025-11-03T15:25:08Z","0"
"container_fs_usage_bytes","__name__=container_fs_usage_bytes;device=/proc/scsi;id=/;instance=cadvisor:8080;job=iot_service","2025-11-03T15:25:23Z","0"
"container_fs_usage_bytes","__name__=container_fs_usage_bytes;device=/proc/scsi;id=/;instance=cadvisor:8080;job=iot_service","2025-11-03T15:25:38Z","0"
"container_fs_usage_bytes","__name__=container_fs_usage_bytes;device=/proc/scsi;id=/;instance=cadvisor:8080;job=iot_service","2025-11-03T15:25:53Z","0"
"container_fs_usage_bytes","__name__=container_fs_usage_bytes;device=/proc/scsi;id=/;instance=cadvisor:8080;job=iot_service","2025-11-03T15:26:08Z","0"
"container_fs_usage_bytes","__name__=container_fs_usage_bytes;device=/proc/scsi;id=/;instance=cadvisor:8080;job=iot_service","2025-11-03T15:26:23Z","0"
"container_fs_usage_bytes","__name__=container_fs_usage_bytes;device=/proc/scsi;id=/;instance=cadvisor:8080;job=iot_service","2025-11-03T15:26:38Z","0"
"container_fs_usage_bytes","__name__=container_fs_usage_bytes;device=/proc/scsi;id=/;instance=cadvisor:8080;job=iot_service","2025-11-03T15:26:53Z","0"
"container_fs_usage_bytes","__name__=container_fs_usage_bytes;device=/proc/scsi;id=/;instance=cadvisor:8080;job=iot_service","2025-11-03T15:27:08Z","0"
"container_fs_usage_bytes","__name__=container_fs_usage_bytes;device=/proc/scsi;id=/;instance=cadvisor:8080;job=iot_service","2025-11-03T15:27:23Z","0"
"container_fs_usage_bytes","__name__=container_fs_usage_bytes;device=/proc/scsi;id=/;instance=cadvisor:8080;job=iot_service","2025-11-03T15:27:38Z","0"
"container_fs_usage_bytes","__name__=container_fs_usage_bytes;device=/proc/scsi;id=/;instance=cadvisor:8080;job=iot_service","2025-11-03T15:27:53Z","0"
"container_fs_usage_bytes","__name__=container_fs_usage_bytes;device=/proc/scsi;id=/;instance=cadvisor:8080;job=iot_service","2025-11-03T15:28:08Z","0"
"container_fs_usage_bytes","__name__=container_fs_usage_bytes;device=/proc/scsi;id=/;instance=cadvisor:8080;job=iot_service","2025-11-03T15:28:23Z","0"
"container_fs_usage_bytes","__name__=container_fs_usage_bytes;device=/proc/scsi;id=/;instance=cadvisor:8080;job=iot_service","2025-11-03T15:28:38Z","0"
"container_fs_usage_bytes","__name__=container_fs_usage_bytes;device=/proc/scsi;id=/;instance=cadvisor:8080;job=iot_service","2025-11-03T15:28:53Z","0"
"container_fs_usage_bytes","__name__=container_fs_usage_bytes;device=/proc/scsi;id=/;instance=cadvisor:8080;job=iot_service","2025-11-03T15:29:08Z","0"
"container_fs_usage_bytes","__name__=container_fs_usage_bytes;device=/proc/timer_list;id=/;instance=cadvisor:8080;job=iot_service","2025-11-03T15:22:08Z","0"
"container_fs_usage_bytes","__name__=container_fs_usage_bytes;device=/proc/timer_list;id=/;instance=cadvisor:8080;job=iot_service","2025-11-03T15:22:23Z","0"
"container_fs_usage_bytes","__name__=container_fs_usage_bytes;device=/proc/timer_list;id=/;instance=cadvisor:8080;job=iot_service","2025-11-03T15:22:38Z","0"
"container_fs_usage_bytes","__name__=container_fs_usage_bytes;device=/proc/timer_list;id=/;instance=cadvisor:8080;job=iot_service","2025-11-03T15:22:53Z","0"
"container_fs_usage_bytes","__name__=container_fs_usage_bytes;device=/proc/timer_list;id=/;instance=cadvisor:8080;job=iot_service","2025-11-03T15:23:08Z","0"
"container_fs_usage_bytes","__name__=container_fs_usage_bytes;device=/proc/timer_list;id=/;instance=cadvisor:8080;job=iot_service","2025-11-03T15:23:23Z","0"
"container_fs_usage_bytes","__name__=container_fs_usage_bytes;device=/proc/timer_list;id=/;instance=cadvisor:8080;job=iot_service","2025-11-03T15:23:38Z","0"
"container_fs_usage_bytes","__name__=container_fs_usage_bytes;device=/proc/timer_list;id=/;instance=cadvisor:8080;job=iot_service","2025-11-03T15:23:53Z","0"
"container_fs_usage_bytes","__name__=container_fs_usage_bytes;device=/proc/timer_list;id=/;instance=cadvisor:8080;job=iot_service","2025-11-03T15:24:08Z","0"
"container_fs_usage_bytes","__name__=container_fs_usage_bytes;device=/proc/timer_list;id=/;instance=cadvisor:8080;job=iot_service","2025-11-03T15:24:23Z","0"
"container_fs_usage_bytes","__name__=container_fs_usage_bytes;device=/proc/timer_list;id=/;instance=cadvisor:8080;job=iot_service","2025-11-03T15:24:38Z","0"
"container_fs_usage_bytes","__name__=container_fs_usage_bytes;device=/proc/timer_list;id=/;instance=cadvisor:8080;job=iot_service","2025-11-03T15:24:53Z","0"
"container_fs_usage_bytes","__name__=container_fs_usage_bytes;device=/proc/timer_list;id=/;instance=cadvisor:8080;job=iot_service","2025-11-03T15:25:08Z","0"
"container_fs_usage_bytes","__name__=container_fs_usage_bytes;device=/proc/timer_list;id=/;instance=cadvisor:8080;job=iot_service","2025-11-03T15:25:23Z","0"
"container_fs_usage_bytes","__name__=container_fs_usage_bytes;device=/proc/timer_list;id=/;instance=cadvisor:8080;job=iot_service","2025-11-03T15:25:38Z","0"
"container_fs_usage_bytes","__name__=container_fs_usage_bytes;device=/proc/timer_list;id=/;instance=cadvisor:8080;job=iot_service","2025-11-03T15:25:53Z","0"
"container_fs_usage_bytes","__name__=container_fs_usage_bytes;device=/proc/timer_list;id=/;instance=cadvisor:8080;job=iot_service","2025-11-03T15:26:08Z","0"
"container_fs_usage_bytes","__name__=container_fs_usage_bytes;device=/proc/timer_list;id=/;instance=cadvisor:8080;job=iot_service","2025-11-03T15:26:23Z","0"
"container_fs_usage_bytes","__name__=container_fs_usage_bytes;device=/proc/timer_list;id=/;instance=cadvisor:8080;job=iot_service","2025-11-03T15:26:38Z","0"
"container_fs_usage_bytes","__name__=container_fs_usage_bytes;device=/proc/timer_list;id=/;instance=cadvisor:8080;job=iot_service","2025-11-03T15:26:53Z","0"
"container_fs_usage_bytes","__name__=container_fs_usage_bytes;device=/proc/timer_list;id=/;instance=cadvisor:8080;job=iot_service","2025-11-03T15:27:08Z","0"
"container_fs_usage_bytes","__name__=container_fs_usage_bytes;device=/proc/timer_list;id=/;instance=cadvisor:8080;job=iot_service","2025-11-03T15:27:23Z","0"
"container_fs_usage_bytes","__name__=container_fs_usage_bytes;device=/proc/timer_list;id=/;instance=cadvisor:8080;job=iot_service","2025-11-03T15:27:38Z","0"
"container_fs_usage_bytes","__name__=container_fs_usage_bytes;device=/proc/timer_list;id=/;instance=cadvisor:8080;job=iot_service","2025-11-03T15:27:53Z","0"
"container_fs_usage_bytes","__name__=container_fs_usage_bytes;device=/proc/timer_list;id=/;instance=cadvisor:8080;job=iot_service","2025-11-03T15:28:08Z","0"
"container_fs_usage_bytes","__name__=container_fs_usage_bytes;device=/proc/timer_list;id=/;instance=cadvisor:8080;job=iot_service","2025-11-03T15:28:23Z","0"
"container_fs_usage_bytes","__name__=container_fs_usage_bytes;device=/proc/timer_list;id=/;instance=cadvisor:8080;job=iot_service","2025-11-03T15:28:38Z","0"
"container_fs_usage_bytes","__name__=container_fs_usage_bytes;device=/proc/timer_list;id=/;instance=cadvisor:8080;job=iot_service","2025-11-03T15:28:53Z","0"
"container_fs_usage_bytes","__name__=container_fs_usage_bytes;device=/proc/timer_list;id=/;instance=cadvisor:8080;job=iot_service","2025-11-03T15:29:08Z","0"
"container_fs_usage_bytes","__name__=container_fs_usage_bytes;device=/rootfs/dev/shm;id=/;instance=cadvisor:8080;job=iot_service","2025-11-03T15:22:08Z","0"
"container_fs_usage_bytes","__name__=container_fs_usage_bytes;device=/rootfs/dev/shm;id=/;instance=cadvisor:8080;job=iot_service","2025-11-03T15:22:23Z","0"
"container_fs_usage_bytes","__name__=container_fs_usage_bytes;device=/rootfs/dev/shm;id=/;instance=cadvisor:8080;job=iot_service","2025-11-03T15:22:38Z","0"
"container_fs_usage_bytes","__name__=container_fs_usage_bytes;device=/rootfs/dev/shm;id=/;instance=cadvisor:8080;job=iot_service","2025-11-03T15:22:53Z","0"
"container_fs_usage_bytes","__name__=container_fs_usage_bytes;device=/rootfs/dev/shm;id=/;instance=cadvisor:8080;job=iot_service","2025-11-03T15:23:08Z","0"
"container_fs_usage_bytes","__name__=container_fs_usage_bytes;device=/rootfs/dev/shm;id=/;instance=cadvisor:8080;job=iot_service","2025-11-03T15:23:23Z","0"
"container_fs_usage_bytes","__name__=container_fs_usage_bytes;device=/rootfs/dev/shm;id=/;instance=cadvisor:8080;job=iot_service","2025-11-03T15:23:38Z","0"
"container_fs_usage_bytes","__name__=container_fs_usage_bytes;device=/rootfs/dev/shm;id=/;instance=cadvisor:8080;job=iot_service","2025-11-03T15:23:53Z","0"
"container_fs_usage_bytes","__name__=container_fs_usage_bytes;device=/rootfs/dev/shm;id=/;instance=cadvisor:8080;job=iot_service","2025-11-03T15:24:08Z","0"
"container_fs_usage_bytes","__name__=container_fs_usage_bytes;device=/rootfs/dev/shm;id=/;instance=cadvisor:8080;job=iot_service","2025-11-03T15:24:23Z","0"
"container_fs_usage_bytes","__name__=container_fs_usage_bytes;device=/rootfs/dev/shm;id=/;instance=cadvisor:8080;job=iot_service","2025-11-03T15:24:38Z","0"
"container_fs_usage_bytes","__name__=container_fs_usage_bytes;device=/rootfs/dev/shm;id=/;instance=cadvisor:8080;job=iot_service","2025-11-03T15:24:53Z","0"
"container_fs_usage_bytes","__name__=container_fs_usage_bytes;device=/rootfs/dev/shm;id=/;instance=cadvisor:8080;job=iot_service","2025-11-03T15:25:08Z","0"
"container_fs_usage_bytes","__name__=container_fs_usage_bytes;device=/rootfs/dev/shm;id=/;instance=cadvisor:8080;job=iot_service","2025-11-03T15:25:23Z","0"
"container_fs_usage_bytes","__name__=container_fs_usage_bytes;device=/rootfs/dev/shm;id=/;instance=cadvisor:8080;job=iot_service","2025-11-03T15:25:38Z","0"
"container_fs_usage_bytes","__name__=container_fs_usage_bytes;device=/rootfs/dev/shm;id=/;instance=cadvisor:8080;job=iot_service","2025-11-03T15:25:53Z","0"
"container_fs_usage_bytes","__name__=container_fs_usage_bytes;device=/rootfs/dev/shm;id=/;instance=cadvisor:8080;job=iot_service","2025-11-03T15:26:08Z","0"
"container_fs_usage_bytes","__name__=container_fs_usage_bytes;device=/rootfs/dev/shm;id=/;instance=cadvisor:8080;job=iot_service","2025-11-03T15:26:23Z","0"
"container_fs_usage_bytes","__name__=container_fs_usage_bytes;device=/rootfs/dev/shm;id=/;instance=cadvisor:8080;job=iot_service","2025-11-03T15:26:38Z","0"
"container_fs_usage_bytes","__name__=container_fs_usage_bytes;device=/rootfs/dev/shm;id=/;instance=cadvisor:8080;job=iot_service","2025-11-03T15:26:53Z","0"
"container_fs_usage_bytes","__name__=container_fs_usage_bytes;device=/rootfs/dev/shm;id=/;instance=cadvisor:8080;job=iot_service","2025-11-03T15:27:08Z","0"
"container_fs_usage_bytes","__name__=container_fs_usage_bytes;device=/rootfs/dev/shm;id=/;instance=cadvisor:8080;job=iot_service","2025-11-03T15:27:23Z","0"
"container_fs_usage_bytes","__name__=container_fs_usage_bytes;device=/rootfs/dev/shm;id=/;instance=cadvisor:8080;job=iot_service","2025-11-03T15:27:38Z","0"
"container_fs_usage_bytes","__name__=container_fs_usage_bytes;device=/rootfs/dev/shm;id=/;instance=cadvisor:8080;job=iot_service","2025-11-03T15:27:53Z","0"
"container_fs_usage_bytes","__name__=container_fs_usage_bytes;device=/rootfs/dev/shm;id=/;instance=cadvisor:8080;job=iot_service","2025-11-03T15:28:08Z","0"
"container_fs_usage_bytes","__name__=container_fs_usage_bytes;device=/rootfs/dev/shm;id=/;instance=cadvisor:8080;job=iot_service","2025-11-03T15:28:23Z","0"
"container_fs_usage_bytes","__name__=container_fs_usage_bytes;device=/rootfs/dev/shm;id=/;instance=cadvisor:8080;job=iot_service","2025-11-03T15:28:38Z","0"
"container_fs_usage_bytes","__name__=container_fs_usage_bytes;device=/rootfs/dev/shm;id=/;instance=cadvisor:8080;job=iot_service","2025-11-03T15:28:53Z","0"
"container_fs_usage_bytes","__name__=container_fs_usage_bytes;device=/rootfs/dev/shm;id=/;instance=cadvisor:8080;job=iot_service","2025-11-03T15:29:08Z","0"
"container_fs_usage_bytes","__name__=container_fs_usage_bytes;device=/rootfs/host_mnt;id=/;instance=cadvisor:8080;job=iot_service","2025-11-03T15:22:08Z","0"
"container_fs_usage_bytes","__name__=container_fs_usage_bytes;device=/rootfs/host_mnt;id=/;instance=cadvisor:8080;job=iot_service","2025-11-03T15:22:23Z","0"
"container_fs_usage_bytes","__name__=container_fs_usage_bytes;device=/rootfs/host_mnt;id=/;instance=cadvisor:8080;job=iot_service","2025-11-03T15:22:38Z","0"
"container_fs_usage_bytes","__name__=container_fs_usage_bytes;device=/rootfs/host_mnt;id=/;instance=cadvisor:8080;job=iot_service","2025-11-03T15:22:53Z","0"
"container_fs_usage_bytes","__name__=container_fs_usage_bytes;device=/rootfs/host_mnt;id=/;instance=cadvisor:8080;job=iot_service","2025-11-03T15:23:08Z","0"
"container_fs_usage_bytes","__name__=container_fs_usage_bytes;device=/rootfs/host_mnt;id=/;instance=cadvisor:8080;job=iot_service","2025-11-03T15:23:23Z","0"
"container_fs_usage_bytes","__name__=container_fs_usage_bytes;device=/rootfs/host_mnt;id=/;instance=cadvisor:8080;job=iot_service","2025-11-03T15:23:38Z","0"
"container_fs_usage_bytes","__name__=container_fs_usage_bytes;device=/rootfs/host_mnt;id=/;instance=cadvisor:8080;job=iot_service","2025-11-03T15:23:53Z","0"
"container_fs_usage_bytes","__name__=container_fs_usage_bytes;device=/rootfs/host_mnt;id=/;instance=cadvisor:8080;job=iot_service","2025-11-03T15:24:08Z","0"
"container_fs_usage_bytes","__name__=container_fs_usage_bytes;device=/rootfs/host_mnt;id=/;instance=cadvisor:8080;job=iot_service","2025-11-03T15:24:23Z","0"
"container_fs_usage_bytes","__name__=container_fs_usage_bytes;device=/rootfs/host_mnt;id=/;instance=cadvisor:8080;job=iot_service","2025-11-03T15:24:38Z","0"
"container_fs_usage_bytes","__name__=container_fs_usage_bytes;device=/rootfs/host_mnt;id=/;instance=cadvisor:8080;job=iot_service","2025-11-03T15:24:53Z","0"
"container_fs_usage_bytes","__name__=container_fs_usage_bytes;device=/rootfs/host_mnt;id=/;instance=cadvisor:8080;job=iot_service","2025-11-03T15:25:08Z","0"
"container_fs_usage_bytes","__name__=container_fs_usage_bytes;device=/rootfs/host_mnt;id=/;instance=cadvisor:8080;job=iot_service","2025-11-03T15:25:23Z","0"
"container_fs_usage_bytes","__name__=container_fs_usage_bytes;device=/rootfs/host_mnt;id=/;instance=cadvisor:8080;job=iot_service","2025-11-03T15:25:38Z","0"
"container_fs_usage_bytes","__name__=container_fs_usage_bytes;device=/rootfs/host_mnt;id=/;instance=cadvisor:8080;job=iot_service","2025-11-03T15:25:53Z","0"
"container_fs_usage_bytes","__name__=container_fs_usage_bytes;device=/rootfs/host_mnt;id=/;instance=cadvisor:8080;job=iot_service","2025-11-03T15:26:08Z","0"
"container_fs_usage_bytes","__name__=container_fs_usage_bytes;device=/rootfs/host_mnt;id=/;instance=cadvisor:8080;job=iot_service","2025-11-03T15:26:23Z","0"
"container_fs_usage_bytes","__name__=container_fs_usage_bytes;device=/rootfs/host_mnt;id=/;instance=cadvisor:8080;job=iot_service","2025-11-03T15:26:38Z","0"
"container_fs_usage_bytes","__name__=container_fs_usage_bytes;device=/rootfs/host_mnt;id=/;instance=cadvisor:8080;job=iot_service","2025-11-03T15:26:53Z","0"
"container_fs_usage_bytes","__name__=container_fs_usage_bytes;device=/rootfs/host_mnt;id=/;instance=cadvisor:8080;job=iot_service","2025-11-03T15:27:08Z","0"
"container_fs_usage_bytes","__name__=container_fs_usage_bytes;device=/rootfs/host_mnt;id=/;instance=cadvisor:8080;job=iot_service","2025-11-03T15:27:23Z","0"
"container_fs_usage_bytes","__name__=container_fs_usage_bytes;device=/rootfs/host_mnt;id=/;instance=cadvisor:8080;job=iot_service","2025-11-03T15:27:38Z","0"
"container_fs_usage_bytes","__name__=container_fs_usage_bytes;device=/rootfs/host_mnt;id=/;instance=cadvisor:8080;job=iot_service","2025-11-03T15:27:53Z","0"
"container_fs_usage_bytes","__name__=container_fs_usage_bytes;device=/rootfs/host_mnt;id=/;instance=cadvisor:8080;job=iot_service","2025-11-03T15:28:08Z","0"
"container_fs_usage_bytes","__name__=container_fs_usage_bytes;device=/rootfs/host_mnt;id=/;instance=cadvisor:8080;job=iot_service","2025-11-03T15:28:23Z","0"
"container_fs_usage_bytes","__name__=container_fs_usage_bytes;device=/rootfs/host_mnt;id=/;instance=cadvisor:8080;job=iot_service","2025-11-03T15:28:38Z","0"
"container_fs_usage_bytes","__name__=container_fs_usage_bytes;device=/rootfs/host_mnt;id=/;instance=cadvisor:8080;job=iot_service","2025-11-03T15:28:53Z","0"
"container_fs_usage_bytes","__name__=container_fs_usage_bytes;device=/rootfs/host_mnt;id=/;instance=cadvisor:8080;job=iot_service","2025-11-03T15:29:08Z","0"
"container_fs_usage_bytes","__name__=container_fs_usage_bytes;device=/rootfs/oldroot/run;id=/;instance=cadvisor:8080;job=iot_service","2025-11-03T15:22:08Z","471040"
"container_fs_usage_bytes","__name__=container_fs_usage_bytes;device=/rootfs/oldroot/run;id=/;instance=cadvisor:8080;job=iot_service","2025-11-03T15:22:23Z","471040"
"container_fs_usage_bytes","__name__=container_fs_usage_bytes;device=/rootfs/oldroot/run;id=/;instance=cadvisor:8080;job=iot_service","2025-11-03T15:22:38Z","471040"
"container_fs_usage_bytes","__name__=container_fs_usage_bytes;device=/rootfs/oldroot/run;id=/;instance=cadvisor:8080;job=iot_service","2025-11-03T15:22:53Z","471040"
"container_fs_usage_bytes","__name__=container_fs_usage_bytes;device=/rootfs/oldroot/run;id=/;instance=cadvisor:8080;job=iot_service","2025-11-03T15:23:08Z","471040"
"container_fs_usage_bytes","__name__=container_fs_usage_bytes;device=/rootfs/oldroot/run;id=/;instance=cadvisor:8080;job=iot_service","2025-11-03T15:23:23Z","471040"
"container_fs_usage_bytes","__name__=container_fs_usage_bytes;device=/rootfs/oldroot/run;id=/;instance=cadvisor:8080;job=iot_service","2025-11-03T15:23:38Z","471040"
"container_fs_usage_bytes","__name__=container_fs_usage_bytes;device=/rootfs/oldroot/run;id=/;instance=cadvisor:8080;job=iot_service","2025-11-03T15:23:53Z","471040"
"container_fs_usage_bytes","__name__=container_fs_usage_bytes;device=/rootfs/oldroot/run;id=/;instance=cadvisor:8080;job=iot_service","2025-11-03T15:24:08Z","471040"
"container_fs_usage_bytes","__name__=container_fs_usage_bytes;device=/rootfs/oldroot/run;id=/;instance=cadvisor:8080;job=iot_service","2025-11-03T15:24:23Z","471040"
"container_fs_usage_bytes","__name__=container_fs_usage_bytes;device=/rootfs/oldroot/run;id=/;instance=cadvisor:8080;job=iot_service","2025-11-03T15:24:38Z","471040"
"container_fs_usage_bytes","__name__=container_fs_usage_bytes;device=/rootfs/oldroot/run;id=/;instance=cadvisor:8080;job=iot_service","2025-11-03T15:24:53Z","471040"
"container_fs_usage_bytes","__name__=container_fs_usage_bytes;device=/rootfs/oldroot/run;id=/;instance=cadvisor:8080;job=iot_service","2025-11-03T15:25:08Z","471040"
"container_fs_usage_bytes","__name__=container_fs_usage_bytes;device=/rootfs/oldroot/run;id=/;instance=cadvisor:8080;job=iot_service","2025-11-03T15:25:23Z","471040"
"container_fs_usage_bytes","__name__=container_fs_usage_bytes;device=/rootfs/oldroot/run;id=/;instance=cadvisor:8080;job=iot_service","2025-11-03T15:25:38Z","471040"
"container_fs_usage_bytes","__name__=container_fs_usage_bytes;device=/rootfs/oldroot/run;id=/;instance=cadvisor:8080;job=iot_service","2025-11-03T15:25:53Z","471040"
"container_fs_usage_bytes","__name__=container_fs_usage_bytes;device=/rootfs/oldroot/run;id=/;instance=cadvisor:8080;job=iot_service","2025-11-03T15:26:08Z","471040"
"container_fs_usage_bytes","__name__=container_fs_usage_bytes;device=/rootfs/oldroot/run;id=/;instance=cadvisor:8080;job=iot_service","2025-11-03T15:26:23Z","471040"
"container_fs_usage_bytes","__name__=container_fs_usage_bytes;device=/rootfs/oldroot/run;id=/;instance=cadvisor:8080;job=iot_service","2025-11-03T15:26:38Z","471040"
"container_fs_usage_bytes","__name__=container_fs_usage_bytes;device=/rootfs/oldroot/run;id=/;instance=cadvisor:8080;job=iot_service","2025-11-03T15:26:53Z","471040"
"container_fs_usage_bytes","__name__=container_fs_usage_bytes;device=/rootfs/oldroot/run;id=/;instance=cadvisor:8080;job=iot_service","2025-11-03T15:27:08Z","471040"
"container_fs_usage_bytes","__name__=container_fs_usage_bytes;device=/rootfs/oldroot/run;id=/;instance=cadvisor:8080;job=iot_service","2025-11-03T15:27:23Z","471040"
"container_fs_usage_bytes","__name__=container_fs_usage_bytes;device=/rootfs/oldroot/run;id=/;instance=cadvisor:8080;job=iot_service","2025-11-03T15:27:38Z","471040"
"container_fs_usage_bytes","__name__=container_fs_usage_bytes;device=/rootfs/oldroot/run;id=/;instance=cadvisor:8080;job=iot_service","2025-11-03T15:27:53Z","471040"
"container_fs_usage_bytes","__name__=container_fs_usage_bytes;device=/rootfs/oldroot/run;id=/;instance=cadvisor:8080;job=iot_service","2025-11-03T15:28:08Z","471040"
"container_fs_usage_bytes","__name__=container_fs_usage_bytes;device=/rootfs/oldroot/run;id=/;instance=cadvisor:8080;job=iot_service","2025-11-03T15:28:23Z","471040"
"container_fs_usage_bytes","__name__=container_fs_usage_bytes;device=/rootfs/oldroot/run;id=/;instance=cadvisor:8080;job=iot_service","2025-11-03T15:28:38Z","471040"
"container_fs_usage_bytes","__name__=container_fs_usage_bytes;device=/rootfs/oldroot/run;id=/;instance=cadvisor:8080;job=iot_service","2025-11-03T15:28:53Z","471040"
"container_fs_usage_bytes","__name__=container_fs_usage_bytes;device=/rootfs/oldroot/run;id=/;instance=cadvisor:8080;job=iot_service","2025-11-03T15:29:08Z","471040"
"container_fs_usage_bytes","__name__=container_fs_usage_bytes;device=/rootfs/run;id=/;instance=cadvisor:8080;job=iot_service","2025-11-03T15:22:08Z","516096"
"container_fs_usage_bytes","__name__=container_fs_usage_bytes;device=/rootfs/run;id=/;instance=cadvisor:8080;job=iot_service","2025-11-03T15:22:23Z","516096"
"container_fs_usage_bytes","__name__=container_fs_usage_bytes;device=/rootfs/run;id=/;instance=cadvisor:8080;job=iot_service","2025-11-03T15:22:38Z","516096"
"container_fs_usage_bytes","__name__=container_fs_usage_bytes;device=/rootfs/run;id=/;instance=cadvisor:8080;job=iot_service","2025-11-03T15:22:53Z","516096"
"container_fs_usage_bytes","__name__=container_fs_usage_bytes;device=/rootfs/run;id=/;instance=cadvisor:8080;job=iot_service","2025-11-03T15:23:08Z","516096"
"container_fs_usage_bytes","__name__=container_fs_usage_bytes;device=/rootfs/run;id=/;instance=cadvisor:8080;job=iot_service","2025-11-03T15:23:23Z","516096"
"container_fs_usage_bytes","__name__=container_fs_usage_bytes;device=/rootfs/run;id=/;instance=cadvisor:8080;job=iot_service","2025-11-03T15:23:38Z","516096"
"container_fs_usage_bytes","__name__=container_fs_usage_bytes;device=/rootfs/run;id=/;instance=cadvisor:8080;job=iot_service","2025-11-03T15:23:53Z","516096"
"container_fs_usage_bytes","__name__=container_fs_usage_bytes;device=/rootfs/run;id=/;instance=cadvisor:8080;job=iot_service","2025-11-03T15:24:08Z","516096"
"container_fs_usage_bytes","__name__=container_fs_usage_bytes;device=/rootfs/run;id=/;instance=cadvisor:8080;job=iot_service","2025-11-03T15:24:23Z","516096"
"container_fs_usage_bytes","__name__=container_fs_usage_bytes;device=/rootfs/run;id=/;instance=cadvisor:8080;job=iot_service","2025-11-03T15:24:38Z","516096"
"container_fs_usage_bytes","__name__=container_fs_usage_bytes;device=/rootfs/run;id=/;instance=cadvisor:8080;job=iot_service","2025-11-03T15:24:53Z","516096"
"container_fs_usage_bytes","__name__=container_fs_usage_bytes;device=/rootfs/run;id=/;instance=cadvisor:8080;job=iot_service","2025-11-03T15:25:08Z","516096"
"container_fs_usage_bytes","__name__=container_fs_usage_bytes;device=/rootfs/run;id=/;instance=cadvisor:8080;job=iot_service","2025-11-03T15:25:23Z","516096"
"container_fs_usage_bytes","__name__=container_fs_usage_bytes;device=/rootfs/run;id=/;instance=cadvisor:8080;job=iot_service","2025-11-03T15:25:38Z","516096"
"container_fs_usage_bytes","__name__=container_fs_usage_bytes;device=/rootfs/run;id=/;instance=cadvisor:8080;job=iot_service","2025-11-03T15:25:53Z","516096"
"container_fs_usage_bytes","__name__=container_fs_usage_bytes;device=/rootfs/run;id=/;instance=cadvisor:8080;job=iot_service","2025-11-03T15:26:08Z","516096"
"container_fs_usage_bytes","__name__=container_fs_usage_bytes;device=/rootfs/run;id=/;instance=cadvisor:8080;job=iot_service","2025-11-03T15:26:23Z","516096"
"container_fs_usage_bytes","__name__=container_fs_usage_bytes;device=/rootfs/run;id=/;instance=cadvisor:8080;job=iot_service","2025-11-03T15:26:38Z","516096"
"container_fs_usage_bytes","__name__=container_fs_usage_bytes;device=/rootfs/run;id=/;instance=cadvisor:8080;job=iot_service","2025-11-03T15:26:53Z","516096"
"container_fs_usage_bytes","__name__=container_fs_usage_bytes;device=/rootfs/run;id=/;instance=cadvisor:8080;job=iot_service","2025-11-03T15:27:08Z","516096"
"container_fs_usage_bytes","__name__=container_fs_usage_bytes;device=/rootfs/run;id=/;instance=cadvisor:8080;job=iot_service","2025-11-03T15:27:23Z","516096"
"container_fs_usage_bytes","__name__=container_fs_usage_bytes;device=/rootfs/run;id=/;instance=cadvisor:8080;job=iot_service","2025-11-03T15:27:38Z","516096"
"container_fs_usage_bytes","__name__=container_fs_usage_bytes;device=/rootfs/run;id=/;instance=cadvisor:8080;job=iot_service","2025-11-03T15:27:53Z","516096"
"container_fs_usage_bytes","__name__=container_fs_usage_bytes;device=/rootfs/run;id=/;instance=cadvisor:8080;job=iot_service","2025-11-03T15:28:08Z","516096"
"container_fs_usage_bytes","__name__=container_fs_usage_bytes;device=/rootfs/run;id=/;instance=cadvisor:8080;job=iot_service","2025-11-03T15:28:23Z","516096"
"container_fs_usage_bytes","__name__=container_fs_usage_bytes;device=/rootfs/run;id=/;instance=cadvisor:8080;job=iot_service","2025-11-03T15:28:38Z","516096"
"container_fs_usage_bytes","__name__=container_fs_usage_bytes;device=/rootfs/run;id=/;instance=cadvisor:8080;job=iot_service","2025-11-03T15:28:53Z","516096"
"container_fs_usage_bytes","__name__=container_fs_usage_bytes;device=/rootfs/run;id=/;instance=cadvisor:8080;job=iot_service","2025-11-03T15:29:08Z","516096"
"container_fs_usage_bytes","__name__=container_fs_usage_bytes;device=/rootfs/tmp;id=/;instance=cadvisor:8080;job=iot_service","2025-11-03T15:22:08Z","0"
"container_fs_usage_bytes","__name__=container_fs_usage_bytes;device=/rootfs/tmp;id=/;instance=cadvisor:8080;job=iot_service","2025-11-03T15:22:23Z","0"
"container_fs_usage_bytes","__name__=container_fs_usage_bytes;device=/rootfs/tmp;id=/;instance=cadvisor:8080;job=iot_service","2025-11-03T15:22:38Z","0"
"container_fs_usage_bytes","__name__=container_fs_usage_bytes;device=/rootfs/tmp;id=/;instance=cadvisor:8080;job=iot_service","2025-11-03T15:22:53Z","0"
"container_fs_usage_bytes","__name__=container_fs_usage_bytes;device=/rootfs/tmp;id=/;instance=cadvisor:8080;job=iot_service","2025-11-03T15:23:08Z","0"
"container_fs_usage_bytes","__name__=container_fs_usage_bytes;device=/rootfs/tmp;id=/;instance=cadvisor:8080;job=iot_service","2025-11-03T15:23:23Z","0"
"container_fs_usage_bytes","__name__=container_fs_usage_bytes;device=/rootfs/tmp;id=/;instance=cadvisor:8080;job=iot_service","2025-11-03T15:23:38Z","0"
"container_fs_usage_bytes","__name__=container_fs_usage_bytes;device=/rootfs/tmp;id=/;instance=cadvisor:8080;job=iot_service","2025-11-03T15:23:53Z","0"
"container_fs_usage_bytes","__name__=container_fs_usage_bytes;device=/rootfs/tmp;id=/;instance=cadvisor:8080;job=iot_service","2025-11-03T15:24:08Z","0"
"container_fs_usage_bytes","__name__=container_fs_usage_bytes;device=/rootfs/tmp;id=/;instance=cadvisor:8080;job=iot_service","2025-11-03T15:24:23Z","0"
"container_fs_usage_bytes","__name__=container_fs_usage_bytes;device=/rootfs/tmp;id=/;instance=cadvisor:8080;job=iot_service","2025-11-03T15:24:38Z","0"
"container_fs_usage_bytes","__name__=container_fs_usage_bytes;device=/rootfs/tmp;id=/;instance=cadvisor:8080;job=iot_service","2025-11-03T15:24:53Z","0"
"container_fs_usage_bytes","__name__=container_fs_usage_bytes;device=/rootfs/tmp;id=/;instance=cadvisor:8080;job=iot_service","2025-11-03T15:25:08Z","0"
"container_fs_usage_bytes","__name__=container_fs_usage_bytes;device=/rootfs/tmp;id=/;instance=cadvisor:8080;job=iot_service","2025-11-03T15:25:23Z","0"
"container_fs_usage_bytes","__name__=container_fs_usage_bytes;device=/rootfs/tmp;id=/;instance=cadvisor:8080;job=iot_service","2025-11-03T15:25:38Z","0"
"container_fs_usage_bytes","__name__=container_fs_usage_bytes;device=/rootfs/tmp;id=/;instance=cadvisor:8080;job=iot_service","2025-11-03T15:25:53Z","0"
"container_fs_usage_bytes","__name__=container_fs_usage_bytes;device=/rootfs/tmp;id=/;instance=cadvisor:8080;job=iot_service","2025-11-03T15:26:08Z","0"
"container_fs_usage_bytes","__name__=container_fs_usage_bytes;device=/rootfs/tmp;id=/;instance=cadvisor:8080;job=iot_service","2025-11-03T15:26:23Z","0"
"container_fs_usage_bytes","__name__=container_fs_usage_bytes;device=/rootfs/tmp;id=/;instance=cadvisor:8080;job=iot_service","2025-11-03T15:26:38Z","0"
"container_fs_usage_bytes","__name__=container_fs_usage_bytes;device=/rootfs/tmp;id=/;instance=cadvisor:8080;job=iot_service","2025-11-03T15:26:53Z","0"
"container_fs_usage_bytes","__name__=container_fs_usage_bytes;device=/rootfs/tmp;id=/;instance=cadvisor:8080;job=iot_service","2025-11-03T15:27:08Z","0"
"container_fs_usage_bytes","__name__=container_fs_usage_bytes;device=/rootfs/tmp;id=/;instance=cadvisor:8080;job=iot_service","2025-11-03T15:27:23Z","0"
"container_fs_usage_bytes","__name__=container_fs_usage_bytes;device=/rootfs/tmp;id=/;instance=cadvisor:8080;job=iot_service","2025-11-03T15:27:38Z","0"
"container_fs_usage_bytes","__name__=container_fs_usage_bytes;device=/rootfs/tmp;id=/;instance=cadvisor:8080;job=iot_service","2025-11-03T15:27:53Z","0"
"container_fs_usage_bytes","__name__=container_fs_usage_bytes;device=/rootfs/tmp;id=/;instance=cadvisor:8080;job=iot_service","2025-11-03T15:28:08Z","0"
"container_fs_usage_bytes","__name__=container_fs_usage_bytes;device=/rootfs/tmp;id=/;instance=cadvisor:8080;job=iot_service","2025-11-03T15:28:23Z","0"
"container_fs_usage_bytes","__name__=container_fs_usage_bytes;device=/rootfs/tmp;id=/;instance=cadvisor:8080;job=iot_service","2025-11-03T15:28:38Z","0"
"container_fs_usage_bytes","__name__=container_fs_usage_bytes;device=/rootfs/tmp;id=/;instance=cadvisor:8080;job=iot_service","2025-11-03T15:28:53Z","0"
"container_fs_usage_bytes","__name__=container_fs_usage_bytes;device=/rootfs/tmp;id=/;instance=cadvisor:8080;job=iot_service","2025-11-03T15:29:08Z","0"
"container_fs_usage_bytes","__name__=container_fs_usage_bytes;device=/rootfs/var;id=/;instance=cadvisor:8080;job=iot_service","2025-11-03T15:22:08Z","24576"
"container_fs_usage_bytes","__name__=container_fs_usage_bytes;device=/rootfs/var;id=/;instance=cadvisor:8080;job=iot_service","2025-11-03T15:22:23Z","24576"
"container_fs_usage_bytes","__name__=container_fs_usage_bytes;device=/rootfs/var;id=/;instance=cadvisor:8080;job=iot_service","2025-11-03T15:22:38Z","24576"
"container_fs_usage_bytes","__name__=container_fs_usage_bytes;device=/rootfs/var;id=/;instance=cadvisor:8080;job=iot_service","2025-11-03T15:22:53Z","24576"
"container_fs_usage_bytes","__name__=container_fs_usage_bytes;device=/rootfs/var;id=/;instance=cadvisor:8080;job=iot_service","2025-11-03T15:23:08Z","24576"
"container_fs_usage_bytes","__name__=container_fs_usage_bytes;device=/rootfs/var;id=/;instance=cadvisor:8080;job=iot_service","2025-11-03T15:23:23Z","24576"
"container_fs_usage_bytes","__name__=container_fs_usage_bytes;device=/rootfs/var;id=/;instance=cadvisor:8080;job=iot_service","2025-11-03T15:23:38Z","24576"
"container_fs_usage_bytes","__name__=container_fs_usage_bytes;device=/rootfs/var;id=/;instance=cadvisor:8080;job=iot_service","2025-11-03T15:23:53Z","24576"
"container_fs_usage_bytes","__name__=container_fs_usage_bytes;device=/rootfs/var;id=/;instance=cadvisor:8080;job=iot_service","2025-11-03T15:24:08Z","24576"
"container_fs_usage_bytes","__name__=container_fs_usage_bytes;device=/rootfs/var;id=/;instance=cadvisor:8080;job=iot_service","2025-11-03T15:24:23Z","24576"
"container_fs_usage_bytes","__name__=container_fs_usage_bytes;device=/rootfs/var;id=/;instance=cadvisor:8080;job=iot_service","2025-11-03T15:24:38Z","24576"
"container_fs_usage_bytes","__name__=container_fs_usage_bytes;device=/rootfs/var;id=/;instance=cadvisor:8080;job=iot_service","2025-11-03T15:24:53Z","24576"
"container_fs_usage_bytes","__name__=container_fs_usage_bytes;device=/rootfs/var;id=/;instance=cadvisor:8080;job=iot_service","2025-11-03T15:25:08Z","24576"
"container_fs_usage_bytes","__name__=container_fs_usage_bytes;device=/rootfs/var;id=/;instance=cadvisor:8080;job=iot_service","2025-11-03T15:25:23Z","24576"
"container_fs_usage_bytes","__name__=container_fs_usage_bytes;device=/rootfs/var;id=/;instance=cadvisor:8080;job=iot_service","2025-11-03T15:25:38Z","24576"
"container_fs_usage_bytes","__name__=container_fs_usage_bytes;device=/rootfs/var;id=/;instance=cadvisor:8080;job=iot_service","2025-11-03T15:25:53Z","24576"
"container_fs_usage_bytes","__name__=container_fs_usage_bytes;device=/rootfs/var;id=/;instance=cadvisor:8080;job=iot_service","2025-11-03T15:26:08Z","24576"
"container_fs_usage_bytes","__name__=container_fs_usage_bytes;device=/rootfs/var;id=/;instance=cadvisor:8080;job=iot_service","2025-11-03T15:26:23Z","24576"
"container_fs_usage_bytes","__name__=container_fs_usage_bytes;device=/rootfs/var;id=/;instance=cadvisor:8080;job=iot_service","2025-11-03T15:26:38Z","24576"
"container_fs_usage_bytes","__name__=container_fs_usage_bytes;device=/rootfs/var;id=/;instance=cadvisor:8080;job=iot_service","2025-11-03T15:26:53Z","24576"
"container_fs_usage_bytes","__name__=container_fs_usage_bytes;device=/rootfs/var;id=/;instance=cadvisor:8080;job=iot_service","2025-11-03T15:27:08Z","24576"
"container_fs_usage_bytes","__name__=container_fs_usage_bytes;device=/rootfs/var;id=/;instance=cadvisor:8080;job=iot_service","2025-11-03T15:27:23Z","24576"
"container_fs_usage_bytes","__name__=container_fs_usage_bytes;device=/rootfs/var;id=/;instance=cadvisor:8080;job=iot_service","2025-11-03T15:27:38Z","24576"
"container_fs_usage_bytes","__name__=container_fs_usage_bytes;device=/rootfs/var;id=/;instance=cadvisor:8080;job=iot_service","2025-11-03T15:27:53Z","24576"
"container_fs_usage_bytes","__name__=container_fs_usage_bytes;device=/rootfs/var;id=/;instance=cadvisor:8080;job=iot_service","2025-11-03T15:28:08Z","24576"
"container_fs_usage_bytes","__name__=container_fs_usage_bytes;device=/rootfs/var;id=/;instance=cadvisor:8080;job=iot_service","2025-11-03T15:28:23Z","24576"
"container_fs_usage_bytes","__name__=container_fs_usage_bytes;device=/rootfs/var;id=/;instance=cadvisor:8080;job=iot_service","2025-11-03T15:28:38Z","24576"
"container_fs_usage_bytes","__name__=container_fs_usage_bytes;device=/rootfs/var;id=/;instance=cadvisor:8080;job=iot_service","2025-11-03T15:28:53Z","24576"
"container_fs_usage_bytes","__name__=container_fs_usage_bytes;device=/rootfs/var;id=/;instance=cadvisor:8080;job=iot_service","2025-11-03T15:29:08Z","24576"
"container_fs_usage_bytes","__name__=container_fs_usage_bytes;device=/rootfs/var/lib/docker/rootfs/overlayfs/fdfc0724b613bbad2b29e38f548044caa8fa5ece06aea1f7630b8b07f070b604/dev;id=/;instance=cadvisor:8080;job=iot_service","2025-11-03T15:22:08Z","0"
"container_fs_usage_bytes","__name__=container_fs_usage_bytes;device=/rootfs/var/lib/docker/rootfs/overlayfs/fdfc0724b613bbad2b29e38f548044caa8fa5ece06aea1f7630b8b07f070b604/dev;id=/;instance=cadvisor:8080;job=iot_service","2025-11-03T15:22:23Z","0"
"container_fs_usage_bytes","__name__=container_fs_usage_bytes;device=/rootfs/var/lib/docker/rootfs/overlayfs/fdfc0724b613bbad2b29e38f548044caa8fa5ece06aea1f7630b8b07f070b604/dev;id=/;instance=cadvisor:8080;job=iot_service","2025-11-03T15:22:38Z","0"
"container_fs_usage_bytes","__name__=container_fs_usage_bytes;device=/rootfs/var/lib/docker/rootfs/overlayfs/fdfc0724b613bbad2b29e38f548044caa8fa5ece06aea1f7630b8b07f070b604/dev;id=/;instance=cadvisor:8080;job=iot_service","2025-11-03T15:22:53Z","0"
"container_fs_usage_bytes","__name__=container_fs_usage_bytes;device=/rootfs/var/lib/docker/rootfs/overlayfs/fdfc0724b613bbad2b29e38f548044caa8fa5ece06aea1f7630b8b07f070b604/dev;id=/;instance=cadvisor:8080;job=iot_service","2025-11-03T15:23:08Z","0"
"container_fs_usage_bytes","__name__=container_fs_usage_bytes;device=/rootfs/var/lib/docker/rootfs/overlayfs/fdfc0724b613bbad2b29e38f548044caa8fa5ece06aea1f7630b8b07f070b604/dev;id=/;instance=cadvisor:8080;job=iot_service","2025-11-03T15:23:23Z","0"
"container_fs_usage_bytes","__name__=container_fs_usage_bytes;device=/rootfs/var/lib/docker/rootfs/overlayfs/fdfc0724b613bbad2b29e38f548044caa8fa5ece06aea1f7630b8b07f070b604/dev;id=/;instance=cadvisor:8080;job=iot_service","2025-11-03T15:23:38Z","0"
"container_fs_usage_bytes","__name__=container_fs_usage_bytes;device=/rootfs/var/lib/docker/rootfs/overlayfs/fdfc0724b613bbad2b29e38f548044caa8fa5ece06aea1f7630b8b07f070b604/dev;id=/;instance=cadvisor:8080;job=iot_service","2025-11-03T15:23:53Z","0"
"container_fs_usage_bytes","__name__=container_fs_usage_bytes;device=/rootfs/var/lib/docker/rootfs/overlayfs/fdfc0724b613bbad2b29e38f548044caa8fa5ece06aea1f7630b8b07f070b604/dev;id=/;instance=cadvisor:8080;job=iot_service","2025-11-03T15:24:08Z","0"
"container_fs_usage_bytes","__name__=container_fs_usage_bytes;device=/rootfs/var/lib/docker/rootfs/overlayfs/fdfc0724b613bbad2b29e38f548044caa8fa5ece06aea1f7630b8b07f070b604/dev;id=/;instance=cadvisor:8080;job=iot_service","2025-11-03T15:24:23Z","0"
"container_fs_usage_bytes","__name__=container_fs_usage_bytes;device=/rootfs/var/lib/docker/rootfs/overlayfs/fdfc0724b613bbad2b29e38f548044caa8fa5ece06aea1f7630b8b07f070b604/dev;id=/;instance=cadvisor:8080;job=iot_service","2025-11-03T15:24:38Z","0"
"container_fs_usage_bytes","__name__=container_fs_usage_bytes;device=/rootfs/var/lib/docker/rootfs/overlayfs/fdfc0724b613bbad2b29e38f548044caa8fa5ece06aea1f7630b8b07f070b604/dev;id=/;instance=cadvisor:8080;job=iot_service","2025-11-03T15:24:53Z","0"
"container_fs_usage_bytes","__name__=container_fs_usage_bytes;device=/rootfs/var/lib/docker/rootfs/overlayfs/fdfc0724b613bbad2b29e38f548044caa8fa5ece06aea1f7630b8b07f070b604/dev;id=/;instance=cadvisor:8080;job=iot_service","2025-11-03T15:25:08Z","0"
"container_fs_usage_bytes","__name__=container_fs_usage_bytes;device=/rootfs/var/lib/docker/rootfs/overlayfs/fdfc0724b613bbad2b29e38f548044caa8fa5ece06aea1f7630b8b07f070b604/dev;id=/;instance=cadvisor:8080;job=iot_service","2025-11-03T15:25:23Z","0"
"container_fs_usage_bytes","__name__=container_fs_usage_bytes;device=/rootfs/var/lib/docker/rootfs/overlayfs/fdfc0724b613bbad2b29e38f548044caa8fa5ece06aea1f7630b8b07f070b604/dev;id=/;instance=cadvisor:8080;job=iot_service","2025-11-03T15:25:38Z","0"
"container_fs_usage_bytes","__name__=container_fs_usage_bytes;device=/rootfs/var/lib/docker/rootfs/overlayfs/fdfc0724b613bbad2b29e38f548044caa8fa5ece06aea1f7630b8b07f070b604/dev;id=/;instance=cadvisor:8080;job=iot_service","2025-11-03T15:25:53Z","0"
"container_fs_usage_bytes","__name__=container_fs_usage_bytes;device=/rootfs/var/lib/docker/rootfs/overlayfs/fdfc0724b613bbad2b29e38f548044caa8fa5ece06aea1f7630b8b07f070b604/dev;id=/;instance=cadvisor:8080;job=iot_service","2025-11-03T15:26:08Z","0"
"container_fs_usage_bytes","__name__=container_fs_usage_bytes;device=/rootfs/var/lib/docker/rootfs/overlayfs/fdfc0724b613bbad2b29e38f548044caa8fa5ece06aea1f7630b8b07f070b604/dev;id=/;instance=cadvisor:8080;job=iot_service","2025-11-03T15:26:23Z","0"
"container_fs_usage_bytes","__name__=container_fs_usage_bytes;device=/rootfs/var/lib/docker/rootfs/overlayfs/fdfc0724b613bbad2b29e38f548044caa8fa5ece06aea1f7630b8b07f070b604/dev;id=/;instance=cadvisor:8080;job=iot_service","2025-11-03T15:26:38Z","0"
"container_fs_usage_bytes","__name__=container_fs_usage_bytes;device=/rootfs/var/lib/docker/rootfs/overlayfs/fdfc0724b613bbad2b29e38f548044caa8fa5ece06aea1f7630b8b07f070b604/dev;id=/;instance=cadvisor:8080;job=iot_service","2025-11-03T15:26:53Z","0"
"container_fs_usage_bytes","__name__=container_fs_usage_bytes;device=/rootfs/var/lib/docker/rootfs/overlayfs/fdfc0724b613bbad2b29e38f548044caa8fa5ece06aea1f7630b8b07f070b604/dev;id=/;instance=cadvisor:8080;job=iot_service","2025-11-03T15:27:08Z","0"
"container_fs_usage_bytes","__name__=container_fs_usage_bytes;device=/rootfs/var/lib/docker/rootfs/overlayfs/fdfc0724b613bbad2b29e38f548044caa8fa5ece06aea1f7630b8b07f070b604/dev;id=/;instance=cadvisor:8080;job=iot_service","2025-11-03T15:27:23Z","0"
"container_fs_usage_bytes","__name__=container_fs_usage_bytes;device=/rootfs/var/lib/docker/rootfs/overlayfs/fdfc0724b613bbad2b29e38f548044caa8fa5ece06aea1f7630b8b07f070b604/dev;id=/;instance=cadvisor:8080;job=iot_service","2025-11-03T15:27:38Z","0"
"container_fs_usage_bytes","__name__=container_fs_usage_bytes;device=/rootfs/var/lib/docker/rootfs/overlayfs/fdfc0724b613bbad2b29e38f548044caa8fa5ece06aea1f7630b8b07f070b604/dev;id=/;instance=cadvisor:8080;job=iot_service","2025-11-03T15:27:53Z","0"
"container_fs_usage_bytes","__name__=container_fs_usage_bytes;device=/rootfs/var/lib/docker/rootfs/overlayfs/fdfc0724b613bbad2b29e38f548044caa8fa5ece06aea1f7630b8b07f070b604/dev;id=/;instance=cadvisor:8080;job=iot_service","2025-11-03T15:28:08Z","0"
"container_fs_usage_bytes","__name__=container_fs_usage_bytes;device=/rootfs/var/lib/docker/rootfs/overlayfs/fdfc0724b613bbad2b29e38f548044caa8fa5ece06aea1f7630b8b07f070b604/dev;id=/;instance=cadvisor:8080;job=iot_service","2025-11-03T15:28:23Z","0"
"container_fs_usage_bytes","__name__=container_fs_usage_bytes;device=/rootfs/var/lib/docker/rootfs/overlayfs/fdfc0724b613bbad2b29e38f548044caa8fa5ece06aea1f7630b8b07f070b604/dev;id=/;instance=cadvisor:8080;job=iot_service","2025-11-03T15:28:38Z","0"
"container_fs_usage_bytes","__name__=container_fs_usage_bytes;device=/rootfs/var/lib/docker/rootfs/overlayfs/fdfc0724b613bbad2b29e38f548044caa8fa5ece06aea1f7630b8b07f070b604/dev;id=/;instance=cadvisor:8080;job=iot_service","2025-11-03T15:28:53Z","0"
"container_fs_usage_bytes","__name__=container_fs_usage_bytes;device=/rootfs/var/lib/docker/rootfs/overlayfs/fdfc0724b613bbad2b29e38f548044caa8fa5ece06aea1f7630b8b07f070b604/dev;id=/;instance=cadvisor:8080;job=iot_service","2025-11-03T15:29:08Z","0"
"container_fs_usage_bytes","__name__=container_fs_usage_bytes;device=/rootfs/var/lib/docker/rootfs/overlayfs/fdfc0724b613bbad2b29e38f548044caa8fa5ece06aea1f7630b8b07f070b604/dev/shm;id=/;instance=cadvisor:8080;job=iot_service","2025-11-03T15:22:08Z","0"
"container_fs_usage_bytes","__name__=container_fs_usage_bytes;device=/rootfs/var/lib/docker/rootfs/overlayfs/fdfc0724b613bbad2b29e38f548044caa8fa5ece06aea1f7630b8b07f070b604/dev/shm;id=/;instance=cadvisor:8080;job=iot_service","2025-11-03T15:22:23Z","0"
"container_fs_usage_bytes","__name__=container_fs_usage_bytes;device=/rootfs/var/lib/docker/rootfs/overlayfs/fdfc0724b613bbad2b29e38f548044caa8fa5ece06aea1f7630b8b07f070b604/dev/shm;id=/;instance=cadvisor:8080;job=iot_service","2025-11-03T15:22:38Z","0"
"container_fs_usage_bytes","__name__=container_fs_usage_bytes;device=/rootfs/var/lib/docker/rootfs/overlayfs/fdfc0724b613bbad2b29e38f548044caa8fa5ece06aea1f7630b8b07f070b604/dev/shm;id=/;instance=cadvisor:8080;job=iot_service","2025-11-03T15:22:53Z","0"
"container_fs_usage_bytes","__name__=container_fs_usage_bytes;device=/rootfs/var/lib/docker/rootfs/overlayfs/fdfc0724b613bbad2b29e38f548044caa8fa5ece06aea1f7630b8b07f070b604/dev/shm;id=/;instance=cadvisor:8080;job=iot_service","2025-11-03T15:23:08Z","0"
"container_fs_usage_bytes","__name__=container_fs_usage_bytes;device=/rootfs/var/lib/docker/rootfs/overlayfs/fdfc0724b613bbad2b29e38f548044caa8fa5ece06aea1f7630b8b07f070b604/dev/shm;id=/;instance=cadvisor:8080;job=iot_service","2025-11-03T15:23:23Z","0"
"container_fs_usage_bytes","__name__=container_fs_usage_bytes;device=/rootfs/var/lib/docker/rootfs/overlayfs/fdfc0724b613bbad2b29e38f548044caa8fa5ece06aea1f7630b8b07f070b604/dev/shm;id=/;instance=cadvisor:8080;job=iot_service","2025-11-03T15:23:38Z","0"
"container_fs_usage_bytes","__name__=container_fs_usage_bytes;device=/rootfs/var/lib/docker/rootfs/overlayfs/fdfc0724b613bbad2b29e38f548044caa8fa5ece06aea1f7630b8b07f070b604/dev/shm;id=/;instance=cadvisor:8080;job=iot_service","2025-11-03T15:23:53Z","0"
"container_fs_usage_bytes","__name__=container_fs_usage_bytes;device=/rootfs/var/lib/docker/rootfs/overlayfs/fdfc0724b613bbad2b29e38f548044caa8fa5ece06aea1f7630b8b07f070b604/dev/shm;id=/;instance=cadvisor:8080;job=iot_service","2025-11-03T15:24:08Z","0"
"container_fs_usage_bytes","__name__=container_fs_usage_bytes;device=/rootfs/var/lib/docker/rootfs/overlayfs/fdfc0724b613bbad2b29e38f548044caa8fa5ece06aea1f7630b8b07f070b604/dev/shm;id=/;instance=cadvisor:8080;job=iot_service","2025-11-03T15:24:23Z","0"
"container_fs_usage_bytes","__name__=container_fs_usage_bytes;device=/rootfs/var/lib/docker/rootfs/overlayfs/fdfc0724b613bbad2b29e38f548044caa8fa5ece06aea1f7630b8b07f070b604/dev/shm;id=/;instance=cadvisor:8080;job=iot_service","2025-11-03T15:24:38Z","0"
"container_fs_usage_bytes","__name__=container_fs_usage_bytes;device=/rootfs/var/lib/docker/rootfs/overlayfs/fdfc0724b613bbad2b29e38f548044caa8fa5ece06aea1f7630b8b07f070b604/dev/shm;id=/;instance=cadvisor:8080;job=iot_service","2025-11-03T15:24:53Z","0"
"container_fs_usage_bytes","__name__=container_fs_usage_bytes;device=/rootfs/var/lib/docker/rootfs/overlayfs/fdfc0724b613bbad2b29e38f548044caa8fa5ece06aea1f7630b8b07f070b604/dev/shm;id=/;instance=cadvisor:8080;job=iot_service","2025-11-03T15:25:08Z","0"
"container_fs_usage_bytes","__name__=container_fs_usage_bytes;device=/rootfs/var/lib/docker/rootfs/overlayfs/fdfc0724b613bbad2b29e38f548044caa8fa5ece06aea1f7630b8b07f070b604/dev/shm;id=/;instance=cadvisor:8080;job=iot_service","2025-11-03T15:25:23Z","0"
"container_fs_usage_bytes","__name__=container_fs_usage_bytes;device=/rootfs/var/lib/docker/rootfs/overlayfs/fdfc0724b613bbad2b29e38f548044caa8fa5ece06aea1f7630b8b07f070b604/dev/shm;id=/;instance=cadvisor:8080;job=iot_service","2025-11-03T15:25:38Z","0"
"container_fs_usage_bytes","__name__=container_fs_usage_bytes;device=/rootfs/var/lib/docker/rootfs/overlayfs/fdfc0724b613bbad2b29e38f548044caa8fa5ece06aea1f7630b8b07f070b604/dev/shm;id=/;instance=cadvisor:8080;job=iot_service","2025-11-03T15:25:53Z","0"
"container_fs_usage_bytes","__name__=container_fs_usage_bytes;device=/rootfs/var/lib/docker/rootfs/overlayfs/fdfc0724b613bbad2b29e38f548044caa8fa5ece06aea1f7630b8b07f070b604/dev/shm;id=/;instance=cadvisor:8080;job=iot_service","2025-11-03T15:26:08Z","0"
"container_fs_usage_bytes","__name__=container_fs_usage_bytes;device=/rootfs/var/lib/docker/rootfs/overlayfs/fdfc0724b613bbad2b29e38f548044caa8fa5ece06aea1f7630b8b07f070b604/dev/shm;id=/;instance=cadvisor:8080;job=iot_service","2025-11-03T15:26:23Z","0"
"container_fs_usage_bytes","__name__=container_fs_usage_bytes;device=/rootfs/var/lib/docker/rootfs/overlayfs/fdfc0724b613bbad2b29e38f548044caa8fa5ece06aea1f7630b8b07f070b604/dev/shm;id=/;instance=cadvisor:8080;job=iot_service","2025-11-03T15:26:38Z","0"
"container_fs_usage_bytes","__name__=container_fs_usage_bytes;device=/rootfs/var/lib/docker/rootfs/overlayfs/fdfc0724b613bbad2b29e38f548044caa8fa5ece06aea1f7630b8b07f070b604/dev/shm;id=/;instance=cadvisor:8080;job=iot_service","2025-11-03T15:26:53Z","0"
"container_fs_usage_bytes","__name__=container_fs_usage_bytes;device=/rootfs/var/lib/docker/rootfs/overlayfs/fdfc0724b613bbad2b29e38f548044caa8fa5ece06aea1f7630b8b07f070b604/dev/shm;id=/;instance=cadvisor:8080;job=iot_service","2025-11-03T15:27:08Z","0"
"container_fs_usage_bytes","__name__=container_fs_usage_bytes;device=/rootfs/var/lib/docker/rootfs/overlayfs/fdfc0724b613bbad2b29e38f548044caa8fa5ece06aea1f7630b8b07f070b604/dev/shm;id=/;instance=cadvisor:8080;job=iot_service","2025-11-03T15:27:23Z","0"
"container_fs_usage_bytes","__name__=container_fs_usage_bytes;device=/rootfs/var/lib/docker/rootfs/overlayfs/fdfc0724b613bbad2b29e38f548044caa8fa5ece06aea1f7630b8b07f070b604/dev/shm;id=/;instance=cadvisor:8080;job=iot_service","2025-11-03T15:27:38Z","0"
"container_fs_usage_bytes","__name__=container_fs_usage_bytes;device=/rootfs/var/lib/docker/rootfs/overlayfs/fdfc0724b613bbad2b29e38f548044caa8fa5ece06aea1f7630b8b07f070b604/dev/shm;id=/;instance=cadvisor:8080;job=iot_service","2025-11-03T15:27:53Z","0"
"container_fs_usage_bytes","__name__=container_fs_usage_bytes;device=/rootfs/var/lib/docker/rootfs/overlayfs/fdfc0724b613bbad2b29e38f548044caa8fa5ece06aea1f7630b8b07f070b604/dev/shm;id=/;instance=cadvisor:8080;job=iot_service","2025-11-03T15:28:08Z","0"
"container_fs_usage_bytes","__name__=container_fs_usage_bytes;device=/rootfs/var/lib/docker/rootfs/overlayfs/fdfc0724b613bbad2b29e38f548044caa8fa5ece06aea1f7630b8b07f070b604/dev/shm;id=/;instance=cadvisor:8080;job=iot_service","2025-11-03T15:28:23Z","0"
"container_fs_usage_bytes","__name__=container_fs_usage_bytes;device=/rootfs/var/lib/docker/rootfs/overlayfs/fdfc0724b613bbad2b29e38f548044caa8fa5ece06aea1f7630b8b07f070b604/dev/shm;id=/;instance=cadvisor:8080;job=iot_service","2025-11-03T15:28:38Z","0"
"container_fs_usage_bytes","__name__=container_fs_usage_bytes;device=/rootfs/var/lib/docker/rootfs/overlayfs/fdfc0724b613bbad2b29e38f548044caa8fa5ece06aea1f7630b8b07f070b604/dev/shm;id=/;instance=cadvisor:8080;job=iot_service","2025-11-03T15:28:53Z","0"
"container_fs_usage_bytes","__name__=container_fs_usage_bytes;device=/rootfs/var/lib/docker/rootfs/overlayfs/fdfc0724b613bbad2b29e38f548044caa8fa5ece06aea1f7630b8b07f070b604/dev/shm;id=/;instance=cadvisor:8080;job=iot_service","2025-11-03T15:29:08Z","0"
"container_fs_usage_bytes","__name__=container_fs_usage_bytes;device=/sys/firmware;id=/;instance=cadvisor:8080;job=iot_service","2025-11-03T15:22:08Z","0"
"container_fs_usage_bytes","__name__=container_fs_usage_bytes;device=/sys/firmware;id=/;instance=cadvisor:8080;job=iot_service","2025-11-03T15:22:23Z","0"
"container_fs_usage_bytes","__name__=container_fs_usage_bytes;device=/sys/firmware;id=/;instance=cadvisor:8080;job=iot_service","2025-11-03T15:22:38Z","0"
"container_fs_usage_bytes","__name__=container_fs_usage_bytes;device=/sys/firmware;id=/;instance=cadvisor:8080;job=iot_service","2025-11-03T15:22:53Z","0"
"container_fs_usage_bytes","__name__=container_fs_usage_bytes;device=/sys/firmware;id=/;instance=cadvisor:8080;job=iot_service","2025-11-03T15:23:08Z","0"
"container_fs_usage_bytes","__name__=container_fs_usage_bytes;device=/sys/firmware;id=/;instance=cadvisor:8080;job=iot_service","2025-11-03T15:23:23Z","0"
"container_fs_usage_bytes","__name__=container_fs_usage_bytes;device=/sys/firmware;id=/;instance=cadvisor:8080;job=iot_service","2025-11-03T15:23:38Z","0"
"container_fs_usage_bytes","__name__=container_fs_usage_bytes;device=/sys/firmware;id=/;instance=cadvisor:8080;job=iot_service","2025-11-03T15:23:53Z","0"
"container_fs_usage_bytes","__name__=container_fs_usage_bytes;device=/sys/firmware;id=/;instance=cadvisor:8080;job=iot_service","2025-11-03T15:24:08Z","0"
"container_fs_usage_bytes","__name__=container_fs_usage_bytes;device=/sys/firmware;id=/;instance=cadvisor:8080;job=iot_service","2025-11-03T15:24:23Z","0"
"container_fs_usage_bytes","__name__=container_fs_usage_bytes;device=/sys/firmware;id=/;instance=cadvisor:8080;job=iot_service","2025-11-03T15:24:38Z","0"
"container_fs_usage_bytes","__name__=container_fs_usage_bytes;device=/sys/firmware;id=/;instance=cadvisor:8080;job=iot_service","2025-11-03T15:24:53Z","0"
"container_fs_usage_bytes","__name__=container_fs_usage_bytes;device=/sys/firmware;id=/;instance=cadvisor:8080;job=iot_service","2025-11-03T15:25:08Z","0"
"container_fs_usage_bytes","__name__=container_fs_usage_bytes;device=/sys/firmware;id=/;instance=cadvisor:8080;job=iot_service","2025-11-03T15:25:23Z","0"
"container_fs_usage_bytes","__name__=container_fs_usage_bytes;device=/sys/firmware;id=/;instance=cadvisor:8080;job=iot_service","2025-11-03T15:25:38Z","0"
"container_fs_usage_bytes","__name__=container_fs_usage_bytes;device=/sys/firmware;id=/;instance=cadvisor:8080;job=iot_service","2025-11-03T15:25:53Z","0"
"container_fs_usage_bytes","__name__=container_fs_usage_bytes;device=/sys/firmware;id=/;instance=cadvisor:8080;job=iot_service","2025-11-03T15:26:08Z","0"
"container_fs_usage_bytes","__name__=container_fs_usage_bytes;device=/sys/firmware;id=/;instance=cadvisor:8080;job=iot_service","2025-11-03T15:26:23Z","0"
"container_fs_usage_bytes","__name__=container_fs_usage_bytes;device=/sys/firmware;id=/;instance=cadvisor:8080;job=iot_service","2025-11-03T15:26:38Z","0"
"container_fs_usage_bytes","__name__=container_fs_usage_bytes;device=/sys/firmware;id=/;instance=cadvisor:8080;job=iot_service","2025-11-03T15:26:53Z","0"
"container_fs_usage_bytes","__name__=container_fs_usage_bytes;device=/sys/firmware;id=/;instance=cadvisor:8080;job=iot_service","2025-11-03T15:27:08Z","0"
"container_fs_usage_bytes","__name__=container_fs_usage_bytes;device=/sys/firmware;id=/;instance=cadvisor:8080;job=iot_service","2025-11-03T15:27:23Z","0"
"container_fs_usage_bytes","__name__=container_fs_usage_bytes;device=/sys/firmware;id=/;instance=cadvisor:8080;job=iot_service","2025-11-03T15:27:38Z","0"
"container_fs_usage_bytes","__name__=container_fs_usage_bytes;device=/sys/firmware;id=/;instance=cadvisor:8080;job=iot_service","2025-11-03T15:27:53Z","0"
"container_fs_usage_bytes","__name__=container_fs_usage_bytes;device=/sys/firmware;id=/;instance=cadvisor:8080;job=iot_service","2025-11-03T15:28:08Z","0"
"container_fs_usage_bytes","__name__=container_fs_usage_bytes;device=/sys/firmware;id=/;instance=cadvisor:8080;job=iot_service","2025-11-03T15:28:23Z","0"
"container_fs_usage_bytes","__name__=container_fs_usage_bytes;device=/sys/firmware;id=/;instance=cadvisor:8080;job=iot_service","2025-11-03T15:28:38Z","0"
"container_fs_usage_bytes","__name__=container_fs_usage_bytes;device=/sys/firmware;id=/;instance=cadvisor:8080;job=iot_service","2025-11-03T15:28:53Z","0"
"container_fs_usage_bytes","__name__=container_fs_usage_bytes;device=/sys/firmware;id=/;instance=cadvisor:8080;job=iot_service","2025-11-03T15:29:08Z","0"
"container_fs_usage_bytes","__name__=container_fs_usage_bytes;device=/var/lib/docker/rootfs/overlayfs/fdfc0724b613bbad2b29e38f548044caa8fa5ece06aea1f7630b8b07f070b604/dev;id=/;instance=cadvisor:8080;job=iot_service","2025-11-03T15:22:08Z","0"
"container_fs_usage_bytes","__name__=container_fs_usage_bytes;device=/var/lib/docker/rootfs/overlayfs/fdfc0724b613bbad2b29e38f548044caa8fa5ece06aea1f7630b8b07f070b604/dev;id=/;instance=cadvisor:8080;job=iot_service","2025-11-03T15:22:23Z","0"
"container_fs_usage_bytes","__name__=container_fs_usage_bytes;device=/var/lib/docker/rootfs/overlayfs/fdfc0724b613bbad2b29e38f548044caa8fa5ece06aea1f7630b8b07f070b604/dev;id=/;instance=cadvisor:8080;job=iot_service","2025-11-03T15:22:38Z","0"
"container_fs_usage_bytes","__name__=container_fs_usage_bytes;device=/var/lib/docker/rootfs/overlayfs/fdfc0724b613bbad2b29e38f548044caa8fa5ece06aea1f7630b8b07f070b604/dev;id=/;instance=cadvisor:8080;job=iot_service","2025-11-03T15:22:53Z","0"
"container_fs_usage_bytes","__name__=container_fs_usage_bytes;device=/var/lib/docker/rootfs/overlayfs/fdfc0724b613bbad2b29e38f548044caa8fa5ece06aea1f7630b8b07f070b604/dev;id=/;instance=cadvisor:8080;job=iot_service","2025-11-03T15:23:08Z","0"
"container_fs_usage_bytes","__name__=container_fs_usage_bytes;device=/var/lib/docker/rootfs/overlayfs/fdfc0724b613bbad2b29e38f548044caa8fa5ece06aea1f7630b8b07f070b604/dev;id=/;instance=cadvisor:8080;job=iot_service","2025-11-03T15:23:23Z","0"
"container_fs_usage_bytes","__name__=container_fs_usage_bytes;device=/var/lib/docker/rootfs/overlayfs/fdfc0724b613bbad2b29e38f548044caa8fa5ece06aea1f7630b8b07f070b604/dev;id=/;instance=cadvisor:8080;job=iot_service","2025-11-03T15:23:38Z","0"
"container_fs_usage_bytes","__name__=container_fs_usage_bytes;device=/var/lib/docker/rootfs/overlayfs/fdfc0724b613bbad2b29e38f548044caa8fa5ece06aea1f7630b8b07f070b604/dev;id=/;instance=cadvisor:8080;job=iot_service","2025-11-03T15:23:53Z","0"
"container_fs_usage_bytes","__name__=container_fs_usage_bytes;device=/var/lib/docker/rootfs/overlayfs/fdfc0724b613bbad2b29e38f548044caa8fa5ece06aea1f7630b8b07f070b604/dev;id=/;instance=cadvisor:8080;job=iot_service","2025-11-03T15:24:08Z","0"
"container_fs_usage_bytes","__name__=container_fs_usage_bytes;device=/var/lib/docker/rootfs/overlayfs/fdfc0724b613bbad2b29e38f548044caa8fa5ece06aea1f7630b8b07f070b604/dev;id=/;instance=cadvisor:8080;job=iot_service","2025-11-03T15:24:23Z","0"
"container_fs_usage_bytes","__name__=container_fs_usage_bytes;device=/var/lib/docker/rootfs/overlayfs/fdfc0724b613bbad2b29e38f548044caa8fa5ece06aea1f7630b8b07f070b604/dev;id=/;instance=cadvisor:8080;job=iot_service","2025-11-03T15:24:38Z","0"
"container_fs_usage_bytes","__name__=container_fs_usage_bytes;device=/var/lib/docker/rootfs/overlayfs/fdfc0724b613bbad2b29e38f548044caa8fa5ece06aea1f7630b8b07f070b604/dev;id=/;instance=cadvisor:8080;job=iot_service","2025-11-03T15:24:53Z","0"
"container_fs_usage_bytes","__name__=container_fs_usage_bytes;device=/var/lib/docker/rootfs/overlayfs/fdfc0724b613bbad2b29e38f548044caa8fa5ece06aea1f7630b8b07f070b604/dev;id=/;instance=cadvisor:8080;job=iot_service","2025-11-03T15:25:08Z","0"
"container_fs_usage_bytes","__name__=container_fs_usage_bytes;device=/var/lib/docker/rootfs/overlayfs/fdfc0724b613bbad2b29e38f548044caa8fa5ece06aea1f7630b8b07f070b604/dev;id=/;instance=cadvisor:8080;job=iot_service","2025-11-03T15:25:23Z","0"
"container_fs_usage_bytes","__name__=container_fs_usage_bytes;device=/var/lib/docker/rootfs/overlayfs/fdfc0724b613bbad2b29e38f548044caa8fa5ece06aea1f7630b8b07f070b604/dev;id=/;instance=cadvisor:8080;job=iot_service","2025-11-03T15:25:38Z","0"
"container_fs_usage_bytes","__name__=container_fs_usage_bytes;device=/var/lib/docker/rootfs/overlayfs/fdfc0724b613bbad2b29e38f548044caa8fa5ece06aea1f7630b8b07f070b604/dev;id=/;instance=cadvisor:8080;job=iot_service","2025-11-03T15:25:53Z","0"
"container_fs_usage_bytes","__name__=container_fs_usage_bytes;device=/var/lib/docker/rootfs/overlayfs/fdfc0724b613bbad2b29e38f548044caa8fa5ece06aea1f7630b8b07f070b604/dev;id=/;instance=cadvisor:8080;job=iot_service","2025-11-03T15:26:08Z","0"
"container_fs_usage_bytes","__name__=container_fs_usage_bytes;device=/var/lib/docker/rootfs/overlayfs/fdfc0724b613bbad2b29e38f548044caa8fa5ece06aea1f7630b8b07f070b604/dev;id=/;instance=cadvisor:8080;job=iot_service","2025-11-03T15:26:23Z","0"
"container_fs_usage_bytes","__name__=container_fs_usage_bytes;device=/var/lib/docker/rootfs/overlayfs/fdfc0724b613bbad2b29e38f548044caa8fa5ece06aea1f7630b8b07f070b604/dev;id=/;instance=cadvisor:8080;job=iot_service","2025-11-03T15:26:38Z","0"
"container_fs_usage_bytes","__name__=container_fs_usage_bytes;device=/var/lib/docker/rootfs/overlayfs/fdfc0724b613bbad2b29e38f548044caa8fa5ece06aea1f7630b8b07f070b604/dev;id=/;instance=cadvisor:8080;job=iot_service","2025-11-03T15:26:53Z","0"
"container_fs_usage_bytes","__name__=container_fs_usage_bytes;device=/var/lib/docker/rootfs/overlayfs/fdfc0724b613bbad2b29e38f548044caa8fa5ece06aea1f7630b8b07f070b604/dev;id=/;instance=cadvisor:8080;job=iot_service","2025-11-03T15:27:08Z","0"
"container_fs_usage_bytes","__name__=container_fs_usage_bytes;device=/var/lib/docker/rootfs/overlayfs/fdfc0724b613bbad2b29e38f548044caa8fa5ece06aea1f7630b8b07f070b604/dev;id=/;instance=cadvisor:8080;job=iot_service","2025-11-03T15:27:23Z","0"
"container_fs_usage_bytes","__name__=container_fs_usage_bytes;device=/var/lib/docker/rootfs/overlayfs/fdfc0724b613bbad2b29e38f548044caa8fa5ece06aea1f7630b8b07f070b604/dev;id=/;instance=cadvisor:8080;job=iot_service","2025-11-03T15:27:38Z","0"
"container_fs_usage_bytes","__name__=container_fs_usage_bytes;device=/var/lib/docker/rootfs/overlayfs/fdfc0724b613bbad2b29e38f548044caa8fa5ece06aea1f7630b8b07f070b604/dev;id=/;instance=cadvisor:8080;job=iot_service","2025-11-03T15:27:53Z","0"
"container_fs_usage_bytes","__name__=container_fs_usage_bytes;device=/var/lib/docker/rootfs/overlayfs/fdfc0724b613bbad2b29e38f548044caa8fa5ece06aea1f7630b8b07f070b604/dev;id=/;instance=cadvisor:8080;job=iot_service","2025-11-03T15:28:08Z","0"
"container_fs_usage_bytes","__name__=container_fs_usage_bytes;device=/var/lib/docker/rootfs/overlayfs/fdfc0724b613bbad2b29e38f548044caa8fa5ece06aea1f7630b8b07f070b604/dev;id=/;instance=cadvisor:8080;job=iot_service","2025-11-03T15:28:23Z","0"
"container_fs_usage_bytes","__name__=container_fs_usage_bytes;device=/var/lib/docker/rootfs/overlayfs/fdfc0724b613bbad2b29e38f548044caa8fa5ece06aea1f7630b8b07f070b604/dev;id=/;instance=cadvisor:8080;job=iot_service","2025-11-03T15:28:38Z","0"
"container_fs_usage_bytes","__name__=container_fs_usage_bytes;device=/var/lib/docker/rootfs/overlayfs/fdfc0724b613bbad2b29e38f548044caa8fa5ece06aea1f7630b8b07f070b604/dev;id=/;instance=cadvisor:8080;job=iot_service","2025-11-03T15:28:53Z","0"
"container_fs_usage_bytes","__name__=container_fs_usage_bytes;device=/var/lib/docker/rootfs/overlayfs/fdfc0724b613bbad2b29e38f548044caa8fa5ece06aea1f7630b8b07f070b604/dev;id=/;instance=cadvisor:8080;job=iot_service","2025-11-03T15:29:08Z","0"
"container_fs_usage_bytes","__name__=container_fs_usage_bytes;device=/var/lib/docker/rootfs/overlayfs/fdfc0724b613bbad2b29e38f548044caa8fa5ece06aea1f7630b8b07f070b604/dev/shm;id=/;instance=cadvisor:8080;job=iot_service","2025-11-03T15:22:08Z","0"
"container_fs_usage_bytes","__name__=container_fs_usage_bytes;device=/var/lib/docker/rootfs/overlayfs/fdfc0724b613bbad2b29e38f548044caa8fa5ece06aea1f7630b8b07f070b604/dev/shm;id=/;instance=cadvisor:8080;job=iot_service","2025-11-03T15:22:23Z","0"
"container_fs_usage_bytes","__name__=container_fs_usage_bytes;device=/var/lib/docker/rootfs/overlayfs/fdfc0724b613bbad2b29e38f548044caa8fa5ece06aea1f7630b8b07f070b604/dev/shm;id=/;instance=cadvisor:8080;job=iot_service","2025-11-03T15:22:38Z","0"
"container_fs_usage_bytes","__name__=container_fs_usage_bytes;device=/var/lib/docker/rootfs/overlayfs/fdfc0724b613bbad2b29e38f548044caa8fa5ece06aea1f7630b8b07f070b604/dev/shm;id=/;instance=cadvisor:8080;job=iot_service","2025-11-03T15:22:53Z","0"
"container_fs_usage_bytes","__name__=container_fs_usage_bytes;device=/var/lib/docker/rootfs/overlayfs/fdfc0724b613bbad2b29e38f548044caa8fa5ece06aea1f7630b8b07f070b604/dev/shm;id=/;instance=cadvisor:8080;job=iot_service","2025-11-03T15:23:08Z","0"
"container_fs_usage_bytes","__name__=container_fs_usage_bytes;device=/var/lib/docker/rootfs/overlayfs/fdfc0724b613bbad2b29e38f548044caa8fa5ece06aea1f7630b8b07f070b604/dev/shm;id=/;instance=cadvisor:8080;job=iot_service","2025-11-03T15:23:23Z","0"
"container_fs_usage_bytes","__name__=container_fs_usage_bytes;device=/var/lib/docker/rootfs/overlayfs/fdfc0724b613bbad2b29e38f548044caa8fa5ece06aea1f7630b8b07f070b604/dev/shm;id=/;instance=cadvisor:8080;job=iot_service","2025-11-03T15:23:38Z","0"
"container_fs_usage_bytes","__name__=container_fs_usage_bytes;device=/var/lib/docker/rootfs/overlayfs/fdfc0724b613bbad2b29e38f548044caa8fa5ece06aea1f7630b8b07f070b604/dev/shm;id=/;instance=cadvisor:8080;job=iot_service","2025-11-03T15:23:53Z","0"
"container_fs_usage_bytes","__name__=container_fs_usage_bytes;device=/var/lib/docker/rootfs/overlayfs/fdfc0724b613bbad2b29e38f548044caa8fa5ece06aea1f7630b8b07f070b604/dev/shm;id=/;instance=cadvisor:8080;job=iot_service","2025-11-03T15:24:08Z","0"
"container_fs_usage_bytes","__name__=container_fs_usage_bytes;device=/var/lib/docker/rootfs/overlayfs/fdfc0724b613bbad2b29e38f548044caa8fa5ece06aea1f7630b8b07f070b604/dev/shm;id=/;instance=cadvisor:8080;job=iot_service","2025-11-03T15:24:23Z","0"
"container_fs_usage_bytes","__name__=container_fs_usage_bytes;device=/var/lib/docker/rootfs/overlayfs/fdfc0724b613bbad2b29e38f548044caa8fa5ece06aea1f7630b8b07f070b604/dev/shm;id=/;instance=cadvisor:8080;job=iot_service","2025-11-03T15:24:38Z","0"
"container_fs_usage_bytes","__name__=container_fs_usage_bytes;device=/var/lib/docker/rootfs/overlayfs/fdfc0724b613bbad2b29e38f548044caa8fa5ece06aea1f7630b8b07f070b604/dev/shm;id=/;instance=cadvisor:8080;job=iot_service","2025-11-03T15:24:53Z","0"
"container_fs_usage_bytes","__name__=container_fs_usage_bytes;device=/var/lib/docker/rootfs/overlayfs/fdfc0724b613bbad2b29e38f548044caa8fa5ece06aea1f7630b8b07f070b604/dev/shm;id=/;instance=cadvisor:8080;job=iot_service","2025-11-03T15:25:08Z","0"
"container_fs_usage_bytes","__name__=container_fs_usage_bytes;device=/var/lib/docker/rootfs/overlayfs/fdfc0724b613bbad2b29e38f548044caa8fa5ece06aea1f7630b8b07f070b604/dev/shm;id=/;instance=cadvisor:8080;job=iot_service","2025-11-03T15:25:23Z","0"
"container_fs_usage_bytes","__name__=container_fs_usage_bytes;device=/var/lib/docker/rootfs/overlayfs/fdfc0724b613bbad2b29e38f548044caa8fa5ece06aea1f7630b8b07f070b604/dev/shm;id=/;instance=cadvisor:8080;job=iot_service","2025-11-03T15:25:38Z","0"
"container_fs_usage_bytes","__name__=container_fs_usage_bytes;device=/var/lib/docker/rootfs/overlayfs/fdfc0724b613bbad2b29e38f548044caa8fa5ece06aea1f7630b8b07f070b604/dev/shm;id=/;instance=cadvisor:8080;job=iot_service","2025-11-03T15:25:53Z","0"
"container_fs_usage_bytes","__name__=container_fs_usage_bytes;device=/var/lib/docker/rootfs/overlayfs/fdfc0724b613bbad2b29e38f548044caa8fa5ece06aea1f7630b8b07f070b604/dev/shm;id=/;instance=cadvisor:8080;job=iot_service","2025-11-03T15:26:08Z","0"
"container_fs_usage_bytes","__name__=container_fs_usage_bytes;device=/var/lib/docker/rootfs/overlayfs/fdfc0724b613bbad2b29e38f548044caa8fa5ece06aea1f7630b8b07f070b604/dev/shm;id=/;instance=cadvisor:8080;job=iot_service","2025-11-03T15:26:23Z","0"
"container_fs_usage_bytes","__name__=container_fs_usage_bytes;device=/var/lib/docker/rootfs/overlayfs/fdfc0724b613bbad2b29e38f548044caa8fa5ece06aea1f7630b8b07f070b604/dev/shm;id=/;instance=cadvisor:8080;job=iot_service","2025-11-03T15:26:38Z","0"
"container_fs_usage_bytes","__name__=container_fs_usage_bytes;device=/var/lib/docker/rootfs/overlayfs/fdfc0724b613bbad2b29e38f548044caa8fa5ece06aea1f7630b8b07f070b604/dev/shm;id=/;instance=cadvisor:8080;job=iot_service","2025-11-03T15:26:53Z","0"
"container_fs_usage_bytes","__name__=container_fs_usage_bytes;device=/var/lib/docker/rootfs/overlayfs/fdfc0724b613bbad2b29e38f548044caa8fa5ece06aea1f7630b8b07f070b604/dev/shm;id=/;instance=cadvisor:8080;job=iot_service","2025-11-03T15:27:08Z","0"
"container_fs_usage_bytes","__name__=container_fs_usage_bytes;device=/var/lib/docker/rootfs/overlayfs/fdfc0724b613bbad2b29e38f548044caa8fa5ece06aea1f7630b8b07f070b604/dev/shm;id=/;instance=cadvisor:8080;job=iot_service","2025-11-03T15:27:23Z","0"
"container_fs_usage_bytes","__name__=container_fs_usage_bytes;device=/var/lib/docker/rootfs/overlayfs/fdfc0724b613bbad2b29e38f548044caa8fa5ece06aea1f7630b8b07f070b604/dev/shm;id=/;instance=cadvisor:8080;job=iot_service","2025-11-03T15:27:38Z","0"
"container_fs_usage_bytes","__name__=container_fs_usage_bytes;device=/var/lib/docker/rootfs/overlayfs/fdfc0724b613bbad2b29e38f548044caa8fa5ece06aea1f7630b8b07f070b604/dev/shm;id=/;instance=cadvisor:8080;job=iot_service","2025-11-03T15:27:53Z","0"
"container_fs_usage_bytes","__name__=container_fs_usage_bytes;device=/var/lib/docker/rootfs/overlayfs/fdfc0724b613bbad2b29e38f548044caa8fa5ece06aea1f7630b8b07f070b604/dev/shm;id=/;instance=cadvisor:8080;job=iot_service","2025-11-03T15:28:08Z","0"
"container_fs_usage_bytes","__name__=container_fs_usage_bytes;device=/var/lib/docker/rootfs/overlayfs/fdfc0724b613bbad2b29e38f548044caa8fa5ece06aea1f7630b8b07f070b604/dev/shm;id=/;instance=cadvisor:8080;job=iot_service","2025-11-03T15:28:23Z","0"
"container_fs_usage_bytes","__name__=container_fs_usage_bytes;device=/var/lib/docker/rootfs/overlayfs/fdfc0724b613bbad2b29e38f548044caa8fa5ece06aea1f7630b8b07f070b604/dev/shm;id=/;instance=cadvisor:8080;job=iot_service","2025-11-03T15:28:38Z","0"
"container_fs_usage_bytes","__name__=container_fs_usage_bytes;device=/var/lib/docker/rootfs/overlayfs/fdfc0724b613bbad2b29e38f548044caa8fa5ece06aea1f7630b8b07f070b604/dev/shm;id=/;instance=cadvisor:8080;job=iot_service","2025-11-03T15:28:53Z","0"
"container_fs_usage_bytes","__name__=container_fs_usage_bytes;device=/var/lib/docker/rootfs/overlayfs/fdfc0724b613bbad2b29e38f548044caa8fa5ece06aea1f7630b8b07f070b604/dev/shm;id=/;instance=cadvisor:8080;job=iot_service","2025-11-03T15:29:08Z","0"
"container_fs_usage_bytes","__name__=container_fs_usage_bytes;device=/var/lib/docker/rootfs/overlayfs/fdfc0724b613bbad2b29e38f548044caa8fa5ece06aea1f7630b8b07f070b604/rootfs/dev/shm;id=/;instance=cadvisor:8080;job=iot_service","2025-11-03T15:22:08Z","0"
"container_fs_usage_bytes","__name__=container_fs_usage_bytes;device=/var/lib/docker/rootfs/overlayfs/fdfc0724b613bbad2b29e38f548044caa8fa5ece06aea1f7630b8b07f070b604/rootfs/dev/shm;id=/;instance=cadvisor:8080;job=iot_service","2025-11-03T15:22:23Z","0"
"container_fs_usage_bytes","__name__=container_fs_usage_bytes;device=/var/lib/docker/rootfs/overlayfs/fdfc0724b613bbad2b29e38f548044caa8fa5ece06aea1f7630b8b07f070b604/rootfs/dev/shm;id=/;instance=cadvisor:8080;job=iot_service","2025-11-03T15:22:38Z","0"
"container_fs_usage_bytes","__name__=container_fs_usage_bytes;device=/var/lib/docker/rootfs/overlayfs/fdfc0724b613bbad2b29e38f548044caa8fa5ece06aea1f7630b8b07f070b604/rootfs/dev/shm;id=/;instance=cadvisor:8080;job=iot_service","2025-11-03T15:22:53Z","0"
"container_fs_usage_bytes","__name__=container_fs_usage_bytes;device=/var/lib/docker/rootfs/overlayfs/fdfc0724b613bbad2b29e38f548044caa8fa5ece06aea1f7630b8b07f070b604/rootfs/dev/shm;id=/;instance=cadvisor:8080;job=iot_service","2025-11-03T15:23:08Z","0"
"container_fs_usage_bytes","__name__=container_fs_usage_bytes;device=/var/lib/docker/rootfs/overlayfs/fdfc0724b613bbad2b29e38f548044caa8fa5ece06aea1f7630b8b07f070b604/rootfs/dev/shm;id=/;instance=cadvisor:8080;job=iot_service","2025-11-03T15:23:23Z","0"
"container_fs_usage_bytes","__name__=container_fs_usage_bytes;device=/var/lib/docker/rootfs/overlayfs/fdfc0724b613bbad2b29e38f548044caa8fa5ece06aea1f7630b8b07f070b604/rootfs/dev/shm;id=/;instance=cadvisor:8080;job=iot_service","2025-11-03T15:23:38Z","0"
"container_fs_usage_bytes","__name__=container_fs_usage_bytes;device=/var/lib/docker/rootfs/overlayfs/fdfc0724b613bbad2b29e38f548044caa8fa5ece06aea1f7630b8b07f070b604/rootfs/dev/shm;id=/;instance=cadvisor:8080;job=iot_service","2025-11-03T15:23:53Z","0"
"container_fs_usage_bytes","__name__=container_fs_usage_bytes;device=/var/lib/docker/rootfs/overlayfs/fdfc0724b613bbad2b29e38f548044caa8fa5ece06aea1f7630b8b07f070b604/rootfs/dev/shm;id=/;instance=cadvisor:8080;job=iot_service","2025-11-03T15:24:08Z","0"
"container_fs_usage_bytes","__name__=container_fs_usage_bytes;device=/var/lib/docker/rootfs/overlayfs/fdfc0724b613bbad2b29e38f548044caa8fa5ece06aea1f7630b8b07f070b604/rootfs/dev/shm;id=/;instance=cadvisor:8080;job=iot_service","2025-11-03T15:24:23Z","0"
"container_fs_usage_bytes","__name__=container_fs_usage_bytes;device=/var/lib/docker/rootfs/overlayfs/fdfc0724b613bbad2b29e38f548044caa8fa5ece06aea1f7630b8b07f070b604/rootfs/dev/shm;id=/;instance=cadvisor:8080;job=iot_service","2025-11-03T15:24:38Z","0"
"container_fs_usage_bytes","__name__=container_fs_usage_bytes;device=/var/lib/docker/rootfs/overlayfs/fdfc0724b613bbad2b29e38f548044caa8fa5ece06aea1f7630b8b07f070b604/rootfs/dev/shm;id=/;instance=cadvisor:8080;job=iot_service","2025-11-03T15:24:53Z","0"
"container_fs_usage_bytes","__name__=container_fs_usage_bytes;device=/var/lib/docker/rootfs/overlayfs/fdfc0724b613bbad2b29e38f548044caa8fa5ece06aea1f7630b8b07f070b604/rootfs/dev/shm;id=/;instance=cadvisor:8080;job=iot_service","2025-11-03T15:25:08Z","0"
"container_fs_usage_bytes","__name__=container_fs_usage_bytes;device=/var/lib/docker/rootfs/overlayfs/fdfc0724b613bbad2b29e38f548044caa8fa5ece06aea1f7630b8b07f070b604/rootfs/dev/shm;id=/;instance=cadvisor:8080;job=iot_service","2025-11-03T15:25:23Z","0"
"container_fs_usage_bytes","__name__=container_fs_usage_bytes;device=/var/lib/docker/rootfs/overlayfs/fdfc0724b613bbad2b29e38f548044caa8fa5ece06aea1f7630b8b07f070b604/rootfs/dev/shm;id=/;instance=cadvisor:8080;job=iot_service","2025-11-03T15:25:38Z","0"
"container_fs_usage_bytes","__name__=container_fs_usage_bytes;device=/var/lib/docker/rootfs/overlayfs/fdfc0724b613bbad2b29e38f548044caa8fa5ece06aea1f7630b8b07f070b604/rootfs/dev/shm;id=/;instance=cadvisor:8080;job=iot_service","2025-11-03T15:25:53Z","0"
"container_fs_usage_bytes","__name__=container_fs_usage_bytes;device=/var/lib/docker/rootfs/overlayfs/fdfc0724b613bbad2b29e38f548044caa8fa5ece06aea1f7630b8b07f070b604/rootfs/dev/shm;id=/;instance=cadvisor:8080;job=iot_service","2025-11-03T15:26:08Z","0"
"container_fs_usage_bytes","__name__=container_fs_usage_bytes;device=/var/lib/docker/rootfs/overlayfs/fdfc0724b613bbad2b29e38f548044caa8fa5ece06aea1f7630b8b07f070b604/rootfs/dev/shm;id=/;instance=cadvisor:8080;job=iot_service","2025-11-03T15:26:23Z","0"
"container_fs_usage_bytes","__name__=container_fs_usage_bytes;device=/var/lib/docker/rootfs/overlayfs/fdfc0724b613bbad2b29e38f548044caa8fa5ece06aea1f7630b8b07f070b604/rootfs/dev/shm;id=/;instance=cadvisor:8080;job=iot_service","2025-11-03T15:26:38Z","0"
"container_fs_usage_bytes","__name__=container_fs_usage_bytes;device=/var/lib/docker/rootfs/overlayfs/fdfc0724b613bbad2b29e38f548044caa8fa5ece06aea1f7630b8b07f070b604/rootfs/dev/shm;id=/;instance=cadvisor:8080;job=iot_service","2025-11-03T15:26:53Z","0"
"container_fs_usage_bytes","__name__=container_fs_usage_bytes;device=/var/lib/docker/rootfs/overlayfs/fdfc0724b613bbad2b29e38f548044caa8fa5ece06aea1f7630b8b07f070b604/rootfs/dev/shm;id=/;instance=cadvisor:8080;job=iot_service","2025-11-03T15:27:08Z","0"
"container_fs_usage_bytes","__name__=container_fs_usage_bytes;device=/var/lib/docker/rootfs/overlayfs/fdfc0724b613bbad2b29e38f548044caa8fa5ece06aea1f7630b8b07f070b604/rootfs/dev/shm;id=/;instance=cadvisor:8080;job=iot_service","2025-11-03T15:27:23Z","0"
"container_fs_usage_bytes","__name__=container_fs_usage_bytes;device=/var/lib/docker/rootfs/overlayfs/fdfc0724b613bbad2b29e38f548044caa8fa5ece06aea1f7630b8b07f070b604/rootfs/dev/shm;id=/;instance=cadvisor:8080;job=iot_service","2025-11-03T15:27:38Z","0"
"container_fs_usage_bytes","__name__=container_fs_usage_bytes;device=/var/lib/docker/rootfs/overlayfs/fdfc0724b613bbad2b29e38f548044caa8fa5ece06aea1f7630b8b07f070b604/rootfs/dev/shm;id=/;instance=cadvisor:8080;job=iot_service","2025-11-03T15:27:53Z","0"
"container_fs_usage_bytes","__name__=container_fs_usage_bytes;device=/var/lib/docker/rootfs/overlayfs/fdfc0724b613bbad2b29e38f548044caa8fa5ece06aea1f7630b8b07f070b604/rootfs/dev/shm;id=/;instance=cadvisor:8080;job=iot_service","2025-11-03T15:28:08Z","0"
"container_fs_usage_bytes","__name__=container_fs_usage_bytes;device=/var/lib/docker/rootfs/overlayfs/fdfc0724b613bbad2b29e38f548044caa8fa5ece06aea1f7630b8b07f070b604/rootfs/dev/shm;id=/;instance=cadvisor:8080;job=iot_service","2025-11-03T15:28:23Z","0"
"container_fs_usage_bytes","__name__=container_fs_usage_bytes;device=/var/lib/docker/rootfs/overlayfs/fdfc0724b613bbad2b29e38f548044caa8fa5ece06aea1f7630b8b07f070b604/rootfs/dev/shm;id=/;instance=cadvisor:8080;job=iot_service","2025-11-03T15:28:38Z","0"
"container_fs_usage_bytes","__name__=container_fs_usage_bytes;device=/var/lib/docker/rootfs/overlayfs/fdfc0724b613bbad2b29e38f548044caa8fa5ece06aea1f7630b8b07f070b604/rootfs/dev/shm;id=/;instance=cadvisor:8080;job=iot_service","2025-11-03T15:28:53Z","0"
"container_fs_usage_bytes","__name__=container_fs_usage_bytes;device=/var/lib/docker/rootfs/overlayfs/fdfc0724b613bbad2b29e38f548044caa8fa5ece06aea1f7630b8b07f070b604/rootfs/dev/shm;id=/;instance=cadvisor:8080;job=iot_service","2025-11-03T15:29:08Z","0"
"container_fs_usage_bytes","__name__=container_fs_usage_bytes;device=/var/lib/docker/rootfs/overlayfs/fdfc0724b613bbad2b29e38f548044caa8fa5ece06aea1f7630b8b07f070b604/rootfs/host_mnt;id=/;instance=cadvisor:8080;job=iot_service","2025-11-03T15:22:08Z","0"
"container_fs_usage_bytes","__name__=container_fs_usage_bytes;device=/var/lib/docker/rootfs/overlayfs/fdfc0724b613bbad2b29e38f548044caa8fa5ece06aea1f7630b8b07f070b604/rootfs/host_mnt;id=/;instance=cadvisor:8080;job=iot_service","2025-11-03T15:22:23Z","0"
"container_fs_usage_bytes","__name__=container_fs_usage_bytes;device=/var/lib/docker/rootfs/overlayfs/fdfc0724b613bbad2b29e38f548044caa8fa5ece06aea1f7630b8b07f070b604/rootfs/host_mnt;id=/;instance=cadvisor:8080;job=iot_service","2025-11-03T15:22:38Z","0"
"container_fs_usage_bytes","__name__=container_fs_usage_bytes;device=/var/lib/docker/rootfs/overlayfs/fdfc0724b613bbad2b29e38f548044caa8fa5ece06aea1f7630b8b07f070b604/rootfs/host_mnt;id=/;instance=cadvisor:8080;job=iot_service","2025-11-03T15:22:53Z","0"
"container_fs_usage_bytes","__name__=container_fs_usage_bytes;device=/var/lib/docker/rootfs/overlayfs/fdfc0724b613bbad2b29e38f548044caa8fa5ece06aea1f7630b8b07f070b604/rootfs/host_mnt;id=/;instance=cadvisor:8080;job=iot_service","2025-11-03T15:23:08Z","0"
"container_fs_usage_bytes","__name__=container_fs_usage_bytes;device=/var/lib/docker/rootfs/overlayfs/fdfc0724b613bbad2b29e38f548044caa8fa5ece06aea1f7630b8b07f070b604/rootfs/host_mnt;id=/;instance=cadvisor:8080;job=iot_service","2025-11-03T15:23:23Z","0"
"container_fs_usage_bytes","__name__=container_fs_usage_bytes;device=/var/lib/docker/rootfs/overlayfs/fdfc0724b613bbad2b29e38f548044caa8fa5ece06aea1f7630b8b07f070b604/rootfs/host_mnt;id=/;instance=cadvisor:8080;job=iot_service","2025-11-03T15:23:38Z","0"
"container_fs_usage_bytes","__name__=container_fs_usage_bytes;device=/var/lib/docker/rootfs/overlayfs/fdfc0724b613bbad2b29e38f548044caa8fa5ece06aea1f7630b8b07f070b604/rootfs/host_mnt;id=/;instance=cadvisor:8080;job=iot_service","2025-11-03T15:23:53Z","0"
"container_fs_usage_bytes","__name__=container_fs_usage_bytes;device=/var/lib/docker/rootfs/overlayfs/fdfc0724b613bbad2b29e38f548044caa8fa5ece06aea1f7630b8b07f070b604/rootfs/host_mnt;id=/;instance=cadvisor:8080;job=iot_service","2025-11-03T15:24:08Z","0"
"container_fs_usage_bytes","__name__=container_fs_usage_bytes;device=/var/lib/docker/rootfs/overlayfs/fdfc0724b613bbad2b29e38f548044caa8fa5ece06aea1f7630b8b07f070b604/rootfs/host_mnt;id=/;instance=cadvisor:8080;job=iot_service","2025-11-03T15:24:23Z","0"
"container_fs_usage_bytes","__name__=container_fs_usage_bytes;device=/var/lib/docker/rootfs/overlayfs/fdfc0724b613bbad2b29e38f548044caa8fa5ece06aea1f7630b8b07f070b604/rootfs/host_mnt;id=/;instance=cadvisor:8080;job=iot_service","2025-11-03T15:24:38Z","0"
"container_fs_usage_bytes","__name__=container_fs_usage_bytes;device=/var/lib/docker/rootfs/overlayfs/fdfc0724b613bbad2b29e38f548044caa8fa5ece06aea1f7630b8b07f070b604/rootfs/host_mnt;id=/;instance=cadvisor:8080;job=iot_service","2025-11-03T15:24:53Z","0"
"container_fs_usage_bytes","__name__=container_fs_usage_bytes;device=/var/lib/docker/rootfs/overlayfs/fdfc0724b613bbad2b29e38f548044caa8fa5ece06aea1f7630b8b07f070b604/rootfs/host_mnt;id=/;instance=cadvisor:8080;job=iot_service","2025-11-03T15:25:08Z","0"
"container_fs_usage_bytes","__name__=container_fs_usage_bytes;device=/var/lib/docker/rootfs/overlayfs/fdfc0724b613bbad2b29e38f548044caa8fa5ece06aea1f7630b8b07f070b604/rootfs/host_mnt;id=/;instance=cadvisor:8080;job=iot_service","2025-11-03T15:25:23Z","0"
"container_fs_usage_bytes","__name__=container_fs_usage_bytes;device=/var/lib/docker/rootfs/overlayfs/fdfc0724b613bbad2b29e38f548044caa8fa5ece06aea1f7630b8b07f070b604/rootfs/host_mnt;id=/;instance=cadvisor:8080;job=iot_service","2025-11-03T15:25:38Z","0"
"container_fs_usage_bytes","__name__=container_fs_usage_bytes;device=/var/lib/docker/rootfs/overlayfs/fdfc0724b613bbad2b29e38f548044caa8fa5ece06aea1f7630b8b07f070b604/rootfs/host_mnt;id=/;instance=cadvisor:8080;job=iot_service","2025-11-03T15:25:53Z","0"
"container_fs_usage_bytes","__name__=container_fs_usage_bytes;device=/var/lib/docker/rootfs/overlayfs/fdfc0724b613bbad2b29e38f548044caa8fa5ece06aea1f7630b8b07f070b604/rootfs/host_mnt;id=/;instance=cadvisor:8080;job=iot_service","2025-11-03T15:26:08Z","0"
"container_fs_usage_bytes","__name__=container_fs_usage_bytes;device=/var/lib/docker/rootfs/overlayfs/fdfc0724b613bbad2b29e38f548044caa8fa5ece06aea1f7630b8b07f070b604/rootfs/host_mnt;id=/;instance=cadvisor:8080;job=iot_service","2025-11-03T15:26:23Z","0"
"container_fs_usage_bytes","__name__=container_fs_usage_bytes;device=/var/lib/docker/rootfs/overlayfs/fdfc0724b613bbad2b29e38f548044caa8fa5ece06aea1f7630b8b07f070b604/rootfs/host_mnt;id=/;instance=cadvisor:8080;job=iot_service","2025-11-03T15:26:38Z","0"
"container_fs_usage_bytes","__name__=container_fs_usage_bytes;device=/var/lib/docker/rootfs/overlayfs/fdfc0724b613bbad2b29e38f548044caa8fa5ece06aea1f7630b8b07f070b604/rootfs/host_mnt;id=/;instance=cadvisor:8080;job=iot_service","2025-11-03T15:26:53Z","0"
"container_fs_usage_bytes","__name__=container_fs_usage_bytes;device=/var/lib/docker/rootfs/overlayfs/fdfc0724b613bbad2b29e38f548044caa8fa5ece06aea1f7630b8b07f070b604/rootfs/host_mnt;id=/;instance=cadvisor:8080;job=iot_service","2025-11-03T15:27:08Z","0"
"container_fs_usage_bytes","__name__=container_fs_usage_bytes;device=/var/lib/docker/rootfs/overlayfs/fdfc0724b613bbad2b29e38f548044caa8fa5ece06aea1f7630b8b07f070b604/rootfs/host_mnt;id=/;instance=cadvisor:8080;job=iot_service","2025-11-03T15:27:23Z","0"
"container_fs_usage_bytes","__name__=container_fs_usage_bytes;device=/var/lib/docker/rootfs/overlayfs/fdfc0724b613bbad2b29e38f548044caa8fa5ece06aea1f7630b8b07f070b604/rootfs/host_mnt;id=/;instance=cadvisor:8080;job=iot_service","2025-11-03T15:27:38Z","0"
"container_fs_usage_bytes","__name__=container_fs_usage_bytes;device=/var/lib/docker/rootfs/overlayfs/fdfc0724b613bbad2b29e38f548044caa8fa5ece06aea1f7630b8b07f070b604/rootfs/host_mnt;id=/;instance=cadvisor:8080;job=iot_service","2025-11-03T15:27:53Z","0"
"container_fs_usage_bytes","__name__=container_fs_usage_bytes;device=/var/lib/docker/rootfs/overlayfs/fdfc0724b613bbad2b29e38f548044caa8fa5ece06aea1f7630b8b07f070b604/rootfs/host_mnt;id=/;instance=cadvisor:8080;job=iot_service","2025-11-03T15:28:08Z","0"
"container_fs_usage_bytes","__name__=container_fs_usage_bytes;device=/var/lib/docker/rootfs/overlayfs/fdfc0724b613bbad2b29e38f548044caa8fa5ece06aea1f7630b8b07f070b604/rootfs/host_mnt;id=/;instance=cadvisor:8080;job=iot_service","2025-11-03T15:28:23Z","0"
"container_fs_usage_bytes","__name__=container_fs_usage_bytes;device=/var/lib/docker/rootfs/overlayfs/fdfc0724b613bbad2b29e38f548044caa8fa5ece06aea1f7630b8b07f070b604/rootfs/host_mnt;id=/;instance=cadvisor:8080;job=iot_service","2025-11-03T15:28:38Z","0"
"container_fs_usage_bytes","__name__=container_fs_usage_bytes;device=/var/lib/docker/rootfs/overlayfs/fdfc0724b613bbad2b29e38f548044caa8fa5ece06aea1f7630b8b07f070b604/rootfs/host_mnt;id=/;instance=cadvisor:8080;job=iot_service","2025-11-03T15:28:53Z","0"
"container_fs_usage_bytes","__name__=container_fs_usage_bytes;device=/var/lib/docker/rootfs/overlayfs/fdfc0724b613bbad2b29e38f548044caa8fa5ece06aea1f7630b8b07f070b604/rootfs/host_mnt;id=/;instance=cadvisor:8080;job=iot_service","2025-11-03T15:29:08Z","0"
"container_fs_usage_bytes","__name__=container_fs_usage_bytes;device=/var/lib/docker/rootfs/overlayfs/fdfc0724b613bbad2b29e38f548044caa8fa5ece06aea1f7630b8b07f070b604/rootfs/oldroot/run;id=/;instance=cadvisor:8080;job=iot_service","2025-11-03T15:22:08Z","471040"
"container_fs_usage_bytes","__name__=container_fs_usage_bytes;device=/var/lib/docker/rootfs/overlayfs/fdfc0724b613bbad2b29e38f548044caa8fa5ece06aea1f7630b8b07f070b604/rootfs/oldroot/run;id=/;instance=cadvisor:8080;job=iot_service","2025-11-03T15:22:23Z","471040"
"container_fs_usage_bytes","__name__=container_fs_usage_bytes;device=/var/lib/docker/rootfs/overlayfs/fdfc0724b613bbad2b29e38f548044caa8fa5ece06aea1f7630b8b07f070b604/rootfs/oldroot/run;id=/;instance=cadvisor:8080;job=iot_service","2025-11-03T15:22:38Z","471040"
"container_fs_usage_bytes","__name__=container_fs_usage_bytes;device=/var/lib/docker/rootfs/overlayfs/fdfc0724b613bbad2b29e38f548044caa8fa5ece06aea1f7630b8b07f070b604/rootfs/oldroot/run;id=/;instance=cadvisor:8080;job=iot_service","2025-11-03T15:22:53Z","471040"
"container_fs_usage_bytes","__name__=container_fs_usage_bytes;device=/var/lib/docker/rootfs/overlayfs/fdfc0724b613bbad2b29e38f548044caa8fa5ece06aea1f7630b8b07f070b604/rootfs/oldroot/run;id=/;instance=cadvisor:8080;job=iot_service","2025-11-03T15:23:08Z","471040"
"container_fs_usage_bytes","__name__=container_fs_usage_bytes;device=/var/lib/docker/rootfs/overlayfs/fdfc0724b613bbad2b29e38f548044caa8fa5ece06aea1f7630b8b07f070b604/rootfs/oldroot/run;id=/;instance=cadvisor:8080;job=iot_service","2025-11-03T15:23:23Z","471040"
"container_fs_usage_bytes","__name__=container_fs_usage_bytes;device=/var/lib/docker/rootfs/overlayfs/fdfc0724b613bbad2b29e38f548044caa8fa5ece06aea1f7630b8b07f070b604/rootfs/oldroot/run;id=/;instance=cadvisor:8080;job=iot_service","2025-11-03T15:23:38Z","471040"
"container_fs_usage_bytes","__name__=container_fs_usage_bytes;device=/var/lib/docker/rootfs/overlayfs/fdfc0724b613bbad2b29e38f548044caa8fa5ece06aea1f7630b8b07f070b604/rootfs/oldroot/run;id=/;instance=cadvisor:8080;job=iot_service","2025-11-03T15:23:53Z","471040"
"container_fs_usage_bytes","__name__=container_fs_usage_bytes;device=/var/lib/docker/rootfs/overlayfs/fdfc0724b613bbad2b29e38f548044caa8fa5ece06aea1f7630b8b07f070b604/rootfs/oldroot/run;id=/;instance=cadvisor:8080;job=iot_service","2025-11-03T15:24:08Z","471040"
"container_fs_usage_bytes","__name__=container_fs_usage_bytes;device=/var/lib/docker/rootfs/overlayfs/fdfc0724b613bbad2b29e38f548044caa8fa5ece06aea1f7630b8b07f070b604/rootfs/oldroot/run;id=/;instance=cadvisor:8080;job=iot_service","2025-11-03T15:24:23Z","471040"
"container_fs_usage_bytes","__name__=container_fs_usage_bytes;device=/var/lib/docker/rootfs/overlayfs/fdfc0724b613bbad2b29e38f548044caa8fa5ece06aea1f7630b8b07f070b604/rootfs/oldroot/run;id=/;instance=cadvisor:8080;job=iot_service","2025-11-03T15:24:38Z","471040"
"container_fs_usage_bytes","__name__=container_fs_usage_bytes;device=/var/lib/docker/rootfs/overlayfs/fdfc0724b613bbad2b29e38f548044caa8fa5ece06aea1f7630b8b07f070b604/rootfs/oldroot/run;id=/;instance=cadvisor:8080;job=iot_service","2025-11-03T15:24:53Z","471040"
"container_fs_usage_bytes","__name__=container_fs_usage_bytes;device=/var/lib/docker/rootfs/overlayfs/fdfc0724b613bbad2b29e38f548044caa8fa5ece06aea1f7630b8b07f070b604/rootfs/oldroot/run;id=/;instance=cadvisor:8080;job=iot_service","2025-11-03T15:25:08Z","471040"
"container_fs_usage_bytes","__name__=container_fs_usage_bytes;device=/var/lib/docker/rootfs/overlayfs/fdfc0724b613bbad2b29e38f548044caa8fa5ece06aea1f7630b8b07f070b604/rootfs/oldroot/run;id=/;instance=cadvisor:8080;job=iot_service","2025-11-03T15:25:23Z","471040"
"container_fs_usage_bytes","__name__=container_fs_usage_bytes;device=/var/lib/docker/rootfs/overlayfs/fdfc0724b613bbad2b29e38f548044caa8fa5ece06aea1f7630b8b07f070b604/rootfs/oldroot/run;id=/;instance=cadvisor:8080;job=iot_service","2025-11-03T15:25:38Z","471040"
"container_fs_usage_bytes","__name__=container_fs_usage_bytes;device=/var/lib/docker/rootfs/overlayfs/fdfc0724b613bbad2b29e38f548044caa8fa5ece06aea1f7630b8b07f070b604/rootfs/oldroot/run;id=/;instance=cadvisor:8080;job=iot_service","2025-11-03T15:25:53Z","471040"
"container_fs_usage_bytes","__name__=container_fs_usage_bytes;device=/var/lib/docker/rootfs/overlayfs/fdfc0724b613bbad2b29e38f548044caa8fa5ece06aea1f7630b8b07f070b604/rootfs/oldroot/run;id=/;instance=cadvisor:8080;job=iot_service","2025-11-03T15:26:08Z","471040"
"container_fs_usage_bytes","__name__=container_fs_usage_bytes;device=/var/lib/docker/rootfs/overlayfs/fdfc0724b613bbad2b29e38f548044caa8fa5ece06aea1f7630b8b07f070b604/rootfs/oldroot/run;id=/;instance=cadvisor:8080;job=iot_service","2025-11-03T15:26:23Z","471040"
"container_fs_usage_bytes","__name__=container_fs_usage_bytes;device=/var/lib/docker/rootfs/overlayfs/fdfc0724b613bbad2b29e38f548044caa8fa5ece06aea1f7630b8b07f070b604/rootfs/oldroot/run;id=/;instance=cadvisor:8080;job=iot_service","2025-11-03T15:26:38Z","471040"
"container_fs_usage_bytes","__name__=container_fs_usage_bytes;device=/var/lib/docker/rootfs/overlayfs/fdfc0724b613bbad2b29e38f548044caa8fa5ece06aea1f7630b8b07f070b604/rootfs/oldroot/run;id=/;instance=cadvisor:8080;job=iot_service","2025-11-03T15:26:53Z","471040"
"container_fs_usage_bytes","__name__=container_fs_usage_bytes;device=/var/lib/docker/rootfs/overlayfs/fdfc0724b613bbad2b29e38f548044caa8fa5ece06aea1f7630b8b07f070b604/rootfs/oldroot/run;id=/;instance=cadvisor:8080;job=iot_service","2025-11-03T15:27:08Z","471040"
"container_fs_usage_bytes","__name__=container_fs_usage_bytes;device=/var/lib/docker/rootfs/overlayfs/fdfc0724b613bbad2b29e38f548044caa8fa5ece06aea1f7630b8b07f070b604/rootfs/oldroot/run;id=/;instance=cadvisor:8080;job=iot_service","2025-11-03T15:27:23Z","471040"
"container_fs_usage_bytes","__name__=container_fs_usage_bytes;device=/var/lib/docker/rootfs/overlayfs/fdfc0724b613bbad2b29e38f548044caa8fa5ece06aea1f7630b8b07f070b604/rootfs/oldroot/run;id=/;instance=cadvisor:8080;job=iot_service","2025-11-03T15:27:38Z","471040"
"container_fs_usage_bytes","__name__=container_fs_usage_bytes;device=/var/lib/docker/rootfs/overlayfs/fdfc0724b613bbad2b29e38f548044caa8fa5ece06aea1f7630b8b07f070b604/rootfs/oldroot/run;id=/;instance=cadvisor:8080;job=iot_service","2025-11-03T15:27:53Z","471040"
"container_fs_usage_bytes","__name__=container_fs_usage_bytes;device=/var/lib/docker/rootfs/overlayfs/fdfc0724b613bbad2b29e38f548044caa8fa5ece06aea1f7630b8b07f070b604/rootfs/oldroot/run;id=/;instance=cadvisor:8080;job=iot_service","2025-11-03T15:28:08Z","471040"
"container_fs_usage_bytes","__name__=container_fs_usage_bytes;device=/var/lib/docker/rootfs/overlayfs/fdfc0724b613bbad2b29e38f548044caa8fa5ece06aea1f7630b8b07f070b604/rootfs/oldroot/run;id=/;instance=cadvisor:8080;job=iot_service","2025-11-03T15:28:23Z","471040"
"container_fs_usage_bytes","__name__=container_fs_usage_bytes;device=/var/lib/docker/rootfs/overlayfs/fdfc0724b613bbad2b29e38f548044caa8fa5ece06aea1f7630b8b07f070b604/rootfs/oldroot/run;id=/;instance=cadvisor:8080;job=iot_service","2025-11-03T15:28:38Z","471040"
"container_fs_usage_bytes","__name__=container_fs_usage_bytes;device=/var/lib/docker/rootfs/overlayfs/fdfc0724b613bbad2b29e38f548044caa8fa5ece06aea1f7630b8b07f070b604/rootfs/oldroot/run;id=/;instance=cadvisor:8080;job=iot_service","2025-11-03T15:28:53Z","471040"
"container_fs_usage_bytes","__name__=container_fs_usage_bytes;device=/var/lib/docker/rootfs/overlayfs/fdfc0724b613bbad2b29e38f548044caa8fa5ece06aea1f7630b8b07f070b604/rootfs/oldroot/run;id=/;instance=cadvisor:8080;job=iot_service","2025-11-03T15:29:08Z","471040"
"container_fs_usage_bytes","__name__=container_fs_usage_bytes;device=/var/lib/docker/rootfs/overlayfs/fdfc0724b613bbad2b29e38f548044caa8fa5ece06aea1f7630b8b07f070b604/rootfs/run;id=/;instance=cadvisor:8080;job=iot_service","2025-11-03T15:22:08Z","516096"
"container_fs_usage_bytes","__name__=container_fs_usage_bytes;device=/var/lib/docker/rootfs/overlayfs/fdfc0724b613bbad2b29e38f548044caa8fa5ece06aea1f7630b8b07f070b604/rootfs/run;id=/;instance=cadvisor:8080;job=iot_service","2025-11-03T15:22:23Z","516096"
"container_fs_usage_bytes","__name__=container_fs_usage_bytes;device=/var/lib/docker/rootfs/overlayfs/fdfc0724b613bbad2b29e38f548044caa8fa5ece06aea1f7630b8b07f070b604/rootfs/run;id=/;instance=cadvisor:8080;job=iot_service","2025-11-03T15:22:38Z","516096"
"container_fs_usage_bytes","__name__=container_fs_usage_bytes;device=/var/lib/docker/rootfs/overlayfs/fdfc0724b613bbad2b29e38f548044caa8fa5ece06aea1f7630b8b07f070b604/rootfs/run;id=/;instance=cadvisor:8080;job=iot_service","2025-11-03T15:22:53Z","516096"
"container_fs_usage_bytes","__name__=container_fs_usage_bytes;device=/var/lib/docker/rootfs/overlayfs/fdfc0724b613bbad2b29e38f548044caa8fa5ece06aea1f7630b8b07f070b604/rootfs/run;id=/;instance=cadvisor:8080;job=iot_service","2025-11-03T15:23:08Z","516096"
"container_fs_usage_bytes","__name__=container_fs_usage_bytes;device=/var/lib/docker/rootfs/overlayfs/fdfc0724b613bbad2b29e38f548044caa8fa5ece06aea1f7630b8b07f070b604/rootfs/run;id=/;instance=cadvisor:8080;job=iot_service","2025-11-03T15:23:23Z","516096"
"container_fs_usage_bytes","__name__=container_fs_usage_bytes;device=/var/lib/docker/rootfs/overlayfs/fdfc0724b613bbad2b29e38f548044caa8fa5ece06aea1f7630b8b07f070b604/rootfs/run;id=/;instance=cadvisor:8080;job=iot_service","2025-11-03T15:23:38Z","516096"
"container_fs_usage_bytes","__name__=container_fs_usage_bytes;device=/var/lib/docker/rootfs/overlayfs/fdfc0724b613bbad2b29e38f548044caa8fa5ece06aea1f7630b8b07f070b604/rootfs/run;id=/;instance=cadvisor:8080;job=iot_service","2025-11-03T15:23:53Z","516096"
"container_fs_usage_bytes","__name__=container_fs_usage_bytes;device=/var/lib/docker/rootfs/overlayfs/fdfc0724b613bbad2b29e38f548044caa8fa5ece06aea1f7630b8b07f070b604/rootfs/run;id=/;instance=cadvisor:8080;job=iot_service","2025-11-03T15:24:08Z","516096"
"container_fs_usage_bytes","__name__=container_fs_usage_bytes;device=/var/lib/docker/rootfs/overlayfs/fdfc0724b613bbad2b29e38f548044caa8fa5ece06aea1f7630b8b07f070b604/rootfs/run;id=/;instance=cadvisor:8080;job=iot_service","2025-11-03T15:24:23Z","516096"
"container_fs_usage_bytes","__name__=container_fs_usage_bytes;device=/var/lib/docker/rootfs/overlayfs/fdfc0724b613bbad2b29e38f548044caa8fa5ece06aea1f7630b8b07f070b604/rootfs/run;id=/;instance=cadvisor:8080;job=iot_service","2025-11-03T15:24:38Z","516096"
"container_fs_usage_bytes","__name__=container_fs_usage_bytes;device=/var/lib/docker/rootfs/overlayfs/fdfc0724b613bbad2b29e38f548044caa8fa5ece06aea1f7630b8b07f070b604/rootfs/run;id=/;instance=cadvisor:8080;job=iot_service","2025-11-03T15:24:53Z","516096"
"container_fs_usage_bytes","__name__=container_fs_usage_bytes;device=/var/lib/docker/rootfs/overlayfs/fdfc0724b613bbad2b29e38f548044caa8fa5ece06aea1f7630b8b07f070b604/rootfs/run;id=/;instance=cadvisor:8080;job=iot_service","2025-11-03T15:25:08Z","516096"
"container_fs_usage_bytes","__name__=container_fs_usage_bytes;device=/var/lib/docker/rootfs/overlayfs/fdfc0724b613bbad2b29e38f548044caa8fa5ece06aea1f7630b8b07f070b604/rootfs/run;id=/;instance=cadvisor:8080;job=iot_service","2025-11-03T15:25:23Z","516096"
"container_fs_usage_bytes","__name__=container_fs_usage_bytes;device=/var/lib/docker/rootfs/overlayfs/fdfc0724b613bbad2b29e38f548044caa8fa5ece06aea1f7630b8b07f070b604/rootfs/run;id=/;instance=cadvisor:8080;job=iot_service","2025-11-03T15:25:38Z","516096"
"container_fs_usage_bytes","__name__=container_fs_usage_bytes;device=/var/lib/docker/rootfs/overlayfs/fdfc0724b613bbad2b29e38f548044caa8fa5ece06aea1f7630b8b07f070b604/rootfs/run;id=/;instance=cadvisor:8080;job=iot_service","2025-11-03T15:25:53Z","516096"
"container_fs_usage_bytes","__name__=container_fs_usage_bytes;device=/var/lib/docker/rootfs/overlayfs/fdfc0724b613bbad2b29e38f548044caa8fa5ece06aea1f7630b8b07f070b604/rootfs/run;id=/;instance=cadvisor:8080;job=iot_service","2025-11-03T15:26:08Z","516096"
"container_fs_usage_bytes","__name__=container_fs_usage_bytes;device=/var/lib/docker/rootfs/overlayfs/fdfc0724b613bbad2b29e38f548044caa8fa5ece06aea1f7630b8b07f070b604/rootfs/run;id=/;instance=cadvisor:8080;job=iot_service","2025-11-03T15:26:23Z","516096"
"container_fs_usage_bytes","__name__=container_fs_usage_bytes;device=/var/lib/docker/rootfs/overlayfs/fdfc0724b613bbad2b29e38f548044caa8fa5ece06aea1f7630b8b07f070b604/rootfs/run;id=/;instance=cadvisor:8080;job=iot_service","2025-11-03T15:26:38Z","516096"
"container_fs_usage_bytes","__name__=container_fs_usage_bytes;device=/var/lib/docker/rootfs/overlayfs/fdfc0724b613bbad2b29e38f548044caa8fa5ece06aea1f7630b8b07f070b604/rootfs/run;id=/;instance=cadvisor:8080;job=iot_service","2025-11-03T15:26:53Z","516096"
"container_fs_usage_bytes","__name__=container_fs_usage_bytes;device=/var/lib/docker/rootfs/overlayfs/fdfc0724b613bbad2b29e38f548044caa8fa5ece06aea1f7630b8b07f070b604/rootfs/run;id=/;instance=cadvisor:8080;job=iot_service","2025-11-03T15:27:08Z","516096"
"container_fs_usage_bytes","__name__=container_fs_usage_bytes;device=/var/lib/docker/rootfs/overlayfs/fdfc0724b613bbad2b29e38f548044caa8fa5ece06aea1f7630b8b07f070b604/rootfs/run;id=/;instance=cadvisor:8080;job=iot_service","2025-11-03T15:27:23Z","516096"
"container_fs_usage_bytes","__name__=container_fs_usage_bytes;device=/var/lib/docker/rootfs/overlayfs/fdfc0724b613bbad2b29e38f548044caa8fa5ece06aea1f7630b8b07f070b604/rootfs/run;id=/;instance=cadvisor:8080;job=iot_service","2025-11-03T15:27:38Z","516096"
"container_fs_usage_bytes","__name__=container_fs_usage_bytes;device=/var/lib/docker/rootfs/overlayfs/fdfc0724b613bbad2b29e38f548044caa8fa5ece06aea1f7630b8b07f070b604/rootfs/run;id=/;instance=cadvisor:8080;job=iot_service","2025-11-03T15:27:53Z","516096"
"container_fs_usage_bytes","__name__=container_fs_usage_bytes;device=/var/lib/docker/rootfs/overlayfs/fdfc0724b613bbad2b29e38f548044caa8fa5ece06aea1f7630b8b07f070b604/rootfs/run;id=/;instance=cadvisor:8080;job=iot_service","2025-11-03T15:28:08Z","516096"
"container_fs_usage_bytes","__name__=container_fs_usage_bytes;device=/var/lib/docker/rootfs/overlayfs/fdfc0724b613bbad2b29e38f548044caa8fa5ece06aea1f7630b8b07f070b604/rootfs/run;id=/;instance=cadvisor:8080;job=iot_service","2025-11-03T15:28:23Z","516096"
"container_fs_usage_bytes","__name__=container_fs_usage_bytes;device=/var/lib/docker/rootfs/overlayfs/fdfc0724b613bbad2b29e38f548044caa8fa5ece06aea1f7630b8b07f070b604/rootfs/run;id=/;instance=cadvisor:8080;job=iot_service","2025-11-03T15:28:38Z","516096"
"container_fs_usage_bytes","__name__=container_fs_usage_bytes;device=/var/lib/docker/rootfs/overlayfs/fdfc0724b613bbad2b29e38f548044caa8fa5ece06aea1f7630b8b07f070b604/rootfs/run;id=/;instance=cadvisor:8080;job=iot_service","2025-11-03T15:28:53Z","516096"
"container_fs_usage_bytes","__name__=container_fs_usage_bytes;device=/var/lib/docker/rootfs/overlayfs/fdfc0724b613bbad2b29e38f548044caa8fa5ece06aea1f7630b8b07f070b604/rootfs/run;id=/;instance=cadvisor:8080;job=iot_service","2025-11-03T15:29:08Z","516096"
"container_fs_usage_bytes","__name__=container_fs_usage_bytes;device=/var/lib/docker/rootfs/overlayfs/fdfc0724b613bbad2b29e38f548044caa8fa5ece06aea1f7630b8b07f070b604/rootfs/tmp;id=/;instance=cadvisor:8080;job=iot_service","2025-11-03T15:22:08Z","0"
"container_fs_usage_bytes","__name__=container_fs_usage_bytes;device=/var/lib/docker/rootfs/overlayfs/fdfc0724b613bbad2b29e38f548044caa8fa5ece06aea1f7630b8b07f070b604/rootfs/tmp;id=/;instance=cadvisor:8080;job=iot_service","2025-11-03T15:22:23Z","0"
"container_fs_usage_bytes","__name__=container_fs_usage_bytes;device=/var/lib/docker/rootfs/overlayfs/fdfc0724b613bbad2b29e38f548044caa8fa5ece06aea1f7630b8b07f070b604/rootfs/tmp;id=/;instance=cadvisor:8080;job=iot_service","2025-11-03T15:22:38Z","0"
"container_fs_usage_bytes","__name__=container_fs_usage_bytes;device=/var/lib/docker/rootfs/overlayfs/fdfc0724b613bbad2b29e38f548044caa8fa5ece06aea1f7630b8b07f070b604/rootfs/tmp;id=/;instance=cadvisor:8080;job=iot_service","2025-11-03T15:22:53Z","0"
"container_fs_usage_bytes","__name__=container_fs_usage_bytes;device=/var/lib/docker/rootfs/overlayfs/fdfc0724b613bbad2b29e38f548044caa8fa5ece06aea1f7630b8b07f070b604/rootfs/tmp;id=/;instance=cadvisor:8080;job=iot_service","2025-11-03T15:23:08Z","0"
"container_fs_usage_bytes","__name__=container_fs_usage_bytes;device=/var/lib/docker/rootfs/overlayfs/fdfc0724b613bbad2b29e38f548044caa8fa5ece06aea1f7630b8b07f070b604/rootfs/tmp;id=/;instance=cadvisor:8080;job=iot_service","2025-11-03T15:23:23Z","0"
"container_fs_usage_bytes","__name__=container_fs_usage_bytes;device=/var/lib/docker/rootfs/overlayfs/fdfc0724b613bbad2b29e38f548044caa8fa5ece06aea1f7630b8b07f070b604/rootfs/tmp;id=/;instance=cadvisor:8080;job=iot_service","2025-11-03T15:23:38Z","0"
"container_fs_usage_bytes","__name__=container_fs_usage_bytes;device=/var/lib/docker/rootfs/overlayfs/fdfc0724b613bbad2b29e38f548044caa8fa5ece06aea1f7630b8b07f070b604/rootfs/tmp;id=/;instance=cadvisor:8080;job=iot_service","2025-11-03T15:23:53Z","0"
"container_fs_usage_bytes","__name__=container_fs_usage_bytes;device=/var/lib/docker/rootfs/overlayfs/fdfc0724b613bbad2b29e38f548044caa8fa5ece06aea1f7630b8b07f070b604/rootfs/tmp;id=/;instance=cadvisor:8080;job=iot_service","2025-11-03T15:24:08Z","0"
"container_fs_usage_bytes","__name__=container_fs_usage_bytes;device=/var/lib/docker/rootfs/overlayfs/fdfc0724b613bbad2b29e38f548044caa8fa5ece06aea1f7630b8b07f070b604/rootfs/tmp;id=/;instance=cadvisor:8080;job=iot_service","2025-11-03T15:24:23Z","0"
"container_fs_usage_bytes","__name__=container_fs_usage_bytes;device=/var/lib/docker/rootfs/overlayfs/fdfc0724b613bbad2b29e38f548044caa8fa5ece06aea1f7630b8b07f070b604/rootfs/tmp;id=/;instance=cadvisor:8080;job=iot_service","2025-11-03T15:24:38Z","0"
"container_fs_usage_bytes","__name__=container_fs_usage_bytes;device=/var/lib/docker/rootfs/overlayfs/fdfc0724b613bbad2b29e38f548044caa8fa5ece06aea1f7630b8b07f070b604/rootfs/tmp;id=/;instance=cadvisor:8080;job=iot_service","2025-11-03T15:24:53Z","0"
"container_fs_usage_bytes","__name__=container_fs_usage_bytes;device=/var/lib/docker/rootfs/overlayfs/fdfc0724b613bbad2b29e38f548044caa8fa5ece06aea1f7630b8b07f070b604/rootfs/tmp;id=/;instance=cadvisor:8080;job=iot_service","2025-11-03T15:25:08Z","0"
"container_fs_usage_bytes","__name__=container_fs_usage_bytes;device=/var/lib/docker/rootfs/overlayfs/fdfc0724b613bbad2b29e38f548044caa8fa5ece06aea1f7630b8b07f070b604/rootfs/tmp;id=/;instance=cadvisor:8080;job=iot_service","2025-11-03T15:25:23Z","0"
"container_fs_usage_bytes","__name__=container_fs_usage_bytes;device=/var/lib/docker/rootfs/overlayfs/fdfc0724b613bbad2b29e38f548044caa8fa5ece06aea1f7630b8b07f070b604/rootfs/tmp;id=/;instance=cadvisor:8080;job=iot_service","2025-11-03T15:25:38Z","0"
"container_fs_usage_bytes","__name__=container_fs_usage_bytes;device=/var/lib/docker/rootfs/overlayfs/fdfc0724b613bbad2b29e38f548044caa8fa5ece06aea1f7630b8b07f070b604/rootfs/tmp;id=/;instance=cadvisor:8080;job=iot_service","2025-11-03T15:25:53Z","0"
"container_fs_usage_bytes","__name__=container_fs_usage_bytes;device=/var/lib/docker/rootfs/overlayfs/fdfc0724b613bbad2b29e38f548044caa8fa5ece06aea1f7630b8b07f070b604/rootfs/tmp;id=/;instance=cadvisor:8080;job=iot_service","2025-11-03T15:26:08Z","0"
"container_fs_usage_bytes","__name__=container_fs_usage_bytes;device=/var/lib/docker/rootfs/overlayfs/fdfc0724b613bbad2b29e38f548044caa8fa5ece06aea1f7630b8b07f070b604/rootfs/tmp;id=/;instance=cadvisor:8080;job=iot_service","2025-11-03T15:26:23Z","0"
"container_fs_usage_bytes","__name__=container_fs_usage_bytes;device=/var/lib/docker/rootfs/overlayfs/fdfc0724b613bbad2b29e38f548044caa8fa5ece06aea1f7630b8b07f070b604/rootfs/tmp;id=/;instance=cadvisor:8080;job=iot_service","2025-11-03T15:26:38Z","0"
"container_fs_usage_bytes","__name__=container_fs_usage_bytes;device=/var/lib/docker/rootfs/overlayfs/fdfc0724b613bbad2b29e38f548044caa8fa5ece06aea1f7630b8b07f070b604/rootfs/tmp;id=/;instance=cadvisor:8080;job=iot_service","2025-11-03T15:26:53Z","0"
"container_fs_usage_bytes","__name__=container_fs_usage_bytes;device=/var/lib/docker/rootfs/overlayfs/fdfc0724b613bbad2b29e38f548044caa8fa5ece06aea1f7630b8b07f070b604/rootfs/tmp;id=/;instance=cadvisor:8080;job=iot_service","2025-11-03T15:27:08Z","0"
"container_fs_usage_bytes","__name__=container_fs_usage_bytes;device=/var/lib/docker/rootfs/overlayfs/fdfc0724b613bbad2b29e38f548044caa8fa5ece06aea1f7630b8b07f070b604/rootfs/tmp;id=/;instance=cadvisor:8080;job=iot_service","2025-11-03T15:27:23Z","0"
"container_fs_usage_bytes","__name__=container_fs_usage_bytes;device=/var/lib/docker/rootfs/overlayfs/fdfc0724b613bbad2b29e38f548044caa8fa5ece06aea1f7630b8b07f070b604/rootfs/tmp;id=/;instance=cadvisor:8080;job=iot_service","2025-11-03T15:27:38Z","0"
"container_fs_usage_bytes","__name__=container_fs_usage_bytes;device=/var/lib/docker/rootfs/overlayfs/fdfc0724b613bbad2b29e38f548044caa8fa5ece06aea1f7630b8b07f070b604/rootfs/tmp;id=/;instance=cadvisor:8080;job=iot_service","2025-11-03T15:27:53Z","0"
"container_fs_usage_bytes","__name__=container_fs_usage_bytes;device=/var/lib/docker/rootfs/overlayfs/fdfc0724b613bbad2b29e38f548044caa8fa5ece06aea1f7630b8b07f070b604/rootfs/tmp;id=/;instance=cadvisor:8080;job=iot_service","2025-11-03T15:28:08Z","0"
"container_fs_usage_bytes","__name__=container_fs_usage_bytes;device=/var/lib/docker/rootfs/overlayfs/fdfc0724b613bbad2b29e38f548044caa8fa5ece06aea1f7630b8b07f070b604/rootfs/tmp;id=/;instance=cadvisor:8080;job=iot_service","2025-11-03T15:28:23Z","0"
"container_fs_usage_bytes","__name__=container_fs_usage_bytes;device=/var/lib/docker/rootfs/overlayfs/fdfc0724b613bbad2b29e38f548044caa8fa5ece06aea1f7630b8b07f070b604/rootfs/tmp;id=/;instance=cadvisor:8080;job=iot_service","2025-11-03T15:28:38Z","0"
"container_fs_usage_bytes","__name__=container_fs_usage_bytes;device=/var/lib/docker/rootfs/overlayfs/fdfc0724b613bbad2b29e38f548044caa8fa5ece06aea1f7630b8b07f070b604/rootfs/tmp;id=/;instance=cadvisor:8080;job=iot_service","2025-11-03T15:28:53Z","0"
"container_fs_usage_bytes","__name__=container_fs_usage_bytes;device=/var/lib/docker/rootfs/overlayfs/fdfc0724b613bbad2b29e38f548044caa8fa5ece06aea1f7630b8b07f070b604/rootfs/tmp;id=/;instance=cadvisor:8080;job=iot_service","2025-11-03T15:29:08Z","0"
"container_fs_usage_bytes","__name__=container_fs_usage_bytes;device=/var/lib/docker/rootfs/overlayfs/fdfc0724b613bbad2b29e38f548044caa8fa5ece06aea1f7630b8b07f070b604/rootfs/var;id=/;instance=cadvisor:8080;job=iot_service","2025-11-03T15:22:08Z","24576"
"container_fs_usage_bytes","__name__=container_fs_usage_bytes;device=/var/lib/docker/rootfs/overlayfs/fdfc0724b613bbad2b29e38f548044caa8fa5ece06aea1f7630b8b07f070b604/rootfs/var;id=/;instance=cadvisor:8080;job=iot_service","2025-11-03T15:22:23Z","24576"
"container_fs_usage_bytes","__name__=container_fs_usage_bytes;device=/var/lib/docker/rootfs/overlayfs/fdfc0724b613bbad2b29e38f548044caa8fa5ece06aea1f7630b8b07f070b604/rootfs/var;id=/;instance=cadvisor:8080;job=iot_service","2025-11-03T15:22:38Z","24576"
"container_fs_usage_bytes","__name__=container_fs_usage_bytes;device=/var/lib/docker/rootfs/overlayfs/fdfc0724b613bbad2b29e38f548044caa8fa5ece06aea1f7630b8b07f070b604/rootfs/var;id=/;instance=cadvisor:8080;job=iot_service","2025-11-03T15:22:53Z","24576"
"container_fs_usage_bytes","__name__=container_fs_usage_bytes;device=/var/lib/docker/rootfs/overlayfs/fdfc0724b613bbad2b29e38f548044caa8fa5ece06aea1f7630b8b07f070b604/rootfs/var;id=/;instance=cadvisor:8080;job=iot_service","2025-11-03T15:23:08Z","24576"
"container_fs_usage_bytes","__name__=container_fs_usage_bytes;device=/var/lib/docker/rootfs/overlayfs/fdfc0724b613bbad2b29e38f548044caa8fa5ece06aea1f7630b8b07f070b604/rootfs/var;id=/;instance=cadvisor:8080;job=iot_service","2025-11-03T15:23:23Z","24576"
"container_fs_usage_bytes","__name__=container_fs_usage_bytes;device=/var/lib/docker/rootfs/overlayfs/fdfc0724b613bbad2b29e38f548044caa8fa5ece06aea1f7630b8b07f070b604/rootfs/var;id=/;instance=cadvisor:8080;job=iot_service","2025-11-03T15:23:38Z","24576"
"container_fs_usage_bytes","__name__=container_fs_usage_bytes;device=/var/lib/docker/rootfs/overlayfs/fdfc0724b613bbad2b29e38f548044caa8fa5ece06aea1f7630b8b07f070b604/rootfs/var;id=/;instance=cadvisor:8080;job=iot_service","2025-11-03T15:23:53Z","24576"
"container_fs_usage_bytes","__name__=container_fs_usage_bytes;device=/var/lib/docker/rootfs/overlayfs/fdfc0724b613bbad2b29e38f548044caa8fa5ece06aea1f7630b8b07f070b604/rootfs/var;id=/;instance=cadvisor:8080;job=iot_service","2025-11-03T15:24:08Z","24576"
"container_fs_usage_bytes","__name__=container_fs_usage_bytes;device=/var/lib/docker/rootfs/overlayfs/fdfc0724b613bbad2b29e38f548044caa8fa5ece06aea1f7630b8b07f070b604/rootfs/var;id=/;instance=cadvisor:8080;job=iot_service","2025-11-03T15:24:23Z","24576"
"container_fs_usage_bytes","__name__=container_fs_usage_bytes;device=/var/lib/docker/rootfs/overlayfs/fdfc0724b613bbad2b29e38f548044caa8fa5ece06aea1f7630b8b07f070b604/rootfs/var;id=/;instance=cadvisor:8080;job=iot_service","2025-11-03T15:24:38Z","24576"
"container_fs_usage_bytes","__name__=container_fs_usage_bytes;device=/var/lib/docker/rootfs/overlayfs/fdfc0724b613bbad2b29e38f548044caa8fa5ece06aea1f7630b8b07f070b604/rootfs/var;id=/;instance=cadvisor:8080;job=iot_service","2025-11-03T15:24:53Z","24576"
"container_fs_usage_bytes","__name__=container_fs_usage_bytes;device=/var/lib/docker/rootfs/overlayfs/fdfc0724b613bbad2b29e38f548044caa8fa5ece06aea1f7630b8b07f070b604/rootfs/var;id=/;instance=cadvisor:8080;job=iot_service","2025-11-03T15:25:08Z","24576"
"container_fs_usage_bytes","__name__=container_fs_usage_bytes;device=/var/lib/docker/rootfs/overlayfs/fdfc0724b613bbad2b29e38f548044caa8fa5ece06aea1f7630b8b07f070b604/rootfs/var;id=/;instance=cadvisor:8080;job=iot_service","2025-11-03T15:25:23Z","24576"
"container_fs_usage_bytes","__name__=container_fs_usage_bytes;device=/var/lib/docker/rootfs/overlayfs/fdfc0724b613bbad2b29e38f548044caa8fa5ece06aea1f7630b8b07f070b604/rootfs/var;id=/;instance=cadvisor:8080;job=iot_service","2025-11-03T15:25:38Z","24576"
"container_fs_usage_bytes","__name__=container_fs_usage_bytes;device=/var/lib/docker/rootfs/overlayfs/fdfc0724b613bbad2b29e38f548044caa8fa5ece06aea1f7630b8b07f070b604/rootfs/var;id=/;instance=cadvisor:8080;job=iot_service","2025-11-03T15:25:53Z","24576"
"container_fs_usage_bytes","__name__=container_fs_usage_bytes;device=/var/lib/docker/rootfs/overlayfs/fdfc0724b613bbad2b29e38f548044caa8fa5ece06aea1f7630b8b07f070b604/rootfs/var;id=/;instance=cadvisor:8080;job=iot_service","2025-11-03T15:26:08Z","24576"
"container_fs_usage_bytes","__name__=container_fs_usage_bytes;device=/var/lib/docker/rootfs/overlayfs/fdfc0724b613bbad2b29e38f548044caa8fa5ece06aea1f7630b8b07f070b604/rootfs/var;id=/;instance=cadvisor:8080;job=iot_service","2025-11-03T15:26:23Z","24576"
"container_fs_usage_bytes","__name__=container_fs_usage_bytes;device=/var/lib/docker/rootfs/overlayfs/fdfc0724b613bbad2b29e38f548044caa8fa5ece06aea1f7630b8b07f070b604/rootfs/var;id=/;instance=cadvisor:8080;job=iot_service","2025-11-03T15:26:38Z","24576"
"container_fs_usage_bytes","__name__=container_fs_usage_bytes;device=/var/lib/docker/rootfs/overlayfs/fdfc0724b613bbad2b29e38f548044caa8fa5ece06aea1f7630b8b07f070b604/rootfs/var;id=/;instance=cadvisor:8080;job=iot_service","2025-11-03T15:26:53Z","24576"
"container_fs_usage_bytes","__name__=container_fs_usage_bytes;device=/var/lib/docker/rootfs/overlayfs/fdfc0724b613bbad2b29e38f548044caa8fa5ece06aea1f7630b8b07f070b604/rootfs/var;id=/;instance=cadvisor:8080;job=iot_service","2025-11-03T15:27:08Z","24576"
"container_fs_usage_bytes","__name__=container_fs_usage_bytes;device=/var/lib/docker/rootfs/overlayfs/fdfc0724b613bbad2b29e38f548044caa8fa5ece06aea1f7630b8b07f070b604/rootfs/var;id=/;instance=cadvisor:8080;job=iot_service","2025-11-03T15:27:23Z","24576"
"container_fs_usage_bytes","__name__=container_fs_usage_bytes;device=/var/lib/docker/rootfs/overlayfs/fdfc0724b613bbad2b29e38f548044caa8fa5ece06aea1f7630b8b07f070b604/rootfs/var;id=/;instance=cadvisor:8080;job=iot_service","2025-11-03T15:27:38Z","24576"
"container_fs_usage_bytes","__name__=container_fs_usage_bytes;device=/var/lib/docker/rootfs/overlayfs/fdfc0724b613bbad2b29e38f548044caa8fa5ece06aea1f7630b8b07f070b604/rootfs/var;id=/;instance=cadvisor:8080;job=iot_service","2025-11-03T15:27:53Z","24576"
"container_fs_usage_bytes","__name__=container_fs_usage_bytes;device=/var/lib/docker/rootfs/overlayfs/fdfc0724b613bbad2b29e38f548044caa8fa5ece06aea1f7630b8b07f070b604/rootfs/var;id=/;instance=cadvisor:8080;job=iot_service","2025-11-03T15:28:08Z","24576"
"container_fs_usage_bytes","__name__=container_fs_usage_bytes;device=/var/lib/docker/rootfs/overlayfs/fdfc0724b613bbad2b29e38f548044caa8fa5ece06aea1f7630b8b07f070b604/rootfs/var;id=/;instance=cadvisor:8080;job=iot_service","2025-11-03T15:28:23Z","24576"
"container_fs_usage_bytes","__name__=container_fs_usage_bytes;device=/var/lib/docker/rootfs/overlayfs/fdfc0724b613bbad2b29e38f548044caa8fa5ece06aea1f7630b8b07f070b604/rootfs/var;id=/;instance=cadvisor:8080;job=iot_service","2025-11-03T15:28:38Z","24576"
"container_fs_usage_bytes","__name__=container_fs_usage_bytes;device=/var/lib/docker/rootfs/overlayfs/fdfc0724b613bbad2b29e38f548044caa8fa5ece06aea1f7630b8b07f070b604/rootfs/var;id=/;instance=cadvisor:8080;job=iot_service","2025-11-03T15:28:53Z","24576"
"container_fs_usage_bytes","__name__=container_fs_usage_bytes;device=/var/lib/docker/rootfs/overlayfs/fdfc0724b613bbad2b29e38f548044caa8fa5ece06aea1f7630b8b07f070b604/rootfs/var;id=/;instance=cadvisor:8080;job=iot_service","2025-11-03T15:29:08Z","24576"
"container_fs_usage_bytes","__name__=container_fs_usage_bytes;device=/var/lib/docker/rootfs/overlayfs/fdfc0724b613bbad2b29e38f548044caa8fa5ece06aea1f7630b8b07f070b604/rootfs/var/lib/docker/rootfs/overlayfs/fdfc0724b613bbad2b29e38f548044caa8fa5ece06aea1f7630b8b07f070b604/dev;id=/;instance=cadvisor:8080;job=iot_service","2025-11-03T15:22:08Z","0"
"container_fs_usage_bytes","__name__=container_fs_usage_bytes;device=/var/lib/docker/rootfs/overlayfs/fdfc0724b613bbad2b29e38f548044caa8fa5ece06aea1f7630b8b07f070b604/rootfs/var/lib/docker/rootfs/overlayfs/fdfc0724b613bbad2b29e38f548044caa8fa5ece06aea1f7630b8b07f070b604/dev;id=/;instance=cadvisor:8080;job=iot_service","2025-11-03T15:22:23Z","0"
"container_fs_usage_bytes","__name__=container_fs_usage_bytes;device=/var/lib/docker/rootfs/overlayfs/fdfc0724b613bbad2b29e38f548044caa8fa5ece06aea1f7630b8b07f070b604/rootfs/var/lib/docker/rootfs/overlayfs/fdfc0724b613bbad2b29e38f548044caa8fa5ece06aea1f7630b8b07f070b604/dev;id=/;instance=cadvisor:8080;job=iot_service","2025-11-03T15:22:38Z","0"
"container_fs_usage_bytes","__name__=container_fs_usage_bytes;device=/var/lib/docker/rootfs/overlayfs/fdfc0724b613bbad2b29e38f548044caa8fa5ece06aea1f7630b8b07f070b604/rootfs/var/lib/docker/rootfs/overlayfs/fdfc0724b613bbad2b29e38f548044caa8fa5ece06aea1f7630b8b07f070b604/dev;id=/;instance=cadvisor:8080;job=iot_service","2025-11-03T15:22:53Z","0"
"container_fs_usage_bytes","__name__=container_fs_usage_bytes;device=/var/lib/docker/rootfs/overlayfs/fdfc0724b613bbad2b29e38f548044caa8fa5ece06aea1f7630b8b07f070b604/rootfs/var/lib/docker/rootfs/overlayfs/fdfc0724b613bbad2b29e38f548044caa8fa5ece06aea1f7630b8b07f070b604/dev;id=/;instance=cadvisor:8080;job=iot_service","2025-11-03T15:23:08Z","0"
"container_fs_usage_bytes","__name__=container_fs_usage_bytes;device=/var/lib/docker/rootfs/overlayfs/fdfc0724b613bbad2b29e38f548044caa8fa5ece06aea1f7630b8b07f070b604/rootfs/var/lib/docker/rootfs/overlayfs/fdfc0724b613bbad2b29e38f548044caa8fa5ece06aea1f7630b8b07f070b604/dev;id=/;instance=cadvisor:8080;job=iot_service","2025-11-03T15:23:23Z","0"
"container_fs_usage_bytes","__name__=container_fs_usage_bytes;device=/var/lib/docker/rootfs/overlayfs/fdfc0724b613bbad2b29e38f548044caa8fa5ece06aea1f7630b8b07f070b604/rootfs/var/lib/docker/rootfs/overlayfs/fdfc0724b613bbad2b29e38f548044caa8fa5ece06aea1f7630b8b07f070b604/dev;id=/;instance=cadvisor:8080;job=iot_service","2025-11-03T15:23:38Z","0"
"container_fs_usage_bytes","__name__=container_fs_usage_bytes;device=/var/lib/docker/rootfs/overlayfs/fdfc0724b613bbad2b29e38f548044caa8fa5ece06aea1f7630b8b07f070b604/rootfs/var/lib/docker/rootfs/overlayfs/fdfc0724b613bbad2b29e38f548044caa8fa5ece06aea1f7630b8b07f070b604/dev;id=/;instance=cadvisor:8080;job=iot_service","2025-11-03T15:23:53Z","0"
"container_fs_usage_bytes","__name__=container_fs_usage_bytes;device=/var/lib/docker/rootfs/overlayfs/fdfc0724b613bbad2b29e38f548044caa8fa5ece06aea1f7630b8b07f070b604/rootfs/var/lib/docker/rootfs/overlayfs/fdfc0724b613bbad2b29e38f548044caa8fa5ece06aea1f7630b8b07f070b604/dev;id=/;instance=cadvisor:8080;job=iot_service","2025-11-03T15:24:08Z","0"
"container_fs_usage_bytes","__name__=container_fs_usage_bytes;device=/var/lib/docker/rootfs/overlayfs/fdfc0724b613bbad2b29e38f548044caa8fa5ece06aea1f7630b8b07f070b604/rootfs/var/lib/docker/rootfs/overlayfs/fdfc0724b613bbad2b29e38f548044caa8fa5ece06aea1f7630b8b07f070b604/dev;id=/;instance=cadvisor:8080;job=iot_service","2025-11-03T15:24:23Z","0"
"container_fs_usage_bytes","__name__=container_fs_usage_bytes;device=/var/lib/docker/rootfs/overlayfs/fdfc0724b613bbad2b29e38f548044caa8fa5ece06aea1f7630b8b07f070b604/rootfs/var/lib/docker/rootfs/overlayfs/fdfc0724b613bbad2b29e38f548044caa8fa5ece06aea1f7630b8b07f070b604/dev;id=/;instance=cadvisor:8080;job=iot_service","2025-11-03T15:24:38Z","0"
"container_fs_usage_bytes","__name__=container_fs_usage_bytes;device=/var/lib/docker/rootfs/overlayfs/fdfc0724b613bbad2b29e38f548044caa8fa5ece06aea1f7630b8b07f070b604/rootfs/var/lib/docker/rootfs/overlayfs/fdfc0724b613bbad2b29e38f548044caa8fa5ece06aea1f7630b8b07f070b604/dev;id=/;instance=cadvisor:8080;job=iot_service","2025-11-03T15:24:53Z","0"
"container_fs_usage_bytes","__name__=container_fs_usage_bytes;device=/var/lib/docker/rootfs/overlayfs/fdfc0724b613bbad2b29e38f548044caa8fa5ece06aea1f7630b8b07f070b604/rootfs/var/lib/docker/rootfs/overlayfs/fdfc0724b613bbad2b29e38f548044caa8fa5ece06aea1f7630b8b07f070b604/dev;id=/;instance=cadvisor:8080;job=iot_service","2025-11-03T15:25:08Z","0"
"container_fs_usage_bytes","__name__=container_fs_usage_bytes;device=/var/lib/docker/rootfs/overlayfs/fdfc0724b613bbad2b29e38f548044caa8fa5ece06aea1f7630b8b07f070b604/rootfs/var/lib/docker/rootfs/overlayfs/fdfc0724b613bbad2b29e38f548044caa8fa5ece06aea1f7630b8b07f070b604/dev;id=/;instance=cadvisor:8080;job=iot_service","2025-11-03T15:25:23Z","0"
"container_fs_usage_bytes","__name__=container_fs_usage_bytes;device=/var/lib/docker/rootfs/overlayfs/fdfc0724b613bbad2b29e38f548044caa8fa5ece06aea1f7630b8b07f070b604/rootfs/var/lib/docker/rootfs/overlayfs/fdfc0724b613bbad2b29e38f548044caa8fa5ece06aea1f7630b8b07f070b604/dev;id=/;instance=cadvisor:8080;job=iot_service","2025-11-03T15:25:38Z","0"
"container_fs_usage_bytes","__name__=container_fs_usage_bytes;device=/var/lib/docker/rootfs/overlayfs/fdfc0724b613bbad2b29e38f548044caa8fa5ece06aea1f7630b8b07f070b604/rootfs/var/lib/docker/rootfs/overlayfs/fdfc0724b613bbad2b29e38f548044caa8fa5ece06aea1f7630b8b07f070b604/dev;id=/;instance=cadvisor:8080;job=iot_service","2025-11-03T15:25:53Z","0"
"container_fs_usage_bytes","__name__=container_fs_usage_bytes;device=/var/lib/docker/rootfs/overlayfs/fdfc0724b613bbad2b29e38f548044caa8fa5ece06aea1f7630b8b07f070b604/rootfs/var/lib/docker/rootfs/overlayfs/fdfc0724b613bbad2b29e38f548044caa8fa5ece06aea1f7630b8b07f070b604/dev;id=/;instance=cadvisor:8080;job=iot_service","2025-11-03T15:26:08Z","0"
"container_fs_usage_bytes","__name__=container_fs_usage_bytes;device=/var/lib/docker/rootfs/overlayfs/fdfc0724b613bbad2b29e38f548044caa8fa5ece06aea1f7630b8b07f070b604/rootfs/var/lib/docker/rootfs/overlayfs/fdfc0724b613bbad2b29e38f548044caa8fa5ece06aea1f7630b8b07f070b604/dev;id=/;instance=cadvisor:8080;job=iot_service","2025-11-03T15:26:23Z","0"
"container_fs_usage_bytes","__name__=container_fs_usage_bytes;device=/var/lib/docker/rootfs/overlayfs/fdfc0724b613bbad2b29e38f548044caa8fa5ece06aea1f7630b8b07f070b604/rootfs/var/lib/docker/rootfs/overlayfs/fdfc0724b613bbad2b29e38f548044caa8fa5ece06aea1f7630b8b07f070b604/dev;id=/;instance=cadvisor:8080;job=iot_service","2025-11-03T15:26:38Z","0"
"container_fs_usage_bytes","__name__=container_fs_usage_bytes;device=/var/lib/docker/rootfs/overlayfs/fdfc0724b613bbad2b29e38f548044caa8fa5ece06aea1f7630b8b07f070b604/rootfs/var/lib/docker/rootfs/overlayfs/fdfc0724b613bbad2b29e38f548044caa8fa5ece06aea1f7630b8b07f070b604/dev;id=/;instance=cadvisor:8080;job=iot_service","2025-11-03T15:26:53Z","0"
"container_fs_usage_bytes","__name__=container_fs_usage_bytes;device=/var/lib/docker/rootfs/overlayfs/fdfc0724b613bbad2b29e38f548044caa8fa5ece06aea1f7630b8b07f070b604/rootfs/var/lib/docker/rootfs/overlayfs/fdfc0724b613bbad2b29e38f548044caa8fa5ece06aea1f7630b8b07f070b604/dev;id=/;instance=cadvisor:8080;job=iot_service","2025-11-03T15:27:08Z","0"
"container_fs_usage_bytes","__name__=container_fs_usage_bytes;device=/var/lib/docker/rootfs/overlayfs/fdfc0724b613bbad2b29e38f548044caa8fa5ece06aea1f7630b8b07f070b604/rootfs/var/lib/docker/rootfs/overlayfs/fdfc0724b613bbad2b29e38f548044caa8fa5ece06aea1f7630b8b07f070b604/dev;id=/;instance=cadvisor:8080;job=iot_service","2025-11-03T15:27:23Z","0"
"container_fs_usage_bytes","__name__=container_fs_usage_bytes;device=/var/lib/docker/rootfs/overlayfs/fdfc0724b613bbad2b29e38f548044caa8fa5ece06aea1f7630b8b07f070b604/rootfs/var/lib/docker/rootfs/overlayfs/fdfc0724b613bbad2b29e38f548044caa8fa5ece06aea1f7630b8b07f070b604/dev;id=/;instance=cadvisor:8080;job=iot_service","2025-11-03T15:27:38Z","0"
"container_fs_usage_bytes","__name__=container_fs_usage_bytes;device=/var/lib/docker/rootfs/overlayfs/fdfc0724b613bbad2b29e38f548044caa8fa5ece06aea1f7630b8b07f070b604/rootfs/var/lib/docker/rootfs/overlayfs/fdfc0724b613bbad2b29e38f548044caa8fa5ece06aea1f7630b8b07f070b604/dev;id=/;instance=cadvisor:8080;job=iot_service","2025-11-03T15:27:53Z","0"
"container_fs_usage_bytes","__name__=container_fs_usage_bytes;device=/var/lib/docker/rootfs/overlayfs/fdfc0724b613bbad2b29e38f548044caa8fa5ece06aea1f7630b8b07f070b604/rootfs/var/lib/docker/rootfs/overlayfs/fdfc0724b613bbad2b29e38f548044caa8fa5ece06aea1f7630b8b07f070b604/dev;id=/;instance=cadvisor:8080;job=iot_service","2025-11-03T15:28:08Z","0"
"container_fs_usage_bytes","__name__=container_fs_usage_bytes;device=/var/lib/docker/rootfs/overlayfs/fdfc0724b613bbad2b29e38f548044caa8fa5ece06aea1f7630b8b07f070b604/rootfs/var/lib/docker/rootfs/overlayfs/fdfc0724b613bbad2b29e38f548044caa8fa5ece06aea1f7630b8b07f070b604/dev;id=/;instance=cadvisor:8080;job=iot_service","2025-11-03T15:28:23Z","0"
"container_fs_usage_bytes","__name__=container_fs_usage_bytes;device=/var/lib/docker/rootfs/overlayfs/fdfc0724b613bbad2b29e38f548044caa8fa5ece06aea1f7630b8b07f070b604/rootfs/var/lib/docker/rootfs/overlayfs/fdfc0724b613bbad2b29e38f548044caa8fa5ece06aea1f7630b8b07f070b604/dev;id=/;instance=cadvisor:8080;job=iot_service","2025-11-03T15:28:38Z","0"
"container_fs_usage_bytes","__name__=container_fs_usage_bytes;device=/var/lib/docker/rootfs/overlayfs/fdfc0724b613bbad2b29e38f548044caa8fa5ece06aea1f7630b8b07f070b604/rootfs/var/lib/docker/rootfs/overlayfs/fdfc0724b613bbad2b29e38f548044caa8fa5ece06aea1f7630b8b07f070b604/dev;id=/;instance=cadvisor:8080;job=iot_service","2025-11-03T15:28:53Z","0"
"container_fs_usage_bytes","__name__=container_fs_usage_bytes;device=/var/lib/docker/rootfs/overlayfs/fdfc0724b613bbad2b29e38f548044caa8fa5ece06aea1f7630b8b07f070b604/rootfs/var/lib/docker/rootfs/overlayfs/fdfc0724b613bbad2b29e38f548044caa8fa5ece06aea1f7630b8b07f070b604/dev;id=/;instance=cadvisor:8080;job=iot_service","2025-11-03T15:29:08Z","0"
"container_fs_usage_bytes","__name__=container_fs_usage_bytes;device=/var/lib/docker/rootfs/overlayfs/fdfc0724b613bbad2b29e38f548044caa8fa5ece06aea1f7630b8b07f070b604/rootfs/var/lib/docker/rootfs/overlayfs/fdfc0724b613bbad2b29e38f548044caa8fa5ece06aea1f7630b8b07f070b604/dev/shm;id=/;instance=cadvisor:8080;job=iot_service","2025-11-03T15:22:08Z","0"
"container_fs_usage_bytes","__name__=container_fs_usage_bytes;device=/var/lib/docker/rootfs/overlayfs/fdfc0724b613bbad2b29e38f548044caa8fa5ece06aea1f7630b8b07f070b604/rootfs/var/lib/docker/rootfs/overlayfs/fdfc0724b613bbad2b29e38f548044caa8fa5ece06aea1f7630b8b07f070b604/dev/shm;id=/;instance=cadvisor:8080;job=iot_service","2025-11-03T15:22:23Z","0"
"container_fs_usage_bytes","__name__=container_fs_usage_bytes;device=/var/lib/docker/rootfs/overlayfs/fdfc0724b613bbad2b29e38f548044caa8fa5ece06aea1f7630b8b07f070b604/rootfs/var/lib/docker/rootfs/overlayfs/fdfc0724b613bbad2b29e38f548044caa8fa5ece06aea1f7630b8b07f070b604/dev/shm;id=/;instance=cadvisor:8080;job=iot_service","2025-11-03T15:22:38Z","0"
"container_fs_usage_bytes","__name__=container_fs_usage_bytes;device=/var/lib/docker/rootfs/overlayfs/fdfc0724b613bbad2b29e38f548044caa8fa5ece06aea1f7630b8b07f070b604/rootfs/var/lib/docker/rootfs/overlayfs/fdfc0724b613bbad2b29e38f548044caa8fa5ece06aea1f7630b8b07f070b604/dev/shm;id=/;instance=cadvisor:8080;job=iot_service","2025-11-03T15:22:53Z","0"
"container_fs_usage_bytes","__name__=container_fs_usage_bytes;device=/var/lib/docker/rootfs/overlayfs/fdfc0724b613bbad2b29e38f548044caa8fa5ece06aea1f7630b8b07f070b604/rootfs/var/lib/docker/rootfs/overlayfs/fdfc0724b613bbad2b29e38f548044caa8fa5ece06aea1f7630b8b07f070b604/dev/shm;id=/;instance=cadvisor:8080;job=iot_service","2025-11-03T15:23:08Z","0"
"container_fs_usage_bytes","__name__=container_fs_usage_bytes;device=/var/lib/docker/rootfs/overlayfs/fdfc0724b613bbad2b29e38f548044caa8fa5ece06aea1f7630b8b07f070b604/rootfs/var/lib/docker/rootfs/overlayfs/fdfc0724b613bbad2b29e38f548044caa8fa5ece06aea1f7630b8b07f070b604/dev/shm;id=/;instance=cadvisor:8080;job=iot_service","2025-11-03T15:23:23Z","0"
"container_fs_usage_bytes","__name__=container_fs_usage_bytes;device=/var/lib/docker/rootfs/overlayfs/fdfc0724b613bbad2b29e38f548044caa8fa5ece06aea1f7630b8b07f070b604/rootfs/var/lib/docker/rootfs/overlayfs/fdfc0724b613bbad2b29e38f548044caa8fa5ece06aea1f7630b8b07f070b604/dev/shm;id=/;instance=cadvisor:8080;job=iot_service","2025-11-03T15:23:38Z","0"
"container_fs_usage_bytes","__name__=container_fs_usage_bytes;device=/var/lib/docker/rootfs/overlayfs/fdfc0724b613bbad2b29e38f548044caa8fa5ece06aea1f7630b8b07f070b604/rootfs/var/lib/docker/rootfs/overlayfs/fdfc0724b613bbad2b29e38f548044caa8fa5ece06aea1f7630b8b07f070b604/dev/shm;id=/;instance=cadvisor:8080;job=iot_service","2025-11-03T15:23:53Z","0"
"container_fs_usage_bytes","__name__=container_fs_usage_bytes;device=/var/lib/docker/rootfs/overlayfs/fdfc0724b613bbad2b29e38f548044caa8fa5ece06aea1f7630b8b07f070b604/rootfs/var/lib/docker/rootfs/overlayfs/fdfc0724b613bbad2b29e38f548044caa8fa5ece06aea1f7630b8b07f070b604/dev/shm;id=/;instance=cadvisor:8080;job=iot_service","2025-11-03T15:24:08Z","0"
"container_fs_usage_bytes","__name__=container_fs_usage_bytes;device=/var/lib/docker/rootfs/overlayfs/fdfc0724b613bbad2b29e38f548044caa8fa5ece06aea1f7630b8b07f070b604/rootfs/var/lib/docker/rootfs/overlayfs/fdfc0724b613bbad2b29e38f548044caa8fa5ece06aea1f7630b8b07f070b604/dev/shm;id=/;instance=cadvisor:8080;job=iot_service","2025-11-03T15:24:23Z","0"
"container_fs_usage_bytes","__name__=container_fs_usage_bytes;device=/var/lib/docker/rootfs/overlayfs/fdfc0724b613bbad2b29e38f548044caa8fa5ece06aea1f7630b8b07f070b604/rootfs/var/lib/docker/rootfs/overlayfs/fdfc0724b613bbad2b29e38f548044caa8fa5ece06aea1f7630b8b07f070b604/dev/shm;id=/;instance=cadvisor:8080;job=iot_service","2025-11-03T15:24:38Z","0"
"container_fs_usage_bytes","__name__=container_fs_usage_bytes;device=/var/lib/docker/rootfs/overlayfs/fdfc0724b613bbad2b29e38f548044caa8fa5ece06aea1f7630b8b07f070b604/rootfs/var/lib/docker/rootfs/overlayfs/fdfc0724b613bbad2b29e38f548044caa8fa5ece06aea1f7630b8b07f070b604/dev/shm;id=/;instance=cadvisor:8080;job=iot_service","2025-11-03T15:24:53Z","0"
"container_fs_usage_bytes","__name__=container_fs_usage_bytes;device=/var/lib/docker/rootfs/overlayfs/fdfc0724b613bbad2b29e38f548044caa8fa5ece06aea1f7630b8b07f070b604/rootfs/var/lib/docker/rootfs/overlayfs/fdfc0724b613bbad2b29e38f548044caa8fa5ece06aea1f7630b8b07f070b604/dev/shm;id=/;instance=cadvisor:8080;job=iot_service","2025-11-03T15:25:08Z","0"
"container_fs_usage_bytes","__name__=container_fs_usage_bytes;device=/var/lib/docker/rootfs/overlayfs/fdfc0724b613bbad2b29e38f548044caa8fa5ece06aea1f7630b8b07f070b604/rootfs/var/lib/docker/rootfs/overlayfs/fdfc0724b613bbad2b29e38f548044caa8fa5ece06aea1f7630b8b07f070b604/dev/shm;id=/;instance=cadvisor:8080;job=iot_service","2025-11-03T15:25:23Z","0"
"container_fs_usage_bytes","__name__=container_fs_usage_bytes;device=/var/lib/docker/rootfs/overlayfs/fdfc0724b613bbad2b29e38f548044caa8fa5ece06aea1f7630b8b07f070b604/rootfs/var/lib/docker/rootfs/overlayfs/fdfc0724b613bbad2b29e38f548044caa8fa5ece06aea1f7630b8b07f070b604/dev/shm;id=/;instance=cadvisor:8080;job=iot_service","2025-11-03T15:25:38Z","0"
"container_fs_usage_bytes","__name__=container_fs_usage_bytes;device=/var/lib/docker/rootfs/overlayfs/fdfc0724b613bbad2b29e38f548044caa8fa5ece06aea1f7630b8b07f070b604/rootfs/var/lib/docker/rootfs/overlayfs/fdfc0724b613bbad2b29e38f548044caa8fa5ece06aea1f7630b8b07f070b604/dev/shm;id=/;instance=cadvisor:8080;job=iot_service","2025-11-03T15:25:53Z","0"
"container_fs_usage_bytes","__name__=container_fs_usage_bytes;device=/var/lib/docker/rootfs/overlayfs/fdfc0724b613bbad2b29e38f548044caa8fa5ece06aea1f7630b8b07f070b604/rootfs/var/lib/docker/rootfs/overlayfs/fdfc0724b613bbad2b29e38f548044caa8fa5ece06aea1f7630b8b07f070b604/dev/shm;id=/;instance=cadvisor:8080;job=iot_service","2025-11-03T15:26:08Z","0"
"container_fs_usage_bytes","__name__=container_fs_usage_bytes;device=/var/lib/docker/rootfs/overlayfs/fdfc0724b613bbad2b29e38f548044caa8fa5ece06aea1f7630b8b07f070b604/rootfs/var/lib/docker/rootfs/overlayfs/fdfc0724b613bbad2b29e38f548044caa8fa5ece06aea1f7630b8b07f070b604/dev/shm;id=/;instance=cadvisor:8080;job=iot_service","2025-11-03T15:26:23Z","0"
"container_fs_usage_bytes","__name__=container_fs_usage_bytes;device=/var/lib/docker/rootfs/overlayfs/fdfc0724b613bbad2b29e38f548044caa8fa5ece06aea1f7630b8b07f070b604/rootfs/var/lib/docker/rootfs/overlayfs/fdfc0724b613bbad2b29e38f548044caa8fa5ece06aea1f7630b8b07f070b604/dev/shm;id=/;instance=cadvisor:8080;job=iot_service","2025-11-03T15:26:38Z","0"
"container_fs_usage_bytes","__name__=container_fs_usage_bytes;device=/var/lib/docker/rootfs/overlayfs/fdfc0724b613bbad2b29e38f548044caa8fa5ece06aea1f7630b8b07f070b604/rootfs/var/lib/docker/rootfs/overlayfs/fdfc0724b613bbad2b29e38f548044caa8fa5ece06aea1f7630b8b07f070b604/dev/shm;id=/;instance=cadvisor:8080;job=iot_service","2025-11-03T15:26:53Z","0"
"container_fs_usage_bytes","__name__=container_fs_usage_bytes;device=/var/lib/docker/rootfs/overlayfs/fdfc0724b613bbad2b29e38f548044caa8fa5ece06aea1f7630b8b07f070b604/rootfs/var/lib/docker/rootfs/overlayfs/fdfc0724b613bbad2b29e38f548044caa8fa5ece06aea1f7630b8b07f070b604/dev/shm;id=/;instance=cadvisor:8080;job=iot_service","2025-11-03T15:27:08Z","0"
"container_fs_usage_bytes","__name__=container_fs_usage_bytes;device=/var/lib/docker/rootfs/overlayfs/fdfc0724b613bbad2b29e38f548044caa8fa5ece06aea1f7630b8b07f070b604/rootfs/var/lib/docker/rootfs/overlayfs/fdfc0724b613bbad2b29e38f548044caa8fa5ece06aea1f7630b8b07f070b604/dev/shm;id=/;instance=cadvisor:8080;job=iot_service","2025-11-03T15:27:23Z","0"
"container_fs_usage_bytes","__name__=container_fs_usage_bytes;device=/var/lib/docker/rootfs/overlayfs/fdfc0724b613bbad2b29e38f548044caa8fa5ece06aea1f7630b8b07f070b604/rootfs/var/lib/docker/rootfs/overlayfs/fdfc0724b613bbad2b29e38f548044caa8fa5ece06aea1f7630b8b07f070b604/dev/shm;id=/;instance=cadvisor:8080;job=iot_service","2025-11-03T15:27:38Z","0"
"container_fs_usage_bytes","__name__=container_fs_usage_bytes;device=/var/lib/docker/rootfs/overlayfs/fdfc0724b613bbad2b29e38f548044caa8fa5ece06aea1f7630b8b07f070b604/rootfs/var/lib/docker/rootfs/overlayfs/fdfc0724b613bbad2b29e38f548044caa8fa5ece06aea1f7630b8b07f070b604/dev/shm;id=/;instance=cadvisor:8080;job=iot_service","2025-11-03T15:27:53Z","0"
"container_fs_usage_bytes","__name__=container_fs_usage_bytes;device=/var/lib/docker/rootfs/overlayfs/fdfc0724b613bbad2b29e38f548044caa8fa5ece06aea1f7630b8b07f070b604/rootfs/var/lib/docker/rootfs/overlayfs/fdfc0724b613bbad2b29e38f548044caa8fa5ece06aea1f7630b8b07f070b604/dev/shm;id=/;instance=cadvisor:8080;job=iot_service","2025-11-03T15:28:08Z","0"
"container_fs_usage_bytes","__name__=container_fs_usage_bytes;device=/var/lib/docker/rootfs/overlayfs/fdfc0724b613bbad2b29e38f548044caa8fa5ece06aea1f7630b8b07f070b604/rootfs/var/lib/docker/rootfs/overlayfs/fdfc0724b613bbad2b29e38f548044caa8fa5ece06aea1f7630b8b07f070b604/dev/shm;id=/;instance=cadvisor:8080;job=iot_service","2025-11-03T15:28:23Z","0"
"container_fs_usage_bytes","__name__=container_fs_usage_bytes;device=/var/lib/docker/rootfs/overlayfs/fdfc0724b613bbad2b29e38f548044caa8fa5ece06aea1f7630b8b07f070b604/rootfs/var/lib/docker/rootfs/overlayfs/fdfc0724b613bbad2b29e38f548044caa8fa5ece06aea1f7630b8b07f070b604/dev/shm;id=/;instance=cadvisor:8080;job=iot_service","2025-11-03T15:28:38Z","0"
"container_fs_usage_bytes","__name__=container_fs_usage_bytes;device=/var/lib/docker/rootfs/overlayfs/fdfc0724b613bbad2b29e38f548044caa8fa5ece06aea1f7630b8b07f070b604/rootfs/var/lib/docker/rootfs/overlayfs/fdfc0724b613bbad2b29e38f548044caa8fa5ece06aea1f7630b8b07f070b604/dev/shm;id=/;instance=cadvisor:8080;job=iot_service","2025-11-03T15:28:53Z","0"
"container_fs_usage_bytes","__name__=container_fs_usage_bytes;device=/var/lib/docker/rootfs/overlayfs/fdfc0724b613bbad2b29e38f548044caa8fa5ece06aea1f7630b8b07f070b604/rootfs/var/lib/docker/rootfs/overlayfs/fdfc0724b613bbad2b29e38f548044caa8fa5ece06aea1f7630b8b07f070b604/dev/shm;id=/;instance=cadvisor:8080;job=iot_service","2025-11-03T15:29:08Z","0"
"container_fs_usage_bytes","__name__=container_fs_usage_bytes;device=overlay_0-24;id=/;instance=cadvisor:8080;job=iot_service","2025-11-03T15:22:08Z","471040"
"container_fs_usage_bytes","__name__=container_fs_usage_bytes;device=overlay_0-24;id=/;instance=cadvisor:8080;job=iot_service","2025-11-03T15:22:23Z","471040"
"container_fs_usage_bytes","__name__=container_fs_usage_bytes;device=overlay_0-24;id=/;instance=cadvisor:8080;job=iot_service","2025-11-03T15:22:38Z","471040"
"container_fs_usage_bytes","__name__=container_fs_usage_bytes;device=overlay_0-24;id=/;instance=cadvisor:8080;job=iot_service","2025-11-03T15:22:53Z","471040"
"container_fs_usage_bytes","__name__=container_fs_usage_bytes;device=overlay_0-24;id=/;instance=cadvisor:8080;job=iot_service","2025-11-03T15:23:08Z","471040"
"container_fs_usage_bytes","__name__=container_fs_usage_bytes;device=overlay_0-24;id=/;instance=cadvisor:8080;job=iot_service","2025-11-03T15:23:23Z","471040"
"container_fs_usage_bytes","__name__=container_fs_usage_bytes;device=overlay_0-24;id=/;instance=cadvisor:8080;job=iot_service","2025-11-03T15:23:38Z","471040"
"container_fs_usage_bytes","__name__=container_fs_usage_bytes;device=overlay_0-24;id=/;instance=cadvisor:8080;job=iot_service","2025-11-03T15:23:53Z","471040"
"container_fs_usage_bytes","__name__=container_fs_usage_bytes;device=overlay_0-24;id=/;instance=cadvisor:8080;job=iot_service","2025-11-03T15:24:08Z","471040"
"container_fs_usage_bytes","__name__=container_fs_usage_bytes;device=overlay_0-24;id=/;instance=cadvisor:8080;job=iot_service","2025-11-03T15:24:23Z","471040"
"container_fs_usage_bytes","__name__=container_fs_usage_bytes;device=overlay_0-24;id=/;instance=cadvisor:8080;job=iot_service","2025-11-03T15:24:38Z","471040"
"container_fs_usage_bytes","__name__=container_fs_usage_bytes;device=overlay_0-24;id=/;instance=cadvisor:8080;job=iot_service","2025-11-03T15:24:53Z","471040"
"container_fs_usage_bytes","__name__=container_fs_usage_bytes;device=overlay_0-24;id=/;instance=cadvisor:8080;job=iot_service","2025-11-03T15:25:08Z","471040"
"container_fs_usage_bytes","__name__=container_fs_usage_bytes;device=overlay_0-24;id=/;instance=cadvisor:8080;job=iot_service","2025-11-03T15:25:23Z","471040"
"container_fs_usage_bytes","__name__=container_fs_usage_bytes;device=overlay_0-24;id=/;instance=cadvisor:8080;job=iot_service","2025-11-03T15:25:38Z","471040"
"container_fs_usage_bytes","__name__=container_fs_usage_bytes;device=overlay_0-24;id=/;instance=cadvisor:8080;job=iot_service","2025-11-03T15:25:53Z","471040"
"container_fs_usage_bytes","__name__=container_fs_usage_bytes;device=overlay_0-24;id=/;instance=cadvisor:8080;job=iot_service","2025-11-03T15:26:08Z","471040"
"container_fs_usage_bytes","__name__=container_fs_usage_bytes;device=overlay_0-24;id=/;instance=cadvisor:8080;job=iot_service","2025-11-03T15:26:23Z","471040"
"container_fs_usage_bytes","__name__=container_fs_usage_bytes;device=overlay_0-24;id=/;instance=cadvisor:8080;job=iot_service","2025-11-03T15:26:38Z","471040"
"container_fs_usage_bytes","__name__=container_fs_usage_bytes;device=overlay_0-24;id=/;instance=cadvisor:8080;job=iot_service","2025-11-03T15:26:53Z","471040"
"container_fs_usage_bytes","__name__=container_fs_usage_bytes;device=overlay_0-24;id=/;instance=cadvisor:8080;job=iot_service","2025-11-03T15:27:08Z","471040"
"container_fs_usage_bytes","__name__=container_fs_usage_bytes;device=overlay_0-24;id=/;instance=cadvisor:8080;job=iot_service","2025-11-03T15:27:23Z","471040"
"container_fs_usage_bytes","__name__=container_fs_usage_bytes;device=overlay_0-24;id=/;instance=cadvisor:8080;job=iot_service","2025-11-03T15:27:38Z","471040"
"container_fs_usage_bytes","__name__=container_fs_usage_bytes;device=overlay_0-24;id=/;instance=cadvisor:8080;job=iot_service","2025-11-03T15:27:53Z","471040"
"container_fs_usage_bytes","__name__=container_fs_usage_bytes;device=overlay_0-24;id=/;instance=cadvisor:8080;job=iot_service","2025-11-03T15:28:08Z","471040"
"container_fs_usage_bytes","__name__=container_fs_usage_bytes;device=overlay_0-24;id=/;instance=cadvisor:8080;job=iot_service","2025-11-03T15:28:23Z","471040"
"container_fs_usage_bytes","__name__=container_fs_usage_bytes;device=overlay_0-24;id=/;instance=cadvisor:8080;job=iot_service","2025-11-03T15:28:38Z","471040"
"container_fs_usage_bytes","__name__=container_fs_usage_bytes;device=overlay_0-24;id=/;instance=cadvisor:8080;job=iot_service","2025-11-03T15:28:53Z","471040"
"container_fs_usage_bytes","__name__=container_fs_usage_bytes;device=overlay_0-24;id=/;instance=cadvisor:8080;job=iot_service","2025-11-03T15:29:08Z","471040"
"container_fs_usage_bytes","__name__=container_fs_usage_bytes;device=overlay_0-62;id=/;instance=cadvisor:8080;job=iot_service","2025-11-03T15:22:08Z","26532413440"
"container_fs_usage_bytes","__name__=container_fs_usage_bytes;device=overlay_0-62;id=/;instance=cadvisor:8080;job=iot_service","2025-11-03T15:22:23Z","26532745216"
"container_fs_usage_bytes","__name__=container_fs_usage_bytes;device=overlay_0-62;id=/;instance=cadvisor:8080;job=iot_service","2025-11-03T15:22:38Z","26533060608"
"container_fs_usage_bytes","__name__=container_fs_usage_bytes;device=overlay_0-62;id=/;instance=cadvisor:8080;job=iot_service","2025-11-03T15:22:53Z","26533380096"
"container_fs_usage_bytes","__name__=container_fs_usage_bytes;device=overlay_0-62;id=/;instance=cadvisor:8080;job=iot_service","2025-11-03T15:23:08Z","26533687296"
"container_fs_usage_bytes","__name__=container_fs_usage_bytes;device=overlay_0-62;id=/;instance=cadvisor:8080;job=iot_service","2025-11-03T15:23:23Z","26534027264"
"container_fs_usage_bytes","__name__=container_fs_usage_bytes;device=overlay_0-62;id=/;instance=cadvisor:8080;job=iot_service","2025-11-03T15:23:38Z","26534354944"
"container_fs_usage_bytes","__name__=container_fs_usage_bytes;device=overlay_0-62;id=/;instance=cadvisor:8080;job=iot_service","2025-11-03T15:23:53Z","26534674432"
"container_fs_usage_bytes","__name__=container_fs_usage_bytes;device=overlay_0-62;id=/;instance=cadvisor:8080;job=iot_service","2025-11-03T15:24:08Z","26534998016"
"container_fs_usage_bytes","__name__=container_fs_usage_bytes;device=overlay_0-62;id=/;instance=cadvisor:8080;job=iot_service","2025-11-03T15:24:23Z","26535301120"
"container_fs_usage_bytes","__name__=container_fs_usage_bytes;device=overlay_0-62;id=/;instance=cadvisor:8080;job=iot_service","2025-11-03T15:24:38Z","26535608320"
"container_fs_usage_bytes","__name__=container_fs_usage_bytes;device=overlay_0-62;id=/;instance=cadvisor:8080;job=iot_service","2025-11-03T15:24:53Z","26535952384"
"container_fs_usage_bytes","__name__=container_fs_usage_bytes;device=overlay_0-62;id=/;instance=cadvisor:8080;job=iot_service","2025-11-03T15:25:08Z","26536259584"
"container_fs_usage_bytes","__name__=container_fs_usage_bytes;device=overlay_0-62;id=/;instance=cadvisor:8080;job=iot_service","2025-11-03T15:25:23Z","26536574976"
"container_fs_usage_bytes","__name__=container_fs_usage_bytes;device=overlay_0-62;id=/;instance=cadvisor:8080;job=iot_service","2025-11-03T15:25:38Z","26536914944"
"container_fs_usage_bytes","__name__=container_fs_usage_bytes;device=overlay_0-62;id=/;instance=cadvisor:8080;job=iot_service","2025-11-03T15:25:53Z","26537242624"
"container_fs_usage_bytes","__name__=container_fs_usage_bytes;device=overlay_0-62;id=/;instance=cadvisor:8080;job=iot_service","2025-11-03T15:26:08Z","26537533440"
"container_fs_usage_bytes","__name__=container_fs_usage_bytes;device=overlay_0-62;id=/;instance=cadvisor:8080;job=iot_service","2025-11-03T15:26:23Z","26537840640"
"container_fs_usage_bytes","__name__=container_fs_usage_bytes;device=overlay_0-62;id=/;instance=cadvisor:8080;job=iot_service","2025-11-03T15:26:38Z","26538176512"
"container_fs_usage_bytes","__name__=container_fs_usage_bytes;device=overlay_0-62;id=/;instance=cadvisor:8080;job=iot_service","2025-11-03T15:26:53Z","26538504192"
"container_fs_usage_bytes","__name__=container_fs_usage_bytes;device=overlay_0-62;id=/;instance=cadvisor:8080;job=iot_service","2025-11-03T15:27:08Z","26538811392"
"container_fs_usage_bytes","__name__=container_fs_usage_bytes;device=overlay_0-62;id=/;instance=cadvisor:8080;job=iot_service","2025-11-03T15:27:23Z","26539134976"
"container_fs_usage_bytes","__name__=container_fs_usage_bytes;device=overlay_0-62;id=/;instance=cadvisor:8080;job=iot_service","2025-11-03T15:27:38Z","26539442176"
"container_fs_usage_bytes","__name__=container_fs_usage_bytes;device=overlay_0-62;id=/;instance=cadvisor:8080;job=iot_service","2025-11-03T15:27:53Z","26539765760"
"container_fs_usage_bytes","__name__=container_fs_usage_bytes;device=overlay_0-62;id=/;instance=cadvisor:8080;job=iot_service","2025-11-03T15:28:08Z","26540097536"
"container_fs_usage_bytes","__name__=container_fs_usage_bytes;device=overlay_0-62;id=/;instance=cadvisor:8080;job=iot_service","2025-11-03T15:28:23Z","26540421120"
"container_fs_usage_bytes","__name__=container_fs_usage_bytes;device=overlay_0-62;id=/;instance=cadvisor:8080;job=iot_service","2025-11-03T15:28:38Z","26540744704"
"container_fs_usage_bytes","__name__=container_fs_usage_bytes;device=overlay_0-62;id=/;instance=cadvisor:8080;job=iot_service","2025-11-03T15:28:53Z","26541047808"
"container_fs_usage_bytes","__name__=container_fs_usage_bytes;device=overlay_0-62;id=/;instance=cadvisor:8080;job=iot_service","2025-11-03T15:29:08Z","26541383680"
"container_fs_usage_bytes","__name__=container_fs_usage_bytes;device=overlay_0-64;id=/;instance=cadvisor:8080;job=iot_service","2025-11-03T15:22:08Z","26532413440"
"container_fs_usage_bytes","__name__=container_fs_usage_bytes;device=overlay_0-64;id=/;instance=cadvisor:8080;job=iot_service","2025-11-03T15:22:23Z","26532745216"
"container_fs_usage_bytes","__name__=container_fs_usage_bytes;device=overlay_0-64;id=/;instance=cadvisor:8080;job=iot_service","2025-11-03T15:22:38Z","26533060608"
"container_fs_usage_bytes","__name__=container_fs_usage_bytes;device=overlay_0-64;id=/;instance=cadvisor:8080;job=iot_service","2025-11-03T15:22:53Z","26533380096"
"container_fs_usage_bytes","__name__=container_fs_usage_bytes;device=overlay_0-64;id=/;instance=cadvisor:8080;job=iot_service","2025-11-03T15:23:08Z","26533687296"
"container_fs_usage_bytes","__name__=container_fs_usage_bytes;device=overlay_0-64;id=/;instance=cadvisor:8080;job=iot_service","2025-11-03T15:23:23Z","26534027264"
"container_fs_usage_bytes","__name__=container_fs_usage_bytes;device=overlay_0-64;id=/;instance=cadvisor:8080;job=iot_service","2025-11-03T15:23:38Z","26534354944"
"container_fs_usage_bytes","__name__=container_fs_usage_bytes;device=overlay_0-64;id=/;instance=cadvisor:8080;job=iot_service","2025-11-03T15:23:53Z","26534674432"
"container_fs_usage_bytes","__name__=container_fs_usage_bytes;device=overlay_0-64;id=/;instance=cadvisor:8080;job=iot_service","2025-11-03T15:24:08Z","26534998016"
"container_fs_usage_bytes","__name__=container_fs_usage_bytes;device=overlay_0-64;id=/;instance=cadvisor:8080;job=iot_service","2025-11-03T15:24:23Z","26535301120"
"container_fs_usage_bytes","__name__=container_fs_usage_bytes;device=overlay_0-64;id=/;instance=cadvisor:8080;job=iot_service","2025-11-03T15:24:38Z","26535608320"
"container_fs_usage_bytes","__name__=container_fs_usage_bytes;device=overlay_0-64;id=/;instance=cadvisor:8080;job=iot_service","2025-11-03T15:24:53Z","26535952384"
"container_fs_usage_bytes","__name__=container_fs_usage_bytes;device=overlay_0-64;id=/;instance=cadvisor:8080;job=iot_service","2025-11-03T15:25:08Z","26536259584"
"container_fs_usage_bytes","__name__=container_fs_usage_bytes;device=overlay_0-64;id=/;instance=cadvisor:8080;job=iot_service","2025-11-03T15:25:23Z","26536574976"
"container_fs_usage_bytes","__name__=container_fs_usage_bytes;device=overlay_0-64;id=/;instance=cadvisor:8080;job=iot_service","2025-11-03T15:25:38Z","26536914944"
"container_fs_usage_bytes","__name__=container_fs_usage_bytes;device=overlay_0-64;id=/;instance=cadvisor:8080;job=iot_service","2025-11-03T15:25:53Z","26537242624"
"container_fs_usage_bytes","__name__=container_fs_usage_bytes;device=overlay_0-64;id=/;instance=cadvisor:8080;job=iot_service","2025-11-03T15:26:08Z","26537533440"
"container_fs_usage_bytes","__name__=container_fs_usage_bytes;device=overlay_0-64;id=/;instance=cadvisor:8080;job=iot_service","2025-11-03T15:26:23Z","26537840640"
"container_fs_usage_bytes","__name__=container_fs_usage_bytes;device=overlay_0-64;id=/;instance=cadvisor:8080;job=iot_service","2025-11-03T15:26:38Z","26538176512"
"container_fs_usage_bytes","__name__=container_fs_usage_bytes;device=overlay_0-64;id=/;instance=cadvisor:8080;job=iot_service","2025-11-03T15:26:53Z","26538504192"
"container_fs_usage_bytes","__name__=container_fs_usage_bytes;device=overlay_0-64;id=/;instance=cadvisor:8080;job=iot_service","2025-11-03T15:27:08Z","26538811392"
"container_fs_usage_bytes","__name__=container_fs_usage_bytes;device=overlay_0-64;id=/;instance=cadvisor:8080;job=iot_service","2025-11-03T15:27:23Z","26539134976"
"container_fs_usage_bytes","__name__=container_fs_usage_bytes;device=overlay_0-64;id=/;instance=cadvisor:8080;job=iot_service","2025-11-03T15:27:38Z","26539442176"
"container_fs_usage_bytes","__name__=container_fs_usage_bytes;device=overlay_0-64;id=/;instance=cadvisor:8080;job=iot_service","2025-11-03T15:27:53Z","26539765760"
"container_fs_usage_bytes","__name__=container_fs_usage_bytes;device=overlay_0-64;id=/;instance=cadvisor:8080;job=iot_service","2025-11-03T15:28:08Z","26540097536"
"container_fs_usage_bytes","__name__=container_fs_usage_bytes;device=overlay_0-64;id=/;instance=cadvisor:8080;job=iot_service","2025-11-03T15:28:23Z","26540421120"
"container_fs_usage_bytes","__name__=container_fs_usage_bytes;device=overlay_0-64;id=/;instance=cadvisor:8080;job=iot_service","2025-11-03T15:28:38Z","26540744704"
"container_fs_usage_bytes","__name__=container_fs_usage_bytes;device=overlay_0-64;id=/;instance=cadvisor:8080;job=iot_service","2025-11-03T15:28:53Z","26541047808"
"container_fs_usage_bytes","__name__=container_fs_usage_bytes;device=overlay_0-64;id=/;instance=cadvisor:8080;job=iot_service","2025-11-03T15:29:08Z","26541383680"
"container_fs_usage_bytes","__name__=container_fs_usage_bytes;device=overlay_0-66;id=/;instance=cadvisor:8080;job=iot_service","2025-11-03T15:22:08Z","26532413440"
"container_fs_usage_bytes","__name__=container_fs_usage_bytes;device=overlay_0-66;id=/;instance=cadvisor:8080;job=iot_service","2025-11-03T15:22:23Z","26532745216"
"container_fs_usage_bytes","__name__=container_fs_usage_bytes;device=overlay_0-66;id=/;instance=cadvisor:8080;job=iot_service","2025-11-03T15:22:38Z","26533060608"
"container_fs_usage_bytes","__name__=container_fs_usage_bytes;device=overlay_0-66;id=/;instance=cadvisor:8080;job=iot_service","2025-11-03T15:22:53Z","26533380096"
"container_fs_usage_bytes","__name__=container_fs_usage_bytes;device=overlay_0-66;id=/;instance=cadvisor:8080;job=iot_service","2025-11-03T15:23:08Z","26533687296"
"container_fs_usage_bytes","__name__=container_fs_usage_bytes;device=overlay_0-66;id=/;instance=cadvisor:8080;job=iot_service","2025-11-03T15:23:23Z","26534027264"
"container_fs_usage_bytes","__name__=container_fs_usage_bytes;device=overlay_0-66;id=/;instance=cadvisor:8080;job=iot_service","2025-11-03T15:23:38Z","26534354944"
"container_fs_usage_bytes","__name__=container_fs_usage_bytes;device=overlay_0-66;id=/;instance=cadvisor:8080;job=iot_service","2025-11-03T15:23:53Z","26534674432"
"container_fs_usage_bytes","__name__=container_fs_usage_bytes;device=overlay_0-66;id=/;instance=cadvisor:8080;job=iot_service","2025-11-03T15:24:08Z","26534998016"
"container_fs_usage_bytes","__name__=container_fs_usage_bytes;device=overlay_0-66;id=/;instance=cadvisor:8080;job=iot_service","2025-11-03T15:24:23Z","26535301120"
"container_fs_usage_bytes","__name__=container_fs_usage_bytes;device=overlay_0-66;id=/;instance=cadvisor:8080;job=iot_service","2025-11-03T15:24:38Z","26535608320"
"container_fs_usage_bytes","__name__=container_fs_usage_bytes;device=overlay_0-66;id=/;instance=cadvisor:8080;job=iot_service","2025-11-03T15:24:53Z","26535952384"
"container_fs_usage_bytes","__name__=container_fs_usage_bytes;device=overlay_0-66;id=/;instance=cadvisor:8080;job=iot_service","2025-11-03T15:25:08Z","26536259584"
"container_fs_usage_bytes","__name__=container_fs_usage_bytes;device=overlay_0-66;id=/;instance=cadvisor:8080;job=iot_service","2025-11-03T15:25:23Z","26536574976"
"container_fs_usage_bytes","__name__=container_fs_usage_bytes;device=overlay_0-66;id=/;instance=cadvisor:8080;job=iot_service","2025-11-03T15:25:38Z","26536914944"
"container_fs_usage_bytes","__name__=container_fs_usage_bytes;device=overlay_0-66;id=/;instance=cadvisor:8080;job=iot_service","2025-11-03T15:25:53Z","26537242624"
"container_fs_usage_bytes","__name__=container_fs_usage_bytes;device=overlay_0-66;id=/;instance=cadvisor:8080;job=iot_service","2025-11-03T15:26:08Z","26537533440"
"container_fs_usage_bytes","__name__=container_fs_usage_bytes;device=overlay_0-66;id=/;instance=cadvisor:8080;job=iot_service","2025-11-03T15:26:23Z","26537840640"
"container_fs_usage_bytes","__name__=container_fs_usage_bytes;device=overlay_0-66;id=/;instance=cadvisor:8080;job=iot_service","2025-11-03T15:26:38Z","26538176512"
"container_fs_usage_bytes","__name__=container_fs_usage_bytes;device=overlay_0-66;id=/;instance=cadvisor:8080;job=iot_service","2025-11-03T15:26:53Z","26538504192"
"container_fs_usage_bytes","__name__=container_fs_usage_bytes;device=overlay_0-66;id=/;instance=cadvisor:8080;job=iot_service","2025-11-03T15:27:08Z","26538811392"
"container_fs_usage_bytes","__name__=container_fs_usage_bytes;device=overlay_0-66;id=/;instance=cadvisor:8080;job=iot_service","2025-11-03T15:27:23Z","26539134976"
"container_fs_usage_bytes","__name__=container_fs_usage_bytes;device=overlay_0-66;id=/;instance=cadvisor:8080;job=iot_service","2025-11-03T15:27:38Z","26539442176"
"container_fs_usage_bytes","__name__=container_fs_usage_bytes;device=overlay_0-66;id=/;instance=cadvisor:8080;job=iot_service","2025-11-03T15:27:53Z","26539765760"
"container_fs_usage_bytes","__name__=container_fs_usage_bytes;device=overlay_0-66;id=/;instance=cadvisor:8080;job=iot_service","2025-11-03T15:28:08Z","26540097536"
"container_fs_usage_bytes","__name__=container_fs_usage_bytes;device=overlay_0-66;id=/;instance=cadvisor:8080;job=iot_service","2025-11-03T15:28:23Z","26540421120"
"container_fs_usage_bytes","__name__=container_fs_usage_bytes;device=overlay_0-66;id=/;instance=cadvisor:8080;job=iot_service","2025-11-03T15:28:38Z","26540744704"
"container_fs_usage_bytes","__name__=container_fs_usage_bytes;device=overlay_0-66;id=/;instance=cadvisor:8080;job=iot_service","2025-11-03T15:28:53Z","26541047808"
"container_fs_usage_bytes","__name__=container_fs_usage_bytes;device=overlay_0-66;id=/;instance=cadvisor:8080;job=iot_service","2025-11-03T15:29:08Z","26541383680"
"container_fs_usage_bytes","__name__=container_fs_usage_bytes;device=overlay_0-68;id=/;instance=cadvisor:8080;job=iot_service","2025-11-03T15:22:08Z","26532413440"
"container_fs_usage_bytes","__name__=container_fs_usage_bytes;device=overlay_0-68;id=/;instance=cadvisor:8080;job=iot_service","2025-11-03T15:22:23Z","26532745216"
"container_fs_usage_bytes","__name__=container_fs_usage_bytes;device=overlay_0-68;id=/;instance=cadvisor:8080;job=iot_service","2025-11-03T15:22:38Z","26533060608"
"container_fs_usage_bytes","__name__=container_fs_usage_bytes;device=overlay_0-68;id=/;instance=cadvisor:8080;job=iot_service","2025-11-03T15:22:53Z","26533380096"
"container_fs_usage_bytes","__name__=container_fs_usage_bytes;device=overlay_0-68;id=/;instance=cadvisor:8080;job=iot_service","2025-11-03T15:23:08Z","26533687296"
"container_fs_usage_bytes","__name__=container_fs_usage_bytes;device=overlay_0-68;id=/;instance=cadvisor:8080;job=iot_service","2025-11-03T15:23:23Z","26534027264"
"container_fs_usage_bytes","__name__=container_fs_usage_bytes;device=overlay_0-68;id=/;instance=cadvisor:8080;job=iot_service","2025-11-03T15:23:38Z","26534354944"
"container_fs_usage_bytes","__name__=container_fs_usage_bytes;device=overlay_0-68;id=/;instance=cadvisor:8080;job=iot_service","2025-11-03T15:23:53Z","26534674432"
"container_fs_usage_bytes","__name__=container_fs_usage_bytes;device=overlay_0-68;id=/;instance=cadvisor:8080;job=iot_service","2025-11-03T15:24:08Z","26534998016"
"container_fs_usage_bytes","__name__=container_fs_usage_bytes;device=overlay_0-68;id=/;instance=cadvisor:8080;job=iot_service","2025-11-03T15:24:23Z","26535301120"
"container_fs_usage_bytes","__name__=container_fs_usage_bytes;device=overlay_0-68;id=/;instance=cadvisor:8080;job=iot_service","2025-11-03T15:24:38Z","26535608320"
"container_fs_usage_bytes","__name__=container_fs_usage_bytes;device=overlay_0-68;id=/;instance=cadvisor:8080;job=iot_service","2025-11-03T15:24:53Z","26535952384"
"container_fs_usage_bytes","__name__=container_fs_usage_bytes;device=overlay_0-68;id=/;instance=cadvisor:8080;job=iot_service","2025-11-03T15:25:08Z","26536259584"
"container_fs_usage_bytes","__name__=container_fs_usage_bytes;device=overlay_0-68;id=/;instance=cadvisor:8080;job=iot_service","2025-11-03T15:25:23Z","26536574976"
"container_fs_usage_bytes","__name__=container_fs_usage_bytes;device=overlay_0-68;id=/;instance=cadvisor:8080;job=iot_service","2025-11-03T15:25:38Z","26536914944"
"container_fs_usage_bytes","__name__=container_fs_usage_bytes;device=overlay_0-68;id=/;instance=cadvisor:8080;job=iot_service","2025-11-03T15:25:53Z","26537242624"
"container_fs_usage_bytes","__name__=container_fs_usage_bytes;device=overlay_0-68;id=/;instance=cadvisor:8080;job=iot_service","2025-11-03T15:26:08Z","26537533440"
"container_fs_usage_bytes","__name__=container_fs_usage_bytes;device=overlay_0-68;id=/;instance=cadvisor:8080;job=iot_service","2025-11-03T15:26:23Z","26537840640"
"container_fs_usage_bytes","__name__=container_fs_usage_bytes;device=overlay_0-68;id=/;instance=cadvisor:8080;job=iot_service","2025-11-03T15:26:38Z","26538176512"
"container_fs_usage_bytes","__name__=container_fs_usage_bytes;device=overlay_0-68;id=/;instance=cadvisor:8080;job=iot_service","2025-11-03T15:26:53Z","26538504192"
"container_fs_usage_bytes","__name__=container_fs_usage_bytes;device=overlay_0-68;id=/;instance=cadvisor:8080;job=iot_service","2025-11-03T15:27:08Z","26538811392"
"container_fs_usage_bytes","__name__=container_fs_usage_bytes;device=overlay_0-68;id=/;instance=cadvisor:8080;job=iot_service","2025-11-03T15:27:23Z","26539134976"
"container_fs_usage_bytes","__name__=container_fs_usage_bytes;device=overlay_0-68;id=/;instance=cadvisor:8080;job=iot_service","2025-11-03T15:27:38Z","26539442176"
"container_fs_usage_bytes","__name__=container_fs_usage_bytes;device=overlay_0-68;id=/;instance=cadvisor:8080;job=iot_service","2025-11-03T15:27:53Z","26539765760"
"container_fs_usage_bytes","__name__=container_fs_usage_bytes;device=overlay_0-68;id=/;instance=cadvisor:8080;job=iot_service","2025-11-03T15:28:08Z","26540097536"
"container_fs_usage_bytes","__name__=container_fs_usage_bytes;device=overlay_0-68;id=/;instance=cadvisor:8080;job=iot_service","2025-11-03T15:28:23Z","26540421120"
"container_fs_usage_bytes","__name__=container_fs_usage_bytes;device=overlay_0-68;id=/;instance=cadvisor:8080;job=iot_service","2025-11-03T15:28:38Z","26540744704"
"container_fs_usage_bytes","__name__=container_fs_usage_bytes;device=overlay_0-68;id=/;instance=cadvisor:8080;job=iot_service","2025-11-03T15:28:53Z","26541047808"
"container_fs_usage_bytes","__name__=container_fs_usage_bytes;device=overlay_0-68;id=/;instance=cadvisor:8080;job=iot_service","2025-11-03T15:29:08Z","26541383680"
"container_fs_usage_bytes","__name__=container_fs_usage_bytes;device=overlay_0-70;id=/;instance=cadvisor:8080;job=iot_service","2025-11-03T15:22:08Z","26532413440"
"container_fs_usage_bytes","__name__=container_fs_usage_bytes;device=overlay_0-70;id=/;instance=cadvisor:8080;job=iot_service","2025-11-03T15:22:23Z","26532745216"
"container_fs_usage_bytes","__name__=container_fs_usage_bytes;device=overlay_0-70;id=/;instance=cadvisor:8080;job=iot_service","2025-11-03T15:22:38Z","26533060608"
"container_fs_usage_bytes","__name__=container_fs_usage_bytes;device=overlay_0-70;id=/;instance=cadvisor:8080;job=iot_service","2025-11-03T15:22:53Z","26533380096"
"container_fs_usage_bytes","__name__=container_fs_usage_bytes;device=overlay_0-70;id=/;instance=cadvisor:8080;job=iot_service","2025-11-03T15:23:08Z","26533687296"
"container_fs_usage_bytes","__name__=container_fs_usage_bytes;device=overlay_0-70;id=/;instance=cadvisor:8080;job=iot_service","2025-11-03T15:23:23Z","26534027264"
"container_fs_usage_bytes","__name__=container_fs_usage_bytes;device=overlay_0-70;id=/;instance=cadvisor:8080;job=iot_service","2025-11-03T15:23:38Z","26534354944"
"container_fs_usage_bytes","__name__=container_fs_usage_bytes;device=overlay_0-70;id=/;instance=cadvisor:8080;job=iot_service","2025-11-03T15:23:53Z","26534674432"
"container_fs_usage_bytes","__name__=container_fs_usage_bytes;device=overlay_0-70;id=/;instance=cadvisor:8080;job=iot_service","2025-11-03T15:24:08Z","26534998016"
"container_fs_usage_bytes","__name__=container_fs_usage_bytes;device=overlay_0-70;id=/;instance=cadvisor:8080;job=iot_service","2025-11-03T15:24:23Z","26535301120"
"container_fs_usage_bytes","__name__=container_fs_usage_bytes;device=overlay_0-70;id=/;instance=cadvisor:8080;job=iot_service","2025-11-03T15:24:38Z","26535608320"
"container_fs_usage_bytes","__name__=container_fs_usage_bytes;device=overlay_0-70;id=/;instance=cadvisor:8080;job=iot_service","2025-11-03T15:24:53Z","26535952384"
"container_fs_usage_bytes","__name__=container_fs_usage_bytes;device=overlay_0-70;id=/;instance=cadvisor:8080;job=iot_service","2025-11-03T15:25:08Z","26536259584"
"container_fs_usage_bytes","__name__=container_fs_usage_bytes;device=overlay_0-70;id=/;instance=cadvisor:8080;job=iot_service","2025-11-03T15:25:23Z","26536574976"
"container_fs_usage_bytes","__name__=container_fs_usage_bytes;device=overlay_0-70;id=/;instance=cadvisor:8080;job=iot_service","2025-11-03T15:25:38Z","26536914944"
"container_fs_usage_bytes","__name__=container_fs_usage_bytes;device=overlay_0-70;id=/;instance=cadvisor:8080;job=iot_service","2025-11-03T15:25:53Z","26537242624"
"container_fs_usage_bytes","__name__=container_fs_usage_bytes;device=overlay_0-70;id=/;instance=cadvisor:8080;job=iot_service","2025-11-03T15:26:08Z","26537533440"
"container_fs_usage_bytes","__name__=container_fs_usage_bytes;device=overlay_0-70;id=/;instance=cadvisor:8080;job=iot_service","2025-11-03T15:26:23Z","26537840640"
"container_fs_usage_bytes","__name__=container_fs_usage_bytes;device=overlay_0-70;id=/;instance=cadvisor:8080;job=iot_service","2025-11-03T15:26:38Z","26538176512"
"container_fs_usage_bytes","__name__=container_fs_usage_bytes;device=overlay_0-70;id=/;instance=cadvisor:8080;job=iot_service","2025-11-03T15:26:53Z","26538504192"
"container_fs_usage_bytes","__name__=container_fs_usage_bytes;device=overlay_0-70;id=/;instance=cadvisor:8080;job=iot_service","2025-11-03T15:27:08Z","26538811392"
"container_fs_usage_bytes","__name__=container_fs_usage_bytes;device=overlay_0-70;id=/;instance=cadvisor:8080;job=iot_service","2025-11-03T15:27:23Z","26539134976"
"container_fs_usage_bytes","__name__=container_fs_usage_bytes;device=overlay_0-70;id=/;instance=cadvisor:8080;job=iot_service","2025-11-03T15:27:38Z","26539442176"
"container_fs_usage_bytes","__name__=container_fs_usage_bytes;device=overlay_0-70;id=/;instance=cadvisor:8080;job=iot_service","2025-11-03T15:27:53Z","26539765760"
"container_fs_usage_bytes","__name__=container_fs_usage_bytes;device=overlay_0-70;id=/;instance=cadvisor:8080;job=iot_service","2025-11-03T15:28:08Z","26540097536"
"container_fs_usage_bytes","__name__=container_fs_usage_bytes;device=overlay_0-70;id=/;instance=cadvisor:8080;job=iot_service","2025-11-03T15:28:23Z","26540421120"
"container_fs_usage_bytes","__name__=container_fs_usage_bytes;device=overlay_0-70;id=/;instance=cadvisor:8080;job=iot_service","2025-11-03T15:28:38Z","26540744704"
"container_fs_usage_bytes","__name__=container_fs_usage_bytes;device=overlay_0-70;id=/;instance=cadvisor:8080;job=iot_service","2025-11-03T15:28:53Z","26541047808"
"container_fs_usage_bytes","__name__=container_fs_usage_bytes;device=overlay_0-70;id=/;instance=cadvisor:8080;job=iot_service","2025-11-03T15:29:08Z","26541383680"
"container_fs_usage_bytes","__name__=container_fs_usage_bytes;device=overlay_0-72;id=/;instance=cadvisor:8080;job=iot_service","2025-11-03T15:22:08Z","26532413440"
"container_fs_usage_bytes","__name__=container_fs_usage_bytes;device=overlay_0-72;id=/;instance=cadvisor:8080;job=iot_service","2025-11-03T15:22:23Z","26532745216"
"container_fs_usage_bytes","__name__=container_fs_usage_bytes;device=overlay_0-72;id=/;instance=cadvisor:8080;job=iot_service","2025-11-03T15:22:38Z","26533060608"
"container_fs_usage_bytes","__name__=container_fs_usage_bytes;device=overlay_0-72;id=/;instance=cadvisor:8080;job=iot_service","2025-11-03T15:22:53Z","26533380096"
"container_fs_usage_bytes","__name__=container_fs_usage_bytes;device=overlay_0-72;id=/;instance=cadvisor:8080;job=iot_service","2025-11-03T15:23:08Z","26533687296"
"container_fs_usage_bytes","__name__=container_fs_usage_bytes;device=overlay_0-72;id=/;instance=cadvisor:8080;job=iot_service","2025-11-03T15:23:23Z","26534027264"
"container_fs_usage_bytes","__name__=container_fs_usage_bytes;device=overlay_0-72;id=/;instance=cadvisor:8080;job=iot_service","2025-11-03T15:23:38Z","26534354944"
"container_fs_usage_bytes","__name__=container_fs_usage_bytes;device=overlay_0-72;id=/;instance=cadvisor:8080;job=iot_service","2025-11-03T15:23:53Z","26534674432"
"container_fs_usage_bytes","__name__=container_fs_usage_bytes;device=overlay_0-72;id=/;instance=cadvisor:8080;job=iot_service","2025-11-03T15:24:08Z","26534998016"
"container_fs_usage_bytes","__name__=container_fs_usage_bytes;device=overlay_0-72;id=/;instance=cadvisor:8080;job=iot_service","2025-11-03T15:24:23Z","26535301120"
"container_fs_usage_bytes","__name__=container_fs_usage_bytes;device=overlay_0-72;id=/;instance=cadvisor:8080;job=iot_service","2025-11-03T15:24:38Z","26535608320"
"container_fs_usage_bytes","__name__=container_fs_usage_bytes;device=overlay_0-72;id=/;instance=cadvisor:8080;job=iot_service","2025-11-03T15:24:53Z","26535952384"
"container_fs_usage_bytes","__name__=container_fs_usage_bytes;device=overlay_0-72;id=/;instance=cadvisor:8080;job=iot_service","2025-11-03T15:25:08Z","26536259584"
"container_fs_usage_bytes","__name__=container_fs_usage_bytes;device=overlay_0-72;id=/;instance=cadvisor:8080;job=iot_service","2025-11-03T15:25:23Z","26536574976"
"container_fs_usage_bytes","__name__=container_fs_usage_bytes;device=overlay_0-72;id=/;instance=cadvisor:8080;job=iot_service","2025-11-03T15:25:38Z","26536914944"
"container_fs_usage_bytes","__name__=container_fs_usage_bytes;device=overlay_0-72;id=/;instance=cadvisor:8080;job=iot_service","2025-11-03T15:25:53Z","26537242624"
"container_fs_usage_bytes","__name__=container_fs_usage_bytes;device=overlay_0-72;id=/;instance=cadvisor:8080;job=iot_service","2025-11-03T15:26:08Z","26537533440"
"container_fs_usage_bytes","__name__=container_fs_usage_bytes;device=overlay_0-72;id=/;instance=cadvisor:8080;job=iot_service","2025-11-03T15:26:23Z","26537840640"
"container_fs_usage_bytes","__name__=container_fs_usage_bytes;device=overlay_0-72;id=/;instance=cadvisor:8080;job=iot_service","2025-11-03T15:26:38Z","26538176512"
"container_fs_usage_bytes","__name__=container_fs_usage_bytes;device=overlay_0-72;id=/;instance=cadvisor:8080;job=iot_service","2025-11-03T15:26:53Z","26538504192"
"container_fs_usage_bytes","__name__=container_fs_usage_bytes;device=overlay_0-72;id=/;instance=cadvisor:8080;job=iot_service","2025-11-03T15:27:08Z","26538811392"
"container_fs_usage_bytes","__name__=container_fs_usage_bytes;device=overlay_0-72;id=/;instance=cadvisor:8080;job=iot_service","2025-11-03T15:27:23Z","26539134976"
"container_fs_usage_bytes","__name__=container_fs_usage_bytes;device=overlay_0-72;id=/;instance=cadvisor:8080;job=iot_service","2025-11-03T15:27:38Z","26539442176"
"container_fs_usage_bytes","__name__=container_fs_usage_bytes;device=overlay_0-72;id=/;instance=cadvisor:8080;job=iot_service","2025-11-03T15:27:53Z","26539765760"
"container_fs_usage_bytes","__name__=container_fs_usage_bytes;device=overlay_0-72;id=/;instance=cadvisor:8080;job=iot_service","2025-11-03T15:28:08Z","26540097536"
"container_fs_usage_bytes","__name__=container_fs_usage_bytes;device=overlay_0-72;id=/;instance=cadvisor:8080;job=iot_service","2025-11-03T15:28:23Z","26540421120"
"container_fs_usage_bytes","__name__=container_fs_usage_bytes;device=overlay_0-72;id=/;instance=cadvisor:8080;job=iot_service","2025-11-03T15:28:38Z","26540744704"
"container_fs_usage_bytes","__name__=container_fs_usage_bytes;device=overlay_0-72;id=/;instance=cadvisor:8080;job=iot_service","2025-11-03T15:28:53Z","26541047808"
"container_fs_usage_bytes","__name__=container_fs_usage_bytes;device=overlay_0-72;id=/;instance=cadvisor:8080;job=iot_service","2025-11-03T15:29:08Z","26541383680"
"container_fs_usage_bytes","__name__=container_fs_usage_bytes;device=overlay_0-74;id=/;instance=cadvisor:8080;job=iot_service","2025-11-03T15:22:08Z","26532413440"
"container_fs_usage_bytes","__name__=container_fs_usage_bytes;device=overlay_0-74;id=/;instance=cadvisor:8080;job=iot_service","2025-11-03T15:22:23Z","26532745216"
"container_fs_usage_bytes","__name__=container_fs_usage_bytes;device=overlay_0-74;id=/;instance=cadvisor:8080;job=iot_service","2025-11-03T15:22:38Z","26533060608"
"container_fs_usage_bytes","__name__=container_fs_usage_bytes;device=overlay_0-74;id=/;instance=cadvisor:8080;job=iot_service","2025-11-03T15:22:53Z","26533380096"
"container_fs_usage_bytes","__name__=container_fs_usage_bytes;device=overlay_0-74;id=/;instance=cadvisor:8080;job=iot_service","2025-11-03T15:23:08Z","26533687296"
"container_fs_usage_bytes","__name__=container_fs_usage_bytes;device=overlay_0-74;id=/;instance=cadvisor:8080;job=iot_service","2025-11-03T15:23:23Z","26534027264"
"container_fs_usage_bytes","__name__=container_fs_usage_bytes;device=overlay_0-74;id=/;instance=cadvisor:8080;job=iot_service","2025-11-03T15:23:38Z","26534354944"
"container_fs_usage_bytes","__name__=container_fs_usage_bytes;device=overlay_0-74;id=/;instance=cadvisor:8080;job=iot_service","2025-11-03T15:23:53Z","26534674432"
"container_fs_usage_bytes","__name__=container_fs_usage_bytes;device=overlay_0-74;id=/;instance=cadvisor:8080;job=iot_service","2025-11-03T15:24:08Z","26534998016"
"container_fs_usage_bytes","__name__=container_fs_usage_bytes;device=overlay_0-74;id=/;instance=cadvisor:8080;job=iot_service","2025-11-03T15:24:23Z","26535301120"
"container_fs_usage_bytes","__name__=container_fs_usage_bytes;device=overlay_0-74;id=/;instance=cadvisor:8080;job=iot_service","2025-11-03T15:24:38Z","26535608320"
"container_fs_usage_bytes","__name__=container_fs_usage_bytes;device=overlay_0-74;id=/;instance=cadvisor:8080;job=iot_service","2025-11-03T15:24:53Z","26535952384"
"container_fs_usage_bytes","__name__=container_fs_usage_bytes;device=overlay_0-74;id=/;instance=cadvisor:8080;job=iot_service","2025-11-03T15:25:08Z","26536259584"
"container_fs_usage_bytes","__name__=container_fs_usage_bytes;device=overlay_0-74;id=/;instance=cadvisor:8080;job=iot_service","2025-11-03T15:25:23Z","26536574976"
"container_fs_usage_bytes","__name__=container_fs_usage_bytes;device=overlay_0-74;id=/;instance=cadvisor:8080;job=iot_service","2025-11-03T15:25:38Z","26536914944"
"container_fs_usage_bytes","__name__=container_fs_usage_bytes;device=overlay_0-74;id=/;instance=cadvisor:8080;job=iot_service","2025-11-03T15:25:53Z","26537242624"
"container_fs_usage_bytes","__name__=container_fs_usage_bytes;device=overlay_0-74;id=/;instance=cadvisor:8080;job=iot_service","2025-11-03T15:26:08Z","26537533440"
"container_fs_usage_bytes","__name__=container_fs_usage_bytes;device=overlay_0-74;id=/;instance=cadvisor:8080;job=iot_service","2025-11-03T15:26:23Z","26537840640"
"container_fs_usage_bytes","__name__=container_fs_usage_bytes;device=overlay_0-74;id=/;instance=cadvisor:8080;job=iot_service","2025-11-03T15:26:38Z","26538176512"
"container_fs_usage_bytes","__name__=container_fs_usage_bytes;device=overlay_0-74;id=/;instance=cadvisor:8080;job=iot_service","2025-11-03T15:26:53Z","26538504192"
"container_fs_usage_bytes","__name__=container_fs_usage_bytes;device=overlay_0-74;id=/;instance=cadvisor:8080;job=iot_service","2025-11-03T15:27:08Z","26538811392"
"container_fs_usage_bytes","__name__=container_fs_usage_bytes;device=overlay_0-74;id=/;instance=cadvisor:8080;job=iot_service","2025-11-03T15:27:23Z","26539134976"
"container_fs_usage_bytes","__name__=container_fs_usage_bytes;device=overlay_0-74;id=/;instance=cadvisor:8080;job=iot_service","2025-11-03T15:27:38Z","26539442176"
"container_fs_usage_bytes","__name__=container_fs_usage_bytes;device=overlay_0-74;id=/;instance=cadvisor:8080;job=iot_service","2025-11-03T15:27:53Z","26539765760"
"container_fs_usage_bytes","__name__=container_fs_usage_bytes;device=overlay_0-74;id=/;instance=cadvisor:8080;job=iot_service","2025-11-03T15:28:08Z","26540097536"
"container_fs_usage_bytes","__name__=container_fs_usage_bytes;device=overlay_0-74;id=/;instance=cadvisor:8080;job=iot_service","2025-11-03T15:28:23Z","26540421120"
"container_fs_usage_bytes","__name__=container_fs_usage_bytes;device=overlay_0-74;id=/;instance=cadvisor:8080;job=iot_service","2025-11-03T15:28:38Z","26540744704"
"container_fs_usage_bytes","__name__=container_fs_usage_bytes;device=overlay_0-74;id=/;instance=cadvisor:8080;job=iot_service","2025-11-03T15:28:53Z","26541047808"
"container_fs_usage_bytes","__name__=container_fs_usage_bytes;device=overlay_0-74;id=/;instance=cadvisor:8080;job=iot_service","2025-11-03T15:29:08Z","26541383680"
