metric,labels,timestamp,value
"container_blkio_device_usage_total","device=/dev/vda;id=/;instance=cadvisor:8080;job=iot_service;major=254;minor=0;operation=Read","2025-11-03T15:22:08Z","7771.900994460163"
"container_blkio_device_usage_total","device=/dev/vda;id=/;instance=cadvisor:8080;job=iot_service;major=254;minor=0;operation=Read","2025-11-03T15:22:23Z","4514.120402259266"
"container_blkio_device_usage_total","device=/dev/vda;id=/;instance=cadvisor:8080;job=iot_service;major=254;minor=0;operation=Read","2025-11-03T15:22:38Z","4492.536546074617"
"container_blkio_device_usage_total","device=/dev/vda;id=/;instance=cadvisor:8080;job=iot_service;major=254;minor=0;operation=Read","2025-11-03T15:22:53Z","6206.060606060606"
"container_blkio_device_usage_total","device=/dev/vda;id=/;instance=cadvisor:8080;job=iot_service;major=254;minor=0;operation=Read","2025-11-03T15:23:08Z","11373.406447556843"
"container_blkio_device_usage_total","device=/dev/vda;id=/;instance=cadvisor:8080;job=iot_service;major=254;minor=0;operation=Read","2025-11-03T15:23:23Z","13521.851427398527"
"container_blkio_device_usage_total","device=/dev/vda;id=/;instance=cadvisor:8080;job=iot_service;major=254;minor=0;operation=Read","2025-11-03T15:23:38Z","13393.33152615885"
"container_blkio_device_usage_total","device=/dev/vda;id=/;instance=cadvisor:8080;job=iot_service;major=254;minor=0;operation=Read","2025-11-03T15:23:53Z","8901.347708894878"
"container_blkio_device_usage_total","device=/dev/vda;id=/;instance=cadvisor:8080;job=iot_service;major=254;minor=0;operation=Read","2025-11-03T15:24:08Z","6601.90393042427"
"container_blkio_device_usage_total","device=/dev/vda;id=/;instance=cadvisor:8080;job=iot_service;major=254;minor=0;operation=Read","2025-11-03T15:24:23Z","8290.780755324116"
"container_blkio_device_usage_total","device=/dev/vda;id=/;instance=cadvisor:8080;job=iot_service;major=254;minor=0;operation=Read","2025-11-03T15:24:38Z","10571.059882119067"
"container_blkio_device_usage_total","device=/dev/vda;id=/;instance=cadvisor:8080;job=iot_service;major=254;minor=0;operation=Read","2025-11-03T15:24:53Z","5954.049820805855"
"container_blkio_device_usage_total","device=/dev/vda;id=/;instance=cadvisor:8080;job=iot_service;major=254;minor=0;operation=Read","2025-11-03T15:25:08Z","4778.926755695207"
"container_blkio_device_usage_total","device=/dev/vda;id=/;instance=cadvisor:8080;job=iot_service;major=254;minor=0;operation=Read","2025-11-03T15:25:23Z","2976.229196221584"
"container_blkio_device_usage_total","device=/dev/vda;id=/;instance=cadvisor:8080;job=iot_service;major=254;minor=0;operation=Read","2025-11-03T15:25:38Z","2061.675782691856"
"container_blkio_device_usage_total","device=/dev/vda;id=/;instance=cadvisor:8080;job=iot_service;major=254;minor=0;operation=Read","2025-11-03T15:25:53Z","1331.7817783558082"
"container_blkio_device_usage_total","device=/dev/vda;id=/;instance=cadvisor:8080;job=iot_service;major=254;minor=0;operation=Read","2025-11-03T15:26:08Z","1343.414465734507"
"container_blkio_device_usage_total","device=/dev/vda;id=/;instance=cadvisor:8080;job=iot_service;major=254;minor=0;operation=Read","2025-11-03T15:26:23Z","1318.8783034344149"
"container_blkio_device_usage_total","device=/dev/vda;id=/;instance=cadvisor:8080;job=iot_service;major=254;minor=0;operation=Read","2025-11-03T15:26:38Z","851.9430096717163"
"container_blkio_device_usage_total","device=/dev/vda;id=/;instance=cadvisor:8080;job=iot_service;major=254;minor=0;operation=Read","2025-11-03T15:26:53Z","4294.755659453049"
"container_blkio_device_usage_total","device=/dev/vda;id=/;instance=cadvisor:8080;job=iot_service;major=254;minor=0;operation=Read","2025-11-03T15:27:08Z","4463.317044932151"
"container_blkio_device_usage_total","device=/dev/vda;id=/;instance=cadvisor:8080;job=iot_service;major=254;minor=0;operation=Read","2025-11-03T15:27:23Z","4461.797695436829"
"container_blkio_device_usage_total","device=/dev/vda;id=/;instance=cadvisor:8080;job=iot_service;major=254;minor=0;operation=Read","2025-11-03T15:27:38Z","3673.796053539396"
"container_blkio_device_usage_total","device=/dev/vda;id=/;instance=cadvisor:8080;job=iot_service;major=254;minor=0;operation=Read","2025-11-03T15:27:53Z","213.47416698516378"
"container_blkio_device_usage_total","device=/dev/vda;id=/;instance=cadvisor:8080;job=iot_service;major=254;minor=0;operation=Read","2025-11-03T15:28:08Z","0"
"container_blkio_device_usage_total","device=/dev/vda;id=/;instance=cadvisor:8080;job=iot_service;major=254;minor=0;operation=Read","2025-11-03T15:28:23Z","0"
"container_blkio_device_usage_total","device=/dev/vda;id=/;instance=cadvisor:8080;job=iot_service;major=254;minor=0;operation=Read","2025-11-03T15:28:38Z","1527.322033898305"
"container_blkio_device_usage_total","device=/dev/vda;id=/;instance=cadvisor:8080;job=iot_service;major=254;minor=0;operation=Read","2025-11-03T15:28:53Z","1531.4751869476547"
"container_blkio_device_usage_total","device=/dev/vda;id=/;instance=cadvisor:8080;job=iot_service;major=254;minor=0;operation=Read","2025-11-03T15:29:08Z","3129.4249477919825"
"container_blkio_device_usage_total","device=/dev/vda;id=/;instance=cadvisor:8080;job=iot_service;major=254;minor=0;operation=Write","2025-11-03T15:22:08Z","35736.866179883786"
"container_blkio_device_usage_total","device=/dev/vda;id=/;instance=cadvisor:8080;job=iot_service;major=254;minor=0;operation=Write","2025-11-03T15:22:23Z","37664.69210635075"
"container_blkio_device_usage_total","device=/dev/vda;id=/;instance=cadvisor:8080;job=iot_service;major=254;minor=0;operation=Write","2025-11-03T15:22:38Z","35870.09648506452"
"container_blkio_device_usage_total","device=/dev/vda;id=/;instance=cadvisor:8080;job=iot_service;major=254;minor=0;operation=Write","2025-11-03T15:22:53Z","36531.12947658402"
"container_blkio_device_usage_total","device=/dev/vda;id=/;instance=cadvisor:8080;job=iot_service;major=254;minor=0;operation=Write","2025-11-03T15:23:08Z","35693.8982222067"
"container_blkio_device_usage_total","device=/dev/vda;id=/;instance=cadvisor:8080;job=iot_service;major=254;minor=0;operation=Write","2025-11-03T15:23:23Z","35871.440056103864"
"container_blkio_device_usage_total","device=/dev/vda;id=/;instance=cadvisor:8080;job=iot_service;major=254;minor=0;operation=Write","2025-11-03T15:23:38Z","36224.45107075088"
"container_blkio_device_usage_total","device=/dev/vda;id=/;instance=cadvisor:8080;job=iot_service;major=254;minor=0;operation=Write","2025-11-03T15:23:53Z","36295.41778975741"
"container_blkio_device_usage_total","device=/dev/vda;id=/;instance=cadvisor:8080;job=iot_service;major=254;minor=0;operation=Write","2025-11-03T15:24:08Z","35966.622454290555"
"container_blkio_device_usage_total","device=/dev/vda;id=/;instance=cadvisor:8080;job=iot_service;major=254;minor=0;operation=Write","2025-11-03T15:24:23Z","35997.57798038163"
"container_blkio_device_usage_total","device=/dev/vda;id=/;instance=cadvisor:8080;job=iot_service;major=254;minor=0;operation=Write","2025-11-03T15:24:38Z","29998.953719527082"
"container_blkio_device_usage_total","device=/dev/vda;id=/;instance=cadvisor:8080;job=iot_service;major=254;minor=0;operation=Write","2025-11-03T15:24:53Z","37455.127361115905"
"container_blkio_device_usage_total","device=/dev/vda;id=/;instance=cadvisor:8080;job=iot_service;major=254;minor=0;operation=Write","2025-11-03T15:25:08Z","32046.92059701492"
"container_blkio_device_usage_total","device=/dev/vda;id=/;instance=cadvisor:8080;job=iot_service;major=254;minor=0;operation=Write","2025-11-03T15:25:23Z","33021.971558077574"
"container_blkio_device_usage_total","device=/dev/vda;id=/;instance=cadvisor:8080;job=iot_service;major=254;minor=0;operation=Write","2025-11-03T15:25:38Z","32780.64494480051"
"container_blkio_device_usage_total","device=/dev/vda;id=/;instance=cadvisor:8080;job=iot_service;major=254;minor=0;operation=Write","2025-11-03T15:25:53Z","30490.793346567185"
"container_blkio_device_usage_total","device=/dev/vda;id=/;instance=cadvisor:8080;job=iot_service;major=254;minor=0;operation=Write","2025-11-03T15:26:08Z","28777.35197652339"
"container_blkio_device_usage_total","device=/dev/vda;id=/;instance=cadvisor:8080;job=iot_service;major=254;minor=0;operation=Write","2025-11-03T15:26:23Z","32347.225757917757"
"container_blkio_device_usage_total","device=/dev/vda;id=/;instance=cadvisor:8080;job=iot_service;major=254;minor=0;operation=Write","2025-11-03T15:26:38Z","28043.12406836066"
"container_blkio_device_usage_total","device=/dev/vda;id=/;instance=cadvisor:8080;job=iot_service;major=254;minor=0;operation=Write","2025-11-03T15:26:53Z","33161.14615741616"
"container_blkio_device_usage_total","device=/dev/vda;id=/;instance=cadvisor:8080;job=iot_service;major=254;minor=0;operation=Write","2025-11-03T15:27:08Z","33056.44186402874"
"container_blkio_device_usage_total","device=/dev/vda;id=/;instance=cadvisor:8080;job=iot_service;major=254;minor=0;operation=Write","2025-11-03T15:27:23Z","34021.20742770582"
"container_blkio_device_usage_total","device=/dev/vda;id=/;instance=cadvisor:8080;job=iot_service;major=254;minor=0;operation=Write","2025-11-03T15:27:38Z","35183.662205050365"
"container_blkio_device_usage_total","device=/dev/vda;id=/;instance=cadvisor:8080;job=iot_service;major=254;minor=0;operation=Write","2025-11-03T15:27:53Z","35080.92144122858"
"container_blkio_device_usage_total","device=/dev/vda;id=/;instance=cadvisor:8080;job=iot_service;major=254;minor=0;operation=Write","2025-11-03T15:28:08Z","33927.39543920646"
"container_blkio_device_usage_total","device=/dev/vda;id=/;instance=cadvisor:8080;job=iot_service;major=254;minor=0;operation=Write","2025-11-03T15:28:23Z","35334.424440807416"
"container_blkio_device_usage_total","device=/dev/vda;id=/;instance=cadvisor:8080;job=iot_service;major=254;minor=0;operation=Write","2025-11-03T15:28:38Z","33739.93220338983"
"container_blkio_device_usage_total","device=/dev/vda;id=/;instance=cadvisor:8080;job=iot_service;major=254;minor=0;operation=Write","2025-11-03T15:28:53Z","34179.741672331744"
"container_blkio_device_usage_total","device=/dev/vda;id=/;instance=cadvisor:8080;job=iot_service;major=254;minor=0;operation=Write","2025-11-03T15:29:08Z","35536.3588515934"
"container_blkio_device_usage_total","device=/dev/vda;id=/docker;instance=cadvisor:8080;job=iot_service;major=254;minor=0;operation=Read","2025-11-03T15:22:08Z","7949.539058709363"
"container_blkio_device_usage_total","device=/dev/vda;id=/docker;instance=cadvisor:8080;job=iot_service;major=254;minor=0;operation=Read","2025-11-03T15:22:23Z","4412.5300880338"
"container_blkio_device_usage_total","device=/dev/vda;id=/docker;instance=cadvisor:8080;job=iot_service;major=254;minor=0;operation=Read","2025-11-03T15:22:38Z","4419.597396904609"
"container_blkio_device_usage_total","device=/dev/vda;id=/docker;instance=cadvisor:8080;job=iot_service;major=254;minor=0;operation=Read","2025-11-03T15:22:53Z","6085.975753891871"
"container_blkio_device_usage_total","device=/dev/vda;id=/docker;instance=cadvisor:8080;job=iot_service;major=254;minor=0;operation=Read","2025-11-03T15:23:08Z","11006.100755412097"
"container_blkio_device_usage_total","device=/dev/vda;id=/docker;instance=cadvisor:8080;job=iot_service;major=254;minor=0;operation=Read","2025-11-03T15:23:23Z","13765.070520633815"
"container_blkio_device_usage_total","device=/dev/vda;id=/docker;instance=cadvisor:8080;job=iot_service;major=254;minor=0;operation=Read","2025-11-03T15:23:38Z","13552.954018901843"
"container_blkio_device_usage_total","device=/dev/vda;id=/docker;instance=cadvisor:8080;job=iot_service;major=254;minor=0;operation=Read","2025-11-03T15:23:53Z","9140.484716383828"
"container_blkio_device_usage_total","device=/dev/vda;id=/docker;instance=cadvisor:8080;job=iot_service;major=254;minor=0;operation=Read","2025-11-03T15:24:08Z","6807.4026626040895"
"container_blkio_device_usage_total","device=/dev/vda;id=/docker;instance=cadvisor:8080;job=iot_service;major=254;minor=0;operation=Read","2025-11-03T15:24:23Z","8106.363544098245"
"container_blkio_device_usage_total","device=/dev/vda;id=/docker;instance=cadvisor:8080;job=iot_service;major=254;minor=0;operation=Read","2025-11-03T15:24:38Z","10470.456154895763"
"container_blkio_device_usage_total","device=/dev/vda;id=/docker;instance=cadvisor:8080;job=iot_service;major=254;minor=0;operation=Read","2025-11-03T15:24:53Z","6099.248536897878"
"container_blkio_device_usage_total","device=/dev/vda;id=/docker;instance=cadvisor:8080;job=iot_service;major=254;minor=0;operation=Read","2025-11-03T15:25:08Z","4783.649635036496"
"container_blkio_device_usage_total","device=/dev/vda;id=/docker;instance=cadvisor:8080;job=iot_service;major=254;minor=0;operation=Read","2025-11-03T15:25:23Z","2996.446735874033"
"container_blkio_device_usage_total","device=/dev/vda;id=/docker;instance=cadvisor:8080;job=iot_service;major=254;minor=0;operation=Read","2025-11-03T15:25:38Z","2085.1738949454466"
"container_blkio_device_usage_total","device=/dev/vda;id=/docker;instance=cadvisor:8080;job=iot_service;major=254;minor=0;operation=Read","2025-11-03T15:25:53Z","1328.8029094882784"
"container_blkio_device_usage_total","device=/dev/vda;id=/docker;instance=cadvisor:8080;job=iot_service;major=254;minor=0;operation=Read","2025-11-03T15:26:08Z","1349.354139575206"
"container_blkio_device_usage_total","device=/dev/vda;id=/docker;instance=cadvisor:8080;job=iot_service;major=254;minor=0;operation=Read","2025-11-03T15:26:23Z","1340.1064177845126"
"container_blkio_device_usage_total","device=/dev/vda;id=/docker;instance=cadvisor:8080;job=iot_service;major=254;minor=0;operation=Read","2025-11-03T15:26:38Z","839.9897462189183"
"container_blkio_device_usage_total","device=/dev/vda;id=/docker;instance=cadvisor:8080;job=iot_service;major=254;minor=0;operation=Read","2025-11-03T15:26:53Z","4292.02597313361"
"container_blkio_device_usage_total","device=/dev/vda;id=/docker;instance=cadvisor:8080;job=iot_service;major=254;minor=0;operation=Read","2025-11-03T15:27:08Z","4394.0394575839355"
"container_blkio_device_usage_total","device=/dev/vda;id=/docker;instance=cadvisor:8080;job=iot_service;major=254;minor=0;operation=Read","2025-11-03T15:27:23Z","4485.234233309379"
"container_blkio_device_usage_total","device=/dev/vda;id=/docker;instance=cadvisor:8080;job=iot_service;major=254;minor=0;operation=Read","2025-11-03T15:27:38Z","3646.6861848751"
"container_blkio_device_usage_total","device=/dev/vda;id=/docker;instance=cadvisor:8080;job=iot_service;major=254;minor=0;operation=Read","2025-11-03T15:27:53Z","210.43978627209208"
"container_blkio_device_usage_total","device=/dev/vda;id=/docker;instance=cadvisor:8080;job=iot_service;major=254;minor=0;operation=Read","2025-11-03T15:28:08Z","0"
"container_blkio_device_usage_total","device=/dev/vda;id=/docker;instance=cadvisor:8080;job=iot_service;major=254;minor=0;operation=Read","2025-11-03T15:28:23Z","0"
"container_blkio_device_usage_total","device=/dev/vda;id=/docker;instance=cadvisor:8080;job=iot_service;major=254;minor=0;operation=Read","2025-11-03T15:28:38Z","1542.2478563726918"
"container_blkio_device_usage_total","device=/dev/vda;id=/docker;instance=cadvisor:8080;job=iot_service;major=254;minor=0;operation=Read","2025-11-03T15:28:53Z","1524.5571590505356"
"container_blkio_device_usage_total","device=/dev/vda;id=/docker;instance=cadvisor:8080;job=iot_service;major=254;minor=0;operation=Read","2025-11-03T15:29:08Z","3099.8469585106204"
"container_blkio_device_usage_total","device=/dev/vda;id=/docker;instance=cadvisor:8080;job=iot_service;major=254;minor=0;operation=Write","2025-11-03T15:22:08Z","23209.814930338944"
"container_blkio_device_usage_total","device=/dev/vda;id=/docker;instance=cadvisor:8080;job=iot_service;major=254;minor=0;operation=Write","2025-11-03T15:22:23Z","22062.650440169"
"container_blkio_device_usage_total","device=/dev/vda;id=/docker;instance=cadvisor:8080;job=iot_service;major=254;minor=0;operation=Write","2025-11-03T15:22:38Z","21959.874565869777"
"container_blkio_device_usage_total","device=/dev/vda;id=/docker;instance=cadvisor:8080;job=iot_service;major=254;minor=0;operation=Write","2025-11-03T15:22:53Z","22269.13855401344"
"container_blkio_device_usage_total","device=/dev/vda;id=/docker;instance=cadvisor:8080;job=iot_service;major=254;minor=0;operation=Write","2025-11-03T15:23:08Z","22219.863789228195"
"container_blkio_device_usage_total","device=/dev/vda;id=/docker;instance=cadvisor:8080;job=iot_service;major=254;minor=0;operation=Write","2025-11-03T15:23:23Z","23322.166115270764"
"container_blkio_device_usage_total","device=/dev/vda;id=/docker;instance=cadvisor:8080;job=iot_service;major=254;minor=0;operation=Write","2025-11-03T15:23:38Z","23173.44469553165"
"container_blkio_device_usage_total","device=/dev/vda;id=/docker;instance=cadvisor:8080;job=iot_service;major=254;minor=0;operation=Write","2025-11-03T15:23:53Z","23524.34826232117"
"container_blkio_device_usage_total","device=/dev/vda;id=/docker;instance=cadvisor:8080;job=iot_service;major=254;minor=0;operation=Write","2025-11-03T15:24:08Z","23542.26754150581"
"container_blkio_device_usage_total","device=/dev/vda;id=/docker;instance=cadvisor:8080;job=iot_service;major=254;minor=0;operation=Write","2025-11-03T15:24:23Z","22933.38746236341"
"container_blkio_device_usage_total","device=/dev/vda;id=/docker;instance=cadvisor:8080;job=iot_service;major=254;minor=0;operation=Write","2025-11-03T15:24:38Z","17757.327668100246"
"container_blkio_device_usage_total","device=/dev/vda;id=/docker;instance=cadvisor:8080;job=iot_service;major=254;minor=0;operation=Write","2025-11-03T15:24:53Z","17872.216643003085"
"container_blkio_device_usage_total","device=/dev/vda;id=/docker;instance=cadvisor:8080;job=iot_service;major=254;minor=0;operation=Write","2025-11-03T15:25:08Z","17797.990553885786"
"container_blkio_device_usage_total","device=/dev/vda;id=/docker;instance=cadvisor:8080;job=iot_service;major=254;minor=0;operation=Write","2025-11-03T15:25:23Z","18121.36835504772"
"container_blkio_device_usage_total","device=/dev/vda;id=/docker;instance=cadvisor:8080;job=iot_service;major=254;minor=0;operation=Write","2025-11-03T15:25:38Z","17584.966514039934"
"container_blkio_device_usage_total","device=/dev/vda;id=/docker;instance=cadvisor:8080;job=iot_service;major=254;minor=0;operation=Write","2025-11-03T15:25:53Z","17694.05979476497"
"container_blkio_device_usage_total","device=/dev/vda;id=/docker;instance=cadvisor:8080;job=iot_service;major=254;minor=0;operation=Write","2025-11-03T15:26:08Z","17967.715648027744"
"container_blkio_device_usage_total","device=/dev/vda;id=/docker;instance=cadvisor:8080;job=iot_service;major=254;minor=0;operation=Write","2025-11-03T15:26:23Z","23134.468685964217"
"container_blkio_device_usage_total","device=/dev/vda;id=/docker;instance=cadvisor:8080;job=iot_service;major=254;minor=0;operation=Write","2025-11-03T15:26:38Z","22609.72400239255"
"container_blkio_device_usage_total","device=/dev/vda;id=/docker;instance=cadvisor:8080;job=iot_service;major=254;minor=0;operation=Write","2025-11-03T15:26:53Z","22585.90717009654"
"container_blkio_device_usage_total","device=/dev/vda;id=/docker;instance=cadvisor:8080;job=iot_service;major=254;minor=0;operation=Write","2025-11-03T15:27:08Z","21901.54042139493"
"container_blkio_device_usage_total","device=/dev/vda;id=/docker;instance=cadvisor:8080;job=iot_service;major=254;minor=0;operation=Write","2025-11-03T15:27:23Z","22846.66187591965"
"container_blkio_device_usage_total","device=/dev/vda;id=/docker;instance=cadvisor:8080;job=iot_service;major=254;minor=0;operation=Write","2025-11-03T15:27:38Z","23072.302977382846"
"container_blkio_device_usage_total","device=/dev/vda;id=/docker;instance=cadvisor:8080;job=iot_service;major=254;minor=0;operation=Write","2025-11-03T15:27:53Z","23358.816276202222"
"container_blkio_device_usage_total","device=/dev/vda;id=/docker;instance=cadvisor:8080;job=iot_service;major=254;minor=0;operation=Write","2025-11-03T15:28:08Z","23492.70770256752"
"container_blkio_device_usage_total","device=/dev/vda;id=/docker;instance=cadvisor:8080;job=iot_service;major=254;minor=0;operation=Write","2025-11-03T15:28:23Z","23199.45242984258"
"container_blkio_device_usage_total","device=/dev/vda;id=/docker;instance=cadvisor:8080;job=iot_service;major=254;minor=0;operation=Write","2025-11-03T15:28:38Z","23414.12654674905"
"container_blkio_device_usage_total","device=/dev/vda;id=/docker;instance=cadvisor:8080;job=iot_service;major=254;minor=0;operation=Write","2025-11-03T15:28:53Z","23006.953491126264"
"container_blkio_device_usage_total","device=/dev/vda;id=/docker;instance=cadvisor:8080;job=iot_service;major=254;minor=0;operation=Write","2025-11-03T15:29:08Z","23007.752980945494"
"container_blkio_device_usage_total","device=/dev/vda;id=/docker/2150446a4c8b394058574fb283357c41fb1df3cd3ea3d8bfa55eb5566caf0166;instance=cadvisor:8080;job=iot_service;major=254;minor=0;operation=Read","2025-11-03T15:22:08Z","4363.511400539529"
"container_blkio_device_usage_total","device=/dev/vda;id=/docker/2150446a4c8b394058574fb283357c41fb1df3cd3ea3d8bfa55eb5566caf0166;instance=cadvisor:8080;job=iot_service;major=254;minor=0;operation=Read","2025-11-03T15:22:23Z","974.293626926279"
"container_blkio_device_usage_total","device=/dev/vda;id=/docker/2150446a4c8b394058574fb283357c41fb1df3cd3ea3d8bfa55eb5566caf0166;instance=cadvisor:8080;job=iot_service;major=254;minor=0;operation=Read","2025-11-03T15:22:38Z","980.423669407923"
"container_blkio_device_usage_total","device=/dev/vda;id=/docker/2150446a4c8b394058574fb283357c41fb1df3cd3ea3d8bfa55eb5566caf0166;instance=cadvisor:8080;job=iot_service;major=254;minor=0;operation=Read","2025-11-03T15:22:53Z","416.6200478055231"
"container_blkio_device_usage_total","device=/dev/vda;id=/docker/2150446a4c8b394058574fb283357c41fb1df3cd3ea3d8bfa55eb5566caf0166;instance=cadvisor:8080;job=iot_service;major=254;minor=0;operation=Read","2025-11-03T15:23:08Z","2866.4379469848263"
"container_blkio_device_usage_total","device=/dev/vda;id=/docker/2150446a4c8b394058574fb283357c41fb1df3cd3ea3d8bfa55eb5566caf0166;instance=cadvisor:8080;job=iot_service;major=254;minor=0;operation=Read","2025-11-03T15:23:23Z","3213.2612514282787"
"container_blkio_device_usage_total","device=/dev/vda;id=/docker/2150446a4c8b394058574fb283357c41fb1df3cd3ea3d8bfa55eb5566caf0166;instance=cadvisor:8080;job=iot_service;major=254;minor=0;operation=Read","2025-11-03T15:23:38Z","3182.4876697520435"
"container_blkio_device_usage_total","device=/dev/vda;id=/docker/2150446a4c8b394058574fb283357c41fb1df3cd3ea3d8bfa55eb5566caf0166;instance=cadvisor:8080;job=iot_service;major=254;minor=0;operation=Read","2025-11-03T15:23:53Z","348.1440861995947"
"container_blkio_device_usage_total","device=/dev/vda;id=/docker/2150446a4c8b394058574fb283357c41fb1df3cd3ea3d8bfa55eb5566caf0166;instance=cadvisor:8080;job=iot_service;major=254;minor=0;operation=Read","2025-11-03T15:24:08Z","350.8771929824561"
"container_blkio_device_usage_total","device=/dev/vda;id=/docker/2150446a4c8b394058574fb283357c41fb1df3cd3ea3d8bfa55eb5566caf0166;instance=cadvisor:8080;job=iot_service;major=254;minor=0;operation=Read","2025-11-03T15:24:23Z","1812.8521576304367"
"container_blkio_device_usage_total","device=/dev/vda;id=/docker/2150446a4c8b394058574fb283357c41fb1df3cd3ea3d8bfa55eb5566caf0166;instance=cadvisor:8080;job=iot_service;major=254;minor=0;operation=Read","2025-11-03T15:24:38Z","1828.0095913045539"
"container_blkio_device_usage_total","device=/dev/vda;id=/docker/2150446a4c8b394058574fb283357c41fb1df3cd3ea3d8bfa55eb5566caf0166;instance=cadvisor:8080;job=iot_service;major=254;minor=0;operation=Read","2025-11-03T15:24:53Z","1824.8427834609913"
"container_blkio_device_usage_total","device=/dev/vda;id=/docker/2150446a4c8b394058574fb283357c41fb1df3cd3ea3d8bfa55eb5566caf0166;instance=cadvisor:8080;job=iot_service;major=254;minor=0;operation=Read","2025-11-03T15:25:08Z","1808.97215946731"
"container_blkio_device_usage_total","device=/dev/vda;id=/docker/2150446a4c8b394058574fb283357c41fb1df3cd3ea3d8bfa55eb5566caf0166;instance=cadvisor:8080;job=iot_service;major=254;minor=0;operation=Read","2025-11-03T15:25:23Z","0"
"container_blkio_device_usage_total","device=/dev/vda;id=/docker/2150446a4c8b394058574fb283357c41fb1df3cd3ea3d8bfa55eb5566caf0166;instance=cadvisor:8080;job=iot_service;major=254;minor=0;operation=Read","2025-11-03T15:25:38Z","1325.566343042071"
"container_blkio_device_usage_total","device=/dev/vda;id=/docker/2150446a4c8b394058574fb283357c41fb1df3cd3ea3d8bfa55eb5566caf0166;instance=cadvisor:8080;job=iot_service;major=254;minor=0;operation=Read","2025-11-03T15:25:53Z","1343.1826026924407"
"container_blkio_device_usage_total","device=/dev/vda;id=/docker/2150446a4c8b394058574fb283357c41fb1df3cd3ea3d8bfa55eb5566caf0166;instance=cadvisor:8080;job=iot_service;major=254;minor=0;operation=Read","2025-11-03T15:26:08Z","1320.2592203033284"
"container_blkio_device_usage_total","device=/dev/vda;id=/docker/2150446a4c8b394058574fb283357c41fb1df3cd3ea3d8bfa55eb5566caf0166;instance=cadvisor:8080;job=iot_service;major=254;minor=0;operation=Read","2025-11-03T15:26:23Z","1325.7018261106568"
"container_blkio_device_usage_total","device=/dev/vda;id=/docker/2150446a4c8b394058574fb283357c41fb1df3cd3ea3d8bfa55eb5566caf0166;instance=cadvisor:8080;job=iot_service;major=254;minor=0;operation=Read","2025-11-03T15:26:38Z","0"
"container_blkio_device_usage_total","device=/dev/vda;id=/docker/2150446a4c8b394058574fb283357c41fb1df3cd3ea3d8bfa55eb5566caf0166;instance=cadvisor:8080;job=iot_service;major=254;minor=0;operation=Read","2025-11-03T15:26:53Z","1192.6146678998389"
"container_blkio_device_usage_total","device=/dev/vda;id=/docker/2150446a4c8b394058574fb283357c41fb1df3cd3ea3d8bfa55eb5566caf0166;instance=cadvisor:8080;job=iot_service;major=254;minor=0;operation=Read","2025-11-03T15:27:08Z","1184.5400108873162"
"container_blkio_device_usage_total","device=/dev/vda;id=/docker/2150446a4c8b394058574fb283357c41fb1df3cd3ea3d8bfa55eb5566caf0166;instance=cadvisor:8080;job=iot_service;major=254;minor=0;operation=Read","2025-11-03T15:27:23Z","1166.3260862282668"
"container_blkio_device_usage_total","device=/dev/vda;id=/docker/2150446a4c8b394058574fb283357c41fb1df3cd3ea3d8bfa55eb5566caf0166;instance=cadvisor:8080;job=iot_service;major=254;minor=0;operation=Read","2025-11-03T15:27:38Z","1199.641651161188"
"container_blkio_device_usage_total","device=/dev/vda;id=/docker/2150446a4c8b394058574fb283357c41fb1df3cd3ea3d8bfa55eb5566caf0166;instance=cadvisor:8080;job=iot_service;major=254;minor=0;operation=Read","2025-11-03T15:27:53Z","0"
"container_blkio_device_usage_total","device=/dev/vda;id=/docker/2150446a4c8b394058574fb283357c41fb1df3cd3ea3d8bfa55eb5566caf0166;instance=cadvisor:8080;job=iot_service;major=254;minor=0;operation=Read","2025-11-03T15:28:08Z","0"
"container_blkio_device_usage_total","device=/dev/vda;id=/docker/2150446a4c8b394058574fb283357c41fb1df3cd3ea3d8bfa55eb5566caf0166;instance=cadvisor:8080;job=iot_service;major=254;minor=0;operation=Read","2025-11-03T15:28:23Z","0"
"container_blkio_device_usage_total","device=/dev/vda;id=/docker/2150446a4c8b394058574fb283357c41fb1df3cd3ea3d8bfa55eb5566caf0166;instance=cadvisor:8080;job=iot_service;major=254;minor=0;operation=Read","2025-11-03T15:28:38Z","0"
"container_blkio_device_usage_total","device=/dev/vda;id=/docker/2150446a4c8b394058574fb283357c41fb1df3cd3ea3d8bfa55eb5566caf0166;instance=cadvisor:8080;job=iot_service;major=254;minor=0;operation=Read","2025-11-03T15:28:53Z","0"
"container_blkio_device_usage_total","device=/dev/vda;id=/docker/2150446a4c8b394058574fb283357c41fb1df3cd3ea3d8bfa55eb5566caf0166;instance=cadvisor:8080;job=iot_service;major=254;minor=0;operation=Read","2025-11-03T15:29:08Z","0"
"container_blkio_device_usage_total","device=/dev/vda;id=/docker/2150446a4c8b394058574fb283357c41fb1df3cd3ea3d8bfa55eb5566caf0166;instance=cadvisor:8080;job=iot_service;major=254;minor=0;operation=Write","2025-11-03T15:22:08Z","22310.211515661784"
"container_blkio_device_usage_total","device=/dev/vda;id=/docker/2150446a4c8b394058574fb283357c41fb1df3cd3ea3d8bfa55eb5566caf0166;instance=cadvisor:8080;job=iot_service;major=254;minor=0;operation=Write","2025-11-03T15:22:23Z","21573.64459622475"
"container_blkio_device_usage_total","device=/dev/vda;id=/docker/2150446a4c8b394058574fb283357c41fb1df3cd3ea3d8bfa55eb5566caf0166;instance=cadvisor:8080;job=iot_service;major=254;minor=0;operation=Write","2025-11-03T15:22:38Z","21569.320726974303"
"container_blkio_device_usage_total","device=/dev/vda;id=/docker/2150446a4c8b394058574fb283357c41fb1df3cd3ea3d8bfa55eb5566caf0166;instance=cadvisor:8080;job=iot_service;major=254;minor=0;operation=Write","2025-11-03T15:22:53Z","21664.2424858872"
"container_blkio_device_usage_total","device=/dev/vda;id=/docker/2150446a4c8b394058574fb283357c41fb1df3cd3ea3d8bfa55eb5566caf0166;instance=cadvisor:8080;job=iot_service;major=254;minor=0;operation=Write","2025-11-03T15:23:08Z","21742.980524689778"
"container_blkio_device_usage_total","device=/dev/vda;id=/docker/2150446a4c8b394058574fb283357c41fb1df3cd3ea3d8bfa55eb5566caf0166;instance=cadvisor:8080;job=iot_service;major=254;minor=0;operation=Write","2025-11-03T15:23:23Z","22143.561232668788"
"container_blkio_device_usage_total","device=/dev/vda;id=/docker/2150446a4c8b394058574fb283357c41fb1df3cd3ea3d8bfa55eb5566caf0166;instance=cadvisor:8080;job=iot_service;major=254;minor=0;operation=Write","2025-11-03T15:23:38Z","22139.044659144653"
"container_blkio_device_usage_total","device=/dev/vda;id=/docker/2150446a4c8b394058574fb283357c41fb1df3cd3ea3d8bfa55eb5566caf0166;instance=cadvisor:8080;job=iot_service;major=254;minor=0;operation=Write","2025-11-03T15:23:53Z","22420.4791512539"
"container_blkio_device_usage_total","device=/dev/vda;id=/docker/2150446a4c8b394058574fb283357c41fb1df3cd3ea3d8bfa55eb5566caf0166;instance=cadvisor:8080;job=iot_service;major=254;minor=0;operation=Write","2025-11-03T15:24:08Z","22596.491228070172"
"container_blkio_device_usage_total","device=/dev/vda;id=/docker/2150446a4c8b394058574fb283357c41fb1df3cd3ea3d8bfa55eb5566caf0166;instance=cadvisor:8080;job=iot_service;major=254;minor=0;operation=Write","2025-11-03T15:24:23Z","22381.751638437316"
"container_blkio_device_usage_total","device=/dev/vda;id=/docker/2150446a4c8b394058574fb283357c41fb1df3cd3ea3d8bfa55eb5566caf0166;instance=cadvisor:8080;job=iot_service;major=254;minor=0;operation=Write","2025-11-03T15:24:38Z","16944.242750169135"
"container_blkio_device_usage_total","device=/dev/vda;id=/docker/2150446a4c8b394058574fb283357c41fb1df3cd3ea3d8bfa55eb5566caf0166;instance=cadvisor:8080;job=iot_service;major=254;minor=0;operation=Write","2025-11-03T15:24:53Z","16985.07513836769"
"container_blkio_device_usage_total","device=/dev/vda;id=/docker/2150446a4c8b394058574fb283357c41fb1df3cd3ea3d8bfa55eb5566caf0166;instance=cadvisor:8080;job=iot_service;major=254;minor=0;operation=Write","2025-11-03T15:25:08Z","16837.35625350342"
"container_blkio_device_usage_total","device=/dev/vda;id=/docker/2150446a4c8b394058574fb283357c41fb1df3cd3ea3d8bfa55eb5566caf0166;instance=cadvisor:8080;job=iot_service;major=254;minor=0;operation=Write","2025-11-03T15:25:23Z","17476.611883691527"
"container_blkio_device_usage_total","device=/dev/vda;id=/docker/2150446a4c8b394058574fb283357c41fb1df3cd3ea3d8bfa55eb5566caf0166;instance=cadvisor:8080;job=iot_service;major=254;minor=0;operation=Write","2025-11-03T15:25:38Z","16883.529211377958"
"container_blkio_device_usage_total","device=/dev/vda;id=/docker/2150446a4c8b394058574fb283357c41fb1df3cd3ea3d8bfa55eb5566caf0166;instance=cadvisor:8080;job=iot_service;major=254;minor=0;operation=Write","2025-11-03T15:25:53Z","17107.904729030033"
"container_blkio_device_usage_total","device=/dev/vda;id=/docker/2150446a4c8b394058574fb283357c41fb1df3cd3ea3d8bfa55eb5566caf0166;instance=cadvisor:8080;job=iot_service;major=254;minor=0;operation=Write","2025-11-03T15:26:08Z","16885.420554405726"
"container_blkio_device_usage_total","device=/dev/vda;id=/docker/2150446a4c8b394058574fb283357c41fb1df3cd3ea3d8bfa55eb5566caf0166;instance=cadvisor:8080;job=iot_service;major=254;minor=0;operation=Write","2025-11-03T15:26:23Z","22188.0621422731"
"container_blkio_device_usage_total","device=/dev/vda;id=/docker/2150446a4c8b394058574fb283357c41fb1df3cd3ea3d8bfa55eb5566caf0166;instance=cadvisor:8080;job=iot_service;major=254;minor=0;operation=Write","2025-11-03T15:26:38Z","21553.90797061246"
"container_blkio_device_usage_total","device=/dev/vda;id=/docker/2150446a4c8b394058574fb283357c41fb1df3cd3ea3d8bfa55eb5566caf0166;instance=cadvisor:8080;job=iot_service;major=254;minor=0;operation=Write","2025-11-03T15:26:53Z","21817.833042167644"
"container_blkio_device_usage_total","device=/dev/vda;id=/docker/2150446a4c8b394058574fb283357c41fb1df3cd3ea3d8bfa55eb5566caf0166;instance=cadvisor:8080;job=iot_service;major=254;minor=0;operation=Write","2025-11-03T15:27:08Z","21530.75666848122"
"container_blkio_device_usage_total","device=/dev/vda;id=/docker/2150446a4c8b394058574fb283357c41fb1df3cd3ea3d8bfa55eb5566caf0166;instance=cadvisor:8080;job=iot_service;major=254;minor=0;operation=Write","2025-11-03T15:27:23Z","21679.94372047837"
"container_blkio_device_usage_total","device=/dev/vda;id=/docker/2150446a4c8b394058574fb283357c41fb1df3cd3ea3d8bfa55eb5566caf0166;instance=cadvisor:8080;job=iot_service;major=254;minor=0;operation=Write","2025-11-03T15:27:38Z","22510.92274825994"
"container_blkio_device_usage_total","device=/dev/vda;id=/docker/2150446a4c8b394058574fb283357c41fb1df3cd3ea3d8bfa55eb5566caf0166;instance=cadvisor:8080;job=iot_service;major=254;minor=0;operation=Write","2025-11-03T15:27:53Z","22622.868965988953"
"container_blkio_device_usage_total","device=/dev/vda;id=/docker/2150446a4c8b394058574fb283357c41fb1df3cd3ea3d8bfa55eb5566caf0166;instance=cadvisor:8080;job=iot_service;major=254;minor=0;operation=Write","2025-11-03T15:28:08Z","22563.451863221628"
"container_blkio_device_usage_total","device=/dev/vda;id=/docker/2150446a4c8b394058574fb283357c41fb1df3cd3ea3d8bfa55eb5566caf0166;instance=cadvisor:8080;job=iot_service;major=254;minor=0;operation=Write","2025-11-03T15:28:23Z","23078.689157641606"
"container_blkio_device_usage_total","device=/dev/vda;id=/docker/2150446a4c8b394058574fb283357c41fb1df3cd3ea3d8bfa55eb5566caf0166;instance=cadvisor:8080;job=iot_service;major=254;minor=0;operation=Write","2025-11-03T15:28:38Z","22804.041514880748"
"container_blkio_device_usage_total","device=/dev/vda;id=/docker/2150446a4c8b394058574fb283357c41fb1df3cd3ea3d8bfa55eb5566caf0166;instance=cadvisor:8080;job=iot_service;major=254;minor=0;operation=Write","2025-11-03T15:28:53Z","22671.846529377384"
"container_blkio_device_usage_total","device=/dev/vda;id=/docker/2150446a4c8b394058574fb283357c41fb1df3cd3ea3d8bfa55eb5566caf0166;instance=cadvisor:8080;job=iot_service;major=254;minor=0;operation=Write","2025-11-03T15:29:08Z","22722.049104544054"
"container_blkio_device_usage_total","device=/dev/vda;id=/docker/6299ecd9bc233ad9097e30b43d1012a4da26c7a9853a055e77708e5591645624;instance=cadvisor:8080;job=iot_service;major=254;minor=0;operation=Read","2025-11-03T15:22:08Z","0"
"container_blkio_device_usage_total","device=/dev/vda;id=/docker/6299ecd9bc233ad9097e30b43d1012a4da26c7a9853a055e77708e5591645624;instance=cadvisor:8080;job=iot_service;major=254;minor=0;operation=Read","2025-11-03T15:22:23Z","0"
"container_blkio_device_usage_total","device=/dev/vda;id=/docker/6299ecd9bc233ad9097e30b43d1012a4da26c7a9853a055e77708e5591645624;instance=cadvisor:8080;job=iot_service;major=254;minor=0;operation=Read","2025-11-03T15:22:38Z","0"
"container_blkio_device_usage_total","device=/dev/vda;id=/docker/6299ecd9bc233ad9097e30b43d1012a4da26c7a9853a055e77708e5591645624;instance=cadvisor:8080;job=iot_service;major=254;minor=0;operation=Read","2025-11-03T15:22:53Z","0"
"container_blkio_device_usage_total","device=/dev/vda;id=/docker/6299ecd9bc233ad9097e30b43d1012a4da26c7a9853a055e77708e5591645624;instance=cadvisor:8080;job=iot_service;major=254;minor=0;operation=Read","2025-11-03T15:23:08Z","0"
"container_blkio_device_usage_total","device=/dev/vda;id=/docker/6299ecd9bc233ad9097e30b43d1012a4da26c7a9853a055e77708e5591645624;instance=cadvisor:8080;job=iot_service;major=254;minor=0;operation=Read","2025-11-03T15:23:23Z","0"
"container_blkio_device_usage_total","device=/dev/vda;id=/docker/6299ecd9bc233ad9097e30b43d1012a4da26c7a9853a055e77708e5591645624;instance=cadvisor:8080;job=iot_service;major=254;minor=0;operation=Read","2025-11-03T15:23:38Z","0"
"container_blkio_device_usage_total","device=/dev/vda;id=/docker/6299ecd9bc233ad9097e30b43d1012a4da26c7a9853a055e77708e5591645624;instance=cadvisor:8080;job=iot_service;major=254;minor=0;operation=Read","2025-11-03T15:23:53Z","0"
"container_blkio_device_usage_total","device=/dev/vda;id=/docker/6299ecd9bc233ad9097e30b43d1012a4da26c7a9853a055e77708e5591645624;instance=cadvisor:8080;job=iot_service;major=254;minor=0;operation=Read","2025-11-03T15:24:08Z","0"
"container_blkio_device_usage_total","device=/dev/vda;id=/docker/6299ecd9bc233ad9097e30b43d1012a4da26c7a9853a055e77708e5591645624;instance=cadvisor:8080;job=iot_service;major=254;minor=0;operation=Read","2025-11-03T15:24:23Z","0"
"container_blkio_device_usage_total","device=/dev/vda;id=/docker/6299ecd9bc233ad9097e30b43d1012a4da26c7a9853a055e77708e5591645624;instance=cadvisor:8080;job=iot_service;major=254;minor=0;operation=Read","2025-11-03T15:24:38Z","0"
"container_blkio_device_usage_total","device=/dev/vda;id=/docker/6299ecd9bc233ad9097e30b43d1012a4da26c7a9853a055e77708e5591645624;instance=cadvisor:8080;job=iot_service;major=254;minor=0;operation=Read","2025-11-03T15:24:53Z","0"
"container_blkio_device_usage_total","device=/dev/vda;id=/docker/6299ecd9bc233ad9097e30b43d1012a4da26c7a9853a055e77708e5591645624;instance=cadvisor:8080;job=iot_service;major=254;minor=0;operation=Read","2025-11-03T15:25:08Z","0"
"container_blkio_device_usage_total","device=/dev/vda;id=/docker/6299ecd9bc233ad9097e30b43d1012a4da26c7a9853a055e77708e5591645624;instance=cadvisor:8080;job=iot_service;major=254;minor=0;operation=Read","2025-11-03T15:25:23Z","0"
"container_blkio_device_usage_total","device=/dev/vda;id=/docker/6299ecd9bc233ad9097e30b43d1012a4da26c7a9853a055e77708e5591645624;instance=cadvisor:8080;job=iot_service;major=254;minor=0;operation=Read","2025-11-03T15:25:38Z","0"
"container_blkio_device_usage_total","device=/dev/vda;id=/docker/6299ecd9bc233ad9097e30b43d1012a4da26c7a9853a055e77708e5591645624;instance=cadvisor:8080;job=iot_service;major=254;minor=0;operation=Read","2025-11-03T15:25:53Z","0"
"container_blkio_device_usage_total","device=/dev/vda;id=/docker/6299ecd9bc233ad9097e30b43d1012a4da26c7a9853a055e77708e5591645624;instance=cadvisor:8080;job=iot_service;major=254;minor=0;operation=Read","2025-11-03T15:26:08Z","0"
"container_blkio_device_usage_total","device=/dev/vda;id=/docker/6299ecd9bc233ad9097e30b43d1012a4da26c7a9853a055e77708e5591645624;instance=cadvisor:8080;job=iot_service;major=254;minor=0;operation=Read","2025-11-03T15:26:23Z","0"
"container_blkio_device_usage_total","device=/dev/vda;id=/docker/6299ecd9bc233ad9097e30b43d1012a4da26c7a9853a055e77708e5591645624;instance=cadvisor:8080;job=iot_service;major=254;minor=0;operation=Read","2025-11-03T15:26:38Z","0"
"container_blkio_device_usage_total","device=/dev/vda;id=/docker/6299ecd9bc233ad9097e30b43d1012a4da26c7a9853a055e77708e5591645624;instance=cadvisor:8080;job=iot_service;major=254;minor=0;operation=Read","2025-11-03T15:26:53Z","0"
"container_blkio_device_usage_total","device=/dev/vda;id=/docker/6299ecd9bc233ad9097e30b43d1012a4da26c7a9853a055e77708e5591645624;instance=cadvisor:8080;job=iot_service;major=254;minor=0;operation=Read","2025-11-03T15:27:08Z","0"
"container_blkio_device_usage_total","device=/dev/vda;id=/docker/6299ecd9bc233ad9097e30b43d1012a4da26c7a9853a055e77708e5591645624;instance=cadvisor:8080;job=iot_service;major=254;minor=0;operation=Read","2025-11-03T15:27:23Z","0"
"container_blkio_device_usage_total","device=/dev/vda;id=/docker/6299ecd9bc233ad9097e30b43d1012a4da26c7a9853a055e77708e5591645624;instance=cadvisor:8080;job=iot_service;major=254;minor=0;operation=Read","2025-11-03T15:27:38Z","0"
"container_blkio_device_usage_total","device=/dev/vda;id=/docker/6299ecd9bc233ad9097e30b43d1012a4da26c7a9853a055e77708e5591645624;instance=cadvisor:8080;job=iot_service;major=254;minor=0;operation=Read","2025-11-03T15:27:53Z","0"
"container_blkio_device_usage_total","device=/dev/vda;id=/docker/6299ecd9bc233ad9097e30b43d1012a4da26c7a9853a055e77708e5591645624;instance=cadvisor:8080;job=iot_service;major=254;minor=0;operation=Read","2025-11-03T15:28:08Z","0"
"container_blkio_device_usage_total","device=/dev/vda;id=/docker/6299ecd9bc233ad9097e30b43d1012a4da26c7a9853a055e77708e5591645624;instance=cadvisor:8080;job=iot_service;major=254;minor=0;operation=Read","2025-11-03T15:28:23Z","0"
"container_blkio_device_usage_total","device=/dev/vda;id=/docker/6299ecd9bc233ad9097e30b43d1012a4da26c7a9853a055e77708e5591645624;instance=cadvisor:8080;job=iot_service;major=254;minor=0;operation=Read","2025-11-03T15:28:38Z","0"
"container_blkio_device_usage_total","device=/dev/vda;id=/docker/6299ecd9bc233ad9097e30b43d1012a4da26c7a9853a055e77708e5591645624;instance=cadvisor:8080;job=iot_service;major=254;minor=0;operation=Read","2025-11-03T15:28:53Z","0"
"container_blkio_device_usage_total","device=/dev/vda;id=/docker/6299ecd9bc233ad9097e30b43d1012a4da26c7a9853a055e77708e5591645624;instance=cadvisor:8080;job=iot_service;major=254;minor=0;operation=Read","2025-11-03T15:29:08Z","0"
"container_blkio_device_usage_total","device=/dev/vda;id=/docker/6299ecd9bc233ad9097e30b43d1012a4da26c7a9853a055e77708e5591645624;instance=cadvisor:8080;job=iot_service;major=254;minor=0;operation=Write","2025-11-03T15:22:08Z","0"
"container_blkio_device_usage_total","device=/dev/vda;id=/docker/6299ecd9bc233ad9097e30b43d1012a4da26c7a9853a055e77708e5591645624;instance=cadvisor:8080;job=iot_service;major=254;minor=0;operation=Write","2025-11-03T15:22:23Z","0"
"container_blkio_device_usage_total","device=/dev/vda;id=/docker/6299ecd9bc233ad9097e30b43d1012a4da26c7a9853a055e77708e5591645624;instance=cadvisor:8080;job=iot_service;major=254;minor=0;operation=Write","2025-11-03T15:22:38Z","0"
"container_blkio_device_usage_total","device=/dev/vda;id=/docker/6299ecd9bc233ad9097e30b43d1012a4da26c7a9853a055e77708e5591645624;instance=cadvisor:8080;job=iot_service;major=254;minor=0;operation=Write","2025-11-03T15:22:53Z","0"
"container_blkio_device_usage_total","device=/dev/vda;id=/docker/6299ecd9bc233ad9097e30b43d1012a4da26c7a9853a055e77708e5591645624;instance=cadvisor:8080;job=iot_service;major=254;minor=0;operation=Write","2025-11-03T15:23:08Z","0"
"container_blkio_device_usage_total","device=/dev/vda;id=/docker/6299ecd9bc233ad9097e30b43d1012a4da26c7a9853a055e77708e5591645624;instance=cadvisor:8080;job=iot_service;major=254;minor=0;operation=Write","2025-11-03T15:23:23Z","0"
"container_blkio_device_usage_total","device=/dev/vda;id=/docker/6299ecd9bc233ad9097e30b43d1012a4da26c7a9853a055e77708e5591645624;instance=cadvisor:8080;job=iot_service;major=254;minor=0;operation=Write","2025-11-03T15:23:38Z","0"
"container_blkio_device_usage_total","device=/dev/vda;id=/docker/6299ecd9bc233ad9097e30b43d1012a4da26c7a9853a055e77708e5591645624;instance=cadvisor:8080;job=iot_service;major=254;minor=0;operation=Write","2025-11-03T15:23:53Z","0"
"container_blkio_device_usage_total","device=/dev/vda;id=/docker/6299ecd9bc233ad9097e30b43d1012a4da26c7a9853a055e77708e5591645624;instance=cadvisor:8080;job=iot_service;major=254;minor=0;operation=Write","2025-11-03T15:24:08Z","0"
"container_blkio_device_usage_total","device=/dev/vda;id=/docker/6299ecd9bc233ad9097e30b43d1012a4da26c7a9853a055e77708e5591645624;instance=cadvisor:8080;job=iot_service;major=254;minor=0;operation=Write","2025-11-03T15:24:23Z","0"
"container_blkio_device_usage_total","device=/dev/vda;id=/docker/6299ecd9bc233ad9097e30b43d1012a4da26c7a9853a055e77708e5591645624;instance=cadvisor:8080;job=iot_service;major=254;minor=0;operation=Write","2025-11-03T15:24:38Z","0"
"container_blkio_device_usage_total","device=/dev/vda;id=/docker/6299ecd9bc233ad9097e30b43d1012a4da26c7a9853a055e77708e5591645624;instance=cadvisor:8080;job=iot_service;major=254;minor=0;operation=Write","2025-11-03T15:24:53Z","0"
"container_blkio_device_usage_total","device=/dev/vda;id=/docker/6299ecd9bc233ad9097e30b43d1012a4da26c7a9853a055e77708e5591645624;instance=cadvisor:8080;job=iot_service;major=254;minor=0;operation=Write","2025-11-03T15:25:08Z","0"
"container_blkio_device_usage_total","device=/dev/vda;id=/docker/6299ecd9bc233ad9097e30b43d1012a4da26c7a9853a055e77708e5591645624;instance=cadvisor:8080;job=iot_service;major=254;minor=0;operation=Write","2025-11-03T15:25:23Z","0"
"container_blkio_device_usage_total","device=/dev/vda;id=/docker/6299ecd9bc233ad9097e30b43d1012a4da26c7a9853a055e77708e5591645624;instance=cadvisor:8080;job=iot_service;major=254;minor=0;operation=Write","2025-11-03T15:25:38Z","0"
"container_blkio_device_usage_total","device=/dev/vda;id=/docker/6299ecd9bc233ad9097e30b43d1012a4da26c7a9853a055e77708e5591645624;instance=cadvisor:8080;job=iot_service;major=254;minor=0;operation=Write","2025-11-03T15:25:53Z","0"
"container_blkio_device_usage_total","device=/dev/vda;id=/docker/6299ecd9bc233ad9097e30b43d1012a4da26c7a9853a055e77708e5591645624;instance=cadvisor:8080;job=iot_service;major=254;minor=0;operation=Write","2025-11-03T15:26:08Z","0"
"container_blkio_device_usage_total","device=/dev/vda;id=/docker/6299ecd9bc233ad9097e30b43d1012a4da26c7a9853a055e77708e5591645624;instance=cadvisor:8080;job=iot_service;major=254;minor=0;operation=Write","2025-11-03T15:26:23Z","0"
"container_blkio_device_usage_total","device=/dev/vda;id=/docker/6299ecd9bc233ad9097e30b43d1012a4da26c7a9853a055e77708e5591645624;instance=cadvisor:8080;job=iot_service;major=254;minor=0;operation=Write","2025-11-03T15:26:38Z","0"
"container_blkio_device_usage_total","device=/dev/vda;id=/docker/6299ecd9bc233ad9097e30b43d1012a4da26c7a9853a055e77708e5591645624;instance=cadvisor:8080;job=iot_service;major=254;minor=0;operation=Write","2025-11-03T15:26:53Z","0"
"container_blkio_device_usage_total","device=/dev/vda;id=/docker/6299ecd9bc233ad9097e30b43d1012a4da26c7a9853a055e77708e5591645624;instance=cadvisor:8080;job=iot_service;major=254;minor=0;operation=Write","2025-11-03T15:27:08Z","0"
"container_blkio_device_usage_total","device=/dev/vda;id=/docker/6299ecd9bc233ad9097e30b43d1012a4da26c7a9853a055e77708e5591645624;instance=cadvisor:8080;job=iot_service;major=254;minor=0;operation=Write","2025-11-03T15:27:23Z","0"
"container_blkio_device_usage_total","device=/dev/vda;id=/docker/6299ecd9bc233ad9097e30b43d1012a4da26c7a9853a055e77708e5591645624;instance=cadvisor:8080;job=iot_service;major=254;minor=0;operation=Write","2025-11-03T15:27:38Z","0"
"container_blkio_device_usage_total","device=/dev/vda;id=/docker/6299ecd9bc233ad9097e30b43d1012a4da26c7a9853a055e77708e5591645624;instance=cadvisor:8080;job=iot_service;major=254;minor=0;operation=Write","2025-11-03T15:27:53Z","0"
"container_blkio_device_usage_total","device=/dev/vda;id=/docker/6299ecd9bc233ad9097e30b43d1012a4da26c7a9853a055e77708e5591645624;instance=cadvisor:8080;job=iot_service;major=254;minor=0;operation=Write","2025-11-03T15:28:08Z","0"
"container_blkio_device_usage_total","device=/dev/vda;id=/docker/6299ecd9bc233ad9097e30b43d1012a4da26c7a9853a055e77708e5591645624;instance=cadvisor:8080;job=iot_service;major=254;minor=0;operation=Write","2025-11-03T15:28:23Z","0"
"container_blkio_device_usage_total","device=/dev/vda;id=/docker/6299ecd9bc233ad9097e30b43d1012a4da26c7a9853a055e77708e5591645624;instance=cadvisor:8080;job=iot_service;major=254;minor=0;operation=Write","2025-11-03T15:28:38Z","0"
"container_blkio_device_usage_total","device=/dev/vda;id=/docker/6299ecd9bc233ad9097e30b43d1012a4da26c7a9853a055e77708e5591645624;instance=cadvisor:8080;job=iot_service;major=254;minor=0;operation=Write","2025-11-03T15:28:53Z","0"
"container_blkio_device_usage_total","device=/dev/vda;id=/docker/6299ecd9bc233ad9097e30b43d1012a4da26c7a9853a055e77708e5591645624;instance=cadvisor:8080;job=iot_service;major=254;minor=0;operation=Write","2025-11-03T15:29:08Z","0"
"container_blkio_device_usage_total","device=/dev/vda;id=/docker/6878a48a21f542e505ce5c96dc58c5de01a2a02fda6af15a077a6f3ea140f053;instance=cadvisor:8080;job=iot_service;major=254;minor=0;operation=Read","2025-11-03T15:22:08Z","3557.5937603140687"
"container_blkio_device_usage_total","device=/dev/vda;id=/docker/6878a48a21f542e505ce5c96dc58c5de01a2a02fda6af15a077a6f3ea140f053;instance=cadvisor:8080;job=iot_service;major=254;minor=0;operation=Read","2025-11-03T15:22:23Z","3575.918424360944"
"container_blkio_device_usage_total","device=/dev/vda;id=/docker/6878a48a21f542e505ce5c96dc58c5de01a2a02fda6af15a077a6f3ea140f053;instance=cadvisor:8080;job=iot_service;major=254;minor=0;operation=Read","2025-11-03T15:22:38Z","3531.0953637131674"
"container_blkio_device_usage_total","device=/dev/vda;id=/docker/6878a48a21f542e505ce5c96dc58c5de01a2a02fda6af15a077a6f3ea140f053;instance=cadvisor:8080;job=iot_service;major=254;minor=0;operation=Read","2025-11-03T15:22:53Z","5733.65881971355"
"container_blkio_device_usage_total","device=/dev/vda;id=/docker/6878a48a21f542e505ce5c96dc58c5de01a2a02fda6af15a077a6f3ea140f053;instance=cadvisor:8080;job=iot_service;major=254;minor=0;operation=Read","2025-11-03T15:23:08Z","8239.622223358736"
"container_blkio_device_usage_total","device=/dev/vda;id=/docker/6878a48a21f542e505ce5c96dc58c5de01a2a02fda6af15a077a6f3ea140f053;instance=cadvisor:8080;job=iot_service;major=254;minor=0;operation=Read","2025-11-03T15:23:23Z","10300.964894272223"
"container_blkio_device_usage_total","device=/dev/vda;id=/docker/6878a48a21f542e505ce5c96dc58c5de01a2a02fda6af15a077a6f3ea140f053;instance=cadvisor:8080;job=iot_service;major=254;minor=0;operation=Read","2025-11-03T15:23:38Z","10320.740486801507"
"container_blkio_device_usage_total","device=/dev/vda;id=/docker/6878a48a21f542e505ce5c96dc58c5de01a2a02fda6af15a077a6f3ea140f053;instance=cadvisor:8080;job=iot_service;major=254;minor=0;operation=Read","2025-11-03T15:23:53Z","8492.667837137364"
"container_blkio_device_usage_total","device=/dev/vda;id=/docker/6878a48a21f542e505ce5c96dc58c5de01a2a02fda6af15a077a6f3ea140f053;instance=cadvisor:8080;job=iot_service;major=254;minor=0;operation=Read","2025-11-03T15:24:08Z","6392.316926770708"
"container_blkio_device_usage_total","device=/dev/vda;id=/docker/6878a48a21f542e505ce5c96dc58c5de01a2a02fda6af15a077a6f3ea140f053;instance=cadvisor:8080;job=iot_service;major=254;minor=0;operation=Read","2025-11-03T15:24:23Z","6352.768735193359"
"container_blkio_device_usage_total","device=/dev/vda;id=/docker/6878a48a21f542e505ce5c96dc58c5de01a2a02fda6af15a077a6f3ea140f053;instance=cadvisor:8080;job=iot_service;major=254;minor=0;operation=Read","2025-11-03T15:24:38Z","8556.126292719677"
"container_blkio_device_usage_total","device=/dev/vda;id=/docker/6878a48a21f542e505ce5c96dc58c5de01a2a02fda6af15a077a6f3ea140f053;instance=cadvisor:8080;job=iot_service;major=254;minor=0;operation=Read","2025-11-03T15:24:53Z","4293.50104821803"
"container_blkio_device_usage_total","device=/dev/vda;id=/docker/6878a48a21f542e505ce5c96dc58c5de01a2a02fda6af15a077a6f3ea140f053;instance=cadvisor:8080;job=iot_service;major=254;minor=0;operation=Read","2025-11-03T15:25:08Z","2938.7085753331057"
"container_blkio_device_usage_total","device=/dev/vda;id=/docker/6878a48a21f542e505ce5c96dc58c5de01a2a02fda6af15a077a6f3ea140f053;instance=cadvisor:8080;job=iot_service;major=254;minor=0;operation=Read","2025-11-03T15:25:23Z","2934.6980552712384"
"container_blkio_device_usage_total","device=/dev/vda;id=/docker/6878a48a21f542e505ce5c96dc58c5de01a2a02fda6af15a077a6f3ea140f053;instance=cadvisor:8080;job=iot_service;major=254;minor=0;operation=Read","2025-11-03T15:25:38Z","764.386536373507"
"container_blkio_device_usage_total","device=/dev/vda;id=/docker/6878a48a21f542e505ce5c96dc58c5de01a2a02fda6af15a077a6f3ea140f053;instance=cadvisor:8080;job=iot_service;major=254;minor=0;operation=Read","2025-11-03T15:25:53Z","0"
"container_blkio_device_usage_total","device=/dev/vda;id=/docker/6878a48a21f542e505ce5c96dc58c5de01a2a02fda6af15a077a6f3ea140f053;instance=cadvisor:8080;job=iot_service;major=254;minor=0;operation=Read","2025-11-03T15:26:08Z","0"
"container_blkio_device_usage_total","device=/dev/vda;id=/docker/6878a48a21f542e505ce5c96dc58c5de01a2a02fda6af15a077a6f3ea140f053;instance=cadvisor:8080;job=iot_service;major=254;minor=0;operation=Read","2025-11-03T15:26:23Z","0"
"container_blkio_device_usage_total","device=/dev/vda;id=/docker/6878a48a21f542e505ce5c96dc58c5de01a2a02fda6af15a077a6f3ea140f053;instance=cadvisor:8080;job=iot_service;major=254;minor=0;operation=Read","2025-11-03T15:26:38Z","862.1040446206197"
"container_blkio_device_usage_total","device=/dev/vda;id=/docker/6878a48a21f542e505ce5c96dc58c5de01a2a02fda6af15a077a6f3ea140f053;instance=cadvisor:8080;job=iot_service;major=254;minor=0;operation=Read","2025-11-03T15:26:53Z","3061.857596710895"
"container_blkio_device_usage_total","device=/dev/vda;id=/docker/6878a48a21f542e505ce5c96dc58c5de01a2a02fda6af15a077a6f3ea140f053;instance=cadvisor:8080;job=iot_service;major=254;minor=0;operation=Read","2025-11-03T15:27:08Z","3134.3849458251443"
"container_blkio_device_usage_total","device=/dev/vda;id=/docker/6878a48a21f542e505ce5c96dc58c5de01a2a02fda6af15a077a6f3ea140f053;instance=cadvisor:8080;job=iot_service;major=254;minor=0;operation=Read","2025-11-03T15:27:23Z","3102.442719181973"
"container_blkio_device_usage_total","device=/dev/vda;id=/docker/6878a48a21f542e505ce5c96dc58c5de01a2a02fda6af15a077a6f3ea140f053;instance=cadvisor:8080;job=iot_service;major=254;minor=0;operation=Read","2025-11-03T15:27:38Z","2202.3725509964042"
"container_blkio_device_usage_total","device=/dev/vda;id=/docker/6878a48a21f542e505ce5c96dc58c5de01a2a02fda6af15a077a6f3ea140f053;instance=cadvisor:8080;job=iot_service;major=254;minor=0;operation=Read","2025-11-03T15:27:53Z","0"
"container_blkio_device_usage_total","device=/dev/vda;id=/docker/6878a48a21f542e505ce5c96dc58c5de01a2a02fda6af15a077a6f3ea140f053;instance=cadvisor:8080;job=iot_service;major=254;minor=0;operation=Read","2025-11-03T15:28:08Z","0"
"container_blkio_device_usage_total","device=/dev/vda;id=/docker/6878a48a21f542e505ce5c96dc58c5de01a2a02fda6af15a077a6f3ea140f053;instance=cadvisor:8080;job=iot_service;major=254;minor=0;operation=Read","2025-11-03T15:28:23Z","0"
"container_blkio_device_usage_total","device=/dev/vda;id=/docker/6878a48a21f542e505ce5c96dc58c5de01a2a02fda6af15a077a6f3ea140f053;instance=cadvisor:8080;job=iot_service;major=254;minor=0;operation=Read","2025-11-03T15:28:38Z","1532.6583619782396"
"container_blkio_device_usage_total","device=/dev/vda;id=/docker/6878a48a21f542e505ce5c96dc58c5de01a2a02fda6af15a077a6f3ea140f053;instance=cadvisor:8080;job=iot_service;major=254;minor=0;operation=Read","2025-11-03T15:28:53Z","1552.504177937047"
"container_blkio_device_usage_total","device=/dev/vda;id=/docker/6878a48a21f542e505ce5c96dc58c5de01a2a02fda6af15a077a6f3ea140f053;instance=cadvisor:8080;job=iot_service;major=254;minor=0;operation=Read","2025-11-03T15:29:08Z","2797.097737942808"
"container_blkio_device_usage_total","device=/dev/vda;id=/docker/6878a48a21f542e505ce5c96dc58c5de01a2a02fda6af15a077a6f3ea140f053;instance=cadvisor:8080;job=iot_service;major=254;minor=0;operation=Write","2025-11-03T15:22:08Z","711.5187520628137"
"container_blkio_device_usage_total","device=/dev/vda;id=/docker/6878a48a21f542e505ce5c96dc58c5de01a2a02fda6af15a077a6f3ea140f053;instance=cadvisor:8080;job=iot_service;major=254;minor=0;operation=Write","2025-11-03T15:22:23Z","715.1836848721888"
"container_blkio_device_usage_total","device=/dev/vda;id=/docker/6878a48a21f542e505ce5c96dc58c5de01a2a02fda6af15a077a6f3ea140f053;instance=cadvisor:8080;job=iot_service;major=254;minor=0;operation=Write","2025-11-03T15:22:38Z","706.2190727426334"
"container_blkio_device_usage_total","device=/dev/vda;id=/docker/6878a48a21f542e505ce5c96dc58c5de01a2a02fda6af15a077a6f3ea140f053;instance=cadvisor:8080;job=iot_service;major=254;minor=0;operation=Write","2025-11-03T15:22:53Z","699.2266853309206"
"container_blkio_device_usage_total","device=/dev/vda;id=/docker/6878a48a21f542e505ce5c96dc58c5de01a2a02fda6af15a077a6f3ea140f053;instance=cadvisor:8080;job=iot_service;major=254;minor=0;operation=Write","2025-11-03T15:23:08Z","698.273069776164"
"container_blkio_device_usage_total","device=/dev/vda;id=/docker/6878a48a21f542e505ce5c96dc58c5de01a2a02fda6af15a077a6f3ea140f053;instance=cadvisor:8080;job=iot_service;major=254;minor=0;operation=Write","2025-11-03T15:23:23Z","700.7459111749812"
"container_blkio_device_usage_total","device=/dev/vda;id=/docker/6878a48a21f542e505ce5c96dc58c5de01a2a02fda6af15a077a6f3ea140f053;instance=cadvisor:8080;job=iot_service;major=254;minor=0;operation=Write","2025-11-03T15:23:38Z","702.0911895783338"
"container_blkio_device_usage_total","device=/dev/vda;id=/docker/6878a48a21f542e505ce5c96dc58c5de01a2a02fda6af15a077a6f3ea140f053;instance=cadvisor:8080;job=iot_service;major=254;minor=0;operation=Write","2025-11-03T15:23:53Z","684.8925675110777"
"container_blkio_device_usage_total","device=/dev/vda;id=/docker/6878a48a21f542e505ce5c96dc58c5de01a2a02fda6af15a077a6f3ea140f053;instance=cadvisor:8080;job=iot_service;major=254;minor=0;operation=Write","2025-11-03T15:24:08Z","702.4524095352426"
"container_blkio_device_usage_total","device=/dev/vda;id=/docker/6878a48a21f542e505ce5c96dc58c5de01a2a02fda6af15a077a6f3ea140f053;instance=cadvisor:8080;job=iot_service;major=254;minor=0;operation=Write","2025-11-03T15:24:23Z","698.1064544168527"
"container_blkio_device_usage_total","device=/dev/vda;id=/docker/6878a48a21f542e505ce5c96dc58c5de01a2a02fda6af15a077a6f3ea140f053;instance=cadvisor:8080;job=iot_service;major=254;minor=0;operation=Write","2025-11-03T15:24:38Z","701.3218272721047"
"container_blkio_device_usage_total","device=/dev/vda;id=/docker/6878a48a21f542e505ce5c96dc58c5de01a2a02fda6af15a077a6f3ea140f053;instance=cadvisor:8080;job=iot_service;major=254;minor=0;operation=Write","2025-11-03T15:24:53Z","715.5835080363383"
"container_blkio_device_usage_total","device=/dev/vda;id=/docker/6878a48a21f542e505ce5c96dc58c5de01a2a02fda6af15a077a6f3ea140f053;instance=cadvisor:8080;job=iot_service;major=254;minor=0;operation=Write","2025-11-03T15:25:08Z","699.6925179364537"
"container_blkio_device_usage_total","device=/dev/vda;id=/docker/6878a48a21f542e505ce5c96dc58c5de01a2a02fda6af15a077a6f3ea140f053;instance=cadvisor:8080;job=iot_service;major=254;minor=0;operation=Write","2025-11-03T15:25:23Z","698.7376322074376"
"container_blkio_device_usage_total","device=/dev/vda;id=/docker/6878a48a21f542e505ce5c96dc58c5de01a2a02fda6af15a077a6f3ea140f053;instance=cadvisor:8080;job=iot_service;major=254;minor=0;operation=Write","2025-11-03T15:25:38Z","694.8968512486429"
"container_blkio_device_usage_total","device=/dev/vda;id=/docker/6878a48a21f542e505ce5c96dc58c5de01a2a02fda6af15a077a6f3ea140f053;instance=cadvisor:8080;job=iot_service;major=254;minor=0;operation=Write","2025-11-03T15:25:53Z","696.1842440724058"
"container_blkio_device_usage_total","device=/dev/vda;id=/docker/6878a48a21f542e505ce5c96dc58c5de01a2a02fda6af15a077a6f3ea140f053;instance=cadvisor:8080;job=iot_service;major=254;minor=0;operation=Write","2025-11-03T15:26:08Z","705.1491727925352"
"container_blkio_device_usage_total","device=/dev/vda;id=/docker/6878a48a21f542e505ce5c96dc58c5de01a2a02fda6af15a077a6f3ea140f053;instance=cadvisor:8080;job=iot_service;major=254;minor=0;operation=Write","2025-11-03T15:26:23Z","693.0508790037395"
"container_blkio_device_usage_total","device=/dev/vda;id=/docker/6878a48a21f542e505ce5c96dc58c5de01a2a02fda6af15a077a6f3ea140f053;instance=cadvisor:8080;job=iot_service;major=254;minor=0;operation=Write","2025-11-03T15:26:38Z","718.4200371838497"
"container_blkio_device_usage_total","device=/dev/vda;id=/docker/6878a48a21f542e505ce5c96dc58c5de01a2a02fda6af15a077a6f3ea140f053;instance=cadvisor:8080;job=iot_service;major=254;minor=0;operation=Write","2025-11-03T15:26:53Z","695.8767265252034"
"container_blkio_device_usage_total","device=/dev/vda;id=/docker/6878a48a21f542e505ce5c96dc58c5de01a2a02fda6af15a077a6f3ea140f053;instance=cadvisor:8080;job=iot_service;major=254;minor=0;operation=Write","2025-11-03T15:27:08Z","712.3602149602601"
"container_blkio_device_usage_total","device=/dev/vda;id=/docker/6878a48a21f542e505ce5c96dc58c5de01a2a02fda6af15a077a6f3ea140f053;instance=cadvisor:8080;job=iot_service;major=254;minor=0;operation=Write","2025-11-03T15:27:23Z","705.100617995903"
"container_blkio_device_usage_total","device=/dev/vda;id=/docker/6878a48a21f542e505ce5c96dc58c5de01a2a02fda6af15a077a6f3ea140f053;instance=cadvisor:8080;job=iot_service;major=254;minor=0;operation=Write","2025-11-03T15:27:38Z","688.2414221863763"
"container_blkio_device_usage_total","device=/dev/vda;id=/docker/6878a48a21f542e505ce5c96dc58c5de01a2a02fda6af15a077a6f3ea140f053;instance=cadvisor:8080;job=iot_service;major=254;minor=0;operation=Write","2025-11-03T15:27:53Z","702.2235937526789"
"container_blkio_device_usage_total","device=/dev/vda;id=/docker/6878a48a21f542e505ce5c96dc58c5de01a2a02fda6af15a077a6f3ea140f053;instance=cadvisor:8080;job=iot_service;major=254;minor=0;operation=Write","2025-11-03T15:28:08Z","687.5713422413214"
"container_blkio_device_usage_total","device=/dev/vda;id=/docker/6878a48a21f542e505ce5c96dc58c5de01a2a02fda6af15a077a6f3ea140f053;instance=cadvisor:8080;job=iot_service;major=254;minor=0;operation=Write","2025-11-03T15:28:23Z","694.3549754195626"
"container_blkio_device_usage_total","device=/dev/vda;id=/docker/6878a48a21f542e505ce5c96dc58c5de01a2a02fda6af15a077a6f3ea140f053;instance=cadvisor:8080;job=iot_service;major=254;minor=0;operation=Write","2025-11-03T15:28:38Z","696.6628918082906"
"container_blkio_device_usage_total","device=/dev/vda;id=/docker/6878a48a21f542e505ce5c96dc58c5de01a2a02fda6af15a077a6f3ea140f053;instance=cadvisor:8080;job=iot_service;major=254;minor=0;operation=Write","2025-11-03T15:28:53Z","705.6837172441122"
"container_blkio_device_usage_total","device=/dev/vda;id=/docker/6878a48a21f542e505ce5c96dc58c5de01a2a02fda6af15a077a6f3ea140f053;instance=cadvisor:8080;job=iot_service;major=254;minor=0;operation=Write","2025-11-03T15:29:08Z","699.274434485702"
"container_blkio_device_usage_total","device=/dev/vda;id=/docker/9357bf7a39a4a40bf5572c94c83c4e58365c64d88867c91419856c99194e166d;instance=cadvisor:8080;job=iot_service;major=254;minor=0;operation=Read","2025-11-03T15:22:08Z","0"
"container_blkio_device_usage_total","device=/dev/vda;id=/docker/9357bf7a39a4a40bf5572c94c83c4e58365c64d88867c91419856c99194e166d;instance=cadvisor:8080;job=iot_service;major=254;minor=0;operation=Read","2025-11-03T15:22:23Z","0"
"container_blkio_device_usage_total","device=/dev/vda;id=/docker/9357bf7a39a4a40bf5572c94c83c4e58365c64d88867c91419856c99194e166d;instance=cadvisor:8080;job=iot_service;major=254;minor=0;operation=Read","2025-11-03T15:22:38Z","0"
"container_blkio_device_usage_total","device=/dev/vda;id=/docker/9357bf7a39a4a40bf5572c94c83c4e58365c64d88867c91419856c99194e166d;instance=cadvisor:8080;job=iot_service;major=254;minor=0;operation=Read","2025-11-03T15:22:53Z","0"
"container_blkio_device_usage_total","device=/dev/vda;id=/docker/9357bf7a39a4a40bf5572c94c83c4e58365c64d88867c91419856c99194e166d;instance=cadvisor:8080;job=iot_service;major=254;minor=0;operation=Read","2025-11-03T15:23:08Z","0"
"container_blkio_device_usage_total","device=/dev/vda;id=/docker/9357bf7a39a4a40bf5572c94c83c4e58365c64d88867c91419856c99194e166d;instance=cadvisor:8080;job=iot_service;major=254;minor=0;operation=Read","2025-11-03T15:23:23Z","0"
"container_blkio_device_usage_total","device=/dev/vda;id=/docker/9357bf7a39a4a40bf5572c94c83c4e58365c64d88867c91419856c99194e166d;instance=cadvisor:8080;job=iot_service;major=254;minor=0;operation=Read","2025-11-03T15:23:38Z","0"
"container_blkio_device_usage_total","device=/dev/vda;id=/docker/9357bf7a39a4a40bf5572c94c83c4e58365c64d88867c91419856c99194e166d;instance=cadvisor:8080;job=iot_service;major=254;minor=0;operation=Read","2025-11-03T15:23:53Z","0"
"container_blkio_device_usage_total","device=/dev/vda;id=/docker/9357bf7a39a4a40bf5572c94c83c4e58365c64d88867c91419856c99194e166d;instance=cadvisor:8080;job=iot_service;major=254;minor=0;operation=Read","2025-11-03T15:24:08Z","0"
"container_blkio_device_usage_total","device=/dev/vda;id=/docker/9357bf7a39a4a40bf5572c94c83c4e58365c64d88867c91419856c99194e166d;instance=cadvisor:8080;job=iot_service;major=254;minor=0;operation=Read","2025-11-03T15:24:23Z","0"
"container_blkio_device_usage_total","device=/dev/vda;id=/docker/9357bf7a39a4a40bf5572c94c83c4e58365c64d88867c91419856c99194e166d;instance=cadvisor:8080;job=iot_service;major=254;minor=0;operation=Read","2025-11-03T15:24:38Z","0"
"container_blkio_device_usage_total","device=/dev/vda;id=/docker/9357bf7a39a4a40bf5572c94c83c4e58365c64d88867c91419856c99194e166d;instance=cadvisor:8080;job=iot_service;major=254;minor=0;operation=Read","2025-11-03T15:24:53Z","0"
"container_blkio_device_usage_total","device=/dev/vda;id=/docker/9357bf7a39a4a40bf5572c94c83c4e58365c64d88867c91419856c99194e166d;instance=cadvisor:8080;job=iot_service;major=254;minor=0;operation=Read","2025-11-03T15:25:08Z","0"
"container_blkio_device_usage_total","device=/dev/vda;id=/docker/9357bf7a39a4a40bf5572c94c83c4e58365c64d88867c91419856c99194e166d;instance=cadvisor:8080;job=iot_service;major=254;minor=0;operation=Read","2025-11-03T15:25:23Z","0"
"container_blkio_device_usage_total","device=/dev/vda;id=/docker/9357bf7a39a4a40bf5572c94c83c4e58365c64d88867c91419856c99194e166d;instance=cadvisor:8080;job=iot_service;major=254;minor=0;operation=Read","2025-11-03T15:25:38Z","0"
"container_blkio_device_usage_total","device=/dev/vda;id=/docker/9357bf7a39a4a40bf5572c94c83c4e58365c64d88867c91419856c99194e166d;instance=cadvisor:8080;job=iot_service;major=254;minor=0;operation=Read","2025-11-03T15:25:53Z","0"
"container_blkio_device_usage_total","device=/dev/vda;id=/docker/9357bf7a39a4a40bf5572c94c83c4e58365c64d88867c91419856c99194e166d;instance=cadvisor:8080;job=iot_service;major=254;minor=0;operation=Read","2025-11-03T15:26:08Z","0"
"container_blkio_device_usage_total","device=/dev/vda;id=/docker/9357bf7a39a4a40bf5572c94c83c4e58365c64d88867c91419856c99194e166d;instance=cadvisor:8080;job=iot_service;major=254;minor=0;operation=Read","2025-11-03T15:26:23Z","0"
"container_blkio_device_usage_total","device=/dev/vda;id=/docker/9357bf7a39a4a40bf5572c94c83c4e58365c64d88867c91419856c99194e166d;instance=cadvisor:8080;job=iot_service;major=254;minor=0;operation=Read","2025-11-03T15:26:38Z","0"
"container_blkio_device_usage_total","device=/dev/vda;id=/docker/9357bf7a39a4a40bf5572c94c83c4e58365c64d88867c91419856c99194e166d;instance=cadvisor:8080;job=iot_service;major=254;minor=0;operation=Read","2025-11-03T15:26:53Z","0"
"container_blkio_device_usage_total","device=/dev/vda;id=/docker/9357bf7a39a4a40bf5572c94c83c4e58365c64d88867c91419856c99194e166d;instance=cadvisor:8080;job=iot_service;major=254;minor=0;operation=Read","2025-11-03T15:27:08Z","0"
"container_blkio_device_usage_total","device=/dev/vda;id=/docker/9357bf7a39a4a40bf5572c94c83c4e58365c64d88867c91419856c99194e166d;instance=cadvisor:8080;job=iot_service;major=254;minor=0;operation=Read","2025-11-03T15:27:23Z","0"
"container_blkio_device_usage_total","device=/dev/vda;id=/docker/9357bf7a39a4a40bf5572c94c83c4e58365c64d88867c91419856c99194e166d;instance=cadvisor:8080;job=iot_service;major=254;minor=0;operation=Read","2025-11-03T15:27:38Z","0"
"container_blkio_device_usage_total","device=/dev/vda;id=/docker/9357bf7a39a4a40bf5572c94c83c4e58365c64d88867c91419856c99194e166d;instance=cadvisor:8080;job=iot_service;major=254;minor=0;operation=Read","2025-11-03T15:27:53Z","0"
"container_blkio_device_usage_total","device=/dev/vda;id=/docker/9357bf7a39a4a40bf5572c94c83c4e58365c64d88867c91419856c99194e166d;instance=cadvisor:8080;job=iot_service;major=254;minor=0;operation=Read","2025-11-03T15:28:08Z","0"
"container_blkio_device_usage_total","device=/dev/vda;id=/docker/9357bf7a39a4a40bf5572c94c83c4e58365c64d88867c91419856c99194e166d;instance=cadvisor:8080;job=iot_service;major=254;minor=0;operation=Read","2025-11-03T15:28:23Z","0"
"container_blkio_device_usage_total","device=/dev/vda;id=/docker/9357bf7a39a4a40bf5572c94c83c4e58365c64d88867c91419856c99194e166d;instance=cadvisor:8080;job=iot_service;major=254;minor=0;operation=Read","2025-11-03T15:28:38Z","0"
"container_blkio_device_usage_total","device=/dev/vda;id=/docker/9357bf7a39a4a40bf5572c94c83c4e58365c64d88867c91419856c99194e166d;instance=cadvisor:8080;job=iot_service;major=254;minor=0;operation=Read","2025-11-03T15:28:53Z","0"
"container_blkio_device_usage_total","device=/dev/vda;id=/docker/9357bf7a39a4a40bf5572c94c83c4e58365c64d88867c91419856c99194e166d;instance=cadvisor:8080;job=iot_service;major=254;minor=0;operation=Read","2025-11-03T15:29:08Z","0"
"container_blkio_device_usage_total","device=/dev/vda;id=/docker/9357bf7a39a4a40bf5572c94c83c4e58365c64d88867c91419856c99194e166d;instance=cadvisor:8080;job=iot_service;major=254;minor=0;operation=Write","2025-11-03T15:22:08Z","0"
"container_blkio_device_usage_total","device=/dev/vda;id=/docker/9357bf7a39a4a40bf5572c94c83c4e58365c64d88867c91419856c99194e166d;instance=cadvisor:8080;job=iot_service;major=254;minor=0;operation=Write","2025-11-03T15:22:23Z","0"
"container_blkio_device_usage_total","device=/dev/vda;id=/docker/9357bf7a39a4a40bf5572c94c83c4e58365c64d88867c91419856c99194e166d;instance=cadvisor:8080;job=iot_service;major=254;minor=0;operation=Write","2025-11-03T15:22:38Z","0"
"container_blkio_device_usage_total","device=/dev/vda;id=/docker/9357bf7a39a4a40bf5572c94c83c4e58365c64d88867c91419856c99194e166d;instance=cadvisor:8080;job=iot_service;major=254;minor=0;operation=Write","2025-11-03T15:22:53Z","0"
"container_blkio_device_usage_total","device=/dev/vda;id=/docker/9357bf7a39a4a40bf5572c94c83c4e58365c64d88867c91419856c99194e166d;instance=cadvisor:8080;job=iot_service;major=254;minor=0;operation=Write","2025-11-03T15:23:08Z","0"
"container_blkio_device_usage_total","device=/dev/vda;id=/docker/9357bf7a39a4a40bf5572c94c83c4e58365c64d88867c91419856c99194e166d;instance=cadvisor:8080;job=iot_service;major=254;minor=0;operation=Write","2025-11-03T15:23:23Z","0"
"container_blkio_device_usage_total","device=/dev/vda;id=/docker/9357bf7a39a4a40bf5572c94c83c4e58365c64d88867c91419856c99194e166d;instance=cadvisor:8080;job=iot_service;major=254;minor=0;operation=Write","2025-11-03T15:23:38Z","0"
"container_blkio_device_usage_total","device=/dev/vda;id=/docker/9357bf7a39a4a40bf5572c94c83c4e58365c64d88867c91419856c99194e166d;instance=cadvisor:8080;job=iot_service;major=254;minor=0;operation=Write","2025-11-03T15:23:53Z","0"
"container_blkio_device_usage_total","device=/dev/vda;id=/docker/9357bf7a39a4a40bf5572c94c83c4e58365c64d88867c91419856c99194e166d;instance=cadvisor:8080;job=iot_service;major=254;minor=0;operation=Write","2025-11-03T15:24:08Z","0"
"container_blkio_device_usage_total","device=/dev/vda;id=/docker/9357bf7a39a4a40bf5572c94c83c4e58365c64d88867c91419856c99194e166d;instance=cadvisor:8080;job=iot_service;major=254;minor=0;operation=Write","2025-11-03T15:24:23Z","0"
"container_blkio_device_usage_total","device=/dev/vda;id=/docker/9357bf7a39a4a40bf5572c94c83c4e58365c64d88867c91419856c99194e166d;instance=cadvisor:8080;job=iot_service;major=254;minor=0;operation=Write","2025-11-03T15:24:38Z","0"
"container_blkio_device_usage_total","device=/dev/vda;id=/docker/9357bf7a39a4a40bf5572c94c83c4e58365c64d88867c91419856c99194e166d;instance=cadvisor:8080;job=iot_service;major=254;minor=0;operation=Write","2025-11-03T15:24:53Z","0"
"container_blkio_device_usage_total","device=/dev/vda;id=/docker/9357bf7a39a4a40bf5572c94c83c4e58365c64d88867c91419856c99194e166d;instance=cadvisor:8080;job=iot_service;major=254;minor=0;operation=Write","2025-11-03T15:25:08Z","70.01915049068603"
"container_blkio_device_usage_total","device=/dev/vda;id=/docker/9357bf7a39a4a40bf5572c94c83c4e58365c64d88867c91419856c99194e166d;instance=cadvisor:8080;job=iot_service;major=254;minor=0;operation=Write","2025-11-03T15:25:23Z","68.4174419323476"
"container_blkio_device_usage_total","device=/dev/vda;id=/docker/9357bf7a39a4a40bf5572c94c83c4e58365c64d88867c91419856c99194e166d;instance=cadvisor:8080;job=iot_service;major=254;minor=0;operation=Write","2025-11-03T15:25:38Z","69.22277918817763"
"container_blkio_device_usage_total","device=/dev/vda;id=/docker/9357bf7a39a4a40bf5572c94c83c4e58365c64d88867c91419856c99194e166d;instance=cadvisor:8080;job=iot_service;major=254;minor=0;operation=Write","2025-11-03T15:25:53Z","68.90755229416797"
"container_blkio_device_usage_total","device=/dev/vda;id=/docker/9357bf7a39a4a40bf5572c94c83c4e58365c64d88867c91419856c99194e166d;instance=cadvisor:8080;job=iot_service;major=254;minor=0;operation=Write","2025-11-03T15:26:08Z","0"
"container_blkio_device_usage_total","device=/dev/vda;id=/docker/9357bf7a39a4a40bf5572c94c83c4e58365c64d88867c91419856c99194e166d;instance=cadvisor:8080;job=iot_service;major=254;minor=0;operation=Write","2025-11-03T15:26:23Z","0"
"container_blkio_device_usage_total","device=/dev/vda;id=/docker/9357bf7a39a4a40bf5572c94c83c4e58365c64d88867c91419856c99194e166d;instance=cadvisor:8080;job=iot_service;major=254;minor=0;operation=Write","2025-11-03T15:26:38Z","0"
"container_blkio_device_usage_total","device=/dev/vda;id=/docker/9357bf7a39a4a40bf5572c94c83c4e58365c64d88867c91419856c99194e166d;instance=cadvisor:8080;job=iot_service;major=254;minor=0;operation=Write","2025-11-03T15:26:53Z","0"
"container_blkio_device_usage_total","device=/dev/vda;id=/docker/9357bf7a39a4a40bf5572c94c83c4e58365c64d88867c91419856c99194e166d;instance=cadvisor:8080;job=iot_service;major=254;minor=0;operation=Write","2025-11-03T15:27:08Z","0"
"container_blkio_device_usage_total","device=/dev/vda;id=/docker/9357bf7a39a4a40bf5572c94c83c4e58365c64d88867c91419856c99194e166d;instance=cadvisor:8080;job=iot_service;major=254;minor=0;operation=Write","2025-11-03T15:27:23Z","0"
"container_blkio_device_usage_total","device=/dev/vda;id=/docker/9357bf7a39a4a40bf5572c94c83c4e58365c64d88867c91419856c99194e166d;instance=cadvisor:8080;job=iot_service;major=254;minor=0;operation=Write","2025-11-03T15:27:38Z","0"
"container_blkio_device_usage_total","device=/dev/vda;id=/docker/9357bf7a39a4a40bf5572c94c83c4e58365c64d88867c91419856c99194e166d;instance=cadvisor:8080;job=iot_service;major=254;minor=0;operation=Write","2025-11-03T15:27:53Z","0"
"container_blkio_device_usage_total","device=/dev/vda;id=/docker/9357bf7a39a4a40bf5572c94c83c4e58365c64d88867c91419856c99194e166d;instance=cadvisor:8080;job=iot_service;major=254;minor=0;operation=Write","2025-11-03T15:28:08Z","0"
"container_blkio_device_usage_total","device=/dev/vda;id=/docker/9357bf7a39a4a40bf5572c94c83c4e58365c64d88867c91419856c99194e166d;instance=cadvisor:8080;job=iot_service;major=254;minor=0;operation=Write","2025-11-03T15:28:23Z","0"
"container_blkio_device_usage_total","device=/dev/vda;id=/docker/9357bf7a39a4a40bf5572c94c83c4e58365c64d88867c91419856c99194e166d;instance=cadvisor:8080;job=iot_service;major=254;minor=0;operation=Write","2025-11-03T15:28:38Z","0"
"container_blkio_device_usage_total","device=/dev/vda;id=/docker/9357bf7a39a4a40bf5572c94c83c4e58365c64d88867c91419856c99194e166d;instance=cadvisor:8080;job=iot_service;major=254;minor=0;operation=Write","2025-11-03T15:28:53Z","0"
"container_blkio_device_usage_total","device=/dev/vda;id=/docker/9357bf7a39a4a40bf5572c94c83c4e58365c64d88867c91419856c99194e166d;instance=cadvisor:8080;job=iot_service;major=254;minor=0;operation=Write","2025-11-03T15:29:08Z","0"
"container_blkio_device_usage_total","device=/dev/vda;id=/docker/9c66a111808aa587992ee0305cd63527b1ba4186ed449ece6a02cb6476c16aec;instance=cadvisor:8080;job=iot_service;major=254;minor=0;operation=Read","2025-11-03T15:22:08Z","0"
"container_blkio_device_usage_total","device=/dev/vda;id=/docker/9c66a111808aa587992ee0305cd63527b1ba4186ed449ece6a02cb6476c16aec;instance=cadvisor:8080;job=iot_service;major=254;minor=0;operation=Read","2025-11-03T15:22:23Z","0"
"container_blkio_device_usage_total","device=/dev/vda;id=/docker/9c66a111808aa587992ee0305cd63527b1ba4186ed449ece6a02cb6476c16aec;instance=cadvisor:8080;job=iot_service;major=254;minor=0;operation=Read","2025-11-03T15:22:38Z","0"
"container_blkio_device_usage_total","device=/dev/vda;id=/docker/9c66a111808aa587992ee0305cd63527b1ba4186ed449ece6a02cb6476c16aec;instance=cadvisor:8080;job=iot_service;major=254;minor=0;operation=Read","2025-11-03T15:22:53Z","0"
"container_blkio_device_usage_total","device=/dev/vda;id=/docker/9c66a111808aa587992ee0305cd63527b1ba4186ed449ece6a02cb6476c16aec;instance=cadvisor:8080;job=iot_service;major=254;minor=0;operation=Read","2025-11-03T15:23:08Z","0"
"container_blkio_device_usage_total","device=/dev/vda;id=/docker/9c66a111808aa587992ee0305cd63527b1ba4186ed449ece6a02cb6476c16aec;instance=cadvisor:8080;job=iot_service;major=254;minor=0;operation=Read","2025-11-03T15:23:23Z","0"
"container_blkio_device_usage_total","device=/dev/vda;id=/docker/9c66a111808aa587992ee0305cd63527b1ba4186ed449ece6a02cb6476c16aec;instance=cadvisor:8080;job=iot_service;major=254;minor=0;operation=Read","2025-11-03T15:23:38Z","0"
"container_blkio_device_usage_total","device=/dev/vda;id=/docker/9c66a111808aa587992ee0305cd63527b1ba4186ed449ece6a02cb6476c16aec;instance=cadvisor:8080;job=iot_service;major=254;minor=0;operation=Read","2025-11-03T15:23:53Z","0"
"container_blkio_device_usage_total","device=/dev/vda;id=/docker/9c66a111808aa587992ee0305cd63527b1ba4186ed449ece6a02cb6476c16aec;instance=cadvisor:8080;job=iot_service;major=254;minor=0;operation=Read","2025-11-03T15:24:08Z","0"
"container_blkio_device_usage_total","device=/dev/vda;id=/docker/9c66a111808aa587992ee0305cd63527b1ba4186ed449ece6a02cb6476c16aec;instance=cadvisor:8080;job=iot_service;major=254;minor=0;operation=Read","2025-11-03T15:24:23Z","0"
"container_blkio_device_usage_total","device=/dev/vda;id=/docker/9c66a111808aa587992ee0305cd63527b1ba4186ed449ece6a02cb6476c16aec;instance=cadvisor:8080;job=iot_service;major=254;minor=0;operation=Read","2025-11-03T15:24:38Z","0"
"container_blkio_device_usage_total","device=/dev/vda;id=/docker/9c66a111808aa587992ee0305cd63527b1ba4186ed449ece6a02cb6476c16aec;instance=cadvisor:8080;job=iot_service;major=254;minor=0;operation=Read","2025-11-03T15:24:53Z","0"
"container_blkio_device_usage_total","device=/dev/vda;id=/docker/9c66a111808aa587992ee0305cd63527b1ba4186ed449ece6a02cb6476c16aec;instance=cadvisor:8080;job=iot_service;major=254;minor=0;operation=Read","2025-11-03T15:25:08Z","0"
"container_blkio_device_usage_total","device=/dev/vda;id=/docker/9c66a111808aa587992ee0305cd63527b1ba4186ed449ece6a02cb6476c16aec;instance=cadvisor:8080;job=iot_service;major=254;minor=0;operation=Read","2025-11-03T15:25:23Z","0"
"container_blkio_device_usage_total","device=/dev/vda;id=/docker/9c66a111808aa587992ee0305cd63527b1ba4186ed449ece6a02cb6476c16aec;instance=cadvisor:8080;job=iot_service;major=254;minor=0;operation=Read","2025-11-03T15:25:38Z","0"
"container_blkio_device_usage_total","device=/dev/vda;id=/docker/9c66a111808aa587992ee0305cd63527b1ba4186ed449ece6a02cb6476c16aec;instance=cadvisor:8080;job=iot_service;major=254;minor=0;operation=Read","2025-11-03T15:25:53Z","0"
"container_blkio_device_usage_total","device=/dev/vda;id=/docker/9c66a111808aa587992ee0305cd63527b1ba4186ed449ece6a02cb6476c16aec;instance=cadvisor:8080;job=iot_service;major=254;minor=0;operation=Read","2025-11-03T15:26:08Z","0"
"container_blkio_device_usage_total","device=/dev/vda;id=/docker/9c66a111808aa587992ee0305cd63527b1ba4186ed449ece6a02cb6476c16aec;instance=cadvisor:8080;job=iot_service;major=254;minor=0;operation=Read","2025-11-03T15:26:23Z","0"
"container_blkio_device_usage_total","device=/dev/vda;id=/docker/9c66a111808aa587992ee0305cd63527b1ba4186ed449ece6a02cb6476c16aec;instance=cadvisor:8080;job=iot_service;major=254;minor=0;operation=Read","2025-11-03T15:26:38Z","0"
"container_blkio_device_usage_total","device=/dev/vda;id=/docker/9c66a111808aa587992ee0305cd63527b1ba4186ed449ece6a02cb6476c16aec;instance=cadvisor:8080;job=iot_service;major=254;minor=0;operation=Read","2025-11-03T15:26:53Z","0"
"container_blkio_device_usage_total","device=/dev/vda;id=/docker/9c66a111808aa587992ee0305cd63527b1ba4186ed449ece6a02cb6476c16aec;instance=cadvisor:8080;job=iot_service;major=254;minor=0;operation=Read","2025-11-03T15:27:08Z","0"
"container_blkio_device_usage_total","device=/dev/vda;id=/docker/9c66a111808aa587992ee0305cd63527b1ba4186ed449ece6a02cb6476c16aec;instance=cadvisor:8080;job=iot_service;major=254;minor=0;operation=Read","2025-11-03T15:27:23Z","0"
"container_blkio_device_usage_total","device=/dev/vda;id=/docker/9c66a111808aa587992ee0305cd63527b1ba4186ed449ece6a02cb6476c16aec;instance=cadvisor:8080;job=iot_service;major=254;minor=0;operation=Read","2025-11-03T15:27:38Z","0"
"container_blkio_device_usage_total","device=/dev/vda;id=/docker/9c66a111808aa587992ee0305cd63527b1ba4186ed449ece6a02cb6476c16aec;instance=cadvisor:8080;job=iot_service;major=254;minor=0;operation=Read","2025-11-03T15:27:53Z","0"
"container_blkio_device_usage_total","device=/dev/vda;id=/docker/9c66a111808aa587992ee0305cd63527b1ba4186ed449ece6a02cb6476c16aec;instance=cadvisor:8080;job=iot_service;major=254;minor=0;operation=Read","2025-11-03T15:28:08Z","0"
"container_blkio_device_usage_total","device=/dev/vda;id=/docker/9c66a111808aa587992ee0305cd63527b1ba4186ed449ece6a02cb6476c16aec;instance=cadvisor:8080;job=iot_service;major=254;minor=0;operation=Read","2025-11-03T15:28:23Z","0"
"container_blkio_device_usage_total","device=/dev/vda;id=/docker/9c66a111808aa587992ee0305cd63527b1ba4186ed449ece6a02cb6476c16aec;instance=cadvisor:8080;job=iot_service;major=254;minor=0;operation=Read","2025-11-03T15:28:38Z","0"
"container_blkio_device_usage_total","device=/dev/vda;id=/docker/9c66a111808aa587992ee0305cd63527b1ba4186ed449ece6a02cb6476c16aec;instance=cadvisor:8080;job=iot_service;major=254;minor=0;operation=Read","2025-11-03T15:28:53Z","0"
"container_blkio_device_usage_total","device=/dev/vda;id=/docker/9c66a111808aa587992ee0305cd63527b1ba4186ed449ece6a02cb6476c16aec;instance=cadvisor:8080;job=iot_service;major=254;minor=0;operation=Read","2025-11-03T15:29:08Z","0"
"container_blkio_device_usage_total","device=/dev/vda;id=/docker/9c66a111808aa587992ee0305cd63527b1ba4186ed449ece6a02cb6476c16aec;instance=cadvisor:8080;job=iot_service;major=254;minor=0;operation=Write","2025-11-03T15:22:08Z","0"
"container_blkio_device_usage_total","device=/dev/vda;id=/docker/9c66a111808aa587992ee0305cd63527b1ba4186ed449ece6a02cb6476c16aec;instance=cadvisor:8080;job=iot_service;major=254;minor=0;operation=Write","2025-11-03T15:22:23Z","0"
"container_blkio_device_usage_total","device=/dev/vda;id=/docker/9c66a111808aa587992ee0305cd63527b1ba4186ed449ece6a02cb6476c16aec;instance=cadvisor:8080;job=iot_service;major=254;minor=0;operation=Write","2025-11-03T15:22:38Z","0"
"container_blkio_device_usage_total","device=/dev/vda;id=/docker/9c66a111808aa587992ee0305cd63527b1ba4186ed449ece6a02cb6476c16aec;instance=cadvisor:8080;job=iot_service;major=254;minor=0;operation=Write","2025-11-03T15:22:53Z","0"
"container_blkio_device_usage_total","device=/dev/vda;id=/docker/9c66a111808aa587992ee0305cd63527b1ba4186ed449ece6a02cb6476c16aec;instance=cadvisor:8080;job=iot_service;major=254;minor=0;operation=Write","2025-11-03T15:23:08Z","0"
"container_blkio_device_usage_total","device=/dev/vda;id=/docker/9c66a111808aa587992ee0305cd63527b1ba4186ed449ece6a02cb6476c16aec;instance=cadvisor:8080;job=iot_service;major=254;minor=0;operation=Write","2025-11-03T15:23:23Z","0"
"container_blkio_device_usage_total","device=/dev/vda;id=/docker/9c66a111808aa587992ee0305cd63527b1ba4186ed449ece6a02cb6476c16aec;instance=cadvisor:8080;job=iot_service;major=254;minor=0;operation=Write","2025-11-03T15:23:38Z","0"
"container_blkio_device_usage_total","device=/dev/vda;id=/docker/9c66a111808aa587992ee0305cd63527b1ba4186ed449ece6a02cb6476c16aec;instance=cadvisor:8080;job=iot_service;major=254;minor=0;operation=Write","2025-11-03T15:23:53Z","0"
"container_blkio_device_usage_total","device=/dev/vda;id=/docker/9c66a111808aa587992ee0305cd63527b1ba4186ed449ece6a02cb6476c16aec;instance=cadvisor:8080;job=iot_service;major=254;minor=0;operation=Write","2025-11-03T15:24:08Z","0"
"container_blkio_device_usage_total","device=/dev/vda;id=/docker/9c66a111808aa587992ee0305cd63527b1ba4186ed449ece6a02cb6476c16aec;instance=cadvisor:8080;job=iot_service;major=254;minor=0;operation=Write","2025-11-03T15:24:23Z","0"
"container_blkio_device_usage_total","device=/dev/vda;id=/docker/9c66a111808aa587992ee0305cd63527b1ba4186ed449ece6a02cb6476c16aec;instance=cadvisor:8080;job=iot_service;major=254;minor=0;operation=Write","2025-11-03T15:24:38Z","0"
"container_blkio_device_usage_total","device=/dev/vda;id=/docker/9c66a111808aa587992ee0305cd63527b1ba4186ed449ece6a02cb6476c16aec;instance=cadvisor:8080;job=iot_service;major=254;minor=0;operation=Write","2025-11-03T15:24:53Z","0"
"container_blkio_device_usage_total","device=/dev/vda;id=/docker/9c66a111808aa587992ee0305cd63527b1ba4186ed449ece6a02cb6476c16aec;instance=cadvisor:8080;job=iot_service;major=254;minor=0;operation=Write","2025-11-03T15:25:08Z","0"
"container_blkio_device_usage_total","device=/dev/vda;id=/docker/9c66a111808aa587992ee0305cd63527b1ba4186ed449ece6a02cb6476c16aec;instance=cadvisor:8080;job=iot_service;major=254;minor=0;operation=Write","2025-11-03T15:25:23Z","0"
"container_blkio_device_usage_total","device=/dev/vda;id=/docker/9c66a111808aa587992ee0305cd63527b1ba4186ed449ece6a02cb6476c16aec;instance=cadvisor:8080;job=iot_service;major=254;minor=0;operation=Write","2025-11-03T15:25:38Z","0"
"container_blkio_device_usage_total","device=/dev/vda;id=/docker/9c66a111808aa587992ee0305cd63527b1ba4186ed449ece6a02cb6476c16aec;instance=cadvisor:8080;job=iot_service;major=254;minor=0;operation=Write","2025-11-03T15:25:53Z","0"
"container_blkio_device_usage_total","device=/dev/vda;id=/docker/9c66a111808aa587992ee0305cd63527b1ba4186ed449ece6a02cb6476c16aec;instance=cadvisor:8080;job=iot_service;major=254;minor=0;operation=Write","2025-11-03T15:26:08Z","0"
"container_blkio_device_usage_total","device=/dev/vda;id=/docker/9c66a111808aa587992ee0305cd63527b1ba4186ed449ece6a02cb6476c16aec;instance=cadvisor:8080;job=iot_service;major=254;minor=0;operation=Write","2025-11-03T15:26:23Z","0"
"container_blkio_device_usage_total","device=/dev/vda;id=/docker/9c66a111808aa587992ee0305cd63527b1ba4186ed449ece6a02cb6476c16aec;instance=cadvisor:8080;job=iot_service;major=254;minor=0;operation=Write","2025-11-03T15:26:38Z","0"
"container_blkio_device_usage_total","device=/dev/vda;id=/docker/9c66a111808aa587992ee0305cd63527b1ba4186ed449ece6a02cb6476c16aec;instance=cadvisor:8080;job=iot_service;major=254;minor=0;operation=Write","2025-11-03T15:26:53Z","0"
"container_blkio_device_usage_total","device=/dev/vda;id=/docker/9c66a111808aa587992ee0305cd63527b1ba4186ed449ece6a02cb6476c16aec;instance=cadvisor:8080;job=iot_service;major=254;minor=0;operation=Write","2025-11-03T15:27:08Z","0"
"container_blkio_device_usage_total","device=/dev/vda;id=/docker/9c66a111808aa587992ee0305cd63527b1ba4186ed449ece6a02cb6476c16aec;instance=cadvisor:8080;job=iot_service;major=254;minor=0;operation=Write","2025-11-03T15:27:23Z","0"
"container_blkio_device_usage_total","device=/dev/vda;id=/docker/9c66a111808aa587992ee0305cd63527b1ba4186ed449ece6a02cb6476c16aec;instance=cadvisor:8080;job=iot_service;major=254;minor=0;operation=Write","2025-11-03T15:27:38Z","0"
"container_blkio_device_usage_total","device=/dev/vda;id=/docker/9c66a111808aa587992ee0305cd63527b1ba4186ed449ece6a02cb6476c16aec;instance=cadvisor:8080;job=iot_service;major=254;minor=0;operation=Write","2025-11-03T15:27:53Z","0"
"container_blkio_device_usage_total","device=/dev/vda;id=/docker/9c66a111808aa587992ee0305cd63527b1ba4186ed449ece6a02cb6476c16aec;instance=cadvisor:8080;job=iot_service;major=254;minor=0;operation=Write","2025-11-03T15:28:08Z","0"
"container_blkio_device_usage_total","device=/dev/vda;id=/docker/9c66a111808aa587992ee0305cd63527b1ba4186ed449ece6a02cb6476c16aec;instance=cadvisor:8080;job=iot_service;major=254;minor=0;operation=Write","2025-11-03T15:28:23Z","0"
"container_blkio_device_usage_total","device=/dev/vda;id=/docker/9c66a111808aa587992ee0305cd63527b1ba4186ed449ece6a02cb6476c16aec;instance=cadvisor:8080;job=iot_service;major=254;minor=0;operation=Write","2025-11-03T15:28:38Z","0"
"container_blkio_device_usage_total","device=/dev/vda;id=/docker/9c66a111808aa587992ee0305cd63527b1ba4186ed449ece6a02cb6476c16aec;instance=cadvisor:8080;job=iot_service;major=254;minor=0;operation=Write","2025-11-03T15:28:53Z","0"
"container_blkio_device_usage_total","device=/dev/vda;id=/docker/9c66a111808aa587992ee0305cd63527b1ba4186ed449ece6a02cb6476c16aec;instance=cadvisor:8080;job=iot_service;major=254;minor=0;operation=Write","2025-11-03T15:29:08Z","0"
"container_blkio_device_usage_total","device=/dev/vda;id=/docker/cd7a9c58b0c32eccee7de69382b1064928ba7155b3b1af46099dd15f15c7e89d;instance=cadvisor:8080;job=iot_service;major=254;minor=0;operation=Read","2025-11-03T15:22:08Z","0"
"container_blkio_device_usage_total","device=/dev/vda;id=/docker/cd7a9c58b0c32eccee7de69382b1064928ba7155b3b1af46099dd15f15c7e89d;instance=cadvisor:8080;job=iot_service;major=254;minor=0;operation=Read","2025-11-03T15:22:23Z","0"
"container_blkio_device_usage_total","device=/dev/vda;id=/docker/cd7a9c58b0c32eccee7de69382b1064928ba7155b3b1af46099dd15f15c7e89d;instance=cadvisor:8080;job=iot_service;major=254;minor=0;operation=Read","2025-11-03T15:22:38Z","0"
"container_blkio_device_usage_total","device=/dev/vda;id=/docker/cd7a9c58b0c32eccee7de69382b1064928ba7155b3b1af46099dd15f15c7e89d;instance=cadvisor:8080;job=iot_service;major=254;minor=0;operation=Read","2025-11-03T15:22:53Z","0"
"container_blkio_device_usage_total","device=/dev/vda;id=/docker/cd7a9c58b0c32eccee7de69382b1064928ba7155b3b1af46099dd15f15c7e89d;instance=cadvisor:8080;job=iot_service;major=254;minor=0;operation=Read","2025-11-03T15:23:08Z","0"
"container_blkio_device_usage_total","device=/dev/vda;id=/docker/cd7a9c58b0c32eccee7de69382b1064928ba7155b3b1af46099dd15f15c7e89d;instance=cadvisor:8080;job=iot_service;major=254;minor=0;operation=Read","2025-11-03T15:23:23Z","0"
"container_blkio_device_usage_total","device=/dev/vda;id=/docker/cd7a9c58b0c32eccee7de69382b1064928ba7155b3b1af46099dd15f15c7e89d;instance=cadvisor:8080;job=iot_service;major=254;minor=0;operation=Read","2025-11-03T15:23:38Z","0"
"container_blkio_device_usage_total","device=/dev/vda;id=/docker/cd7a9c58b0c32eccee7de69382b1064928ba7155b3b1af46099dd15f15c7e89d;instance=cadvisor:8080;job=iot_service;major=254;minor=0;operation=Read","2025-11-03T15:23:53Z","0"
"container_blkio_device_usage_total","device=/dev/vda;id=/docker/cd7a9c58b0c32eccee7de69382b1064928ba7155b3b1af46099dd15f15c7e89d;instance=cadvisor:8080;job=iot_service;major=254;minor=0;operation=Read","2025-11-03T15:24:08Z","0"
"container_blkio_device_usage_total","device=/dev/vda;id=/docker/cd7a9c58b0c32eccee7de69382b1064928ba7155b3b1af46099dd15f15c7e89d;instance=cadvisor:8080;job=iot_service;major=254;minor=0;operation=Read","2025-11-03T15:24:23Z","0"
"container_blkio_device_usage_total","device=/dev/vda;id=/docker/cd7a9c58b0c32eccee7de69382b1064928ba7155b3b1af46099dd15f15c7e89d;instance=cadvisor:8080;job=iot_service;major=254;minor=0;operation=Read","2025-11-03T15:24:38Z","0"
"container_blkio_device_usage_total","device=/dev/vda;id=/docker/cd7a9c58b0c32eccee7de69382b1064928ba7155b3b1af46099dd15f15c7e89d;instance=cadvisor:8080;job=iot_service;major=254;minor=0;operation=Read","2025-11-03T15:24:53Z","0"
"container_blkio_device_usage_total","device=/dev/vda;id=/docker/cd7a9c58b0c32eccee7de69382b1064928ba7155b3b1af46099dd15f15c7e89d;instance=cadvisor:8080;job=iot_service;major=254;minor=0;operation=Read","2025-11-03T15:25:08Z","0"
"container_blkio_device_usage_total","device=/dev/vda;id=/docker/cd7a9c58b0c32eccee7de69382b1064928ba7155b3b1af46099dd15f15c7e89d;instance=cadvisor:8080;job=iot_service;major=254;minor=0;operation=Read","2025-11-03T15:25:23Z","0"
"container_blkio_device_usage_total","device=/dev/vda;id=/docker/cd7a9c58b0c32eccee7de69382b1064928ba7155b3b1af46099dd15f15c7e89d;instance=cadvisor:8080;job=iot_service;major=254;minor=0;operation=Read","2025-11-03T15:25:38Z","0"
"container_blkio_device_usage_total","device=/dev/vda;id=/docker/cd7a9c58b0c32eccee7de69382b1064928ba7155b3b1af46099dd15f15c7e89d;instance=cadvisor:8080;job=iot_service;major=254;minor=0;operation=Read","2025-11-03T15:25:53Z","0"
"container_blkio_device_usage_total","device=/dev/vda;id=/docker/cd7a9c58b0c32eccee7de69382b1064928ba7155b3b1af46099dd15f15c7e89d;instance=cadvisor:8080;job=iot_service;major=254;minor=0;operation=Read","2025-11-03T15:26:08Z","0"
"container_blkio_device_usage_total","device=/dev/vda;id=/docker/cd7a9c58b0c32eccee7de69382b1064928ba7155b3b1af46099dd15f15c7e89d;instance=cadvisor:8080;job=iot_service;major=254;minor=0;operation=Read","2025-11-03T15:26:23Z","0"
"container_blkio_device_usage_total","device=/dev/vda;id=/docker/cd7a9c58b0c32eccee7de69382b1064928ba7155b3b1af46099dd15f15c7e89d;instance=cadvisor:8080;job=iot_service;major=254;minor=0;operation=Read","2025-11-03T15:26:38Z","0"
"container_blkio_device_usage_total","device=/dev/vda;id=/docker/cd7a9c58b0c32eccee7de69382b1064928ba7155b3b1af46099dd15f15c7e89d;instance=cadvisor:8080;job=iot_service;major=254;minor=0;operation=Read","2025-11-03T15:26:53Z","0"
"container_blkio_device_usage_total","device=/dev/vda;id=/docker/cd7a9c58b0c32eccee7de69382b1064928ba7155b3b1af46099dd15f15c7e89d;instance=cadvisor:8080;job=iot_service;major=254;minor=0;operation=Read","2025-11-03T15:27:08Z","0"
"container_blkio_device_usage_total","device=/dev/vda;id=/docker/cd7a9c58b0c32eccee7de69382b1064928ba7155b3b1af46099dd15f15c7e89d;instance=cadvisor:8080;job=iot_service;major=254;minor=0;operation=Read","2025-11-03T15:27:23Z","0"
"container_blkio_device_usage_total","device=/dev/vda;id=/docker/cd7a9c58b0c32eccee7de69382b1064928ba7155b3b1af46099dd15f15c7e89d;instance=cadvisor:8080;job=iot_service;major=254;minor=0;operation=Read","2025-11-03T15:27:38Z","0"
"container_blkio_device_usage_total","device=/dev/vda;id=/docker/cd7a9c58b0c32eccee7de69382b1064928ba7155b3b1af46099dd15f15c7e89d;instance=cadvisor:8080;job=iot_service;major=254;minor=0;operation=Read","2025-11-03T15:27:53Z","0"
"container_blkio_device_usage_total","device=/dev/vda;id=/docker/cd7a9c58b0c32eccee7de69382b1064928ba7155b3b1af46099dd15f15c7e89d;instance=cadvisor:8080;job=iot_service;major=254;minor=0;operation=Read","2025-11-03T15:28:08Z","0"
"container_blkio_device_usage_total","device=/dev/vda;id=/docker/cd7a9c58b0c32eccee7de69382b1064928ba7155b3b1af46099dd15f15c7e89d;instance=cadvisor:8080;job=iot_service;major=254;minor=0;operation=Read","2025-11-03T15:28:23Z","0"
"container_blkio_device_usage_total","device=/dev/vda;id=/docker/cd7a9c58b0c32eccee7de69382b1064928ba7155b3b1af46099dd15f15c7e89d;instance=cadvisor:8080;job=iot_service;major=254;minor=0;operation=Read","2025-11-03T15:28:38Z","0"
"container_blkio_device_usage_total","device=/dev/vda;id=/docker/cd7a9c58b0c32eccee7de69382b1064928ba7155b3b1af46099dd15f15c7e89d;instance=cadvisor:8080;job=iot_service;major=254;minor=0;operation=Read","2025-11-03T15:28:53Z","0"
"container_blkio_device_usage_total","device=/dev/vda;id=/docker/cd7a9c58b0c32eccee7de69382b1064928ba7155b3b1af46099dd15f15c7e89d;instance=cadvisor:8080;job=iot_service;major=254;minor=0;operation=Read","2025-11-03T15:29:08Z","0"
"container_blkio_device_usage_total","device=/dev/vda;id=/docker/cd7a9c58b0c32eccee7de69382b1064928ba7155b3b1af46099dd15f15c7e89d;instance=cadvisor:8080;job=iot_service;major=254;minor=0;operation=Write","2025-11-03T15:22:08Z","0"
"container_blkio_device_usage_total","device=/dev/vda;id=/docker/cd7a9c58b0c32eccee7de69382b1064928ba7155b3b1af46099dd15f15c7e89d;instance=cadvisor:8080;job=iot_service;major=254;minor=0;operation=Write","2025-11-03T15:22:23Z","0"
"container_blkio_device_usage_total","device=/dev/vda;id=/docker/cd7a9c58b0c32eccee7de69382b1064928ba7155b3b1af46099dd15f15c7e89d;instance=cadvisor:8080;job=iot_service;major=254;minor=0;operation=Write","2025-11-03T15:22:38Z","0"
"container_blkio_device_usage_total","device=/dev/vda;id=/docker/cd7a9c58b0c32eccee7de69382b1064928ba7155b3b1af46099dd15f15c7e89d;instance=cadvisor:8080;job=iot_service;major=254;minor=0;operation=Write","2025-11-03T15:22:53Z","0"
"container_blkio_device_usage_total","device=/dev/vda;id=/docker/cd7a9c58b0c32eccee7de69382b1064928ba7155b3b1af46099dd15f15c7e89d;instance=cadvisor:8080;job=iot_service;major=254;minor=0;operation=Write","2025-11-03T15:23:08Z","0"
"container_blkio_device_usage_total","device=/dev/vda;id=/docker/cd7a9c58b0c32eccee7de69382b1064928ba7155b3b1af46099dd15f15c7e89d;instance=cadvisor:8080;job=iot_service;major=254;minor=0;operation=Write","2025-11-03T15:23:23Z","0"
"container_blkio_device_usage_total","device=/dev/vda;id=/docker/cd7a9c58b0c32eccee7de69382b1064928ba7155b3b1af46099dd15f15c7e89d;instance=cadvisor:8080;job=iot_service;major=254;minor=0;operation=Write","2025-11-03T15:23:38Z","0"
"container_blkio_device_usage_total","device=/dev/vda;id=/docker/cd7a9c58b0c32eccee7de69382b1064928ba7155b3b1af46099dd15f15c7e89d;instance=cadvisor:8080;job=iot_service;major=254;minor=0;operation=Write","2025-11-03T15:23:53Z","0"
"container_blkio_device_usage_total","device=/dev/vda;id=/docker/cd7a9c58b0c32eccee7de69382b1064928ba7155b3b1af46099dd15f15c7e89d;instance=cadvisor:8080;job=iot_service;major=254;minor=0;operation=Write","2025-11-03T15:24:08Z","0"
"container_blkio_device_usage_total","device=/dev/vda;id=/docker/cd7a9c58b0c32eccee7de69382b1064928ba7155b3b1af46099dd15f15c7e89d;instance=cadvisor:8080;job=iot_service;major=254;minor=0;operation=Write","2025-11-03T15:24:23Z","0"
"container_blkio_device_usage_total","device=/dev/vda;id=/docker/cd7a9c58b0c32eccee7de69382b1064928ba7155b3b1af46099dd15f15c7e89d;instance=cadvisor:8080;job=iot_service;major=254;minor=0;operation=Write","2025-11-03T15:24:38Z","0"
"container_blkio_device_usage_total","device=/dev/vda;id=/docker/cd7a9c58b0c32eccee7de69382b1064928ba7155b3b1af46099dd15f15c7e89d;instance=cadvisor:8080;job=iot_service;major=254;minor=0;operation=Write","2025-11-03T15:24:53Z","0"
"container_blkio_device_usage_total","device=/dev/vda;id=/docker/cd7a9c58b0c32eccee7de69382b1064928ba7155b3b1af46099dd15f15c7e89d;instance=cadvisor:8080;job=iot_service;major=254;minor=0;operation=Write","2025-11-03T15:25:08Z","0"
"container_blkio_device_usage_total","device=/dev/vda;id=/docker/cd7a9c58b0c32eccee7de69382b1064928ba7155b3b1af46099dd15f15c7e89d;instance=cadvisor:8080;job=iot_service;major=254;minor=0;operation=Write","2025-11-03T15:25:23Z","0"
"container_blkio_device_usage_total","device=/dev/vda;id=/docker/cd7a9c58b0c32eccee7de69382b1064928ba7155b3b1af46099dd15f15c7e89d;instance=cadvisor:8080;job=iot_service;major=254;minor=0;operation=Write","2025-11-03T15:25:38Z","0"
"container_blkio_device_usage_total","device=/dev/vda;id=/docker/cd7a9c58b0c32eccee7de69382b1064928ba7155b3b1af46099dd15f15c7e89d;instance=cadvisor:8080;job=iot_service;major=254;minor=0;operation=Write","2025-11-03T15:25:53Z","0"
"container_blkio_device_usage_total","device=/dev/vda;id=/docker/cd7a9c58b0c32eccee7de69382b1064928ba7155b3b1af46099dd15f15c7e89d;instance=cadvisor:8080;job=iot_service;major=254;minor=0;operation=Write","2025-11-03T15:26:08Z","0"
"container_blkio_device_usage_total","device=/dev/vda;id=/docker/cd7a9c58b0c32eccee7de69382b1064928ba7155b3b1af46099dd15f15c7e89d;instance=cadvisor:8080;job=iot_service;major=254;minor=0;operation=Write","2025-11-03T15:26:23Z","0"
"container_blkio_device_usage_total","device=/dev/vda;id=/docker/cd7a9c58b0c32eccee7de69382b1064928ba7155b3b1af46099dd15f15c7e89d;instance=cadvisor:8080;job=iot_service;major=254;minor=0;operation=Write","2025-11-03T15:26:38Z","0"
"container_blkio_device_usage_total","device=/dev/vda;id=/docker/cd7a9c58b0c32eccee7de69382b1064928ba7155b3b1af46099dd15f15c7e89d;instance=cadvisor:8080;job=iot_service;major=254;minor=0;operation=Write","2025-11-03T15:26:53Z","0"
"container_blkio_device_usage_total","device=/dev/vda;id=/docker/cd7a9c58b0c32eccee7de69382b1064928ba7155b3b1af46099dd15f15c7e89d;instance=cadvisor:8080;job=iot_service;major=254;minor=0;operation=Write","2025-11-03T15:27:08Z","0"
"container_blkio_device_usage_total","device=/dev/vda;id=/docker/cd7a9c58b0c32eccee7de69382b1064928ba7155b3b1af46099dd15f15c7e89d;instance=cadvisor:8080;job=iot_service;major=254;minor=0;operation=Write","2025-11-03T15:27:23Z","0"
"container_blkio_device_usage_total","device=/dev/vda;id=/docker/cd7a9c58b0c32eccee7de69382b1064928ba7155b3b1af46099dd15f15c7e89d;instance=cadvisor:8080;job=iot_service;major=254;minor=0;operation=Write","2025-11-03T15:27:38Z","0"
"container_blkio_device_usage_total","device=/dev/vda;id=/docker/cd7a9c58b0c32eccee7de69382b1064928ba7155b3b1af46099dd15f15c7e89d;instance=cadvisor:8080;job=iot_service;major=254;minor=0;operation=Write","2025-11-03T15:27:53Z","0"
"container_blkio_device_usage_total","device=/dev/vda;id=/docker/cd7a9c58b0c32eccee7de69382b1064928ba7155b3b1af46099dd15f15c7e89d;instance=cadvisor:8080;job=iot_service;major=254;minor=0;operation=Write","2025-11-03T15:28:08Z","0"
"container_blkio_device_usage_total","device=/dev/vda;id=/docker/cd7a9c58b0c32eccee7de69382b1064928ba7155b3b1af46099dd15f15c7e89d;instance=cadvisor:8080;job=iot_service;major=254;minor=0;operation=Write","2025-11-03T15:28:23Z","0"
"container_blkio_device_usage_total","device=/dev/vda;id=/docker/cd7a9c58b0c32eccee7de69382b1064928ba7155b3b1af46099dd15f15c7e89d;instance=cadvisor:8080;job=iot_service;major=254;minor=0;operation=Write","2025-11-03T15:28:38Z","0"
"container_blkio_device_usage_total","device=/dev/vda;id=/docker/cd7a9c58b0c32eccee7de69382b1064928ba7155b3b1af46099dd15f15c7e89d;instance=cadvisor:8080;job=iot_service;major=254;minor=0;operation=Write","2025-11-03T15:28:53Z","0"
"container_blkio_device_usage_total","device=/dev/vda;id=/docker/cd7a9c58b0c32eccee7de69382b1064928ba7155b3b1af46099dd15f15c7e89d;instance=cadvisor:8080;job=iot_service;major=254;minor=0;operation=Write","2025-11-03T15:29:08Z","0"
"container_blkio_device_usage_total","device=/dev/vda;id=/docker/fdfc0724b613bbad2b29e38f548044caa8fa5ece06aea1f7630b8b07f070b604;instance=cadvisor:8080;job=iot_service;major=254;minor=0;operation=Read","2025-11-03T15:22:08Z","0"
"container_blkio_device_usage_total","device=/dev/vda;id=/docker/fdfc0724b613bbad2b29e38f548044caa8fa5ece06aea1f7630b8b07f070b604;instance=cadvisor:8080;job=iot_service;major=254;minor=0;operation=Read","2025-11-03T15:22:23Z","0"
"container_blkio_device_usage_total","device=/dev/vda;id=/docker/fdfc0724b613bbad2b29e38f548044caa8fa5ece06aea1f7630b8b07f070b604;instance=cadvisor:8080;job=iot_service;major=254;minor=0;operation=Read","2025-11-03T15:22:38Z","0"
"container_blkio_device_usage_total","device=/dev/vda;id=/docker/fdfc0724b613bbad2b29e38f548044caa8fa5ece06aea1f7630b8b07f070b604;instance=cadvisor:8080;job=iot_service;major=254;minor=0;operation=Read","2025-11-03T15:22:53Z","0"
"container_blkio_device_usage_total","device=/dev/vda;id=/docker/fdfc0724b613bbad2b29e38f548044caa8fa5ece06aea1f7630b8b07f070b604;instance=cadvisor:8080;job=iot_service;major=254;minor=0;operation=Read","2025-11-03T15:23:08Z","0"
"container_blkio_device_usage_total","device=/dev/vda;id=/docker/fdfc0724b613bbad2b29e38f548044caa8fa5ece06aea1f7630b8b07f070b604;instance=cadvisor:8080;job=iot_service;major=254;minor=0;operation=Read","2025-11-03T15:23:23Z","0"
"container_blkio_device_usage_total","device=/dev/vda;id=/docker/fdfc0724b613bbad2b29e38f548044caa8fa5ece06aea1f7630b8b07f070b604;instance=cadvisor:8080;job=iot_service;major=254;minor=0;operation=Read","2025-11-03T15:23:38Z","0"
"container_blkio_device_usage_total","device=/dev/vda;id=/docker/fdfc0724b613bbad2b29e38f548044caa8fa5ece06aea1f7630b8b07f070b604;instance=cadvisor:8080;job=iot_service;major=254;minor=0;operation=Read","2025-11-03T15:23:53Z","0"
"container_blkio_device_usage_total","device=/dev/vda;id=/docker/fdfc0724b613bbad2b29e38f548044caa8fa5ece06aea1f7630b8b07f070b604;instance=cadvisor:8080;job=iot_service;major=254;minor=0;operation=Read","2025-11-03T15:24:08Z","0"
"container_blkio_device_usage_total","device=/dev/vda;id=/docker/fdfc0724b613bbad2b29e38f548044caa8fa5ece06aea1f7630b8b07f070b604;instance=cadvisor:8080;job=iot_service;major=254;minor=0;operation=Read","2025-11-03T15:24:23Z","0"
"container_blkio_device_usage_total","device=/dev/vda;id=/docker/fdfc0724b613bbad2b29e38f548044caa8fa5ece06aea1f7630b8b07f070b604;instance=cadvisor:8080;job=iot_service;major=254;minor=0;operation=Read","2025-11-03T15:24:38Z","0"
"container_blkio_device_usage_total","device=/dev/vda;id=/docker/fdfc0724b613bbad2b29e38f548044caa8fa5ece06aea1f7630b8b07f070b604;instance=cadvisor:8080;job=iot_service;major=254;minor=0;operation=Read","2025-11-03T15:24:53Z","0"
"container_blkio_device_usage_total","device=/dev/vda;id=/docker/fdfc0724b613bbad2b29e38f548044caa8fa5ece06aea1f7630b8b07f070b604;instance=cadvisor:8080;job=iot_service;major=254;minor=0;operation=Read","2025-11-03T15:25:08Z","0"
"container_blkio_device_usage_total","device=/dev/vda;id=/docker/fdfc0724b613bbad2b29e38f548044caa8fa5ece06aea1f7630b8b07f070b604;instance=cadvisor:8080;job=iot_service;major=254;minor=0;operation=Read","2025-11-03T15:25:23Z","0"
"container_blkio_device_usage_total","device=/dev/vda;id=/docker/fdfc0724b613bbad2b29e38f548044caa8fa5ece06aea1f7630b8b07f070b604;instance=cadvisor:8080;job=iot_service;major=254;minor=0;operation=Read","2025-11-03T15:25:38Z","0"
"container_blkio_device_usage_total","device=/dev/vda;id=/docker/fdfc0724b613bbad2b29e38f548044caa8fa5ece06aea1f7630b8b07f070b604;instance=cadvisor:8080;job=iot_service;major=254;minor=0;operation=Read","2025-11-03T15:25:53Z","0"
"container_blkio_device_usage_total","device=/dev/vda;id=/docker/fdfc0724b613bbad2b29e38f548044caa8fa5ece06aea1f7630b8b07f070b604;instance=cadvisor:8080;job=iot_service;major=254;minor=0;operation=Read","2025-11-03T15:26:08Z","0"
"container_blkio_device_usage_total","device=/dev/vda;id=/docker/fdfc0724b613bbad2b29e38f548044caa8fa5ece06aea1f7630b8b07f070b604;instance=cadvisor:8080;job=iot_service;major=254;minor=0;operation=Read","2025-11-03T15:26:23Z","0"
"container_blkio_device_usage_total","device=/dev/vda;id=/docker/fdfc0724b613bbad2b29e38f548044caa8fa5ece06aea1f7630b8b07f070b604;instance=cadvisor:8080;job=iot_service;major=254;minor=0;operation=Read","2025-11-03T15:26:38Z","0"
"container_blkio_device_usage_total","device=/dev/vda;id=/docker/fdfc0724b613bbad2b29e38f548044caa8fa5ece06aea1f7630b8b07f070b604;instance=cadvisor:8080;job=iot_service;major=254;minor=0;operation=Read","2025-11-03T15:26:53Z","0"
"container_blkio_device_usage_total","device=/dev/vda;id=/docker/fdfc0724b613bbad2b29e38f548044caa8fa5ece06aea1f7630b8b07f070b604;instance=cadvisor:8080;job=iot_service;major=254;minor=0;operation=Read","2025-11-03T15:27:08Z","212.66874350986498"
"container_blkio_device_usage_total","device=/dev/vda;id=/docker/fdfc0724b613bbad2b29e38f548044caa8fa5ece06aea1f7630b8b07f070b604;instance=cadvisor:8080;job=iot_service;major=254;minor=0;operation=Read","2025-11-03T15:27:23Z","206.80601837826924"
"container_blkio_device_usage_total","device=/dev/vda;id=/docker/fdfc0724b613bbad2b29e38f548044caa8fa5ece06aea1f7630b8b07f070b604;instance=cadvisor:8080;job=iot_service;major=254;minor=0;operation=Read","2025-11-03T15:27:38Z","208.96537650499965"
"container_blkio_device_usage_total","device=/dev/vda;id=/docker/fdfc0724b613bbad2b29e38f548044caa8fa5ece06aea1f7630b8b07f070b604;instance=cadvisor:8080;job=iot_service;major=254;minor=0;operation=Read","2025-11-03T15:27:53Z","212.47752109558724"
"container_blkio_device_usage_total","device=/dev/vda;id=/docker/fdfc0724b613bbad2b29e38f548044caa8fa5ece06aea1f7630b8b07f070b604;instance=cadvisor:8080;job=iot_service;major=254;minor=0;operation=Read","2025-11-03T15:28:08Z","0"
"container_blkio_device_usage_total","device=/dev/vda;id=/docker/fdfc0724b613bbad2b29e38f548044caa8fa5ece06aea1f7630b8b07f070b604;instance=cadvisor:8080;job=iot_service;major=254;minor=0;operation=Read","2025-11-03T15:28:23Z","0"
"container_blkio_device_usage_total","device=/dev/vda;id=/docker/fdfc0724b613bbad2b29e38f548044caa8fa5ece06aea1f7630b8b07f070b604;instance=cadvisor:8080;job=iot_service;major=254;minor=0;operation=Read","2025-11-03T15:28:38Z","0"
"container_blkio_device_usage_total","device=/dev/vda;id=/docker/fdfc0724b613bbad2b29e38f548044caa8fa5ece06aea1f7630b8b07f070b604;instance=cadvisor:8080;job=iot_service;major=254;minor=0;operation=Read","2025-11-03T15:28:53Z","0"
"container_blkio_device_usage_total","device=/dev/vda;id=/docker/fdfc0724b613bbad2b29e38f548044caa8fa5ece06aea1f7630b8b07f070b604;instance=cadvisor:8080;job=iot_service;major=254;minor=0;operation=Read","2025-11-03T15:29:08Z","350.7870441738178"
"container_blkio_device_usage_total","device=/dev/vda;id=/docker/fdfc0724b613bbad2b29e38f548044caa8fa5ece06aea1f7630b8b07f070b604;instance=cadvisor:8080;job=iot_service;major=254;minor=0;operation=Write","2025-11-03T15:22:08Z","0"
"container_blkio_device_usage_total","device=/dev/vda;id=/docker/fdfc0724b613bbad2b29e38f548044caa8fa5ece06aea1f7630b8b07f070b604;instance=cadvisor:8080;job=iot_service;major=254;minor=0;operation=Write","2025-11-03T15:22:23Z","0"
"container_blkio_device_usage_total","device=/dev/vda;id=/docker/fdfc0724b613bbad2b29e38f548044caa8fa5ece06aea1f7630b8b07f070b604;instance=cadvisor:8080;job=iot_service;major=254;minor=0;operation=Write","2025-11-03T15:22:38Z","0"
"container_blkio_device_usage_total","device=/dev/vda;id=/docker/fdfc0724b613bbad2b29e38f548044caa8fa5ece06aea1f7630b8b07f070b604;instance=cadvisor:8080;job=iot_service;major=254;minor=0;operation=Write","2025-11-03T15:22:53Z","0"
"container_blkio_device_usage_total","device=/dev/vda;id=/docker/fdfc0724b613bbad2b29e38f548044caa8fa5ece06aea1f7630b8b07f070b604;instance=cadvisor:8080;job=iot_service;major=254;minor=0;operation=Write","2025-11-03T15:23:08Z","0"
"container_blkio_device_usage_total","device=/dev/vda;id=/docker/fdfc0724b613bbad2b29e38f548044caa8fa5ece06aea1f7630b8b07f070b604;instance=cadvisor:8080;job=iot_service;major=254;minor=0;operation=Write","2025-11-03T15:23:23Z","0"
"container_blkio_device_usage_total","device=/dev/vda;id=/docker/fdfc0724b613bbad2b29e38f548044caa8fa5ece06aea1f7630b8b07f070b604;instance=cadvisor:8080;job=iot_service;major=254;minor=0;operation=Write","2025-11-03T15:23:38Z","0"
"container_blkio_device_usage_total","device=/dev/vda;id=/docker/fdfc0724b613bbad2b29e38f548044caa8fa5ece06aea1f7630b8b07f070b604;instance=cadvisor:8080;job=iot_service;major=254;minor=0;operation=Write","2025-11-03T15:23:53Z","0"
"container_blkio_device_usage_total","device=/dev/vda;id=/docker/fdfc0724b613bbad2b29e38f548044caa8fa5ece06aea1f7630b8b07f070b604;instance=cadvisor:8080;job=iot_service;major=254;minor=0;operation=Write","2025-11-03T15:24:08Z","0"
"container_blkio_device_usage_total","device=/dev/vda;id=/docker/fdfc0724b613bbad2b29e38f548044caa8fa5ece06aea1f7630b8b07f070b604;instance=cadvisor:8080;job=iot_service;major=254;minor=0;operation=Write","2025-11-03T15:24:23Z","0"
"container_blkio_device_usage_total","device=/dev/vda;id=/docker/fdfc0724b613bbad2b29e38f548044caa8fa5ece06aea1f7630b8b07f070b604;instance=cadvisor:8080;job=iot_service;major=254;minor=0;operation=Write","2025-11-03T15:24:38Z","0"
"container_blkio_device_usage_total","device=/dev/vda;id=/docker/fdfc0724b613bbad2b29e38f548044caa8fa5ece06aea1f7630b8b07f070b604;instance=cadvisor:8080;job=iot_service;major=254;minor=0;operation=Write","2025-11-03T15:24:53Z","0"
"container_blkio_device_usage_total","device=/dev/vda;id=/docker/fdfc0724b613bbad2b29e38f548044caa8fa5ece06aea1f7630b8b07f070b604;instance=cadvisor:8080;job=iot_service;major=254;minor=0;operation=Write","2025-11-03T15:25:08Z","0"
"container_blkio_device_usage_total","device=/dev/vda;id=/docker/fdfc0724b613bbad2b29e38f548044caa8fa5ece06aea1f7630b8b07f070b604;instance=cadvisor:8080;job=iot_service;major=254;minor=0;operation=Write","2025-11-03T15:25:23Z","0"
"container_blkio_device_usage_total","device=/dev/vda;id=/docker/fdfc0724b613bbad2b29e38f548044caa8fa5ece06aea1f7630b8b07f070b604;instance=cadvisor:8080;job=iot_service;major=254;minor=0;operation=Write","2025-11-03T15:25:38Z","0"
"container_blkio_device_usage_total","device=/dev/vda;id=/docker/fdfc0724b613bbad2b29e38f548044caa8fa5ece06aea1f7630b8b07f070b604;instance=cadvisor:8080;job=iot_service;major=254;minor=0;operation=Write","2025-11-03T15:25:53Z","0"
"container_blkio_device_usage_total","device=/dev/vda;id=/docker/fdfc0724b613bbad2b29e38f548044caa8fa5ece06aea1f7630b8b07f070b604;instance=cadvisor:8080;job=iot_service;major=254;minor=0;operation=Write","2025-11-03T15:26:08Z","0"
"container_blkio_device_usage_total","device=/dev/vda;id=/docker/fdfc0724b613bbad2b29e38f548044caa8fa5ece06aea1f7630b8b07f070b604;instance=cadvisor:8080;job=iot_service;major=254;minor=0;operation=Write","2025-11-03T15:26:23Z","0"
"container_blkio_device_usage_total","device=/dev/vda;id=/docker/fdfc0724b613bbad2b29e38f548044caa8fa5ece06aea1f7630b8b07f070b604;instance=cadvisor:8080;job=iot_service;major=254;minor=0;operation=Write","2025-11-03T15:26:38Z","0"
"container_blkio_device_usage_total","device=/dev/vda;id=/docker/fdfc0724b613bbad2b29e38f548044caa8fa5ece06aea1f7630b8b07f070b604;instance=cadvisor:8080;job=iot_service;major=254;minor=0;operation=Write","2025-11-03T15:26:53Z","0"
"container_blkio_device_usage_total","device=/dev/vda;id=/docker/fdfc0724b613bbad2b29e38f548044caa8fa5ece06aea1f7630b8b07f070b604;instance=cadvisor:8080;job=iot_service;major=254;minor=0;operation=Write","2025-11-03T15:27:08Z","0"
"container_blkio_device_usage_total","device=/dev/vda;id=/docker/fdfc0724b613bbad2b29e38f548044caa8fa5ece06aea1f7630b8b07f070b604;instance=cadvisor:8080;job=iot_service;major=254;minor=0;operation=Write","2025-11-03T15:27:23Z","0"
"container_blkio_device_usage_total","device=/dev/vda;id=/docker/fdfc0724b613bbad2b29e38f548044caa8fa5ece06aea1f7630b8b07f070b604;instance=cadvisor:8080;job=iot_service;major=254;minor=0;operation=Write","2025-11-03T15:27:38Z","0"
"container_blkio_device_usage_total","device=/dev/vda;id=/docker/fdfc0724b613bbad2b29e38f548044caa8fa5ece06aea1f7630b8b07f070b604;instance=cadvisor:8080;job=iot_service;major=254;minor=0;operation=Write","2025-11-03T15:27:53Z","0"
"container_blkio_device_usage_total","device=/dev/vda;id=/docker/fdfc0724b613bbad2b29e38f548044caa8fa5ece06aea1f7630b8b07f070b604;instance=cadvisor:8080;job=iot_service;major=254;minor=0;operation=Write","2025-11-03T15:28:08Z","0"
"container_blkio_device_usage_total","device=/dev/vda;id=/docker/fdfc0724b613bbad2b29e38f548044caa8fa5ece06aea1f7630b8b07f070b604;instance=cadvisor:8080;job=iot_service;major=254;minor=0;operation=Write","2025-11-03T15:28:23Z","0"
"container_blkio_device_usage_total","device=/dev/vda;id=/docker/fdfc0724b613bbad2b29e38f548044caa8fa5ece06aea1f7630b8b07f070b604;instance=cadvisor:8080;job=iot_service;major=254;minor=0;operation=Write","2025-11-03T15:28:38Z","0"
"container_blkio_device_usage_total","device=/dev/vda;id=/docker/fdfc0724b613bbad2b29e38f548044caa8fa5ece06aea1f7630b8b07f070b604;instance=cadvisor:8080;job=iot_service;major=254;minor=0;operation=Write","2025-11-03T15:28:53Z","0"
"container_blkio_device_usage_total","device=/dev/vda;id=/docker/fdfc0724b613bbad2b29e38f548044caa8fa5ece06aea1f7630b8b07f070b604;instance=cadvisor:8080;job=iot_service;major=254;minor=0;operation=Write","2025-11-03T15:29:08Z","0"
"container_blkio_device_usage_total","device=/dev/vda;id=/restricted;instance=cadvisor:8080;job=iot_service;major=254;minor=0;operation=Read","2025-11-03T15:22:08Z","0"
"container_blkio_device_usage_total","device=/dev/vda;id=/restricted;instance=cadvisor:8080;job=iot_service;major=254;minor=0;operation=Read","2025-11-03T15:22:23Z","0"
"container_blkio_device_usage_total","device=/dev/vda;id=/restricted;instance=cadvisor:8080;job=iot_service;major=254;minor=0;operation=Read","2025-11-03T15:22:38Z","0"
"container_blkio_device_usage_total","device=/dev/vda;id=/restricted;instance=cadvisor:8080;job=iot_service;major=254;minor=0;operation=Read","2025-11-03T15:22:53Z","0"
"container_blkio_device_usage_total","device=/dev/vda;id=/restricted;instance=cadvisor:8080;job=iot_service;major=254;minor=0;operation=Read","2025-11-03T15:23:08Z","0"
"container_blkio_device_usage_total","device=/dev/vda;id=/restricted;instance=cadvisor:8080;job=iot_service;major=254;minor=0;operation=Read","2025-11-03T15:23:23Z","0"
"container_blkio_device_usage_total","device=/dev/vda;id=/restricted;instance=cadvisor:8080;job=iot_service;major=254;minor=0;operation=Read","2025-11-03T15:23:38Z","0"
"container_blkio_device_usage_total","device=/dev/vda;id=/restricted;instance=cadvisor:8080;job=iot_service;major=254;minor=0;operation=Read","2025-11-03T15:23:53Z","0"
"container_blkio_device_usage_total","device=/dev/vda;id=/restricted;instance=cadvisor:8080;job=iot_service;major=254;minor=0;operation=Read","2025-11-03T15:24:08Z","0"
"container_blkio_device_usage_total","device=/dev/vda;id=/restricted;instance=cadvisor:8080;job=iot_service;major=254;minor=0;operation=Read","2025-11-03T15:24:23Z","0"
"container_blkio_device_usage_total","device=/dev/vda;id=/restricted;instance=cadvisor:8080;job=iot_service;major=254;minor=0;operation=Read","2025-11-03T15:24:38Z","0"
"container_blkio_device_usage_total","device=/dev/vda;id=/restricted;instance=cadvisor:8080;job=iot_service;major=254;minor=0;operation=Read","2025-11-03T15:24:53Z","0"
"container_blkio_device_usage_total","device=/dev/vda;id=/restricted;instance=cadvisor:8080;job=iot_service;major=254;minor=0;operation=Read","2025-11-03T15:25:08Z","0"
"container_blkio_device_usage_total","device=/dev/vda;id=/restricted;instance=cadvisor:8080;job=iot_service;major=254;minor=0;operation=Read","2025-11-03T15:25:23Z","0"
"container_blkio_device_usage_total","device=/dev/vda;id=/restricted;instance=cadvisor:8080;job=iot_service;major=254;minor=0;operation=Read","2025-11-03T15:25:38Z","0"
"container_blkio_device_usage_total","device=/dev/vda;id=/restricted;instance=cadvisor:8080;job=iot_service;major=254;minor=0;operation=Read","2025-11-03T15:25:53Z","0"
"container_blkio_device_usage_total","device=/dev/vda;id=/restricted;instance=cadvisor:8080;job=iot_service;major=254;minor=0;operation=Read","2025-11-03T15:26:08Z","0"
"container_blkio_device_usage_total","device=/dev/vda;id=/restricted;instance=cadvisor:8080;job=iot_service;major=254;minor=0;operation=Read","2025-11-03T15:26:23Z","0"
"container_blkio_device_usage_total","device=/dev/vda;id=/restricted;instance=cadvisor:8080;job=iot_service;major=254;minor=0;operation=Read","2025-11-03T15:26:38Z","0"
"container_blkio_device_usage_total","device=/dev/vda;id=/restricted;instance=cadvisor:8080;job=iot_service;major=254;minor=0;operation=Read","2025-11-03T15:26:53Z","0"
"container_blkio_device_usage_total","device=/dev/vda;id=/restricted;instance=cadvisor:8080;job=iot_service;major=254;minor=0;operation=Read","2025-11-03T15:27:08Z","0"
"container_blkio_device_usage_total","device=/dev/vda;id=/restricted;instance=cadvisor:8080;job=iot_service;major=254;minor=0;operation=Read","2025-11-03T15:27:23Z","0"
"container_blkio_device_usage_total","device=/dev/vda;id=/restricted;instance=cadvisor:8080;job=iot_service;major=254;minor=0;operation=Read","2025-11-03T15:27:38Z","0"
"container_blkio_device_usage_total","device=/dev/vda;id=/restricted;instance=cadvisor:8080;job=iot_service;major=254;minor=0;operation=Read","2025-11-03T15:27:53Z","0"
"container_blkio_device_usage_total","device=/dev/vda;id=/restricted;instance=cadvisor:8080;job=iot_service;major=254;minor=0;operation=Read","2025-11-03T15:28:08Z","0"
"container_blkio_device_usage_total","device=/dev/vda;id=/restricted;instance=cadvisor:8080;job=iot_service;major=254;minor=0;operation=Read","2025-11-03T15:28:23Z","0"
"container_blkio_device_usage_total","device=/dev/vda;id=/restricted;instance=cadvisor:8080;job=iot_service;major=254;minor=0;operation=Read","2025-11-03T15:28:38Z","0"
"container_blkio_device_usage_total","device=/dev/vda;id=/restricted;instance=cadvisor:8080;job=iot_service;major=254;minor=0;operation=Read","2025-11-03T15:28:53Z","0"
"container_blkio_device_usage_total","device=/dev/vda;id=/restricted;instance=cadvisor:8080;job=iot_service;major=254;minor=0;operation=Read","2025-11-03T15:29:08Z","0"
"container_blkio_device_usage_total","device=/dev/vda;id=/restricted;instance=cadvisor:8080;job=iot_service;major=254;minor=0;operation=Write","2025-11-03T15:22:08Z","2350.407588057585"
"container_blkio_device_usage_total","device=/dev/vda;id=/restricted;instance=cadvisor:8080;job=iot_service;major=254;minor=0;operation=Write","2025-11-03T15:22:23Z","2387.805839891638"
"container_blkio_device_usage_total","device=/dev/vda;id=/restricted;instance=cadvisor:8080;job=iot_service;major=254;minor=0;operation=Write","2025-11-03T15:22:38Z","2851.302251349791"
"container_blkio_device_usage_total","device=/dev/vda;id=/restricted;instance=cadvisor:8080;job=iot_service;major=254;minor=0;operation=Write","2025-11-03T15:22:53Z","3455.082243778996"
"container_blkio_device_usage_total","device=/dev/vda;id=/restricted;instance=cadvisor:8080;job=iot_service;major=254;minor=0;operation=Write","2025-11-03T15:23:08Z","3628.9977937216618"
"container_blkio_device_usage_total","device=/dev/vda;id=/restricted;instance=cadvisor:8080;job=iot_service;major=254;minor=0;operation=Write","2025-11-03T15:23:23Z","4369.843527738264"
"container_blkio_device_usage_total","device=/dev/vda;id=/restricted;instance=cadvisor:8080;job=iot_service;major=254;minor=0;operation=Write","2025-11-03T15:23:38Z","3956.683105394275"
"container_blkio_device_usage_total","device=/dev/vda;id=/restricted;instance=cadvisor:8080;job=iot_service;major=254;minor=0;operation=Write","2025-11-03T15:23:53Z","4237.786272928138"
"container_blkio_device_usage_total","device=/dev/vda;id=/restricted;instance=cadvisor:8080;job=iot_service;major=254;minor=0;operation=Write","2025-11-03T15:24:08Z","4002.0214952326396"
"container_blkio_device_usage_total","device=/dev/vda;id=/restricted;instance=cadvisor:8080;job=iot_service;major=254;minor=0;operation=Write","2025-11-03T15:24:23Z","3999.41031529245"
"container_blkio_device_usage_total","device=/dev/vda;id=/restricted;instance=cadvisor:8080;job=iot_service;major=254;minor=0;operation=Write","2025-11-03T15:24:38Z","3976.767974479446"
"container_blkio_device_usage_total","device=/dev/vda;id=/restricted;instance=cadvisor:8080;job=iot_service;major=254;minor=0;operation=Write","2025-11-03T15:24:53Z","4318.867261376759"
"container_blkio_device_usage_total","device=/dev/vda;id=/restricted;instance=cadvisor:8080;job=iot_service;major=254;minor=0;operation=Write","2025-11-03T15:25:08Z","3797.103477226615"
"container_blkio_device_usage_total","device=/dev/vda;id=/restricted;instance=cadvisor:8080;job=iot_service;major=254;minor=0;operation=Write","2025-11-03T15:25:23Z","3755.8200743746925"
"container_blkio_device_usage_total","device=/dev/vda;id=/restricted;instance=cadvisor:8080;job=iot_service;major=254;minor=0;operation=Write","2025-11-03T15:25:38Z","4269.679545378123"
"container_blkio_device_usage_total","device=/dev/vda;id=/restricted;instance=cadvisor:8080;job=iot_service;major=254;minor=0;operation=Write","2025-11-03T15:25:53Z","2653.9646959932757"
"container_blkio_device_usage_total","device=/dev/vda;id=/restricted;instance=cadvisor:8080;job=iot_service;major=254;minor=0;operation=Write","2025-11-03T15:26:08Z","3001.1416497691143"
"container_blkio_device_usage_total","device=/dev/vda;id=/restricted;instance=cadvisor:8080;job=iot_service;major=254;minor=0;operation=Write","2025-11-03T15:26:23Z","1760.8116241079874"
"container_blkio_device_usage_total","device=/dev/vda;id=/restricted;instance=cadvisor:8080;job=iot_service;major=254;minor=0;operation=Write","2025-11-03T15:26:38Z","2761.825726141079"
"container_blkio_device_usage_total","device=/dev/vda;id=/restricted;instance=cadvisor:8080;job=iot_service;major=254;minor=0;operation=Write","2025-11-03T15:26:53Z","3818.0462341536163"
"container_blkio_device_usage_total","device=/dev/vda;id=/restricted;instance=cadvisor:8080;job=iot_service;major=254;minor=0;operation=Write","2025-11-03T15:27:08Z","2943.709052012301"
"container_blkio_device_usage_total","device=/dev/vda;id=/restricted;instance=cadvisor:8080;job=iot_service;major=254;minor=0;operation=Write","2025-11-03T15:27:23Z","3001.243929453864"
"container_blkio_device_usage_total","device=/dev/vda;id=/restricted;instance=cadvisor:8080;job=iot_service;major=254;minor=0;operation=Write","2025-11-03T15:27:38Z","4022.0769986117216"
"container_blkio_device_usage_total","device=/dev/vda;id=/restricted;instance=cadvisor:8080;job=iot_service;major=254;minor=0;operation=Write","2025-11-03T15:27:53Z","2930.6984667802385"
"container_blkio_device_usage_total","device=/dev/vda;id=/restricted;instance=cadvisor:8080;job=iot_service;major=254;minor=0;operation=Write","2025-11-03T15:28:08Z","2961.167722390526"
"container_blkio_device_usage_total","device=/dev/vda;id=/restricted;instance=cadvisor:8080;job=iot_service;major=254;minor=0;operation=Write","2025-11-03T15:28:23Z","3945.916711736074"
"container_blkio_device_usage_total","device=/dev/vda;id=/restricted;instance=cadvisor:8080;job=iot_service;major=254;minor=0;operation=Write","2025-11-03T15:28:38Z","2916.973528798722"
"container_blkio_device_usage_total","device=/dev/vda;id=/restricted;instance=cadvisor:8080;job=iot_service;major=254;minor=0;operation=Write","2025-11-03T15:28:53Z","2869.278814865478"
"container_blkio_device_usage_total","device=/dev/vda;id=/restricted;instance=cadvisor:8080;job=iot_service;major=254;minor=0;operation=Write","2025-11-03T15:29:08Z","3803.48391312572"
"container_blkio_device_usage_total","device=/dev/vdb;id=/;instance=cadvisor:8080;job=iot_service;major=254;minor=16;operation=Read","2025-11-03T15:22:08Z","3122.63879241703"
"container_blkio_device_usage_total","device=/dev/vdb;id=/;instance=cadvisor:8080;job=iot_service;major=254;minor=16;operation=Read","2025-11-03T15:22:23Z","2398.126463700235"
"container_blkio_device_usage_total","device=/dev/vdb;id=/;instance=cadvisor:8080;job=iot_service;major=254;minor=16;operation=Read","2025-11-03T15:22:38Z","2386.66004010214"
"container_blkio_device_usage_total","device=/dev/vdb;id=/;instance=cadvisor:8080;job=iot_service;major=254;minor=16;operation=Read","2025-11-03T15:22:53Z","4654.545454545455"
"container_blkio_device_usage_total","device=/dev/vdb;id=/;instance=cadvisor:8080;job=iot_service;major=254;minor=16;operation=Read","2025-11-03T15:23:08Z","4721.036638608502"
"container_blkio_device_usage_total","device=/dev/vdb;id=/;instance=cadvisor:8080;job=iot_service;major=254;minor=16;operation=Read","2025-11-03T15:23:23Z","2241.9650035064915"
"container_blkio_device_usage_total","device=/dev/vdb;id=/;instance=cadvisor:8080;job=iot_service;major=254;minor=16;operation=Read","2025-11-03T15:23:38Z","2220.6560043372187"
"container_blkio_device_usage_total","device=/dev/vdb;id=/;instance=cadvisor:8080;job=iot_service;major=254;minor=16;operation=Read","2025-11-03T15:23:53Z","0"
"container_blkio_device_usage_total","device=/dev/vdb;id=/;instance=cadvisor:8080;job=iot_service;major=254;minor=16;operation=Read","2025-11-03T15:24:08Z","0"
"container_blkio_device_usage_total","device=/dev/vdb;id=/;instance=cadvisor:8080;job=iot_service;major=254;minor=16;operation=Read","2025-11-03T15:24:23Z","0"
"container_blkio_device_usage_total","device=/dev/vdb;id=/;instance=cadvisor:8080;job=iot_service;major=254;minor=16;operation=Read","2025-11-03T15:24:38Z","0"
"container_blkio_device_usage_total","device=/dev/vdb;id=/;instance=cadvisor:8080;job=iot_service;major=254;minor=16;operation=Read","2025-11-03T15:24:53Z","138.46627490246175"
"container_blkio_device_usage_total","device=/dev/vdb;id=/;instance=cadvisor:8080;job=iot_service;major=254;minor=16;operation=Read","2025-11-03T15:25:08Z","140.55666928515316"
"container_blkio_device_usage_total","device=/dev/vdb;id=/;instance=cadvisor:8080;job=iot_service;major=254;minor=16;operation=Read","2025-11-03T15:25:23Z","141.72519982007543"
"container_blkio_device_usage_total","device=/dev/vdb;id=/;instance=cadvisor:8080;job=iot_service;major=254;minor=16;operation=Read","2025-11-03T15:25:38Z","0"
"container_blkio_device_usage_total","device=/dev/vdb;id=/;instance=cadvisor:8080;job=iot_service;major=254;minor=16;operation=Read","2025-11-03T15:25:53Z","0"
"container_blkio_device_usage_total","device=/dev/vdb;id=/;instance=cadvisor:8080;job=iot_service;major=254;minor=16;operation=Read","2025-11-03T15:26:08Z","0"
"container_blkio_device_usage_total","device=/dev/vdb;id=/;instance=cadvisor:8080;job=iot_service;major=254;minor=16;operation=Read","2025-11-03T15:26:23Z","0"
"container_blkio_device_usage_total","device=/dev/vdb;id=/;instance=cadvisor:8080;job=iot_service;major=254;minor=16;operation=Read","2025-11-03T15:26:38Z","0"
"container_blkio_device_usage_total","device=/dev/vdb;id=/;instance=cadvisor:8080;job=iot_service;major=254;minor=16;operation=Read","2025-11-03T15:26:53Z","0"
"container_blkio_device_usage_total","device=/dev/vdb;id=/;instance=cadvisor:8080;job=iot_service;major=254;minor=16;operation=Read","2025-11-03T15:27:08Z","0"
"container_blkio_device_usage_total","device=/dev/vdb;id=/;instance=cadvisor:8080;job=iot_service;major=254;minor=16;operation=Read","2025-11-03T15:27:23Z","0"
"container_blkio_device_usage_total","device=/dev/vdb;id=/;instance=cadvisor:8080;job=iot_service;major=254;minor=16;operation=Read","2025-11-03T15:27:38Z","2190.147647302332"
"container_blkio_device_usage_total","device=/dev/vdb;id=/;instance=cadvisor:8080;job=iot_service;major=254;minor=16;operation=Read","2025-11-03T15:27:53Z","2205.899725513359"
"container_blkio_device_usage_total","device=/dev/vdb;id=/;instance=cadvisor:8080;job=iot_service;major=254;minor=16;operation=Read","2025-11-03T15:28:08Z","2164.093124723046"
"container_blkio_device_usage_total","device=/dev/vdb;id=/;instance=cadvisor:8080;job=iot_service;major=254;minor=16;operation=Read","2025-11-03T15:28:23Z","2164.7572285870156"
"container_blkio_device_usage_total","device=/dev/vdb;id=/;instance=cadvisor:8080;job=iot_service;major=254;minor=16;operation=Read","2025-11-03T15:28:38Z","0"
"container_blkio_device_usage_total","device=/dev/vdb;id=/;instance=cadvisor:8080;job=iot_service;major=254;minor=16;operation=Read","2025-11-03T15:28:53Z","0"
"container_blkio_device_usage_total","device=/dev/vdb;id=/;instance=cadvisor:8080;job=iot_service;major=254;minor=16;operation=Read","2025-11-03T15:29:08Z","0"
"container_blkio_device_usage_total","device=/dev/vdb;id=/;instance=cadvisor:8080;job=iot_service;major=254;minor=16;operation=Write","2025-11-03T15:22:08Z","0"
"container_blkio_device_usage_total","device=/dev/vdb;id=/;instance=cadvisor:8080;job=iot_service;major=254;minor=16;operation=Write","2025-11-03T15:22:23Z","0"
"container_blkio_device_usage_total","device=/dev/vdb;id=/;instance=cadvisor:8080;job=iot_service;major=254;minor=16;operation=Write","2025-11-03T15:22:38Z","0"
"container_blkio_device_usage_total","device=/dev/vdb;id=/;instance=cadvisor:8080;job=iot_service;major=254;minor=16;operation=Write","2025-11-03T15:22:53Z","0"
"container_blkio_device_usage_total","device=/dev/vdb;id=/;instance=cadvisor:8080;job=iot_service;major=254;minor=16;operation=Write","2025-11-03T15:23:08Z","0"
"container_blkio_device_usage_total","device=/dev/vdb;id=/;instance=cadvisor:8080;job=iot_service;major=254;minor=16;operation=Write","2025-11-03T15:23:23Z","0"
"container_blkio_device_usage_total","device=/dev/vdb;id=/;instance=cadvisor:8080;job=iot_service;major=254;minor=16;operation=Write","2025-11-03T15:23:38Z","0"
"container_blkio_device_usage_total","device=/dev/vdb;id=/;instance=cadvisor:8080;job=iot_service;major=254;minor=16;operation=Write","2025-11-03T15:23:53Z","0"
"container_blkio_device_usage_total","device=/dev/vdb;id=/;instance=cadvisor:8080;job=iot_service;major=254;minor=16;operation=Write","2025-11-03T15:24:08Z","0"
"container_blkio_device_usage_total","device=/dev/vdb;id=/;instance=cadvisor:8080;job=iot_service;major=254;minor=16;operation=Write","2025-11-03T15:24:23Z","0"
"container_blkio_device_usage_total","device=/dev/vdb;id=/;instance=cadvisor:8080;job=iot_service;major=254;minor=16;operation=Write","2025-11-03T15:24:38Z","0"
"container_blkio_device_usage_total","device=/dev/vdb;id=/;instance=cadvisor:8080;job=iot_service;major=254;minor=16;operation=Write","2025-11-03T15:24:53Z","0"
"container_blkio_device_usage_total","device=/dev/vdb;id=/;instance=cadvisor:8080;job=iot_service;major=254;minor=16;operation=Write","2025-11-03T15:25:08Z","0"
"container_blkio_device_usage_total","device=/dev/vdb;id=/;instance=cadvisor:8080;job=iot_service;major=254;minor=16;operation=Write","2025-11-03T15:25:23Z","0"
"container_blkio_device_usage_total","device=/dev/vdb;id=/;instance=cadvisor:8080;job=iot_service;major=254;minor=16;operation=Write","2025-11-03T15:25:38Z","0"
"container_blkio_device_usage_total","device=/dev/vdb;id=/;instance=cadvisor:8080;job=iot_service;major=254;minor=16;operation=Write","2025-11-03T15:25:53Z","0"
"container_blkio_device_usage_total","device=/dev/vdb;id=/;instance=cadvisor:8080;job=iot_service;major=254;minor=16;operation=Write","2025-11-03T15:26:08Z","0"
"container_blkio_device_usage_total","device=/dev/vdb;id=/;instance=cadvisor:8080;job=iot_service;major=254;minor=16;operation=Write","2025-11-03T15:26:23Z","0"
"container_blkio_device_usage_total","device=/dev/vdb;id=/;instance=cadvisor:8080;job=iot_service;major=254;minor=16;operation=Write","2025-11-03T15:26:38Z","0"
"container_blkio_device_usage_total","device=/dev/vdb;id=/;instance=cadvisor:8080;job=iot_service;major=254;minor=16;operation=Write","2025-11-03T15:26:53Z","0"
"container_blkio_device_usage_total","device=/dev/vdb;id=/;instance=cadvisor:8080;job=iot_service;major=254;minor=16;operation=Write","2025-11-03T15:27:08Z","0"
"container_blkio_device_usage_total","device=/dev/vdb;id=/;instance=cadvisor:8080;job=iot_service;major=254;minor=16;operation=Write","2025-11-03T15:27:23Z","0"
"container_blkio_device_usage_total","device=/dev/vdb;id=/;instance=cadvisor:8080;job=iot_service;major=254;minor=16;operation=Write","2025-11-03T15:27:38Z","0"
"container_blkio_device_usage_total","device=/dev/vdb;id=/;instance=cadvisor:8080;job=iot_service;major=254;minor=16;operation=Write","2025-11-03T15:27:53Z","0"
"container_blkio_device_usage_total","device=/dev/vdb;id=/;instance=cadvisor:8080;job=iot_service;major=254;minor=16;operation=Write","2025-11-03T15:28:08Z","0"
"container_blkio_device_usage_total","device=/dev/vdb;id=/;instance=cadvisor:8080;job=iot_service;major=254;minor=16;operation=Write","2025-11-03T15:28:23Z","0"
"container_blkio_device_usage_total","device=/dev/vdb;id=/;instance=cadvisor:8080;job=iot_service;major=254;minor=16;operation=Write","2025-11-03T15:28:38Z","0"
"container_blkio_device_usage_total","device=/dev/vdb;id=/;instance=cadvisor:8080;job=iot_service;major=254;minor=16;operation=Write","2025-11-03T15:28:53Z","0"
"container_blkio_device_usage_total","device=/dev/vdb;id=/;instance=cadvisor:8080;job=iot_service;major=254;minor=16;operation=Write","2025-11-03T15:29:08Z","0"
"container_blkio_device_usage_total","device=/dev/vdb;id=/docker;instance=cadvisor:8080;job=iot_service;major=254;minor=16;operation=Read","2025-11-03T15:22:08Z","0"
"container_blkio_device_usage_total","device=/dev/vdb;id=/docker;instance=cadvisor:8080;job=iot_service;major=254;minor=16;operation=Read","2025-11-03T15:22:23Z","0"
"container_blkio_device_usage_total","device=/dev/vdb;id=/docker;instance=cadvisor:8080;job=iot_service;major=254;minor=16;operation=Read","2025-11-03T15:22:38Z","0"
"container_blkio_device_usage_total","device=/dev/vdb;id=/docker;instance=cadvisor:8080;job=iot_service;major=254;minor=16;operation=Read","2025-11-03T15:22:53Z","0"
"container_blkio_device_usage_total","device=/dev/vdb;id=/docker;instance=cadvisor:8080;job=iot_service;major=254;minor=16;operation=Read","2025-11-03T15:23:08Z","0"
"container_blkio_device_usage_total","device=/dev/vdb;id=/docker;instance=cadvisor:8080;job=iot_service;major=254;minor=16;operation=Read","2025-11-03T15:23:23Z","0"
"container_blkio_device_usage_total","device=/dev/vdb;id=/docker;instance=cadvisor:8080;job=iot_service;major=254;minor=16;operation=Read","2025-11-03T15:23:38Z","0"
"container_blkio_device_usage_total","device=/dev/vdb;id=/docker;instance=cadvisor:8080;job=iot_service;major=254;minor=16;operation=Read","2025-11-03T15:23:53Z","0"
"container_blkio_device_usage_total","device=/dev/vdb;id=/docker;instance=cadvisor:8080;job=iot_service;major=254;minor=16;operation=Read","2025-11-03T15:24:08Z","0"
"container_blkio_device_usage_total","device=/dev/vdb;id=/docker;instance=cadvisor:8080;job=iot_service;major=254;minor=16;operation=Read","2025-11-03T15:24:23Z","0"
"container_blkio_device_usage_total","device=/dev/vdb;id=/docker;instance=cadvisor:8080;job=iot_service;major=254;minor=16;operation=Read","2025-11-03T15:24:38Z","0"
"container_blkio_device_usage_total","device=/dev/vdb;id=/docker;instance=cadvisor:8080;job=iot_service;major=254;minor=16;operation=Read","2025-11-03T15:24:53Z","0"
"container_blkio_device_usage_total","device=/dev/vdb;id=/docker;instance=cadvisor:8080;job=iot_service;major=254;minor=16;operation=Read","2025-11-03T15:25:08Z","0"
"container_blkio_device_usage_total","device=/dev/vdb;id=/docker;instance=cadvisor:8080;job=iot_service;major=254;minor=16;operation=Read","2025-11-03T15:25:23Z","0"
"container_blkio_device_usage_total","device=/dev/vdb;id=/docker;instance=cadvisor:8080;job=iot_service;major=254;minor=16;operation=Read","2025-11-03T15:25:38Z","0"
"container_blkio_device_usage_total","device=/dev/vdb;id=/docker;instance=cadvisor:8080;job=iot_service;major=254;minor=16;operation=Read","2025-11-03T15:25:53Z","0"
"container_blkio_device_usage_total","device=/dev/vdb;id=/docker;instance=cadvisor:8080;job=iot_service;major=254;minor=16;operation=Read","2025-11-03T15:26:08Z","0"
"container_blkio_device_usage_total","device=/dev/vdb;id=/docker;instance=cadvisor:8080;job=iot_service;major=254;minor=16;operation=Read","2025-11-03T15:26:23Z","0"
"container_blkio_device_usage_total","device=/dev/vdb;id=/docker;instance=cadvisor:8080;job=iot_service;major=254;minor=16;operation=Read","2025-11-03T15:26:38Z","0"
"container_blkio_device_usage_total","device=/dev/vdb;id=/docker;instance=cadvisor:8080;job=iot_service;major=254;minor=16;operation=Read","2025-11-03T15:26:53Z","0"
"container_blkio_device_usage_total","device=/dev/vdb;id=/docker;instance=cadvisor:8080;job=iot_service;major=254;minor=16;operation=Read","2025-11-03T15:27:08Z","0"
"container_blkio_device_usage_total","device=/dev/vdb;id=/docker;instance=cadvisor:8080;job=iot_service;major=254;minor=16;operation=Read","2025-11-03T15:27:23Z","0"
"container_blkio_device_usage_total","device=/dev/vdb;id=/docker;instance=cadvisor:8080;job=iot_service;major=254;minor=16;operation=Read","2025-11-03T15:27:38Z","0"
"container_blkio_device_usage_total","device=/dev/vdb;id=/docker;instance=cadvisor:8080;job=iot_service;major=254;minor=16;operation=Read","2025-11-03T15:27:53Z","0"
"container_blkio_device_usage_total","device=/dev/vdb;id=/docker;instance=cadvisor:8080;job=iot_service;major=254;minor=16;operation=Read","2025-11-03T15:28:08Z","0"
"container_blkio_device_usage_total","device=/dev/vdb;id=/docker;instance=cadvisor:8080;job=iot_service;major=254;minor=16;operation=Read","2025-11-03T15:28:23Z","0"
"container_blkio_device_usage_total","device=/dev/vdb;id=/docker;instance=cadvisor:8080;job=iot_service;major=254;minor=16;operation=Read","2025-11-03T15:28:38Z","0"
"container_blkio_device_usage_total","device=/dev/vdb;id=/docker;instance=cadvisor:8080;job=iot_service;major=254;minor=16;operation=Read","2025-11-03T15:28:53Z","0"
"container_blkio_device_usage_total","device=/dev/vdb;id=/docker;instance=cadvisor:8080;job=iot_service;major=254;minor=16;operation=Read","2025-11-03T15:29:08Z","0"
"container_blkio_device_usage_total","device=/dev/vdb;id=/docker;instance=cadvisor:8080;job=iot_service;major=254;minor=16;operation=Write","2025-11-03T15:22:08Z","0"
"container_blkio_device_usage_total","device=/dev/vdb;id=/docker;instance=cadvisor:8080;job=iot_service;major=254;minor=16;operation=Write","2025-11-03T15:22:23Z","0"
"container_blkio_device_usage_total","device=/dev/vdb;id=/docker;instance=cadvisor:8080;job=iot_service;major=254;minor=16;operation=Write","2025-11-03T15:22:38Z","0"
"container_blkio_device_usage_total","device=/dev/vdb;id=/docker;instance=cadvisor:8080;job=iot_service;major=254;minor=16;operation=Write","2025-11-03T15:22:53Z","0"
"container_blkio_device_usage_total","device=/dev/vdb;id=/docker;instance=cadvisor:8080;job=iot_service;major=254;minor=16;operation=Write","2025-11-03T15:23:08Z","0"
"container_blkio_device_usage_total","device=/dev/vdb;id=/docker;instance=cadvisor:8080;job=iot_service;major=254;minor=16;operation=Write","2025-11-03T15:23:23Z","0"
"container_blkio_device_usage_total","device=/dev/vdb;id=/docker;instance=cadvisor:8080;job=iot_service;major=254;minor=16;operation=Write","2025-11-03T15:23:38Z","0"
"container_blkio_device_usage_total","device=/dev/vdb;id=/docker;instance=cadvisor:8080;job=iot_service;major=254;minor=16;operation=Write","2025-11-03T15:23:53Z","0"
"container_blkio_device_usage_total","device=/dev/vdb;id=/docker;instance=cadvisor:8080;job=iot_service;major=254;minor=16;operation=Write","2025-11-03T15:24:08Z","0"
"container_blkio_device_usage_total","device=/dev/vdb;id=/docker;instance=cadvisor:8080;job=iot_service;major=254;minor=16;operation=Write","2025-11-03T15:24:23Z","0"
"container_blkio_device_usage_total","device=/dev/vdb;id=/docker;instance=cadvisor:8080;job=iot_service;major=254;minor=16;operation=Write","2025-11-03T15:24:38Z","0"
"container_blkio_device_usage_total","device=/dev/vdb;id=/docker;instance=cadvisor:8080;job=iot_service;major=254;minor=16;operation=Write","2025-11-03T15:24:53Z","0"
"container_blkio_device_usage_total","device=/dev/vdb;id=/docker;instance=cadvisor:8080;job=iot_service;major=254;minor=16;operation=Write","2025-11-03T15:25:08Z","0"
"container_blkio_device_usage_total","device=/dev/vdb;id=/docker;instance=cadvisor:8080;job=iot_service;major=254;minor=16;operation=Write","2025-11-03T15:25:23Z","0"
"container_blkio_device_usage_total","device=/dev/vdb;id=/docker;instance=cadvisor:8080;job=iot_service;major=254;minor=16;operation=Write","2025-11-03T15:25:38Z","0"
"container_blkio_device_usage_total","device=/dev/vdb;id=/docker;instance=cadvisor:8080;job=iot_service;major=254;minor=16;operation=Write","2025-11-03T15:25:53Z","0"
"container_blkio_device_usage_total","device=/dev/vdb;id=/docker;instance=cadvisor:8080;job=iot_service;major=254;minor=16;operation=Write","2025-11-03T15:26:08Z","0"
"container_blkio_device_usage_total","device=/dev/vdb;id=/docker;instance=cadvisor:8080;job=iot_service;major=254;minor=16;operation=Write","2025-11-03T15:26:23Z","0"
"container_blkio_device_usage_total","device=/dev/vdb;id=/docker;instance=cadvisor:8080;job=iot_service;major=254;minor=16;operation=Write","2025-11-03T15:26:38Z","0"
"container_blkio_device_usage_total","device=/dev/vdb;id=/docker;instance=cadvisor:8080;job=iot_service;major=254;minor=16;operation=Write","2025-11-03T15:26:53Z","0"
"container_blkio_device_usage_total","device=/dev/vdb;id=/docker;instance=cadvisor:8080;job=iot_service;major=254;minor=16;operation=Write","2025-11-03T15:27:08Z","0"
"container_blkio_device_usage_total","device=/dev/vdb;id=/docker;instance=cadvisor:8080;job=iot_service;major=254;minor=16;operation=Write","2025-11-03T15:27:23Z","0"
"container_blkio_device_usage_total","device=/dev/vdb;id=/docker;instance=cadvisor:8080;job=iot_service;major=254;minor=16;operation=Write","2025-11-03T15:27:38Z","0"
"container_blkio_device_usage_total","device=/dev/vdb;id=/docker;instance=cadvisor:8080;job=iot_service;major=254;minor=16;operation=Write","2025-11-03T15:27:53Z","0"
"container_blkio_device_usage_total","device=/dev/vdb;id=/docker;instance=cadvisor:8080;job=iot_service;major=254;minor=16;operation=Write","2025-11-03T15:28:08Z","0"
"container_blkio_device_usage_total","device=/dev/vdb;id=/docker;instance=cadvisor:8080;job=iot_service;major=254;minor=16;operation=Write","2025-11-03T15:28:23Z","0"
"container_blkio_device_usage_total","device=/dev/vdb;id=/docker;instance=cadvisor:8080;job=iot_service;major=254;minor=16;operation=Write","2025-11-03T15:28:38Z","0"
"container_blkio_device_usage_total","device=/dev/vdb;id=/docker;instance=cadvisor:8080;job=iot_service;major=254;minor=16;operation=Write","2025-11-03T15:28:53Z","0"
"container_blkio_device_usage_total","device=/dev/vdb;id=/docker;instance=cadvisor:8080;job=iot_service;major=254;minor=16;operation=Write","2025-11-03T15:29:08Z","0"
"container_blkio_device_usage_total","device=/dev/vdb;id=/docker/9357bf7a39a4a40bf5572c94c83c4e58365c64d88867c91419856c99194e166d;instance=cadvisor:8080;job=iot_service;major=254;minor=16;operation=Read","2025-11-03T15:22:08Z","0"
"container_blkio_device_usage_total","device=/dev/vdb;id=/docker/9357bf7a39a4a40bf5572c94c83c4e58365c64d88867c91419856c99194e166d;instance=cadvisor:8080;job=iot_service;major=254;minor=16;operation=Read","2025-11-03T15:22:23Z","0"
"container_blkio_device_usage_total","device=/dev/vdb;id=/docker/9357bf7a39a4a40bf5572c94c83c4e58365c64d88867c91419856c99194e166d;instance=cadvisor:8080;job=iot_service;major=254;minor=16;operation=Read","2025-11-03T15:22:38Z","0"
"container_blkio_device_usage_total","device=/dev/vdb;id=/docker/9357bf7a39a4a40bf5572c94c83c4e58365c64d88867c91419856c99194e166d;instance=cadvisor:8080;job=iot_service;major=254;minor=16;operation=Read","2025-11-03T15:22:53Z","0"
"container_blkio_device_usage_total","device=/dev/vdb;id=/docker/9357bf7a39a4a40bf5572c94c83c4e58365c64d88867c91419856c99194e166d;instance=cadvisor:8080;job=iot_service;major=254;minor=16;operation=Read","2025-11-03T15:23:08Z","0"
"container_blkio_device_usage_total","device=/dev/vdb;id=/docker/9357bf7a39a4a40bf5572c94c83c4e58365c64d88867c91419856c99194e166d;instance=cadvisor:8080;job=iot_service;major=254;minor=16;operation=Read","2025-11-03T15:23:23Z","0"
"container_blkio_device_usage_total","device=/dev/vdb;id=/docker/9357bf7a39a4a40bf5572c94c83c4e58365c64d88867c91419856c99194e166d;instance=cadvisor:8080;job=iot_service;major=254;minor=16;operation=Read","2025-11-03T15:23:38Z","0"
"container_blkio_device_usage_total","device=/dev/vdb;id=/docker/9357bf7a39a4a40bf5572c94c83c4e58365c64d88867c91419856c99194e166d;instance=cadvisor:8080;job=iot_service;major=254;minor=16;operation=Read","2025-11-03T15:23:53Z","0"
"container_blkio_device_usage_total","device=/dev/vdb;id=/docker/9357bf7a39a4a40bf5572c94c83c4e58365c64d88867c91419856c99194e166d;instance=cadvisor:8080;job=iot_service;major=254;minor=16;operation=Read","2025-11-03T15:24:08Z","0"
"container_blkio_device_usage_total","device=/dev/vdb;id=/docker/9357bf7a39a4a40bf5572c94c83c4e58365c64d88867c91419856c99194e166d;instance=cadvisor:8080;job=iot_service;major=254;minor=16;operation=Read","2025-11-03T15:24:23Z","0"
"container_blkio_device_usage_total","device=/dev/vdb;id=/docker/9357bf7a39a4a40bf5572c94c83c4e58365c64d88867c91419856c99194e166d;instance=cadvisor:8080;job=iot_service;major=254;minor=16;operation=Read","2025-11-03T15:24:38Z","0"
"container_blkio_device_usage_total","device=/dev/vdb;id=/docker/9357bf7a39a4a40bf5572c94c83c4e58365c64d88867c91419856c99194e166d;instance=cadvisor:8080;job=iot_service;major=254;minor=16;operation=Read","2025-11-03T15:24:53Z","0"
"container_blkio_device_usage_total","device=/dev/vdb;id=/docker/9357bf7a39a4a40bf5572c94c83c4e58365c64d88867c91419856c99194e166d;instance=cadvisor:8080;job=iot_service;major=254;minor=16;operation=Read","2025-11-03T15:25:08Z","0"
"container_blkio_device_usage_total","device=/dev/vdb;id=/docker/9357bf7a39a4a40bf5572c94c83c4e58365c64d88867c91419856c99194e166d;instance=cadvisor:8080;job=iot_service;major=254;minor=16;operation=Read","2025-11-03T15:25:23Z","0"
"container_blkio_device_usage_total","device=/dev/vdb;id=/docker/9357bf7a39a4a40bf5572c94c83c4e58365c64d88867c91419856c99194e166d;instance=cadvisor:8080;job=iot_service;major=254;minor=16;operation=Read","2025-11-03T15:25:38Z","0"
"container_blkio_device_usage_total","device=/dev/vdb;id=/docker/9357bf7a39a4a40bf5572c94c83c4e58365c64d88867c91419856c99194e166d;instance=cadvisor:8080;job=iot_service;major=254;minor=16;operation=Read","2025-11-03T15:25:53Z","0"
"container_blkio_device_usage_total","device=/dev/vdb;id=/docker/9357bf7a39a4a40bf5572c94c83c4e58365c64d88867c91419856c99194e166d;instance=cadvisor:8080;job=iot_service;major=254;minor=16;operation=Read","2025-11-03T15:26:08Z","0"
"container_blkio_device_usage_total","device=/dev/vdb;id=/docker/9357bf7a39a4a40bf5572c94c83c4e58365c64d88867c91419856c99194e166d;instance=cadvisor:8080;job=iot_service;major=254;minor=16;operation=Read","2025-11-03T15:26:23Z","0"
"container_blkio_device_usage_total","device=/dev/vdb;id=/docker/9357bf7a39a4a40bf5572c94c83c4e58365c64d88867c91419856c99194e166d;instance=cadvisor:8080;job=iot_service;major=254;minor=16;operation=Read","2025-11-03T15:26:38Z","0"
"container_blkio_device_usage_total","device=/dev/vdb;id=/docker/9357bf7a39a4a40bf5572c94c83c4e58365c64d88867c91419856c99194e166d;instance=cadvisor:8080;job=iot_service;major=254;minor=16;operation=Read","2025-11-03T15:26:53Z","0"
"container_blkio_device_usage_total","device=/dev/vdb;id=/docker/9357bf7a39a4a40bf5572c94c83c4e58365c64d88867c91419856c99194e166d;instance=cadvisor:8080;job=iot_service;major=254;minor=16;operation=Read","2025-11-03T15:27:08Z","0"
"container_blkio_device_usage_total","device=/dev/vdb;id=/docker/9357bf7a39a4a40bf5572c94c83c4e58365c64d88867c91419856c99194e166d;instance=cadvisor:8080;job=iot_service;major=254;minor=16;operation=Read","2025-11-03T15:27:23Z","0"
"container_blkio_device_usage_total","device=/dev/vdb;id=/docker/9357bf7a39a4a40bf5572c94c83c4e58365c64d88867c91419856c99194e166d;instance=cadvisor:8080;job=iot_service;major=254;minor=16;operation=Read","2025-11-03T15:27:38Z","0"
"container_blkio_device_usage_total","device=/dev/vdb;id=/docker/9357bf7a39a4a40bf5572c94c83c4e58365c64d88867c91419856c99194e166d;instance=cadvisor:8080;job=iot_service;major=254;minor=16;operation=Read","2025-11-03T15:27:53Z","0"
"container_blkio_device_usage_total","device=/dev/vdb;id=/docker/9357bf7a39a4a40bf5572c94c83c4e58365c64d88867c91419856c99194e166d;instance=cadvisor:8080;job=iot_service;major=254;minor=16;operation=Read","2025-11-03T15:28:08Z","0"
"container_blkio_device_usage_total","device=/dev/vdb;id=/docker/9357bf7a39a4a40bf5572c94c83c4e58365c64d88867c91419856c99194e166d;instance=cadvisor:8080;job=iot_service;major=254;minor=16;operation=Read","2025-11-03T15:28:23Z","0"
"container_blkio_device_usage_total","device=/dev/vdb;id=/docker/9357bf7a39a4a40bf5572c94c83c4e58365c64d88867c91419856c99194e166d;instance=cadvisor:8080;job=iot_service;major=254;minor=16;operation=Read","2025-11-03T15:28:38Z","0"
"container_blkio_device_usage_total","device=/dev/vdb;id=/docker/9357bf7a39a4a40bf5572c94c83c4e58365c64d88867c91419856c99194e166d;instance=cadvisor:8080;job=iot_service;major=254;minor=16;operation=Read","2025-11-03T15:28:53Z","0"
"container_blkio_device_usage_total","device=/dev/vdb;id=/docker/9357bf7a39a4a40bf5572c94c83c4e58365c64d88867c91419856c99194e166d;instance=cadvisor:8080;job=iot_service;major=254;minor=16;operation=Read","2025-11-03T15:29:08Z","0"
"container_blkio_device_usage_total","device=/dev/vdb;id=/docker/9357bf7a39a4a40bf5572c94c83c4e58365c64d88867c91419856c99194e166d;instance=cadvisor:8080;job=iot_service;major=254;minor=16;operation=Write","2025-11-03T15:22:08Z","0"
"container_blkio_device_usage_total","device=/dev/vdb;id=/docker/9357bf7a39a4a40bf5572c94c83c4e58365c64d88867c91419856c99194e166d;instance=cadvisor:8080;job=iot_service;major=254;minor=16;operation=Write","2025-11-03T15:22:23Z","0"
"container_blkio_device_usage_total","device=/dev/vdb;id=/docker/9357bf7a39a4a40bf5572c94c83c4e58365c64d88867c91419856c99194e166d;instance=cadvisor:8080;job=iot_service;major=254;minor=16;operation=Write","2025-11-03T15:22:38Z","0"
"container_blkio_device_usage_total","device=/dev/vdb;id=/docker/9357bf7a39a4a40bf5572c94c83c4e58365c64d88867c91419856c99194e166d;instance=cadvisor:8080;job=iot_service;major=254;minor=16;operation=Write","2025-11-03T15:22:53Z","0"
"container_blkio_device_usage_total","device=/dev/vdb;id=/docker/9357bf7a39a4a40bf5572c94c83c4e58365c64d88867c91419856c99194e166d;instance=cadvisor:8080;job=iot_service;major=254;minor=16;operation=Write","2025-11-03T15:23:08Z","0"
"container_blkio_device_usage_total","device=/dev/vdb;id=/docker/9357bf7a39a4a40bf5572c94c83c4e58365c64d88867c91419856c99194e166d;instance=cadvisor:8080;job=iot_service;major=254;minor=16;operation=Write","2025-11-03T15:23:23Z","0"
"container_blkio_device_usage_total","device=/dev/vdb;id=/docker/9357bf7a39a4a40bf5572c94c83c4e58365c64d88867c91419856c99194e166d;instance=cadvisor:8080;job=iot_service;major=254;minor=16;operation=Write","2025-11-03T15:23:38Z","0"
"container_blkio_device_usage_total","device=/dev/vdb;id=/docker/9357bf7a39a4a40bf5572c94c83c4e58365c64d88867c91419856c99194e166d;instance=cadvisor:8080;job=iot_service;major=254;minor=16;operation=Write","2025-11-03T15:23:53Z","0"
"container_blkio_device_usage_total","device=/dev/vdb;id=/docker/9357bf7a39a4a40bf5572c94c83c4e58365c64d88867c91419856c99194e166d;instance=cadvisor:8080;job=iot_service;major=254;minor=16;operation=Write","2025-11-03T15:24:08Z","0"
"container_blkio_device_usage_total","device=/dev/vdb;id=/docker/9357bf7a39a4a40bf5572c94c83c4e58365c64d88867c91419856c99194e166d;instance=cadvisor:8080;job=iot_service;major=254;minor=16;operation=Write","2025-11-03T15:24:23Z","0"
"container_blkio_device_usage_total","device=/dev/vdb;id=/docker/9357bf7a39a4a40bf5572c94c83c4e58365c64d88867c91419856c99194e166d;instance=cadvisor:8080;job=iot_service;major=254;minor=16;operation=Write","2025-11-03T15:24:38Z","0"
"container_blkio_device_usage_total","device=/dev/vdb;id=/docker/9357bf7a39a4a40bf5572c94c83c4e58365c64d88867c91419856c99194e166d;instance=cadvisor:8080;job=iot_service;major=254;minor=16;operation=Write","2025-11-03T15:24:53Z","0"
"container_blkio_device_usage_total","device=/dev/vdb;id=/docker/9357bf7a39a4a40bf5572c94c83c4e58365c64d88867c91419856c99194e166d;instance=cadvisor:8080;job=iot_service;major=254;minor=16;operation=Write","2025-11-03T15:25:08Z","0"
"container_blkio_device_usage_total","device=/dev/vdb;id=/docker/9357bf7a39a4a40bf5572c94c83c4e58365c64d88867c91419856c99194e166d;instance=cadvisor:8080;job=iot_service;major=254;minor=16;operation=Write","2025-11-03T15:25:23Z","0"
"container_blkio_device_usage_total","device=/dev/vdb;id=/docker/9357bf7a39a4a40bf5572c94c83c4e58365c64d88867c91419856c99194e166d;instance=cadvisor:8080;job=iot_service;major=254;minor=16;operation=Write","2025-11-03T15:25:38Z","0"
"container_blkio_device_usage_total","device=/dev/vdb;id=/docker/9357bf7a39a4a40bf5572c94c83c4e58365c64d88867c91419856c99194e166d;instance=cadvisor:8080;job=iot_service;major=254;minor=16;operation=Write","2025-11-03T15:25:53Z","0"
"container_blkio_device_usage_total","device=/dev/vdb;id=/docker/9357bf7a39a4a40bf5572c94c83c4e58365c64d88867c91419856c99194e166d;instance=cadvisor:8080;job=iot_service;major=254;minor=16;operation=Write","2025-11-03T15:26:08Z","0"
"container_blkio_device_usage_total","device=/dev/vdb;id=/docker/9357bf7a39a4a40bf5572c94c83c4e58365c64d88867c91419856c99194e166d;instance=cadvisor:8080;job=iot_service;major=254;minor=16;operation=Write","2025-11-03T15:26:23Z","0"
"container_blkio_device_usage_total","device=/dev/vdb;id=/docker/9357bf7a39a4a40bf5572c94c83c4e58365c64d88867c91419856c99194e166d;instance=cadvisor:8080;job=iot_service;major=254;minor=16;operation=Write","2025-11-03T15:26:38Z","0"
"container_blkio_device_usage_total","device=/dev/vdb;id=/docker/9357bf7a39a4a40bf5572c94c83c4e58365c64d88867c91419856c99194e166d;instance=cadvisor:8080;job=iot_service;major=254;minor=16;operation=Write","2025-11-03T15:26:53Z","0"
"container_blkio_device_usage_total","device=/dev/vdb;id=/docker/9357bf7a39a4a40bf5572c94c83c4e58365c64d88867c91419856c99194e166d;instance=cadvisor:8080;job=iot_service;major=254;minor=16;operation=Write","2025-11-03T15:27:08Z","0"
"container_blkio_device_usage_total","device=/dev/vdb;id=/docker/9357bf7a39a4a40bf5572c94c83c4e58365c64d88867c91419856c99194e166d;instance=cadvisor:8080;job=iot_service;major=254;minor=16;operation=Write","2025-11-03T15:27:23Z","0"
"container_blkio_device_usage_total","device=/dev/vdb;id=/docker/9357bf7a39a4a40bf5572c94c83c4e58365c64d88867c91419856c99194e166d;instance=cadvisor:8080;job=iot_service;major=254;minor=16;operation=Write","2025-11-03T15:27:38Z","0"
"container_blkio_device_usage_total","device=/dev/vdb;id=/docker/9357bf7a39a4a40bf5572c94c83c4e58365c64d88867c91419856c99194e166d;instance=cadvisor:8080;job=iot_service;major=254;minor=16;operation=Write","2025-11-03T15:27:53Z","0"
"container_blkio_device_usage_total","device=/dev/vdb;id=/docker/9357bf7a39a4a40bf5572c94c83c4e58365c64d88867c91419856c99194e166d;instance=cadvisor:8080;job=iot_service;major=254;minor=16;operation=Write","2025-11-03T15:28:08Z","0"
"container_blkio_device_usage_total","device=/dev/vdb;id=/docker/9357bf7a39a4a40bf5572c94c83c4e58365c64d88867c91419856c99194e166d;instance=cadvisor:8080;job=iot_service;major=254;minor=16;operation=Write","2025-11-03T15:28:23Z","0"
"container_blkio_device_usage_total","device=/dev/vdb;id=/docker/9357bf7a39a4a40bf5572c94c83c4e58365c64d88867c91419856c99194e166d;instance=cadvisor:8080;job=iot_service;major=254;minor=16;operation=Write","2025-11-03T15:28:38Z","0"
"container_blkio_device_usage_total","device=/dev/vdb;id=/docker/9357bf7a39a4a40bf5572c94c83c4e58365c64d88867c91419856c99194e166d;instance=cadvisor:8080;job=iot_service;major=254;minor=16;operation=Write","2025-11-03T15:28:53Z","0"
"container_blkio_device_usage_total","device=/dev/vdb;id=/docker/9357bf7a39a4a40bf5572c94c83c4e58365c64d88867c91419856c99194e166d;instance=cadvisor:8080;job=iot_service;major=254;minor=16;operation=Write","2025-11-03T15:29:08Z","0"
"container_blkio_device_usage_total","device=/dev/vdb;id=/docker/fdfc0724b613bbad2b29e38f548044caa8fa5ece06aea1f7630b8b07f070b604;instance=cadvisor:8080;job=iot_service;major=254;minor=16;operation=Read","2025-11-03T15:22:08Z","0"
"container_blkio_device_usage_total","device=/dev/vdb;id=/docker/fdfc0724b613bbad2b29e38f548044caa8fa5ece06aea1f7630b8b07f070b604;instance=cadvisor:8080;job=iot_service;major=254;minor=16;operation=Read","2025-11-03T15:22:23Z","0"
"container_blkio_device_usage_total","device=/dev/vdb;id=/docker/fdfc0724b613bbad2b29e38f548044caa8fa5ece06aea1f7630b8b07f070b604;instance=cadvisor:8080;job=iot_service;major=254;minor=16;operation=Read","2025-11-03T15:22:38Z","0"
"container_blkio_device_usage_total","device=/dev/vdb;id=/docker/fdfc0724b613bbad2b29e38f548044caa8fa5ece06aea1f7630b8b07f070b604;instance=cadvisor:8080;job=iot_service;major=254;minor=16;operation=Read","2025-11-03T15:22:53Z","0"
"container_blkio_device_usage_total","device=/dev/vdb;id=/docker/fdfc0724b613bbad2b29e38f548044caa8fa5ece06aea1f7630b8b07f070b604;instance=cadvisor:8080;job=iot_service;major=254;minor=16;operation=Read","2025-11-03T15:23:08Z","0"
"container_blkio_device_usage_total","device=/dev/vdb;id=/docker/fdfc0724b613bbad2b29e38f548044caa8fa5ece06aea1f7630b8b07f070b604;instance=cadvisor:8080;job=iot_service;major=254;minor=16;operation=Read","2025-11-03T15:23:23Z","0"
"container_blkio_device_usage_total","device=/dev/vdb;id=/docker/fdfc0724b613bbad2b29e38f548044caa8fa5ece06aea1f7630b8b07f070b604;instance=cadvisor:8080;job=iot_service;major=254;minor=16;operation=Read","2025-11-03T15:23:38Z","0"
"container_blkio_device_usage_total","device=/dev/vdb;id=/docker/fdfc0724b613bbad2b29e38f548044caa8fa5ece06aea1f7630b8b07f070b604;instance=cadvisor:8080;job=iot_service;major=254;minor=16;operation=Read","2025-11-03T15:23:53Z","0"
"container_blkio_device_usage_total","device=/dev/vdb;id=/docker/fdfc0724b613bbad2b29e38f548044caa8fa5ece06aea1f7630b8b07f070b604;instance=cadvisor:8080;job=iot_service;major=254;minor=16;operation=Read","2025-11-03T15:24:08Z","0"
"container_blkio_device_usage_total","device=/dev/vdb;id=/docker/fdfc0724b613bbad2b29e38f548044caa8fa5ece06aea1f7630b8b07f070b604;instance=cadvisor:8080;job=iot_service;major=254;minor=16;operation=Read","2025-11-03T15:24:23Z","0"
"container_blkio_device_usage_total","device=/dev/vdb;id=/docker/fdfc0724b613bbad2b29e38f548044caa8fa5ece06aea1f7630b8b07f070b604;instance=cadvisor:8080;job=iot_service;major=254;minor=16;operation=Read","2025-11-03T15:24:38Z","0"
"container_blkio_device_usage_total","device=/dev/vdb;id=/docker/fdfc0724b613bbad2b29e38f548044caa8fa5ece06aea1f7630b8b07f070b604;instance=cadvisor:8080;job=iot_service;major=254;minor=16;operation=Read","2025-11-03T15:24:53Z","0"
"container_blkio_device_usage_total","device=/dev/vdb;id=/docker/fdfc0724b613bbad2b29e38f548044caa8fa5ece06aea1f7630b8b07f070b604;instance=cadvisor:8080;job=iot_service;major=254;minor=16;operation=Read","2025-11-03T15:25:08Z","0"
"container_blkio_device_usage_total","device=/dev/vdb;id=/docker/fdfc0724b613bbad2b29e38f548044caa8fa5ece06aea1f7630b8b07f070b604;instance=cadvisor:8080;job=iot_service;major=254;minor=16;operation=Read","2025-11-03T15:25:23Z","0"
"container_blkio_device_usage_total","device=/dev/vdb;id=/docker/fdfc0724b613bbad2b29e38f548044caa8fa5ece06aea1f7630b8b07f070b604;instance=cadvisor:8080;job=iot_service;major=254;minor=16;operation=Read","2025-11-03T15:25:38Z","0"
"container_blkio_device_usage_total","device=/dev/vdb;id=/docker/fdfc0724b613bbad2b29e38f548044caa8fa5ece06aea1f7630b8b07f070b604;instance=cadvisor:8080;job=iot_service;major=254;minor=16;operation=Read","2025-11-03T15:25:53Z","0"
"container_blkio_device_usage_total","device=/dev/vdb;id=/docker/fdfc0724b613bbad2b29e38f548044caa8fa5ece06aea1f7630b8b07f070b604;instance=cadvisor:8080;job=iot_service;major=254;minor=16;operation=Read","2025-11-03T15:26:08Z","0"
"container_blkio_device_usage_total","device=/dev/vdb;id=/docker/fdfc0724b613bbad2b29e38f548044caa8fa5ece06aea1f7630b8b07f070b604;instance=cadvisor:8080;job=iot_service;major=254;minor=16;operation=Read","2025-11-03T15:26:23Z","0"
"container_blkio_device_usage_total","device=/dev/vdb;id=/docker/fdfc0724b613bbad2b29e38f548044caa8fa5ece06aea1f7630b8b07f070b604;instance=cadvisor:8080;job=iot_service;major=254;minor=16;operation=Read","2025-11-03T15:26:38Z","0"
"container_blkio_device_usage_total","device=/dev/vdb;id=/docker/fdfc0724b613bbad2b29e38f548044caa8fa5ece06aea1f7630b8b07f070b604;instance=cadvisor:8080;job=iot_service;major=254;minor=16;operation=Read","2025-11-03T15:26:53Z","0"
"container_blkio_device_usage_total","device=/dev/vdb;id=/docker/fdfc0724b613bbad2b29e38f548044caa8fa5ece06aea1f7630b8b07f070b604;instance=cadvisor:8080;job=iot_service;major=254;minor=16;operation=Read","2025-11-03T15:27:08Z","0"
"container_blkio_device_usage_total","device=/dev/vdb;id=/docker/fdfc0724b613bbad2b29e38f548044caa8fa5ece06aea1f7630b8b07f070b604;instance=cadvisor:8080;job=iot_service;major=254;minor=16;operation=Read","2025-11-03T15:27:23Z","0"
"container_blkio_device_usage_total","device=/dev/vdb;id=/docker/fdfc0724b613bbad2b29e38f548044caa8fa5ece06aea1f7630b8b07f070b604;instance=cadvisor:8080;job=iot_service;major=254;minor=16;operation=Read","2025-11-03T15:27:38Z","0"
"container_blkio_device_usage_total","device=/dev/vdb;id=/docker/fdfc0724b613bbad2b29e38f548044caa8fa5ece06aea1f7630b8b07f070b604;instance=cadvisor:8080;job=iot_service;major=254;minor=16;operation=Read","2025-11-03T15:27:53Z","0"
"container_blkio_device_usage_total","device=/dev/vdb;id=/docker/fdfc0724b613bbad2b29e38f548044caa8fa5ece06aea1f7630b8b07f070b604;instance=cadvisor:8080;job=iot_service;major=254;minor=16;operation=Read","2025-11-03T15:28:08Z","0"
"container_blkio_device_usage_total","device=/dev/vdb;id=/docker/fdfc0724b613bbad2b29e38f548044caa8fa5ece06aea1f7630b8b07f070b604;instance=cadvisor:8080;job=iot_service;major=254;minor=16;operation=Read","2025-11-03T15:28:23Z","0"
"container_blkio_device_usage_total","device=/dev/vdb;id=/docker/fdfc0724b613bbad2b29e38f548044caa8fa5ece06aea1f7630b8b07f070b604;instance=cadvisor:8080;job=iot_service;major=254;minor=16;operation=Read","2025-11-03T15:28:38Z","0"
"container_blkio_device_usage_total","device=/dev/vdb;id=/docker/fdfc0724b613bbad2b29e38f548044caa8fa5ece06aea1f7630b8b07f070b604;instance=cadvisor:8080;job=iot_service;major=254;minor=16;operation=Read","2025-11-03T15:28:53Z","0"
"container_blkio_device_usage_total","device=/dev/vdb;id=/docker/fdfc0724b613bbad2b29e38f548044caa8fa5ece06aea1f7630b8b07f070b604;instance=cadvisor:8080;job=iot_service;major=254;minor=16;operation=Read","2025-11-03T15:29:08Z","0"
"container_blkio_device_usage_total","device=/dev/vdb;id=/docker/fdfc0724b613bbad2b29e38f548044caa8fa5ece06aea1f7630b8b07f070b604;instance=cadvisor:8080;job=iot_service;major=254;minor=16;operation=Write","2025-11-03T15:22:08Z","0"
"container_blkio_device_usage_total","device=/dev/vdb;id=/docker/fdfc0724b613bbad2b29e38f548044caa8fa5ece06aea1f7630b8b07f070b604;instance=cadvisor:8080;job=iot_service;major=254;minor=16;operation=Write","2025-11-03T15:22:23Z","0"
"container_blkio_device_usage_total","device=/dev/vdb;id=/docker/fdfc0724b613bbad2b29e38f548044caa8fa5ece06aea1f7630b8b07f070b604;instance=cadvisor:8080;job=iot_service;major=254;minor=16;operation=Write","2025-11-03T15:22:38Z","0"
"container_blkio_device_usage_total","device=/dev/vdb;id=/docker/fdfc0724b613bbad2b29e38f548044caa8fa5ece06aea1f7630b8b07f070b604;instance=cadvisor:8080;job=iot_service;major=254;minor=16;operation=Write","2025-11-03T15:22:53Z","0"
"container_blkio_device_usage_total","device=/dev/vdb;id=/docker/fdfc0724b613bbad2b29e38f548044caa8fa5ece06aea1f7630b8b07f070b604;instance=cadvisor:8080;job=iot_service;major=254;minor=16;operation=Write","2025-11-03T15:23:08Z","0"
"container_blkio_device_usage_total","device=/dev/vdb;id=/docker/fdfc0724b613bbad2b29e38f548044caa8fa5ece06aea1f7630b8b07f070b604;instance=cadvisor:8080;job=iot_service;major=254;minor=16;operation=Write","2025-11-03T15:23:23Z","0"
"container_blkio_device_usage_total","device=/dev/vdb;id=/docker/fdfc0724b613bbad2b29e38f548044caa8fa5ece06aea1f7630b8b07f070b604;instance=cadvisor:8080;job=iot_service;major=254;minor=16;operation=Write","2025-11-03T15:23:38Z","0"
"container_blkio_device_usage_total","device=/dev/vdb;id=/docker/fdfc0724b613bbad2b29e38f548044caa8fa5ece06aea1f7630b8b07f070b604;instance=cadvisor:8080;job=iot_service;major=254;minor=16;operation=Write","2025-11-03T15:23:53Z","0"
"container_blkio_device_usage_total","device=/dev/vdb;id=/docker/fdfc0724b613bbad2b29e38f548044caa8fa5ece06aea1f7630b8b07f070b604;instance=cadvisor:8080;job=iot_service;major=254;minor=16;operation=Write","2025-11-03T15:24:08Z","0"
"container_blkio_device_usage_total","device=/dev/vdb;id=/docker/fdfc0724b613bbad2b29e38f548044caa8fa5ece06aea1f7630b8b07f070b604;instance=cadvisor:8080;job=iot_service;major=254;minor=16;operation=Write","2025-11-03T15:24:23Z","0"
"container_blkio_device_usage_total","device=/dev/vdb;id=/docker/fdfc0724b613bbad2b29e38f548044caa8fa5ece06aea1f7630b8b07f070b604;instance=cadvisor:8080;job=iot_service;major=254;minor=16;operation=Write","2025-11-03T15:24:38Z","0"
"container_blkio_device_usage_total","device=/dev/vdb;id=/docker/fdfc0724b613bbad2b29e38f548044caa8fa5ece06aea1f7630b8b07f070b604;instance=cadvisor:8080;job=iot_service;major=254;minor=16;operation=Write","2025-11-03T15:24:53Z","0"
"container_blkio_device_usage_total","device=/dev/vdb;id=/docker/fdfc0724b613bbad2b29e38f548044caa8fa5ece06aea1f7630b8b07f070b604;instance=cadvisor:8080;job=iot_service;major=254;minor=16;operation=Write","2025-11-03T15:25:08Z","0"
"container_blkio_device_usage_total","device=/dev/vdb;id=/docker/fdfc0724b613bbad2b29e38f548044caa8fa5ece06aea1f7630b8b07f070b604;instance=cadvisor:8080;job=iot_service;major=254;minor=16;operation=Write","2025-11-03T15:25:23Z","0"
"container_blkio_device_usage_total","device=/dev/vdb;id=/docker/fdfc0724b613bbad2b29e38f548044caa8fa5ece06aea1f7630b8b07f070b604;instance=cadvisor:8080;job=iot_service;major=254;minor=16;operation=Write","2025-11-03T15:25:38Z","0"
"container_blkio_device_usage_total","device=/dev/vdb;id=/docker/fdfc0724b613bbad2b29e38f548044caa8fa5ece06aea1f7630b8b07f070b604;instance=cadvisor:8080;job=iot_service;major=254;minor=16;operation=Write","2025-11-03T15:25:53Z","0"
"container_blkio_device_usage_total","device=/dev/vdb;id=/docker/fdfc0724b613bbad2b29e38f548044caa8fa5ece06aea1f7630b8b07f070b604;instance=cadvisor:8080;job=iot_service;major=254;minor=16;operation=Write","2025-11-03T15:26:08Z","0"
"container_blkio_device_usage_total","device=/dev/vdb;id=/docker/fdfc0724b613bbad2b29e38f548044caa8fa5ece06aea1f7630b8b07f070b604;instance=cadvisor:8080;job=iot_service;major=254;minor=16;operation=Write","2025-11-03T15:26:23Z","0"
"container_blkio_device_usage_total","device=/dev/vdb;id=/docker/fdfc0724b613bbad2b29e38f548044caa8fa5ece06aea1f7630b8b07f070b604;instance=cadvisor:8080;job=iot_service;major=254;minor=16;operation=Write","2025-11-03T15:26:38Z","0"
"container_blkio_device_usage_total","device=/dev/vdb;id=/docker/fdfc0724b613bbad2b29e38f548044caa8fa5ece06aea1f7630b8b07f070b604;instance=cadvisor:8080;job=iot_service;major=254;minor=16;operation=Write","2025-11-03T15:26:53Z","0"
"container_blkio_device_usage_total","device=/dev/vdb;id=/docker/fdfc0724b613bbad2b29e38f548044caa8fa5ece06aea1f7630b8b07f070b604;instance=cadvisor:8080;job=iot_service;major=254;minor=16;operation=Write","2025-11-03T15:27:08Z","0"
"container_blkio_device_usage_total","device=/dev/vdb;id=/docker/fdfc0724b613bbad2b29e38f548044caa8fa5ece06aea1f7630b8b07f070b604;instance=cadvisor:8080;job=iot_service;major=254;minor=16;operation=Write","2025-11-03T15:27:23Z","0"
"container_blkio_device_usage_total","device=/dev/vdb;id=/docker/fdfc0724b613bbad2b29e38f548044caa8fa5ece06aea1f7630b8b07f070b604;instance=cadvisor:8080;job=iot_service;major=254;minor=16;operation=Write","2025-11-03T15:27:38Z","0"
"container_blkio_device_usage_total","device=/dev/vdb;id=/docker/fdfc0724b613bbad2b29e38f548044caa8fa5ece06aea1f7630b8b07f070b604;instance=cadvisor:8080;job=iot_service;major=254;minor=16;operation=Write","2025-11-03T15:27:53Z","0"
"container_blkio_device_usage_total","device=/dev/vdb;id=/docker/fdfc0724b613bbad2b29e38f548044caa8fa5ece06aea1f7630b8b07f070b604;instance=cadvisor:8080;job=iot_service;major=254;minor=16;operation=Write","2025-11-03T15:28:08Z","0"
"container_blkio_device_usage_total","device=/dev/vdb;id=/docker/fdfc0724b613bbad2b29e38f548044caa8fa5ece06aea1f7630b8b07f070b604;instance=cadvisor:8080;job=iot_service;major=254;minor=16;operation=Write","2025-11-03T15:28:23Z","0"
"container_blkio_device_usage_total","device=/dev/vdb;id=/docker/fdfc0724b613bbad2b29e38f548044caa8fa5ece06aea1f7630b8b07f070b604;instance=cadvisor:8080;job=iot_service;major=254;minor=16;operation=Write","2025-11-03T15:28:38Z","0"
"container_blkio_device_usage_total","device=/dev/vdb;id=/docker/fdfc0724b613bbad2b29e38f548044caa8fa5ece06aea1f7630b8b07f070b604;instance=cadvisor:8080;job=iot_service;major=254;minor=16;operation=Write","2025-11-03T15:28:53Z","0"
"container_blkio_device_usage_total","device=/dev/vdb;id=/docker/fdfc0724b613bbad2b29e38f548044caa8fa5ece06aea1f7630b8b07f070b604;instance=cadvisor:8080;job=iot_service;major=254;minor=16;operation=Write","2025-11-03T15:29:08Z","0"
"container_blkio_device_usage_total","device=/dev/vdb;id=/restricted;instance=cadvisor:8080;job=iot_service;major=254;minor=16;operation=Read","2025-11-03T15:22:08Z","0"
"container_blkio_device_usage_total","device=/dev/vdb;id=/restricted;instance=cadvisor:8080;job=iot_service;major=254;minor=16;operation=Read","2025-11-03T15:22:23Z","0"
"container_blkio_device_usage_total","device=/dev/vdb;id=/restricted;instance=cadvisor:8080;job=iot_service;major=254;minor=16;operation=Read","2025-11-03T15:22:38Z","0"
"container_blkio_device_usage_total","device=/dev/vdb;id=/restricted;instance=cadvisor:8080;job=iot_service;major=254;minor=16;operation=Read","2025-11-03T15:22:53Z","0"
"container_blkio_device_usage_total","device=/dev/vdb;id=/restricted;instance=cadvisor:8080;job=iot_service;major=254;minor=16;operation=Read","2025-11-03T15:23:08Z","0"
"container_blkio_device_usage_total","device=/dev/vdb;id=/restricted;instance=cadvisor:8080;job=iot_service;major=254;minor=16;operation=Read","2025-11-03T15:23:23Z","0"
"container_blkio_device_usage_total","device=/dev/vdb;id=/restricted;instance=cadvisor:8080;job=iot_service;major=254;minor=16;operation=Read","2025-11-03T15:23:38Z","0"
"container_blkio_device_usage_total","device=/dev/vdb;id=/restricted;instance=cadvisor:8080;job=iot_service;major=254;minor=16;operation=Read","2025-11-03T15:23:53Z","0"
"container_blkio_device_usage_total","device=/dev/vdb;id=/restricted;instance=cadvisor:8080;job=iot_service;major=254;minor=16;operation=Read","2025-11-03T15:24:08Z","0"
"container_blkio_device_usage_total","device=/dev/vdb;id=/restricted;instance=cadvisor:8080;job=iot_service;major=254;minor=16;operation=Read","2025-11-03T15:24:23Z","0"
"container_blkio_device_usage_total","device=/dev/vdb;id=/restricted;instance=cadvisor:8080;job=iot_service;major=254;minor=16;operation=Read","2025-11-03T15:24:38Z","0"
"container_blkio_device_usage_total","device=/dev/vdb;id=/restricted;instance=cadvisor:8080;job=iot_service;major=254;minor=16;operation=Read","2025-11-03T15:24:53Z","0"
"container_blkio_device_usage_total","device=/dev/vdb;id=/restricted;instance=cadvisor:8080;job=iot_service;major=254;minor=16;operation=Read","2025-11-03T15:25:08Z","0"
"container_blkio_device_usage_total","device=/dev/vdb;id=/restricted;instance=cadvisor:8080;job=iot_service;major=254;minor=16;operation=Read","2025-11-03T15:25:23Z","0"
"container_blkio_device_usage_total","device=/dev/vdb;id=/restricted;instance=cadvisor:8080;job=iot_service;major=254;minor=16;operation=Read","2025-11-03T15:25:38Z","0"
"container_blkio_device_usage_total","device=/dev/vdb;id=/restricted;instance=cadvisor:8080;job=iot_service;major=254;minor=16;operation=Read","2025-11-03T15:25:53Z","0"
"container_blkio_device_usage_total","device=/dev/vdb;id=/restricted;instance=cadvisor:8080;job=iot_service;major=254;minor=16;operation=Read","2025-11-03T15:26:08Z","0"
"container_blkio_device_usage_total","device=/dev/vdb;id=/restricted;instance=cadvisor:8080;job=iot_service;major=254;minor=16;operation=Read","2025-11-03T15:26:23Z","0"
"container_blkio_device_usage_total","device=/dev/vdb;id=/restricted;instance=cadvisor:8080;job=iot_service;major=254;minor=16;operation=Read","2025-11-03T15:26:38Z","0"
"container_blkio_device_usage_total","device=/dev/vdb;id=/restricted;instance=cadvisor:8080;job=iot_service;major=254;minor=16;operation=Read","2025-11-03T15:26:53Z","0"
"container_blkio_device_usage_total","device=/dev/vdb;id=/restricted;instance=cadvisor:8080;job=iot_service;major=254;minor=16;operation=Read","2025-11-03T15:27:08Z","0"
"container_blkio_device_usage_total","device=/dev/vdb;id=/restricted;instance=cadvisor:8080;job=iot_service;major=254;minor=16;operation=Read","2025-11-03T15:27:23Z","0"
"container_blkio_device_usage_total","device=/dev/vdb;id=/restricted;instance=cadvisor:8080;job=iot_service;major=254;minor=16;operation=Read","2025-11-03T15:27:38Z","0"
"container_blkio_device_usage_total","device=/dev/vdb;id=/restricted;instance=cadvisor:8080;job=iot_service;major=254;minor=16;operation=Read","2025-11-03T15:27:53Z","0"
"container_blkio_device_usage_total","device=/dev/vdb;id=/restricted;instance=cadvisor:8080;job=iot_service;major=254;minor=16;operation=Read","2025-11-03T15:28:08Z","0"
"container_blkio_device_usage_total","device=/dev/vdb;id=/restricted;instance=cadvisor:8080;job=iot_service;major=254;minor=16;operation=Read","2025-11-03T15:28:23Z","0"
"container_blkio_device_usage_total","device=/dev/vdb;id=/restricted;instance=cadvisor:8080;job=iot_service;major=254;minor=16;operation=Read","2025-11-03T15:28:38Z","0"
"container_blkio_device_usage_total","device=/dev/vdb;id=/restricted;instance=cadvisor:8080;job=iot_service;major=254;minor=16;operation=Read","2025-11-03T15:28:53Z","0"
"container_blkio_device_usage_total","device=/dev/vdb;id=/restricted;instance=cadvisor:8080;job=iot_service;major=254;minor=16;operation=Read","2025-11-03T15:29:08Z","0"
"container_blkio_device_usage_total","device=/dev/vdb;id=/restricted;instance=cadvisor:8080;job=iot_service;major=254;minor=16;operation=Write","2025-11-03T15:22:08Z","0"
"container_blkio_device_usage_total","device=/dev/vdb;id=/restricted;instance=cadvisor:8080;job=iot_service;major=254;minor=16;operation=Write","2025-11-03T15:22:23Z","0"
"container_blkio_device_usage_total","device=/dev/vdb;id=/restricted;instance=cadvisor:8080;job=iot_service;major=254;minor=16;operation=Write","2025-11-03T15:22:38Z","0"
"container_blkio_device_usage_total","device=/dev/vdb;id=/restricted;instance=cadvisor:8080;job=iot_service;major=254;minor=16;operation=Write","2025-11-03T15:22:53Z","0"
"container_blkio_device_usage_total","device=/dev/vdb;id=/restricted;instance=cadvisor:8080;job=iot_service;major=254;minor=16;operation=Write","2025-11-03T15:23:08Z","0"
"container_blkio_device_usage_total","device=/dev/vdb;id=/restricted;instance=cadvisor:8080;job=iot_service;major=254;minor=16;operation=Write","2025-11-03T15:23:23Z","0"
"container_blkio_device_usage_total","device=/dev/vdb;id=/restricted;instance=cadvisor:8080;job=iot_service;major=254;minor=16;operation=Write","2025-11-03T15:23:38Z","0"
"container_blkio_device_usage_total","device=/dev/vdb;id=/restricted;instance=cadvisor:8080;job=iot_service;major=254;minor=16;operation=Write","2025-11-03T15:23:53Z","0"
"container_blkio_device_usage_total","device=/dev/vdb;id=/restricted;instance=cadvisor:8080;job=iot_service;major=254;minor=16;operation=Write","2025-11-03T15:24:08Z","0"
"container_blkio_device_usage_total","device=/dev/vdb;id=/restricted;instance=cadvisor:8080;job=iot_service;major=254;minor=16;operation=Write","2025-11-03T15:24:23Z","0"
"container_blkio_device_usage_total","device=/dev/vdb;id=/restricted;instance=cadvisor:8080;job=iot_service;major=254;minor=16;operation=Write","2025-11-03T15:24:38Z","0"
"container_blkio_device_usage_total","device=/dev/vdb;id=/restricted;instance=cadvisor:8080;job=iot_service;major=254;minor=16;operation=Write","2025-11-03T15:24:53Z","0"
"container_blkio_device_usage_total","device=/dev/vdb;id=/restricted;instance=cadvisor:8080;job=iot_service;major=254;minor=16;operation=Write","2025-11-03T15:25:08Z","0"
"container_blkio_device_usage_total","device=/dev/vdb;id=/restricted;instance=cadvisor:8080;job=iot_service;major=254;minor=16;operation=Write","2025-11-03T15:25:23Z","0"
"container_blkio_device_usage_total","device=/dev/vdb;id=/restricted;instance=cadvisor:8080;job=iot_service;major=254;minor=16;operation=Write","2025-11-03T15:25:38Z","0"
"container_blkio_device_usage_total","device=/dev/vdb;id=/restricted;instance=cadvisor:8080;job=iot_service;major=254;minor=16;operation=Write","2025-11-03T15:25:53Z","0"
"container_blkio_device_usage_total","device=/dev/vdb;id=/restricted;instance=cadvisor:8080;job=iot_service;major=254;minor=16;operation=Write","2025-11-03T15:26:08Z","0"
"container_blkio_device_usage_total","device=/dev/vdb;id=/restricted;instance=cadvisor:8080;job=iot_service;major=254;minor=16;operation=Write","2025-11-03T15:26:23Z","0"
"container_blkio_device_usage_total","device=/dev/vdb;id=/restricted;instance=cadvisor:8080;job=iot_service;major=254;minor=16;operation=Write","2025-11-03T15:26:38Z","0"
"container_blkio_device_usage_total","device=/dev/vdb;id=/restricted;instance=cadvisor:8080;job=iot_service;major=254;minor=16;operation=Write","2025-11-03T15:26:53Z","0"
"container_blkio_device_usage_total","device=/dev/vdb;id=/restricted;instance=cadvisor:8080;job=iot_service;major=254;minor=16;operation=Write","2025-11-03T15:27:08Z","0"
"container_blkio_device_usage_total","device=/dev/vdb;id=/restricted;instance=cadvisor:8080;job=iot_service;major=254;minor=16;operation=Write","2025-11-03T15:27:23Z","0"
"container_blkio_device_usage_total","device=/dev/vdb;id=/restricted;instance=cadvisor:8080;job=iot_service;major=254;minor=16;operation=Write","2025-11-03T15:27:38Z","0"
"container_blkio_device_usage_total","device=/dev/vdb;id=/restricted;instance=cadvisor:8080;job=iot_service;major=254;minor=16;operation=Write","2025-11-03T15:27:53Z","0"
"container_blkio_device_usage_total","device=/dev/vdb;id=/restricted;instance=cadvisor:8080;job=iot_service;major=254;minor=16;operation=Write","2025-11-03T15:28:08Z","0"
"container_blkio_device_usage_total","device=/dev/vdb;id=/restricted;instance=cadvisor:8080;job=iot_service;major=254;minor=16;operation=Write","2025-11-03T15:28:23Z","0"
"container_blkio_device_usage_total","device=/dev/vdb;id=/restricted;instance=cadvisor:8080;job=iot_service;major=254;minor=16;operation=Write","2025-11-03T15:28:38Z","0"
"container_blkio_device_usage_total","device=/dev/vdb;id=/restricted;instance=cadvisor:8080;job=iot_service;major=254;minor=16;operation=Write","2025-11-03T15:28:53Z","0"
"container_blkio_device_usage_total","device=/dev/vdb;id=/restricted;instance=cadvisor:8080;job=iot_service;major=254;minor=16;operation=Write","2025-11-03T15:29:08Z","0"
