metric,labels,timestamp,value
"container_fs_limit_bytes","__name__=container_fs_limit_bytes;device=/dev;id=/;instance=cadvisor:8080;job=iot_service","2025-10-31T10:16:09Z","67108864"
"container_fs_limit_bytes","__name__=container_fs_limit_bytes;device=/dev;id=/;instance=cadvisor:8080;job=iot_service","2025-10-31T10:16:24Z","67108864"
"container_fs_limit_bytes","__name__=container_fs_limit_bytes;device=/dev;id=/;instance=cadvisor:8080;job=iot_service","2025-10-31T10:16:39Z","67108864"
"container_fs_limit_bytes","__name__=container_fs_limit_bytes;device=/dev;id=/;instance=cadvisor:8080;job=iot_service","2025-10-31T10:16:54Z","67108864"
"container_fs_limit_bytes","__name__=container_fs_limit_bytes;device=/dev;id=/;instance=cadvisor:8080;job=iot_service","2025-10-31T10:17:09Z","67108864"
"container_fs_limit_bytes","__name__=container_fs_limit_bytes;device=/dev;id=/;instance=cadvisor:8080;job=iot_service","2025-10-31T10:17:24Z","67108864"
"container_fs_limit_bytes","__name__=container_fs_limit_bytes;device=/dev;id=/;instance=cadvisor:8080;job=iot_service","2025-10-31T10:17:39Z","67108864"
"container_fs_limit_bytes","__name__=container_fs_limit_bytes;device=/dev;id=/;instance=cadvisor:8080;job=iot_service","2025-10-31T10:17:54Z","67108864"
"container_fs_limit_bytes","__name__=container_fs_limit_bytes;device=/dev;id=/;instance=cadvisor:8080;job=iot_service","2025-10-31T10:18:09Z","67108864"
"container_fs_limit_bytes","__name__=container_fs_limit_bytes;device=/dev;id=/;instance=cadvisor:8080;job=iot_service","2025-10-31T10:18:24Z","67108864"
"container_fs_limit_bytes","__name__=container_fs_limit_bytes;device=/dev;id=/;instance=cadvisor:8080;job=iot_service","2025-10-31T10:18:39Z","67108864"
"container_fs_limit_bytes","__name__=container_fs_limit_bytes;device=/dev;id=/;instance=cadvisor:8080;job=iot_service","2025-10-31T10:18:54Z","67108864"
"container_fs_limit_bytes","__name__=container_fs_limit_bytes;device=/dev;id=/;instance=cadvisor:8080;job=iot_service","2025-10-31T10:19:09Z","67108864"
"container_fs_limit_bytes","__name__=container_fs_limit_bytes;device=/dev;id=/;instance=cadvisor:8080;job=iot_service","2025-10-31T10:19:24Z","67108864"
"container_fs_limit_bytes","__name__=container_fs_limit_bytes;device=/dev;id=/;instance=cadvisor:8080;job=iot_service","2025-10-31T10:19:39Z","67108864"
"container_fs_limit_bytes","__name__=container_fs_limit_bytes;device=/dev;id=/;instance=cadvisor:8080;job=iot_service","2025-10-31T10:19:54Z","67108864"
"container_fs_limit_bytes","__name__=container_fs_limit_bytes;device=/dev;id=/;instance=cadvisor:8080;job=iot_service","2025-10-31T10:20:09Z","67108864"
"container_fs_limit_bytes","__name__=container_fs_limit_bytes;device=/dev;id=/;instance=cadvisor:8080;job=iot_service","2025-10-31T10:20:24Z","67108864"
"container_fs_limit_bytes","__name__=container_fs_limit_bytes;device=/dev;id=/;instance=cadvisor:8080;job=iot_service","2025-10-31T10:20:39Z","67108864"
"container_fs_limit_bytes","__name__=container_fs_limit_bytes;device=/dev;id=/;instance=cadvisor:8080;job=iot_service","2025-10-31T10:20:54Z","67108864"
"container_fs_limit_bytes","__name__=container_fs_limit_bytes;device=/dev;id=/;instance=cadvisor:8080;job=iot_service","2025-10-31T10:21:09Z","67108864"
"container_fs_limit_bytes","__name__=container_fs_limit_bytes;device=/dev;id=/;instance=cadvisor:8080;job=iot_service","2025-10-31T10:21:24Z","67108864"
"container_fs_limit_bytes","__name__=container_fs_limit_bytes;device=/dev;id=/;instance=cadvisor:8080;job=iot_service","2025-10-31T10:21:39Z","67108864"
"container_fs_limit_bytes","__name__=container_fs_limit_bytes;device=/dev;id=/;instance=cadvisor:8080;job=iot_service","2025-10-31T10:21:54Z","67108864"
"container_fs_limit_bytes","__name__=container_fs_limit_bytes;device=/dev;id=/;instance=cadvisor:8080;job=iot_service","2025-10-31T10:22:09Z","67108864"
"container_fs_limit_bytes","__name__=container_fs_limit_bytes;device=/dev;id=/;instance=cadvisor:8080;job=iot_service","2025-10-31T10:22:24Z","67108864"
"container_fs_limit_bytes","__name__=container_fs_limit_bytes;device=/dev;id=/;instance=cadvisor:8080;job=iot_service","2025-10-31T10:22:39Z","67108864"
"container_fs_limit_bytes","__name__=container_fs_limit_bytes;device=/dev;id=/;instance=cadvisor:8080;job=iot_service","2025-10-31T10:22:54Z","67108864"
"container_fs_limit_bytes","__name__=container_fs_limit_bytes;device=/dev;id=/;instance=cadvisor:8080;job=iot_service","2025-10-31T10:23:09Z","67108864"
"container_fs_limit_bytes","__name__=container_fs_limit_bytes;device=/dev;id=/;instance=cadvisor:8080;job=iot_service","2025-10-31T10:23:24Z","67108864"
"container_fs_limit_bytes","__name__=container_fs_limit_bytes;device=/dev;id=/;instance=cadvisor:8080;job=iot_service","2025-10-31T10:23:39Z","67108864"
"container_fs_limit_bytes","__name__=container_fs_limit_bytes;device=/dev;id=/;instance=cadvisor:8080;job=iot_service","2025-10-31T10:23:54Z","67108864"
"container_fs_limit_bytes","__name__=container_fs_limit_bytes;device=/dev;id=/;instance=cadvisor:8080;job=iot_service","2025-10-31T10:24:09Z","67108864"
"container_fs_limit_bytes","__name__=container_fs_limit_bytes;device=/dev;id=/;instance=cadvisor:8080;job=iot_service","2025-10-31T10:24:24Z","67108864"
"container_fs_limit_bytes","__name__=container_fs_limit_bytes;device=/dev;id=/;instance=cadvisor:8080;job=iot_service","2025-10-31T10:24:39Z","67108864"
"container_fs_limit_bytes","__name__=container_fs_limit_bytes;device=/dev;id=/;instance=cadvisor:8080;job=iot_service","2025-10-31T10:24:54Z","67108864"
"container_fs_limit_bytes","__name__=container_fs_limit_bytes;device=/dev;id=/;instance=cadvisor:8080;job=iot_service","2025-10-31T10:25:09Z","67108864"
"container_fs_limit_bytes","__name__=container_fs_limit_bytes;device=/dev;id=/;instance=cadvisor:8080;job=iot_service","2025-10-31T10:25:24Z","67108864"
"container_fs_limit_bytes","__name__=container_fs_limit_bytes;device=/dev;id=/;instance=cadvisor:8080;job=iot_service","2025-10-31T10:25:39Z","67108864"
"container_fs_limit_bytes","__name__=container_fs_limit_bytes;device=/dev;id=/;instance=cadvisor:8080;job=iot_service","2025-10-31T10:25:54Z","67108864"
"container_fs_limit_bytes","__name__=container_fs_limit_bytes;device=/dev;id=/;instance=cadvisor:8080;job=iot_service","2025-10-31T10:26:09Z","67108864"
"container_fs_limit_bytes","__name__=container_fs_limit_bytes;device=/dev;id=/;instance=cadvisor:8080;job=iot_service","2025-10-31T10:26:24Z","67108864"
"container_fs_limit_bytes","__name__=container_fs_limit_bytes;device=/dev;id=/;instance=cadvisor:8080;job=iot_service","2025-10-31T10:26:39Z","67108864"
"container_fs_limit_bytes","__name__=container_fs_limit_bytes;device=/dev;id=/;instance=cadvisor:8080;job=iot_service","2025-10-31T10:26:54Z","67108864"
"container_fs_limit_bytes","__name__=container_fs_limit_bytes;device=/dev;id=/;instance=cadvisor:8080;job=iot_service","2025-10-31T10:27:09Z","67108864"
"container_fs_limit_bytes","__name__=container_fs_limit_bytes;device=/dev;id=/;instance=cadvisor:8080;job=iot_service","2025-10-31T10:27:24Z","67108864"
"container_fs_limit_bytes","__name__=container_fs_limit_bytes;device=/dev;id=/;instance=cadvisor:8080;job=iot_service","2025-10-31T10:27:39Z","67108864"
"container_fs_limit_bytes","__name__=container_fs_limit_bytes;device=/dev;id=/;instance=cadvisor:8080;job=iot_service","2025-10-31T10:27:54Z","67108864"
"container_fs_limit_bytes","__name__=container_fs_limit_bytes;device=/dev;id=/;instance=cadvisor:8080;job=iot_service","2025-10-31T10:28:09Z","67108864"
"container_fs_limit_bytes","__name__=container_fs_limit_bytes;device=/dev;id=/;instance=cadvisor:8080;job=iot_service","2025-10-31T10:28:24Z","67108864"
"container_fs_limit_bytes","__name__=container_fs_limit_bytes;device=/dev;id=/;instance=cadvisor:8080;job=iot_service","2025-10-31T10:28:39Z","67108864"
"container_fs_limit_bytes","__name__=container_fs_limit_bytes;device=/dev;id=/;instance=cadvisor:8080;job=iot_service","2025-10-31T10:28:54Z","67108864"
"container_fs_limit_bytes","__name__=container_fs_limit_bytes;device=/dev;id=/;instance=cadvisor:8080;job=iot_service","2025-10-31T10:29:09Z","67108864"
"container_fs_limit_bytes","__name__=container_fs_limit_bytes;device=/dev;id=/;instance=cadvisor:8080;job=iot_service","2025-10-31T10:29:24Z","67108864"
"container_fs_limit_bytes","__name__=container_fs_limit_bytes;device=/dev;id=/;instance=cadvisor:8080;job=iot_service","2025-10-31T10:29:39Z","67108864"
"container_fs_limit_bytes","__name__=container_fs_limit_bytes;device=/dev;id=/;instance=cadvisor:8080;job=iot_service","2025-10-31T10:29:54Z","67108864"
"container_fs_limit_bytes","__name__=container_fs_limit_bytes;device=/dev;id=/;instance=cadvisor:8080;job=iot_service","2025-10-31T10:30:09Z","67108864"
"container_fs_limit_bytes","__name__=container_fs_limit_bytes;device=/dev;id=/;instance=cadvisor:8080;job=iot_service","2025-10-31T10:30:24Z","67108864"
"container_fs_limit_bytes","__name__=container_fs_limit_bytes;device=/dev;id=/;instance=cadvisor:8080;job=iot_service","2025-10-31T10:30:39Z","67108864"
"container_fs_limit_bytes","__name__=container_fs_limit_bytes;device=/dev;id=/;instance=cadvisor:8080;job=iot_service","2025-10-31T10:30:54Z","67108864"
"container_fs_limit_bytes","__name__=container_fs_limit_bytes;device=/dev;id=/;instance=cadvisor:8080;job=iot_service","2025-10-31T10:31:09Z","67108864"
"container_fs_limit_bytes","__name__=container_fs_limit_bytes;device=/dev/shm;id=/;instance=cadvisor:8080;job=iot_service","2025-10-31T10:16:09Z","67108864"
"container_fs_limit_bytes","__name__=container_fs_limit_bytes;device=/dev/shm;id=/;instance=cadvisor:8080;job=iot_service","2025-10-31T10:16:24Z","67108864"
"container_fs_limit_bytes","__name__=container_fs_limit_bytes;device=/dev/shm;id=/;instance=cadvisor:8080;job=iot_service","2025-10-31T10:16:39Z","67108864"
"container_fs_limit_bytes","__name__=container_fs_limit_bytes;device=/dev/shm;id=/;instance=cadvisor:8080;job=iot_service","2025-10-31T10:16:54Z","67108864"
"container_fs_limit_bytes","__name__=container_fs_limit_bytes;device=/dev/shm;id=/;instance=cadvisor:8080;job=iot_service","2025-10-31T10:17:09Z","67108864"
"container_fs_limit_bytes","__name__=container_fs_limit_bytes;device=/dev/shm;id=/;instance=cadvisor:8080;job=iot_service","2025-10-31T10:17:24Z","67108864"
"container_fs_limit_bytes","__name__=container_fs_limit_bytes;device=/dev/shm;id=/;instance=cadvisor:8080;job=iot_service","2025-10-31T10:17:39Z","67108864"
"container_fs_limit_bytes","__name__=container_fs_limit_bytes;device=/dev/shm;id=/;instance=cadvisor:8080;job=iot_service","2025-10-31T10:17:54Z","67108864"
"container_fs_limit_bytes","__name__=container_fs_limit_bytes;device=/dev/shm;id=/;instance=cadvisor:8080;job=iot_service","2025-10-31T10:18:09Z","67108864"
"container_fs_limit_bytes","__name__=container_fs_limit_bytes;device=/dev/shm;id=/;instance=cadvisor:8080;job=iot_service","2025-10-31T10:18:24Z","67108864"
"container_fs_limit_bytes","__name__=container_fs_limit_bytes;device=/dev/shm;id=/;instance=cadvisor:8080;job=iot_service","2025-10-31T10:18:39Z","67108864"
"container_fs_limit_bytes","__name__=container_fs_limit_bytes;device=/dev/shm;id=/;instance=cadvisor:8080;job=iot_service","2025-10-31T10:18:54Z","67108864"
"container_fs_limit_bytes","__name__=container_fs_limit_bytes;device=/dev/shm;id=/;instance=cadvisor:8080;job=iot_service","2025-10-31T10:19:09Z","67108864"
"container_fs_limit_bytes","__name__=container_fs_limit_bytes;device=/dev/shm;id=/;instance=cadvisor:8080;job=iot_service","2025-10-31T10:19:24Z","67108864"
"container_fs_limit_bytes","__name__=container_fs_limit_bytes;device=/dev/shm;id=/;instance=cadvisor:8080;job=iot_service","2025-10-31T10:19:39Z","67108864"
"container_fs_limit_bytes","__name__=container_fs_limit_bytes;device=/dev/shm;id=/;instance=cadvisor:8080;job=iot_service","2025-10-31T10:19:54Z","67108864"
"container_fs_limit_bytes","__name__=container_fs_limit_bytes;device=/dev/shm;id=/;instance=cadvisor:8080;job=iot_service","2025-10-31T10:20:09Z","67108864"
"container_fs_limit_bytes","__name__=container_fs_limit_bytes;device=/dev/shm;id=/;instance=cadvisor:8080;job=iot_service","2025-10-31T10:20:24Z","67108864"
"container_fs_limit_bytes","__name__=container_fs_limit_bytes;device=/dev/shm;id=/;instance=cadvisor:8080;job=iot_service","2025-10-31T10:20:39Z","67108864"
"container_fs_limit_bytes","__name__=container_fs_limit_bytes;device=/dev/shm;id=/;instance=cadvisor:8080;job=iot_service","2025-10-31T10:20:54Z","67108864"
"container_fs_limit_bytes","__name__=container_fs_limit_bytes;device=/dev/shm;id=/;instance=cadvisor:8080;job=iot_service","2025-10-31T10:21:09Z","67108864"
"container_fs_limit_bytes","__name__=container_fs_limit_bytes;device=/dev/shm;id=/;instance=cadvisor:8080;job=iot_service","2025-10-31T10:21:24Z","67108864"
"container_fs_limit_bytes","__name__=container_fs_limit_bytes;device=/dev/shm;id=/;instance=cadvisor:8080;job=iot_service","2025-10-31T10:21:39Z","67108864"
"container_fs_limit_bytes","__name__=container_fs_limit_bytes;device=/dev/shm;id=/;instance=cadvisor:8080;job=iot_service","2025-10-31T10:21:54Z","67108864"
"container_fs_limit_bytes","__name__=container_fs_limit_bytes;device=/dev/shm;id=/;instance=cadvisor:8080;job=iot_service","2025-10-31T10:22:09Z","67108864"
"container_fs_limit_bytes","__name__=container_fs_limit_bytes;device=/dev/shm;id=/;instance=cadvisor:8080;job=iot_service","2025-10-31T10:22:24Z","67108864"
"container_fs_limit_bytes","__name__=container_fs_limit_bytes;device=/dev/shm;id=/;instance=cadvisor:8080;job=iot_service","2025-10-31T10:22:39Z","67108864"
"container_fs_limit_bytes","__name__=container_fs_limit_bytes;device=/dev/shm;id=/;instance=cadvisor:8080;job=iot_service","2025-10-31T10:22:54Z","67108864"
"container_fs_limit_bytes","__name__=container_fs_limit_bytes;device=/dev/shm;id=/;instance=cadvisor:8080;job=iot_service","2025-10-31T10:23:09Z","67108864"
"container_fs_limit_bytes","__name__=container_fs_limit_bytes;device=/dev/shm;id=/;instance=cadvisor:8080;job=iot_service","2025-10-31T10:23:24Z","67108864"
"container_fs_limit_bytes","__name__=container_fs_limit_bytes;device=/dev/shm;id=/;instance=cadvisor:8080;job=iot_service","2025-10-31T10:23:39Z","67108864"
"container_fs_limit_bytes","__name__=container_fs_limit_bytes;device=/dev/shm;id=/;instance=cadvisor:8080;job=iot_service","2025-10-31T10:23:54Z","67108864"
"container_fs_limit_bytes","__name__=container_fs_limit_bytes;device=/dev/shm;id=/;instance=cadvisor:8080;job=iot_service","2025-10-31T10:24:09Z","67108864"
"container_fs_limit_bytes","__name__=container_fs_limit_bytes;device=/dev/shm;id=/;instance=cadvisor:8080;job=iot_service","2025-10-31T10:24:24Z","67108864"
"container_fs_limit_bytes","__name__=container_fs_limit_bytes;device=/dev/shm;id=/;instance=cadvisor:8080;job=iot_service","2025-10-31T10:24:39Z","67108864"
"container_fs_limit_bytes","__name__=container_fs_limit_bytes;device=/dev/shm;id=/;instance=cadvisor:8080;job=iot_service","2025-10-31T10:24:54Z","67108864"
"container_fs_limit_bytes","__name__=container_fs_limit_bytes;device=/dev/shm;id=/;instance=cadvisor:8080;job=iot_service","2025-10-31T10:25:09Z","67108864"
"container_fs_limit_bytes","__name__=container_fs_limit_bytes;device=/dev/shm;id=/;instance=cadvisor:8080;job=iot_service","2025-10-31T10:25:24Z","67108864"
"container_fs_limit_bytes","__name__=container_fs_limit_bytes;device=/dev/shm;id=/;instance=cadvisor:8080;job=iot_service","2025-10-31T10:25:39Z","67108864"
"container_fs_limit_bytes","__name__=container_fs_limit_bytes;device=/dev/shm;id=/;instance=cadvisor:8080;job=iot_service","2025-10-31T10:25:54Z","67108864"
"container_fs_limit_bytes","__name__=container_fs_limit_bytes;device=/dev/shm;id=/;instance=cadvisor:8080;job=iot_service","2025-10-31T10:26:09Z","67108864"
"container_fs_limit_bytes","__name__=container_fs_limit_bytes;device=/dev/shm;id=/;instance=cadvisor:8080;job=iot_service","2025-10-31T10:26:24Z","67108864"
"container_fs_limit_bytes","__name__=container_fs_limit_bytes;device=/dev/shm;id=/;instance=cadvisor:8080;job=iot_service","2025-10-31T10:26:39Z","67108864"
"container_fs_limit_bytes","__name__=container_fs_limit_bytes;device=/dev/shm;id=/;instance=cadvisor:8080;job=iot_service","2025-10-31T10:26:54Z","67108864"
"container_fs_limit_bytes","__name__=container_fs_limit_bytes;device=/dev/shm;id=/;instance=cadvisor:8080;job=iot_service","2025-10-31T10:27:09Z","67108864"
"container_fs_limit_bytes","__name__=container_fs_limit_bytes;device=/dev/shm;id=/;instance=cadvisor:8080;job=iot_service","2025-10-31T10:27:24Z","67108864"
"container_fs_limit_bytes","__name__=container_fs_limit_bytes;device=/dev/shm;id=/;instance=cadvisor:8080;job=iot_service","2025-10-31T10:27:39Z","67108864"
"container_fs_limit_bytes","__name__=container_fs_limit_bytes;device=/dev/shm;id=/;instance=cadvisor:8080;job=iot_service","2025-10-31T10:27:54Z","67108864"
"container_fs_limit_bytes","__name__=container_fs_limit_bytes;device=/dev/shm;id=/;instance=cadvisor:8080;job=iot_service","2025-10-31T10:28:09Z","67108864"
"container_fs_limit_bytes","__name__=container_fs_limit_bytes;device=/dev/shm;id=/;instance=cadvisor:8080;job=iot_service","2025-10-31T10:28:24Z","67108864"
"container_fs_limit_bytes","__name__=container_fs_limit_bytes;device=/dev/shm;id=/;instance=cadvisor:8080;job=iot_service","2025-10-31T10:28:39Z","67108864"
"container_fs_limit_bytes","__name__=container_fs_limit_bytes;device=/dev/shm;id=/;instance=cadvisor:8080;job=iot_service","2025-10-31T10:28:54Z","67108864"
"container_fs_limit_bytes","__name__=container_fs_limit_bytes;device=/dev/shm;id=/;instance=cadvisor:8080;job=iot_service","2025-10-31T10:29:09Z","67108864"
"container_fs_limit_bytes","__name__=container_fs_limit_bytes;device=/dev/shm;id=/;instance=cadvisor:8080;job=iot_service","2025-10-31T10:29:24Z","67108864"
"container_fs_limit_bytes","__name__=container_fs_limit_bytes;device=/dev/shm;id=/;instance=cadvisor:8080;job=iot_service","2025-10-31T10:29:39Z","67108864"
"container_fs_limit_bytes","__name__=container_fs_limit_bytes;device=/dev/shm;id=/;instance=cadvisor:8080;job=iot_service","2025-10-31T10:29:54Z","67108864"
"container_fs_limit_bytes","__name__=container_fs_limit_bytes;device=/dev/shm;id=/;instance=cadvisor:8080;job=iot_service","2025-10-31T10:30:09Z","67108864"
"container_fs_limit_bytes","__name__=container_fs_limit_bytes;device=/dev/shm;id=/;instance=cadvisor:8080;job=iot_service","2025-10-31T10:30:24Z","67108864"
"container_fs_limit_bytes","__name__=container_fs_limit_bytes;device=/dev/shm;id=/;instance=cadvisor:8080;job=iot_service","2025-10-31T10:30:39Z","67108864"
"container_fs_limit_bytes","__name__=container_fs_limit_bytes;device=/dev/shm;id=/;instance=cadvisor:8080;job=iot_service","2025-10-31T10:30:54Z","67108864"
"container_fs_limit_bytes","__name__=container_fs_limit_bytes;device=/dev/shm;id=/;instance=cadvisor:8080;job=iot_service","2025-10-31T10:31:09Z","67108864"
"container_fs_limit_bytes","__name__=container_fs_limit_bytes;device=/dev/vda1;id=/;instance=cadvisor:8080;job=iot_service","2025-10-31T10:16:09Z","977896124416"
"container_fs_limit_bytes","__name__=container_fs_limit_bytes;device=/dev/vda1;id=/;instance=cadvisor:8080;job=iot_service","2025-10-31T10:16:24Z","977896124416"
"container_fs_limit_bytes","__name__=container_fs_limit_bytes;device=/dev/vda1;id=/;instance=cadvisor:8080;job=iot_service","2025-10-31T10:16:39Z","977896124416"
"container_fs_limit_bytes","__name__=container_fs_limit_bytes;device=/dev/vda1;id=/;instance=cadvisor:8080;job=iot_service","2025-10-31T10:16:54Z","977896124416"
"container_fs_limit_bytes","__name__=container_fs_limit_bytes;device=/dev/vda1;id=/;instance=cadvisor:8080;job=iot_service","2025-10-31T10:17:09Z","977896124416"
"container_fs_limit_bytes","__name__=container_fs_limit_bytes;device=/dev/vda1;id=/;instance=cadvisor:8080;job=iot_service","2025-10-31T10:17:24Z","977896124416"
"container_fs_limit_bytes","__name__=container_fs_limit_bytes;device=/dev/vda1;id=/;instance=cadvisor:8080;job=iot_service","2025-10-31T10:17:39Z","977896124416"
"container_fs_limit_bytes","__name__=container_fs_limit_bytes;device=/dev/vda1;id=/;instance=cadvisor:8080;job=iot_service","2025-10-31T10:17:54Z","977896124416"
"container_fs_limit_bytes","__name__=container_fs_limit_bytes;device=/dev/vda1;id=/;instance=cadvisor:8080;job=iot_service","2025-10-31T10:18:09Z","977896124416"
"container_fs_limit_bytes","__name__=container_fs_limit_bytes;device=/dev/vda1;id=/;instance=cadvisor:8080;job=iot_service","2025-10-31T10:18:24Z","977896124416"
"container_fs_limit_bytes","__name__=container_fs_limit_bytes;device=/dev/vda1;id=/;instance=cadvisor:8080;job=iot_service","2025-10-31T10:18:39Z","977896124416"
"container_fs_limit_bytes","__name__=container_fs_limit_bytes;device=/dev/vda1;id=/;instance=cadvisor:8080;job=iot_service","2025-10-31T10:18:54Z","977896124416"
"container_fs_limit_bytes","__name__=container_fs_limit_bytes;device=/dev/vda1;id=/;instance=cadvisor:8080;job=iot_service","2025-10-31T10:19:09Z","977896124416"
"container_fs_limit_bytes","__name__=container_fs_limit_bytes;device=/dev/vda1;id=/;instance=cadvisor:8080;job=iot_service","2025-10-31T10:19:24Z","977896124416"
"container_fs_limit_bytes","__name__=container_fs_limit_bytes;device=/dev/vda1;id=/;instance=cadvisor:8080;job=iot_service","2025-10-31T10:19:39Z","977896124416"
"container_fs_limit_bytes","__name__=container_fs_limit_bytes;device=/dev/vda1;id=/;instance=cadvisor:8080;job=iot_service","2025-10-31T10:19:54Z","977896124416"
"container_fs_limit_bytes","__name__=container_fs_limit_bytes;device=/dev/vda1;id=/;instance=cadvisor:8080;job=iot_service","2025-10-31T10:20:09Z","977896124416"
"container_fs_limit_bytes","__name__=container_fs_limit_bytes;device=/dev/vda1;id=/;instance=cadvisor:8080;job=iot_service","2025-10-31T10:20:24Z","977896124416"
"container_fs_limit_bytes","__name__=container_fs_limit_bytes;device=/dev/vda1;id=/;instance=cadvisor:8080;job=iot_service","2025-10-31T10:20:39Z","977896124416"
"container_fs_limit_bytes","__name__=container_fs_limit_bytes;device=/dev/vda1;id=/;instance=cadvisor:8080;job=iot_service","2025-10-31T10:20:54Z","977896124416"
"container_fs_limit_bytes","__name__=container_fs_limit_bytes;device=/dev/vda1;id=/;instance=cadvisor:8080;job=iot_service","2025-10-31T10:21:09Z","977896124416"
"container_fs_limit_bytes","__name__=container_fs_limit_bytes;device=/dev/vda1;id=/;instance=cadvisor:8080;job=iot_service","2025-10-31T10:21:24Z","977896124416"
"container_fs_limit_bytes","__name__=container_fs_limit_bytes;device=/dev/vda1;id=/;instance=cadvisor:8080;job=iot_service","2025-10-31T10:21:39Z","977896124416"
"container_fs_limit_bytes","__name__=container_fs_limit_bytes;device=/dev/vda1;id=/;instance=cadvisor:8080;job=iot_service","2025-10-31T10:21:54Z","977896124416"
"container_fs_limit_bytes","__name__=container_fs_limit_bytes;device=/dev/vda1;id=/;instance=cadvisor:8080;job=iot_service","2025-10-31T10:22:09Z","977896124416"
"container_fs_limit_bytes","__name__=container_fs_limit_bytes;device=/dev/vda1;id=/;instance=cadvisor:8080;job=iot_service","2025-10-31T10:22:24Z","977896124416"
"container_fs_limit_bytes","__name__=container_fs_limit_bytes;device=/dev/vda1;id=/;instance=cadvisor:8080;job=iot_service","2025-10-31T10:22:39Z","977896124416"
"container_fs_limit_bytes","__name__=container_fs_limit_bytes;device=/dev/vda1;id=/;instance=cadvisor:8080;job=iot_service","2025-10-31T10:22:54Z","977896124416"
"container_fs_limit_bytes","__name__=container_fs_limit_bytes;device=/dev/vda1;id=/;instance=cadvisor:8080;job=iot_service","2025-10-31T10:23:09Z","977896124416"
"container_fs_limit_bytes","__name__=container_fs_limit_bytes;device=/dev/vda1;id=/;instance=cadvisor:8080;job=iot_service","2025-10-31T10:23:24Z","977896124416"
"container_fs_limit_bytes","__name__=container_fs_limit_bytes;device=/dev/vda1;id=/;instance=cadvisor:8080;job=iot_service","2025-10-31T10:23:39Z","977896124416"
"container_fs_limit_bytes","__name__=container_fs_limit_bytes;device=/dev/vda1;id=/;instance=cadvisor:8080;job=iot_service","2025-10-31T10:23:54Z","977896124416"
"container_fs_limit_bytes","__name__=container_fs_limit_bytes;device=/dev/vda1;id=/;instance=cadvisor:8080;job=iot_service","2025-10-31T10:24:09Z","977896124416"
"container_fs_limit_bytes","__name__=container_fs_limit_bytes;device=/dev/vda1;id=/;instance=cadvisor:8080;job=iot_service","2025-10-31T10:24:24Z","977896124416"
"container_fs_limit_bytes","__name__=container_fs_limit_bytes;device=/dev/vda1;id=/;instance=cadvisor:8080;job=iot_service","2025-10-31T10:24:39Z","977896124416"
"container_fs_limit_bytes","__name__=container_fs_limit_bytes;device=/dev/vda1;id=/;instance=cadvisor:8080;job=iot_service","2025-10-31T10:24:54Z","977896124416"
"container_fs_limit_bytes","__name__=container_fs_limit_bytes;device=/dev/vda1;id=/;instance=cadvisor:8080;job=iot_service","2025-10-31T10:25:09Z","977896124416"
"container_fs_limit_bytes","__name__=container_fs_limit_bytes;device=/dev/vda1;id=/;instance=cadvisor:8080;job=iot_service","2025-10-31T10:25:24Z","977896124416"
"container_fs_limit_bytes","__name__=container_fs_limit_bytes;device=/dev/vda1;id=/;instance=cadvisor:8080;job=iot_service","2025-10-31T10:25:39Z","977896124416"
"container_fs_limit_bytes","__name__=container_fs_limit_bytes;device=/dev/vda1;id=/;instance=cadvisor:8080;job=iot_service","2025-10-31T10:25:54Z","977896124416"
"container_fs_limit_bytes","__name__=container_fs_limit_bytes;device=/dev/vda1;id=/;instance=cadvisor:8080;job=iot_service","2025-10-31T10:26:09Z","977896124416"
"container_fs_limit_bytes","__name__=container_fs_limit_bytes;device=/dev/vda1;id=/;instance=cadvisor:8080;job=iot_service","2025-10-31T10:26:24Z","977896124416"
"container_fs_limit_bytes","__name__=container_fs_limit_bytes;device=/dev/vda1;id=/;instance=cadvisor:8080;job=iot_service","2025-10-31T10:26:39Z","977896124416"
"container_fs_limit_bytes","__name__=container_fs_limit_bytes;device=/dev/vda1;id=/;instance=cadvisor:8080;job=iot_service","2025-10-31T10:26:54Z","977896124416"
"container_fs_limit_bytes","__name__=container_fs_limit_bytes;device=/dev/vda1;id=/;instance=cadvisor:8080;job=iot_service","2025-10-31T10:27:09Z","977896124416"
"container_fs_limit_bytes","__name__=container_fs_limit_bytes;device=/dev/vda1;id=/;instance=cadvisor:8080;job=iot_service","2025-10-31T10:27:24Z","977896124416"
"container_fs_limit_bytes","__name__=container_fs_limit_bytes;device=/dev/vda1;id=/;instance=cadvisor:8080;job=iot_service","2025-10-31T10:27:39Z","977896124416"
"container_fs_limit_bytes","__name__=container_fs_limit_bytes;device=/dev/vda1;id=/;instance=cadvisor:8080;job=iot_service","2025-10-31T10:27:54Z","977896124416"
"container_fs_limit_bytes","__name__=container_fs_limit_bytes;device=/dev/vda1;id=/;instance=cadvisor:8080;job=iot_service","2025-10-31T10:28:09Z","977896124416"
"container_fs_limit_bytes","__name__=container_fs_limit_bytes;device=/dev/vda1;id=/;instance=cadvisor:8080;job=iot_service","2025-10-31T10:28:24Z","977896124416"
"container_fs_limit_bytes","__name__=container_fs_limit_bytes;device=/dev/vda1;id=/;instance=cadvisor:8080;job=iot_service","2025-10-31T10:28:39Z","977896124416"
"container_fs_limit_bytes","__name__=container_fs_limit_bytes;device=/dev/vda1;id=/;instance=cadvisor:8080;job=iot_service","2025-10-31T10:28:54Z","977896124416"
"container_fs_limit_bytes","__name__=container_fs_limit_bytes;device=/dev/vda1;id=/;instance=cadvisor:8080;job=iot_service","2025-10-31T10:29:09Z","977896124416"
"container_fs_limit_bytes","__name__=container_fs_limit_bytes;device=/dev/vda1;id=/;instance=cadvisor:8080;job=iot_service","2025-10-31T10:29:24Z","977896124416"
"container_fs_limit_bytes","__name__=container_fs_limit_bytes;device=/dev/vda1;id=/;instance=cadvisor:8080;job=iot_service","2025-10-31T10:29:39Z","977896124416"
"container_fs_limit_bytes","__name__=container_fs_limit_bytes;device=/dev/vda1;id=/;instance=cadvisor:8080;job=iot_service","2025-10-31T10:29:54Z","977896124416"
"container_fs_limit_bytes","__name__=container_fs_limit_bytes;device=/dev/vda1;id=/;instance=cadvisor:8080;job=iot_service","2025-10-31T10:30:09Z","977896124416"
"container_fs_limit_bytes","__name__=container_fs_limit_bytes;device=/dev/vda1;id=/;instance=cadvisor:8080;job=iot_service","2025-10-31T10:30:24Z","977896124416"
"container_fs_limit_bytes","__name__=container_fs_limit_bytes;device=/dev/vda1;id=/;instance=cadvisor:8080;job=iot_service","2025-10-31T10:30:39Z","977896124416"
"container_fs_limit_bytes","__name__=container_fs_limit_bytes;device=/dev/vda1;id=/;instance=cadvisor:8080;job=iot_service","2025-10-31T10:30:54Z","977896124416"
"container_fs_limit_bytes","__name__=container_fs_limit_bytes;device=/dev/vda1;id=/;instance=cadvisor:8080;job=iot_service","2025-10-31T10:31:09Z","977896124416"
"container_fs_limit_bytes","__name__=container_fs_limit_bytes;device=/proc/interrupts;id=/;instance=cadvisor:8080;job=iot_service","2025-10-31T10:16:09Z","67108864"
"container_fs_limit_bytes","__name__=container_fs_limit_bytes;device=/proc/interrupts;id=/;instance=cadvisor:8080;job=iot_service","2025-10-31T10:16:24Z","67108864"
"container_fs_limit_bytes","__name__=container_fs_limit_bytes;device=/proc/interrupts;id=/;instance=cadvisor:8080;job=iot_service","2025-10-31T10:16:39Z","67108864"
"container_fs_limit_bytes","__name__=container_fs_limit_bytes;device=/proc/interrupts;id=/;instance=cadvisor:8080;job=iot_service","2025-10-31T10:16:54Z","67108864"
"container_fs_limit_bytes","__name__=container_fs_limit_bytes;device=/proc/interrupts;id=/;instance=cadvisor:8080;job=iot_service","2025-10-31T10:17:09Z","67108864"
"container_fs_limit_bytes","__name__=container_fs_limit_bytes;device=/proc/interrupts;id=/;instance=cadvisor:8080;job=iot_service","2025-10-31T10:17:24Z","67108864"
"container_fs_limit_bytes","__name__=container_fs_limit_bytes;device=/proc/interrupts;id=/;instance=cadvisor:8080;job=iot_service","2025-10-31T10:17:39Z","67108864"
"container_fs_limit_bytes","__name__=container_fs_limit_bytes;device=/proc/interrupts;id=/;instance=cadvisor:8080;job=iot_service","2025-10-31T10:17:54Z","67108864"
"container_fs_limit_bytes","__name__=container_fs_limit_bytes;device=/proc/interrupts;id=/;instance=cadvisor:8080;job=iot_service","2025-10-31T10:18:09Z","67108864"
"container_fs_limit_bytes","__name__=container_fs_limit_bytes;device=/proc/interrupts;id=/;instance=cadvisor:8080;job=iot_service","2025-10-31T10:18:24Z","67108864"
"container_fs_limit_bytes","__name__=container_fs_limit_bytes;device=/proc/interrupts;id=/;instance=cadvisor:8080;job=iot_service","2025-10-31T10:18:39Z","67108864"
"container_fs_limit_bytes","__name__=container_fs_limit_bytes;device=/proc/interrupts;id=/;instance=cadvisor:8080;job=iot_service","2025-10-31T10:18:54Z","67108864"
"container_fs_limit_bytes","__name__=container_fs_limit_bytes;device=/proc/interrupts;id=/;instance=cadvisor:8080;job=iot_service","2025-10-31T10:19:09Z","67108864"
"container_fs_limit_bytes","__name__=container_fs_limit_bytes;device=/proc/interrupts;id=/;instance=cadvisor:8080;job=iot_service","2025-10-31T10:19:24Z","67108864"
"container_fs_limit_bytes","__name__=container_fs_limit_bytes;device=/proc/interrupts;id=/;instance=cadvisor:8080;job=iot_service","2025-10-31T10:19:39Z","67108864"
"container_fs_limit_bytes","__name__=container_fs_limit_bytes;device=/proc/interrupts;id=/;instance=cadvisor:8080;job=iot_service","2025-10-31T10:19:54Z","67108864"
"container_fs_limit_bytes","__name__=container_fs_limit_bytes;device=/proc/interrupts;id=/;instance=cadvisor:8080;job=iot_service","2025-10-31T10:20:09Z","67108864"
"container_fs_limit_bytes","__name__=container_fs_limit_bytes;device=/proc/interrupts;id=/;instance=cadvisor:8080;job=iot_service","2025-10-31T10:20:24Z","67108864"
"container_fs_limit_bytes","__name__=container_fs_limit_bytes;device=/proc/interrupts;id=/;instance=cadvisor:8080;job=iot_service","2025-10-31T10:20:39Z","67108864"
"container_fs_limit_bytes","__name__=container_fs_limit_bytes;device=/proc/interrupts;id=/;instance=cadvisor:8080;job=iot_service","2025-10-31T10:20:54Z","67108864"
"container_fs_limit_bytes","__name__=container_fs_limit_bytes;device=/proc/interrupts;id=/;instance=cadvisor:8080;job=iot_service","2025-10-31T10:21:09Z","67108864"
"container_fs_limit_bytes","__name__=container_fs_limit_bytes;device=/proc/interrupts;id=/;instance=cadvisor:8080;job=iot_service","2025-10-31T10:21:24Z","67108864"
"container_fs_limit_bytes","__name__=container_fs_limit_bytes;device=/proc/interrupts;id=/;instance=cadvisor:8080;job=iot_service","2025-10-31T10:21:39Z","67108864"
"container_fs_limit_bytes","__name__=container_fs_limit_bytes;device=/proc/interrupts;id=/;instance=cadvisor:8080;job=iot_service","2025-10-31T10:21:54Z","67108864"
"container_fs_limit_bytes","__name__=container_fs_limit_bytes;device=/proc/interrupts;id=/;instance=cadvisor:8080;job=iot_service","2025-10-31T10:22:09Z","67108864"
"container_fs_limit_bytes","__name__=container_fs_limit_bytes;device=/proc/interrupts;id=/;instance=cadvisor:8080;job=iot_service","2025-10-31T10:22:24Z","67108864"
"container_fs_limit_bytes","__name__=container_fs_limit_bytes;device=/proc/interrupts;id=/;instance=cadvisor:8080;job=iot_service","2025-10-31T10:22:39Z","67108864"
"container_fs_limit_bytes","__name__=container_fs_limit_bytes;device=/proc/interrupts;id=/;instance=cadvisor:8080;job=iot_service","2025-10-31T10:22:54Z","67108864"
"container_fs_limit_bytes","__name__=container_fs_limit_bytes;device=/proc/interrupts;id=/;instance=cadvisor:8080;job=iot_service","2025-10-31T10:23:09Z","67108864"
"container_fs_limit_bytes","__name__=container_fs_limit_bytes;device=/proc/interrupts;id=/;instance=cadvisor:8080;job=iot_service","2025-10-31T10:23:24Z","67108864"
"container_fs_limit_bytes","__name__=container_fs_limit_bytes;device=/proc/interrupts;id=/;instance=cadvisor:8080;job=iot_service","2025-10-31T10:23:39Z","67108864"
"container_fs_limit_bytes","__name__=container_fs_limit_bytes;device=/proc/interrupts;id=/;instance=cadvisor:8080;job=iot_service","2025-10-31T10:23:54Z","67108864"
"container_fs_limit_bytes","__name__=container_fs_limit_bytes;device=/proc/interrupts;id=/;instance=cadvisor:8080;job=iot_service","2025-10-31T10:24:09Z","67108864"
"container_fs_limit_bytes","__name__=container_fs_limit_bytes;device=/proc/interrupts;id=/;instance=cadvisor:8080;job=iot_service","2025-10-31T10:24:24Z","67108864"
"container_fs_limit_bytes","__name__=container_fs_limit_bytes;device=/proc/interrupts;id=/;instance=cadvisor:8080;job=iot_service","2025-10-31T10:24:39Z","67108864"
"container_fs_limit_bytes","__name__=container_fs_limit_bytes;device=/proc/interrupts;id=/;instance=cadvisor:8080;job=iot_service","2025-10-31T10:24:54Z","67108864"
"container_fs_limit_bytes","__name__=container_fs_limit_bytes;device=/proc/interrupts;id=/;instance=cadvisor:8080;job=iot_service","2025-10-31T10:25:09Z","67108864"
"container_fs_limit_bytes","__name__=container_fs_limit_bytes;device=/proc/interrupts;id=/;instance=cadvisor:8080;job=iot_service","2025-10-31T10:25:24Z","67108864"
"container_fs_limit_bytes","__name__=container_fs_limit_bytes;device=/proc/interrupts;id=/;instance=cadvisor:8080;job=iot_service","2025-10-31T10:25:39Z","67108864"
"container_fs_limit_bytes","__name__=container_fs_limit_bytes;device=/proc/interrupts;id=/;instance=cadvisor:8080;job=iot_service","2025-10-31T10:25:54Z","67108864"
"container_fs_limit_bytes","__name__=container_fs_limit_bytes;device=/proc/interrupts;id=/;instance=cadvisor:8080;job=iot_service","2025-10-31T10:26:09Z","67108864"
"container_fs_limit_bytes","__name__=container_fs_limit_bytes;device=/proc/interrupts;id=/;instance=cadvisor:8080;job=iot_service","2025-10-31T10:26:24Z","67108864"
"container_fs_limit_bytes","__name__=container_fs_limit_bytes;device=/proc/interrupts;id=/;instance=cadvisor:8080;job=iot_service","2025-10-31T10:26:39Z","67108864"
"container_fs_limit_bytes","__name__=container_fs_limit_bytes;device=/proc/interrupts;id=/;instance=cadvisor:8080;job=iot_service","2025-10-31T10:26:54Z","67108864"
"container_fs_limit_bytes","__name__=container_fs_limit_bytes;device=/proc/interrupts;id=/;instance=cadvisor:8080;job=iot_service","2025-10-31T10:27:09Z","67108864"
"container_fs_limit_bytes","__name__=container_fs_limit_bytes;device=/proc/interrupts;id=/;instance=cadvisor:8080;job=iot_service","2025-10-31T10:27:24Z","67108864"
"container_fs_limit_bytes","__name__=container_fs_limit_bytes;device=/proc/interrupts;id=/;instance=cadvisor:8080;job=iot_service","2025-10-31T10:27:39Z","67108864"
"container_fs_limit_bytes","__name__=container_fs_limit_bytes;device=/proc/interrupts;id=/;instance=cadvisor:8080;job=iot_service","2025-10-31T10:27:54Z","67108864"
"container_fs_limit_bytes","__name__=container_fs_limit_bytes;device=/proc/interrupts;id=/;instance=cadvisor:8080;job=iot_service","2025-10-31T10:28:09Z","67108864"
"container_fs_limit_bytes","__name__=container_fs_limit_bytes;device=/proc/interrupts;id=/;instance=cadvisor:8080;job=iot_service","2025-10-31T10:28:24Z","67108864"
"container_fs_limit_bytes","__name__=container_fs_limit_bytes;device=/proc/interrupts;id=/;instance=cadvisor:8080;job=iot_service","2025-10-31T10:28:39Z","67108864"
"container_fs_limit_bytes","__name__=container_fs_limit_bytes;device=/proc/interrupts;id=/;instance=cadvisor:8080;job=iot_service","2025-10-31T10:28:54Z","67108864"
"container_fs_limit_bytes","__name__=container_fs_limit_bytes;device=/proc/interrupts;id=/;instance=cadvisor:8080;job=iot_service","2025-10-31T10:29:09Z","67108864"
"container_fs_limit_bytes","__name__=container_fs_limit_bytes;device=/proc/interrupts;id=/;instance=cadvisor:8080;job=iot_service","2025-10-31T10:29:24Z","67108864"
"container_fs_limit_bytes","__name__=container_fs_limit_bytes;device=/proc/interrupts;id=/;instance=cadvisor:8080;job=iot_service","2025-10-31T10:29:39Z","67108864"
"container_fs_limit_bytes","__name__=container_fs_limit_bytes;device=/proc/interrupts;id=/;instance=cadvisor:8080;job=iot_service","2025-10-31T10:29:54Z","67108864"
"container_fs_limit_bytes","__name__=container_fs_limit_bytes;device=/proc/interrupts;id=/;instance=cadvisor:8080;job=iot_service","2025-10-31T10:30:09Z","67108864"
"container_fs_limit_bytes","__name__=container_fs_limit_bytes;device=/proc/interrupts;id=/;instance=cadvisor:8080;job=iot_service","2025-10-31T10:30:24Z","67108864"
"container_fs_limit_bytes","__name__=container_fs_limit_bytes;device=/proc/interrupts;id=/;instance=cadvisor:8080;job=iot_service","2025-10-31T10:30:39Z","67108864"
"container_fs_limit_bytes","__name__=container_fs_limit_bytes;device=/proc/interrupts;id=/;instance=cadvisor:8080;job=iot_service","2025-10-31T10:30:54Z","67108864"
"container_fs_limit_bytes","__name__=container_fs_limit_bytes;device=/proc/interrupts;id=/;instance=cadvisor:8080;job=iot_service","2025-10-31T10:31:09Z","67108864"
"container_fs_limit_bytes","__name__=container_fs_limit_bytes;device=/proc/kcore;id=/;instance=cadvisor:8080;job=iot_service","2025-10-31T10:16:09Z","67108864"
"container_fs_limit_bytes","__name__=container_fs_limit_bytes;device=/proc/kcore;id=/;instance=cadvisor:8080;job=iot_service","2025-10-31T10:16:24Z","67108864"
"container_fs_limit_bytes","__name__=container_fs_limit_bytes;device=/proc/kcore;id=/;instance=cadvisor:8080;job=iot_service","2025-10-31T10:16:39Z","67108864"
"container_fs_limit_bytes","__name__=container_fs_limit_bytes;device=/proc/kcore;id=/;instance=cadvisor:8080;job=iot_service","2025-10-31T10:16:54Z","67108864"
"container_fs_limit_bytes","__name__=container_fs_limit_bytes;device=/proc/kcore;id=/;instance=cadvisor:8080;job=iot_service","2025-10-31T10:17:09Z","67108864"
"container_fs_limit_bytes","__name__=container_fs_limit_bytes;device=/proc/kcore;id=/;instance=cadvisor:8080;job=iot_service","2025-10-31T10:17:24Z","67108864"
"container_fs_limit_bytes","__name__=container_fs_limit_bytes;device=/proc/kcore;id=/;instance=cadvisor:8080;job=iot_service","2025-10-31T10:17:39Z","67108864"
"container_fs_limit_bytes","__name__=container_fs_limit_bytes;device=/proc/kcore;id=/;instance=cadvisor:8080;job=iot_service","2025-10-31T10:17:54Z","67108864"
"container_fs_limit_bytes","__name__=container_fs_limit_bytes;device=/proc/kcore;id=/;instance=cadvisor:8080;job=iot_service","2025-10-31T10:18:09Z","67108864"
"container_fs_limit_bytes","__name__=container_fs_limit_bytes;device=/proc/kcore;id=/;instance=cadvisor:8080;job=iot_service","2025-10-31T10:18:24Z","67108864"
"container_fs_limit_bytes","__name__=container_fs_limit_bytes;device=/proc/kcore;id=/;instance=cadvisor:8080;job=iot_service","2025-10-31T10:18:39Z","67108864"
"container_fs_limit_bytes","__name__=container_fs_limit_bytes;device=/proc/kcore;id=/;instance=cadvisor:8080;job=iot_service","2025-10-31T10:18:54Z","67108864"
"container_fs_limit_bytes","__name__=container_fs_limit_bytes;device=/proc/kcore;id=/;instance=cadvisor:8080;job=iot_service","2025-10-31T10:19:09Z","67108864"
"container_fs_limit_bytes","__name__=container_fs_limit_bytes;device=/proc/kcore;id=/;instance=cadvisor:8080;job=iot_service","2025-10-31T10:19:24Z","67108864"
"container_fs_limit_bytes","__name__=container_fs_limit_bytes;device=/proc/kcore;id=/;instance=cadvisor:8080;job=iot_service","2025-10-31T10:19:39Z","67108864"
"container_fs_limit_bytes","__name__=container_fs_limit_bytes;device=/proc/kcore;id=/;instance=cadvisor:8080;job=iot_service","2025-10-31T10:19:54Z","67108864"
"container_fs_limit_bytes","__name__=container_fs_limit_bytes;device=/proc/kcore;id=/;instance=cadvisor:8080;job=iot_service","2025-10-31T10:20:09Z","67108864"
"container_fs_limit_bytes","__name__=container_fs_limit_bytes;device=/proc/kcore;id=/;instance=cadvisor:8080;job=iot_service","2025-10-31T10:20:24Z","67108864"
"container_fs_limit_bytes","__name__=container_fs_limit_bytes;device=/proc/kcore;id=/;instance=cadvisor:8080;job=iot_service","2025-10-31T10:20:39Z","67108864"
"container_fs_limit_bytes","__name__=container_fs_limit_bytes;device=/proc/kcore;id=/;instance=cadvisor:8080;job=iot_service","2025-10-31T10:20:54Z","67108864"
"container_fs_limit_bytes","__name__=container_fs_limit_bytes;device=/proc/kcore;id=/;instance=cadvisor:8080;job=iot_service","2025-10-31T10:21:09Z","67108864"
"container_fs_limit_bytes","__name__=container_fs_limit_bytes;device=/proc/kcore;id=/;instance=cadvisor:8080;job=iot_service","2025-10-31T10:21:24Z","67108864"
"container_fs_limit_bytes","__name__=container_fs_limit_bytes;device=/proc/kcore;id=/;instance=cadvisor:8080;job=iot_service","2025-10-31T10:21:39Z","67108864"
"container_fs_limit_bytes","__name__=container_fs_limit_bytes;device=/proc/kcore;id=/;instance=cadvisor:8080;job=iot_service","2025-10-31T10:21:54Z","67108864"
"container_fs_limit_bytes","__name__=container_fs_limit_bytes;device=/proc/kcore;id=/;instance=cadvisor:8080;job=iot_service","2025-10-31T10:22:09Z","67108864"
"container_fs_limit_bytes","__name__=container_fs_limit_bytes;device=/proc/kcore;id=/;instance=cadvisor:8080;job=iot_service","2025-10-31T10:22:24Z","67108864"
"container_fs_limit_bytes","__name__=container_fs_limit_bytes;device=/proc/kcore;id=/;instance=cadvisor:8080;job=iot_service","2025-10-31T10:22:39Z","67108864"
"container_fs_limit_bytes","__name__=container_fs_limit_bytes;device=/proc/kcore;id=/;instance=cadvisor:8080;job=iot_service","2025-10-31T10:22:54Z","67108864"
"container_fs_limit_bytes","__name__=container_fs_limit_bytes;device=/proc/kcore;id=/;instance=cadvisor:8080;job=iot_service","2025-10-31T10:23:09Z","67108864"
"container_fs_limit_bytes","__name__=container_fs_limit_bytes;device=/proc/kcore;id=/;instance=cadvisor:8080;job=iot_service","2025-10-31T10:23:24Z","67108864"
"container_fs_limit_bytes","__name__=container_fs_limit_bytes;device=/proc/kcore;id=/;instance=cadvisor:8080;job=iot_service","2025-10-31T10:23:39Z","67108864"
"container_fs_limit_bytes","__name__=container_fs_limit_bytes;device=/proc/kcore;id=/;instance=cadvisor:8080;job=iot_service","2025-10-31T10:23:54Z","67108864"
"container_fs_limit_bytes","__name__=container_fs_limit_bytes;device=/proc/kcore;id=/;instance=cadvisor:8080;job=iot_service","2025-10-31T10:24:09Z","67108864"
"container_fs_limit_bytes","__name__=container_fs_limit_bytes;device=/proc/kcore;id=/;instance=cadvisor:8080;job=iot_service","2025-10-31T10:24:24Z","67108864"
"container_fs_limit_bytes","__name__=container_fs_limit_bytes;device=/proc/kcore;id=/;instance=cadvisor:8080;job=iot_service","2025-10-31T10:24:39Z","67108864"
"container_fs_limit_bytes","__name__=container_fs_limit_bytes;device=/proc/kcore;id=/;instance=cadvisor:8080;job=iot_service","2025-10-31T10:24:54Z","67108864"
"container_fs_limit_bytes","__name__=container_fs_limit_bytes;device=/proc/kcore;id=/;instance=cadvisor:8080;job=iot_service","2025-10-31T10:25:09Z","67108864"
"container_fs_limit_bytes","__name__=container_fs_limit_bytes;device=/proc/kcore;id=/;instance=cadvisor:8080;job=iot_service","2025-10-31T10:25:24Z","67108864"
"container_fs_limit_bytes","__name__=container_fs_limit_bytes;device=/proc/kcore;id=/;instance=cadvisor:8080;job=iot_service","2025-10-31T10:25:39Z","67108864"
"container_fs_limit_bytes","__name__=container_fs_limit_bytes;device=/proc/kcore;id=/;instance=cadvisor:8080;job=iot_service","2025-10-31T10:25:54Z","67108864"
"container_fs_limit_bytes","__name__=container_fs_limit_bytes;device=/proc/kcore;id=/;instance=cadvisor:8080;job=iot_service","2025-10-31T10:26:09Z","67108864"
"container_fs_limit_bytes","__name__=container_fs_limit_bytes;device=/proc/kcore;id=/;instance=cadvisor:8080;job=iot_service","2025-10-31T10:26:24Z","67108864"
"container_fs_limit_bytes","__name__=container_fs_limit_bytes;device=/proc/kcore;id=/;instance=cadvisor:8080;job=iot_service","2025-10-31T10:26:39Z","67108864"
"container_fs_limit_bytes","__name__=container_fs_limit_bytes;device=/proc/kcore;id=/;instance=cadvisor:8080;job=iot_service","2025-10-31T10:26:54Z","67108864"
"container_fs_limit_bytes","__name__=container_fs_limit_bytes;device=/proc/kcore;id=/;instance=cadvisor:8080;job=iot_service","2025-10-31T10:27:09Z","67108864"
"container_fs_limit_bytes","__name__=container_fs_limit_bytes;device=/proc/kcore;id=/;instance=cadvisor:8080;job=iot_service","2025-10-31T10:27:24Z","67108864"
"container_fs_limit_bytes","__name__=container_fs_limit_bytes;device=/proc/kcore;id=/;instance=cadvisor:8080;job=iot_service","2025-10-31T10:27:39Z","67108864"
"container_fs_limit_bytes","__name__=container_fs_limit_bytes;device=/proc/kcore;id=/;instance=cadvisor:8080;job=iot_service","2025-10-31T10:27:54Z","67108864"
"container_fs_limit_bytes","__name__=container_fs_limit_bytes;device=/proc/kcore;id=/;instance=cadvisor:8080;job=iot_service","2025-10-31T10:28:09Z","67108864"
"container_fs_limit_bytes","__name__=container_fs_limit_bytes;device=/proc/kcore;id=/;instance=cadvisor:8080;job=iot_service","2025-10-31T10:28:24Z","67108864"
"container_fs_limit_bytes","__name__=container_fs_limit_bytes;device=/proc/kcore;id=/;instance=cadvisor:8080;job=iot_service","2025-10-31T10:28:39Z","67108864"
"container_fs_limit_bytes","__name__=container_fs_limit_bytes;device=/proc/kcore;id=/;instance=cadvisor:8080;job=iot_service","2025-10-31T10:28:54Z","67108864"
"container_fs_limit_bytes","__name__=container_fs_limit_bytes;device=/proc/kcore;id=/;instance=cadvisor:8080;job=iot_service","2025-10-31T10:29:09Z","67108864"
"container_fs_limit_bytes","__name__=container_fs_limit_bytes;device=/proc/kcore;id=/;instance=cadvisor:8080;job=iot_service","2025-10-31T10:29:24Z","67108864"
"container_fs_limit_bytes","__name__=container_fs_limit_bytes;device=/proc/kcore;id=/;instance=cadvisor:8080;job=iot_service","2025-10-31T10:29:39Z","67108864"
"container_fs_limit_bytes","__name__=container_fs_limit_bytes;device=/proc/kcore;id=/;instance=cadvisor:8080;job=iot_service","2025-10-31T10:29:54Z","67108864"
"container_fs_limit_bytes","__name__=container_fs_limit_bytes;device=/proc/kcore;id=/;instance=cadvisor:8080;job=iot_service","2025-10-31T10:30:09Z","67108864"
"container_fs_limit_bytes","__name__=container_fs_limit_bytes;device=/proc/kcore;id=/;instance=cadvisor:8080;job=iot_service","2025-10-31T10:30:24Z","67108864"
"container_fs_limit_bytes","__name__=container_fs_limit_bytes;device=/proc/kcore;id=/;instance=cadvisor:8080;job=iot_service","2025-10-31T10:30:39Z","67108864"
"container_fs_limit_bytes","__name__=container_fs_limit_bytes;device=/proc/kcore;id=/;instance=cadvisor:8080;job=iot_service","2025-10-31T10:30:54Z","67108864"
"container_fs_limit_bytes","__name__=container_fs_limit_bytes;device=/proc/kcore;id=/;instance=cadvisor:8080;job=iot_service","2025-10-31T10:31:09Z","67108864"
"container_fs_limit_bytes","__name__=container_fs_limit_bytes;device=/proc/keys;id=/;instance=cadvisor:8080;job=iot_service","2025-10-31T10:16:09Z","67108864"
"container_fs_limit_bytes","__name__=container_fs_limit_bytes;device=/proc/keys;id=/;instance=cadvisor:8080;job=iot_service","2025-10-31T10:16:24Z","67108864"
"container_fs_limit_bytes","__name__=container_fs_limit_bytes;device=/proc/keys;id=/;instance=cadvisor:8080;job=iot_service","2025-10-31T10:16:39Z","67108864"
"container_fs_limit_bytes","__name__=container_fs_limit_bytes;device=/proc/keys;id=/;instance=cadvisor:8080;job=iot_service","2025-10-31T10:16:54Z","67108864"
"container_fs_limit_bytes","__name__=container_fs_limit_bytes;device=/proc/keys;id=/;instance=cadvisor:8080;job=iot_service","2025-10-31T10:17:09Z","67108864"
"container_fs_limit_bytes","__name__=container_fs_limit_bytes;device=/proc/keys;id=/;instance=cadvisor:8080;job=iot_service","2025-10-31T10:17:24Z","67108864"
"container_fs_limit_bytes","__name__=container_fs_limit_bytes;device=/proc/keys;id=/;instance=cadvisor:8080;job=iot_service","2025-10-31T10:17:39Z","67108864"
"container_fs_limit_bytes","__name__=container_fs_limit_bytes;device=/proc/keys;id=/;instance=cadvisor:8080;job=iot_service","2025-10-31T10:17:54Z","67108864"
"container_fs_limit_bytes","__name__=container_fs_limit_bytes;device=/proc/keys;id=/;instance=cadvisor:8080;job=iot_service","2025-10-31T10:18:09Z","67108864"
"container_fs_limit_bytes","__name__=container_fs_limit_bytes;device=/proc/keys;id=/;instance=cadvisor:8080;job=iot_service","2025-10-31T10:18:24Z","67108864"
"container_fs_limit_bytes","__name__=container_fs_limit_bytes;device=/proc/keys;id=/;instance=cadvisor:8080;job=iot_service","2025-10-31T10:18:39Z","67108864"
"container_fs_limit_bytes","__name__=container_fs_limit_bytes;device=/proc/keys;id=/;instance=cadvisor:8080;job=iot_service","2025-10-31T10:18:54Z","67108864"
"container_fs_limit_bytes","__name__=container_fs_limit_bytes;device=/proc/keys;id=/;instance=cadvisor:8080;job=iot_service","2025-10-31T10:19:09Z","67108864"
"container_fs_limit_bytes","__name__=container_fs_limit_bytes;device=/proc/keys;id=/;instance=cadvisor:8080;job=iot_service","2025-10-31T10:19:24Z","67108864"
"container_fs_limit_bytes","__name__=container_fs_limit_bytes;device=/proc/keys;id=/;instance=cadvisor:8080;job=iot_service","2025-10-31T10:19:39Z","67108864"
"container_fs_limit_bytes","__name__=container_fs_limit_bytes;device=/proc/keys;id=/;instance=cadvisor:8080;job=iot_service","2025-10-31T10:19:54Z","67108864"
"container_fs_limit_bytes","__name__=container_fs_limit_bytes;device=/proc/keys;id=/;instance=cadvisor:8080;job=iot_service","2025-10-31T10:20:09Z","67108864"
"container_fs_limit_bytes","__name__=container_fs_limit_bytes;device=/proc/keys;id=/;instance=cadvisor:8080;job=iot_service","2025-10-31T10:20:24Z","67108864"
"container_fs_limit_bytes","__name__=container_fs_limit_bytes;device=/proc/keys;id=/;instance=cadvisor:8080;job=iot_service","2025-10-31T10:20:39Z","67108864"
"container_fs_limit_bytes","__name__=container_fs_limit_bytes;device=/proc/keys;id=/;instance=cadvisor:8080;job=iot_service","2025-10-31T10:20:54Z","67108864"
"container_fs_limit_bytes","__name__=container_fs_limit_bytes;device=/proc/keys;id=/;instance=cadvisor:8080;job=iot_service","2025-10-31T10:21:09Z","67108864"
"container_fs_limit_bytes","__name__=container_fs_limit_bytes;device=/proc/keys;id=/;instance=cadvisor:8080;job=iot_service","2025-10-31T10:21:24Z","67108864"
"container_fs_limit_bytes","__name__=container_fs_limit_bytes;device=/proc/keys;id=/;instance=cadvisor:8080;job=iot_service","2025-10-31T10:21:39Z","67108864"
"container_fs_limit_bytes","__name__=container_fs_limit_bytes;device=/proc/keys;id=/;instance=cadvisor:8080;job=iot_service","2025-10-31T10:21:54Z","67108864"
"container_fs_limit_bytes","__name__=container_fs_limit_bytes;device=/proc/keys;id=/;instance=cadvisor:8080;job=iot_service","2025-10-31T10:22:09Z","67108864"
"container_fs_limit_bytes","__name__=container_fs_limit_bytes;device=/proc/keys;id=/;instance=cadvisor:8080;job=iot_service","2025-10-31T10:22:24Z","67108864"
"container_fs_limit_bytes","__name__=container_fs_limit_bytes;device=/proc/keys;id=/;instance=cadvisor:8080;job=iot_service","2025-10-31T10:22:39Z","67108864"
"container_fs_limit_bytes","__name__=container_fs_limit_bytes;device=/proc/keys;id=/;instance=cadvisor:8080;job=iot_service","2025-10-31T10:22:54Z","67108864"
"container_fs_limit_bytes","__name__=container_fs_limit_bytes;device=/proc/keys;id=/;instance=cadvisor:8080;job=iot_service","2025-10-31T10:23:09Z","67108864"
"container_fs_limit_bytes","__name__=container_fs_limit_bytes;device=/proc/keys;id=/;instance=cadvisor:8080;job=iot_service","2025-10-31T10:23:24Z","67108864"
"container_fs_limit_bytes","__name__=container_fs_limit_bytes;device=/proc/keys;id=/;instance=cadvisor:8080;job=iot_service","2025-10-31T10:23:39Z","67108864"
"container_fs_limit_bytes","__name__=container_fs_limit_bytes;device=/proc/keys;id=/;instance=cadvisor:8080;job=iot_service","2025-10-31T10:23:54Z","67108864"
"container_fs_limit_bytes","__name__=container_fs_limit_bytes;device=/proc/keys;id=/;instance=cadvisor:8080;job=iot_service","2025-10-31T10:24:09Z","67108864"
"container_fs_limit_bytes","__name__=container_fs_limit_bytes;device=/proc/keys;id=/;instance=cadvisor:8080;job=iot_service","2025-10-31T10:24:24Z","67108864"
"container_fs_limit_bytes","__name__=container_fs_limit_bytes;device=/proc/keys;id=/;instance=cadvisor:8080;job=iot_service","2025-10-31T10:24:39Z","67108864"
"container_fs_limit_bytes","__name__=container_fs_limit_bytes;device=/proc/keys;id=/;instance=cadvisor:8080;job=iot_service","2025-10-31T10:24:54Z","67108864"
"container_fs_limit_bytes","__name__=container_fs_limit_bytes;device=/proc/keys;id=/;instance=cadvisor:8080;job=iot_service","2025-10-31T10:25:09Z","67108864"
"container_fs_limit_bytes","__name__=container_fs_limit_bytes;device=/proc/keys;id=/;instance=cadvisor:8080;job=iot_service","2025-10-31T10:25:24Z","67108864"
"container_fs_limit_bytes","__name__=container_fs_limit_bytes;device=/proc/keys;id=/;instance=cadvisor:8080;job=iot_service","2025-10-31T10:25:39Z","67108864"
"container_fs_limit_bytes","__name__=container_fs_limit_bytes;device=/proc/keys;id=/;instance=cadvisor:8080;job=iot_service","2025-10-31T10:25:54Z","67108864"
"container_fs_limit_bytes","__name__=container_fs_limit_bytes;device=/proc/keys;id=/;instance=cadvisor:8080;job=iot_service","2025-10-31T10:26:09Z","67108864"
"container_fs_limit_bytes","__name__=container_fs_limit_bytes;device=/proc/keys;id=/;instance=cadvisor:8080;job=iot_service","2025-10-31T10:26:24Z","67108864"
"container_fs_limit_bytes","__name__=container_fs_limit_bytes;device=/proc/keys;id=/;instance=cadvisor:8080;job=iot_service","2025-10-31T10:26:39Z","67108864"
"container_fs_limit_bytes","__name__=container_fs_limit_bytes;device=/proc/keys;id=/;instance=cadvisor:8080;job=iot_service","2025-10-31T10:26:54Z","67108864"
"container_fs_limit_bytes","__name__=container_fs_limit_bytes;device=/proc/keys;id=/;instance=cadvisor:8080;job=iot_service","2025-10-31T10:27:09Z","67108864"
"container_fs_limit_bytes","__name__=container_fs_limit_bytes;device=/proc/keys;id=/;instance=cadvisor:8080;job=iot_service","2025-10-31T10:27:24Z","67108864"
"container_fs_limit_bytes","__name__=container_fs_limit_bytes;device=/proc/keys;id=/;instance=cadvisor:8080;job=iot_service","2025-10-31T10:27:39Z","67108864"
"container_fs_limit_bytes","__name__=container_fs_limit_bytes;device=/proc/keys;id=/;instance=cadvisor:8080;job=iot_service","2025-10-31T10:27:54Z","67108864"
"container_fs_limit_bytes","__name__=container_fs_limit_bytes;device=/proc/keys;id=/;instance=cadvisor:8080;job=iot_service","2025-10-31T10:28:09Z","67108864"
"container_fs_limit_bytes","__name__=container_fs_limit_bytes;device=/proc/keys;id=/;instance=cadvisor:8080;job=iot_service","2025-10-31T10:28:24Z","67108864"
"container_fs_limit_bytes","__name__=container_fs_limit_bytes;device=/proc/keys;id=/;instance=cadvisor:8080;job=iot_service","2025-10-31T10:28:39Z","67108864"
"container_fs_limit_bytes","__name__=container_fs_limit_bytes;device=/proc/keys;id=/;instance=cadvisor:8080;job=iot_service","2025-10-31T10:28:54Z","67108864"
"container_fs_limit_bytes","__name__=container_fs_limit_bytes;device=/proc/keys;id=/;instance=cadvisor:8080;job=iot_service","2025-10-31T10:29:09Z","67108864"
"container_fs_limit_bytes","__name__=container_fs_limit_bytes;device=/proc/keys;id=/;instance=cadvisor:8080;job=iot_service","2025-10-31T10:29:24Z","67108864"
"container_fs_limit_bytes","__name__=container_fs_limit_bytes;device=/proc/keys;id=/;instance=cadvisor:8080;job=iot_service","2025-10-31T10:29:39Z","67108864"
"container_fs_limit_bytes","__name__=container_fs_limit_bytes;device=/proc/keys;id=/;instance=cadvisor:8080;job=iot_service","2025-10-31T10:29:54Z","67108864"
"container_fs_limit_bytes","__name__=container_fs_limit_bytes;device=/proc/keys;id=/;instance=cadvisor:8080;job=iot_service","2025-10-31T10:30:09Z","67108864"
"container_fs_limit_bytes","__name__=container_fs_limit_bytes;device=/proc/keys;id=/;instance=cadvisor:8080;job=iot_service","2025-10-31T10:30:24Z","67108864"
"container_fs_limit_bytes","__name__=container_fs_limit_bytes;device=/proc/keys;id=/;instance=cadvisor:8080;job=iot_service","2025-10-31T10:30:39Z","67108864"
"container_fs_limit_bytes","__name__=container_fs_limit_bytes;device=/proc/keys;id=/;instance=cadvisor:8080;job=iot_service","2025-10-31T10:30:54Z","67108864"
"container_fs_limit_bytes","__name__=container_fs_limit_bytes;device=/proc/keys;id=/;instance=cadvisor:8080;job=iot_service","2025-10-31T10:31:09Z","67108864"
"container_fs_limit_bytes","__name__=container_fs_limit_bytes;device=/proc/scsi;id=/;instance=cadvisor:8080;job=iot_service","2025-10-31T10:16:09Z","4108873728"
"container_fs_limit_bytes","__name__=container_fs_limit_bytes;device=/proc/scsi;id=/;instance=cadvisor:8080;job=iot_service","2025-10-31T10:16:24Z","4108873728"
"container_fs_limit_bytes","__name__=container_fs_limit_bytes;device=/proc/scsi;id=/;instance=cadvisor:8080;job=iot_service","2025-10-31T10:16:39Z","4108873728"
"container_fs_limit_bytes","__name__=container_fs_limit_bytes;device=/proc/scsi;id=/;instance=cadvisor:8080;job=iot_service","2025-10-31T10:16:54Z","4108873728"
"container_fs_limit_bytes","__name__=container_fs_limit_bytes;device=/proc/scsi;id=/;instance=cadvisor:8080;job=iot_service","2025-10-31T10:17:09Z","4108873728"
"container_fs_limit_bytes","__name__=container_fs_limit_bytes;device=/proc/scsi;id=/;instance=cadvisor:8080;job=iot_service","2025-10-31T10:17:24Z","4108873728"
"container_fs_limit_bytes","__name__=container_fs_limit_bytes;device=/proc/scsi;id=/;instance=cadvisor:8080;job=iot_service","2025-10-31T10:17:39Z","4108873728"
"container_fs_limit_bytes","__name__=container_fs_limit_bytes;device=/proc/scsi;id=/;instance=cadvisor:8080;job=iot_service","2025-10-31T10:17:54Z","4108873728"
"container_fs_limit_bytes","__name__=container_fs_limit_bytes;device=/proc/scsi;id=/;instance=cadvisor:8080;job=iot_service","2025-10-31T10:18:09Z","4108873728"
"container_fs_limit_bytes","__name__=container_fs_limit_bytes;device=/proc/scsi;id=/;instance=cadvisor:8080;job=iot_service","2025-10-31T10:18:24Z","4108873728"
"container_fs_limit_bytes","__name__=container_fs_limit_bytes;device=/proc/scsi;id=/;instance=cadvisor:8080;job=iot_service","2025-10-31T10:18:39Z","4108873728"
"container_fs_limit_bytes","__name__=container_fs_limit_bytes;device=/proc/scsi;id=/;instance=cadvisor:8080;job=iot_service","2025-10-31T10:18:54Z","4108873728"
"container_fs_limit_bytes","__name__=container_fs_limit_bytes;device=/proc/scsi;id=/;instance=cadvisor:8080;job=iot_service","2025-10-31T10:19:09Z","4108873728"
"container_fs_limit_bytes","__name__=container_fs_limit_bytes;device=/proc/scsi;id=/;instance=cadvisor:8080;job=iot_service","2025-10-31T10:19:24Z","4108873728"
"container_fs_limit_bytes","__name__=container_fs_limit_bytes;device=/proc/scsi;id=/;instance=cadvisor:8080;job=iot_service","2025-10-31T10:19:39Z","4108873728"
"container_fs_limit_bytes","__name__=container_fs_limit_bytes;device=/proc/scsi;id=/;instance=cadvisor:8080;job=iot_service","2025-10-31T10:19:54Z","4108873728"
"container_fs_limit_bytes","__name__=container_fs_limit_bytes;device=/proc/scsi;id=/;instance=cadvisor:8080;job=iot_service","2025-10-31T10:20:09Z","4108873728"
"container_fs_limit_bytes","__name__=container_fs_limit_bytes;device=/proc/scsi;id=/;instance=cadvisor:8080;job=iot_service","2025-10-31T10:20:24Z","4108873728"
"container_fs_limit_bytes","__name__=container_fs_limit_bytes;device=/proc/scsi;id=/;instance=cadvisor:8080;job=iot_service","2025-10-31T10:20:39Z","4108873728"
"container_fs_limit_bytes","__name__=container_fs_limit_bytes;device=/proc/scsi;id=/;instance=cadvisor:8080;job=iot_service","2025-10-31T10:20:54Z","4108873728"
"container_fs_limit_bytes","__name__=container_fs_limit_bytes;device=/proc/scsi;id=/;instance=cadvisor:8080;job=iot_service","2025-10-31T10:21:09Z","4108873728"
"container_fs_limit_bytes","__name__=container_fs_limit_bytes;device=/proc/scsi;id=/;instance=cadvisor:8080;job=iot_service","2025-10-31T10:21:24Z","4108873728"
"container_fs_limit_bytes","__name__=container_fs_limit_bytes;device=/proc/scsi;id=/;instance=cadvisor:8080;job=iot_service","2025-10-31T10:21:39Z","4108873728"
"container_fs_limit_bytes","__name__=container_fs_limit_bytes;device=/proc/scsi;id=/;instance=cadvisor:8080;job=iot_service","2025-10-31T10:21:54Z","4108873728"
"container_fs_limit_bytes","__name__=container_fs_limit_bytes;device=/proc/scsi;id=/;instance=cadvisor:8080;job=iot_service","2025-10-31T10:22:09Z","4108873728"
"container_fs_limit_bytes","__name__=container_fs_limit_bytes;device=/proc/scsi;id=/;instance=cadvisor:8080;job=iot_service","2025-10-31T10:22:24Z","4108873728"
"container_fs_limit_bytes","__name__=container_fs_limit_bytes;device=/proc/scsi;id=/;instance=cadvisor:8080;job=iot_service","2025-10-31T10:22:39Z","4108873728"
"container_fs_limit_bytes","__name__=container_fs_limit_bytes;device=/proc/scsi;id=/;instance=cadvisor:8080;job=iot_service","2025-10-31T10:22:54Z","4108873728"
"container_fs_limit_bytes","__name__=container_fs_limit_bytes;device=/proc/scsi;id=/;instance=cadvisor:8080;job=iot_service","2025-10-31T10:23:09Z","4108873728"
"container_fs_limit_bytes","__name__=container_fs_limit_bytes;device=/proc/scsi;id=/;instance=cadvisor:8080;job=iot_service","2025-10-31T10:23:24Z","4108873728"
"container_fs_limit_bytes","__name__=container_fs_limit_bytes;device=/proc/scsi;id=/;instance=cadvisor:8080;job=iot_service","2025-10-31T10:23:39Z","4108873728"
"container_fs_limit_bytes","__name__=container_fs_limit_bytes;device=/proc/scsi;id=/;instance=cadvisor:8080;job=iot_service","2025-10-31T10:23:54Z","4108873728"
"container_fs_limit_bytes","__name__=container_fs_limit_bytes;device=/proc/scsi;id=/;instance=cadvisor:8080;job=iot_service","2025-10-31T10:24:09Z","4108873728"
"container_fs_limit_bytes","__name__=container_fs_limit_bytes;device=/proc/scsi;id=/;instance=cadvisor:8080;job=iot_service","2025-10-31T10:24:24Z","4108873728"
"container_fs_limit_bytes","__name__=container_fs_limit_bytes;device=/proc/scsi;id=/;instance=cadvisor:8080;job=iot_service","2025-10-31T10:24:39Z","4108873728"
"container_fs_limit_bytes","__name__=container_fs_limit_bytes;device=/proc/scsi;id=/;instance=cadvisor:8080;job=iot_service","2025-10-31T10:24:54Z","4108873728"
"container_fs_limit_bytes","__name__=container_fs_limit_bytes;device=/proc/scsi;id=/;instance=cadvisor:8080;job=iot_service","2025-10-31T10:25:09Z","4108873728"
"container_fs_limit_bytes","__name__=container_fs_limit_bytes;device=/proc/scsi;id=/;instance=cadvisor:8080;job=iot_service","2025-10-31T10:25:24Z","4108873728"
"container_fs_limit_bytes","__name__=container_fs_limit_bytes;device=/proc/scsi;id=/;instance=cadvisor:8080;job=iot_service","2025-10-31T10:25:39Z","4108873728"
"container_fs_limit_bytes","__name__=container_fs_limit_bytes;device=/proc/scsi;id=/;instance=cadvisor:8080;job=iot_service","2025-10-31T10:25:54Z","4108873728"
"container_fs_limit_bytes","__name__=container_fs_limit_bytes;device=/proc/scsi;id=/;instance=cadvisor:8080;job=iot_service","2025-10-31T10:26:09Z","4108873728"
"container_fs_limit_bytes","__name__=container_fs_limit_bytes;device=/proc/scsi;id=/;instance=cadvisor:8080;job=iot_service","2025-10-31T10:26:24Z","4108873728"
"container_fs_limit_bytes","__name__=container_fs_limit_bytes;device=/proc/scsi;id=/;instance=cadvisor:8080;job=iot_service","2025-10-31T10:26:39Z","4108873728"
"container_fs_limit_bytes","__name__=container_fs_limit_bytes;device=/proc/scsi;id=/;instance=cadvisor:8080;job=iot_service","2025-10-31T10:26:54Z","4108873728"
"container_fs_limit_bytes","__name__=container_fs_limit_bytes;device=/proc/scsi;id=/;instance=cadvisor:8080;job=iot_service","2025-10-31T10:27:09Z","4108873728"
"container_fs_limit_bytes","__name__=container_fs_limit_bytes;device=/proc/scsi;id=/;instance=cadvisor:8080;job=iot_service","2025-10-31T10:27:24Z","4108873728"
"container_fs_limit_bytes","__name__=container_fs_limit_bytes;device=/proc/scsi;id=/;instance=cadvisor:8080;job=iot_service","2025-10-31T10:27:39Z","4108873728"
"container_fs_limit_bytes","__name__=container_fs_limit_bytes;device=/proc/scsi;id=/;instance=cadvisor:8080;job=iot_service","2025-10-31T10:27:54Z","4108873728"
"container_fs_limit_bytes","__name__=container_fs_limit_bytes;device=/proc/scsi;id=/;instance=cadvisor:8080;job=iot_service","2025-10-31T10:28:09Z","4108873728"
"container_fs_limit_bytes","__name__=container_fs_limit_bytes;device=/proc/scsi;id=/;instance=cadvisor:8080;job=iot_service","2025-10-31T10:28:24Z","4108873728"
"container_fs_limit_bytes","__name__=container_fs_limit_bytes;device=/proc/scsi;id=/;instance=cadvisor:8080;job=iot_service","2025-10-31T10:28:39Z","4108873728"
"container_fs_limit_bytes","__name__=container_fs_limit_bytes;device=/proc/scsi;id=/;instance=cadvisor:8080;job=iot_service","2025-10-31T10:28:54Z","4108873728"
"container_fs_limit_bytes","__name__=container_fs_limit_bytes;device=/proc/scsi;id=/;instance=cadvisor:8080;job=iot_service","2025-10-31T10:29:09Z","4108873728"
"container_fs_limit_bytes","__name__=container_fs_limit_bytes;device=/proc/scsi;id=/;instance=cadvisor:8080;job=iot_service","2025-10-31T10:29:24Z","4108873728"
"container_fs_limit_bytes","__name__=container_fs_limit_bytes;device=/proc/scsi;id=/;instance=cadvisor:8080;job=iot_service","2025-10-31T10:29:39Z","4108873728"
"container_fs_limit_bytes","__name__=container_fs_limit_bytes;device=/proc/scsi;id=/;instance=cadvisor:8080;job=iot_service","2025-10-31T10:29:54Z","4108873728"
"container_fs_limit_bytes","__name__=container_fs_limit_bytes;device=/proc/scsi;id=/;instance=cadvisor:8080;job=iot_service","2025-10-31T10:30:09Z","4108873728"
"container_fs_limit_bytes","__name__=container_fs_limit_bytes;device=/proc/scsi;id=/;instance=cadvisor:8080;job=iot_service","2025-10-31T10:30:24Z","4108873728"
"container_fs_limit_bytes","__name__=container_fs_limit_bytes;device=/proc/scsi;id=/;instance=cadvisor:8080;job=iot_service","2025-10-31T10:30:39Z","4108873728"
"container_fs_limit_bytes","__name__=container_fs_limit_bytes;device=/proc/scsi;id=/;instance=cadvisor:8080;job=iot_service","2025-10-31T10:30:54Z","4108873728"
"container_fs_limit_bytes","__name__=container_fs_limit_bytes;device=/proc/scsi;id=/;instance=cadvisor:8080;job=iot_service","2025-10-31T10:31:09Z","4108873728"
"container_fs_limit_bytes","__name__=container_fs_limit_bytes;device=/proc/timer_list;id=/;instance=cadvisor:8080;job=iot_service","2025-10-31T10:16:09Z","67108864"
"container_fs_limit_bytes","__name__=container_fs_limit_bytes;device=/proc/timer_list;id=/;instance=cadvisor:8080;job=iot_service","2025-10-31T10:16:24Z","67108864"
"container_fs_limit_bytes","__name__=container_fs_limit_bytes;device=/proc/timer_list;id=/;instance=cadvisor:8080;job=iot_service","2025-10-31T10:16:39Z","67108864"
"container_fs_limit_bytes","__name__=container_fs_limit_bytes;device=/proc/timer_list;id=/;instance=cadvisor:8080;job=iot_service","2025-10-31T10:16:54Z","67108864"
"container_fs_limit_bytes","__name__=container_fs_limit_bytes;device=/proc/timer_list;id=/;instance=cadvisor:8080;job=iot_service","2025-10-31T10:17:09Z","67108864"
"container_fs_limit_bytes","__name__=container_fs_limit_bytes;device=/proc/timer_list;id=/;instance=cadvisor:8080;job=iot_service","2025-10-31T10:17:24Z","67108864"
"container_fs_limit_bytes","__name__=container_fs_limit_bytes;device=/proc/timer_list;id=/;instance=cadvisor:8080;job=iot_service","2025-10-31T10:17:39Z","67108864"
"container_fs_limit_bytes","__name__=container_fs_limit_bytes;device=/proc/timer_list;id=/;instance=cadvisor:8080;job=iot_service","2025-10-31T10:17:54Z","67108864"
"container_fs_limit_bytes","__name__=container_fs_limit_bytes;device=/proc/timer_list;id=/;instance=cadvisor:8080;job=iot_service","2025-10-31T10:18:09Z","67108864"
"container_fs_limit_bytes","__name__=container_fs_limit_bytes;device=/proc/timer_list;id=/;instance=cadvisor:8080;job=iot_service","2025-10-31T10:18:24Z","67108864"
"container_fs_limit_bytes","__name__=container_fs_limit_bytes;device=/proc/timer_list;id=/;instance=cadvisor:8080;job=iot_service","2025-10-31T10:18:39Z","67108864"
"container_fs_limit_bytes","__name__=container_fs_limit_bytes;device=/proc/timer_list;id=/;instance=cadvisor:8080;job=iot_service","2025-10-31T10:18:54Z","67108864"
"container_fs_limit_bytes","__name__=container_fs_limit_bytes;device=/proc/timer_list;id=/;instance=cadvisor:8080;job=iot_service","2025-10-31T10:19:09Z","67108864"
"container_fs_limit_bytes","__name__=container_fs_limit_bytes;device=/proc/timer_list;id=/;instance=cadvisor:8080;job=iot_service","2025-10-31T10:19:24Z","67108864"
"container_fs_limit_bytes","__name__=container_fs_limit_bytes;device=/proc/timer_list;id=/;instance=cadvisor:8080;job=iot_service","2025-10-31T10:19:39Z","67108864"
"container_fs_limit_bytes","__name__=container_fs_limit_bytes;device=/proc/timer_list;id=/;instance=cadvisor:8080;job=iot_service","2025-10-31T10:19:54Z","67108864"
"container_fs_limit_bytes","__name__=container_fs_limit_bytes;device=/proc/timer_list;id=/;instance=cadvisor:8080;job=iot_service","2025-10-31T10:20:09Z","67108864"
"container_fs_limit_bytes","__name__=container_fs_limit_bytes;device=/proc/timer_list;id=/;instance=cadvisor:8080;job=iot_service","2025-10-31T10:20:24Z","67108864"
"container_fs_limit_bytes","__name__=container_fs_limit_bytes;device=/proc/timer_list;id=/;instance=cadvisor:8080;job=iot_service","2025-10-31T10:20:39Z","67108864"
"container_fs_limit_bytes","__name__=container_fs_limit_bytes;device=/proc/timer_list;id=/;instance=cadvisor:8080;job=iot_service","2025-10-31T10:20:54Z","67108864"
"container_fs_limit_bytes","__name__=container_fs_limit_bytes;device=/proc/timer_list;id=/;instance=cadvisor:8080;job=iot_service","2025-10-31T10:21:09Z","67108864"
"container_fs_limit_bytes","__name__=container_fs_limit_bytes;device=/proc/timer_list;id=/;instance=cadvisor:8080;job=iot_service","2025-10-31T10:21:24Z","67108864"
"container_fs_limit_bytes","__name__=container_fs_limit_bytes;device=/proc/timer_list;id=/;instance=cadvisor:8080;job=iot_service","2025-10-31T10:21:39Z","67108864"
"container_fs_limit_bytes","__name__=container_fs_limit_bytes;device=/proc/timer_list;id=/;instance=cadvisor:8080;job=iot_service","2025-10-31T10:21:54Z","67108864"
"container_fs_limit_bytes","__name__=container_fs_limit_bytes;device=/proc/timer_list;id=/;instance=cadvisor:8080;job=iot_service","2025-10-31T10:22:09Z","67108864"
"container_fs_limit_bytes","__name__=container_fs_limit_bytes;device=/proc/timer_list;id=/;instance=cadvisor:8080;job=iot_service","2025-10-31T10:22:24Z","67108864"
"container_fs_limit_bytes","__name__=container_fs_limit_bytes;device=/proc/timer_list;id=/;instance=cadvisor:8080;job=iot_service","2025-10-31T10:22:39Z","67108864"
"container_fs_limit_bytes","__name__=container_fs_limit_bytes;device=/proc/timer_list;id=/;instance=cadvisor:8080;job=iot_service","2025-10-31T10:22:54Z","67108864"
"container_fs_limit_bytes","__name__=container_fs_limit_bytes;device=/proc/timer_list;id=/;instance=cadvisor:8080;job=iot_service","2025-10-31T10:23:09Z","67108864"
"container_fs_limit_bytes","__name__=container_fs_limit_bytes;device=/proc/timer_list;id=/;instance=cadvisor:8080;job=iot_service","2025-10-31T10:23:24Z","67108864"
"container_fs_limit_bytes","__name__=container_fs_limit_bytes;device=/proc/timer_list;id=/;instance=cadvisor:8080;job=iot_service","2025-10-31T10:23:39Z","67108864"
"container_fs_limit_bytes","__name__=container_fs_limit_bytes;device=/proc/timer_list;id=/;instance=cadvisor:8080;job=iot_service","2025-10-31T10:23:54Z","67108864"
"container_fs_limit_bytes","__name__=container_fs_limit_bytes;device=/proc/timer_list;id=/;instance=cadvisor:8080;job=iot_service","2025-10-31T10:24:09Z","67108864"
"container_fs_limit_bytes","__name__=container_fs_limit_bytes;device=/proc/timer_list;id=/;instance=cadvisor:8080;job=iot_service","2025-10-31T10:24:24Z","67108864"
"container_fs_limit_bytes","__name__=container_fs_limit_bytes;device=/proc/timer_list;id=/;instance=cadvisor:8080;job=iot_service","2025-10-31T10:24:39Z","67108864"
"container_fs_limit_bytes","__name__=container_fs_limit_bytes;device=/proc/timer_list;id=/;instance=cadvisor:8080;job=iot_service","2025-10-31T10:24:54Z","67108864"
"container_fs_limit_bytes","__name__=container_fs_limit_bytes;device=/proc/timer_list;id=/;instance=cadvisor:8080;job=iot_service","2025-10-31T10:25:09Z","67108864"
"container_fs_limit_bytes","__name__=container_fs_limit_bytes;device=/proc/timer_list;id=/;instance=cadvisor:8080;job=iot_service","2025-10-31T10:25:24Z","67108864"
"container_fs_limit_bytes","__name__=container_fs_limit_bytes;device=/proc/timer_list;id=/;instance=cadvisor:8080;job=iot_service","2025-10-31T10:25:39Z","67108864"
"container_fs_limit_bytes","__name__=container_fs_limit_bytes;device=/proc/timer_list;id=/;instance=cadvisor:8080;job=iot_service","2025-10-31T10:25:54Z","67108864"
"container_fs_limit_bytes","__name__=container_fs_limit_bytes;device=/proc/timer_list;id=/;instance=cadvisor:8080;job=iot_service","2025-10-31T10:26:09Z","67108864"
"container_fs_limit_bytes","__name__=container_fs_limit_bytes;device=/proc/timer_list;id=/;instance=cadvisor:8080;job=iot_service","2025-10-31T10:26:24Z","67108864"
"container_fs_limit_bytes","__name__=container_fs_limit_bytes;device=/proc/timer_list;id=/;instance=cadvisor:8080;job=iot_service","2025-10-31T10:26:39Z","67108864"
"container_fs_limit_bytes","__name__=container_fs_limit_bytes;device=/proc/timer_list;id=/;instance=cadvisor:8080;job=iot_service","2025-10-31T10:26:54Z","67108864"
"container_fs_limit_bytes","__name__=container_fs_limit_bytes;device=/proc/timer_list;id=/;instance=cadvisor:8080;job=iot_service","2025-10-31T10:27:09Z","67108864"
"container_fs_limit_bytes","__name__=container_fs_limit_bytes;device=/proc/timer_list;id=/;instance=cadvisor:8080;job=iot_service","2025-10-31T10:27:24Z","67108864"
"container_fs_limit_bytes","__name__=container_fs_limit_bytes;device=/proc/timer_list;id=/;instance=cadvisor:8080;job=iot_service","2025-10-31T10:27:39Z","67108864"
"container_fs_limit_bytes","__name__=container_fs_limit_bytes;device=/proc/timer_list;id=/;instance=cadvisor:8080;job=iot_service","2025-10-31T10:27:54Z","67108864"
"container_fs_limit_bytes","__name__=container_fs_limit_bytes;device=/proc/timer_list;id=/;instance=cadvisor:8080;job=iot_service","2025-10-31T10:28:09Z","67108864"
"container_fs_limit_bytes","__name__=container_fs_limit_bytes;device=/proc/timer_list;id=/;instance=cadvisor:8080;job=iot_service","2025-10-31T10:28:24Z","67108864"
"container_fs_limit_bytes","__name__=container_fs_limit_bytes;device=/proc/timer_list;id=/;instance=cadvisor:8080;job=iot_service","2025-10-31T10:28:39Z","67108864"
"container_fs_limit_bytes","__name__=container_fs_limit_bytes;device=/proc/timer_list;id=/;instance=cadvisor:8080;job=iot_service","2025-10-31T10:28:54Z","67108864"
"container_fs_limit_bytes","__name__=container_fs_limit_bytes;device=/proc/timer_list;id=/;instance=cadvisor:8080;job=iot_service","2025-10-31T10:29:09Z","67108864"
"container_fs_limit_bytes","__name__=container_fs_limit_bytes;device=/proc/timer_list;id=/;instance=cadvisor:8080;job=iot_service","2025-10-31T10:29:24Z","67108864"
"container_fs_limit_bytes","__name__=container_fs_limit_bytes;device=/proc/timer_list;id=/;instance=cadvisor:8080;job=iot_service","2025-10-31T10:29:39Z","67108864"
"container_fs_limit_bytes","__name__=container_fs_limit_bytes;device=/proc/timer_list;id=/;instance=cadvisor:8080;job=iot_service","2025-10-31T10:29:54Z","67108864"
"container_fs_limit_bytes","__name__=container_fs_limit_bytes;device=/proc/timer_list;id=/;instance=cadvisor:8080;job=iot_service","2025-10-31T10:30:09Z","67108864"
"container_fs_limit_bytes","__name__=container_fs_limit_bytes;device=/proc/timer_list;id=/;instance=cadvisor:8080;job=iot_service","2025-10-31T10:30:24Z","67108864"
"container_fs_limit_bytes","__name__=container_fs_limit_bytes;device=/proc/timer_list;id=/;instance=cadvisor:8080;job=iot_service","2025-10-31T10:30:39Z","67108864"
"container_fs_limit_bytes","__name__=container_fs_limit_bytes;device=/proc/timer_list;id=/;instance=cadvisor:8080;job=iot_service","2025-10-31T10:30:54Z","67108864"
"container_fs_limit_bytes","__name__=container_fs_limit_bytes;device=/proc/timer_list;id=/;instance=cadvisor:8080;job=iot_service","2025-10-31T10:31:09Z","67108864"
"container_fs_limit_bytes","__name__=container_fs_limit_bytes;device=/rootfs/dev/shm;id=/;instance=cadvisor:8080;job=iot_service","2025-10-31T10:16:09Z","4108873728"
"container_fs_limit_bytes","__name__=container_fs_limit_bytes;device=/rootfs/dev/shm;id=/;instance=cadvisor:8080;job=iot_service","2025-10-31T10:16:24Z","4108873728"
"container_fs_limit_bytes","__name__=container_fs_limit_bytes;device=/rootfs/dev/shm;id=/;instance=cadvisor:8080;job=iot_service","2025-10-31T10:16:39Z","4108873728"
"container_fs_limit_bytes","__name__=container_fs_limit_bytes;device=/rootfs/dev/shm;id=/;instance=cadvisor:8080;job=iot_service","2025-10-31T10:16:54Z","4108873728"
"container_fs_limit_bytes","__name__=container_fs_limit_bytes;device=/rootfs/dev/shm;id=/;instance=cadvisor:8080;job=iot_service","2025-10-31T10:17:09Z","4108873728"
"container_fs_limit_bytes","__name__=container_fs_limit_bytes;device=/rootfs/dev/shm;id=/;instance=cadvisor:8080;job=iot_service","2025-10-31T10:17:24Z","4108873728"
"container_fs_limit_bytes","__name__=container_fs_limit_bytes;device=/rootfs/dev/shm;id=/;instance=cadvisor:8080;job=iot_service","2025-10-31T10:17:39Z","4108873728"
"container_fs_limit_bytes","__name__=container_fs_limit_bytes;device=/rootfs/dev/shm;id=/;instance=cadvisor:8080;job=iot_service","2025-10-31T10:17:54Z","4108873728"
"container_fs_limit_bytes","__name__=container_fs_limit_bytes;device=/rootfs/dev/shm;id=/;instance=cadvisor:8080;job=iot_service","2025-10-31T10:18:09Z","4108873728"
"container_fs_limit_bytes","__name__=container_fs_limit_bytes;device=/rootfs/dev/shm;id=/;instance=cadvisor:8080;job=iot_service","2025-10-31T10:18:24Z","4108873728"
"container_fs_limit_bytes","__name__=container_fs_limit_bytes;device=/rootfs/dev/shm;id=/;instance=cadvisor:8080;job=iot_service","2025-10-31T10:18:39Z","4108873728"
"container_fs_limit_bytes","__name__=container_fs_limit_bytes;device=/rootfs/dev/shm;id=/;instance=cadvisor:8080;job=iot_service","2025-10-31T10:18:54Z","4108873728"
"container_fs_limit_bytes","__name__=container_fs_limit_bytes;device=/rootfs/dev/shm;id=/;instance=cadvisor:8080;job=iot_service","2025-10-31T10:19:09Z","4108873728"
"container_fs_limit_bytes","__name__=container_fs_limit_bytes;device=/rootfs/dev/shm;id=/;instance=cadvisor:8080;job=iot_service","2025-10-31T10:19:24Z","4108873728"
"container_fs_limit_bytes","__name__=container_fs_limit_bytes;device=/rootfs/dev/shm;id=/;instance=cadvisor:8080;job=iot_service","2025-10-31T10:19:39Z","4108873728"
"container_fs_limit_bytes","__name__=container_fs_limit_bytes;device=/rootfs/dev/shm;id=/;instance=cadvisor:8080;job=iot_service","2025-10-31T10:19:54Z","4108873728"
"container_fs_limit_bytes","__name__=container_fs_limit_bytes;device=/rootfs/dev/shm;id=/;instance=cadvisor:8080;job=iot_service","2025-10-31T10:20:09Z","4108873728"
"container_fs_limit_bytes","__name__=container_fs_limit_bytes;device=/rootfs/dev/shm;id=/;instance=cadvisor:8080;job=iot_service","2025-10-31T10:20:24Z","4108873728"
"container_fs_limit_bytes","__name__=container_fs_limit_bytes;device=/rootfs/dev/shm;id=/;instance=cadvisor:8080;job=iot_service","2025-10-31T10:20:39Z","4108873728"
"container_fs_limit_bytes","__name__=container_fs_limit_bytes;device=/rootfs/dev/shm;id=/;instance=cadvisor:8080;job=iot_service","2025-10-31T10:20:54Z","4108873728"
"container_fs_limit_bytes","__name__=container_fs_limit_bytes;device=/rootfs/dev/shm;id=/;instance=cadvisor:8080;job=iot_service","2025-10-31T10:21:09Z","4108873728"
"container_fs_limit_bytes","__name__=container_fs_limit_bytes;device=/rootfs/dev/shm;id=/;instance=cadvisor:8080;job=iot_service","2025-10-31T10:21:24Z","4108873728"
"container_fs_limit_bytes","__name__=container_fs_limit_bytes;device=/rootfs/dev/shm;id=/;instance=cadvisor:8080;job=iot_service","2025-10-31T10:21:39Z","4108873728"
"container_fs_limit_bytes","__name__=container_fs_limit_bytes;device=/rootfs/dev/shm;id=/;instance=cadvisor:8080;job=iot_service","2025-10-31T10:21:54Z","4108873728"
"container_fs_limit_bytes","__name__=container_fs_limit_bytes;device=/rootfs/dev/shm;id=/;instance=cadvisor:8080;job=iot_service","2025-10-31T10:22:09Z","4108873728"
"container_fs_limit_bytes","__name__=container_fs_limit_bytes;device=/rootfs/dev/shm;id=/;instance=cadvisor:8080;job=iot_service","2025-10-31T10:22:24Z","4108873728"
"container_fs_limit_bytes","__name__=container_fs_limit_bytes;device=/rootfs/dev/shm;id=/;instance=cadvisor:8080;job=iot_service","2025-10-31T10:22:39Z","4108873728"
"container_fs_limit_bytes","__name__=container_fs_limit_bytes;device=/rootfs/dev/shm;id=/;instance=cadvisor:8080;job=iot_service","2025-10-31T10:22:54Z","4108873728"
"container_fs_limit_bytes","__name__=container_fs_limit_bytes;device=/rootfs/dev/shm;id=/;instance=cadvisor:8080;job=iot_service","2025-10-31T10:23:09Z","4108873728"
"container_fs_limit_bytes","__name__=container_fs_limit_bytes;device=/rootfs/dev/shm;id=/;instance=cadvisor:8080;job=iot_service","2025-10-31T10:23:24Z","4108873728"
"container_fs_limit_bytes","__name__=container_fs_limit_bytes;device=/rootfs/dev/shm;id=/;instance=cadvisor:8080;job=iot_service","2025-10-31T10:23:39Z","4108873728"
"container_fs_limit_bytes","__name__=container_fs_limit_bytes;device=/rootfs/dev/shm;id=/;instance=cadvisor:8080;job=iot_service","2025-10-31T10:23:54Z","4108873728"
"container_fs_limit_bytes","__name__=container_fs_limit_bytes;device=/rootfs/dev/shm;id=/;instance=cadvisor:8080;job=iot_service","2025-10-31T10:24:09Z","4108873728"
"container_fs_limit_bytes","__name__=container_fs_limit_bytes;device=/rootfs/dev/shm;id=/;instance=cadvisor:8080;job=iot_service","2025-10-31T10:24:24Z","4108873728"
"container_fs_limit_bytes","__name__=container_fs_limit_bytes;device=/rootfs/dev/shm;id=/;instance=cadvisor:8080;job=iot_service","2025-10-31T10:24:39Z","4108873728"
"container_fs_limit_bytes","__name__=container_fs_limit_bytes;device=/rootfs/dev/shm;id=/;instance=cadvisor:8080;job=iot_service","2025-10-31T10:24:54Z","4108873728"
"container_fs_limit_bytes","__name__=container_fs_limit_bytes;device=/rootfs/dev/shm;id=/;instance=cadvisor:8080;job=iot_service","2025-10-31T10:25:09Z","4108873728"
"container_fs_limit_bytes","__name__=container_fs_limit_bytes;device=/rootfs/dev/shm;id=/;instance=cadvisor:8080;job=iot_service","2025-10-31T10:25:24Z","4108873728"
"container_fs_limit_bytes","__name__=container_fs_limit_bytes;device=/rootfs/dev/shm;id=/;instance=cadvisor:8080;job=iot_service","2025-10-31T10:25:39Z","4108873728"
"container_fs_limit_bytes","__name__=container_fs_limit_bytes;device=/rootfs/dev/shm;id=/;instance=cadvisor:8080;job=iot_service","2025-10-31T10:25:54Z","4108873728"
"container_fs_limit_bytes","__name__=container_fs_limit_bytes;device=/rootfs/dev/shm;id=/;instance=cadvisor:8080;job=iot_service","2025-10-31T10:26:09Z","4108873728"
"container_fs_limit_bytes","__name__=container_fs_limit_bytes;device=/rootfs/dev/shm;id=/;instance=cadvisor:8080;job=iot_service","2025-10-31T10:26:24Z","4108873728"
"container_fs_limit_bytes","__name__=container_fs_limit_bytes;device=/rootfs/dev/shm;id=/;instance=cadvisor:8080;job=iot_service","2025-10-31T10:26:39Z","4108873728"
"container_fs_limit_bytes","__name__=container_fs_limit_bytes;device=/rootfs/dev/shm;id=/;instance=cadvisor:8080;job=iot_service","2025-10-31T10:26:54Z","4108873728"
"container_fs_limit_bytes","__name__=container_fs_limit_bytes;device=/rootfs/dev/shm;id=/;instance=cadvisor:8080;job=iot_service","2025-10-31T10:27:09Z","4108873728"
"container_fs_limit_bytes","__name__=container_fs_limit_bytes;device=/rootfs/dev/shm;id=/;instance=cadvisor:8080;job=iot_service","2025-10-31T10:27:24Z","4108873728"
"container_fs_limit_bytes","__name__=container_fs_limit_bytes;device=/rootfs/dev/shm;id=/;instance=cadvisor:8080;job=iot_service","2025-10-31T10:27:39Z","4108873728"
"container_fs_limit_bytes","__name__=container_fs_limit_bytes;device=/rootfs/dev/shm;id=/;instance=cadvisor:8080;job=iot_service","2025-10-31T10:27:54Z","4108873728"
"container_fs_limit_bytes","__name__=container_fs_limit_bytes;device=/rootfs/dev/shm;id=/;instance=cadvisor:8080;job=iot_service","2025-10-31T10:28:09Z","4108873728"
"container_fs_limit_bytes","__name__=container_fs_limit_bytes;device=/rootfs/dev/shm;id=/;instance=cadvisor:8080;job=iot_service","2025-10-31T10:28:24Z","4108873728"
"container_fs_limit_bytes","__name__=container_fs_limit_bytes;device=/rootfs/dev/shm;id=/;instance=cadvisor:8080;job=iot_service","2025-10-31T10:28:39Z","4108873728"
"container_fs_limit_bytes","__name__=container_fs_limit_bytes;device=/rootfs/dev/shm;id=/;instance=cadvisor:8080;job=iot_service","2025-10-31T10:28:54Z","4108873728"
"container_fs_limit_bytes","__name__=container_fs_limit_bytes;device=/rootfs/dev/shm;id=/;instance=cadvisor:8080;job=iot_service","2025-10-31T10:29:09Z","4108873728"
"container_fs_limit_bytes","__name__=container_fs_limit_bytes;device=/rootfs/dev/shm;id=/;instance=cadvisor:8080;job=iot_service","2025-10-31T10:29:24Z","4108873728"
"container_fs_limit_bytes","__name__=container_fs_limit_bytes;device=/rootfs/dev/shm;id=/;instance=cadvisor:8080;job=iot_service","2025-10-31T10:29:39Z","4108873728"
"container_fs_limit_bytes","__name__=container_fs_limit_bytes;device=/rootfs/dev/shm;id=/;instance=cadvisor:8080;job=iot_service","2025-10-31T10:29:54Z","4108873728"
"container_fs_limit_bytes","__name__=container_fs_limit_bytes;device=/rootfs/dev/shm;id=/;instance=cadvisor:8080;job=iot_service","2025-10-31T10:30:09Z","4108873728"
"container_fs_limit_bytes","__name__=container_fs_limit_bytes;device=/rootfs/dev/shm;id=/;instance=cadvisor:8080;job=iot_service","2025-10-31T10:30:24Z","4108873728"
"container_fs_limit_bytes","__name__=container_fs_limit_bytes;device=/rootfs/dev/shm;id=/;instance=cadvisor:8080;job=iot_service","2025-10-31T10:30:39Z","4108873728"
"container_fs_limit_bytes","__name__=container_fs_limit_bytes;device=/rootfs/dev/shm;id=/;instance=cadvisor:8080;job=iot_service","2025-10-31T10:30:54Z","4108873728"
"container_fs_limit_bytes","__name__=container_fs_limit_bytes;device=/rootfs/dev/shm;id=/;instance=cadvisor:8080;job=iot_service","2025-10-31T10:31:09Z","4108873728"
"container_fs_limit_bytes","__name__=container_fs_limit_bytes;device=/rootfs/host_mnt;id=/;instance=cadvisor:8080;job=iot_service","2025-10-31T10:16:09Z","821776384"
"container_fs_limit_bytes","__name__=container_fs_limit_bytes;device=/rootfs/host_mnt;id=/;instance=cadvisor:8080;job=iot_service","2025-10-31T10:16:24Z","821776384"
"container_fs_limit_bytes","__name__=container_fs_limit_bytes;device=/rootfs/host_mnt;id=/;instance=cadvisor:8080;job=iot_service","2025-10-31T10:16:39Z","821776384"
"container_fs_limit_bytes","__name__=container_fs_limit_bytes;device=/rootfs/host_mnt;id=/;instance=cadvisor:8080;job=iot_service","2025-10-31T10:16:54Z","821776384"
"container_fs_limit_bytes","__name__=container_fs_limit_bytes;device=/rootfs/host_mnt;id=/;instance=cadvisor:8080;job=iot_service","2025-10-31T10:17:09Z","821776384"
"container_fs_limit_bytes","__name__=container_fs_limit_bytes;device=/rootfs/host_mnt;id=/;instance=cadvisor:8080;job=iot_service","2025-10-31T10:17:24Z","821776384"
"container_fs_limit_bytes","__name__=container_fs_limit_bytes;device=/rootfs/host_mnt;id=/;instance=cadvisor:8080;job=iot_service","2025-10-31T10:17:39Z","821776384"
"container_fs_limit_bytes","__name__=container_fs_limit_bytes;device=/rootfs/host_mnt;id=/;instance=cadvisor:8080;job=iot_service","2025-10-31T10:17:54Z","821776384"
"container_fs_limit_bytes","__name__=container_fs_limit_bytes;device=/rootfs/host_mnt;id=/;instance=cadvisor:8080;job=iot_service","2025-10-31T10:18:09Z","821776384"
"container_fs_limit_bytes","__name__=container_fs_limit_bytes;device=/rootfs/host_mnt;id=/;instance=cadvisor:8080;job=iot_service","2025-10-31T10:18:24Z","821776384"
"container_fs_limit_bytes","__name__=container_fs_limit_bytes;device=/rootfs/host_mnt;id=/;instance=cadvisor:8080;job=iot_service","2025-10-31T10:18:39Z","821776384"
"container_fs_limit_bytes","__name__=container_fs_limit_bytes;device=/rootfs/host_mnt;id=/;instance=cadvisor:8080;job=iot_service","2025-10-31T10:18:54Z","821776384"
"container_fs_limit_bytes","__name__=container_fs_limit_bytes;device=/rootfs/host_mnt;id=/;instance=cadvisor:8080;job=iot_service","2025-10-31T10:19:09Z","821776384"
"container_fs_limit_bytes","__name__=container_fs_limit_bytes;device=/rootfs/host_mnt;id=/;instance=cadvisor:8080;job=iot_service","2025-10-31T10:19:24Z","821776384"
"container_fs_limit_bytes","__name__=container_fs_limit_bytes;device=/rootfs/host_mnt;id=/;instance=cadvisor:8080;job=iot_service","2025-10-31T10:19:39Z","821776384"
"container_fs_limit_bytes","__name__=container_fs_limit_bytes;device=/rootfs/host_mnt;id=/;instance=cadvisor:8080;job=iot_service","2025-10-31T10:19:54Z","821776384"
"container_fs_limit_bytes","__name__=container_fs_limit_bytes;device=/rootfs/host_mnt;id=/;instance=cadvisor:8080;job=iot_service","2025-10-31T10:20:09Z","821776384"
"container_fs_limit_bytes","__name__=container_fs_limit_bytes;device=/rootfs/host_mnt;id=/;instance=cadvisor:8080;job=iot_service","2025-10-31T10:20:24Z","821776384"
"container_fs_limit_bytes","__name__=container_fs_limit_bytes;device=/rootfs/host_mnt;id=/;instance=cadvisor:8080;job=iot_service","2025-10-31T10:20:39Z","821776384"
"container_fs_limit_bytes","__name__=container_fs_limit_bytes;device=/rootfs/host_mnt;id=/;instance=cadvisor:8080;job=iot_service","2025-10-31T10:20:54Z","821776384"
"container_fs_limit_bytes","__name__=container_fs_limit_bytes;device=/rootfs/host_mnt;id=/;instance=cadvisor:8080;job=iot_service","2025-10-31T10:21:09Z","821776384"
"container_fs_limit_bytes","__name__=container_fs_limit_bytes;device=/rootfs/host_mnt;id=/;instance=cadvisor:8080;job=iot_service","2025-10-31T10:21:24Z","821776384"
"container_fs_limit_bytes","__name__=container_fs_limit_bytes;device=/rootfs/host_mnt;id=/;instance=cadvisor:8080;job=iot_service","2025-10-31T10:21:39Z","821776384"
"container_fs_limit_bytes","__name__=container_fs_limit_bytes;device=/rootfs/host_mnt;id=/;instance=cadvisor:8080;job=iot_service","2025-10-31T10:21:54Z","821776384"
"container_fs_limit_bytes","__name__=container_fs_limit_bytes;device=/rootfs/host_mnt;id=/;instance=cadvisor:8080;job=iot_service","2025-10-31T10:22:09Z","821776384"
"container_fs_limit_bytes","__name__=container_fs_limit_bytes;device=/rootfs/host_mnt;id=/;instance=cadvisor:8080;job=iot_service","2025-10-31T10:22:24Z","821776384"
"container_fs_limit_bytes","__name__=container_fs_limit_bytes;device=/rootfs/host_mnt;id=/;instance=cadvisor:8080;job=iot_service","2025-10-31T10:22:39Z","821776384"
"container_fs_limit_bytes","__name__=container_fs_limit_bytes;device=/rootfs/host_mnt;id=/;instance=cadvisor:8080;job=iot_service","2025-10-31T10:22:54Z","821776384"
"container_fs_limit_bytes","__name__=container_fs_limit_bytes;device=/rootfs/host_mnt;id=/;instance=cadvisor:8080;job=iot_service","2025-10-31T10:23:09Z","821776384"
"container_fs_limit_bytes","__name__=container_fs_limit_bytes;device=/rootfs/host_mnt;id=/;instance=cadvisor:8080;job=iot_service","2025-10-31T10:23:24Z","821776384"
"container_fs_limit_bytes","__name__=container_fs_limit_bytes;device=/rootfs/host_mnt;id=/;instance=cadvisor:8080;job=iot_service","2025-10-31T10:23:39Z","821776384"
"container_fs_limit_bytes","__name__=container_fs_limit_bytes;device=/rootfs/host_mnt;id=/;instance=cadvisor:8080;job=iot_service","2025-10-31T10:23:54Z","821776384"
"container_fs_limit_bytes","__name__=container_fs_limit_bytes;device=/rootfs/host_mnt;id=/;instance=cadvisor:8080;job=iot_service","2025-10-31T10:24:09Z","821776384"
"container_fs_limit_bytes","__name__=container_fs_limit_bytes;device=/rootfs/host_mnt;id=/;instance=cadvisor:8080;job=iot_service","2025-10-31T10:24:24Z","821776384"
"container_fs_limit_bytes","__name__=container_fs_limit_bytes;device=/rootfs/host_mnt;id=/;instance=cadvisor:8080;job=iot_service","2025-10-31T10:24:39Z","821776384"
"container_fs_limit_bytes","__name__=container_fs_limit_bytes;device=/rootfs/host_mnt;id=/;instance=cadvisor:8080;job=iot_service","2025-10-31T10:24:54Z","821776384"
"container_fs_limit_bytes","__name__=container_fs_limit_bytes;device=/rootfs/host_mnt;id=/;instance=cadvisor:8080;job=iot_service","2025-10-31T10:25:09Z","821776384"
"container_fs_limit_bytes","__name__=container_fs_limit_bytes;device=/rootfs/host_mnt;id=/;instance=cadvisor:8080;job=iot_service","2025-10-31T10:25:24Z","821776384"
"container_fs_limit_bytes","__name__=container_fs_limit_bytes;device=/rootfs/host_mnt;id=/;instance=cadvisor:8080;job=iot_service","2025-10-31T10:25:39Z","821776384"
"container_fs_limit_bytes","__name__=container_fs_limit_bytes;device=/rootfs/host_mnt;id=/;instance=cadvisor:8080;job=iot_service","2025-10-31T10:25:54Z","821776384"
"container_fs_limit_bytes","__name__=container_fs_limit_bytes;device=/rootfs/host_mnt;id=/;instance=cadvisor:8080;job=iot_service","2025-10-31T10:26:09Z","821776384"
"container_fs_limit_bytes","__name__=container_fs_limit_bytes;device=/rootfs/host_mnt;id=/;instance=cadvisor:8080;job=iot_service","2025-10-31T10:26:24Z","821776384"
"container_fs_limit_bytes","__name__=container_fs_limit_bytes;device=/rootfs/host_mnt;id=/;instance=cadvisor:8080;job=iot_service","2025-10-31T10:26:39Z","821776384"
"container_fs_limit_bytes","__name__=container_fs_limit_bytes;device=/rootfs/host_mnt;id=/;instance=cadvisor:8080;job=iot_service","2025-10-31T10:26:54Z","821776384"
"container_fs_limit_bytes","__name__=container_fs_limit_bytes;device=/rootfs/host_mnt;id=/;instance=cadvisor:8080;job=iot_service","2025-10-31T10:27:09Z","821776384"
"container_fs_limit_bytes","__name__=container_fs_limit_bytes;device=/rootfs/host_mnt;id=/;instance=cadvisor:8080;job=iot_service","2025-10-31T10:27:24Z","821776384"
"container_fs_limit_bytes","__name__=container_fs_limit_bytes;device=/rootfs/host_mnt;id=/;instance=cadvisor:8080;job=iot_service","2025-10-31T10:27:39Z","821776384"
"container_fs_limit_bytes","__name__=container_fs_limit_bytes;device=/rootfs/host_mnt;id=/;instance=cadvisor:8080;job=iot_service","2025-10-31T10:27:54Z","821776384"
"container_fs_limit_bytes","__name__=container_fs_limit_bytes;device=/rootfs/host_mnt;id=/;instance=cadvisor:8080;job=iot_service","2025-10-31T10:28:09Z","821776384"
"container_fs_limit_bytes","__name__=container_fs_limit_bytes;device=/rootfs/host_mnt;id=/;instance=cadvisor:8080;job=iot_service","2025-10-31T10:28:24Z","821776384"
"container_fs_limit_bytes","__name__=container_fs_limit_bytes;device=/rootfs/host_mnt;id=/;instance=cadvisor:8080;job=iot_service","2025-10-31T10:28:39Z","821776384"
"container_fs_limit_bytes","__name__=container_fs_limit_bytes;device=/rootfs/host_mnt;id=/;instance=cadvisor:8080;job=iot_service","2025-10-31T10:28:54Z","821776384"
"container_fs_limit_bytes","__name__=container_fs_limit_bytes;device=/rootfs/host_mnt;id=/;instance=cadvisor:8080;job=iot_service","2025-10-31T10:29:09Z","821776384"
"container_fs_limit_bytes","__name__=container_fs_limit_bytes;device=/rootfs/host_mnt;id=/;instance=cadvisor:8080;job=iot_service","2025-10-31T10:29:24Z","821776384"
"container_fs_limit_bytes","__name__=container_fs_limit_bytes;device=/rootfs/host_mnt;id=/;instance=cadvisor:8080;job=iot_service","2025-10-31T10:29:39Z","821776384"
"container_fs_limit_bytes","__name__=container_fs_limit_bytes;device=/rootfs/host_mnt;id=/;instance=cadvisor:8080;job=iot_service","2025-10-31T10:29:54Z","821776384"
"container_fs_limit_bytes","__name__=container_fs_limit_bytes;device=/rootfs/host_mnt;id=/;instance=cadvisor:8080;job=iot_service","2025-10-31T10:30:09Z","821776384"
"container_fs_limit_bytes","__name__=container_fs_limit_bytes;device=/rootfs/host_mnt;id=/;instance=cadvisor:8080;job=iot_service","2025-10-31T10:30:24Z","821776384"
"container_fs_limit_bytes","__name__=container_fs_limit_bytes;device=/rootfs/host_mnt;id=/;instance=cadvisor:8080;job=iot_service","2025-10-31T10:30:39Z","821776384"
"container_fs_limit_bytes","__name__=container_fs_limit_bytes;device=/rootfs/host_mnt;id=/;instance=cadvisor:8080;job=iot_service","2025-10-31T10:30:54Z","821776384"
"container_fs_limit_bytes","__name__=container_fs_limit_bytes;device=/rootfs/host_mnt;id=/;instance=cadvisor:8080;job=iot_service","2025-10-31T10:31:09Z","821776384"
"container_fs_limit_bytes","__name__=container_fs_limit_bytes;device=/rootfs/oldroot/run;id=/;instance=cadvisor:8080;job=iot_service","2025-10-31T10:16:09Z","821776384"
"container_fs_limit_bytes","__name__=container_fs_limit_bytes;device=/rootfs/oldroot/run;id=/;instance=cadvisor:8080;job=iot_service","2025-10-31T10:16:24Z","821776384"
"container_fs_limit_bytes","__name__=container_fs_limit_bytes;device=/rootfs/oldroot/run;id=/;instance=cadvisor:8080;job=iot_service","2025-10-31T10:16:39Z","821776384"
"container_fs_limit_bytes","__name__=container_fs_limit_bytes;device=/rootfs/oldroot/run;id=/;instance=cadvisor:8080;job=iot_service","2025-10-31T10:16:54Z","821776384"
"container_fs_limit_bytes","__name__=container_fs_limit_bytes;device=/rootfs/oldroot/run;id=/;instance=cadvisor:8080;job=iot_service","2025-10-31T10:17:09Z","821776384"
"container_fs_limit_bytes","__name__=container_fs_limit_bytes;device=/rootfs/oldroot/run;id=/;instance=cadvisor:8080;job=iot_service","2025-10-31T10:17:24Z","821776384"
"container_fs_limit_bytes","__name__=container_fs_limit_bytes;device=/rootfs/oldroot/run;id=/;instance=cadvisor:8080;job=iot_service","2025-10-31T10:17:39Z","821776384"
"container_fs_limit_bytes","__name__=container_fs_limit_bytes;device=/rootfs/oldroot/run;id=/;instance=cadvisor:8080;job=iot_service","2025-10-31T10:17:54Z","821776384"
"container_fs_limit_bytes","__name__=container_fs_limit_bytes;device=/rootfs/oldroot/run;id=/;instance=cadvisor:8080;job=iot_service","2025-10-31T10:18:09Z","821776384"
"container_fs_limit_bytes","__name__=container_fs_limit_bytes;device=/rootfs/oldroot/run;id=/;instance=cadvisor:8080;job=iot_service","2025-10-31T10:18:24Z","821776384"
"container_fs_limit_bytes","__name__=container_fs_limit_bytes;device=/rootfs/oldroot/run;id=/;instance=cadvisor:8080;job=iot_service","2025-10-31T10:18:39Z","821776384"
"container_fs_limit_bytes","__name__=container_fs_limit_bytes;device=/rootfs/oldroot/run;id=/;instance=cadvisor:8080;job=iot_service","2025-10-31T10:18:54Z","821776384"
"container_fs_limit_bytes","__name__=container_fs_limit_bytes;device=/rootfs/oldroot/run;id=/;instance=cadvisor:8080;job=iot_service","2025-10-31T10:19:09Z","821776384"
"container_fs_limit_bytes","__name__=container_fs_limit_bytes;device=/rootfs/oldroot/run;id=/;instance=cadvisor:8080;job=iot_service","2025-10-31T10:19:24Z","821776384"
"container_fs_limit_bytes","__name__=container_fs_limit_bytes;device=/rootfs/oldroot/run;id=/;instance=cadvisor:8080;job=iot_service","2025-10-31T10:19:39Z","821776384"
"container_fs_limit_bytes","__name__=container_fs_limit_bytes;device=/rootfs/oldroot/run;id=/;instance=cadvisor:8080;job=iot_service","2025-10-31T10:19:54Z","821776384"
"container_fs_limit_bytes","__name__=container_fs_limit_bytes;device=/rootfs/oldroot/run;id=/;instance=cadvisor:8080;job=iot_service","2025-10-31T10:20:09Z","821776384"
"container_fs_limit_bytes","__name__=container_fs_limit_bytes;device=/rootfs/oldroot/run;id=/;instance=cadvisor:8080;job=iot_service","2025-10-31T10:20:24Z","821776384"
"container_fs_limit_bytes","__name__=container_fs_limit_bytes;device=/rootfs/oldroot/run;id=/;instance=cadvisor:8080;job=iot_service","2025-10-31T10:20:39Z","821776384"
"container_fs_limit_bytes","__name__=container_fs_limit_bytes;device=/rootfs/oldroot/run;id=/;instance=cadvisor:8080;job=iot_service","2025-10-31T10:20:54Z","821776384"
"container_fs_limit_bytes","__name__=container_fs_limit_bytes;device=/rootfs/oldroot/run;id=/;instance=cadvisor:8080;job=iot_service","2025-10-31T10:21:09Z","821776384"
"container_fs_limit_bytes","__name__=container_fs_limit_bytes;device=/rootfs/oldroot/run;id=/;instance=cadvisor:8080;job=iot_service","2025-10-31T10:21:24Z","821776384"
"container_fs_limit_bytes","__name__=container_fs_limit_bytes;device=/rootfs/oldroot/run;id=/;instance=cadvisor:8080;job=iot_service","2025-10-31T10:21:39Z","821776384"
"container_fs_limit_bytes","__name__=container_fs_limit_bytes;device=/rootfs/oldroot/run;id=/;instance=cadvisor:8080;job=iot_service","2025-10-31T10:21:54Z","821776384"
"container_fs_limit_bytes","__name__=container_fs_limit_bytes;device=/rootfs/oldroot/run;id=/;instance=cadvisor:8080;job=iot_service","2025-10-31T10:22:09Z","821776384"
"container_fs_limit_bytes","__name__=container_fs_limit_bytes;device=/rootfs/oldroot/run;id=/;instance=cadvisor:8080;job=iot_service","2025-10-31T10:22:24Z","821776384"
"container_fs_limit_bytes","__name__=container_fs_limit_bytes;device=/rootfs/oldroot/run;id=/;instance=cadvisor:8080;job=iot_service","2025-10-31T10:22:39Z","821776384"
"container_fs_limit_bytes","__name__=container_fs_limit_bytes;device=/rootfs/oldroot/run;id=/;instance=cadvisor:8080;job=iot_service","2025-10-31T10:22:54Z","821776384"
"container_fs_limit_bytes","__name__=container_fs_limit_bytes;device=/rootfs/oldroot/run;id=/;instance=cadvisor:8080;job=iot_service","2025-10-31T10:23:09Z","821776384"
"container_fs_limit_bytes","__name__=container_fs_limit_bytes;device=/rootfs/oldroot/run;id=/;instance=cadvisor:8080;job=iot_service","2025-10-31T10:23:24Z","821776384"
"container_fs_limit_bytes","__name__=container_fs_limit_bytes;device=/rootfs/oldroot/run;id=/;instance=cadvisor:8080;job=iot_service","2025-10-31T10:23:39Z","821776384"
"container_fs_limit_bytes","__name__=container_fs_limit_bytes;device=/rootfs/oldroot/run;id=/;instance=cadvisor:8080;job=iot_service","2025-10-31T10:23:54Z","821776384"
"container_fs_limit_bytes","__name__=container_fs_limit_bytes;device=/rootfs/oldroot/run;id=/;instance=cadvisor:8080;job=iot_service","2025-10-31T10:24:09Z","821776384"
"container_fs_limit_bytes","__name__=container_fs_limit_bytes;device=/rootfs/oldroot/run;id=/;instance=cadvisor:8080;job=iot_service","2025-10-31T10:24:24Z","821776384"
"container_fs_limit_bytes","__name__=container_fs_limit_bytes;device=/rootfs/oldroot/run;id=/;instance=cadvisor:8080;job=iot_service","2025-10-31T10:24:39Z","821776384"
"container_fs_limit_bytes","__name__=container_fs_limit_bytes;device=/rootfs/oldroot/run;id=/;instance=cadvisor:8080;job=iot_service","2025-10-31T10:24:54Z","821776384"
"container_fs_limit_bytes","__name__=container_fs_limit_bytes;device=/rootfs/oldroot/run;id=/;instance=cadvisor:8080;job=iot_service","2025-10-31T10:25:09Z","821776384"
"container_fs_limit_bytes","__name__=container_fs_limit_bytes;device=/rootfs/oldroot/run;id=/;instance=cadvisor:8080;job=iot_service","2025-10-31T10:25:24Z","821776384"
"container_fs_limit_bytes","__name__=container_fs_limit_bytes;device=/rootfs/oldroot/run;id=/;instance=cadvisor:8080;job=iot_service","2025-10-31T10:25:39Z","821776384"
"container_fs_limit_bytes","__name__=container_fs_limit_bytes;device=/rootfs/oldroot/run;id=/;instance=cadvisor:8080;job=iot_service","2025-10-31T10:25:54Z","821776384"
"container_fs_limit_bytes","__name__=container_fs_limit_bytes;device=/rootfs/oldroot/run;id=/;instance=cadvisor:8080;job=iot_service","2025-10-31T10:26:09Z","821776384"
"container_fs_limit_bytes","__name__=container_fs_limit_bytes;device=/rootfs/oldroot/run;id=/;instance=cadvisor:8080;job=iot_service","2025-10-31T10:26:24Z","821776384"
"container_fs_limit_bytes","__name__=container_fs_limit_bytes;device=/rootfs/oldroot/run;id=/;instance=cadvisor:8080;job=iot_service","2025-10-31T10:26:39Z","821776384"
"container_fs_limit_bytes","__name__=container_fs_limit_bytes;device=/rootfs/oldroot/run;id=/;instance=cadvisor:8080;job=iot_service","2025-10-31T10:26:54Z","821776384"
"container_fs_limit_bytes","__name__=container_fs_limit_bytes;device=/rootfs/oldroot/run;id=/;instance=cadvisor:8080;job=iot_service","2025-10-31T10:27:09Z","821776384"
"container_fs_limit_bytes","__name__=container_fs_limit_bytes;device=/rootfs/oldroot/run;id=/;instance=cadvisor:8080;job=iot_service","2025-10-31T10:27:24Z","821776384"
"container_fs_limit_bytes","__name__=container_fs_limit_bytes;device=/rootfs/oldroot/run;id=/;instance=cadvisor:8080;job=iot_service","2025-10-31T10:27:39Z","821776384"
"container_fs_limit_bytes","__name__=container_fs_limit_bytes;device=/rootfs/oldroot/run;id=/;instance=cadvisor:8080;job=iot_service","2025-10-31T10:27:54Z","821776384"
"container_fs_limit_bytes","__name__=container_fs_limit_bytes;device=/rootfs/oldroot/run;id=/;instance=cadvisor:8080;job=iot_service","2025-10-31T10:28:09Z","821776384"
"container_fs_limit_bytes","__name__=container_fs_limit_bytes;device=/rootfs/oldroot/run;id=/;instance=cadvisor:8080;job=iot_service","2025-10-31T10:28:24Z","821776384"
"container_fs_limit_bytes","__name__=container_fs_limit_bytes;device=/rootfs/oldroot/run;id=/;instance=cadvisor:8080;job=iot_service","2025-10-31T10:28:39Z","821776384"
"container_fs_limit_bytes","__name__=container_fs_limit_bytes;device=/rootfs/oldroot/run;id=/;instance=cadvisor:8080;job=iot_service","2025-10-31T10:28:54Z","821776384"
"container_fs_limit_bytes","__name__=container_fs_limit_bytes;device=/rootfs/oldroot/run;id=/;instance=cadvisor:8080;job=iot_service","2025-10-31T10:29:09Z","821776384"
"container_fs_limit_bytes","__name__=container_fs_limit_bytes;device=/rootfs/oldroot/run;id=/;instance=cadvisor:8080;job=iot_service","2025-10-31T10:29:24Z","821776384"
"container_fs_limit_bytes","__name__=container_fs_limit_bytes;device=/rootfs/oldroot/run;id=/;instance=cadvisor:8080;job=iot_service","2025-10-31T10:29:39Z","821776384"
"container_fs_limit_bytes","__name__=container_fs_limit_bytes;device=/rootfs/oldroot/run;id=/;instance=cadvisor:8080;job=iot_service","2025-10-31T10:29:54Z","821776384"
"container_fs_limit_bytes","__name__=container_fs_limit_bytes;device=/rootfs/oldroot/run;id=/;instance=cadvisor:8080;job=iot_service","2025-10-31T10:30:09Z","821776384"
"container_fs_limit_bytes","__name__=container_fs_limit_bytes;device=/rootfs/oldroot/run;id=/;instance=cadvisor:8080;job=iot_service","2025-10-31T10:30:24Z","821776384"
"container_fs_limit_bytes","__name__=container_fs_limit_bytes;device=/rootfs/oldroot/run;id=/;instance=cadvisor:8080;job=iot_service","2025-10-31T10:30:39Z","821776384"
"container_fs_limit_bytes","__name__=container_fs_limit_bytes;device=/rootfs/oldroot/run;id=/;instance=cadvisor:8080;job=iot_service","2025-10-31T10:30:54Z","821776384"
"container_fs_limit_bytes","__name__=container_fs_limit_bytes;device=/rootfs/oldroot/run;id=/;instance=cadvisor:8080;job=iot_service","2025-10-31T10:31:09Z","821776384"
"container_fs_limit_bytes","__name__=container_fs_limit_bytes;device=/rootfs/run;id=/;instance=cadvisor:8080;job=iot_service","2025-10-31T10:16:09Z","821776384"
"container_fs_limit_bytes","__name__=container_fs_limit_bytes;device=/rootfs/run;id=/;instance=cadvisor:8080;job=iot_service","2025-10-31T10:16:24Z","821776384"
"container_fs_limit_bytes","__name__=container_fs_limit_bytes;device=/rootfs/run;id=/;instance=cadvisor:8080;job=iot_service","2025-10-31T10:16:39Z","821776384"
"container_fs_limit_bytes","__name__=container_fs_limit_bytes;device=/rootfs/run;id=/;instance=cadvisor:8080;job=iot_service","2025-10-31T10:16:54Z","821776384"
"container_fs_limit_bytes","__name__=container_fs_limit_bytes;device=/rootfs/run;id=/;instance=cadvisor:8080;job=iot_service","2025-10-31T10:17:09Z","821776384"
"container_fs_limit_bytes","__name__=container_fs_limit_bytes;device=/rootfs/run;id=/;instance=cadvisor:8080;job=iot_service","2025-10-31T10:17:24Z","821776384"
"container_fs_limit_bytes","__name__=container_fs_limit_bytes;device=/rootfs/run;id=/;instance=cadvisor:8080;job=iot_service","2025-10-31T10:17:39Z","821776384"
"container_fs_limit_bytes","__name__=container_fs_limit_bytes;device=/rootfs/run;id=/;instance=cadvisor:8080;job=iot_service","2025-10-31T10:17:54Z","821776384"
"container_fs_limit_bytes","__name__=container_fs_limit_bytes;device=/rootfs/run;id=/;instance=cadvisor:8080;job=iot_service","2025-10-31T10:18:09Z","821776384"
"container_fs_limit_bytes","__name__=container_fs_limit_bytes;device=/rootfs/run;id=/;instance=cadvisor:8080;job=iot_service","2025-10-31T10:18:24Z","821776384"
"container_fs_limit_bytes","__name__=container_fs_limit_bytes;device=/rootfs/run;id=/;instance=cadvisor:8080;job=iot_service","2025-10-31T10:18:39Z","821776384"
"container_fs_limit_bytes","__name__=container_fs_limit_bytes;device=/rootfs/run;id=/;instance=cadvisor:8080;job=iot_service","2025-10-31T10:18:54Z","821776384"
"container_fs_limit_bytes","__name__=container_fs_limit_bytes;device=/rootfs/run;id=/;instance=cadvisor:8080;job=iot_service","2025-10-31T10:19:09Z","821776384"
"container_fs_limit_bytes","__name__=container_fs_limit_bytes;device=/rootfs/run;id=/;instance=cadvisor:8080;job=iot_service","2025-10-31T10:19:24Z","821776384"
"container_fs_limit_bytes","__name__=container_fs_limit_bytes;device=/rootfs/run;id=/;instance=cadvisor:8080;job=iot_service","2025-10-31T10:19:39Z","821776384"
"container_fs_limit_bytes","__name__=container_fs_limit_bytes;device=/rootfs/run;id=/;instance=cadvisor:8080;job=iot_service","2025-10-31T10:19:54Z","821776384"
"container_fs_limit_bytes","__name__=container_fs_limit_bytes;device=/rootfs/run;id=/;instance=cadvisor:8080;job=iot_service","2025-10-31T10:20:09Z","821776384"
"container_fs_limit_bytes","__name__=container_fs_limit_bytes;device=/rootfs/run;id=/;instance=cadvisor:8080;job=iot_service","2025-10-31T10:20:24Z","821776384"
"container_fs_limit_bytes","__name__=container_fs_limit_bytes;device=/rootfs/run;id=/;instance=cadvisor:8080;job=iot_service","2025-10-31T10:20:39Z","821776384"
"container_fs_limit_bytes","__name__=container_fs_limit_bytes;device=/rootfs/run;id=/;instance=cadvisor:8080;job=iot_service","2025-10-31T10:20:54Z","821776384"
"container_fs_limit_bytes","__name__=container_fs_limit_bytes;device=/rootfs/run;id=/;instance=cadvisor:8080;job=iot_service","2025-10-31T10:21:09Z","821776384"
"container_fs_limit_bytes","__name__=container_fs_limit_bytes;device=/rootfs/run;id=/;instance=cadvisor:8080;job=iot_service","2025-10-31T10:21:24Z","821776384"
"container_fs_limit_bytes","__name__=container_fs_limit_bytes;device=/rootfs/run;id=/;instance=cadvisor:8080;job=iot_service","2025-10-31T10:21:39Z","821776384"
"container_fs_limit_bytes","__name__=container_fs_limit_bytes;device=/rootfs/run;id=/;instance=cadvisor:8080;job=iot_service","2025-10-31T10:21:54Z","821776384"
"container_fs_limit_bytes","__name__=container_fs_limit_bytes;device=/rootfs/run;id=/;instance=cadvisor:8080;job=iot_service","2025-10-31T10:22:09Z","821776384"
"container_fs_limit_bytes","__name__=container_fs_limit_bytes;device=/rootfs/run;id=/;instance=cadvisor:8080;job=iot_service","2025-10-31T10:22:24Z","821776384"
"container_fs_limit_bytes","__name__=container_fs_limit_bytes;device=/rootfs/run;id=/;instance=cadvisor:8080;job=iot_service","2025-10-31T10:22:39Z","821776384"
"container_fs_limit_bytes","__name__=container_fs_limit_bytes;device=/rootfs/run;id=/;instance=cadvisor:8080;job=iot_service","2025-10-31T10:22:54Z","821776384"
"container_fs_limit_bytes","__name__=container_fs_limit_bytes;device=/rootfs/run;id=/;instance=cadvisor:8080;job=iot_service","2025-10-31T10:23:09Z","821776384"
"container_fs_limit_bytes","__name__=container_fs_limit_bytes;device=/rootfs/run;id=/;instance=cadvisor:8080;job=iot_service","2025-10-31T10:23:24Z","821776384"
"container_fs_limit_bytes","__name__=container_fs_limit_bytes;device=/rootfs/run;id=/;instance=cadvisor:8080;job=iot_service","2025-10-31T10:23:39Z","821776384"
"container_fs_limit_bytes","__name__=container_fs_limit_bytes;device=/rootfs/run;id=/;instance=cadvisor:8080;job=iot_service","2025-10-31T10:23:54Z","821776384"
"container_fs_limit_bytes","__name__=container_fs_limit_bytes;device=/rootfs/run;id=/;instance=cadvisor:8080;job=iot_service","2025-10-31T10:24:09Z","821776384"
"container_fs_limit_bytes","__name__=container_fs_limit_bytes;device=/rootfs/run;id=/;instance=cadvisor:8080;job=iot_service","2025-10-31T10:24:24Z","821776384"
"container_fs_limit_bytes","__name__=container_fs_limit_bytes;device=/rootfs/run;id=/;instance=cadvisor:8080;job=iot_service","2025-10-31T10:24:39Z","821776384"
"container_fs_limit_bytes","__name__=container_fs_limit_bytes;device=/rootfs/run;id=/;instance=cadvisor:8080;job=iot_service","2025-10-31T10:24:54Z","821776384"
"container_fs_limit_bytes","__name__=container_fs_limit_bytes;device=/rootfs/run;id=/;instance=cadvisor:8080;job=iot_service","2025-10-31T10:25:09Z","821776384"
"container_fs_limit_bytes","__name__=container_fs_limit_bytes;device=/rootfs/run;id=/;instance=cadvisor:8080;job=iot_service","2025-10-31T10:25:24Z","821776384"
"container_fs_limit_bytes","__name__=container_fs_limit_bytes;device=/rootfs/run;id=/;instance=cadvisor:8080;job=iot_service","2025-10-31T10:25:39Z","821776384"
"container_fs_limit_bytes","__name__=container_fs_limit_bytes;device=/rootfs/run;id=/;instance=cadvisor:8080;job=iot_service","2025-10-31T10:25:54Z","821776384"
"container_fs_limit_bytes","__name__=container_fs_limit_bytes;device=/rootfs/run;id=/;instance=cadvisor:8080;job=iot_service","2025-10-31T10:26:09Z","821776384"
"container_fs_limit_bytes","__name__=container_fs_limit_bytes;device=/rootfs/run;id=/;instance=cadvisor:8080;job=iot_service","2025-10-31T10:26:24Z","821776384"
"container_fs_limit_bytes","__name__=container_fs_limit_bytes;device=/rootfs/run;id=/;instance=cadvisor:8080;job=iot_service","2025-10-31T10:26:39Z","821776384"
"container_fs_limit_bytes","__name__=container_fs_limit_bytes;device=/rootfs/run;id=/;instance=cadvisor:8080;job=iot_service","2025-10-31T10:26:54Z","821776384"
"container_fs_limit_bytes","__name__=container_fs_limit_bytes;device=/rootfs/run;id=/;instance=cadvisor:8080;job=iot_service","2025-10-31T10:27:09Z","821776384"
"container_fs_limit_bytes","__name__=container_fs_limit_bytes;device=/rootfs/run;id=/;instance=cadvisor:8080;job=iot_service","2025-10-31T10:27:24Z","821776384"
"container_fs_limit_bytes","__name__=container_fs_limit_bytes;device=/rootfs/run;id=/;instance=cadvisor:8080;job=iot_service","2025-10-31T10:27:39Z","821776384"
"container_fs_limit_bytes","__name__=container_fs_limit_bytes;device=/rootfs/run;id=/;instance=cadvisor:8080;job=iot_service","2025-10-31T10:27:54Z","821776384"
"container_fs_limit_bytes","__name__=container_fs_limit_bytes;device=/rootfs/run;id=/;instance=cadvisor:8080;job=iot_service","2025-10-31T10:28:09Z","821776384"
"container_fs_limit_bytes","__name__=container_fs_limit_bytes;device=/rootfs/run;id=/;instance=cadvisor:8080;job=iot_service","2025-10-31T10:28:24Z","821776384"
"container_fs_limit_bytes","__name__=container_fs_limit_bytes;device=/rootfs/run;id=/;instance=cadvisor:8080;job=iot_service","2025-10-31T10:28:39Z","821776384"
"container_fs_limit_bytes","__name__=container_fs_limit_bytes;device=/rootfs/run;id=/;instance=cadvisor:8080;job=iot_service","2025-10-31T10:28:54Z","821776384"
"container_fs_limit_bytes","__name__=container_fs_limit_bytes;device=/rootfs/run;id=/;instance=cadvisor:8080;job=iot_service","2025-10-31T10:29:09Z","821776384"
"container_fs_limit_bytes","__name__=container_fs_limit_bytes;device=/rootfs/run;id=/;instance=cadvisor:8080;job=iot_service","2025-10-31T10:29:24Z","821776384"
"container_fs_limit_bytes","__name__=container_fs_limit_bytes;device=/rootfs/run;id=/;instance=cadvisor:8080;job=iot_service","2025-10-31T10:29:39Z","821776384"
"container_fs_limit_bytes","__name__=container_fs_limit_bytes;device=/rootfs/run;id=/;instance=cadvisor:8080;job=iot_service","2025-10-31T10:29:54Z","821776384"
"container_fs_limit_bytes","__name__=container_fs_limit_bytes;device=/rootfs/run;id=/;instance=cadvisor:8080;job=iot_service","2025-10-31T10:30:09Z","821776384"
"container_fs_limit_bytes","__name__=container_fs_limit_bytes;device=/rootfs/run;id=/;instance=cadvisor:8080;job=iot_service","2025-10-31T10:30:24Z","821776384"
"container_fs_limit_bytes","__name__=container_fs_limit_bytes;device=/rootfs/run;id=/;instance=cadvisor:8080;job=iot_service","2025-10-31T10:30:39Z","821776384"
"container_fs_limit_bytes","__name__=container_fs_limit_bytes;device=/rootfs/run;id=/;instance=cadvisor:8080;job=iot_service","2025-10-31T10:30:54Z","821776384"
"container_fs_limit_bytes","__name__=container_fs_limit_bytes;device=/rootfs/run;id=/;instance=cadvisor:8080;job=iot_service","2025-10-31T10:31:09Z","821776384"
"container_fs_limit_bytes","__name__=container_fs_limit_bytes;device=/rootfs/tmp;id=/;instance=cadvisor:8080;job=iot_service","2025-10-31T10:16:09Z","821776384"
"container_fs_limit_bytes","__name__=container_fs_limit_bytes;device=/rootfs/tmp;id=/;instance=cadvisor:8080;job=iot_service","2025-10-31T10:16:24Z","821776384"
"container_fs_limit_bytes","__name__=container_fs_limit_bytes;device=/rootfs/tmp;id=/;instance=cadvisor:8080;job=iot_service","2025-10-31T10:16:39Z","821776384"
"container_fs_limit_bytes","__name__=container_fs_limit_bytes;device=/rootfs/tmp;id=/;instance=cadvisor:8080;job=iot_service","2025-10-31T10:16:54Z","821776384"
"container_fs_limit_bytes","__name__=container_fs_limit_bytes;device=/rootfs/tmp;id=/;instance=cadvisor:8080;job=iot_service","2025-10-31T10:17:09Z","821776384"
"container_fs_limit_bytes","__name__=container_fs_limit_bytes;device=/rootfs/tmp;id=/;instance=cadvisor:8080;job=iot_service","2025-10-31T10:17:24Z","821776384"
"container_fs_limit_bytes","__name__=container_fs_limit_bytes;device=/rootfs/tmp;id=/;instance=cadvisor:8080;job=iot_service","2025-10-31T10:17:39Z","821776384"
"container_fs_limit_bytes","__name__=container_fs_limit_bytes;device=/rootfs/tmp;id=/;instance=cadvisor:8080;job=iot_service","2025-10-31T10:17:54Z","821776384"
"container_fs_limit_bytes","__name__=container_fs_limit_bytes;device=/rootfs/tmp;id=/;instance=cadvisor:8080;job=iot_service","2025-10-31T10:18:09Z","821776384"
"container_fs_limit_bytes","__name__=container_fs_limit_bytes;device=/rootfs/tmp;id=/;instance=cadvisor:8080;job=iot_service","2025-10-31T10:18:24Z","821776384"
"container_fs_limit_bytes","__name__=container_fs_limit_bytes;device=/rootfs/tmp;id=/;instance=cadvisor:8080;job=iot_service","2025-10-31T10:18:39Z","821776384"
"container_fs_limit_bytes","__name__=container_fs_limit_bytes;device=/rootfs/tmp;id=/;instance=cadvisor:8080;job=iot_service","2025-10-31T10:18:54Z","821776384"
"container_fs_limit_bytes","__name__=container_fs_limit_bytes;device=/rootfs/tmp;id=/;instance=cadvisor:8080;job=iot_service","2025-10-31T10:19:09Z","821776384"
"container_fs_limit_bytes","__name__=container_fs_limit_bytes;device=/rootfs/tmp;id=/;instance=cadvisor:8080;job=iot_service","2025-10-31T10:19:24Z","821776384"
"container_fs_limit_bytes","__name__=container_fs_limit_bytes;device=/rootfs/tmp;id=/;instance=cadvisor:8080;job=iot_service","2025-10-31T10:19:39Z","821776384"
"container_fs_limit_bytes","__name__=container_fs_limit_bytes;device=/rootfs/tmp;id=/;instance=cadvisor:8080;job=iot_service","2025-10-31T10:19:54Z","821776384"
"container_fs_limit_bytes","__name__=container_fs_limit_bytes;device=/rootfs/tmp;id=/;instance=cadvisor:8080;job=iot_service","2025-10-31T10:20:09Z","821776384"
"container_fs_limit_bytes","__name__=container_fs_limit_bytes;device=/rootfs/tmp;id=/;instance=cadvisor:8080;job=iot_service","2025-10-31T10:20:24Z","821776384"
"container_fs_limit_bytes","__name__=container_fs_limit_bytes;device=/rootfs/tmp;id=/;instance=cadvisor:8080;job=iot_service","2025-10-31T10:20:39Z","821776384"
"container_fs_limit_bytes","__name__=container_fs_limit_bytes;device=/rootfs/tmp;id=/;instance=cadvisor:8080;job=iot_service","2025-10-31T10:20:54Z","821776384"
"container_fs_limit_bytes","__name__=container_fs_limit_bytes;device=/rootfs/tmp;id=/;instance=cadvisor:8080;job=iot_service","2025-10-31T10:21:09Z","821776384"
"container_fs_limit_bytes","__name__=container_fs_limit_bytes;device=/rootfs/tmp;id=/;instance=cadvisor:8080;job=iot_service","2025-10-31T10:21:24Z","821776384"
"container_fs_limit_bytes","__name__=container_fs_limit_bytes;device=/rootfs/tmp;id=/;instance=cadvisor:8080;job=iot_service","2025-10-31T10:21:39Z","821776384"
"container_fs_limit_bytes","__name__=container_fs_limit_bytes;device=/rootfs/tmp;id=/;instance=cadvisor:8080;job=iot_service","2025-10-31T10:21:54Z","821776384"
"container_fs_limit_bytes","__name__=container_fs_limit_bytes;device=/rootfs/tmp;id=/;instance=cadvisor:8080;job=iot_service","2025-10-31T10:22:09Z","821776384"
"container_fs_limit_bytes","__name__=container_fs_limit_bytes;device=/rootfs/tmp;id=/;instance=cadvisor:8080;job=iot_service","2025-10-31T10:22:24Z","821776384"
"container_fs_limit_bytes","__name__=container_fs_limit_bytes;device=/rootfs/tmp;id=/;instance=cadvisor:8080;job=iot_service","2025-10-31T10:22:39Z","821776384"
"container_fs_limit_bytes","__name__=container_fs_limit_bytes;device=/rootfs/tmp;id=/;instance=cadvisor:8080;job=iot_service","2025-10-31T10:22:54Z","821776384"
"container_fs_limit_bytes","__name__=container_fs_limit_bytes;device=/rootfs/tmp;id=/;instance=cadvisor:8080;job=iot_service","2025-10-31T10:23:09Z","821776384"
"container_fs_limit_bytes","__name__=container_fs_limit_bytes;device=/rootfs/tmp;id=/;instance=cadvisor:8080;job=iot_service","2025-10-31T10:23:24Z","821776384"
"container_fs_limit_bytes","__name__=container_fs_limit_bytes;device=/rootfs/tmp;id=/;instance=cadvisor:8080;job=iot_service","2025-10-31T10:23:39Z","821776384"
"container_fs_limit_bytes","__name__=container_fs_limit_bytes;device=/rootfs/tmp;id=/;instance=cadvisor:8080;job=iot_service","2025-10-31T10:23:54Z","821776384"
"container_fs_limit_bytes","__name__=container_fs_limit_bytes;device=/rootfs/tmp;id=/;instance=cadvisor:8080;job=iot_service","2025-10-31T10:24:09Z","821776384"
"container_fs_limit_bytes","__name__=container_fs_limit_bytes;device=/rootfs/tmp;id=/;instance=cadvisor:8080;job=iot_service","2025-10-31T10:24:24Z","821776384"
"container_fs_limit_bytes","__name__=container_fs_limit_bytes;device=/rootfs/tmp;id=/;instance=cadvisor:8080;job=iot_service","2025-10-31T10:24:39Z","821776384"
"container_fs_limit_bytes","__name__=container_fs_limit_bytes;device=/rootfs/tmp;id=/;instance=cadvisor:8080;job=iot_service","2025-10-31T10:24:54Z","821776384"
"container_fs_limit_bytes","__name__=container_fs_limit_bytes;device=/rootfs/tmp;id=/;instance=cadvisor:8080;job=iot_service","2025-10-31T10:25:09Z","821776384"
"container_fs_limit_bytes","__name__=container_fs_limit_bytes;device=/rootfs/tmp;id=/;instance=cadvisor:8080;job=iot_service","2025-10-31T10:25:24Z","821776384"
"container_fs_limit_bytes","__name__=container_fs_limit_bytes;device=/rootfs/tmp;id=/;instance=cadvisor:8080;job=iot_service","2025-10-31T10:25:39Z","821776384"
"container_fs_limit_bytes","__name__=container_fs_limit_bytes;device=/rootfs/tmp;id=/;instance=cadvisor:8080;job=iot_service","2025-10-31T10:25:54Z","821776384"
"container_fs_limit_bytes","__name__=container_fs_limit_bytes;device=/rootfs/tmp;id=/;instance=cadvisor:8080;job=iot_service","2025-10-31T10:26:09Z","821776384"
"container_fs_limit_bytes","__name__=container_fs_limit_bytes;device=/rootfs/tmp;id=/;instance=cadvisor:8080;job=iot_service","2025-10-31T10:26:24Z","821776384"
"container_fs_limit_bytes","__name__=container_fs_limit_bytes;device=/rootfs/tmp;id=/;instance=cadvisor:8080;job=iot_service","2025-10-31T10:26:39Z","821776384"
"container_fs_limit_bytes","__name__=container_fs_limit_bytes;device=/rootfs/tmp;id=/;instance=cadvisor:8080;job=iot_service","2025-10-31T10:26:54Z","821776384"
"container_fs_limit_bytes","__name__=container_fs_limit_bytes;device=/rootfs/tmp;id=/;instance=cadvisor:8080;job=iot_service","2025-10-31T10:27:09Z","821776384"
"container_fs_limit_bytes","__name__=container_fs_limit_bytes;device=/rootfs/tmp;id=/;instance=cadvisor:8080;job=iot_service","2025-10-31T10:27:24Z","821776384"
"container_fs_limit_bytes","__name__=container_fs_limit_bytes;device=/rootfs/tmp;id=/;instance=cadvisor:8080;job=iot_service","2025-10-31T10:27:39Z","821776384"
"container_fs_limit_bytes","__name__=container_fs_limit_bytes;device=/rootfs/tmp;id=/;instance=cadvisor:8080;job=iot_service","2025-10-31T10:27:54Z","821776384"
"container_fs_limit_bytes","__name__=container_fs_limit_bytes;device=/rootfs/tmp;id=/;instance=cadvisor:8080;job=iot_service","2025-10-31T10:28:09Z","821776384"
"container_fs_limit_bytes","__name__=container_fs_limit_bytes;device=/rootfs/tmp;id=/;instance=cadvisor:8080;job=iot_service","2025-10-31T10:28:24Z","821776384"
"container_fs_limit_bytes","__name__=container_fs_limit_bytes;device=/rootfs/tmp;id=/;instance=cadvisor:8080;job=iot_service","2025-10-31T10:28:39Z","821776384"
"container_fs_limit_bytes","__name__=container_fs_limit_bytes;device=/rootfs/tmp;id=/;instance=cadvisor:8080;job=iot_service","2025-10-31T10:28:54Z","821776384"
"container_fs_limit_bytes","__name__=container_fs_limit_bytes;device=/rootfs/tmp;id=/;instance=cadvisor:8080;job=iot_service","2025-10-31T10:29:09Z","821776384"
"container_fs_limit_bytes","__name__=container_fs_limit_bytes;device=/rootfs/tmp;id=/;instance=cadvisor:8080;job=iot_service","2025-10-31T10:29:24Z","821776384"
"container_fs_limit_bytes","__name__=container_fs_limit_bytes;device=/rootfs/tmp;id=/;instance=cadvisor:8080;job=iot_service","2025-10-31T10:29:39Z","821776384"
"container_fs_limit_bytes","__name__=container_fs_limit_bytes;device=/rootfs/tmp;id=/;instance=cadvisor:8080;job=iot_service","2025-10-31T10:29:54Z","821776384"
"container_fs_limit_bytes","__name__=container_fs_limit_bytes;device=/rootfs/tmp;id=/;instance=cadvisor:8080;job=iot_service","2025-10-31T10:30:09Z","821776384"
"container_fs_limit_bytes","__name__=container_fs_limit_bytes;device=/rootfs/tmp;id=/;instance=cadvisor:8080;job=iot_service","2025-10-31T10:30:24Z","821776384"
"container_fs_limit_bytes","__name__=container_fs_limit_bytes;device=/rootfs/tmp;id=/;instance=cadvisor:8080;job=iot_service","2025-10-31T10:30:39Z","821776384"
"container_fs_limit_bytes","__name__=container_fs_limit_bytes;device=/rootfs/tmp;id=/;instance=cadvisor:8080;job=iot_service","2025-10-31T10:30:54Z","821776384"
"container_fs_limit_bytes","__name__=container_fs_limit_bytes;device=/rootfs/tmp;id=/;instance=cadvisor:8080;job=iot_service","2025-10-31T10:31:09Z","821776384"
"container_fs_limit_bytes","__name__=container_fs_limit_bytes;device=/rootfs/var;id=/;instance=cadvisor:8080;job=iot_service","2025-10-31T10:16:09Z","4108877824"
"container_fs_limit_bytes","__name__=container_fs_limit_bytes;device=/rootfs/var;id=/;instance=cadvisor:8080;job=iot_service","2025-10-31T10:16:24Z","4108877824"
"container_fs_limit_bytes","__name__=container_fs_limit_bytes;device=/rootfs/var;id=/;instance=cadvisor:8080;job=iot_service","2025-10-31T10:16:39Z","4108877824"
"container_fs_limit_bytes","__name__=container_fs_limit_bytes;device=/rootfs/var;id=/;instance=cadvisor:8080;job=iot_service","2025-10-31T10:16:54Z","4108877824"
"container_fs_limit_bytes","__name__=container_fs_limit_bytes;device=/rootfs/var;id=/;instance=cadvisor:8080;job=iot_service","2025-10-31T10:17:09Z","4108877824"
"container_fs_limit_bytes","__name__=container_fs_limit_bytes;device=/rootfs/var;id=/;instance=cadvisor:8080;job=iot_service","2025-10-31T10:17:24Z","4108877824"
"container_fs_limit_bytes","__name__=container_fs_limit_bytes;device=/rootfs/var;id=/;instance=cadvisor:8080;job=iot_service","2025-10-31T10:17:39Z","4108877824"
"container_fs_limit_bytes","__name__=container_fs_limit_bytes;device=/rootfs/var;id=/;instance=cadvisor:8080;job=iot_service","2025-10-31T10:17:54Z","4108877824"
"container_fs_limit_bytes","__name__=container_fs_limit_bytes;device=/rootfs/var;id=/;instance=cadvisor:8080;job=iot_service","2025-10-31T10:18:09Z","4108877824"
"container_fs_limit_bytes","__name__=container_fs_limit_bytes;device=/rootfs/var;id=/;instance=cadvisor:8080;job=iot_service","2025-10-31T10:18:24Z","4108877824"
"container_fs_limit_bytes","__name__=container_fs_limit_bytes;device=/rootfs/var;id=/;instance=cadvisor:8080;job=iot_service","2025-10-31T10:18:39Z","4108877824"
"container_fs_limit_bytes","__name__=container_fs_limit_bytes;device=/rootfs/var;id=/;instance=cadvisor:8080;job=iot_service","2025-10-31T10:18:54Z","4108877824"
"container_fs_limit_bytes","__name__=container_fs_limit_bytes;device=/rootfs/var;id=/;instance=cadvisor:8080;job=iot_service","2025-10-31T10:19:09Z","4108877824"
"container_fs_limit_bytes","__name__=container_fs_limit_bytes;device=/rootfs/var;id=/;instance=cadvisor:8080;job=iot_service","2025-10-31T10:19:24Z","4108877824"
"container_fs_limit_bytes","__name__=container_fs_limit_bytes;device=/rootfs/var;id=/;instance=cadvisor:8080;job=iot_service","2025-10-31T10:19:39Z","4108877824"
"container_fs_limit_bytes","__name__=container_fs_limit_bytes;device=/rootfs/var;id=/;instance=cadvisor:8080;job=iot_service","2025-10-31T10:19:54Z","4108877824"
"container_fs_limit_bytes","__name__=container_fs_limit_bytes;device=/rootfs/var;id=/;instance=cadvisor:8080;job=iot_service","2025-10-31T10:20:09Z","4108877824"
"container_fs_limit_bytes","__name__=container_fs_limit_bytes;device=/rootfs/var;id=/;instance=cadvisor:8080;job=iot_service","2025-10-31T10:20:24Z","4108877824"
"container_fs_limit_bytes","__name__=container_fs_limit_bytes;device=/rootfs/var;id=/;instance=cadvisor:8080;job=iot_service","2025-10-31T10:20:39Z","4108877824"
"container_fs_limit_bytes","__name__=container_fs_limit_bytes;device=/rootfs/var;id=/;instance=cadvisor:8080;job=iot_service","2025-10-31T10:20:54Z","4108877824"
"container_fs_limit_bytes","__name__=container_fs_limit_bytes;device=/rootfs/var;id=/;instance=cadvisor:8080;job=iot_service","2025-10-31T10:21:09Z","4108877824"
"container_fs_limit_bytes","__name__=container_fs_limit_bytes;device=/rootfs/var;id=/;instance=cadvisor:8080;job=iot_service","2025-10-31T10:21:24Z","4108877824"
"container_fs_limit_bytes","__name__=container_fs_limit_bytes;device=/rootfs/var;id=/;instance=cadvisor:8080;job=iot_service","2025-10-31T10:21:39Z","4108877824"
"container_fs_limit_bytes","__name__=container_fs_limit_bytes;device=/rootfs/var;id=/;instance=cadvisor:8080;job=iot_service","2025-10-31T10:21:54Z","4108877824"
"container_fs_limit_bytes","__name__=container_fs_limit_bytes;device=/rootfs/var;id=/;instance=cadvisor:8080;job=iot_service","2025-10-31T10:22:09Z","4108877824"
"container_fs_limit_bytes","__name__=container_fs_limit_bytes;device=/rootfs/var;id=/;instance=cadvisor:8080;job=iot_service","2025-10-31T10:22:24Z","4108877824"
"container_fs_limit_bytes","__name__=container_fs_limit_bytes;device=/rootfs/var;id=/;instance=cadvisor:8080;job=iot_service","2025-10-31T10:22:39Z","4108877824"
"container_fs_limit_bytes","__name__=container_fs_limit_bytes;device=/rootfs/var;id=/;instance=cadvisor:8080;job=iot_service","2025-10-31T10:22:54Z","4108877824"
"container_fs_limit_bytes","__name__=container_fs_limit_bytes;device=/rootfs/var;id=/;instance=cadvisor:8080;job=iot_service","2025-10-31T10:23:09Z","4108877824"
"container_fs_limit_bytes","__name__=container_fs_limit_bytes;device=/rootfs/var;id=/;instance=cadvisor:8080;job=iot_service","2025-10-31T10:23:24Z","4108877824"
"container_fs_limit_bytes","__name__=container_fs_limit_bytes;device=/rootfs/var;id=/;instance=cadvisor:8080;job=iot_service","2025-10-31T10:23:39Z","4108877824"
"container_fs_limit_bytes","__name__=container_fs_limit_bytes;device=/rootfs/var;id=/;instance=cadvisor:8080;job=iot_service","2025-10-31T10:23:54Z","4108877824"
"container_fs_limit_bytes","__name__=container_fs_limit_bytes;device=/rootfs/var;id=/;instance=cadvisor:8080;job=iot_service","2025-10-31T10:24:09Z","4108877824"
"container_fs_limit_bytes","__name__=container_fs_limit_bytes;device=/rootfs/var;id=/;instance=cadvisor:8080;job=iot_service","2025-10-31T10:24:24Z","4108877824"
"container_fs_limit_bytes","__name__=container_fs_limit_bytes;device=/rootfs/var;id=/;instance=cadvisor:8080;job=iot_service","2025-10-31T10:24:39Z","4108877824"
"container_fs_limit_bytes","__name__=container_fs_limit_bytes;device=/rootfs/var;id=/;instance=cadvisor:8080;job=iot_service","2025-10-31T10:24:54Z","4108877824"
"container_fs_limit_bytes","__name__=container_fs_limit_bytes;device=/rootfs/var;id=/;instance=cadvisor:8080;job=iot_service","2025-10-31T10:25:09Z","4108877824"
"container_fs_limit_bytes","__name__=container_fs_limit_bytes;device=/rootfs/var;id=/;instance=cadvisor:8080;job=iot_service","2025-10-31T10:25:24Z","4108877824"
"container_fs_limit_bytes","__name__=container_fs_limit_bytes;device=/rootfs/var;id=/;instance=cadvisor:8080;job=iot_service","2025-10-31T10:25:39Z","4108877824"
"container_fs_limit_bytes","__name__=container_fs_limit_bytes;device=/rootfs/var;id=/;instance=cadvisor:8080;job=iot_service","2025-10-31T10:25:54Z","4108877824"
"container_fs_limit_bytes","__name__=container_fs_limit_bytes;device=/rootfs/var;id=/;instance=cadvisor:8080;job=iot_service","2025-10-31T10:26:09Z","4108877824"
"container_fs_limit_bytes","__name__=container_fs_limit_bytes;device=/rootfs/var;id=/;instance=cadvisor:8080;job=iot_service","2025-10-31T10:26:24Z","4108877824"
"container_fs_limit_bytes","__name__=container_fs_limit_bytes;device=/rootfs/var;id=/;instance=cadvisor:8080;job=iot_service","2025-10-31T10:26:39Z","4108877824"
"container_fs_limit_bytes","__name__=container_fs_limit_bytes;device=/rootfs/var;id=/;instance=cadvisor:8080;job=iot_service","2025-10-31T10:26:54Z","4108877824"
"container_fs_limit_bytes","__name__=container_fs_limit_bytes;device=/rootfs/var;id=/;instance=cadvisor:8080;job=iot_service","2025-10-31T10:27:09Z","4108877824"
"container_fs_limit_bytes","__name__=container_fs_limit_bytes;device=/rootfs/var;id=/;instance=cadvisor:8080;job=iot_service","2025-10-31T10:27:24Z","4108877824"
"container_fs_limit_bytes","__name__=container_fs_limit_bytes;device=/rootfs/var;id=/;instance=cadvisor:8080;job=iot_service","2025-10-31T10:27:39Z","4108877824"
"container_fs_limit_bytes","__name__=container_fs_limit_bytes;device=/rootfs/var;id=/;instance=cadvisor:8080;job=iot_service","2025-10-31T10:27:54Z","4108877824"
"container_fs_limit_bytes","__name__=container_fs_limit_bytes;device=/rootfs/var;id=/;instance=cadvisor:8080;job=iot_service","2025-10-31T10:28:09Z","4108877824"
"container_fs_limit_bytes","__name__=container_fs_limit_bytes;device=/rootfs/var;id=/;instance=cadvisor:8080;job=iot_service","2025-10-31T10:28:24Z","4108877824"
"container_fs_limit_bytes","__name__=container_fs_limit_bytes;device=/rootfs/var;id=/;instance=cadvisor:8080;job=iot_service","2025-10-31T10:28:39Z","4108877824"
"container_fs_limit_bytes","__name__=container_fs_limit_bytes;device=/rootfs/var;id=/;instance=cadvisor:8080;job=iot_service","2025-10-31T10:28:54Z","4108877824"
"container_fs_limit_bytes","__name__=container_fs_limit_bytes;device=/rootfs/var;id=/;instance=cadvisor:8080;job=iot_service","2025-10-31T10:29:09Z","4108877824"
"container_fs_limit_bytes","__name__=container_fs_limit_bytes;device=/rootfs/var;id=/;instance=cadvisor:8080;job=iot_service","2025-10-31T10:29:24Z","4108877824"
"container_fs_limit_bytes","__name__=container_fs_limit_bytes;device=/rootfs/var;id=/;instance=cadvisor:8080;job=iot_service","2025-10-31T10:29:39Z","4108877824"
"container_fs_limit_bytes","__name__=container_fs_limit_bytes;device=/rootfs/var;id=/;instance=cadvisor:8080;job=iot_service","2025-10-31T10:29:54Z","4108877824"
"container_fs_limit_bytes","__name__=container_fs_limit_bytes;device=/rootfs/var;id=/;instance=cadvisor:8080;job=iot_service","2025-10-31T10:30:09Z","4108877824"
"container_fs_limit_bytes","__name__=container_fs_limit_bytes;device=/rootfs/var;id=/;instance=cadvisor:8080;job=iot_service","2025-10-31T10:30:24Z","4108877824"
"container_fs_limit_bytes","__name__=container_fs_limit_bytes;device=/rootfs/var;id=/;instance=cadvisor:8080;job=iot_service","2025-10-31T10:30:39Z","4108877824"
"container_fs_limit_bytes","__name__=container_fs_limit_bytes;device=/rootfs/var;id=/;instance=cadvisor:8080;job=iot_service","2025-10-31T10:30:54Z","4108877824"
"container_fs_limit_bytes","__name__=container_fs_limit_bytes;device=/rootfs/var;id=/;instance=cadvisor:8080;job=iot_service","2025-10-31T10:31:09Z","4108877824"
"container_fs_limit_bytes","__name__=container_fs_limit_bytes;device=/rootfs/var/lib/docker/rootfs/overlayfs/fdfc0724b613bbad2b29e38f548044caa8fa5ece06aea1f7630b8b07f070b604/dev;id=/;instance=cadvisor:8080;job=iot_service","2025-10-31T10:16:09Z","67108864"
"container_fs_limit_bytes","__name__=container_fs_limit_bytes;device=/rootfs/var/lib/docker/rootfs/overlayfs/fdfc0724b613bbad2b29e38f548044caa8fa5ece06aea1f7630b8b07f070b604/dev;id=/;instance=cadvisor:8080;job=iot_service","2025-10-31T10:16:24Z","67108864"
"container_fs_limit_bytes","__name__=container_fs_limit_bytes;device=/rootfs/var/lib/docker/rootfs/overlayfs/fdfc0724b613bbad2b29e38f548044caa8fa5ece06aea1f7630b8b07f070b604/dev;id=/;instance=cadvisor:8080;job=iot_service","2025-10-31T10:16:39Z","67108864"
"container_fs_limit_bytes","__name__=container_fs_limit_bytes;device=/rootfs/var/lib/docker/rootfs/overlayfs/fdfc0724b613bbad2b29e38f548044caa8fa5ece06aea1f7630b8b07f070b604/dev;id=/;instance=cadvisor:8080;job=iot_service","2025-10-31T10:16:54Z","67108864"
"container_fs_limit_bytes","__name__=container_fs_limit_bytes;device=/rootfs/var/lib/docker/rootfs/overlayfs/fdfc0724b613bbad2b29e38f548044caa8fa5ece06aea1f7630b8b07f070b604/dev;id=/;instance=cadvisor:8080;job=iot_service","2025-10-31T10:17:09Z","67108864"
"container_fs_limit_bytes","__name__=container_fs_limit_bytes;device=/rootfs/var/lib/docker/rootfs/overlayfs/fdfc0724b613bbad2b29e38f548044caa8fa5ece06aea1f7630b8b07f070b604/dev;id=/;instance=cadvisor:8080;job=iot_service","2025-10-31T10:17:24Z","67108864"
"container_fs_limit_bytes","__name__=container_fs_limit_bytes;device=/rootfs/var/lib/docker/rootfs/overlayfs/fdfc0724b613bbad2b29e38f548044caa8fa5ece06aea1f7630b8b07f070b604/dev;id=/;instance=cadvisor:8080;job=iot_service","2025-10-31T10:17:39Z","67108864"
"container_fs_limit_bytes","__name__=container_fs_limit_bytes;device=/rootfs/var/lib/docker/rootfs/overlayfs/fdfc0724b613bbad2b29e38f548044caa8fa5ece06aea1f7630b8b07f070b604/dev;id=/;instance=cadvisor:8080;job=iot_service","2025-10-31T10:17:54Z","67108864"
"container_fs_limit_bytes","__name__=container_fs_limit_bytes;device=/rootfs/var/lib/docker/rootfs/overlayfs/fdfc0724b613bbad2b29e38f548044caa8fa5ece06aea1f7630b8b07f070b604/dev;id=/;instance=cadvisor:8080;job=iot_service","2025-10-31T10:18:09Z","67108864"
"container_fs_limit_bytes","__name__=container_fs_limit_bytes;device=/rootfs/var/lib/docker/rootfs/overlayfs/fdfc0724b613bbad2b29e38f548044caa8fa5ece06aea1f7630b8b07f070b604/dev;id=/;instance=cadvisor:8080;job=iot_service","2025-10-31T10:18:24Z","67108864"
"container_fs_limit_bytes","__name__=container_fs_limit_bytes;device=/rootfs/var/lib/docker/rootfs/overlayfs/fdfc0724b613bbad2b29e38f548044caa8fa5ece06aea1f7630b8b07f070b604/dev;id=/;instance=cadvisor:8080;job=iot_service","2025-10-31T10:18:39Z","67108864"
"container_fs_limit_bytes","__name__=container_fs_limit_bytes;device=/rootfs/var/lib/docker/rootfs/overlayfs/fdfc0724b613bbad2b29e38f548044caa8fa5ece06aea1f7630b8b07f070b604/dev;id=/;instance=cadvisor:8080;job=iot_service","2025-10-31T10:18:54Z","67108864"
"container_fs_limit_bytes","__name__=container_fs_limit_bytes;device=/rootfs/var/lib/docker/rootfs/overlayfs/fdfc0724b613bbad2b29e38f548044caa8fa5ece06aea1f7630b8b07f070b604/dev;id=/;instance=cadvisor:8080;job=iot_service","2025-10-31T10:19:09Z","67108864"
"container_fs_limit_bytes","__name__=container_fs_limit_bytes;device=/rootfs/var/lib/docker/rootfs/overlayfs/fdfc0724b613bbad2b29e38f548044caa8fa5ece06aea1f7630b8b07f070b604/dev;id=/;instance=cadvisor:8080;job=iot_service","2025-10-31T10:19:24Z","67108864"
"container_fs_limit_bytes","__name__=container_fs_limit_bytes;device=/rootfs/var/lib/docker/rootfs/overlayfs/fdfc0724b613bbad2b29e38f548044caa8fa5ece06aea1f7630b8b07f070b604/dev;id=/;instance=cadvisor:8080;job=iot_service","2025-10-31T10:19:39Z","67108864"
"container_fs_limit_bytes","__name__=container_fs_limit_bytes;device=/rootfs/var/lib/docker/rootfs/overlayfs/fdfc0724b613bbad2b29e38f548044caa8fa5ece06aea1f7630b8b07f070b604/dev;id=/;instance=cadvisor:8080;job=iot_service","2025-10-31T10:19:54Z","67108864"
"container_fs_limit_bytes","__name__=container_fs_limit_bytes;device=/rootfs/var/lib/docker/rootfs/overlayfs/fdfc0724b613bbad2b29e38f548044caa8fa5ece06aea1f7630b8b07f070b604/dev;id=/;instance=cadvisor:8080;job=iot_service","2025-10-31T10:20:09Z","67108864"
"container_fs_limit_bytes","__name__=container_fs_limit_bytes;device=/rootfs/var/lib/docker/rootfs/overlayfs/fdfc0724b613bbad2b29e38f548044caa8fa5ece06aea1f7630b8b07f070b604/dev;id=/;instance=cadvisor:8080;job=iot_service","2025-10-31T10:20:24Z","67108864"
"container_fs_limit_bytes","__name__=container_fs_limit_bytes;device=/rootfs/var/lib/docker/rootfs/overlayfs/fdfc0724b613bbad2b29e38f548044caa8fa5ece06aea1f7630b8b07f070b604/dev;id=/;instance=cadvisor:8080;job=iot_service","2025-10-31T10:20:39Z","67108864"
"container_fs_limit_bytes","__name__=container_fs_limit_bytes;device=/rootfs/var/lib/docker/rootfs/overlayfs/fdfc0724b613bbad2b29e38f548044caa8fa5ece06aea1f7630b8b07f070b604/dev;id=/;instance=cadvisor:8080;job=iot_service","2025-10-31T10:20:54Z","67108864"
"container_fs_limit_bytes","__name__=container_fs_limit_bytes;device=/rootfs/var/lib/docker/rootfs/overlayfs/fdfc0724b613bbad2b29e38f548044caa8fa5ece06aea1f7630b8b07f070b604/dev;id=/;instance=cadvisor:8080;job=iot_service","2025-10-31T10:21:09Z","67108864"
"container_fs_limit_bytes","__name__=container_fs_limit_bytes;device=/rootfs/var/lib/docker/rootfs/overlayfs/fdfc0724b613bbad2b29e38f548044caa8fa5ece06aea1f7630b8b07f070b604/dev;id=/;instance=cadvisor:8080;job=iot_service","2025-10-31T10:21:24Z","67108864"
"container_fs_limit_bytes","__name__=container_fs_limit_bytes;device=/rootfs/var/lib/docker/rootfs/overlayfs/fdfc0724b613bbad2b29e38f548044caa8fa5ece06aea1f7630b8b07f070b604/dev;id=/;instance=cadvisor:8080;job=iot_service","2025-10-31T10:21:39Z","67108864"
"container_fs_limit_bytes","__name__=container_fs_limit_bytes;device=/rootfs/var/lib/docker/rootfs/overlayfs/fdfc0724b613bbad2b29e38f548044caa8fa5ece06aea1f7630b8b07f070b604/dev;id=/;instance=cadvisor:8080;job=iot_service","2025-10-31T10:21:54Z","67108864"
"container_fs_limit_bytes","__name__=container_fs_limit_bytes;device=/rootfs/var/lib/docker/rootfs/overlayfs/fdfc0724b613bbad2b29e38f548044caa8fa5ece06aea1f7630b8b07f070b604/dev;id=/;instance=cadvisor:8080;job=iot_service","2025-10-31T10:22:09Z","67108864"
"container_fs_limit_bytes","__name__=container_fs_limit_bytes;device=/rootfs/var/lib/docker/rootfs/overlayfs/fdfc0724b613bbad2b29e38f548044caa8fa5ece06aea1f7630b8b07f070b604/dev;id=/;instance=cadvisor:8080;job=iot_service","2025-10-31T10:22:24Z","67108864"
"container_fs_limit_bytes","__name__=container_fs_limit_bytes;device=/rootfs/var/lib/docker/rootfs/overlayfs/fdfc0724b613bbad2b29e38f548044caa8fa5ece06aea1f7630b8b07f070b604/dev;id=/;instance=cadvisor:8080;job=iot_service","2025-10-31T10:22:39Z","67108864"
"container_fs_limit_bytes","__name__=container_fs_limit_bytes;device=/rootfs/var/lib/docker/rootfs/overlayfs/fdfc0724b613bbad2b29e38f548044caa8fa5ece06aea1f7630b8b07f070b604/dev;id=/;instance=cadvisor:8080;job=iot_service","2025-10-31T10:22:54Z","67108864"
"container_fs_limit_bytes","__name__=container_fs_limit_bytes;device=/rootfs/var/lib/docker/rootfs/overlayfs/fdfc0724b613bbad2b29e38f548044caa8fa5ece06aea1f7630b8b07f070b604/dev;id=/;instance=cadvisor:8080;job=iot_service","2025-10-31T10:23:09Z","67108864"
"container_fs_limit_bytes","__name__=container_fs_limit_bytes;device=/rootfs/var/lib/docker/rootfs/overlayfs/fdfc0724b613bbad2b29e38f548044caa8fa5ece06aea1f7630b8b07f070b604/dev;id=/;instance=cadvisor:8080;job=iot_service","2025-10-31T10:23:24Z","67108864"
"container_fs_limit_bytes","__name__=container_fs_limit_bytes;device=/rootfs/var/lib/docker/rootfs/overlayfs/fdfc0724b613bbad2b29e38f548044caa8fa5ece06aea1f7630b8b07f070b604/dev;id=/;instance=cadvisor:8080;job=iot_service","2025-10-31T10:23:39Z","67108864"
"container_fs_limit_bytes","__name__=container_fs_limit_bytes;device=/rootfs/var/lib/docker/rootfs/overlayfs/fdfc0724b613bbad2b29e38f548044caa8fa5ece06aea1f7630b8b07f070b604/dev;id=/;instance=cadvisor:8080;job=iot_service","2025-10-31T10:23:54Z","67108864"
"container_fs_limit_bytes","__name__=container_fs_limit_bytes;device=/rootfs/var/lib/docker/rootfs/overlayfs/fdfc0724b613bbad2b29e38f548044caa8fa5ece06aea1f7630b8b07f070b604/dev;id=/;instance=cadvisor:8080;job=iot_service","2025-10-31T10:24:09Z","67108864"
"container_fs_limit_bytes","__name__=container_fs_limit_bytes;device=/rootfs/var/lib/docker/rootfs/overlayfs/fdfc0724b613bbad2b29e38f548044caa8fa5ece06aea1f7630b8b07f070b604/dev;id=/;instance=cadvisor:8080;job=iot_service","2025-10-31T10:24:24Z","67108864"
"container_fs_limit_bytes","__name__=container_fs_limit_bytes;device=/rootfs/var/lib/docker/rootfs/overlayfs/fdfc0724b613bbad2b29e38f548044caa8fa5ece06aea1f7630b8b07f070b604/dev;id=/;instance=cadvisor:8080;job=iot_service","2025-10-31T10:24:39Z","67108864"
"container_fs_limit_bytes","__name__=container_fs_limit_bytes;device=/rootfs/var/lib/docker/rootfs/overlayfs/fdfc0724b613bbad2b29e38f548044caa8fa5ece06aea1f7630b8b07f070b604/dev;id=/;instance=cadvisor:8080;job=iot_service","2025-10-31T10:24:54Z","67108864"
"container_fs_limit_bytes","__name__=container_fs_limit_bytes;device=/rootfs/var/lib/docker/rootfs/overlayfs/fdfc0724b613bbad2b29e38f548044caa8fa5ece06aea1f7630b8b07f070b604/dev;id=/;instance=cadvisor:8080;job=iot_service","2025-10-31T10:25:09Z","67108864"
"container_fs_limit_bytes","__name__=container_fs_limit_bytes;device=/rootfs/var/lib/docker/rootfs/overlayfs/fdfc0724b613bbad2b29e38f548044caa8fa5ece06aea1f7630b8b07f070b604/dev;id=/;instance=cadvisor:8080;job=iot_service","2025-10-31T10:25:24Z","67108864"
"container_fs_limit_bytes","__name__=container_fs_limit_bytes;device=/rootfs/var/lib/docker/rootfs/overlayfs/fdfc0724b613bbad2b29e38f548044caa8fa5ece06aea1f7630b8b07f070b604/dev;id=/;instance=cadvisor:8080;job=iot_service","2025-10-31T10:25:39Z","67108864"
"container_fs_limit_bytes","__name__=container_fs_limit_bytes;device=/rootfs/var/lib/docker/rootfs/overlayfs/fdfc0724b613bbad2b29e38f548044caa8fa5ece06aea1f7630b8b07f070b604/dev;id=/;instance=cadvisor:8080;job=iot_service","2025-10-31T10:25:54Z","67108864"
"container_fs_limit_bytes","__name__=container_fs_limit_bytes;device=/rootfs/var/lib/docker/rootfs/overlayfs/fdfc0724b613bbad2b29e38f548044caa8fa5ece06aea1f7630b8b07f070b604/dev;id=/;instance=cadvisor:8080;job=iot_service","2025-10-31T10:26:09Z","67108864"
"container_fs_limit_bytes","__name__=container_fs_limit_bytes;device=/rootfs/var/lib/docker/rootfs/overlayfs/fdfc0724b613bbad2b29e38f548044caa8fa5ece06aea1f7630b8b07f070b604/dev;id=/;instance=cadvisor:8080;job=iot_service","2025-10-31T10:26:24Z","67108864"
"container_fs_limit_bytes","__name__=container_fs_limit_bytes;device=/rootfs/var/lib/docker/rootfs/overlayfs/fdfc0724b613bbad2b29e38f548044caa8fa5ece06aea1f7630b8b07f070b604/dev;id=/;instance=cadvisor:8080;job=iot_service","2025-10-31T10:26:39Z","67108864"
"container_fs_limit_bytes","__name__=container_fs_limit_bytes;device=/rootfs/var/lib/docker/rootfs/overlayfs/fdfc0724b613bbad2b29e38f548044caa8fa5ece06aea1f7630b8b07f070b604/dev;id=/;instance=cadvisor:8080;job=iot_service","2025-10-31T10:26:54Z","67108864"
"container_fs_limit_bytes","__name__=container_fs_limit_bytes;device=/rootfs/var/lib/docker/rootfs/overlayfs/fdfc0724b613bbad2b29e38f548044caa8fa5ece06aea1f7630b8b07f070b604/dev;id=/;instance=cadvisor:8080;job=iot_service","2025-10-31T10:27:09Z","67108864"
"container_fs_limit_bytes","__name__=container_fs_limit_bytes;device=/rootfs/var/lib/docker/rootfs/overlayfs/fdfc0724b613bbad2b29e38f548044caa8fa5ece06aea1f7630b8b07f070b604/dev;id=/;instance=cadvisor:8080;job=iot_service","2025-10-31T10:27:24Z","67108864"
"container_fs_limit_bytes","__name__=container_fs_limit_bytes;device=/rootfs/var/lib/docker/rootfs/overlayfs/fdfc0724b613bbad2b29e38f548044caa8fa5ece06aea1f7630b8b07f070b604/dev;id=/;instance=cadvisor:8080;job=iot_service","2025-10-31T10:27:39Z","67108864"
"container_fs_limit_bytes","__name__=container_fs_limit_bytes;device=/rootfs/var/lib/docker/rootfs/overlayfs/fdfc0724b613bbad2b29e38f548044caa8fa5ece06aea1f7630b8b07f070b604/dev;id=/;instance=cadvisor:8080;job=iot_service","2025-10-31T10:27:54Z","67108864"
"container_fs_limit_bytes","__name__=container_fs_limit_bytes;device=/rootfs/var/lib/docker/rootfs/overlayfs/fdfc0724b613bbad2b29e38f548044caa8fa5ece06aea1f7630b8b07f070b604/dev;id=/;instance=cadvisor:8080;job=iot_service","2025-10-31T10:28:09Z","67108864"
"container_fs_limit_bytes","__name__=container_fs_limit_bytes;device=/rootfs/var/lib/docker/rootfs/overlayfs/fdfc0724b613bbad2b29e38f548044caa8fa5ece06aea1f7630b8b07f070b604/dev;id=/;instance=cadvisor:8080;job=iot_service","2025-10-31T10:28:24Z","67108864"
"container_fs_limit_bytes","__name__=container_fs_limit_bytes;device=/rootfs/var/lib/docker/rootfs/overlayfs/fdfc0724b613bbad2b29e38f548044caa8fa5ece06aea1f7630b8b07f070b604/dev;id=/;instance=cadvisor:8080;job=iot_service","2025-10-31T10:28:39Z","67108864"
"container_fs_limit_bytes","__name__=container_fs_limit_bytes;device=/rootfs/var/lib/docker/rootfs/overlayfs/fdfc0724b613bbad2b29e38f548044caa8fa5ece06aea1f7630b8b07f070b604/dev;id=/;instance=cadvisor:8080;job=iot_service","2025-10-31T10:28:54Z","67108864"
"container_fs_limit_bytes","__name__=container_fs_limit_bytes;device=/rootfs/var/lib/docker/rootfs/overlayfs/fdfc0724b613bbad2b29e38f548044caa8fa5ece06aea1f7630b8b07f070b604/dev;id=/;instance=cadvisor:8080;job=iot_service","2025-10-31T10:29:09Z","67108864"
"container_fs_limit_bytes","__name__=container_fs_limit_bytes;device=/rootfs/var/lib/docker/rootfs/overlayfs/fdfc0724b613bbad2b29e38f548044caa8fa5ece06aea1f7630b8b07f070b604/dev;id=/;instance=cadvisor:8080;job=iot_service","2025-10-31T10:29:24Z","67108864"
"container_fs_limit_bytes","__name__=container_fs_limit_bytes;device=/rootfs/var/lib/docker/rootfs/overlayfs/fdfc0724b613bbad2b29e38f548044caa8fa5ece06aea1f7630b8b07f070b604/dev;id=/;instance=cadvisor:8080;job=iot_service","2025-10-31T10:29:39Z","67108864"
"container_fs_limit_bytes","__name__=container_fs_limit_bytes;device=/rootfs/var/lib/docker/rootfs/overlayfs/fdfc0724b613bbad2b29e38f548044caa8fa5ece06aea1f7630b8b07f070b604/dev;id=/;instance=cadvisor:8080;job=iot_service","2025-10-31T10:29:54Z","67108864"
"container_fs_limit_bytes","__name__=container_fs_limit_bytes;device=/rootfs/var/lib/docker/rootfs/overlayfs/fdfc0724b613bbad2b29e38f548044caa8fa5ece06aea1f7630b8b07f070b604/dev;id=/;instance=cadvisor:8080;job=iot_service","2025-10-31T10:30:09Z","67108864"
"container_fs_limit_bytes","__name__=container_fs_limit_bytes;device=/rootfs/var/lib/docker/rootfs/overlayfs/fdfc0724b613bbad2b29e38f548044caa8fa5ece06aea1f7630b8b07f070b604/dev;id=/;instance=cadvisor:8080;job=iot_service","2025-10-31T10:30:24Z","67108864"
"container_fs_limit_bytes","__name__=container_fs_limit_bytes;device=/rootfs/var/lib/docker/rootfs/overlayfs/fdfc0724b613bbad2b29e38f548044caa8fa5ece06aea1f7630b8b07f070b604/dev;id=/;instance=cadvisor:8080;job=iot_service","2025-10-31T10:30:39Z","67108864"
"container_fs_limit_bytes","__name__=container_fs_limit_bytes;device=/rootfs/var/lib/docker/rootfs/overlayfs/fdfc0724b613bbad2b29e38f548044caa8fa5ece06aea1f7630b8b07f070b604/dev;id=/;instance=cadvisor:8080;job=iot_service","2025-10-31T10:30:54Z","67108864"
"container_fs_limit_bytes","__name__=container_fs_limit_bytes;device=/rootfs/var/lib/docker/rootfs/overlayfs/fdfc0724b613bbad2b29e38f548044caa8fa5ece06aea1f7630b8b07f070b604/dev;id=/;instance=cadvisor:8080;job=iot_service","2025-10-31T10:31:09Z","67108864"
"container_fs_limit_bytes","__name__=container_fs_limit_bytes;device=/rootfs/var/lib/docker/rootfs/overlayfs/fdfc0724b613bbad2b29e38f548044caa8fa5ece06aea1f7630b8b07f070b604/dev/shm;id=/;instance=cadvisor:8080;job=iot_service","2025-10-31T10:16:09Z","67108864"
"container_fs_limit_bytes","__name__=container_fs_limit_bytes;device=/rootfs/var/lib/docker/rootfs/overlayfs/fdfc0724b613bbad2b29e38f548044caa8fa5ece06aea1f7630b8b07f070b604/dev/shm;id=/;instance=cadvisor:8080;job=iot_service","2025-10-31T10:16:24Z","67108864"
"container_fs_limit_bytes","__name__=container_fs_limit_bytes;device=/rootfs/var/lib/docker/rootfs/overlayfs/fdfc0724b613bbad2b29e38f548044caa8fa5ece06aea1f7630b8b07f070b604/dev/shm;id=/;instance=cadvisor:8080;job=iot_service","2025-10-31T10:16:39Z","67108864"
"container_fs_limit_bytes","__name__=container_fs_limit_bytes;device=/rootfs/var/lib/docker/rootfs/overlayfs/fdfc0724b613bbad2b29e38f548044caa8fa5ece06aea1f7630b8b07f070b604/dev/shm;id=/;instance=cadvisor:8080;job=iot_service","2025-10-31T10:16:54Z","67108864"
"container_fs_limit_bytes","__name__=container_fs_limit_bytes;device=/rootfs/var/lib/docker/rootfs/overlayfs/fdfc0724b613bbad2b29e38f548044caa8fa5ece06aea1f7630b8b07f070b604/dev/shm;id=/;instance=cadvisor:8080;job=iot_service","2025-10-31T10:17:09Z","67108864"
"container_fs_limit_bytes","__name__=container_fs_limit_bytes;device=/rootfs/var/lib/docker/rootfs/overlayfs/fdfc0724b613bbad2b29e38f548044caa8fa5ece06aea1f7630b8b07f070b604/dev/shm;id=/;instance=cadvisor:8080;job=iot_service","2025-10-31T10:17:24Z","67108864"
"container_fs_limit_bytes","__name__=container_fs_limit_bytes;device=/rootfs/var/lib/docker/rootfs/overlayfs/fdfc0724b613bbad2b29e38f548044caa8fa5ece06aea1f7630b8b07f070b604/dev/shm;id=/;instance=cadvisor:8080;job=iot_service","2025-10-31T10:17:39Z","67108864"
"container_fs_limit_bytes","__name__=container_fs_limit_bytes;device=/rootfs/var/lib/docker/rootfs/overlayfs/fdfc0724b613bbad2b29e38f548044caa8fa5ece06aea1f7630b8b07f070b604/dev/shm;id=/;instance=cadvisor:8080;job=iot_service","2025-10-31T10:17:54Z","67108864"
"container_fs_limit_bytes","__name__=container_fs_limit_bytes;device=/rootfs/var/lib/docker/rootfs/overlayfs/fdfc0724b613bbad2b29e38f548044caa8fa5ece06aea1f7630b8b07f070b604/dev/shm;id=/;instance=cadvisor:8080;job=iot_service","2025-10-31T10:18:09Z","67108864"
"container_fs_limit_bytes","__name__=container_fs_limit_bytes;device=/rootfs/var/lib/docker/rootfs/overlayfs/fdfc0724b613bbad2b29e38f548044caa8fa5ece06aea1f7630b8b07f070b604/dev/shm;id=/;instance=cadvisor:8080;job=iot_service","2025-10-31T10:18:24Z","67108864"
"container_fs_limit_bytes","__name__=container_fs_limit_bytes;device=/rootfs/var/lib/docker/rootfs/overlayfs/fdfc0724b613bbad2b29e38f548044caa8fa5ece06aea1f7630b8b07f070b604/dev/shm;id=/;instance=cadvisor:8080;job=iot_service","2025-10-31T10:18:39Z","67108864"
"container_fs_limit_bytes","__name__=container_fs_limit_bytes;device=/rootfs/var/lib/docker/rootfs/overlayfs/fdfc0724b613bbad2b29e38f548044caa8fa5ece06aea1f7630b8b07f070b604/dev/shm;id=/;instance=cadvisor:8080;job=iot_service","2025-10-31T10:18:54Z","67108864"
"container_fs_limit_bytes","__name__=container_fs_limit_bytes;device=/rootfs/var/lib/docker/rootfs/overlayfs/fdfc0724b613bbad2b29e38f548044caa8fa5ece06aea1f7630b8b07f070b604/dev/shm;id=/;instance=cadvisor:8080;job=iot_service","2025-10-31T10:19:09Z","67108864"
"container_fs_limit_bytes","__name__=container_fs_limit_bytes;device=/rootfs/var/lib/docker/rootfs/overlayfs/fdfc0724b613bbad2b29e38f548044caa8fa5ece06aea1f7630b8b07f070b604/dev/shm;id=/;instance=cadvisor:8080;job=iot_service","2025-10-31T10:19:24Z","67108864"
"container_fs_limit_bytes","__name__=container_fs_limit_bytes;device=/rootfs/var/lib/docker/rootfs/overlayfs/fdfc0724b613bbad2b29e38f548044caa8fa5ece06aea1f7630b8b07f070b604/dev/shm;id=/;instance=cadvisor:8080;job=iot_service","2025-10-31T10:19:39Z","67108864"
"container_fs_limit_bytes","__name__=container_fs_limit_bytes;device=/rootfs/var/lib/docker/rootfs/overlayfs/fdfc0724b613bbad2b29e38f548044caa8fa5ece06aea1f7630b8b07f070b604/dev/shm;id=/;instance=cadvisor:8080;job=iot_service","2025-10-31T10:19:54Z","67108864"
"container_fs_limit_bytes","__name__=container_fs_limit_bytes;device=/rootfs/var/lib/docker/rootfs/overlayfs/fdfc0724b613bbad2b29e38f548044caa8fa5ece06aea1f7630b8b07f070b604/dev/shm;id=/;instance=cadvisor:8080;job=iot_service","2025-10-31T10:20:09Z","67108864"
"container_fs_limit_bytes","__name__=container_fs_limit_bytes;device=/rootfs/var/lib/docker/rootfs/overlayfs/fdfc0724b613bbad2b29e38f548044caa8fa5ece06aea1f7630b8b07f070b604/dev/shm;id=/;instance=cadvisor:8080;job=iot_service","2025-10-31T10:20:24Z","67108864"
"container_fs_limit_bytes","__name__=container_fs_limit_bytes;device=/rootfs/var/lib/docker/rootfs/overlayfs/fdfc0724b613bbad2b29e38f548044caa8fa5ece06aea1f7630b8b07f070b604/dev/shm;id=/;instance=cadvisor:8080;job=iot_service","2025-10-31T10:20:39Z","67108864"
"container_fs_limit_bytes","__name__=container_fs_limit_bytes;device=/rootfs/var/lib/docker/rootfs/overlayfs/fdfc0724b613bbad2b29e38f548044caa8fa5ece06aea1f7630b8b07f070b604/dev/shm;id=/;instance=cadvisor:8080;job=iot_service","2025-10-31T10:20:54Z","67108864"
"container_fs_limit_bytes","__name__=container_fs_limit_bytes;device=/rootfs/var/lib/docker/rootfs/overlayfs/fdfc0724b613bbad2b29e38f548044caa8fa5ece06aea1f7630b8b07f070b604/dev/shm;id=/;instance=cadvisor:8080;job=iot_service","2025-10-31T10:21:09Z","67108864"
"container_fs_limit_bytes","__name__=container_fs_limit_bytes;device=/rootfs/var/lib/docker/rootfs/overlayfs/fdfc0724b613bbad2b29e38f548044caa8fa5ece06aea1f7630b8b07f070b604/dev/shm;id=/;instance=cadvisor:8080;job=iot_service","2025-10-31T10:21:24Z","67108864"
"container_fs_limit_bytes","__name__=container_fs_limit_bytes;device=/rootfs/var/lib/docker/rootfs/overlayfs/fdfc0724b613bbad2b29e38f548044caa8fa5ece06aea1f7630b8b07f070b604/dev/shm;id=/;instance=cadvisor:8080;job=iot_service","2025-10-31T10:21:39Z","67108864"
"container_fs_limit_bytes","__name__=container_fs_limit_bytes;device=/rootfs/var/lib/docker/rootfs/overlayfs/fdfc0724b613bbad2b29e38f548044caa8fa5ece06aea1f7630b8b07f070b604/dev/shm;id=/;instance=cadvisor:8080;job=iot_service","2025-10-31T10:21:54Z","67108864"
"container_fs_limit_bytes","__name__=container_fs_limit_bytes;device=/rootfs/var/lib/docker/rootfs/overlayfs/fdfc0724b613bbad2b29e38f548044caa8fa5ece06aea1f7630b8b07f070b604/dev/shm;id=/;instance=cadvisor:8080;job=iot_service","2025-10-31T10:22:09Z","67108864"
"container_fs_limit_bytes","__name__=container_fs_limit_bytes;device=/rootfs/var/lib/docker/rootfs/overlayfs/fdfc0724b613bbad2b29e38f548044caa8fa5ece06aea1f7630b8b07f070b604/dev/shm;id=/;instance=cadvisor:8080;job=iot_service","2025-10-31T10:22:24Z","67108864"
"container_fs_limit_bytes","__name__=container_fs_limit_bytes;device=/rootfs/var/lib/docker/rootfs/overlayfs/fdfc0724b613bbad2b29e38f548044caa8fa5ece06aea1f7630b8b07f070b604/dev/shm;id=/;instance=cadvisor:8080;job=iot_service","2025-10-31T10:22:39Z","67108864"
"container_fs_limit_bytes","__name__=container_fs_limit_bytes;device=/rootfs/var/lib/docker/rootfs/overlayfs/fdfc0724b613bbad2b29e38f548044caa8fa5ece06aea1f7630b8b07f070b604/dev/shm;id=/;instance=cadvisor:8080;job=iot_service","2025-10-31T10:22:54Z","67108864"
"container_fs_limit_bytes","__name__=container_fs_limit_bytes;device=/rootfs/var/lib/docker/rootfs/overlayfs/fdfc0724b613bbad2b29e38f548044caa8fa5ece06aea1f7630b8b07f070b604/dev/shm;id=/;instance=cadvisor:8080;job=iot_service","2025-10-31T10:23:09Z","67108864"
"container_fs_limit_bytes","__name__=container_fs_limit_bytes;device=/rootfs/var/lib/docker/rootfs/overlayfs/fdfc0724b613bbad2b29e38f548044caa8fa5ece06aea1f7630b8b07f070b604/dev/shm;id=/;instance=cadvisor:8080;job=iot_service","2025-10-31T10:23:24Z","67108864"
"container_fs_limit_bytes","__name__=container_fs_limit_bytes;device=/rootfs/var/lib/docker/rootfs/overlayfs/fdfc0724b613bbad2b29e38f548044caa8fa5ece06aea1f7630b8b07f070b604/dev/shm;id=/;instance=cadvisor:8080;job=iot_service","2025-10-31T10:23:39Z","67108864"
"container_fs_limit_bytes","__name__=container_fs_limit_bytes;device=/rootfs/var/lib/docker/rootfs/overlayfs/fdfc0724b613bbad2b29e38f548044caa8fa5ece06aea1f7630b8b07f070b604/dev/shm;id=/;instance=cadvisor:8080;job=iot_service","2025-10-31T10:23:54Z","67108864"
"container_fs_limit_bytes","__name__=container_fs_limit_bytes;device=/rootfs/var/lib/docker/rootfs/overlayfs/fdfc0724b613bbad2b29e38f548044caa8fa5ece06aea1f7630b8b07f070b604/dev/shm;id=/;instance=cadvisor:8080;job=iot_service","2025-10-31T10:24:09Z","67108864"
"container_fs_limit_bytes","__name__=container_fs_limit_bytes;device=/rootfs/var/lib/docker/rootfs/overlayfs/fdfc0724b613bbad2b29e38f548044caa8fa5ece06aea1f7630b8b07f070b604/dev/shm;id=/;instance=cadvisor:8080;job=iot_service","2025-10-31T10:24:24Z","67108864"
"container_fs_limit_bytes","__name__=container_fs_limit_bytes;device=/rootfs/var/lib/docker/rootfs/overlayfs/fdfc0724b613bbad2b29e38f548044caa8fa5ece06aea1f7630b8b07f070b604/dev/shm;id=/;instance=cadvisor:8080;job=iot_service","2025-10-31T10:24:39Z","67108864"
"container_fs_limit_bytes","__name__=container_fs_limit_bytes;device=/rootfs/var/lib/docker/rootfs/overlayfs/fdfc0724b613bbad2b29e38f548044caa8fa5ece06aea1f7630b8b07f070b604/dev/shm;id=/;instance=cadvisor:8080;job=iot_service","2025-10-31T10:24:54Z","67108864"
"container_fs_limit_bytes","__name__=container_fs_limit_bytes;device=/rootfs/var/lib/docker/rootfs/overlayfs/fdfc0724b613bbad2b29e38f548044caa8fa5ece06aea1f7630b8b07f070b604/dev/shm;id=/;instance=cadvisor:8080;job=iot_service","2025-10-31T10:25:09Z","67108864"
"container_fs_limit_bytes","__name__=container_fs_limit_bytes;device=/rootfs/var/lib/docker/rootfs/overlayfs/fdfc0724b613bbad2b29e38f548044caa8fa5ece06aea1f7630b8b07f070b604/dev/shm;id=/;instance=cadvisor:8080;job=iot_service","2025-10-31T10:25:24Z","67108864"
"container_fs_limit_bytes","__name__=container_fs_limit_bytes;device=/rootfs/var/lib/docker/rootfs/overlayfs/fdfc0724b613bbad2b29e38f548044caa8fa5ece06aea1f7630b8b07f070b604/dev/shm;id=/;instance=cadvisor:8080;job=iot_service","2025-10-31T10:25:39Z","67108864"
"container_fs_limit_bytes","__name__=container_fs_limit_bytes;device=/rootfs/var/lib/docker/rootfs/overlayfs/fdfc0724b613bbad2b29e38f548044caa8fa5ece06aea1f7630b8b07f070b604/dev/shm;id=/;instance=cadvisor:8080;job=iot_service","2025-10-31T10:25:54Z","67108864"
"container_fs_limit_bytes","__name__=container_fs_limit_bytes;device=/rootfs/var/lib/docker/rootfs/overlayfs/fdfc0724b613bbad2b29e38f548044caa8fa5ece06aea1f7630b8b07f070b604/dev/shm;id=/;instance=cadvisor:8080;job=iot_service","2025-10-31T10:26:09Z","67108864"
"container_fs_limit_bytes","__name__=container_fs_limit_bytes;device=/rootfs/var/lib/docker/rootfs/overlayfs/fdfc0724b613bbad2b29e38f548044caa8fa5ece06aea1f7630b8b07f070b604/dev/shm;id=/;instance=cadvisor:8080;job=iot_service","2025-10-31T10:26:24Z","67108864"
"container_fs_limit_bytes","__name__=container_fs_limit_bytes;device=/rootfs/var/lib/docker/rootfs/overlayfs/fdfc0724b613bbad2b29e38f548044caa8fa5ece06aea1f7630b8b07f070b604/dev/shm;id=/;instance=cadvisor:8080;job=iot_service","2025-10-31T10:26:39Z","67108864"
"container_fs_limit_bytes","__name__=container_fs_limit_bytes;device=/rootfs/var/lib/docker/rootfs/overlayfs/fdfc0724b613bbad2b29e38f548044caa8fa5ece06aea1f7630b8b07f070b604/dev/shm;id=/;instance=cadvisor:8080;job=iot_service","2025-10-31T10:26:54Z","67108864"
"container_fs_limit_bytes","__name__=container_fs_limit_bytes;device=/rootfs/var/lib/docker/rootfs/overlayfs/fdfc0724b613bbad2b29e38f548044caa8fa5ece06aea1f7630b8b07f070b604/dev/shm;id=/;instance=cadvisor:8080;job=iot_service","2025-10-31T10:27:09Z","67108864"
"container_fs_limit_bytes","__name__=container_fs_limit_bytes;device=/rootfs/var/lib/docker/rootfs/overlayfs/fdfc0724b613bbad2b29e38f548044caa8fa5ece06aea1f7630b8b07f070b604/dev/shm;id=/;instance=cadvisor:8080;job=iot_service","2025-10-31T10:27:24Z","67108864"
"container_fs_limit_bytes","__name__=container_fs_limit_bytes;device=/rootfs/var/lib/docker/rootfs/overlayfs/fdfc0724b613bbad2b29e38f548044caa8fa5ece06aea1f7630b8b07f070b604/dev/shm;id=/;instance=cadvisor:8080;job=iot_service","2025-10-31T10:27:39Z","67108864"
"container_fs_limit_bytes","__name__=container_fs_limit_bytes;device=/rootfs/var/lib/docker/rootfs/overlayfs/fdfc0724b613bbad2b29e38f548044caa8fa5ece06aea1f7630b8b07f070b604/dev/shm;id=/;instance=cadvisor:8080;job=iot_service","2025-10-31T10:27:54Z","67108864"
"container_fs_limit_bytes","__name__=container_fs_limit_bytes;device=/rootfs/var/lib/docker/rootfs/overlayfs/fdfc0724b613bbad2b29e38f548044caa8fa5ece06aea1f7630b8b07f070b604/dev/shm;id=/;instance=cadvisor:8080;job=iot_service","2025-10-31T10:28:09Z","67108864"
"container_fs_limit_bytes","__name__=container_fs_limit_bytes;device=/rootfs/var/lib/docker/rootfs/overlayfs/fdfc0724b613bbad2b29e38f548044caa8fa5ece06aea1f7630b8b07f070b604/dev/shm;id=/;instance=cadvisor:8080;job=iot_service","2025-10-31T10:28:24Z","67108864"
"container_fs_limit_bytes","__name__=container_fs_limit_bytes;device=/rootfs/var/lib/docker/rootfs/overlayfs/fdfc0724b613bbad2b29e38f548044caa8fa5ece06aea1f7630b8b07f070b604/dev/shm;id=/;instance=cadvisor:8080;job=iot_service","2025-10-31T10:28:39Z","67108864"
"container_fs_limit_bytes","__name__=container_fs_limit_bytes;device=/rootfs/var/lib/docker/rootfs/overlayfs/fdfc0724b613bbad2b29e38f548044caa8fa5ece06aea1f7630b8b07f070b604/dev/shm;id=/;instance=cadvisor:8080;job=iot_service","2025-10-31T10:28:54Z","67108864"
"container_fs_limit_bytes","__name__=container_fs_limit_bytes;device=/rootfs/var/lib/docker/rootfs/overlayfs/fdfc0724b613bbad2b29e38f548044caa8fa5ece06aea1f7630b8b07f070b604/dev/shm;id=/;instance=cadvisor:8080;job=iot_service","2025-10-31T10:29:09Z","67108864"
"container_fs_limit_bytes","__name__=container_fs_limit_bytes;device=/rootfs/var/lib/docker/rootfs/overlayfs/fdfc0724b613bbad2b29e38f548044caa8fa5ece06aea1f7630b8b07f070b604/dev/shm;id=/;instance=cadvisor:8080;job=iot_service","2025-10-31T10:29:24Z","67108864"
"container_fs_limit_bytes","__name__=container_fs_limit_bytes;device=/rootfs/var/lib/docker/rootfs/overlayfs/fdfc0724b613bbad2b29e38f548044caa8fa5ece06aea1f7630b8b07f070b604/dev/shm;id=/;instance=cadvisor:8080;job=iot_service","2025-10-31T10:29:39Z","67108864"
"container_fs_limit_bytes","__name__=container_fs_limit_bytes;device=/rootfs/var/lib/docker/rootfs/overlayfs/fdfc0724b613bbad2b29e38f548044caa8fa5ece06aea1f7630b8b07f070b604/dev/shm;id=/;instance=cadvisor:8080;job=iot_service","2025-10-31T10:29:54Z","67108864"
"container_fs_limit_bytes","__name__=container_fs_limit_bytes;device=/rootfs/var/lib/docker/rootfs/overlayfs/fdfc0724b613bbad2b29e38f548044caa8fa5ece06aea1f7630b8b07f070b604/dev/shm;id=/;instance=cadvisor:8080;job=iot_service","2025-10-31T10:30:09Z","67108864"
"container_fs_limit_bytes","__name__=container_fs_limit_bytes;device=/rootfs/var/lib/docker/rootfs/overlayfs/fdfc0724b613bbad2b29e38f548044caa8fa5ece06aea1f7630b8b07f070b604/dev/shm;id=/;instance=cadvisor:8080;job=iot_service","2025-10-31T10:30:24Z","67108864"
"container_fs_limit_bytes","__name__=container_fs_limit_bytes;device=/rootfs/var/lib/docker/rootfs/overlayfs/fdfc0724b613bbad2b29e38f548044caa8fa5ece06aea1f7630b8b07f070b604/dev/shm;id=/;instance=cadvisor:8080;job=iot_service","2025-10-31T10:30:39Z","67108864"
"container_fs_limit_bytes","__name__=container_fs_limit_bytes;device=/rootfs/var/lib/docker/rootfs/overlayfs/fdfc0724b613bbad2b29e38f548044caa8fa5ece06aea1f7630b8b07f070b604/dev/shm;id=/;instance=cadvisor:8080;job=iot_service","2025-10-31T10:30:54Z","67108864"
"container_fs_limit_bytes","__name__=container_fs_limit_bytes;device=/rootfs/var/lib/docker/rootfs/overlayfs/fdfc0724b613bbad2b29e38f548044caa8fa5ece06aea1f7630b8b07f070b604/dev/shm;id=/;instance=cadvisor:8080;job=iot_service","2025-10-31T10:31:09Z","67108864"
"container_fs_limit_bytes","__name__=container_fs_limit_bytes;device=/sys/firmware;id=/;instance=cadvisor:8080;job=iot_service","2025-10-31T10:16:09Z","4108873728"
"container_fs_limit_bytes","__name__=container_fs_limit_bytes;device=/sys/firmware;id=/;instance=cadvisor:8080;job=iot_service","2025-10-31T10:16:24Z","4108873728"
"container_fs_limit_bytes","__name__=container_fs_limit_bytes;device=/sys/firmware;id=/;instance=cadvisor:8080;job=iot_service","2025-10-31T10:16:39Z","4108873728"
"container_fs_limit_bytes","__name__=container_fs_limit_bytes;device=/sys/firmware;id=/;instance=cadvisor:8080;job=iot_service","2025-10-31T10:16:54Z","4108873728"
"container_fs_limit_bytes","__name__=container_fs_limit_bytes;device=/sys/firmware;id=/;instance=cadvisor:8080;job=iot_service","2025-10-31T10:17:09Z","4108873728"
"container_fs_limit_bytes","__name__=container_fs_limit_bytes;device=/sys/firmware;id=/;instance=cadvisor:8080;job=iot_service","2025-10-31T10:17:24Z","4108873728"
"container_fs_limit_bytes","__name__=container_fs_limit_bytes;device=/sys/firmware;id=/;instance=cadvisor:8080;job=iot_service","2025-10-31T10:17:39Z","4108873728"
"container_fs_limit_bytes","__name__=container_fs_limit_bytes;device=/sys/firmware;id=/;instance=cadvisor:8080;job=iot_service","2025-10-31T10:17:54Z","4108873728"
"container_fs_limit_bytes","__name__=container_fs_limit_bytes;device=/sys/firmware;id=/;instance=cadvisor:8080;job=iot_service","2025-10-31T10:18:09Z","4108873728"
"container_fs_limit_bytes","__name__=container_fs_limit_bytes;device=/sys/firmware;id=/;instance=cadvisor:8080;job=iot_service","2025-10-31T10:18:24Z","4108873728"
"container_fs_limit_bytes","__name__=container_fs_limit_bytes;device=/sys/firmware;id=/;instance=cadvisor:8080;job=iot_service","2025-10-31T10:18:39Z","4108873728"
"container_fs_limit_bytes","__name__=container_fs_limit_bytes;device=/sys/firmware;id=/;instance=cadvisor:8080;job=iot_service","2025-10-31T10:18:54Z","4108873728"
"container_fs_limit_bytes","__name__=container_fs_limit_bytes;device=/sys/firmware;id=/;instance=cadvisor:8080;job=iot_service","2025-10-31T10:19:09Z","4108873728"
"container_fs_limit_bytes","__name__=container_fs_limit_bytes;device=/sys/firmware;id=/;instance=cadvisor:8080;job=iot_service","2025-10-31T10:19:24Z","4108873728"
"container_fs_limit_bytes","__name__=container_fs_limit_bytes;device=/sys/firmware;id=/;instance=cadvisor:8080;job=iot_service","2025-10-31T10:19:39Z","4108873728"
"container_fs_limit_bytes","__name__=container_fs_limit_bytes;device=/sys/firmware;id=/;instance=cadvisor:8080;job=iot_service","2025-10-31T10:19:54Z","4108873728"
"container_fs_limit_bytes","__name__=container_fs_limit_bytes;device=/sys/firmware;id=/;instance=cadvisor:8080;job=iot_service","2025-10-31T10:20:09Z","4108873728"
"container_fs_limit_bytes","__name__=container_fs_limit_bytes;device=/sys/firmware;id=/;instance=cadvisor:8080;job=iot_service","2025-10-31T10:20:24Z","4108873728"
"container_fs_limit_bytes","__name__=container_fs_limit_bytes;device=/sys/firmware;id=/;instance=cadvisor:8080;job=iot_service","2025-10-31T10:20:39Z","4108873728"
"container_fs_limit_bytes","__name__=container_fs_limit_bytes;device=/sys/firmware;id=/;instance=cadvisor:8080;job=iot_service","2025-10-31T10:20:54Z","4108873728"
"container_fs_limit_bytes","__name__=container_fs_limit_bytes;device=/sys/firmware;id=/;instance=cadvisor:8080;job=iot_service","2025-10-31T10:21:09Z","4108873728"
"container_fs_limit_bytes","__name__=container_fs_limit_bytes;device=/sys/firmware;id=/;instance=cadvisor:8080;job=iot_service","2025-10-31T10:21:24Z","4108873728"
"container_fs_limit_bytes","__name__=container_fs_limit_bytes;device=/sys/firmware;id=/;instance=cadvisor:8080;job=iot_service","2025-10-31T10:21:39Z","4108873728"
"container_fs_limit_bytes","__name__=container_fs_limit_bytes;device=/sys/firmware;id=/;instance=cadvisor:8080;job=iot_service","2025-10-31T10:21:54Z","4108873728"
"container_fs_limit_bytes","__name__=container_fs_limit_bytes;device=/sys/firmware;id=/;instance=cadvisor:8080;job=iot_service","2025-10-31T10:22:09Z","4108873728"
"container_fs_limit_bytes","__name__=container_fs_limit_bytes;device=/sys/firmware;id=/;instance=cadvisor:8080;job=iot_service","2025-10-31T10:22:24Z","4108873728"
"container_fs_limit_bytes","__name__=container_fs_limit_bytes;device=/sys/firmware;id=/;instance=cadvisor:8080;job=iot_service","2025-10-31T10:22:39Z","4108873728"
"container_fs_limit_bytes","__name__=container_fs_limit_bytes;device=/sys/firmware;id=/;instance=cadvisor:8080;job=iot_service","2025-10-31T10:22:54Z","4108873728"
"container_fs_limit_bytes","__name__=container_fs_limit_bytes;device=/sys/firmware;id=/;instance=cadvisor:8080;job=iot_service","2025-10-31T10:23:09Z","4108873728"
"container_fs_limit_bytes","__name__=container_fs_limit_bytes;device=/sys/firmware;id=/;instance=cadvisor:8080;job=iot_service","2025-10-31T10:23:24Z","4108873728"
"container_fs_limit_bytes","__name__=container_fs_limit_bytes;device=/sys/firmware;id=/;instance=cadvisor:8080;job=iot_service","2025-10-31T10:23:39Z","4108873728"
"container_fs_limit_bytes","__name__=container_fs_limit_bytes;device=/sys/firmware;id=/;instance=cadvisor:8080;job=iot_service","2025-10-31T10:23:54Z","4108873728"
"container_fs_limit_bytes","__name__=container_fs_limit_bytes;device=/sys/firmware;id=/;instance=cadvisor:8080;job=iot_service","2025-10-31T10:24:09Z","4108873728"
"container_fs_limit_bytes","__name__=container_fs_limit_bytes;device=/sys/firmware;id=/;instance=cadvisor:8080;job=iot_service","2025-10-31T10:24:24Z","4108873728"
"container_fs_limit_bytes","__name__=container_fs_limit_bytes;device=/sys/firmware;id=/;instance=cadvisor:8080;job=iot_service","2025-10-31T10:24:39Z","4108873728"
"container_fs_limit_bytes","__name__=container_fs_limit_bytes;device=/sys/firmware;id=/;instance=cadvisor:8080;job=iot_service","2025-10-31T10:24:54Z","4108873728"
"container_fs_limit_bytes","__name__=container_fs_limit_bytes;device=/sys/firmware;id=/;instance=cadvisor:8080;job=iot_service","2025-10-31T10:25:09Z","4108873728"
"container_fs_limit_bytes","__name__=container_fs_limit_bytes;device=/sys/firmware;id=/;instance=cadvisor:8080;job=iot_service","2025-10-31T10:25:24Z","4108873728"
"container_fs_limit_bytes","__name__=container_fs_limit_bytes;device=/sys/firmware;id=/;instance=cadvisor:8080;job=iot_service","2025-10-31T10:25:39Z","4108873728"
"container_fs_limit_bytes","__name__=container_fs_limit_bytes;device=/sys/firmware;id=/;instance=cadvisor:8080;job=iot_service","2025-10-31T10:25:54Z","4108873728"
"container_fs_limit_bytes","__name__=container_fs_limit_bytes;device=/sys/firmware;id=/;instance=cadvisor:8080;job=iot_service","2025-10-31T10:26:09Z","4108873728"
"container_fs_limit_bytes","__name__=container_fs_limit_bytes;device=/sys/firmware;id=/;instance=cadvisor:8080;job=iot_service","2025-10-31T10:26:24Z","4108873728"
"container_fs_limit_bytes","__name__=container_fs_limit_bytes;device=/sys/firmware;id=/;instance=cadvisor:8080;job=iot_service","2025-10-31T10:26:39Z","4108873728"
"container_fs_limit_bytes","__name__=container_fs_limit_bytes;device=/sys/firmware;id=/;instance=cadvisor:8080;job=iot_service","2025-10-31T10:26:54Z","4108873728"
"container_fs_limit_bytes","__name__=container_fs_limit_bytes;device=/sys/firmware;id=/;instance=cadvisor:8080;job=iot_service","2025-10-31T10:27:09Z","4108873728"
"container_fs_limit_bytes","__name__=container_fs_limit_bytes;device=/sys/firmware;id=/;instance=cadvisor:8080;job=iot_service","2025-10-31T10:27:24Z","4108873728"
"container_fs_limit_bytes","__name__=container_fs_limit_bytes;device=/sys/firmware;id=/;instance=cadvisor:8080;job=iot_service","2025-10-31T10:27:39Z","4108873728"
"container_fs_limit_bytes","__name__=container_fs_limit_bytes;device=/sys/firmware;id=/;instance=cadvisor:8080;job=iot_service","2025-10-31T10:27:54Z","4108873728"
"container_fs_limit_bytes","__name__=container_fs_limit_bytes;device=/sys/firmware;id=/;instance=cadvisor:8080;job=iot_service","2025-10-31T10:28:09Z","4108873728"
"container_fs_limit_bytes","__name__=container_fs_limit_bytes;device=/sys/firmware;id=/;instance=cadvisor:8080;job=iot_service","2025-10-31T10:28:24Z","4108873728"
"container_fs_limit_bytes","__name__=container_fs_limit_bytes;device=/sys/firmware;id=/;instance=cadvisor:8080;job=iot_service","2025-10-31T10:28:39Z","4108873728"
"container_fs_limit_bytes","__name__=container_fs_limit_bytes;device=/sys/firmware;id=/;instance=cadvisor:8080;job=iot_service","2025-10-31T10:28:54Z","4108873728"
"container_fs_limit_bytes","__name__=container_fs_limit_bytes;device=/sys/firmware;id=/;instance=cadvisor:8080;job=iot_service","2025-10-31T10:29:09Z","4108873728"
"container_fs_limit_bytes","__name__=container_fs_limit_bytes;device=/sys/firmware;id=/;instance=cadvisor:8080;job=iot_service","2025-10-31T10:29:24Z","4108873728"
"container_fs_limit_bytes","__name__=container_fs_limit_bytes;device=/sys/firmware;id=/;instance=cadvisor:8080;job=iot_service","2025-10-31T10:29:39Z","4108873728"
"container_fs_limit_bytes","__name__=container_fs_limit_bytes;device=/sys/firmware;id=/;instance=cadvisor:8080;job=iot_service","2025-10-31T10:29:54Z","4108873728"
"container_fs_limit_bytes","__name__=container_fs_limit_bytes;device=/sys/firmware;id=/;instance=cadvisor:8080;job=iot_service","2025-10-31T10:30:09Z","4108873728"
"container_fs_limit_bytes","__name__=container_fs_limit_bytes;device=/sys/firmware;id=/;instance=cadvisor:8080;job=iot_service","2025-10-31T10:30:24Z","4108873728"
"container_fs_limit_bytes","__name__=container_fs_limit_bytes;device=/sys/firmware;id=/;instance=cadvisor:8080;job=iot_service","2025-10-31T10:30:39Z","4108873728"
"container_fs_limit_bytes","__name__=container_fs_limit_bytes;device=/sys/firmware;id=/;instance=cadvisor:8080;job=iot_service","2025-10-31T10:30:54Z","4108873728"
"container_fs_limit_bytes","__name__=container_fs_limit_bytes;device=/sys/firmware;id=/;instance=cadvisor:8080;job=iot_service","2025-10-31T10:31:09Z","4108873728"
"container_fs_limit_bytes","__name__=container_fs_limit_bytes;device=/var/lib/docker/rootfs/overlayfs/fdfc0724b613bbad2b29e38f548044caa8fa5ece06aea1f7630b8b07f070b604/dev;id=/;instance=cadvisor:8080;job=iot_service","2025-10-31T10:16:09Z","67108864"
"container_fs_limit_bytes","__name__=container_fs_limit_bytes;device=/var/lib/docker/rootfs/overlayfs/fdfc0724b613bbad2b29e38f548044caa8fa5ece06aea1f7630b8b07f070b604/dev;id=/;instance=cadvisor:8080;job=iot_service","2025-10-31T10:16:24Z","67108864"
"container_fs_limit_bytes","__name__=container_fs_limit_bytes;device=/var/lib/docker/rootfs/overlayfs/fdfc0724b613bbad2b29e38f548044caa8fa5ece06aea1f7630b8b07f070b604/dev;id=/;instance=cadvisor:8080;job=iot_service","2025-10-31T10:16:39Z","67108864"
"container_fs_limit_bytes","__name__=container_fs_limit_bytes;device=/var/lib/docker/rootfs/overlayfs/fdfc0724b613bbad2b29e38f548044caa8fa5ece06aea1f7630b8b07f070b604/dev;id=/;instance=cadvisor:8080;job=iot_service","2025-10-31T10:16:54Z","67108864"
"container_fs_limit_bytes","__name__=container_fs_limit_bytes;device=/var/lib/docker/rootfs/overlayfs/fdfc0724b613bbad2b29e38f548044caa8fa5ece06aea1f7630b8b07f070b604/dev;id=/;instance=cadvisor:8080;job=iot_service","2025-10-31T10:17:09Z","67108864"
"container_fs_limit_bytes","__name__=container_fs_limit_bytes;device=/var/lib/docker/rootfs/overlayfs/fdfc0724b613bbad2b29e38f548044caa8fa5ece06aea1f7630b8b07f070b604/dev;id=/;instance=cadvisor:8080;job=iot_service","2025-10-31T10:17:24Z","67108864"
"container_fs_limit_bytes","__name__=container_fs_limit_bytes;device=/var/lib/docker/rootfs/overlayfs/fdfc0724b613bbad2b29e38f548044caa8fa5ece06aea1f7630b8b07f070b604/dev;id=/;instance=cadvisor:8080;job=iot_service","2025-10-31T10:17:39Z","67108864"
"container_fs_limit_bytes","__name__=container_fs_limit_bytes;device=/var/lib/docker/rootfs/overlayfs/fdfc0724b613bbad2b29e38f548044caa8fa5ece06aea1f7630b8b07f070b604/dev;id=/;instance=cadvisor:8080;job=iot_service","2025-10-31T10:17:54Z","67108864"
"container_fs_limit_bytes","__name__=container_fs_limit_bytes;device=/var/lib/docker/rootfs/overlayfs/fdfc0724b613bbad2b29e38f548044caa8fa5ece06aea1f7630b8b07f070b604/dev;id=/;instance=cadvisor:8080;job=iot_service","2025-10-31T10:18:09Z","67108864"
"container_fs_limit_bytes","__name__=container_fs_limit_bytes;device=/var/lib/docker/rootfs/overlayfs/fdfc0724b613bbad2b29e38f548044caa8fa5ece06aea1f7630b8b07f070b604/dev;id=/;instance=cadvisor:8080;job=iot_service","2025-10-31T10:18:24Z","67108864"
"container_fs_limit_bytes","__name__=container_fs_limit_bytes;device=/var/lib/docker/rootfs/overlayfs/fdfc0724b613bbad2b29e38f548044caa8fa5ece06aea1f7630b8b07f070b604/dev;id=/;instance=cadvisor:8080;job=iot_service","2025-10-31T10:18:39Z","67108864"
"container_fs_limit_bytes","__name__=container_fs_limit_bytes;device=/var/lib/docker/rootfs/overlayfs/fdfc0724b613bbad2b29e38f548044caa8fa5ece06aea1f7630b8b07f070b604/dev;id=/;instance=cadvisor:8080;job=iot_service","2025-10-31T10:18:54Z","67108864"
"container_fs_limit_bytes","__name__=container_fs_limit_bytes;device=/var/lib/docker/rootfs/overlayfs/fdfc0724b613bbad2b29e38f548044caa8fa5ece06aea1f7630b8b07f070b604/dev;id=/;instance=cadvisor:8080;job=iot_service","2025-10-31T10:19:09Z","67108864"
"container_fs_limit_bytes","__name__=container_fs_limit_bytes;device=/var/lib/docker/rootfs/overlayfs/fdfc0724b613bbad2b29e38f548044caa8fa5ece06aea1f7630b8b07f070b604/dev;id=/;instance=cadvisor:8080;job=iot_service","2025-10-31T10:19:24Z","67108864"
"container_fs_limit_bytes","__name__=container_fs_limit_bytes;device=/var/lib/docker/rootfs/overlayfs/fdfc0724b613bbad2b29e38f548044caa8fa5ece06aea1f7630b8b07f070b604/dev;id=/;instance=cadvisor:8080;job=iot_service","2025-10-31T10:19:39Z","67108864"
"container_fs_limit_bytes","__name__=container_fs_limit_bytes;device=/var/lib/docker/rootfs/overlayfs/fdfc0724b613bbad2b29e38f548044caa8fa5ece06aea1f7630b8b07f070b604/dev;id=/;instance=cadvisor:8080;job=iot_service","2025-10-31T10:19:54Z","67108864"
"container_fs_limit_bytes","__name__=container_fs_limit_bytes;device=/var/lib/docker/rootfs/overlayfs/fdfc0724b613bbad2b29e38f548044caa8fa5ece06aea1f7630b8b07f070b604/dev;id=/;instance=cadvisor:8080;job=iot_service","2025-10-31T10:20:09Z","67108864"
"container_fs_limit_bytes","__name__=container_fs_limit_bytes;device=/var/lib/docker/rootfs/overlayfs/fdfc0724b613bbad2b29e38f548044caa8fa5ece06aea1f7630b8b07f070b604/dev;id=/;instance=cadvisor:8080;job=iot_service","2025-10-31T10:20:24Z","67108864"
"container_fs_limit_bytes","__name__=container_fs_limit_bytes;device=/var/lib/docker/rootfs/overlayfs/fdfc0724b613bbad2b29e38f548044caa8fa5ece06aea1f7630b8b07f070b604/dev;id=/;instance=cadvisor:8080;job=iot_service","2025-10-31T10:20:39Z","67108864"
"container_fs_limit_bytes","__name__=container_fs_limit_bytes;device=/var/lib/docker/rootfs/overlayfs/fdfc0724b613bbad2b29e38f548044caa8fa5ece06aea1f7630b8b07f070b604/dev;id=/;instance=cadvisor:8080;job=iot_service","2025-10-31T10:20:54Z","67108864"
"container_fs_limit_bytes","__name__=container_fs_limit_bytes;device=/var/lib/docker/rootfs/overlayfs/fdfc0724b613bbad2b29e38f548044caa8fa5ece06aea1f7630b8b07f070b604/dev;id=/;instance=cadvisor:8080;job=iot_service","2025-10-31T10:21:09Z","67108864"
"container_fs_limit_bytes","__name__=container_fs_limit_bytes;device=/var/lib/docker/rootfs/overlayfs/fdfc0724b613bbad2b29e38f548044caa8fa5ece06aea1f7630b8b07f070b604/dev;id=/;instance=cadvisor:8080;job=iot_service","2025-10-31T10:21:24Z","67108864"
"container_fs_limit_bytes","__name__=container_fs_limit_bytes;device=/var/lib/docker/rootfs/overlayfs/fdfc0724b613bbad2b29e38f548044caa8fa5ece06aea1f7630b8b07f070b604/dev;id=/;instance=cadvisor:8080;job=iot_service","2025-10-31T10:21:39Z","67108864"
"container_fs_limit_bytes","__name__=container_fs_limit_bytes;device=/var/lib/docker/rootfs/overlayfs/fdfc0724b613bbad2b29e38f548044caa8fa5ece06aea1f7630b8b07f070b604/dev;id=/;instance=cadvisor:8080;job=iot_service","2025-10-31T10:21:54Z","67108864"
"container_fs_limit_bytes","__name__=container_fs_limit_bytes;device=/var/lib/docker/rootfs/overlayfs/fdfc0724b613bbad2b29e38f548044caa8fa5ece06aea1f7630b8b07f070b604/dev;id=/;instance=cadvisor:8080;job=iot_service","2025-10-31T10:22:09Z","67108864"
"container_fs_limit_bytes","__name__=container_fs_limit_bytes;device=/var/lib/docker/rootfs/overlayfs/fdfc0724b613bbad2b29e38f548044caa8fa5ece06aea1f7630b8b07f070b604/dev;id=/;instance=cadvisor:8080;job=iot_service","2025-10-31T10:22:24Z","67108864"
"container_fs_limit_bytes","__name__=container_fs_limit_bytes;device=/var/lib/docker/rootfs/overlayfs/fdfc0724b613bbad2b29e38f548044caa8fa5ece06aea1f7630b8b07f070b604/dev;id=/;instance=cadvisor:8080;job=iot_service","2025-10-31T10:22:39Z","67108864"
"container_fs_limit_bytes","__name__=container_fs_limit_bytes;device=/var/lib/docker/rootfs/overlayfs/fdfc0724b613bbad2b29e38f548044caa8fa5ece06aea1f7630b8b07f070b604/dev;id=/;instance=cadvisor:8080;job=iot_service","2025-10-31T10:22:54Z","67108864"
"container_fs_limit_bytes","__name__=container_fs_limit_bytes;device=/var/lib/docker/rootfs/overlayfs/fdfc0724b613bbad2b29e38f548044caa8fa5ece06aea1f7630b8b07f070b604/dev;id=/;instance=cadvisor:8080;job=iot_service","2025-10-31T10:23:09Z","67108864"
"container_fs_limit_bytes","__name__=container_fs_limit_bytes;device=/var/lib/docker/rootfs/overlayfs/fdfc0724b613bbad2b29e38f548044caa8fa5ece06aea1f7630b8b07f070b604/dev;id=/;instance=cadvisor:8080;job=iot_service","2025-10-31T10:23:24Z","67108864"
"container_fs_limit_bytes","__name__=container_fs_limit_bytes;device=/var/lib/docker/rootfs/overlayfs/fdfc0724b613bbad2b29e38f548044caa8fa5ece06aea1f7630b8b07f070b604/dev;id=/;instance=cadvisor:8080;job=iot_service","2025-10-31T10:23:39Z","67108864"
"container_fs_limit_bytes","__name__=container_fs_limit_bytes;device=/var/lib/docker/rootfs/overlayfs/fdfc0724b613bbad2b29e38f548044caa8fa5ece06aea1f7630b8b07f070b604/dev;id=/;instance=cadvisor:8080;job=iot_service","2025-10-31T10:23:54Z","67108864"
"container_fs_limit_bytes","__name__=container_fs_limit_bytes;device=/var/lib/docker/rootfs/overlayfs/fdfc0724b613bbad2b29e38f548044caa8fa5ece06aea1f7630b8b07f070b604/dev;id=/;instance=cadvisor:8080;job=iot_service","2025-10-31T10:24:09Z","67108864"
"container_fs_limit_bytes","__name__=container_fs_limit_bytes;device=/var/lib/docker/rootfs/overlayfs/fdfc0724b613bbad2b29e38f548044caa8fa5ece06aea1f7630b8b07f070b604/dev;id=/;instance=cadvisor:8080;job=iot_service","2025-10-31T10:24:24Z","67108864"
"container_fs_limit_bytes","__name__=container_fs_limit_bytes;device=/var/lib/docker/rootfs/overlayfs/fdfc0724b613bbad2b29e38f548044caa8fa5ece06aea1f7630b8b07f070b604/dev;id=/;instance=cadvisor:8080;job=iot_service","2025-10-31T10:24:39Z","67108864"
"container_fs_limit_bytes","__name__=container_fs_limit_bytes;device=/var/lib/docker/rootfs/overlayfs/fdfc0724b613bbad2b29e38f548044caa8fa5ece06aea1f7630b8b07f070b604/dev;id=/;instance=cadvisor:8080;job=iot_service","2025-10-31T10:24:54Z","67108864"
"container_fs_limit_bytes","__name__=container_fs_limit_bytes;device=/var/lib/docker/rootfs/overlayfs/fdfc0724b613bbad2b29e38f548044caa8fa5ece06aea1f7630b8b07f070b604/dev;id=/;instance=cadvisor:8080;job=iot_service","2025-10-31T10:25:09Z","67108864"
"container_fs_limit_bytes","__name__=container_fs_limit_bytes;device=/var/lib/docker/rootfs/overlayfs/fdfc0724b613bbad2b29e38f548044caa8fa5ece06aea1f7630b8b07f070b604/dev;id=/;instance=cadvisor:8080;job=iot_service","2025-10-31T10:25:24Z","67108864"
"container_fs_limit_bytes","__name__=container_fs_limit_bytes;device=/var/lib/docker/rootfs/overlayfs/fdfc0724b613bbad2b29e38f548044caa8fa5ece06aea1f7630b8b07f070b604/dev;id=/;instance=cadvisor:8080;job=iot_service","2025-10-31T10:25:39Z","67108864"
"container_fs_limit_bytes","__name__=container_fs_limit_bytes;device=/var/lib/docker/rootfs/overlayfs/fdfc0724b613bbad2b29e38f548044caa8fa5ece06aea1f7630b8b07f070b604/dev;id=/;instance=cadvisor:8080;job=iot_service","2025-10-31T10:25:54Z","67108864"
"container_fs_limit_bytes","__name__=container_fs_limit_bytes;device=/var/lib/docker/rootfs/overlayfs/fdfc0724b613bbad2b29e38f548044caa8fa5ece06aea1f7630b8b07f070b604/dev;id=/;instance=cadvisor:8080;job=iot_service","2025-10-31T10:26:09Z","67108864"
"container_fs_limit_bytes","__name__=container_fs_limit_bytes;device=/var/lib/docker/rootfs/overlayfs/fdfc0724b613bbad2b29e38f548044caa8fa5ece06aea1f7630b8b07f070b604/dev;id=/;instance=cadvisor:8080;job=iot_service","2025-10-31T10:26:24Z","67108864"
"container_fs_limit_bytes","__name__=container_fs_limit_bytes;device=/var/lib/docker/rootfs/overlayfs/fdfc0724b613bbad2b29e38f548044caa8fa5ece06aea1f7630b8b07f070b604/dev;id=/;instance=cadvisor:8080;job=iot_service","2025-10-31T10:26:39Z","67108864"
"container_fs_limit_bytes","__name__=container_fs_limit_bytes;device=/var/lib/docker/rootfs/overlayfs/fdfc0724b613bbad2b29e38f548044caa8fa5ece06aea1f7630b8b07f070b604/dev;id=/;instance=cadvisor:8080;job=iot_service","2025-10-31T10:26:54Z","67108864"
"container_fs_limit_bytes","__name__=container_fs_limit_bytes;device=/var/lib/docker/rootfs/overlayfs/fdfc0724b613bbad2b29e38f548044caa8fa5ece06aea1f7630b8b07f070b604/dev;id=/;instance=cadvisor:8080;job=iot_service","2025-10-31T10:27:09Z","67108864"
"container_fs_limit_bytes","__name__=container_fs_limit_bytes;device=/var/lib/docker/rootfs/overlayfs/fdfc0724b613bbad2b29e38f548044caa8fa5ece06aea1f7630b8b07f070b604/dev;id=/;instance=cadvisor:8080;job=iot_service","2025-10-31T10:27:24Z","67108864"
"container_fs_limit_bytes","__name__=container_fs_limit_bytes;device=/var/lib/docker/rootfs/overlayfs/fdfc0724b613bbad2b29e38f548044caa8fa5ece06aea1f7630b8b07f070b604/dev;id=/;instance=cadvisor:8080;job=iot_service","2025-10-31T10:27:39Z","67108864"
"container_fs_limit_bytes","__name__=container_fs_limit_bytes;device=/var/lib/docker/rootfs/overlayfs/fdfc0724b613bbad2b29e38f548044caa8fa5ece06aea1f7630b8b07f070b604/dev;id=/;instance=cadvisor:8080;job=iot_service","2025-10-31T10:27:54Z","67108864"
"container_fs_limit_bytes","__name__=container_fs_limit_bytes;device=/var/lib/docker/rootfs/overlayfs/fdfc0724b613bbad2b29e38f548044caa8fa5ece06aea1f7630b8b07f070b604/dev;id=/;instance=cadvisor:8080;job=iot_service","2025-10-31T10:28:09Z","67108864"
"container_fs_limit_bytes","__name__=container_fs_limit_bytes;device=/var/lib/docker/rootfs/overlayfs/fdfc0724b613bbad2b29e38f548044caa8fa5ece06aea1f7630b8b07f070b604/dev;id=/;instance=cadvisor:8080;job=iot_service","2025-10-31T10:28:24Z","67108864"
"container_fs_limit_bytes","__name__=container_fs_limit_bytes;device=/var/lib/docker/rootfs/overlayfs/fdfc0724b613bbad2b29e38f548044caa8fa5ece06aea1f7630b8b07f070b604/dev;id=/;instance=cadvisor:8080;job=iot_service","2025-10-31T10:28:39Z","67108864"
"container_fs_limit_bytes","__name__=container_fs_limit_bytes;device=/var/lib/docker/rootfs/overlayfs/fdfc0724b613bbad2b29e38f548044caa8fa5ece06aea1f7630b8b07f070b604/dev;id=/;instance=cadvisor:8080;job=iot_service","2025-10-31T10:28:54Z","67108864"
"container_fs_limit_bytes","__name__=container_fs_limit_bytes;device=/var/lib/docker/rootfs/overlayfs/fdfc0724b613bbad2b29e38f548044caa8fa5ece06aea1f7630b8b07f070b604/dev;id=/;instance=cadvisor:8080;job=iot_service","2025-10-31T10:29:09Z","67108864"
"container_fs_limit_bytes","__name__=container_fs_limit_bytes;device=/var/lib/docker/rootfs/overlayfs/fdfc0724b613bbad2b29e38f548044caa8fa5ece06aea1f7630b8b07f070b604/dev;id=/;instance=cadvisor:8080;job=iot_service","2025-10-31T10:29:24Z","67108864"
"container_fs_limit_bytes","__name__=container_fs_limit_bytes;device=/var/lib/docker/rootfs/overlayfs/fdfc0724b613bbad2b29e38f548044caa8fa5ece06aea1f7630b8b07f070b604/dev;id=/;instance=cadvisor:8080;job=iot_service","2025-10-31T10:29:39Z","67108864"
"container_fs_limit_bytes","__name__=container_fs_limit_bytes;device=/var/lib/docker/rootfs/overlayfs/fdfc0724b613bbad2b29e38f548044caa8fa5ece06aea1f7630b8b07f070b604/dev;id=/;instance=cadvisor:8080;job=iot_service","2025-10-31T10:29:54Z","67108864"
"container_fs_limit_bytes","__name__=container_fs_limit_bytes;device=/var/lib/docker/rootfs/overlayfs/fdfc0724b613bbad2b29e38f548044caa8fa5ece06aea1f7630b8b07f070b604/dev;id=/;instance=cadvisor:8080;job=iot_service","2025-10-31T10:30:09Z","67108864"
"container_fs_limit_bytes","__name__=container_fs_limit_bytes;device=/var/lib/docker/rootfs/overlayfs/fdfc0724b613bbad2b29e38f548044caa8fa5ece06aea1f7630b8b07f070b604/dev;id=/;instance=cadvisor:8080;job=iot_service","2025-10-31T10:30:24Z","67108864"
"container_fs_limit_bytes","__name__=container_fs_limit_bytes;device=/var/lib/docker/rootfs/overlayfs/fdfc0724b613bbad2b29e38f548044caa8fa5ece06aea1f7630b8b07f070b604/dev;id=/;instance=cadvisor:8080;job=iot_service","2025-10-31T10:30:39Z","67108864"
"container_fs_limit_bytes","__name__=container_fs_limit_bytes;device=/var/lib/docker/rootfs/overlayfs/fdfc0724b613bbad2b29e38f548044caa8fa5ece06aea1f7630b8b07f070b604/dev;id=/;instance=cadvisor:8080;job=iot_service","2025-10-31T10:30:54Z","67108864"
"container_fs_limit_bytes","__name__=container_fs_limit_bytes;device=/var/lib/docker/rootfs/overlayfs/fdfc0724b613bbad2b29e38f548044caa8fa5ece06aea1f7630b8b07f070b604/dev;id=/;instance=cadvisor:8080;job=iot_service","2025-10-31T10:31:09Z","67108864"
"container_fs_limit_bytes","__name__=container_fs_limit_bytes;device=/var/lib/docker/rootfs/overlayfs/fdfc0724b613bbad2b29e38f548044caa8fa5ece06aea1f7630b8b07f070b604/dev/shm;id=/;instance=cadvisor:8080;job=iot_service","2025-10-31T10:16:09Z","67108864"
"container_fs_limit_bytes","__name__=container_fs_limit_bytes;device=/var/lib/docker/rootfs/overlayfs/fdfc0724b613bbad2b29e38f548044caa8fa5ece06aea1f7630b8b07f070b604/dev/shm;id=/;instance=cadvisor:8080;job=iot_service","2025-10-31T10:16:24Z","67108864"
"container_fs_limit_bytes","__name__=container_fs_limit_bytes;device=/var/lib/docker/rootfs/overlayfs/fdfc0724b613bbad2b29e38f548044caa8fa5ece06aea1f7630b8b07f070b604/dev/shm;id=/;instance=cadvisor:8080;job=iot_service","2025-10-31T10:16:39Z","67108864"
"container_fs_limit_bytes","__name__=container_fs_limit_bytes;device=/var/lib/docker/rootfs/overlayfs/fdfc0724b613bbad2b29e38f548044caa8fa5ece06aea1f7630b8b07f070b604/dev/shm;id=/;instance=cadvisor:8080;job=iot_service","2025-10-31T10:16:54Z","67108864"
"container_fs_limit_bytes","__name__=container_fs_limit_bytes;device=/var/lib/docker/rootfs/overlayfs/fdfc0724b613bbad2b29e38f548044caa8fa5ece06aea1f7630b8b07f070b604/dev/shm;id=/;instance=cadvisor:8080;job=iot_service","2025-10-31T10:17:09Z","67108864"
"container_fs_limit_bytes","__name__=container_fs_limit_bytes;device=/var/lib/docker/rootfs/overlayfs/fdfc0724b613bbad2b29e38f548044caa8fa5ece06aea1f7630b8b07f070b604/dev/shm;id=/;instance=cadvisor:8080;job=iot_service","2025-10-31T10:17:24Z","67108864"
"container_fs_limit_bytes","__name__=container_fs_limit_bytes;device=/var/lib/docker/rootfs/overlayfs/fdfc0724b613bbad2b29e38f548044caa8fa5ece06aea1f7630b8b07f070b604/dev/shm;id=/;instance=cadvisor:8080;job=iot_service","2025-10-31T10:17:39Z","67108864"
"container_fs_limit_bytes","__name__=container_fs_limit_bytes;device=/var/lib/docker/rootfs/overlayfs/fdfc0724b613bbad2b29e38f548044caa8fa5ece06aea1f7630b8b07f070b604/dev/shm;id=/;instance=cadvisor:8080;job=iot_service","2025-10-31T10:17:54Z","67108864"
"container_fs_limit_bytes","__name__=container_fs_limit_bytes;device=/var/lib/docker/rootfs/overlayfs/fdfc0724b613bbad2b29e38f548044caa8fa5ece06aea1f7630b8b07f070b604/dev/shm;id=/;instance=cadvisor:8080;job=iot_service","2025-10-31T10:18:09Z","67108864"
"container_fs_limit_bytes","__name__=container_fs_limit_bytes;device=/var/lib/docker/rootfs/overlayfs/fdfc0724b613bbad2b29e38f548044caa8fa5ece06aea1f7630b8b07f070b604/dev/shm;id=/;instance=cadvisor:8080;job=iot_service","2025-10-31T10:18:24Z","67108864"
"container_fs_limit_bytes","__name__=container_fs_limit_bytes;device=/var/lib/docker/rootfs/overlayfs/fdfc0724b613bbad2b29e38f548044caa8fa5ece06aea1f7630b8b07f070b604/dev/shm;id=/;instance=cadvisor:8080;job=iot_service","2025-10-31T10:18:39Z","67108864"
"container_fs_limit_bytes","__name__=container_fs_limit_bytes;device=/var/lib/docker/rootfs/overlayfs/fdfc0724b613bbad2b29e38f548044caa8fa5ece06aea1f7630b8b07f070b604/dev/shm;id=/;instance=cadvisor:8080;job=iot_service","2025-10-31T10:18:54Z","67108864"
"container_fs_limit_bytes","__name__=container_fs_limit_bytes;device=/var/lib/docker/rootfs/overlayfs/fdfc0724b613bbad2b29e38f548044caa8fa5ece06aea1f7630b8b07f070b604/dev/shm;id=/;instance=cadvisor:8080;job=iot_service","2025-10-31T10:19:09Z","67108864"
"container_fs_limit_bytes","__name__=container_fs_limit_bytes;device=/var/lib/docker/rootfs/overlayfs/fdfc0724b613bbad2b29e38f548044caa8fa5ece06aea1f7630b8b07f070b604/dev/shm;id=/;instance=cadvisor:8080;job=iot_service","2025-10-31T10:19:24Z","67108864"
"container_fs_limit_bytes","__name__=container_fs_limit_bytes;device=/var/lib/docker/rootfs/overlayfs/fdfc0724b613bbad2b29e38f548044caa8fa5ece06aea1f7630b8b07f070b604/dev/shm;id=/;instance=cadvisor:8080;job=iot_service","2025-10-31T10:19:39Z","67108864"
"container_fs_limit_bytes","__name__=container_fs_limit_bytes;device=/var/lib/docker/rootfs/overlayfs/fdfc0724b613bbad2b29e38f548044caa8fa5ece06aea1f7630b8b07f070b604/dev/shm;id=/;instance=cadvisor:8080;job=iot_service","2025-10-31T10:19:54Z","67108864"
"container_fs_limit_bytes","__name__=container_fs_limit_bytes;device=/var/lib/docker/rootfs/overlayfs/fdfc0724b613bbad2b29e38f548044caa8fa5ece06aea1f7630b8b07f070b604/dev/shm;id=/;instance=cadvisor:8080;job=iot_service","2025-10-31T10:20:09Z","67108864"
"container_fs_limit_bytes","__name__=container_fs_limit_bytes;device=/var/lib/docker/rootfs/overlayfs/fdfc0724b613bbad2b29e38f548044caa8fa5ece06aea1f7630b8b07f070b604/dev/shm;id=/;instance=cadvisor:8080;job=iot_service","2025-10-31T10:20:24Z","67108864"
"container_fs_limit_bytes","__name__=container_fs_limit_bytes;device=/var/lib/docker/rootfs/overlayfs/fdfc0724b613bbad2b29e38f548044caa8fa5ece06aea1f7630b8b07f070b604/dev/shm;id=/;instance=cadvisor:8080;job=iot_service","2025-10-31T10:20:39Z","67108864"
"container_fs_limit_bytes","__name__=container_fs_limit_bytes;device=/var/lib/docker/rootfs/overlayfs/fdfc0724b613bbad2b29e38f548044caa8fa5ece06aea1f7630b8b07f070b604/dev/shm;id=/;instance=cadvisor:8080;job=iot_service","2025-10-31T10:20:54Z","67108864"
"container_fs_limit_bytes","__name__=container_fs_limit_bytes;device=/var/lib/docker/rootfs/overlayfs/fdfc0724b613bbad2b29e38f548044caa8fa5ece06aea1f7630b8b07f070b604/dev/shm;id=/;instance=cadvisor:8080;job=iot_service","2025-10-31T10:21:09Z","67108864"
"container_fs_limit_bytes","__name__=container_fs_limit_bytes;device=/var/lib/docker/rootfs/overlayfs/fdfc0724b613bbad2b29e38f548044caa8fa5ece06aea1f7630b8b07f070b604/dev/shm;id=/;instance=cadvisor:8080;job=iot_service","2025-10-31T10:21:24Z","67108864"
"container_fs_limit_bytes","__name__=container_fs_limit_bytes;device=/var/lib/docker/rootfs/overlayfs/fdfc0724b613bbad2b29e38f548044caa8fa5ece06aea1f7630b8b07f070b604/dev/shm;id=/;instance=cadvisor:8080;job=iot_service","2025-10-31T10:21:39Z","67108864"
"container_fs_limit_bytes","__name__=container_fs_limit_bytes;device=/var/lib/docker/rootfs/overlayfs/fdfc0724b613bbad2b29e38f548044caa8fa5ece06aea1f7630b8b07f070b604/dev/shm;id=/;instance=cadvisor:8080;job=iot_service","2025-10-31T10:21:54Z","67108864"
"container_fs_limit_bytes","__name__=container_fs_limit_bytes;device=/var/lib/docker/rootfs/overlayfs/fdfc0724b613bbad2b29e38f548044caa8fa5ece06aea1f7630b8b07f070b604/dev/shm;id=/;instance=cadvisor:8080;job=iot_service","2025-10-31T10:22:09Z","67108864"
"container_fs_limit_bytes","__name__=container_fs_limit_bytes;device=/var/lib/docker/rootfs/overlayfs/fdfc0724b613bbad2b29e38f548044caa8fa5ece06aea1f7630b8b07f070b604/dev/shm;id=/;instance=cadvisor:8080;job=iot_service","2025-10-31T10:22:24Z","67108864"
"container_fs_limit_bytes","__name__=container_fs_limit_bytes;device=/var/lib/docker/rootfs/overlayfs/fdfc0724b613bbad2b29e38f548044caa8fa5ece06aea1f7630b8b07f070b604/dev/shm;id=/;instance=cadvisor:8080;job=iot_service","2025-10-31T10:22:39Z","67108864"
"container_fs_limit_bytes","__name__=container_fs_limit_bytes;device=/var/lib/docker/rootfs/overlayfs/fdfc0724b613bbad2b29e38f548044caa8fa5ece06aea1f7630b8b07f070b604/dev/shm;id=/;instance=cadvisor:8080;job=iot_service","2025-10-31T10:22:54Z","67108864"
"container_fs_limit_bytes","__name__=container_fs_limit_bytes;device=/var/lib/docker/rootfs/overlayfs/fdfc0724b613bbad2b29e38f548044caa8fa5ece06aea1f7630b8b07f070b604/dev/shm;id=/;instance=cadvisor:8080;job=iot_service","2025-10-31T10:23:09Z","67108864"
"container_fs_limit_bytes","__name__=container_fs_limit_bytes;device=/var/lib/docker/rootfs/overlayfs/fdfc0724b613bbad2b29e38f548044caa8fa5ece06aea1f7630b8b07f070b604/dev/shm;id=/;instance=cadvisor:8080;job=iot_service","2025-10-31T10:23:24Z","67108864"
"container_fs_limit_bytes","__name__=container_fs_limit_bytes;device=/var/lib/docker/rootfs/overlayfs/fdfc0724b613bbad2b29e38f548044caa8fa5ece06aea1f7630b8b07f070b604/dev/shm;id=/;instance=cadvisor:8080;job=iot_service","2025-10-31T10:23:39Z","67108864"
"container_fs_limit_bytes","__name__=container_fs_limit_bytes;device=/var/lib/docker/rootfs/overlayfs/fdfc0724b613bbad2b29e38f548044caa8fa5ece06aea1f7630b8b07f070b604/dev/shm;id=/;instance=cadvisor:8080;job=iot_service","2025-10-31T10:23:54Z","67108864"
"container_fs_limit_bytes","__name__=container_fs_limit_bytes;device=/var/lib/docker/rootfs/overlayfs/fdfc0724b613bbad2b29e38f548044caa8fa5ece06aea1f7630b8b07f070b604/dev/shm;id=/;instance=cadvisor:8080;job=iot_service","2025-10-31T10:24:09Z","67108864"
"container_fs_limit_bytes","__name__=container_fs_limit_bytes;device=/var/lib/docker/rootfs/overlayfs/fdfc0724b613bbad2b29e38f548044caa8fa5ece06aea1f7630b8b07f070b604/dev/shm;id=/;instance=cadvisor:8080;job=iot_service","2025-10-31T10:24:24Z","67108864"
"container_fs_limit_bytes","__name__=container_fs_limit_bytes;device=/var/lib/docker/rootfs/overlayfs/fdfc0724b613bbad2b29e38f548044caa8fa5ece06aea1f7630b8b07f070b604/dev/shm;id=/;instance=cadvisor:8080;job=iot_service","2025-10-31T10:24:39Z","67108864"
"container_fs_limit_bytes","__name__=container_fs_limit_bytes;device=/var/lib/docker/rootfs/overlayfs/fdfc0724b613bbad2b29e38f548044caa8fa5ece06aea1f7630b8b07f070b604/dev/shm;id=/;instance=cadvisor:8080;job=iot_service","2025-10-31T10:24:54Z","67108864"
"container_fs_limit_bytes","__name__=container_fs_limit_bytes;device=/var/lib/docker/rootfs/overlayfs/fdfc0724b613bbad2b29e38f548044caa8fa5ece06aea1f7630b8b07f070b604/dev/shm;id=/;instance=cadvisor:8080;job=iot_service","2025-10-31T10:25:09Z","67108864"
"container_fs_limit_bytes","__name__=container_fs_limit_bytes;device=/var/lib/docker/rootfs/overlayfs/fdfc0724b613bbad2b29e38f548044caa8fa5ece06aea1f7630b8b07f070b604/dev/shm;id=/;instance=cadvisor:8080;job=iot_service","2025-10-31T10:25:24Z","67108864"
"container_fs_limit_bytes","__name__=container_fs_limit_bytes;device=/var/lib/docker/rootfs/overlayfs/fdfc0724b613bbad2b29e38f548044caa8fa5ece06aea1f7630b8b07f070b604/dev/shm;id=/;instance=cadvisor:8080;job=iot_service","2025-10-31T10:25:39Z","67108864"
"container_fs_limit_bytes","__name__=container_fs_limit_bytes;device=/var/lib/docker/rootfs/overlayfs/fdfc0724b613bbad2b29e38f548044caa8fa5ece06aea1f7630b8b07f070b604/dev/shm;id=/;instance=cadvisor:8080;job=iot_service","2025-10-31T10:25:54Z","67108864"
"container_fs_limit_bytes","__name__=container_fs_limit_bytes;device=/var/lib/docker/rootfs/overlayfs/fdfc0724b613bbad2b29e38f548044caa8fa5ece06aea1f7630b8b07f070b604/dev/shm;id=/;instance=cadvisor:8080;job=iot_service","2025-10-31T10:26:09Z","67108864"
"container_fs_limit_bytes","__name__=container_fs_limit_bytes;device=/var/lib/docker/rootfs/overlayfs/fdfc0724b613bbad2b29e38f548044caa8fa5ece06aea1f7630b8b07f070b604/dev/shm;id=/;instance=cadvisor:8080;job=iot_service","2025-10-31T10:26:24Z","67108864"
"container_fs_limit_bytes","__name__=container_fs_limit_bytes;device=/var/lib/docker/rootfs/overlayfs/fdfc0724b613bbad2b29e38f548044caa8fa5ece06aea1f7630b8b07f070b604/dev/shm;id=/;instance=cadvisor:8080;job=iot_service","2025-10-31T10:26:39Z","67108864"
"container_fs_limit_bytes","__name__=container_fs_limit_bytes;device=/var/lib/docker/rootfs/overlayfs/fdfc0724b613bbad2b29e38f548044caa8fa5ece06aea1f7630b8b07f070b604/dev/shm;id=/;instance=cadvisor:8080;job=iot_service","2025-10-31T10:26:54Z","67108864"
"container_fs_limit_bytes","__name__=container_fs_limit_bytes;device=/var/lib/docker/rootfs/overlayfs/fdfc0724b613bbad2b29e38f548044caa8fa5ece06aea1f7630b8b07f070b604/dev/shm;id=/;instance=cadvisor:8080;job=iot_service","2025-10-31T10:27:09Z","67108864"
"container_fs_limit_bytes","__name__=container_fs_limit_bytes;device=/var/lib/docker/rootfs/overlayfs/fdfc0724b613bbad2b29e38f548044caa8fa5ece06aea1f7630b8b07f070b604/dev/shm;id=/;instance=cadvisor:8080;job=iot_service","2025-10-31T10:27:24Z","67108864"
"container_fs_limit_bytes","__name__=container_fs_limit_bytes;device=/var/lib/docker/rootfs/overlayfs/fdfc0724b613bbad2b29e38f548044caa8fa5ece06aea1f7630b8b07f070b604/dev/shm;id=/;instance=cadvisor:8080;job=iot_service","2025-10-31T10:27:39Z","67108864"
"container_fs_limit_bytes","__name__=container_fs_limit_bytes;device=/var/lib/docker/rootfs/overlayfs/fdfc0724b613bbad2b29e38f548044caa8fa5ece06aea1f7630b8b07f070b604/dev/shm;id=/;instance=cadvisor:8080;job=iot_service","2025-10-31T10:27:54Z","67108864"
"container_fs_limit_bytes","__name__=container_fs_limit_bytes;device=/var/lib/docker/rootfs/overlayfs/fdfc0724b613bbad2b29e38f548044caa8fa5ece06aea1f7630b8b07f070b604/dev/shm;id=/;instance=cadvisor:8080;job=iot_service","2025-10-31T10:28:09Z","67108864"
"container_fs_limit_bytes","__name__=container_fs_limit_bytes;device=/var/lib/docker/rootfs/overlayfs/fdfc0724b613bbad2b29e38f548044caa8fa5ece06aea1f7630b8b07f070b604/dev/shm;id=/;instance=cadvisor:8080;job=iot_service","2025-10-31T10:28:24Z","67108864"
"container_fs_limit_bytes","__name__=container_fs_limit_bytes;device=/var/lib/docker/rootfs/overlayfs/fdfc0724b613bbad2b29e38f548044caa8fa5ece06aea1f7630b8b07f070b604/dev/shm;id=/;instance=cadvisor:8080;job=iot_service","2025-10-31T10:28:39Z","67108864"
"container_fs_limit_bytes","__name__=container_fs_limit_bytes;device=/var/lib/docker/rootfs/overlayfs/fdfc0724b613bbad2b29e38f548044caa8fa5ece06aea1f7630b8b07f070b604/dev/shm;id=/;instance=cadvisor:8080;job=iot_service","2025-10-31T10:28:54Z","67108864"
"container_fs_limit_bytes","__name__=container_fs_limit_bytes;device=/var/lib/docker/rootfs/overlayfs/fdfc0724b613bbad2b29e38f548044caa8fa5ece06aea1f7630b8b07f070b604/dev/shm;id=/;instance=cadvisor:8080;job=iot_service","2025-10-31T10:29:09Z","67108864"
"container_fs_limit_bytes","__name__=container_fs_limit_bytes;device=/var/lib/docker/rootfs/overlayfs/fdfc0724b613bbad2b29e38f548044caa8fa5ece06aea1f7630b8b07f070b604/dev/shm;id=/;instance=cadvisor:8080;job=iot_service","2025-10-31T10:29:24Z","67108864"
"container_fs_limit_bytes","__name__=container_fs_limit_bytes;device=/var/lib/docker/rootfs/overlayfs/fdfc0724b613bbad2b29e38f548044caa8fa5ece06aea1f7630b8b07f070b604/dev/shm;id=/;instance=cadvisor:8080;job=iot_service","2025-10-31T10:29:39Z","67108864"
"container_fs_limit_bytes","__name__=container_fs_limit_bytes;device=/var/lib/docker/rootfs/overlayfs/fdfc0724b613bbad2b29e38f548044caa8fa5ece06aea1f7630b8b07f070b604/dev/shm;id=/;instance=cadvisor:8080;job=iot_service","2025-10-31T10:29:54Z","67108864"
"container_fs_limit_bytes","__name__=container_fs_limit_bytes;device=/var/lib/docker/rootfs/overlayfs/fdfc0724b613bbad2b29e38f548044caa8fa5ece06aea1f7630b8b07f070b604/dev/shm;id=/;instance=cadvisor:8080;job=iot_service","2025-10-31T10:30:09Z","67108864"
"container_fs_limit_bytes","__name__=container_fs_limit_bytes;device=/var/lib/docker/rootfs/overlayfs/fdfc0724b613bbad2b29e38f548044caa8fa5ece06aea1f7630b8b07f070b604/dev/shm;id=/;instance=cadvisor:8080;job=iot_service","2025-10-31T10:30:24Z","67108864"
"container_fs_limit_bytes","__name__=container_fs_limit_bytes;device=/var/lib/docker/rootfs/overlayfs/fdfc0724b613bbad2b29e38f548044caa8fa5ece06aea1f7630b8b07f070b604/dev/shm;id=/;instance=cadvisor:8080;job=iot_service","2025-10-31T10:30:39Z","67108864"
"container_fs_limit_bytes","__name__=container_fs_limit_bytes;device=/var/lib/docker/rootfs/overlayfs/fdfc0724b613bbad2b29e38f548044caa8fa5ece06aea1f7630b8b07f070b604/dev/shm;id=/;instance=cadvisor:8080;job=iot_service","2025-10-31T10:30:54Z","67108864"
"container_fs_limit_bytes","__name__=container_fs_limit_bytes;device=/var/lib/docker/rootfs/overlayfs/fdfc0724b613bbad2b29e38f548044caa8fa5ece06aea1f7630b8b07f070b604/dev/shm;id=/;instance=cadvisor:8080;job=iot_service","2025-10-31T10:31:09Z","67108864"
"container_fs_limit_bytes","__name__=container_fs_limit_bytes;device=/var/lib/docker/rootfs/overlayfs/fdfc0724b613bbad2b29e38f548044caa8fa5ece06aea1f7630b8b07f070b604/rootfs/dev/shm;id=/;instance=cadvisor:8080;job=iot_service","2025-10-31T10:16:09Z","4108873728"
"container_fs_limit_bytes","__name__=container_fs_limit_bytes;device=/var/lib/docker/rootfs/overlayfs/fdfc0724b613bbad2b29e38f548044caa8fa5ece06aea1f7630b8b07f070b604/rootfs/dev/shm;id=/;instance=cadvisor:8080;job=iot_service","2025-10-31T10:16:24Z","4108873728"
"container_fs_limit_bytes","__name__=container_fs_limit_bytes;device=/var/lib/docker/rootfs/overlayfs/fdfc0724b613bbad2b29e38f548044caa8fa5ece06aea1f7630b8b07f070b604/rootfs/dev/shm;id=/;instance=cadvisor:8080;job=iot_service","2025-10-31T10:16:39Z","4108873728"
"container_fs_limit_bytes","__name__=container_fs_limit_bytes;device=/var/lib/docker/rootfs/overlayfs/fdfc0724b613bbad2b29e38f548044caa8fa5ece06aea1f7630b8b07f070b604/rootfs/dev/shm;id=/;instance=cadvisor:8080;job=iot_service","2025-10-31T10:16:54Z","4108873728"
"container_fs_limit_bytes","__name__=container_fs_limit_bytes;device=/var/lib/docker/rootfs/overlayfs/fdfc0724b613bbad2b29e38f548044caa8fa5ece06aea1f7630b8b07f070b604/rootfs/dev/shm;id=/;instance=cadvisor:8080;job=iot_service","2025-10-31T10:17:09Z","4108873728"
"container_fs_limit_bytes","__name__=container_fs_limit_bytes;device=/var/lib/docker/rootfs/overlayfs/fdfc0724b613bbad2b29e38f548044caa8fa5ece06aea1f7630b8b07f070b604/rootfs/dev/shm;id=/;instance=cadvisor:8080;job=iot_service","2025-10-31T10:17:24Z","4108873728"
"container_fs_limit_bytes","__name__=container_fs_limit_bytes;device=/var/lib/docker/rootfs/overlayfs/fdfc0724b613bbad2b29e38f548044caa8fa5ece06aea1f7630b8b07f070b604/rootfs/dev/shm;id=/;instance=cadvisor:8080;job=iot_service","2025-10-31T10:17:39Z","4108873728"
"container_fs_limit_bytes","__name__=container_fs_limit_bytes;device=/var/lib/docker/rootfs/overlayfs/fdfc0724b613bbad2b29e38f548044caa8fa5ece06aea1f7630b8b07f070b604/rootfs/dev/shm;id=/;instance=cadvisor:8080;job=iot_service","2025-10-31T10:17:54Z","4108873728"
"container_fs_limit_bytes","__name__=container_fs_limit_bytes;device=/var/lib/docker/rootfs/overlayfs/fdfc0724b613bbad2b29e38f548044caa8fa5ece06aea1f7630b8b07f070b604/rootfs/dev/shm;id=/;instance=cadvisor:8080;job=iot_service","2025-10-31T10:18:09Z","4108873728"
"container_fs_limit_bytes","__name__=container_fs_limit_bytes;device=/var/lib/docker/rootfs/overlayfs/fdfc0724b613bbad2b29e38f548044caa8fa5ece06aea1f7630b8b07f070b604/rootfs/dev/shm;id=/;instance=cadvisor:8080;job=iot_service","2025-10-31T10:18:24Z","4108873728"
"container_fs_limit_bytes","__name__=container_fs_limit_bytes;device=/var/lib/docker/rootfs/overlayfs/fdfc0724b613bbad2b29e38f548044caa8fa5ece06aea1f7630b8b07f070b604/rootfs/dev/shm;id=/;instance=cadvisor:8080;job=iot_service","2025-10-31T10:18:39Z","4108873728"
"container_fs_limit_bytes","__name__=container_fs_limit_bytes;device=/var/lib/docker/rootfs/overlayfs/fdfc0724b613bbad2b29e38f548044caa8fa5ece06aea1f7630b8b07f070b604/rootfs/dev/shm;id=/;instance=cadvisor:8080;job=iot_service","2025-10-31T10:18:54Z","4108873728"
"container_fs_limit_bytes","__name__=container_fs_limit_bytes;device=/var/lib/docker/rootfs/overlayfs/fdfc0724b613bbad2b29e38f548044caa8fa5ece06aea1f7630b8b07f070b604/rootfs/dev/shm;id=/;instance=cadvisor:8080;job=iot_service","2025-10-31T10:19:09Z","4108873728"
"container_fs_limit_bytes","__name__=container_fs_limit_bytes;device=/var/lib/docker/rootfs/overlayfs/fdfc0724b613bbad2b29e38f548044caa8fa5ece06aea1f7630b8b07f070b604/rootfs/dev/shm;id=/;instance=cadvisor:8080;job=iot_service","2025-10-31T10:19:24Z","4108873728"
"container_fs_limit_bytes","__name__=container_fs_limit_bytes;device=/var/lib/docker/rootfs/overlayfs/fdfc0724b613bbad2b29e38f548044caa8fa5ece06aea1f7630b8b07f070b604/rootfs/dev/shm;id=/;instance=cadvisor:8080;job=iot_service","2025-10-31T10:19:39Z","4108873728"
"container_fs_limit_bytes","__name__=container_fs_limit_bytes;device=/var/lib/docker/rootfs/overlayfs/fdfc0724b613bbad2b29e38f548044caa8fa5ece06aea1f7630b8b07f070b604/rootfs/dev/shm;id=/;instance=cadvisor:8080;job=iot_service","2025-10-31T10:19:54Z","4108873728"
"container_fs_limit_bytes","__name__=container_fs_limit_bytes;device=/var/lib/docker/rootfs/overlayfs/fdfc0724b613bbad2b29e38f548044caa8fa5ece06aea1f7630b8b07f070b604/rootfs/dev/shm;id=/;instance=cadvisor:8080;job=iot_service","2025-10-31T10:20:09Z","4108873728"
"container_fs_limit_bytes","__name__=container_fs_limit_bytes;device=/var/lib/docker/rootfs/overlayfs/fdfc0724b613bbad2b29e38f548044caa8fa5ece06aea1f7630b8b07f070b604/rootfs/dev/shm;id=/;instance=cadvisor:8080;job=iot_service","2025-10-31T10:20:24Z","4108873728"
"container_fs_limit_bytes","__name__=container_fs_limit_bytes;device=/var/lib/docker/rootfs/overlayfs/fdfc0724b613bbad2b29e38f548044caa8fa5ece06aea1f7630b8b07f070b604/rootfs/dev/shm;id=/;instance=cadvisor:8080;job=iot_service","2025-10-31T10:20:39Z","4108873728"
"container_fs_limit_bytes","__name__=container_fs_limit_bytes;device=/var/lib/docker/rootfs/overlayfs/fdfc0724b613bbad2b29e38f548044caa8fa5ece06aea1f7630b8b07f070b604/rootfs/dev/shm;id=/;instance=cadvisor:8080;job=iot_service","2025-10-31T10:20:54Z","4108873728"
"container_fs_limit_bytes","__name__=container_fs_limit_bytes;device=/var/lib/docker/rootfs/overlayfs/fdfc0724b613bbad2b29e38f548044caa8fa5ece06aea1f7630b8b07f070b604/rootfs/dev/shm;id=/;instance=cadvisor:8080;job=iot_service","2025-10-31T10:21:09Z","4108873728"
"container_fs_limit_bytes","__name__=container_fs_limit_bytes;device=/var/lib/docker/rootfs/overlayfs/fdfc0724b613bbad2b29e38f548044caa8fa5ece06aea1f7630b8b07f070b604/rootfs/dev/shm;id=/;instance=cadvisor:8080;job=iot_service","2025-10-31T10:21:24Z","4108873728"
"container_fs_limit_bytes","__name__=container_fs_limit_bytes;device=/var/lib/docker/rootfs/overlayfs/fdfc0724b613bbad2b29e38f548044caa8fa5ece06aea1f7630b8b07f070b604/rootfs/dev/shm;id=/;instance=cadvisor:8080;job=iot_service","2025-10-31T10:21:39Z","4108873728"
"container_fs_limit_bytes","__name__=container_fs_limit_bytes;device=/var/lib/docker/rootfs/overlayfs/fdfc0724b613bbad2b29e38f548044caa8fa5ece06aea1f7630b8b07f070b604/rootfs/dev/shm;id=/;instance=cadvisor:8080;job=iot_service","2025-10-31T10:21:54Z","4108873728"
"container_fs_limit_bytes","__name__=container_fs_limit_bytes;device=/var/lib/docker/rootfs/overlayfs/fdfc0724b613bbad2b29e38f548044caa8fa5ece06aea1f7630b8b07f070b604/rootfs/dev/shm;id=/;instance=cadvisor:8080;job=iot_service","2025-10-31T10:22:09Z","4108873728"
"container_fs_limit_bytes","__name__=container_fs_limit_bytes;device=/var/lib/docker/rootfs/overlayfs/fdfc0724b613bbad2b29e38f548044caa8fa5ece06aea1f7630b8b07f070b604/rootfs/dev/shm;id=/;instance=cadvisor:8080;job=iot_service","2025-10-31T10:22:24Z","4108873728"
"container_fs_limit_bytes","__name__=container_fs_limit_bytes;device=/var/lib/docker/rootfs/overlayfs/fdfc0724b613bbad2b29e38f548044caa8fa5ece06aea1f7630b8b07f070b604/rootfs/dev/shm;id=/;instance=cadvisor:8080;job=iot_service","2025-10-31T10:22:39Z","4108873728"
"container_fs_limit_bytes","__name__=container_fs_limit_bytes;device=/var/lib/docker/rootfs/overlayfs/fdfc0724b613bbad2b29e38f548044caa8fa5ece06aea1f7630b8b07f070b604/rootfs/dev/shm;id=/;instance=cadvisor:8080;job=iot_service","2025-10-31T10:22:54Z","4108873728"
"container_fs_limit_bytes","__name__=container_fs_limit_bytes;device=/var/lib/docker/rootfs/overlayfs/fdfc0724b613bbad2b29e38f548044caa8fa5ece06aea1f7630b8b07f070b604/rootfs/dev/shm;id=/;instance=cadvisor:8080;job=iot_service","2025-10-31T10:23:09Z","4108873728"
"container_fs_limit_bytes","__name__=container_fs_limit_bytes;device=/var/lib/docker/rootfs/overlayfs/fdfc0724b613bbad2b29e38f548044caa8fa5ece06aea1f7630b8b07f070b604/rootfs/dev/shm;id=/;instance=cadvisor:8080;job=iot_service","2025-10-31T10:23:24Z","4108873728"
"container_fs_limit_bytes","__name__=container_fs_limit_bytes;device=/var/lib/docker/rootfs/overlayfs/fdfc0724b613bbad2b29e38f548044caa8fa5ece06aea1f7630b8b07f070b604/rootfs/dev/shm;id=/;instance=cadvisor:8080;job=iot_service","2025-10-31T10:23:39Z","4108873728"
"container_fs_limit_bytes","__name__=container_fs_limit_bytes;device=/var/lib/docker/rootfs/overlayfs/fdfc0724b613bbad2b29e38f548044caa8fa5ece06aea1f7630b8b07f070b604/rootfs/dev/shm;id=/;instance=cadvisor:8080;job=iot_service","2025-10-31T10:23:54Z","4108873728"
"container_fs_limit_bytes","__name__=container_fs_limit_bytes;device=/var/lib/docker/rootfs/overlayfs/fdfc0724b613bbad2b29e38f548044caa8fa5ece06aea1f7630b8b07f070b604/rootfs/dev/shm;id=/;instance=cadvisor:8080;job=iot_service","2025-10-31T10:24:09Z","4108873728"
"container_fs_limit_bytes","__name__=container_fs_limit_bytes;device=/var/lib/docker/rootfs/overlayfs/fdfc0724b613bbad2b29e38f548044caa8fa5ece06aea1f7630b8b07f070b604/rootfs/dev/shm;id=/;instance=cadvisor:8080;job=iot_service","2025-10-31T10:24:24Z","4108873728"
"container_fs_limit_bytes","__name__=container_fs_limit_bytes;device=/var/lib/docker/rootfs/overlayfs/fdfc0724b613bbad2b29e38f548044caa8fa5ece06aea1f7630b8b07f070b604/rootfs/dev/shm;id=/;instance=cadvisor:8080;job=iot_service","2025-10-31T10:24:39Z","4108873728"
"container_fs_limit_bytes","__name__=container_fs_limit_bytes;device=/var/lib/docker/rootfs/overlayfs/fdfc0724b613bbad2b29e38f548044caa8fa5ece06aea1f7630b8b07f070b604/rootfs/dev/shm;id=/;instance=cadvisor:8080;job=iot_service","2025-10-31T10:24:54Z","4108873728"
"container_fs_limit_bytes","__name__=container_fs_limit_bytes;device=/var/lib/docker/rootfs/overlayfs/fdfc0724b613bbad2b29e38f548044caa8fa5ece06aea1f7630b8b07f070b604/rootfs/dev/shm;id=/;instance=cadvisor:8080;job=iot_service","2025-10-31T10:25:09Z","4108873728"
"container_fs_limit_bytes","__name__=container_fs_limit_bytes;device=/var/lib/docker/rootfs/overlayfs/fdfc0724b613bbad2b29e38f548044caa8fa5ece06aea1f7630b8b07f070b604/rootfs/dev/shm;id=/;instance=cadvisor:8080;job=iot_service","2025-10-31T10:25:24Z","4108873728"
"container_fs_limit_bytes","__name__=container_fs_limit_bytes;device=/var/lib/docker/rootfs/overlayfs/fdfc0724b613bbad2b29e38f548044caa8fa5ece06aea1f7630b8b07f070b604/rootfs/dev/shm;id=/;instance=cadvisor:8080;job=iot_service","2025-10-31T10:25:39Z","4108873728"
"container_fs_limit_bytes","__name__=container_fs_limit_bytes;device=/var/lib/docker/rootfs/overlayfs/fdfc0724b613bbad2b29e38f548044caa8fa5ece06aea1f7630b8b07f070b604/rootfs/dev/shm;id=/;instance=cadvisor:8080;job=iot_service","2025-10-31T10:25:54Z","4108873728"
"container_fs_limit_bytes","__name__=container_fs_limit_bytes;device=/var/lib/docker/rootfs/overlayfs/fdfc0724b613bbad2b29e38f548044caa8fa5ece06aea1f7630b8b07f070b604/rootfs/dev/shm;id=/;instance=cadvisor:8080;job=iot_service","2025-10-31T10:26:09Z","4108873728"
"container_fs_limit_bytes","__name__=container_fs_limit_bytes;device=/var/lib/docker/rootfs/overlayfs/fdfc0724b613bbad2b29e38f548044caa8fa5ece06aea1f7630b8b07f070b604/rootfs/dev/shm;id=/;instance=cadvisor:8080;job=iot_service","2025-10-31T10:26:24Z","4108873728"
"container_fs_limit_bytes","__name__=container_fs_limit_bytes;device=/var/lib/docker/rootfs/overlayfs/fdfc0724b613bbad2b29e38f548044caa8fa5ece06aea1f7630b8b07f070b604/rootfs/dev/shm;id=/;instance=cadvisor:8080;job=iot_service","2025-10-31T10:26:39Z","4108873728"
"container_fs_limit_bytes","__name__=container_fs_limit_bytes;device=/var/lib/docker/rootfs/overlayfs/fdfc0724b613bbad2b29e38f548044caa8fa5ece06aea1f7630b8b07f070b604/rootfs/dev/shm;id=/;instance=cadvisor:8080;job=iot_service","2025-10-31T10:26:54Z","4108873728"
"container_fs_limit_bytes","__name__=container_fs_limit_bytes;device=/var/lib/docker/rootfs/overlayfs/fdfc0724b613bbad2b29e38f548044caa8fa5ece06aea1f7630b8b07f070b604/rootfs/dev/shm;id=/;instance=cadvisor:8080;job=iot_service","2025-10-31T10:27:09Z","4108873728"
"container_fs_limit_bytes","__name__=container_fs_limit_bytes;device=/var/lib/docker/rootfs/overlayfs/fdfc0724b613bbad2b29e38f548044caa8fa5ece06aea1f7630b8b07f070b604/rootfs/dev/shm;id=/;instance=cadvisor:8080;job=iot_service","2025-10-31T10:27:24Z","4108873728"
"container_fs_limit_bytes","__name__=container_fs_limit_bytes;device=/var/lib/docker/rootfs/overlayfs/fdfc0724b613bbad2b29e38f548044caa8fa5ece06aea1f7630b8b07f070b604/rootfs/dev/shm;id=/;instance=cadvisor:8080;job=iot_service","2025-10-31T10:27:39Z","4108873728"
"container_fs_limit_bytes","__name__=container_fs_limit_bytes;device=/var/lib/docker/rootfs/overlayfs/fdfc0724b613bbad2b29e38f548044caa8fa5ece06aea1f7630b8b07f070b604/rootfs/dev/shm;id=/;instance=cadvisor:8080;job=iot_service","2025-10-31T10:27:54Z","4108873728"
"container_fs_limit_bytes","__name__=container_fs_limit_bytes;device=/var/lib/docker/rootfs/overlayfs/fdfc0724b613bbad2b29e38f548044caa8fa5ece06aea1f7630b8b07f070b604/rootfs/dev/shm;id=/;instance=cadvisor:8080;job=iot_service","2025-10-31T10:28:09Z","4108873728"
"container_fs_limit_bytes","__name__=container_fs_limit_bytes;device=/var/lib/docker/rootfs/overlayfs/fdfc0724b613bbad2b29e38f548044caa8fa5ece06aea1f7630b8b07f070b604/rootfs/dev/shm;id=/;instance=cadvisor:8080;job=iot_service","2025-10-31T10:28:24Z","4108873728"
"container_fs_limit_bytes","__name__=container_fs_limit_bytes;device=/var/lib/docker/rootfs/overlayfs/fdfc0724b613bbad2b29e38f548044caa8fa5ece06aea1f7630b8b07f070b604/rootfs/dev/shm;id=/;instance=cadvisor:8080;job=iot_service","2025-10-31T10:28:39Z","4108873728"
"container_fs_limit_bytes","__name__=container_fs_limit_bytes;device=/var/lib/docker/rootfs/overlayfs/fdfc0724b613bbad2b29e38f548044caa8fa5ece06aea1f7630b8b07f070b604/rootfs/dev/shm;id=/;instance=cadvisor:8080;job=iot_service","2025-10-31T10:28:54Z","4108873728"
"container_fs_limit_bytes","__name__=container_fs_limit_bytes;device=/var/lib/docker/rootfs/overlayfs/fdfc0724b613bbad2b29e38f548044caa8fa5ece06aea1f7630b8b07f070b604/rootfs/dev/shm;id=/;instance=cadvisor:8080;job=iot_service","2025-10-31T10:29:09Z","4108873728"
"container_fs_limit_bytes","__name__=container_fs_limit_bytes;device=/var/lib/docker/rootfs/overlayfs/fdfc0724b613bbad2b29e38f548044caa8fa5ece06aea1f7630b8b07f070b604/rootfs/dev/shm;id=/;instance=cadvisor:8080;job=iot_service","2025-10-31T10:29:24Z","4108873728"
"container_fs_limit_bytes","__name__=container_fs_limit_bytes;device=/var/lib/docker/rootfs/overlayfs/fdfc0724b613bbad2b29e38f548044caa8fa5ece06aea1f7630b8b07f070b604/rootfs/dev/shm;id=/;instance=cadvisor:8080;job=iot_service","2025-10-31T10:29:39Z","4108873728"
"container_fs_limit_bytes","__name__=container_fs_limit_bytes;device=/var/lib/docker/rootfs/overlayfs/fdfc0724b613bbad2b29e38f548044caa8fa5ece06aea1f7630b8b07f070b604/rootfs/dev/shm;id=/;instance=cadvisor:8080;job=iot_service","2025-10-31T10:29:54Z","4108873728"
"container_fs_limit_bytes","__name__=container_fs_limit_bytes;device=/var/lib/docker/rootfs/overlayfs/fdfc0724b613bbad2b29e38f548044caa8fa5ece06aea1f7630b8b07f070b604/rootfs/dev/shm;id=/;instance=cadvisor:8080;job=iot_service","2025-10-31T10:30:09Z","4108873728"
"container_fs_limit_bytes","__name__=container_fs_limit_bytes;device=/var/lib/docker/rootfs/overlayfs/fdfc0724b613bbad2b29e38f548044caa8fa5ece06aea1f7630b8b07f070b604/rootfs/dev/shm;id=/;instance=cadvisor:8080;job=iot_service","2025-10-31T10:30:24Z","4108873728"
"container_fs_limit_bytes","__name__=container_fs_limit_bytes;device=/var/lib/docker/rootfs/overlayfs/fdfc0724b613bbad2b29e38f548044caa8fa5ece06aea1f7630b8b07f070b604/rootfs/dev/shm;id=/;instance=cadvisor:8080;job=iot_service","2025-10-31T10:30:39Z","4108873728"
"container_fs_limit_bytes","__name__=container_fs_limit_bytes;device=/var/lib/docker/rootfs/overlayfs/fdfc0724b613bbad2b29e38f548044caa8fa5ece06aea1f7630b8b07f070b604/rootfs/dev/shm;id=/;instance=cadvisor:8080;job=iot_service","2025-10-31T10:30:54Z","4108873728"
"container_fs_limit_bytes","__name__=container_fs_limit_bytes;device=/var/lib/docker/rootfs/overlayfs/fdfc0724b613bbad2b29e38f548044caa8fa5ece06aea1f7630b8b07f070b604/rootfs/dev/shm;id=/;instance=cadvisor:8080;job=iot_service","2025-10-31T10:31:09Z","4108873728"
"container_fs_limit_bytes","__name__=container_fs_limit_bytes;device=/var/lib/docker/rootfs/overlayfs/fdfc0724b613bbad2b29e38f548044caa8fa5ece06aea1f7630b8b07f070b604/rootfs/host_mnt;id=/;instance=cadvisor:8080;job=iot_service","2025-10-31T10:16:09Z","821776384"
"container_fs_limit_bytes","__name__=container_fs_limit_bytes;device=/var/lib/docker/rootfs/overlayfs/fdfc0724b613bbad2b29e38f548044caa8fa5ece06aea1f7630b8b07f070b604/rootfs/host_mnt;id=/;instance=cadvisor:8080;job=iot_service","2025-10-31T10:16:24Z","821776384"
"container_fs_limit_bytes","__name__=container_fs_limit_bytes;device=/var/lib/docker/rootfs/overlayfs/fdfc0724b613bbad2b29e38f548044caa8fa5ece06aea1f7630b8b07f070b604/rootfs/host_mnt;id=/;instance=cadvisor:8080;job=iot_service","2025-10-31T10:16:39Z","821776384"
"container_fs_limit_bytes","__name__=container_fs_limit_bytes;device=/var/lib/docker/rootfs/overlayfs/fdfc0724b613bbad2b29e38f548044caa8fa5ece06aea1f7630b8b07f070b604/rootfs/host_mnt;id=/;instance=cadvisor:8080;job=iot_service","2025-10-31T10:16:54Z","821776384"
"container_fs_limit_bytes","__name__=container_fs_limit_bytes;device=/var/lib/docker/rootfs/overlayfs/fdfc0724b613bbad2b29e38f548044caa8fa5ece06aea1f7630b8b07f070b604/rootfs/host_mnt;id=/;instance=cadvisor:8080;job=iot_service","2025-10-31T10:17:09Z","821776384"
"container_fs_limit_bytes","__name__=container_fs_limit_bytes;device=/var/lib/docker/rootfs/overlayfs/fdfc0724b613bbad2b29e38f548044caa8fa5ece06aea1f7630b8b07f070b604/rootfs/host_mnt;id=/;instance=cadvisor:8080;job=iot_service","2025-10-31T10:17:24Z","821776384"
"container_fs_limit_bytes","__name__=container_fs_limit_bytes;device=/var/lib/docker/rootfs/overlayfs/fdfc0724b613bbad2b29e38f548044caa8fa5ece06aea1f7630b8b07f070b604/rootfs/host_mnt;id=/;instance=cadvisor:8080;job=iot_service","2025-10-31T10:17:39Z","821776384"
"container_fs_limit_bytes","__name__=container_fs_limit_bytes;device=/var/lib/docker/rootfs/overlayfs/fdfc0724b613bbad2b29e38f548044caa8fa5ece06aea1f7630b8b07f070b604/rootfs/host_mnt;id=/;instance=cadvisor:8080;job=iot_service","2025-10-31T10:17:54Z","821776384"
"container_fs_limit_bytes","__name__=container_fs_limit_bytes;device=/var/lib/docker/rootfs/overlayfs/fdfc0724b613bbad2b29e38f548044caa8fa5ece06aea1f7630b8b07f070b604/rootfs/host_mnt;id=/;instance=cadvisor:8080;job=iot_service","2025-10-31T10:18:09Z","821776384"
"container_fs_limit_bytes","__name__=container_fs_limit_bytes;device=/var/lib/docker/rootfs/overlayfs/fdfc0724b613bbad2b29e38f548044caa8fa5ece06aea1f7630b8b07f070b604/rootfs/host_mnt;id=/;instance=cadvisor:8080;job=iot_service","2025-10-31T10:18:24Z","821776384"
"container_fs_limit_bytes","__name__=container_fs_limit_bytes;device=/var/lib/docker/rootfs/overlayfs/fdfc0724b613bbad2b29e38f548044caa8fa5ece06aea1f7630b8b07f070b604/rootfs/host_mnt;id=/;instance=cadvisor:8080;job=iot_service","2025-10-31T10:18:39Z","821776384"
"container_fs_limit_bytes","__name__=container_fs_limit_bytes;device=/var/lib/docker/rootfs/overlayfs/fdfc0724b613bbad2b29e38f548044caa8fa5ece06aea1f7630b8b07f070b604/rootfs/host_mnt;id=/;instance=cadvisor:8080;job=iot_service","2025-10-31T10:18:54Z","821776384"
"container_fs_limit_bytes","__name__=container_fs_limit_bytes;device=/var/lib/docker/rootfs/overlayfs/fdfc0724b613bbad2b29e38f548044caa8fa5ece06aea1f7630b8b07f070b604/rootfs/host_mnt;id=/;instance=cadvisor:8080;job=iot_service","2025-10-31T10:19:09Z","821776384"
"container_fs_limit_bytes","__name__=container_fs_limit_bytes;device=/var/lib/docker/rootfs/overlayfs/fdfc0724b613bbad2b29e38f548044caa8fa5ece06aea1f7630b8b07f070b604/rootfs/host_mnt;id=/;instance=cadvisor:8080;job=iot_service","2025-10-31T10:19:24Z","821776384"
"container_fs_limit_bytes","__name__=container_fs_limit_bytes;device=/var/lib/docker/rootfs/overlayfs/fdfc0724b613bbad2b29e38f548044caa8fa5ece06aea1f7630b8b07f070b604/rootfs/host_mnt;id=/;instance=cadvisor:8080;job=iot_service","2025-10-31T10:19:39Z","821776384"
"container_fs_limit_bytes","__name__=container_fs_limit_bytes;device=/var/lib/docker/rootfs/overlayfs/fdfc0724b613bbad2b29e38f548044caa8fa5ece06aea1f7630b8b07f070b604/rootfs/host_mnt;id=/;instance=cadvisor:8080;job=iot_service","2025-10-31T10:19:54Z","821776384"
"container_fs_limit_bytes","__name__=container_fs_limit_bytes;device=/var/lib/docker/rootfs/overlayfs/fdfc0724b613bbad2b29e38f548044caa8fa5ece06aea1f7630b8b07f070b604/rootfs/host_mnt;id=/;instance=cadvisor:8080;job=iot_service","2025-10-31T10:20:09Z","821776384"
"container_fs_limit_bytes","__name__=container_fs_limit_bytes;device=/var/lib/docker/rootfs/overlayfs/fdfc0724b613bbad2b29e38f548044caa8fa5ece06aea1f7630b8b07f070b604/rootfs/host_mnt;id=/;instance=cadvisor:8080;job=iot_service","2025-10-31T10:20:24Z","821776384"
"container_fs_limit_bytes","__name__=container_fs_limit_bytes;device=/var/lib/docker/rootfs/overlayfs/fdfc0724b613bbad2b29e38f548044caa8fa5ece06aea1f7630b8b07f070b604/rootfs/host_mnt;id=/;instance=cadvisor:8080;job=iot_service","2025-10-31T10:20:39Z","821776384"
"container_fs_limit_bytes","__name__=container_fs_limit_bytes;device=/var/lib/docker/rootfs/overlayfs/fdfc0724b613bbad2b29e38f548044caa8fa5ece06aea1f7630b8b07f070b604/rootfs/host_mnt;id=/;instance=cadvisor:8080;job=iot_service","2025-10-31T10:20:54Z","821776384"
"container_fs_limit_bytes","__name__=container_fs_limit_bytes;device=/var/lib/docker/rootfs/overlayfs/fdfc0724b613bbad2b29e38f548044caa8fa5ece06aea1f7630b8b07f070b604/rootfs/host_mnt;id=/;instance=cadvisor:8080;job=iot_service","2025-10-31T10:21:09Z","821776384"
"container_fs_limit_bytes","__name__=container_fs_limit_bytes;device=/var/lib/docker/rootfs/overlayfs/fdfc0724b613bbad2b29e38f548044caa8fa5ece06aea1f7630b8b07f070b604/rootfs/host_mnt;id=/;instance=cadvisor:8080;job=iot_service","2025-10-31T10:21:24Z","821776384"
"container_fs_limit_bytes","__name__=container_fs_limit_bytes;device=/var/lib/docker/rootfs/overlayfs/fdfc0724b613bbad2b29e38f548044caa8fa5ece06aea1f7630b8b07f070b604/rootfs/host_mnt;id=/;instance=cadvisor:8080;job=iot_service","2025-10-31T10:21:39Z","821776384"
"container_fs_limit_bytes","__name__=container_fs_limit_bytes;device=/var/lib/docker/rootfs/overlayfs/fdfc0724b613bbad2b29e38f548044caa8fa5ece06aea1f7630b8b07f070b604/rootfs/host_mnt;id=/;instance=cadvisor:8080;job=iot_service","2025-10-31T10:21:54Z","821776384"
"container_fs_limit_bytes","__name__=container_fs_limit_bytes;device=/var/lib/docker/rootfs/overlayfs/fdfc0724b613bbad2b29e38f548044caa8fa5ece06aea1f7630b8b07f070b604/rootfs/host_mnt;id=/;instance=cadvisor:8080;job=iot_service","2025-10-31T10:22:09Z","821776384"
"container_fs_limit_bytes","__name__=container_fs_limit_bytes;device=/var/lib/docker/rootfs/overlayfs/fdfc0724b613bbad2b29e38f548044caa8fa5ece06aea1f7630b8b07f070b604/rootfs/host_mnt;id=/;instance=cadvisor:8080;job=iot_service","2025-10-31T10:22:24Z","821776384"
"container_fs_limit_bytes","__name__=container_fs_limit_bytes;device=/var/lib/docker/rootfs/overlayfs/fdfc0724b613bbad2b29e38f548044caa8fa5ece06aea1f7630b8b07f070b604/rootfs/host_mnt;id=/;instance=cadvisor:8080;job=iot_service","2025-10-31T10:22:39Z","821776384"
"container_fs_limit_bytes","__name__=container_fs_limit_bytes;device=/var/lib/docker/rootfs/overlayfs/fdfc0724b613bbad2b29e38f548044caa8fa5ece06aea1f7630b8b07f070b604/rootfs/host_mnt;id=/;instance=cadvisor:8080;job=iot_service","2025-10-31T10:22:54Z","821776384"
"container_fs_limit_bytes","__name__=container_fs_limit_bytes;device=/var/lib/docker/rootfs/overlayfs/fdfc0724b613bbad2b29e38f548044caa8fa5ece06aea1f7630b8b07f070b604/rootfs/host_mnt;id=/;instance=cadvisor:8080;job=iot_service","2025-10-31T10:23:09Z","821776384"
"container_fs_limit_bytes","__name__=container_fs_limit_bytes;device=/var/lib/docker/rootfs/overlayfs/fdfc0724b613bbad2b29e38f548044caa8fa5ece06aea1f7630b8b07f070b604/rootfs/host_mnt;id=/;instance=cadvisor:8080;job=iot_service","2025-10-31T10:23:24Z","821776384"
"container_fs_limit_bytes","__name__=container_fs_limit_bytes;device=/var/lib/docker/rootfs/overlayfs/fdfc0724b613bbad2b29e38f548044caa8fa5ece06aea1f7630b8b07f070b604/rootfs/host_mnt;id=/;instance=cadvisor:8080;job=iot_service","2025-10-31T10:23:39Z","821776384"
"container_fs_limit_bytes","__name__=container_fs_limit_bytes;device=/var/lib/docker/rootfs/overlayfs/fdfc0724b613bbad2b29e38f548044caa8fa5ece06aea1f7630b8b07f070b604/rootfs/host_mnt;id=/;instance=cadvisor:8080;job=iot_service","2025-10-31T10:23:54Z","821776384"
"container_fs_limit_bytes","__name__=container_fs_limit_bytes;device=/var/lib/docker/rootfs/overlayfs/fdfc0724b613bbad2b29e38f548044caa8fa5ece06aea1f7630b8b07f070b604/rootfs/host_mnt;id=/;instance=cadvisor:8080;job=iot_service","2025-10-31T10:24:09Z","821776384"
"container_fs_limit_bytes","__name__=container_fs_limit_bytes;device=/var/lib/docker/rootfs/overlayfs/fdfc0724b613bbad2b29e38f548044caa8fa5ece06aea1f7630b8b07f070b604/rootfs/host_mnt;id=/;instance=cadvisor:8080;job=iot_service","2025-10-31T10:24:24Z","821776384"
"container_fs_limit_bytes","__name__=container_fs_limit_bytes;device=/var/lib/docker/rootfs/overlayfs/fdfc0724b613bbad2b29e38f548044caa8fa5ece06aea1f7630b8b07f070b604/rootfs/host_mnt;id=/;instance=cadvisor:8080;job=iot_service","2025-10-31T10:24:39Z","821776384"
"container_fs_limit_bytes","__name__=container_fs_limit_bytes;device=/var/lib/docker/rootfs/overlayfs/fdfc0724b613bbad2b29e38f548044caa8fa5ece06aea1f7630b8b07f070b604/rootfs/host_mnt;id=/;instance=cadvisor:8080;job=iot_service","2025-10-31T10:24:54Z","821776384"
"container_fs_limit_bytes","__name__=container_fs_limit_bytes;device=/var/lib/docker/rootfs/overlayfs/fdfc0724b613bbad2b29e38f548044caa8fa5ece06aea1f7630b8b07f070b604/rootfs/host_mnt;id=/;instance=cadvisor:8080;job=iot_service","2025-10-31T10:25:09Z","821776384"
"container_fs_limit_bytes","__name__=container_fs_limit_bytes;device=/var/lib/docker/rootfs/overlayfs/fdfc0724b613bbad2b29e38f548044caa8fa5ece06aea1f7630b8b07f070b604/rootfs/host_mnt;id=/;instance=cadvisor:8080;job=iot_service","2025-10-31T10:25:24Z","821776384"
"container_fs_limit_bytes","__name__=container_fs_limit_bytes;device=/var/lib/docker/rootfs/overlayfs/fdfc0724b613bbad2b29e38f548044caa8fa5ece06aea1f7630b8b07f070b604/rootfs/host_mnt;id=/;instance=cadvisor:8080;job=iot_service","2025-10-31T10:25:39Z","821776384"
"container_fs_limit_bytes","__name__=container_fs_limit_bytes;device=/var/lib/docker/rootfs/overlayfs/fdfc0724b613bbad2b29e38f548044caa8fa5ece06aea1f7630b8b07f070b604/rootfs/host_mnt;id=/;instance=cadvisor:8080;job=iot_service","2025-10-31T10:25:54Z","821776384"
"container_fs_limit_bytes","__name__=container_fs_limit_bytes;device=/var/lib/docker/rootfs/overlayfs/fdfc0724b613bbad2b29e38f548044caa8fa5ece06aea1f7630b8b07f070b604/rootfs/host_mnt;id=/;instance=cadvisor:8080;job=iot_service","2025-10-31T10:26:09Z","821776384"
"container_fs_limit_bytes","__name__=container_fs_limit_bytes;device=/var/lib/docker/rootfs/overlayfs/fdfc0724b613bbad2b29e38f548044caa8fa5ece06aea1f7630b8b07f070b604/rootfs/host_mnt;id=/;instance=cadvisor:8080;job=iot_service","2025-10-31T10:26:24Z","821776384"
"container_fs_limit_bytes","__name__=container_fs_limit_bytes;device=/var/lib/docker/rootfs/overlayfs/fdfc0724b613bbad2b29e38f548044caa8fa5ece06aea1f7630b8b07f070b604/rootfs/host_mnt;id=/;instance=cadvisor:8080;job=iot_service","2025-10-31T10:26:39Z","821776384"
"container_fs_limit_bytes","__name__=container_fs_limit_bytes;device=/var/lib/docker/rootfs/overlayfs/fdfc0724b613bbad2b29e38f548044caa8fa5ece06aea1f7630b8b07f070b604/rootfs/host_mnt;id=/;instance=cadvisor:8080;job=iot_service","2025-10-31T10:26:54Z","821776384"
"container_fs_limit_bytes","__name__=container_fs_limit_bytes;device=/var/lib/docker/rootfs/overlayfs/fdfc0724b613bbad2b29e38f548044caa8fa5ece06aea1f7630b8b07f070b604/rootfs/host_mnt;id=/;instance=cadvisor:8080;job=iot_service","2025-10-31T10:27:09Z","821776384"
"container_fs_limit_bytes","__name__=container_fs_limit_bytes;device=/var/lib/docker/rootfs/overlayfs/fdfc0724b613bbad2b29e38f548044caa8fa5ece06aea1f7630b8b07f070b604/rootfs/host_mnt;id=/;instance=cadvisor:8080;job=iot_service","2025-10-31T10:27:24Z","821776384"
"container_fs_limit_bytes","__name__=container_fs_limit_bytes;device=/var/lib/docker/rootfs/overlayfs/fdfc0724b613bbad2b29e38f548044caa8fa5ece06aea1f7630b8b07f070b604/rootfs/host_mnt;id=/;instance=cadvisor:8080;job=iot_service","2025-10-31T10:27:39Z","821776384"
"container_fs_limit_bytes","__name__=container_fs_limit_bytes;device=/var/lib/docker/rootfs/overlayfs/fdfc0724b613bbad2b29e38f548044caa8fa5ece06aea1f7630b8b07f070b604/rootfs/host_mnt;id=/;instance=cadvisor:8080;job=iot_service","2025-10-31T10:27:54Z","821776384"
"container_fs_limit_bytes","__name__=container_fs_limit_bytes;device=/var/lib/docker/rootfs/overlayfs/fdfc0724b613bbad2b29e38f548044caa8fa5ece06aea1f7630b8b07f070b604/rootfs/host_mnt;id=/;instance=cadvisor:8080;job=iot_service","2025-10-31T10:28:09Z","821776384"
"container_fs_limit_bytes","__name__=container_fs_limit_bytes;device=/var/lib/docker/rootfs/overlayfs/fdfc0724b613bbad2b29e38f548044caa8fa5ece06aea1f7630b8b07f070b604/rootfs/host_mnt;id=/;instance=cadvisor:8080;job=iot_service","2025-10-31T10:28:24Z","821776384"
"container_fs_limit_bytes","__name__=container_fs_limit_bytes;device=/var/lib/docker/rootfs/overlayfs/fdfc0724b613bbad2b29e38f548044caa8fa5ece06aea1f7630b8b07f070b604/rootfs/host_mnt;id=/;instance=cadvisor:8080;job=iot_service","2025-10-31T10:28:39Z","821776384"
"container_fs_limit_bytes","__name__=container_fs_limit_bytes;device=/var/lib/docker/rootfs/overlayfs/fdfc0724b613bbad2b29e38f548044caa8fa5ece06aea1f7630b8b07f070b604/rootfs/host_mnt;id=/;instance=cadvisor:8080;job=iot_service","2025-10-31T10:28:54Z","821776384"
"container_fs_limit_bytes","__name__=container_fs_limit_bytes;device=/var/lib/docker/rootfs/overlayfs/fdfc0724b613bbad2b29e38f548044caa8fa5ece06aea1f7630b8b07f070b604/rootfs/host_mnt;id=/;instance=cadvisor:8080;job=iot_service","2025-10-31T10:29:09Z","821776384"
"container_fs_limit_bytes","__name__=container_fs_limit_bytes;device=/var/lib/docker/rootfs/overlayfs/fdfc0724b613bbad2b29e38f548044caa8fa5ece06aea1f7630b8b07f070b604/rootfs/host_mnt;id=/;instance=cadvisor:8080;job=iot_service","2025-10-31T10:29:24Z","821776384"
"container_fs_limit_bytes","__name__=container_fs_limit_bytes;device=/var/lib/docker/rootfs/overlayfs/fdfc0724b613bbad2b29e38f548044caa8fa5ece06aea1f7630b8b07f070b604/rootfs/host_mnt;id=/;instance=cadvisor:8080;job=iot_service","2025-10-31T10:29:39Z","821776384"
"container_fs_limit_bytes","__name__=container_fs_limit_bytes;device=/var/lib/docker/rootfs/overlayfs/fdfc0724b613bbad2b29e38f548044caa8fa5ece06aea1f7630b8b07f070b604/rootfs/host_mnt;id=/;instance=cadvisor:8080;job=iot_service","2025-10-31T10:29:54Z","821776384"
"container_fs_limit_bytes","__name__=container_fs_limit_bytes;device=/var/lib/docker/rootfs/overlayfs/fdfc0724b613bbad2b29e38f548044caa8fa5ece06aea1f7630b8b07f070b604/rootfs/host_mnt;id=/;instance=cadvisor:8080;job=iot_service","2025-10-31T10:30:09Z","821776384"
"container_fs_limit_bytes","__name__=container_fs_limit_bytes;device=/var/lib/docker/rootfs/overlayfs/fdfc0724b613bbad2b29e38f548044caa8fa5ece06aea1f7630b8b07f070b604/rootfs/host_mnt;id=/;instance=cadvisor:8080;job=iot_service","2025-10-31T10:30:24Z","821776384"
"container_fs_limit_bytes","__name__=container_fs_limit_bytes;device=/var/lib/docker/rootfs/overlayfs/fdfc0724b613bbad2b29e38f548044caa8fa5ece06aea1f7630b8b07f070b604/rootfs/host_mnt;id=/;instance=cadvisor:8080;job=iot_service","2025-10-31T10:30:39Z","821776384"
"container_fs_limit_bytes","__name__=container_fs_limit_bytes;device=/var/lib/docker/rootfs/overlayfs/fdfc0724b613bbad2b29e38f548044caa8fa5ece06aea1f7630b8b07f070b604/rootfs/host_mnt;id=/;instance=cadvisor:8080;job=iot_service","2025-10-31T10:30:54Z","821776384"
"container_fs_limit_bytes","__name__=container_fs_limit_bytes;device=/var/lib/docker/rootfs/overlayfs/fdfc0724b613bbad2b29e38f548044caa8fa5ece06aea1f7630b8b07f070b604/rootfs/host_mnt;id=/;instance=cadvisor:8080;job=iot_service","2025-10-31T10:31:09Z","821776384"
"container_fs_limit_bytes","__name__=container_fs_limit_bytes;device=/var/lib/docker/rootfs/overlayfs/fdfc0724b613bbad2b29e38f548044caa8fa5ece06aea1f7630b8b07f070b604/rootfs/oldroot/run;id=/;instance=cadvisor:8080;job=iot_service","2025-10-31T10:16:09Z","821776384"
"container_fs_limit_bytes","__name__=container_fs_limit_bytes;device=/var/lib/docker/rootfs/overlayfs/fdfc0724b613bbad2b29e38f548044caa8fa5ece06aea1f7630b8b07f070b604/rootfs/oldroot/run;id=/;instance=cadvisor:8080;job=iot_service","2025-10-31T10:16:24Z","821776384"
"container_fs_limit_bytes","__name__=container_fs_limit_bytes;device=/var/lib/docker/rootfs/overlayfs/fdfc0724b613bbad2b29e38f548044caa8fa5ece06aea1f7630b8b07f070b604/rootfs/oldroot/run;id=/;instance=cadvisor:8080;job=iot_service","2025-10-31T10:16:39Z","821776384"
"container_fs_limit_bytes","__name__=container_fs_limit_bytes;device=/var/lib/docker/rootfs/overlayfs/fdfc0724b613bbad2b29e38f548044caa8fa5ece06aea1f7630b8b07f070b604/rootfs/oldroot/run;id=/;instance=cadvisor:8080;job=iot_service","2025-10-31T10:16:54Z","821776384"
"container_fs_limit_bytes","__name__=container_fs_limit_bytes;device=/var/lib/docker/rootfs/overlayfs/fdfc0724b613bbad2b29e38f548044caa8fa5ece06aea1f7630b8b07f070b604/rootfs/oldroot/run;id=/;instance=cadvisor:8080;job=iot_service","2025-10-31T10:17:09Z","821776384"
"container_fs_limit_bytes","__name__=container_fs_limit_bytes;device=/var/lib/docker/rootfs/overlayfs/fdfc0724b613bbad2b29e38f548044caa8fa5ece06aea1f7630b8b07f070b604/rootfs/oldroot/run;id=/;instance=cadvisor:8080;job=iot_service","2025-10-31T10:17:24Z","821776384"
"container_fs_limit_bytes","__name__=container_fs_limit_bytes;device=/var/lib/docker/rootfs/overlayfs/fdfc0724b613bbad2b29e38f548044caa8fa5ece06aea1f7630b8b07f070b604/rootfs/oldroot/run;id=/;instance=cadvisor:8080;job=iot_service","2025-10-31T10:17:39Z","821776384"
"container_fs_limit_bytes","__name__=container_fs_limit_bytes;device=/var/lib/docker/rootfs/overlayfs/fdfc0724b613bbad2b29e38f548044caa8fa5ece06aea1f7630b8b07f070b604/rootfs/oldroot/run;id=/;instance=cadvisor:8080;job=iot_service","2025-10-31T10:17:54Z","821776384"
"container_fs_limit_bytes","__name__=container_fs_limit_bytes;device=/var/lib/docker/rootfs/overlayfs/fdfc0724b613bbad2b29e38f548044caa8fa5ece06aea1f7630b8b07f070b604/rootfs/oldroot/run;id=/;instance=cadvisor:8080;job=iot_service","2025-10-31T10:18:09Z","821776384"
"container_fs_limit_bytes","__name__=container_fs_limit_bytes;device=/var/lib/docker/rootfs/overlayfs/fdfc0724b613bbad2b29e38f548044caa8fa5ece06aea1f7630b8b07f070b604/rootfs/oldroot/run;id=/;instance=cadvisor:8080;job=iot_service","2025-10-31T10:18:24Z","821776384"
"container_fs_limit_bytes","__name__=container_fs_limit_bytes;device=/var/lib/docker/rootfs/overlayfs/fdfc0724b613bbad2b29e38f548044caa8fa5ece06aea1f7630b8b07f070b604/rootfs/oldroot/run;id=/;instance=cadvisor:8080;job=iot_service","2025-10-31T10:18:39Z","821776384"
"container_fs_limit_bytes","__name__=container_fs_limit_bytes;device=/var/lib/docker/rootfs/overlayfs/fdfc0724b613bbad2b29e38f548044caa8fa5ece06aea1f7630b8b07f070b604/rootfs/oldroot/run;id=/;instance=cadvisor:8080;job=iot_service","2025-10-31T10:18:54Z","821776384"
"container_fs_limit_bytes","__name__=container_fs_limit_bytes;device=/var/lib/docker/rootfs/overlayfs/fdfc0724b613bbad2b29e38f548044caa8fa5ece06aea1f7630b8b07f070b604/rootfs/oldroot/run;id=/;instance=cadvisor:8080;job=iot_service","2025-10-31T10:19:09Z","821776384"
"container_fs_limit_bytes","__name__=container_fs_limit_bytes;device=/var/lib/docker/rootfs/overlayfs/fdfc0724b613bbad2b29e38f548044caa8fa5ece06aea1f7630b8b07f070b604/rootfs/oldroot/run;id=/;instance=cadvisor:8080;job=iot_service","2025-10-31T10:19:24Z","821776384"
"container_fs_limit_bytes","__name__=container_fs_limit_bytes;device=/var/lib/docker/rootfs/overlayfs/fdfc0724b613bbad2b29e38f548044caa8fa5ece06aea1f7630b8b07f070b604/rootfs/oldroot/run;id=/;instance=cadvisor:8080;job=iot_service","2025-10-31T10:19:39Z","821776384"
"container_fs_limit_bytes","__name__=container_fs_limit_bytes;device=/var/lib/docker/rootfs/overlayfs/fdfc0724b613bbad2b29e38f548044caa8fa5ece06aea1f7630b8b07f070b604/rootfs/oldroot/run;id=/;instance=cadvisor:8080;job=iot_service","2025-10-31T10:19:54Z","821776384"
"container_fs_limit_bytes","__name__=container_fs_limit_bytes;device=/var/lib/docker/rootfs/overlayfs/fdfc0724b613bbad2b29e38f548044caa8fa5ece06aea1f7630b8b07f070b604/rootfs/oldroot/run;id=/;instance=cadvisor:8080;job=iot_service","2025-10-31T10:20:09Z","821776384"
"container_fs_limit_bytes","__name__=container_fs_limit_bytes;device=/var/lib/docker/rootfs/overlayfs/fdfc0724b613bbad2b29e38f548044caa8fa5ece06aea1f7630b8b07f070b604/rootfs/oldroot/run;id=/;instance=cadvisor:8080;job=iot_service","2025-10-31T10:20:24Z","821776384"
"container_fs_limit_bytes","__name__=container_fs_limit_bytes;device=/var/lib/docker/rootfs/overlayfs/fdfc0724b613bbad2b29e38f548044caa8fa5ece06aea1f7630b8b07f070b604/rootfs/oldroot/run;id=/;instance=cadvisor:8080;job=iot_service","2025-10-31T10:20:39Z","821776384"
"container_fs_limit_bytes","__name__=container_fs_limit_bytes;device=/var/lib/docker/rootfs/overlayfs/fdfc0724b613bbad2b29e38f548044caa8fa5ece06aea1f7630b8b07f070b604/rootfs/oldroot/run;id=/;instance=cadvisor:8080;job=iot_service","2025-10-31T10:20:54Z","821776384"
"container_fs_limit_bytes","__name__=container_fs_limit_bytes;device=/var/lib/docker/rootfs/overlayfs/fdfc0724b613bbad2b29e38f548044caa8fa5ece06aea1f7630b8b07f070b604/rootfs/oldroot/run;id=/;instance=cadvisor:8080;job=iot_service","2025-10-31T10:21:09Z","821776384"
"container_fs_limit_bytes","__name__=container_fs_limit_bytes;device=/var/lib/docker/rootfs/overlayfs/fdfc0724b613bbad2b29e38f548044caa8fa5ece06aea1f7630b8b07f070b604/rootfs/oldroot/run;id=/;instance=cadvisor:8080;job=iot_service","2025-10-31T10:21:24Z","821776384"
"container_fs_limit_bytes","__name__=container_fs_limit_bytes;device=/var/lib/docker/rootfs/overlayfs/fdfc0724b613bbad2b29e38f548044caa8fa5ece06aea1f7630b8b07f070b604/rootfs/oldroot/run;id=/;instance=cadvisor:8080;job=iot_service","2025-10-31T10:21:39Z","821776384"
"container_fs_limit_bytes","__name__=container_fs_limit_bytes;device=/var/lib/docker/rootfs/overlayfs/fdfc0724b613bbad2b29e38f548044caa8fa5ece06aea1f7630b8b07f070b604/rootfs/oldroot/run;id=/;instance=cadvisor:8080;job=iot_service","2025-10-31T10:21:54Z","821776384"
"container_fs_limit_bytes","__name__=container_fs_limit_bytes;device=/var/lib/docker/rootfs/overlayfs/fdfc0724b613bbad2b29e38f548044caa8fa5ece06aea1f7630b8b07f070b604/rootfs/oldroot/run;id=/;instance=cadvisor:8080;job=iot_service","2025-10-31T10:22:09Z","821776384"
"container_fs_limit_bytes","__name__=container_fs_limit_bytes;device=/var/lib/docker/rootfs/overlayfs/fdfc0724b613bbad2b29e38f548044caa8fa5ece06aea1f7630b8b07f070b604/rootfs/oldroot/run;id=/;instance=cadvisor:8080;job=iot_service","2025-10-31T10:22:24Z","821776384"
"container_fs_limit_bytes","__name__=container_fs_limit_bytes;device=/var/lib/docker/rootfs/overlayfs/fdfc0724b613bbad2b29e38f548044caa8fa5ece06aea1f7630b8b07f070b604/rootfs/oldroot/run;id=/;instance=cadvisor:8080;job=iot_service","2025-10-31T10:22:39Z","821776384"
"container_fs_limit_bytes","__name__=container_fs_limit_bytes;device=/var/lib/docker/rootfs/overlayfs/fdfc0724b613bbad2b29e38f548044caa8fa5ece06aea1f7630b8b07f070b604/rootfs/oldroot/run;id=/;instance=cadvisor:8080;job=iot_service","2025-10-31T10:22:54Z","821776384"
"container_fs_limit_bytes","__name__=container_fs_limit_bytes;device=/var/lib/docker/rootfs/overlayfs/fdfc0724b613bbad2b29e38f548044caa8fa5ece06aea1f7630b8b07f070b604/rootfs/oldroot/run;id=/;instance=cadvisor:8080;job=iot_service","2025-10-31T10:23:09Z","821776384"
"container_fs_limit_bytes","__name__=container_fs_limit_bytes;device=/var/lib/docker/rootfs/overlayfs/fdfc0724b613bbad2b29e38f548044caa8fa5ece06aea1f7630b8b07f070b604/rootfs/oldroot/run;id=/;instance=cadvisor:8080;job=iot_service","2025-10-31T10:23:24Z","821776384"
"container_fs_limit_bytes","__name__=container_fs_limit_bytes;device=/var/lib/docker/rootfs/overlayfs/fdfc0724b613bbad2b29e38f548044caa8fa5ece06aea1f7630b8b07f070b604/rootfs/oldroot/run;id=/;instance=cadvisor:8080;job=iot_service","2025-10-31T10:23:39Z","821776384"
"container_fs_limit_bytes","__name__=container_fs_limit_bytes;device=/var/lib/docker/rootfs/overlayfs/fdfc0724b613bbad2b29e38f548044caa8fa5ece06aea1f7630b8b07f070b604/rootfs/oldroot/run;id=/;instance=cadvisor:8080;job=iot_service","2025-10-31T10:23:54Z","821776384"
"container_fs_limit_bytes","__name__=container_fs_limit_bytes;device=/var/lib/docker/rootfs/overlayfs/fdfc0724b613bbad2b29e38f548044caa8fa5ece06aea1f7630b8b07f070b604/rootfs/oldroot/run;id=/;instance=cadvisor:8080;job=iot_service","2025-10-31T10:24:09Z","821776384"
"container_fs_limit_bytes","__name__=container_fs_limit_bytes;device=/var/lib/docker/rootfs/overlayfs/fdfc0724b613bbad2b29e38f548044caa8fa5ece06aea1f7630b8b07f070b604/rootfs/oldroot/run;id=/;instance=cadvisor:8080;job=iot_service","2025-10-31T10:24:24Z","821776384"
"container_fs_limit_bytes","__name__=container_fs_limit_bytes;device=/var/lib/docker/rootfs/overlayfs/fdfc0724b613bbad2b29e38f548044caa8fa5ece06aea1f7630b8b07f070b604/rootfs/oldroot/run;id=/;instance=cadvisor:8080;job=iot_service","2025-10-31T10:24:39Z","821776384"
"container_fs_limit_bytes","__name__=container_fs_limit_bytes;device=/var/lib/docker/rootfs/overlayfs/fdfc0724b613bbad2b29e38f548044caa8fa5ece06aea1f7630b8b07f070b604/rootfs/oldroot/run;id=/;instance=cadvisor:8080;job=iot_service","2025-10-31T10:24:54Z","821776384"
"container_fs_limit_bytes","__name__=container_fs_limit_bytes;device=/var/lib/docker/rootfs/overlayfs/fdfc0724b613bbad2b29e38f548044caa8fa5ece06aea1f7630b8b07f070b604/rootfs/oldroot/run;id=/;instance=cadvisor:8080;job=iot_service","2025-10-31T10:25:09Z","821776384"
"container_fs_limit_bytes","__name__=container_fs_limit_bytes;device=/var/lib/docker/rootfs/overlayfs/fdfc0724b613bbad2b29e38f548044caa8fa5ece06aea1f7630b8b07f070b604/rootfs/oldroot/run;id=/;instance=cadvisor:8080;job=iot_service","2025-10-31T10:25:24Z","821776384"
"container_fs_limit_bytes","__name__=container_fs_limit_bytes;device=/var/lib/docker/rootfs/overlayfs/fdfc0724b613bbad2b29e38f548044caa8fa5ece06aea1f7630b8b07f070b604/rootfs/oldroot/run;id=/;instance=cadvisor:8080;job=iot_service","2025-10-31T10:25:39Z","821776384"
"container_fs_limit_bytes","__name__=container_fs_limit_bytes;device=/var/lib/docker/rootfs/overlayfs/fdfc0724b613bbad2b29e38f548044caa8fa5ece06aea1f7630b8b07f070b604/rootfs/oldroot/run;id=/;instance=cadvisor:8080;job=iot_service","2025-10-31T10:25:54Z","821776384"
"container_fs_limit_bytes","__name__=container_fs_limit_bytes;device=/var/lib/docker/rootfs/overlayfs/fdfc0724b613bbad2b29e38f548044caa8fa5ece06aea1f7630b8b07f070b604/rootfs/oldroot/run;id=/;instance=cadvisor:8080;job=iot_service","2025-10-31T10:26:09Z","821776384"
"container_fs_limit_bytes","__name__=container_fs_limit_bytes;device=/var/lib/docker/rootfs/overlayfs/fdfc0724b613bbad2b29e38f548044caa8fa5ece06aea1f7630b8b07f070b604/rootfs/oldroot/run;id=/;instance=cadvisor:8080;job=iot_service","2025-10-31T10:26:24Z","821776384"
"container_fs_limit_bytes","__name__=container_fs_limit_bytes;device=/var/lib/docker/rootfs/overlayfs/fdfc0724b613bbad2b29e38f548044caa8fa5ece06aea1f7630b8b07f070b604/rootfs/oldroot/run;id=/;instance=cadvisor:8080;job=iot_service","2025-10-31T10:26:39Z","821776384"
"container_fs_limit_bytes","__name__=container_fs_limit_bytes;device=/var/lib/docker/rootfs/overlayfs/fdfc0724b613bbad2b29e38f548044caa8fa5ece06aea1f7630b8b07f070b604/rootfs/oldroot/run;id=/;instance=cadvisor:8080;job=iot_service","2025-10-31T10:26:54Z","821776384"
"container_fs_limit_bytes","__name__=container_fs_limit_bytes;device=/var/lib/docker/rootfs/overlayfs/fdfc0724b613bbad2b29e38f548044caa8fa5ece06aea1f7630b8b07f070b604/rootfs/oldroot/run;id=/;instance=cadvisor:8080;job=iot_service","2025-10-31T10:27:09Z","821776384"
"container_fs_limit_bytes","__name__=container_fs_limit_bytes;device=/var/lib/docker/rootfs/overlayfs/fdfc0724b613bbad2b29e38f548044caa8fa5ece06aea1f7630b8b07f070b604/rootfs/oldroot/run;id=/;instance=cadvisor:8080;job=iot_service","2025-10-31T10:27:24Z","821776384"
"container_fs_limit_bytes","__name__=container_fs_limit_bytes;device=/var/lib/docker/rootfs/overlayfs/fdfc0724b613bbad2b29e38f548044caa8fa5ece06aea1f7630b8b07f070b604/rootfs/oldroot/run;id=/;instance=cadvisor:8080;job=iot_service","2025-10-31T10:27:39Z","821776384"
"container_fs_limit_bytes","__name__=container_fs_limit_bytes;device=/var/lib/docker/rootfs/overlayfs/fdfc0724b613bbad2b29e38f548044caa8fa5ece06aea1f7630b8b07f070b604/rootfs/oldroot/run;id=/;instance=cadvisor:8080;job=iot_service","2025-10-31T10:27:54Z","821776384"
"container_fs_limit_bytes","__name__=container_fs_limit_bytes;device=/var/lib/docker/rootfs/overlayfs/fdfc0724b613bbad2b29e38f548044caa8fa5ece06aea1f7630b8b07f070b604/rootfs/oldroot/run;id=/;instance=cadvisor:8080;job=iot_service","2025-10-31T10:28:09Z","821776384"
"container_fs_limit_bytes","__name__=container_fs_limit_bytes;device=/var/lib/docker/rootfs/overlayfs/fdfc0724b613bbad2b29e38f548044caa8fa5ece06aea1f7630b8b07f070b604/rootfs/oldroot/run;id=/;instance=cadvisor:8080;job=iot_service","2025-10-31T10:28:24Z","821776384"
"container_fs_limit_bytes","__name__=container_fs_limit_bytes;device=/var/lib/docker/rootfs/overlayfs/fdfc0724b613bbad2b29e38f548044caa8fa5ece06aea1f7630b8b07f070b604/rootfs/oldroot/run;id=/;instance=cadvisor:8080;job=iot_service","2025-10-31T10:28:39Z","821776384"
"container_fs_limit_bytes","__name__=container_fs_limit_bytes;device=/var/lib/docker/rootfs/overlayfs/fdfc0724b613bbad2b29e38f548044caa8fa5ece06aea1f7630b8b07f070b604/rootfs/oldroot/run;id=/;instance=cadvisor:8080;job=iot_service","2025-10-31T10:28:54Z","821776384"
"container_fs_limit_bytes","__name__=container_fs_limit_bytes;device=/var/lib/docker/rootfs/overlayfs/fdfc0724b613bbad2b29e38f548044caa8fa5ece06aea1f7630b8b07f070b604/rootfs/oldroot/run;id=/;instance=cadvisor:8080;job=iot_service","2025-10-31T10:29:09Z","821776384"
"container_fs_limit_bytes","__name__=container_fs_limit_bytes;device=/var/lib/docker/rootfs/overlayfs/fdfc0724b613bbad2b29e38f548044caa8fa5ece06aea1f7630b8b07f070b604/rootfs/oldroot/run;id=/;instance=cadvisor:8080;job=iot_service","2025-10-31T10:29:24Z","821776384"
"container_fs_limit_bytes","__name__=container_fs_limit_bytes;device=/var/lib/docker/rootfs/overlayfs/fdfc0724b613bbad2b29e38f548044caa8fa5ece06aea1f7630b8b07f070b604/rootfs/oldroot/run;id=/;instance=cadvisor:8080;job=iot_service","2025-10-31T10:29:39Z","821776384"
"container_fs_limit_bytes","__name__=container_fs_limit_bytes;device=/var/lib/docker/rootfs/overlayfs/fdfc0724b613bbad2b29e38f548044caa8fa5ece06aea1f7630b8b07f070b604/rootfs/oldroot/run;id=/;instance=cadvisor:8080;job=iot_service","2025-10-31T10:29:54Z","821776384"
"container_fs_limit_bytes","__name__=container_fs_limit_bytes;device=/var/lib/docker/rootfs/overlayfs/fdfc0724b613bbad2b29e38f548044caa8fa5ece06aea1f7630b8b07f070b604/rootfs/oldroot/run;id=/;instance=cadvisor:8080;job=iot_service","2025-10-31T10:30:09Z","821776384"
"container_fs_limit_bytes","__name__=container_fs_limit_bytes;device=/var/lib/docker/rootfs/overlayfs/fdfc0724b613bbad2b29e38f548044caa8fa5ece06aea1f7630b8b07f070b604/rootfs/oldroot/run;id=/;instance=cadvisor:8080;job=iot_service","2025-10-31T10:30:24Z","821776384"
"container_fs_limit_bytes","__name__=container_fs_limit_bytes;device=/var/lib/docker/rootfs/overlayfs/fdfc0724b613bbad2b29e38f548044caa8fa5ece06aea1f7630b8b07f070b604/rootfs/oldroot/run;id=/;instance=cadvisor:8080;job=iot_service","2025-10-31T10:30:39Z","821776384"
"container_fs_limit_bytes","__name__=container_fs_limit_bytes;device=/var/lib/docker/rootfs/overlayfs/fdfc0724b613bbad2b29e38f548044caa8fa5ece06aea1f7630b8b07f070b604/rootfs/oldroot/run;id=/;instance=cadvisor:8080;job=iot_service","2025-10-31T10:30:54Z","821776384"
"container_fs_limit_bytes","__name__=container_fs_limit_bytes;device=/var/lib/docker/rootfs/overlayfs/fdfc0724b613bbad2b29e38f548044caa8fa5ece06aea1f7630b8b07f070b604/rootfs/oldroot/run;id=/;instance=cadvisor:8080;job=iot_service","2025-10-31T10:31:09Z","821776384"
"container_fs_limit_bytes","__name__=container_fs_limit_bytes;device=/var/lib/docker/rootfs/overlayfs/fdfc0724b613bbad2b29e38f548044caa8fa5ece06aea1f7630b8b07f070b604/rootfs/run;id=/;instance=cadvisor:8080;job=iot_service","2025-10-31T10:16:09Z","821776384"
"container_fs_limit_bytes","__name__=container_fs_limit_bytes;device=/var/lib/docker/rootfs/overlayfs/fdfc0724b613bbad2b29e38f548044caa8fa5ece06aea1f7630b8b07f070b604/rootfs/run;id=/;instance=cadvisor:8080;job=iot_service","2025-10-31T10:16:24Z","821776384"
"container_fs_limit_bytes","__name__=container_fs_limit_bytes;device=/var/lib/docker/rootfs/overlayfs/fdfc0724b613bbad2b29e38f548044caa8fa5ece06aea1f7630b8b07f070b604/rootfs/run;id=/;instance=cadvisor:8080;job=iot_service","2025-10-31T10:16:39Z","821776384"
"container_fs_limit_bytes","__name__=container_fs_limit_bytes;device=/var/lib/docker/rootfs/overlayfs/fdfc0724b613bbad2b29e38f548044caa8fa5ece06aea1f7630b8b07f070b604/rootfs/run;id=/;instance=cadvisor:8080;job=iot_service","2025-10-31T10:16:54Z","821776384"
"container_fs_limit_bytes","__name__=container_fs_limit_bytes;device=/var/lib/docker/rootfs/overlayfs/fdfc0724b613bbad2b29e38f548044caa8fa5ece06aea1f7630b8b07f070b604/rootfs/run;id=/;instance=cadvisor:8080;job=iot_service","2025-10-31T10:17:09Z","821776384"
"container_fs_limit_bytes","__name__=container_fs_limit_bytes;device=/var/lib/docker/rootfs/overlayfs/fdfc0724b613bbad2b29e38f548044caa8fa5ece06aea1f7630b8b07f070b604/rootfs/run;id=/;instance=cadvisor:8080;job=iot_service","2025-10-31T10:17:24Z","821776384"
"container_fs_limit_bytes","__name__=container_fs_limit_bytes;device=/var/lib/docker/rootfs/overlayfs/fdfc0724b613bbad2b29e38f548044caa8fa5ece06aea1f7630b8b07f070b604/rootfs/run;id=/;instance=cadvisor:8080;job=iot_service","2025-10-31T10:17:39Z","821776384"
"container_fs_limit_bytes","__name__=container_fs_limit_bytes;device=/var/lib/docker/rootfs/overlayfs/fdfc0724b613bbad2b29e38f548044caa8fa5ece06aea1f7630b8b07f070b604/rootfs/run;id=/;instance=cadvisor:8080;job=iot_service","2025-10-31T10:17:54Z","821776384"
"container_fs_limit_bytes","__name__=container_fs_limit_bytes;device=/var/lib/docker/rootfs/overlayfs/fdfc0724b613bbad2b29e38f548044caa8fa5ece06aea1f7630b8b07f070b604/rootfs/run;id=/;instance=cadvisor:8080;job=iot_service","2025-10-31T10:18:09Z","821776384"
"container_fs_limit_bytes","__name__=container_fs_limit_bytes;device=/var/lib/docker/rootfs/overlayfs/fdfc0724b613bbad2b29e38f548044caa8fa5ece06aea1f7630b8b07f070b604/rootfs/run;id=/;instance=cadvisor:8080;job=iot_service","2025-10-31T10:18:24Z","821776384"
"container_fs_limit_bytes","__name__=container_fs_limit_bytes;device=/var/lib/docker/rootfs/overlayfs/fdfc0724b613bbad2b29e38f548044caa8fa5ece06aea1f7630b8b07f070b604/rootfs/run;id=/;instance=cadvisor:8080;job=iot_service","2025-10-31T10:18:39Z","821776384"
"container_fs_limit_bytes","__name__=container_fs_limit_bytes;device=/var/lib/docker/rootfs/overlayfs/fdfc0724b613bbad2b29e38f548044caa8fa5ece06aea1f7630b8b07f070b604/rootfs/run;id=/;instance=cadvisor:8080;job=iot_service","2025-10-31T10:18:54Z","821776384"
"container_fs_limit_bytes","__name__=container_fs_limit_bytes;device=/var/lib/docker/rootfs/overlayfs/fdfc0724b613bbad2b29e38f548044caa8fa5ece06aea1f7630b8b07f070b604/rootfs/run;id=/;instance=cadvisor:8080;job=iot_service","2025-10-31T10:19:09Z","821776384"
"container_fs_limit_bytes","__name__=container_fs_limit_bytes;device=/var/lib/docker/rootfs/overlayfs/fdfc0724b613bbad2b29e38f548044caa8fa5ece06aea1f7630b8b07f070b604/rootfs/run;id=/;instance=cadvisor:8080;job=iot_service","2025-10-31T10:19:24Z","821776384"
"container_fs_limit_bytes","__name__=container_fs_limit_bytes;device=/var/lib/docker/rootfs/overlayfs/fdfc0724b613bbad2b29e38f548044caa8fa5ece06aea1f7630b8b07f070b604/rootfs/run;id=/;instance=cadvisor:8080;job=iot_service","2025-10-31T10:19:39Z","821776384"
"container_fs_limit_bytes","__name__=container_fs_limit_bytes;device=/var/lib/docker/rootfs/overlayfs/fdfc0724b613bbad2b29e38f548044caa8fa5ece06aea1f7630b8b07f070b604/rootfs/run;id=/;instance=cadvisor:8080;job=iot_service","2025-10-31T10:19:54Z","821776384"
"container_fs_limit_bytes","__name__=container_fs_limit_bytes;device=/var/lib/docker/rootfs/overlayfs/fdfc0724b613bbad2b29e38f548044caa8fa5ece06aea1f7630b8b07f070b604/rootfs/run;id=/;instance=cadvisor:8080;job=iot_service","2025-10-31T10:20:09Z","821776384"
"container_fs_limit_bytes","__name__=container_fs_limit_bytes;device=/var/lib/docker/rootfs/overlayfs/fdfc0724b613bbad2b29e38f548044caa8fa5ece06aea1f7630b8b07f070b604/rootfs/run;id=/;instance=cadvisor:8080;job=iot_service","2025-10-31T10:20:24Z","821776384"
"container_fs_limit_bytes","__name__=container_fs_limit_bytes;device=/var/lib/docker/rootfs/overlayfs/fdfc0724b613bbad2b29e38f548044caa8fa5ece06aea1f7630b8b07f070b604/rootfs/run;id=/;instance=cadvisor:8080;job=iot_service","2025-10-31T10:20:39Z","821776384"
"container_fs_limit_bytes","__name__=container_fs_limit_bytes;device=/var/lib/docker/rootfs/overlayfs/fdfc0724b613bbad2b29e38f548044caa8fa5ece06aea1f7630b8b07f070b604/rootfs/run;id=/;instance=cadvisor:8080;job=iot_service","2025-10-31T10:20:54Z","821776384"
"container_fs_limit_bytes","__name__=container_fs_limit_bytes;device=/var/lib/docker/rootfs/overlayfs/fdfc0724b613bbad2b29e38f548044caa8fa5ece06aea1f7630b8b07f070b604/rootfs/run;id=/;instance=cadvisor:8080;job=iot_service","2025-10-31T10:21:09Z","821776384"
"container_fs_limit_bytes","__name__=container_fs_limit_bytes;device=/var/lib/docker/rootfs/overlayfs/fdfc0724b613bbad2b29e38f548044caa8fa5ece06aea1f7630b8b07f070b604/rootfs/run;id=/;instance=cadvisor:8080;job=iot_service","2025-10-31T10:21:24Z","821776384"
"container_fs_limit_bytes","__name__=container_fs_limit_bytes;device=/var/lib/docker/rootfs/overlayfs/fdfc0724b613bbad2b29e38f548044caa8fa5ece06aea1f7630b8b07f070b604/rootfs/run;id=/;instance=cadvisor:8080;job=iot_service","2025-10-31T10:21:39Z","821776384"
"container_fs_limit_bytes","__name__=container_fs_limit_bytes;device=/var/lib/docker/rootfs/overlayfs/fdfc0724b613bbad2b29e38f548044caa8fa5ece06aea1f7630b8b07f070b604/rootfs/run;id=/;instance=cadvisor:8080;job=iot_service","2025-10-31T10:21:54Z","821776384"
"container_fs_limit_bytes","__name__=container_fs_limit_bytes;device=/var/lib/docker/rootfs/overlayfs/fdfc0724b613bbad2b29e38f548044caa8fa5ece06aea1f7630b8b07f070b604/rootfs/run;id=/;instance=cadvisor:8080;job=iot_service","2025-10-31T10:22:09Z","821776384"
"container_fs_limit_bytes","__name__=container_fs_limit_bytes;device=/var/lib/docker/rootfs/overlayfs/fdfc0724b613bbad2b29e38f548044caa8fa5ece06aea1f7630b8b07f070b604/rootfs/run;id=/;instance=cadvisor:8080;job=iot_service","2025-10-31T10:22:24Z","821776384"
"container_fs_limit_bytes","__name__=container_fs_limit_bytes;device=/var/lib/docker/rootfs/overlayfs/fdfc0724b613bbad2b29e38f548044caa8fa5ece06aea1f7630b8b07f070b604/rootfs/run;id=/;instance=cadvisor:8080;job=iot_service","2025-10-31T10:22:39Z","821776384"
"container_fs_limit_bytes","__name__=container_fs_limit_bytes;device=/var/lib/docker/rootfs/overlayfs/fdfc0724b613bbad2b29e38f548044caa8fa5ece06aea1f7630b8b07f070b604/rootfs/run;id=/;instance=cadvisor:8080;job=iot_service","2025-10-31T10:22:54Z","821776384"
"container_fs_limit_bytes","__name__=container_fs_limit_bytes;device=/var/lib/docker/rootfs/overlayfs/fdfc0724b613bbad2b29e38f548044caa8fa5ece06aea1f7630b8b07f070b604/rootfs/run;id=/;instance=cadvisor:8080;job=iot_service","2025-10-31T10:23:09Z","821776384"
"container_fs_limit_bytes","__name__=container_fs_limit_bytes;device=/var/lib/docker/rootfs/overlayfs/fdfc0724b613bbad2b29e38f548044caa8fa5ece06aea1f7630b8b07f070b604/rootfs/run;id=/;instance=cadvisor:8080;job=iot_service","2025-10-31T10:23:24Z","821776384"
"container_fs_limit_bytes","__name__=container_fs_limit_bytes;device=/var/lib/docker/rootfs/overlayfs/fdfc0724b613bbad2b29e38f548044caa8fa5ece06aea1f7630b8b07f070b604/rootfs/run;id=/;instance=cadvisor:8080;job=iot_service","2025-10-31T10:23:39Z","821776384"
"container_fs_limit_bytes","__name__=container_fs_limit_bytes;device=/var/lib/docker/rootfs/overlayfs/fdfc0724b613bbad2b29e38f548044caa8fa5ece06aea1f7630b8b07f070b604/rootfs/run;id=/;instance=cadvisor:8080;job=iot_service","2025-10-31T10:23:54Z","821776384"
"container_fs_limit_bytes","__name__=container_fs_limit_bytes;device=/var/lib/docker/rootfs/overlayfs/fdfc0724b613bbad2b29e38f548044caa8fa5ece06aea1f7630b8b07f070b604/rootfs/run;id=/;instance=cadvisor:8080;job=iot_service","2025-10-31T10:24:09Z","821776384"
"container_fs_limit_bytes","__name__=container_fs_limit_bytes;device=/var/lib/docker/rootfs/overlayfs/fdfc0724b613bbad2b29e38f548044caa8fa5ece06aea1f7630b8b07f070b604/rootfs/run;id=/;instance=cadvisor:8080;job=iot_service","2025-10-31T10:24:24Z","821776384"
"container_fs_limit_bytes","__name__=container_fs_limit_bytes;device=/var/lib/docker/rootfs/overlayfs/fdfc0724b613bbad2b29e38f548044caa8fa5ece06aea1f7630b8b07f070b604/rootfs/run;id=/;instance=cadvisor:8080;job=iot_service","2025-10-31T10:24:39Z","821776384"
"container_fs_limit_bytes","__name__=container_fs_limit_bytes;device=/var/lib/docker/rootfs/overlayfs/fdfc0724b613bbad2b29e38f548044caa8fa5ece06aea1f7630b8b07f070b604/rootfs/run;id=/;instance=cadvisor:8080;job=iot_service","2025-10-31T10:24:54Z","821776384"
"container_fs_limit_bytes","__name__=container_fs_limit_bytes;device=/var/lib/docker/rootfs/overlayfs/fdfc0724b613bbad2b29e38f548044caa8fa5ece06aea1f7630b8b07f070b604/rootfs/run;id=/;instance=cadvisor:8080;job=iot_service","2025-10-31T10:25:09Z","821776384"
"container_fs_limit_bytes","__name__=container_fs_limit_bytes;device=/var/lib/docker/rootfs/overlayfs/fdfc0724b613bbad2b29e38f548044caa8fa5ece06aea1f7630b8b07f070b604/rootfs/run;id=/;instance=cadvisor:8080;job=iot_service","2025-10-31T10:25:24Z","821776384"
"container_fs_limit_bytes","__name__=container_fs_limit_bytes;device=/var/lib/docker/rootfs/overlayfs/fdfc0724b613bbad2b29e38f548044caa8fa5ece06aea1f7630b8b07f070b604/rootfs/run;id=/;instance=cadvisor:8080;job=iot_service","2025-10-31T10:25:39Z","821776384"
"container_fs_limit_bytes","__name__=container_fs_limit_bytes;device=/var/lib/docker/rootfs/overlayfs/fdfc0724b613bbad2b29e38f548044caa8fa5ece06aea1f7630b8b07f070b604/rootfs/run;id=/;instance=cadvisor:8080;job=iot_service","2025-10-31T10:25:54Z","821776384"
"container_fs_limit_bytes","__name__=container_fs_limit_bytes;device=/var/lib/docker/rootfs/overlayfs/fdfc0724b613bbad2b29e38f548044caa8fa5ece06aea1f7630b8b07f070b604/rootfs/run;id=/;instance=cadvisor:8080;job=iot_service","2025-10-31T10:26:09Z","821776384"
"container_fs_limit_bytes","__name__=container_fs_limit_bytes;device=/var/lib/docker/rootfs/overlayfs/fdfc0724b613bbad2b29e38f548044caa8fa5ece06aea1f7630b8b07f070b604/rootfs/run;id=/;instance=cadvisor:8080;job=iot_service","2025-10-31T10:26:24Z","821776384"
"container_fs_limit_bytes","__name__=container_fs_limit_bytes;device=/var/lib/docker/rootfs/overlayfs/fdfc0724b613bbad2b29e38f548044caa8fa5ece06aea1f7630b8b07f070b604/rootfs/run;id=/;instance=cadvisor:8080;job=iot_service","2025-10-31T10:26:39Z","821776384"
"container_fs_limit_bytes","__name__=container_fs_limit_bytes;device=/var/lib/docker/rootfs/overlayfs/fdfc0724b613bbad2b29e38f548044caa8fa5ece06aea1f7630b8b07f070b604/rootfs/run;id=/;instance=cadvisor:8080;job=iot_service","2025-10-31T10:26:54Z","821776384"
"container_fs_limit_bytes","__name__=container_fs_limit_bytes;device=/var/lib/docker/rootfs/overlayfs/fdfc0724b613bbad2b29e38f548044caa8fa5ece06aea1f7630b8b07f070b604/rootfs/run;id=/;instance=cadvisor:8080;job=iot_service","2025-10-31T10:27:09Z","821776384"
"container_fs_limit_bytes","__name__=container_fs_limit_bytes;device=/var/lib/docker/rootfs/overlayfs/fdfc0724b613bbad2b29e38f548044caa8fa5ece06aea1f7630b8b07f070b604/rootfs/run;id=/;instance=cadvisor:8080;job=iot_service","2025-10-31T10:27:24Z","821776384"
"container_fs_limit_bytes","__name__=container_fs_limit_bytes;device=/var/lib/docker/rootfs/overlayfs/fdfc0724b613bbad2b29e38f548044caa8fa5ece06aea1f7630b8b07f070b604/rootfs/run;id=/;instance=cadvisor:8080;job=iot_service","2025-10-31T10:27:39Z","821776384"
"container_fs_limit_bytes","__name__=container_fs_limit_bytes;device=/var/lib/docker/rootfs/overlayfs/fdfc0724b613bbad2b29e38f548044caa8fa5ece06aea1f7630b8b07f070b604/rootfs/run;id=/;instance=cadvisor:8080;job=iot_service","2025-10-31T10:27:54Z","821776384"
"container_fs_limit_bytes","__name__=container_fs_limit_bytes;device=/var/lib/docker/rootfs/overlayfs/fdfc0724b613bbad2b29e38f548044caa8fa5ece06aea1f7630b8b07f070b604/rootfs/run;id=/;instance=cadvisor:8080;job=iot_service","2025-10-31T10:28:09Z","821776384"
"container_fs_limit_bytes","__name__=container_fs_limit_bytes;device=/var/lib/docker/rootfs/overlayfs/fdfc0724b613bbad2b29e38f548044caa8fa5ece06aea1f7630b8b07f070b604/rootfs/run;id=/;instance=cadvisor:8080;job=iot_service","2025-10-31T10:28:24Z","821776384"
"container_fs_limit_bytes","__name__=container_fs_limit_bytes;device=/var/lib/docker/rootfs/overlayfs/fdfc0724b613bbad2b29e38f548044caa8fa5ece06aea1f7630b8b07f070b604/rootfs/run;id=/;instance=cadvisor:8080;job=iot_service","2025-10-31T10:28:39Z","821776384"
"container_fs_limit_bytes","__name__=container_fs_limit_bytes;device=/var/lib/docker/rootfs/overlayfs/fdfc0724b613bbad2b29e38f548044caa8fa5ece06aea1f7630b8b07f070b604/rootfs/run;id=/;instance=cadvisor:8080;job=iot_service","2025-10-31T10:28:54Z","821776384"
"container_fs_limit_bytes","__name__=container_fs_limit_bytes;device=/var/lib/docker/rootfs/overlayfs/fdfc0724b613bbad2b29e38f548044caa8fa5ece06aea1f7630b8b07f070b604/rootfs/run;id=/;instance=cadvisor:8080;job=iot_service","2025-10-31T10:29:09Z","821776384"
"container_fs_limit_bytes","__name__=container_fs_limit_bytes;device=/var/lib/docker/rootfs/overlayfs/fdfc0724b613bbad2b29e38f548044caa8fa5ece06aea1f7630b8b07f070b604/rootfs/run;id=/;instance=cadvisor:8080;job=iot_service","2025-10-31T10:29:24Z","821776384"
"container_fs_limit_bytes","__name__=container_fs_limit_bytes;device=/var/lib/docker/rootfs/overlayfs/fdfc0724b613bbad2b29e38f548044caa8fa5ece06aea1f7630b8b07f070b604/rootfs/run;id=/;instance=cadvisor:8080;job=iot_service","2025-10-31T10:29:39Z","821776384"
"container_fs_limit_bytes","__name__=container_fs_limit_bytes;device=/var/lib/docker/rootfs/overlayfs/fdfc0724b613bbad2b29e38f548044caa8fa5ece06aea1f7630b8b07f070b604/rootfs/run;id=/;instance=cadvisor:8080;job=iot_service","2025-10-31T10:29:54Z","821776384"
"container_fs_limit_bytes","__name__=container_fs_limit_bytes;device=/var/lib/docker/rootfs/overlayfs/fdfc0724b613bbad2b29e38f548044caa8fa5ece06aea1f7630b8b07f070b604/rootfs/run;id=/;instance=cadvisor:8080;job=iot_service","2025-10-31T10:30:09Z","821776384"
"container_fs_limit_bytes","__name__=container_fs_limit_bytes;device=/var/lib/docker/rootfs/overlayfs/fdfc0724b613bbad2b29e38f548044caa8fa5ece06aea1f7630b8b07f070b604/rootfs/run;id=/;instance=cadvisor:8080;job=iot_service","2025-10-31T10:30:24Z","821776384"
"container_fs_limit_bytes","__name__=container_fs_limit_bytes;device=/var/lib/docker/rootfs/overlayfs/fdfc0724b613bbad2b29e38f548044caa8fa5ece06aea1f7630b8b07f070b604/rootfs/run;id=/;instance=cadvisor:8080;job=iot_service","2025-10-31T10:30:39Z","821776384"
"container_fs_limit_bytes","__name__=container_fs_limit_bytes;device=/var/lib/docker/rootfs/overlayfs/fdfc0724b613bbad2b29e38f548044caa8fa5ece06aea1f7630b8b07f070b604/rootfs/run;id=/;instance=cadvisor:8080;job=iot_service","2025-10-31T10:30:54Z","821776384"
"container_fs_limit_bytes","__name__=container_fs_limit_bytes;device=/var/lib/docker/rootfs/overlayfs/fdfc0724b613bbad2b29e38f548044caa8fa5ece06aea1f7630b8b07f070b604/rootfs/run;id=/;instance=cadvisor:8080;job=iot_service","2025-10-31T10:31:09Z","821776384"
"container_fs_limit_bytes","__name__=container_fs_limit_bytes;device=/var/lib/docker/rootfs/overlayfs/fdfc0724b613bbad2b29e38f548044caa8fa5ece06aea1f7630b8b07f070b604/rootfs/tmp;id=/;instance=cadvisor:8080;job=iot_service","2025-10-31T10:16:09Z","821776384"
"container_fs_limit_bytes","__name__=container_fs_limit_bytes;device=/var/lib/docker/rootfs/overlayfs/fdfc0724b613bbad2b29e38f548044caa8fa5ece06aea1f7630b8b07f070b604/rootfs/tmp;id=/;instance=cadvisor:8080;job=iot_service","2025-10-31T10:16:24Z","821776384"
"container_fs_limit_bytes","__name__=container_fs_limit_bytes;device=/var/lib/docker/rootfs/overlayfs/fdfc0724b613bbad2b29e38f548044caa8fa5ece06aea1f7630b8b07f070b604/rootfs/tmp;id=/;instance=cadvisor:8080;job=iot_service","2025-10-31T10:16:39Z","821776384"
"container_fs_limit_bytes","__name__=container_fs_limit_bytes;device=/var/lib/docker/rootfs/overlayfs/fdfc0724b613bbad2b29e38f548044caa8fa5ece06aea1f7630b8b07f070b604/rootfs/tmp;id=/;instance=cadvisor:8080;job=iot_service","2025-10-31T10:16:54Z","821776384"
"container_fs_limit_bytes","__name__=container_fs_limit_bytes;device=/var/lib/docker/rootfs/overlayfs/fdfc0724b613bbad2b29e38f548044caa8fa5ece06aea1f7630b8b07f070b604/rootfs/tmp;id=/;instance=cadvisor:8080;job=iot_service","2025-10-31T10:17:09Z","821776384"
"container_fs_limit_bytes","__name__=container_fs_limit_bytes;device=/var/lib/docker/rootfs/overlayfs/fdfc0724b613bbad2b29e38f548044caa8fa5ece06aea1f7630b8b07f070b604/rootfs/tmp;id=/;instance=cadvisor:8080;job=iot_service","2025-10-31T10:17:24Z","821776384"
"container_fs_limit_bytes","__name__=container_fs_limit_bytes;device=/var/lib/docker/rootfs/overlayfs/fdfc0724b613bbad2b29e38f548044caa8fa5ece06aea1f7630b8b07f070b604/rootfs/tmp;id=/;instance=cadvisor:8080;job=iot_service","2025-10-31T10:17:39Z","821776384"
"container_fs_limit_bytes","__name__=container_fs_limit_bytes;device=/var/lib/docker/rootfs/overlayfs/fdfc0724b613bbad2b29e38f548044caa8fa5ece06aea1f7630b8b07f070b604/rootfs/tmp;id=/;instance=cadvisor:8080;job=iot_service","2025-10-31T10:17:54Z","821776384"
"container_fs_limit_bytes","__name__=container_fs_limit_bytes;device=/var/lib/docker/rootfs/overlayfs/fdfc0724b613bbad2b29e38f548044caa8fa5ece06aea1f7630b8b07f070b604/rootfs/tmp;id=/;instance=cadvisor:8080;job=iot_service","2025-10-31T10:18:09Z","821776384"
"container_fs_limit_bytes","__name__=container_fs_limit_bytes;device=/var/lib/docker/rootfs/overlayfs/fdfc0724b613bbad2b29e38f548044caa8fa5ece06aea1f7630b8b07f070b604/rootfs/tmp;id=/;instance=cadvisor:8080;job=iot_service","2025-10-31T10:18:24Z","821776384"
"container_fs_limit_bytes","__name__=container_fs_limit_bytes;device=/var/lib/docker/rootfs/overlayfs/fdfc0724b613bbad2b29e38f548044caa8fa5ece06aea1f7630b8b07f070b604/rootfs/tmp;id=/;instance=cadvisor:8080;job=iot_service","2025-10-31T10:18:39Z","821776384"
"container_fs_limit_bytes","__name__=container_fs_limit_bytes;device=/var/lib/docker/rootfs/overlayfs/fdfc0724b613bbad2b29e38f548044caa8fa5ece06aea1f7630b8b07f070b604/rootfs/tmp;id=/;instance=cadvisor:8080;job=iot_service","2025-10-31T10:18:54Z","821776384"
"container_fs_limit_bytes","__name__=container_fs_limit_bytes;device=/var/lib/docker/rootfs/overlayfs/fdfc0724b613bbad2b29e38f548044caa8fa5ece06aea1f7630b8b07f070b604/rootfs/tmp;id=/;instance=cadvisor:8080;job=iot_service","2025-10-31T10:19:09Z","821776384"
"container_fs_limit_bytes","__name__=container_fs_limit_bytes;device=/var/lib/docker/rootfs/overlayfs/fdfc0724b613bbad2b29e38f548044caa8fa5ece06aea1f7630b8b07f070b604/rootfs/tmp;id=/;instance=cadvisor:8080;job=iot_service","2025-10-31T10:19:24Z","821776384"
"container_fs_limit_bytes","__name__=container_fs_limit_bytes;device=/var/lib/docker/rootfs/overlayfs/fdfc0724b613bbad2b29e38f548044caa8fa5ece06aea1f7630b8b07f070b604/rootfs/tmp;id=/;instance=cadvisor:8080;job=iot_service","2025-10-31T10:19:39Z","821776384"
"container_fs_limit_bytes","__name__=container_fs_limit_bytes;device=/var/lib/docker/rootfs/overlayfs/fdfc0724b613bbad2b29e38f548044caa8fa5ece06aea1f7630b8b07f070b604/rootfs/tmp;id=/;instance=cadvisor:8080;job=iot_service","2025-10-31T10:19:54Z","821776384"
"container_fs_limit_bytes","__name__=container_fs_limit_bytes;device=/var/lib/docker/rootfs/overlayfs/fdfc0724b613bbad2b29e38f548044caa8fa5ece06aea1f7630b8b07f070b604/rootfs/tmp;id=/;instance=cadvisor:8080;job=iot_service","2025-10-31T10:20:09Z","821776384"
"container_fs_limit_bytes","__name__=container_fs_limit_bytes;device=/var/lib/docker/rootfs/overlayfs/fdfc0724b613bbad2b29e38f548044caa8fa5ece06aea1f7630b8b07f070b604/rootfs/tmp;id=/;instance=cadvisor:8080;job=iot_service","2025-10-31T10:20:24Z","821776384"
"container_fs_limit_bytes","__name__=container_fs_limit_bytes;device=/var/lib/docker/rootfs/overlayfs/fdfc0724b613bbad2b29e38f548044caa8fa5ece06aea1f7630b8b07f070b604/rootfs/tmp;id=/;instance=cadvisor:8080;job=iot_service","2025-10-31T10:20:39Z","821776384"
"container_fs_limit_bytes","__name__=container_fs_limit_bytes;device=/var/lib/docker/rootfs/overlayfs/fdfc0724b613bbad2b29e38f548044caa8fa5ece06aea1f7630b8b07f070b604/rootfs/tmp;id=/;instance=cadvisor:8080;job=iot_service","2025-10-31T10:20:54Z","821776384"
"container_fs_limit_bytes","__name__=container_fs_limit_bytes;device=/var/lib/docker/rootfs/overlayfs/fdfc0724b613bbad2b29e38f548044caa8fa5ece06aea1f7630b8b07f070b604/rootfs/tmp;id=/;instance=cadvisor:8080;job=iot_service","2025-10-31T10:21:09Z","821776384"
"container_fs_limit_bytes","__name__=container_fs_limit_bytes;device=/var/lib/docker/rootfs/overlayfs/fdfc0724b613bbad2b29e38f548044caa8fa5ece06aea1f7630b8b07f070b604/rootfs/tmp;id=/;instance=cadvisor:8080;job=iot_service","2025-10-31T10:21:24Z","821776384"
"container_fs_limit_bytes","__name__=container_fs_limit_bytes;device=/var/lib/docker/rootfs/overlayfs/fdfc0724b613bbad2b29e38f548044caa8fa5ece06aea1f7630b8b07f070b604/rootfs/tmp;id=/;instance=cadvisor:8080;job=iot_service","2025-10-31T10:21:39Z","821776384"
"container_fs_limit_bytes","__name__=container_fs_limit_bytes;device=/var/lib/docker/rootfs/overlayfs/fdfc0724b613bbad2b29e38f548044caa8fa5ece06aea1f7630b8b07f070b604/rootfs/tmp;id=/;instance=cadvisor:8080;job=iot_service","2025-10-31T10:21:54Z","821776384"
"container_fs_limit_bytes","__name__=container_fs_limit_bytes;device=/var/lib/docker/rootfs/overlayfs/fdfc0724b613bbad2b29e38f548044caa8fa5ece06aea1f7630b8b07f070b604/rootfs/tmp;id=/;instance=cadvisor:8080;job=iot_service","2025-10-31T10:22:09Z","821776384"
"container_fs_limit_bytes","__name__=container_fs_limit_bytes;device=/var/lib/docker/rootfs/overlayfs/fdfc0724b613bbad2b29e38f548044caa8fa5ece06aea1f7630b8b07f070b604/rootfs/tmp;id=/;instance=cadvisor:8080;job=iot_service","2025-10-31T10:22:24Z","821776384"
"container_fs_limit_bytes","__name__=container_fs_limit_bytes;device=/var/lib/docker/rootfs/overlayfs/fdfc0724b613bbad2b29e38f548044caa8fa5ece06aea1f7630b8b07f070b604/rootfs/tmp;id=/;instance=cadvisor:8080;job=iot_service","2025-10-31T10:22:39Z","821776384"
"container_fs_limit_bytes","__name__=container_fs_limit_bytes;device=/var/lib/docker/rootfs/overlayfs/fdfc0724b613bbad2b29e38f548044caa8fa5ece06aea1f7630b8b07f070b604/rootfs/tmp;id=/;instance=cadvisor:8080;job=iot_service","2025-10-31T10:22:54Z","821776384"
"container_fs_limit_bytes","__name__=container_fs_limit_bytes;device=/var/lib/docker/rootfs/overlayfs/fdfc0724b613bbad2b29e38f548044caa8fa5ece06aea1f7630b8b07f070b604/rootfs/tmp;id=/;instance=cadvisor:8080;job=iot_service","2025-10-31T10:23:09Z","821776384"
"container_fs_limit_bytes","__name__=container_fs_limit_bytes;device=/var/lib/docker/rootfs/overlayfs/fdfc0724b613bbad2b29e38f548044caa8fa5ece06aea1f7630b8b07f070b604/rootfs/tmp;id=/;instance=cadvisor:8080;job=iot_service","2025-10-31T10:23:24Z","821776384"
"container_fs_limit_bytes","__name__=container_fs_limit_bytes;device=/var/lib/docker/rootfs/overlayfs/fdfc0724b613bbad2b29e38f548044caa8fa5ece06aea1f7630b8b07f070b604/rootfs/tmp;id=/;instance=cadvisor:8080;job=iot_service","2025-10-31T10:23:39Z","821776384"
"container_fs_limit_bytes","__name__=container_fs_limit_bytes;device=/var/lib/docker/rootfs/overlayfs/fdfc0724b613bbad2b29e38f548044caa8fa5ece06aea1f7630b8b07f070b604/rootfs/tmp;id=/;instance=cadvisor:8080;job=iot_service","2025-10-31T10:23:54Z","821776384"
"container_fs_limit_bytes","__name__=container_fs_limit_bytes;device=/var/lib/docker/rootfs/overlayfs/fdfc0724b613bbad2b29e38f548044caa8fa5ece06aea1f7630b8b07f070b604/rootfs/tmp;id=/;instance=cadvisor:8080;job=iot_service","2025-10-31T10:24:09Z","821776384"
"container_fs_limit_bytes","__name__=container_fs_limit_bytes;device=/var/lib/docker/rootfs/overlayfs/fdfc0724b613bbad2b29e38f548044caa8fa5ece06aea1f7630b8b07f070b604/rootfs/tmp;id=/;instance=cadvisor:8080;job=iot_service","2025-10-31T10:24:24Z","821776384"
"container_fs_limit_bytes","__name__=container_fs_limit_bytes;device=/var/lib/docker/rootfs/overlayfs/fdfc0724b613bbad2b29e38f548044caa8fa5ece06aea1f7630b8b07f070b604/rootfs/tmp;id=/;instance=cadvisor:8080;job=iot_service","2025-10-31T10:24:39Z","821776384"
"container_fs_limit_bytes","__name__=container_fs_limit_bytes;device=/var/lib/docker/rootfs/overlayfs/fdfc0724b613bbad2b29e38f548044caa8fa5ece06aea1f7630b8b07f070b604/rootfs/tmp;id=/;instance=cadvisor:8080;job=iot_service","2025-10-31T10:24:54Z","821776384"
"container_fs_limit_bytes","__name__=container_fs_limit_bytes;device=/var/lib/docker/rootfs/overlayfs/fdfc0724b613bbad2b29e38f548044caa8fa5ece06aea1f7630b8b07f070b604/rootfs/tmp;id=/;instance=cadvisor:8080;job=iot_service","2025-10-31T10:25:09Z","821776384"
"container_fs_limit_bytes","__name__=container_fs_limit_bytes;device=/var/lib/docker/rootfs/overlayfs/fdfc0724b613bbad2b29e38f548044caa8fa5ece06aea1f7630b8b07f070b604/rootfs/tmp;id=/;instance=cadvisor:8080;job=iot_service","2025-10-31T10:25:24Z","821776384"
"container_fs_limit_bytes","__name__=container_fs_limit_bytes;device=/var/lib/docker/rootfs/overlayfs/fdfc0724b613bbad2b29e38f548044caa8fa5ece06aea1f7630b8b07f070b604/rootfs/tmp;id=/;instance=cadvisor:8080;job=iot_service","2025-10-31T10:25:39Z","821776384"
"container_fs_limit_bytes","__name__=container_fs_limit_bytes;device=/var/lib/docker/rootfs/overlayfs/fdfc0724b613bbad2b29e38f548044caa8fa5ece06aea1f7630b8b07f070b604/rootfs/tmp;id=/;instance=cadvisor:8080;job=iot_service","2025-10-31T10:25:54Z","821776384"
"container_fs_limit_bytes","__name__=container_fs_limit_bytes;device=/var/lib/docker/rootfs/overlayfs/fdfc0724b613bbad2b29e38f548044caa8fa5ece06aea1f7630b8b07f070b604/rootfs/tmp;id=/;instance=cadvisor:8080;job=iot_service","2025-10-31T10:26:09Z","821776384"
"container_fs_limit_bytes","__name__=container_fs_limit_bytes;device=/var/lib/docker/rootfs/overlayfs/fdfc0724b613bbad2b29e38f548044caa8fa5ece06aea1f7630b8b07f070b604/rootfs/tmp;id=/;instance=cadvisor:8080;job=iot_service","2025-10-31T10:26:24Z","821776384"
"container_fs_limit_bytes","__name__=container_fs_limit_bytes;device=/var/lib/docker/rootfs/overlayfs/fdfc0724b613bbad2b29e38f548044caa8fa5ece06aea1f7630b8b07f070b604/rootfs/tmp;id=/;instance=cadvisor:8080;job=iot_service","2025-10-31T10:26:39Z","821776384"
"container_fs_limit_bytes","__name__=container_fs_limit_bytes;device=/var/lib/docker/rootfs/overlayfs/fdfc0724b613bbad2b29e38f548044caa8fa5ece06aea1f7630b8b07f070b604/rootfs/tmp;id=/;instance=cadvisor:8080;job=iot_service","2025-10-31T10:26:54Z","821776384"
"container_fs_limit_bytes","__name__=container_fs_limit_bytes;device=/var/lib/docker/rootfs/overlayfs/fdfc0724b613bbad2b29e38f548044caa8fa5ece06aea1f7630b8b07f070b604/rootfs/tmp;id=/;instance=cadvisor:8080;job=iot_service","2025-10-31T10:27:09Z","821776384"
"container_fs_limit_bytes","__name__=container_fs_limit_bytes;device=/var/lib/docker/rootfs/overlayfs/fdfc0724b613bbad2b29e38f548044caa8fa5ece06aea1f7630b8b07f070b604/rootfs/tmp;id=/;instance=cadvisor:8080;job=iot_service","2025-10-31T10:27:24Z","821776384"
"container_fs_limit_bytes","__name__=container_fs_limit_bytes;device=/var/lib/docker/rootfs/overlayfs/fdfc0724b613bbad2b29e38f548044caa8fa5ece06aea1f7630b8b07f070b604/rootfs/tmp;id=/;instance=cadvisor:8080;job=iot_service","2025-10-31T10:27:39Z","821776384"
"container_fs_limit_bytes","__name__=container_fs_limit_bytes;device=/var/lib/docker/rootfs/overlayfs/fdfc0724b613bbad2b29e38f548044caa8fa5ece06aea1f7630b8b07f070b604/rootfs/tmp;id=/;instance=cadvisor:8080;job=iot_service","2025-10-31T10:27:54Z","821776384"
"container_fs_limit_bytes","__name__=container_fs_limit_bytes;device=/var/lib/docker/rootfs/overlayfs/fdfc0724b613bbad2b29e38f548044caa8fa5ece06aea1f7630b8b07f070b604/rootfs/tmp;id=/;instance=cadvisor:8080;job=iot_service","2025-10-31T10:28:09Z","821776384"
"container_fs_limit_bytes","__name__=container_fs_limit_bytes;device=/var/lib/docker/rootfs/overlayfs/fdfc0724b613bbad2b29e38f548044caa8fa5ece06aea1f7630b8b07f070b604/rootfs/tmp;id=/;instance=cadvisor:8080;job=iot_service","2025-10-31T10:28:24Z","821776384"
"container_fs_limit_bytes","__name__=container_fs_limit_bytes;device=/var/lib/docker/rootfs/overlayfs/fdfc0724b613bbad2b29e38f548044caa8fa5ece06aea1f7630b8b07f070b604/rootfs/tmp;id=/;instance=cadvisor:8080;job=iot_service","2025-10-31T10:28:39Z","821776384"
"container_fs_limit_bytes","__name__=container_fs_limit_bytes;device=/var/lib/docker/rootfs/overlayfs/fdfc0724b613bbad2b29e38f548044caa8fa5ece06aea1f7630b8b07f070b604/rootfs/tmp;id=/;instance=cadvisor:8080;job=iot_service","2025-10-31T10:28:54Z","821776384"
"container_fs_limit_bytes","__name__=container_fs_limit_bytes;device=/var/lib/docker/rootfs/overlayfs/fdfc0724b613bbad2b29e38f548044caa8fa5ece06aea1f7630b8b07f070b604/rootfs/tmp;id=/;instance=cadvisor:8080;job=iot_service","2025-10-31T10:29:09Z","821776384"
"container_fs_limit_bytes","__name__=container_fs_limit_bytes;device=/var/lib/docker/rootfs/overlayfs/fdfc0724b613bbad2b29e38f548044caa8fa5ece06aea1f7630b8b07f070b604/rootfs/tmp;id=/;instance=cadvisor:8080;job=iot_service","2025-10-31T10:29:24Z","821776384"
"container_fs_limit_bytes","__name__=container_fs_limit_bytes;device=/var/lib/docker/rootfs/overlayfs/fdfc0724b613bbad2b29e38f548044caa8fa5ece06aea1f7630b8b07f070b604/rootfs/tmp;id=/;instance=cadvisor:8080;job=iot_service","2025-10-31T10:29:39Z","821776384"
"container_fs_limit_bytes","__name__=container_fs_limit_bytes;device=/var/lib/docker/rootfs/overlayfs/fdfc0724b613bbad2b29e38f548044caa8fa5ece06aea1f7630b8b07f070b604/rootfs/tmp;id=/;instance=cadvisor:8080;job=iot_service","2025-10-31T10:29:54Z","821776384"
"container_fs_limit_bytes","__name__=container_fs_limit_bytes;device=/var/lib/docker/rootfs/overlayfs/fdfc0724b613bbad2b29e38f548044caa8fa5ece06aea1f7630b8b07f070b604/rootfs/tmp;id=/;instance=cadvisor:8080;job=iot_service","2025-10-31T10:30:09Z","821776384"
"container_fs_limit_bytes","__name__=container_fs_limit_bytes;device=/var/lib/docker/rootfs/overlayfs/fdfc0724b613bbad2b29e38f548044caa8fa5ece06aea1f7630b8b07f070b604/rootfs/tmp;id=/;instance=cadvisor:8080;job=iot_service","2025-10-31T10:30:24Z","821776384"
"container_fs_limit_bytes","__name__=container_fs_limit_bytes;device=/var/lib/docker/rootfs/overlayfs/fdfc0724b613bbad2b29e38f548044caa8fa5ece06aea1f7630b8b07f070b604/rootfs/tmp;id=/;instance=cadvisor:8080;job=iot_service","2025-10-31T10:30:39Z","821776384"
"container_fs_limit_bytes","__name__=container_fs_limit_bytes;device=/var/lib/docker/rootfs/overlayfs/fdfc0724b613bbad2b29e38f548044caa8fa5ece06aea1f7630b8b07f070b604/rootfs/tmp;id=/;instance=cadvisor:8080;job=iot_service","2025-10-31T10:30:54Z","821776384"
"container_fs_limit_bytes","__name__=container_fs_limit_bytes;device=/var/lib/docker/rootfs/overlayfs/fdfc0724b613bbad2b29e38f548044caa8fa5ece06aea1f7630b8b07f070b604/rootfs/tmp;id=/;instance=cadvisor:8080;job=iot_service","2025-10-31T10:31:09Z","821776384"
"container_fs_limit_bytes","__name__=container_fs_limit_bytes;device=/var/lib/docker/rootfs/overlayfs/fdfc0724b613bbad2b29e38f548044caa8fa5ece06aea1f7630b8b07f070b604/rootfs/var;id=/;instance=cadvisor:8080;job=iot_service","2025-10-31T10:16:09Z","4108877824"
"container_fs_limit_bytes","__name__=container_fs_limit_bytes;device=/var/lib/docker/rootfs/overlayfs/fdfc0724b613bbad2b29e38f548044caa8fa5ece06aea1f7630b8b07f070b604/rootfs/var;id=/;instance=cadvisor:8080;job=iot_service","2025-10-31T10:16:24Z","4108877824"
"container_fs_limit_bytes","__name__=container_fs_limit_bytes;device=/var/lib/docker/rootfs/overlayfs/fdfc0724b613bbad2b29e38f548044caa8fa5ece06aea1f7630b8b07f070b604/rootfs/var;id=/;instance=cadvisor:8080;job=iot_service","2025-10-31T10:16:39Z","4108877824"
"container_fs_limit_bytes","__name__=container_fs_limit_bytes;device=/var/lib/docker/rootfs/overlayfs/fdfc0724b613bbad2b29e38f548044caa8fa5ece06aea1f7630b8b07f070b604/rootfs/var;id=/;instance=cadvisor:8080;job=iot_service","2025-10-31T10:16:54Z","4108877824"
"container_fs_limit_bytes","__name__=container_fs_limit_bytes;device=/var/lib/docker/rootfs/overlayfs/fdfc0724b613bbad2b29e38f548044caa8fa5ece06aea1f7630b8b07f070b604/rootfs/var;id=/;instance=cadvisor:8080;job=iot_service","2025-10-31T10:17:09Z","4108877824"
"container_fs_limit_bytes","__name__=container_fs_limit_bytes;device=/var/lib/docker/rootfs/overlayfs/fdfc0724b613bbad2b29e38f548044caa8fa5ece06aea1f7630b8b07f070b604/rootfs/var;id=/;instance=cadvisor:8080;job=iot_service","2025-10-31T10:17:24Z","4108877824"
"container_fs_limit_bytes","__name__=container_fs_limit_bytes;device=/var/lib/docker/rootfs/overlayfs/fdfc0724b613bbad2b29e38f548044caa8fa5ece06aea1f7630b8b07f070b604/rootfs/var;id=/;instance=cadvisor:8080;job=iot_service","2025-10-31T10:17:39Z","4108877824"
"container_fs_limit_bytes","__name__=container_fs_limit_bytes;device=/var/lib/docker/rootfs/overlayfs/fdfc0724b613bbad2b29e38f548044caa8fa5ece06aea1f7630b8b07f070b604/rootfs/var;id=/;instance=cadvisor:8080;job=iot_service","2025-10-31T10:17:54Z","4108877824"
"container_fs_limit_bytes","__name__=container_fs_limit_bytes;device=/var/lib/docker/rootfs/overlayfs/fdfc0724b613bbad2b29e38f548044caa8fa5ece06aea1f7630b8b07f070b604/rootfs/var;id=/;instance=cadvisor:8080;job=iot_service","2025-10-31T10:18:09Z","4108877824"
"container_fs_limit_bytes","__name__=container_fs_limit_bytes;device=/var/lib/docker/rootfs/overlayfs/fdfc0724b613bbad2b29e38f548044caa8fa5ece06aea1f7630b8b07f070b604/rootfs/var;id=/;instance=cadvisor:8080;job=iot_service","2025-10-31T10:18:24Z","4108877824"
"container_fs_limit_bytes","__name__=container_fs_limit_bytes;device=/var/lib/docker/rootfs/overlayfs/fdfc0724b613bbad2b29e38f548044caa8fa5ece06aea1f7630b8b07f070b604/rootfs/var;id=/;instance=cadvisor:8080;job=iot_service","2025-10-31T10:18:39Z","4108877824"
"container_fs_limit_bytes","__name__=container_fs_limit_bytes;device=/var/lib/docker/rootfs/overlayfs/fdfc0724b613bbad2b29e38f548044caa8fa5ece06aea1f7630b8b07f070b604/rootfs/var;id=/;instance=cadvisor:8080;job=iot_service","2025-10-31T10:18:54Z","4108877824"
"container_fs_limit_bytes","__name__=container_fs_limit_bytes;device=/var/lib/docker/rootfs/overlayfs/fdfc0724b613bbad2b29e38f548044caa8fa5ece06aea1f7630b8b07f070b604/rootfs/var;id=/;instance=cadvisor:8080;job=iot_service","2025-10-31T10:19:09Z","4108877824"
"container_fs_limit_bytes","__name__=container_fs_limit_bytes;device=/var/lib/docker/rootfs/overlayfs/fdfc0724b613bbad2b29e38f548044caa8fa5ece06aea1f7630b8b07f070b604/rootfs/var;id=/;instance=cadvisor:8080;job=iot_service","2025-10-31T10:19:24Z","4108877824"
"container_fs_limit_bytes","__name__=container_fs_limit_bytes;device=/var/lib/docker/rootfs/overlayfs/fdfc0724b613bbad2b29e38f548044caa8fa5ece06aea1f7630b8b07f070b604/rootfs/var;id=/;instance=cadvisor:8080;job=iot_service","2025-10-31T10:19:39Z","4108877824"
"container_fs_limit_bytes","__name__=container_fs_limit_bytes;device=/var/lib/docker/rootfs/overlayfs/fdfc0724b613bbad2b29e38f548044caa8fa5ece06aea1f7630b8b07f070b604/rootfs/var;id=/;instance=cadvisor:8080;job=iot_service","2025-10-31T10:19:54Z","4108877824"
"container_fs_limit_bytes","__name__=container_fs_limit_bytes;device=/var/lib/docker/rootfs/overlayfs/fdfc0724b613bbad2b29e38f548044caa8fa5ece06aea1f7630b8b07f070b604/rootfs/var;id=/;instance=cadvisor:8080;job=iot_service","2025-10-31T10:20:09Z","4108877824"
"container_fs_limit_bytes","__name__=container_fs_limit_bytes;device=/var/lib/docker/rootfs/overlayfs/fdfc0724b613bbad2b29e38f548044caa8fa5ece06aea1f7630b8b07f070b604/rootfs/var;id=/;instance=cadvisor:8080;job=iot_service","2025-10-31T10:20:24Z","4108877824"
"container_fs_limit_bytes","__name__=container_fs_limit_bytes;device=/var/lib/docker/rootfs/overlayfs/fdfc0724b613bbad2b29e38f548044caa8fa5ece06aea1f7630b8b07f070b604/rootfs/var;id=/;instance=cadvisor:8080;job=iot_service","2025-10-31T10:20:39Z","4108877824"
"container_fs_limit_bytes","__name__=container_fs_limit_bytes;device=/var/lib/docker/rootfs/overlayfs/fdfc0724b613bbad2b29e38f548044caa8fa5ece06aea1f7630b8b07f070b604/rootfs/var;id=/;instance=cadvisor:8080;job=iot_service","2025-10-31T10:20:54Z","4108877824"
"container_fs_limit_bytes","__name__=container_fs_limit_bytes;device=/var/lib/docker/rootfs/overlayfs/fdfc0724b613bbad2b29e38f548044caa8fa5ece06aea1f7630b8b07f070b604/rootfs/var;id=/;instance=cadvisor:8080;job=iot_service","2025-10-31T10:21:09Z","4108877824"
"container_fs_limit_bytes","__name__=container_fs_limit_bytes;device=/var/lib/docker/rootfs/overlayfs/fdfc0724b613bbad2b29e38f548044caa8fa5ece06aea1f7630b8b07f070b604/rootfs/var;id=/;instance=cadvisor:8080;job=iot_service","2025-10-31T10:21:24Z","4108877824"
"container_fs_limit_bytes","__name__=container_fs_limit_bytes;device=/var/lib/docker/rootfs/overlayfs/fdfc0724b613bbad2b29e38f548044caa8fa5ece06aea1f7630b8b07f070b604/rootfs/var;id=/;instance=cadvisor:8080;job=iot_service","2025-10-31T10:21:39Z","4108877824"
"container_fs_limit_bytes","__name__=container_fs_limit_bytes;device=/var/lib/docker/rootfs/overlayfs/fdfc0724b613bbad2b29e38f548044caa8fa5ece06aea1f7630b8b07f070b604/rootfs/var;id=/;instance=cadvisor:8080;job=iot_service","2025-10-31T10:21:54Z","4108877824"
"container_fs_limit_bytes","__name__=container_fs_limit_bytes;device=/var/lib/docker/rootfs/overlayfs/fdfc0724b613bbad2b29e38f548044caa8fa5ece06aea1f7630b8b07f070b604/rootfs/var;id=/;instance=cadvisor:8080;job=iot_service","2025-10-31T10:22:09Z","4108877824"
"container_fs_limit_bytes","__name__=container_fs_limit_bytes;device=/var/lib/docker/rootfs/overlayfs/fdfc0724b613bbad2b29e38f548044caa8fa5ece06aea1f7630b8b07f070b604/rootfs/var;id=/;instance=cadvisor:8080;job=iot_service","2025-10-31T10:22:24Z","4108877824"
"container_fs_limit_bytes","__name__=container_fs_limit_bytes;device=/var/lib/docker/rootfs/overlayfs/fdfc0724b613bbad2b29e38f548044caa8fa5ece06aea1f7630b8b07f070b604/rootfs/var;id=/;instance=cadvisor:8080;job=iot_service","2025-10-31T10:22:39Z","4108877824"
"container_fs_limit_bytes","__name__=container_fs_limit_bytes;device=/var/lib/docker/rootfs/overlayfs/fdfc0724b613bbad2b29e38f548044caa8fa5ece06aea1f7630b8b07f070b604/rootfs/var;id=/;instance=cadvisor:8080;job=iot_service","2025-10-31T10:22:54Z","4108877824"
"container_fs_limit_bytes","__name__=container_fs_limit_bytes;device=/var/lib/docker/rootfs/overlayfs/fdfc0724b613bbad2b29e38f548044caa8fa5ece06aea1f7630b8b07f070b604/rootfs/var;id=/;instance=cadvisor:8080;job=iot_service","2025-10-31T10:23:09Z","4108877824"
"container_fs_limit_bytes","__name__=container_fs_limit_bytes;device=/var/lib/docker/rootfs/overlayfs/fdfc0724b613bbad2b29e38f548044caa8fa5ece06aea1f7630b8b07f070b604/rootfs/var;id=/;instance=cadvisor:8080;job=iot_service","2025-10-31T10:23:24Z","4108877824"
"container_fs_limit_bytes","__name__=container_fs_limit_bytes;device=/var/lib/docker/rootfs/overlayfs/fdfc0724b613bbad2b29e38f548044caa8fa5ece06aea1f7630b8b07f070b604/rootfs/var;id=/;instance=cadvisor:8080;job=iot_service","2025-10-31T10:23:39Z","4108877824"
"container_fs_limit_bytes","__name__=container_fs_limit_bytes;device=/var/lib/docker/rootfs/overlayfs/fdfc0724b613bbad2b29e38f548044caa8fa5ece06aea1f7630b8b07f070b604/rootfs/var;id=/;instance=cadvisor:8080;job=iot_service","2025-10-31T10:23:54Z","4108877824"
"container_fs_limit_bytes","__name__=container_fs_limit_bytes;device=/var/lib/docker/rootfs/overlayfs/fdfc0724b613bbad2b29e38f548044caa8fa5ece06aea1f7630b8b07f070b604/rootfs/var;id=/;instance=cadvisor:8080;job=iot_service","2025-10-31T10:24:09Z","4108877824"
"container_fs_limit_bytes","__name__=container_fs_limit_bytes;device=/var/lib/docker/rootfs/overlayfs/fdfc0724b613bbad2b29e38f548044caa8fa5ece06aea1f7630b8b07f070b604/rootfs/var;id=/;instance=cadvisor:8080;job=iot_service","2025-10-31T10:24:24Z","4108877824"
"container_fs_limit_bytes","__name__=container_fs_limit_bytes;device=/var/lib/docker/rootfs/overlayfs/fdfc0724b613bbad2b29e38f548044caa8fa5ece06aea1f7630b8b07f070b604/rootfs/var;id=/;instance=cadvisor:8080;job=iot_service","2025-10-31T10:24:39Z","4108877824"
"container_fs_limit_bytes","__name__=container_fs_limit_bytes;device=/var/lib/docker/rootfs/overlayfs/fdfc0724b613bbad2b29e38f548044caa8fa5ece06aea1f7630b8b07f070b604/rootfs/var;id=/;instance=cadvisor:8080;job=iot_service","2025-10-31T10:24:54Z","4108877824"
"container_fs_limit_bytes","__name__=container_fs_limit_bytes;device=/var/lib/docker/rootfs/overlayfs/fdfc0724b613bbad2b29e38f548044caa8fa5ece06aea1f7630b8b07f070b604/rootfs/var;id=/;instance=cadvisor:8080;job=iot_service","2025-10-31T10:25:09Z","4108877824"
"container_fs_limit_bytes","__name__=container_fs_limit_bytes;device=/var/lib/docker/rootfs/overlayfs/fdfc0724b613bbad2b29e38f548044caa8fa5ece06aea1f7630b8b07f070b604/rootfs/var;id=/;instance=cadvisor:8080;job=iot_service","2025-10-31T10:25:24Z","4108877824"
"container_fs_limit_bytes","__name__=container_fs_limit_bytes;device=/var/lib/docker/rootfs/overlayfs/fdfc0724b613bbad2b29e38f548044caa8fa5ece06aea1f7630b8b07f070b604/rootfs/var;id=/;instance=cadvisor:8080;job=iot_service","2025-10-31T10:25:39Z","4108877824"
"container_fs_limit_bytes","__name__=container_fs_limit_bytes;device=/var/lib/docker/rootfs/overlayfs/fdfc0724b613bbad2b29e38f548044caa8fa5ece06aea1f7630b8b07f070b604/rootfs/var;id=/;instance=cadvisor:8080;job=iot_service","2025-10-31T10:25:54Z","4108877824"
"container_fs_limit_bytes","__name__=container_fs_limit_bytes;device=/var/lib/docker/rootfs/overlayfs/fdfc0724b613bbad2b29e38f548044caa8fa5ece06aea1f7630b8b07f070b604/rootfs/var;id=/;instance=cadvisor:8080;job=iot_service","2025-10-31T10:26:09Z","4108877824"
"container_fs_limit_bytes","__name__=container_fs_limit_bytes;device=/var/lib/docker/rootfs/overlayfs/fdfc0724b613bbad2b29e38f548044caa8fa5ece06aea1f7630b8b07f070b604/rootfs/var;id=/;instance=cadvisor:8080;job=iot_service","2025-10-31T10:26:24Z","4108877824"
"container_fs_limit_bytes","__name__=container_fs_limit_bytes;device=/var/lib/docker/rootfs/overlayfs/fdfc0724b613bbad2b29e38f548044caa8fa5ece06aea1f7630b8b07f070b604/rootfs/var;id=/;instance=cadvisor:8080;job=iot_service","2025-10-31T10:26:39Z","4108877824"
"container_fs_limit_bytes","__name__=container_fs_limit_bytes;device=/var/lib/docker/rootfs/overlayfs/fdfc0724b613bbad2b29e38f548044caa8fa5ece06aea1f7630b8b07f070b604/rootfs/var;id=/;instance=cadvisor:8080;job=iot_service","2025-10-31T10:26:54Z","4108877824"
"container_fs_limit_bytes","__name__=container_fs_limit_bytes;device=/var/lib/docker/rootfs/overlayfs/fdfc0724b613bbad2b29e38f548044caa8fa5ece06aea1f7630b8b07f070b604/rootfs/var;id=/;instance=cadvisor:8080;job=iot_service","2025-10-31T10:27:09Z","4108877824"
"container_fs_limit_bytes","__name__=container_fs_limit_bytes;device=/var/lib/docker/rootfs/overlayfs/fdfc0724b613bbad2b29e38f548044caa8fa5ece06aea1f7630b8b07f070b604/rootfs/var;id=/;instance=cadvisor:8080;job=iot_service","2025-10-31T10:27:24Z","4108877824"
"container_fs_limit_bytes","__name__=container_fs_limit_bytes;device=/var/lib/docker/rootfs/overlayfs/fdfc0724b613bbad2b29e38f548044caa8fa5ece06aea1f7630b8b07f070b604/rootfs/var;id=/;instance=cadvisor:8080;job=iot_service","2025-10-31T10:27:39Z","4108877824"
"container_fs_limit_bytes","__name__=container_fs_limit_bytes;device=/var/lib/docker/rootfs/overlayfs/fdfc0724b613bbad2b29e38f548044caa8fa5ece06aea1f7630b8b07f070b604/rootfs/var;id=/;instance=cadvisor:8080;job=iot_service","2025-10-31T10:27:54Z","4108877824"
"container_fs_limit_bytes","__name__=container_fs_limit_bytes;device=/var/lib/docker/rootfs/overlayfs/fdfc0724b613bbad2b29e38f548044caa8fa5ece06aea1f7630b8b07f070b604/rootfs/var;id=/;instance=cadvisor:8080;job=iot_service","2025-10-31T10:28:09Z","4108877824"
"container_fs_limit_bytes","__name__=container_fs_limit_bytes;device=/var/lib/docker/rootfs/overlayfs/fdfc0724b613bbad2b29e38f548044caa8fa5ece06aea1f7630b8b07f070b604/rootfs/var;id=/;instance=cadvisor:8080;job=iot_service","2025-10-31T10:28:24Z","4108877824"
"container_fs_limit_bytes","__name__=container_fs_limit_bytes;device=/var/lib/docker/rootfs/overlayfs/fdfc0724b613bbad2b29e38f548044caa8fa5ece06aea1f7630b8b07f070b604/rootfs/var;id=/;instance=cadvisor:8080;job=iot_service","2025-10-31T10:28:39Z","4108877824"
"container_fs_limit_bytes","__name__=container_fs_limit_bytes;device=/var/lib/docker/rootfs/overlayfs/fdfc0724b613bbad2b29e38f548044caa8fa5ece06aea1f7630b8b07f070b604/rootfs/var;id=/;instance=cadvisor:8080;job=iot_service","2025-10-31T10:28:54Z","4108877824"
"container_fs_limit_bytes","__name__=container_fs_limit_bytes;device=/var/lib/docker/rootfs/overlayfs/fdfc0724b613bbad2b29e38f548044caa8fa5ece06aea1f7630b8b07f070b604/rootfs/var;id=/;instance=cadvisor:8080;job=iot_service","2025-10-31T10:29:09Z","4108877824"
"container_fs_limit_bytes","__name__=container_fs_limit_bytes;device=/var/lib/docker/rootfs/overlayfs/fdfc0724b613bbad2b29e38f548044caa8fa5ece06aea1f7630b8b07f070b604/rootfs/var;id=/;instance=cadvisor:8080;job=iot_service","2025-10-31T10:29:24Z","4108877824"
"container_fs_limit_bytes","__name__=container_fs_limit_bytes;device=/var/lib/docker/rootfs/overlayfs/fdfc0724b613bbad2b29e38f548044caa8fa5ece06aea1f7630b8b07f070b604/rootfs/var;id=/;instance=cadvisor:8080;job=iot_service","2025-10-31T10:29:39Z","4108877824"
"container_fs_limit_bytes","__name__=container_fs_limit_bytes;device=/var/lib/docker/rootfs/overlayfs/fdfc0724b613bbad2b29e38f548044caa8fa5ece06aea1f7630b8b07f070b604/rootfs/var;id=/;instance=cadvisor:8080;job=iot_service","2025-10-31T10:29:54Z","4108877824"
"container_fs_limit_bytes","__name__=container_fs_limit_bytes;device=/var/lib/docker/rootfs/overlayfs/fdfc0724b613bbad2b29e38f548044caa8fa5ece06aea1f7630b8b07f070b604/rootfs/var;id=/;instance=cadvisor:8080;job=iot_service","2025-10-31T10:30:09Z","4108877824"
"container_fs_limit_bytes","__name__=container_fs_limit_bytes;device=/var/lib/docker/rootfs/overlayfs/fdfc0724b613bbad2b29e38f548044caa8fa5ece06aea1f7630b8b07f070b604/rootfs/var;id=/;instance=cadvisor:8080;job=iot_service","2025-10-31T10:30:24Z","4108877824"
"container_fs_limit_bytes","__name__=container_fs_limit_bytes;device=/var/lib/docker/rootfs/overlayfs/fdfc0724b613bbad2b29e38f548044caa8fa5ece06aea1f7630b8b07f070b604/rootfs/var;id=/;instance=cadvisor:8080;job=iot_service","2025-10-31T10:30:39Z","4108877824"
"container_fs_limit_bytes","__name__=container_fs_limit_bytes;device=/var/lib/docker/rootfs/overlayfs/fdfc0724b613bbad2b29e38f548044caa8fa5ece06aea1f7630b8b07f070b604/rootfs/var;id=/;instance=cadvisor:8080;job=iot_service","2025-10-31T10:30:54Z","4108877824"
"container_fs_limit_bytes","__name__=container_fs_limit_bytes;device=/var/lib/docker/rootfs/overlayfs/fdfc0724b613bbad2b29e38f548044caa8fa5ece06aea1f7630b8b07f070b604/rootfs/var;id=/;instance=cadvisor:8080;job=iot_service","2025-10-31T10:31:09Z","4108877824"
"container_fs_limit_bytes","__name__=container_fs_limit_bytes;device=/var/lib/docker/rootfs/overlayfs/fdfc0724b613bbad2b29e38f548044caa8fa5ece06aea1f7630b8b07f070b604/rootfs/var/lib/docker/rootfs/overlayfs/fdfc0724b613bbad2b29e38f548044caa8fa5ece06aea1f7630b8b07f070b604/dev;id=/;instance=cadvisor:8080;job=iot_service","2025-10-31T10:16:09Z","67108864"
"container_fs_limit_bytes","__name__=container_fs_limit_bytes;device=/var/lib/docker/rootfs/overlayfs/fdfc0724b613bbad2b29e38f548044caa8fa5ece06aea1f7630b8b07f070b604/rootfs/var/lib/docker/rootfs/overlayfs/fdfc0724b613bbad2b29e38f548044caa8fa5ece06aea1f7630b8b07f070b604/dev;id=/;instance=cadvisor:8080;job=iot_service","2025-10-31T10:16:24Z","67108864"
"container_fs_limit_bytes","__name__=container_fs_limit_bytes;device=/var/lib/docker/rootfs/overlayfs/fdfc0724b613bbad2b29e38f548044caa8fa5ece06aea1f7630b8b07f070b604/rootfs/var/lib/docker/rootfs/overlayfs/fdfc0724b613bbad2b29e38f548044caa8fa5ece06aea1f7630b8b07f070b604/dev;id=/;instance=cadvisor:8080;job=iot_service","2025-10-31T10:16:39Z","67108864"
"container_fs_limit_bytes","__name__=container_fs_limit_bytes;device=/var/lib/docker/rootfs/overlayfs/fdfc0724b613bbad2b29e38f548044caa8fa5ece06aea1f7630b8b07f070b604/rootfs/var/lib/docker/rootfs/overlayfs/fdfc0724b613bbad2b29e38f548044caa8fa5ece06aea1f7630b8b07f070b604/dev;id=/;instance=cadvisor:8080;job=iot_service","2025-10-31T10:16:54Z","67108864"
"container_fs_limit_bytes","__name__=container_fs_limit_bytes;device=/var/lib/docker/rootfs/overlayfs/fdfc0724b613bbad2b29e38f548044caa8fa5ece06aea1f7630b8b07f070b604/rootfs/var/lib/docker/rootfs/overlayfs/fdfc0724b613bbad2b29e38f548044caa8fa5ece06aea1f7630b8b07f070b604/dev;id=/;instance=cadvisor:8080;job=iot_service","2025-10-31T10:17:09Z","67108864"
"container_fs_limit_bytes","__name__=container_fs_limit_bytes;device=/var/lib/docker/rootfs/overlayfs/fdfc0724b613bbad2b29e38f548044caa8fa5ece06aea1f7630b8b07f070b604/rootfs/var/lib/docker/rootfs/overlayfs/fdfc0724b613bbad2b29e38f548044caa8fa5ece06aea1f7630b8b07f070b604/dev;id=/;instance=cadvisor:8080;job=iot_service","2025-10-31T10:17:24Z","67108864"
"container_fs_limit_bytes","__name__=container_fs_limit_bytes;device=/var/lib/docker/rootfs/overlayfs/fdfc0724b613bbad2b29e38f548044caa8fa5ece06aea1f7630b8b07f070b604/rootfs/var/lib/docker/rootfs/overlayfs/fdfc0724b613bbad2b29e38f548044caa8fa5ece06aea1f7630b8b07f070b604/dev;id=/;instance=cadvisor:8080;job=iot_service","2025-10-31T10:17:39Z","67108864"
"container_fs_limit_bytes","__name__=container_fs_limit_bytes;device=/var/lib/docker/rootfs/overlayfs/fdfc0724b613bbad2b29e38f548044caa8fa5ece06aea1f7630b8b07f070b604/rootfs/var/lib/docker/rootfs/overlayfs/fdfc0724b613bbad2b29e38f548044caa8fa5ece06aea1f7630b8b07f070b604/dev;id=/;instance=cadvisor:8080;job=iot_service","2025-10-31T10:17:54Z","67108864"
"container_fs_limit_bytes","__name__=container_fs_limit_bytes;device=/var/lib/docker/rootfs/overlayfs/fdfc0724b613bbad2b29e38f548044caa8fa5ece06aea1f7630b8b07f070b604/rootfs/var/lib/docker/rootfs/overlayfs/fdfc0724b613bbad2b29e38f548044caa8fa5ece06aea1f7630b8b07f070b604/dev;id=/;instance=cadvisor:8080;job=iot_service","2025-10-31T10:18:09Z","67108864"
"container_fs_limit_bytes","__name__=container_fs_limit_bytes;device=/var/lib/docker/rootfs/overlayfs/fdfc0724b613bbad2b29e38f548044caa8fa5ece06aea1f7630b8b07f070b604/rootfs/var/lib/docker/rootfs/overlayfs/fdfc0724b613bbad2b29e38f548044caa8fa5ece06aea1f7630b8b07f070b604/dev;id=/;instance=cadvisor:8080;job=iot_service","2025-10-31T10:18:24Z","67108864"
"container_fs_limit_bytes","__name__=container_fs_limit_bytes;device=/var/lib/docker/rootfs/overlayfs/fdfc0724b613bbad2b29e38f548044caa8fa5ece06aea1f7630b8b07f070b604/rootfs/var/lib/docker/rootfs/overlayfs/fdfc0724b613bbad2b29e38f548044caa8fa5ece06aea1f7630b8b07f070b604/dev;id=/;instance=cadvisor:8080;job=iot_service","2025-10-31T10:18:39Z","67108864"
"container_fs_limit_bytes","__name__=container_fs_limit_bytes;device=/var/lib/docker/rootfs/overlayfs/fdfc0724b613bbad2b29e38f548044caa8fa5ece06aea1f7630b8b07f070b604/rootfs/var/lib/docker/rootfs/overlayfs/fdfc0724b613bbad2b29e38f548044caa8fa5ece06aea1f7630b8b07f070b604/dev;id=/;instance=cadvisor:8080;job=iot_service","2025-10-31T10:18:54Z","67108864"
"container_fs_limit_bytes","__name__=container_fs_limit_bytes;device=/var/lib/docker/rootfs/overlayfs/fdfc0724b613bbad2b29e38f548044caa8fa5ece06aea1f7630b8b07f070b604/rootfs/var/lib/docker/rootfs/overlayfs/fdfc0724b613bbad2b29e38f548044caa8fa5ece06aea1f7630b8b07f070b604/dev;id=/;instance=cadvisor:8080;job=iot_service","2025-10-31T10:19:09Z","67108864"
"container_fs_limit_bytes","__name__=container_fs_limit_bytes;device=/var/lib/docker/rootfs/overlayfs/fdfc0724b613bbad2b29e38f548044caa8fa5ece06aea1f7630b8b07f070b604/rootfs/var/lib/docker/rootfs/overlayfs/fdfc0724b613bbad2b29e38f548044caa8fa5ece06aea1f7630b8b07f070b604/dev;id=/;instance=cadvisor:8080;job=iot_service","2025-10-31T10:19:24Z","67108864"
"container_fs_limit_bytes","__name__=container_fs_limit_bytes;device=/var/lib/docker/rootfs/overlayfs/fdfc0724b613bbad2b29e38f548044caa8fa5ece06aea1f7630b8b07f070b604/rootfs/var/lib/docker/rootfs/overlayfs/fdfc0724b613bbad2b29e38f548044caa8fa5ece06aea1f7630b8b07f070b604/dev;id=/;instance=cadvisor:8080;job=iot_service","2025-10-31T10:19:39Z","67108864"
"container_fs_limit_bytes","__name__=container_fs_limit_bytes;device=/var/lib/docker/rootfs/overlayfs/fdfc0724b613bbad2b29e38f548044caa8fa5ece06aea1f7630b8b07f070b604/rootfs/var/lib/docker/rootfs/overlayfs/fdfc0724b613bbad2b29e38f548044caa8fa5ece06aea1f7630b8b07f070b604/dev;id=/;instance=cadvisor:8080;job=iot_service","2025-10-31T10:19:54Z","67108864"
"container_fs_limit_bytes","__name__=container_fs_limit_bytes;device=/var/lib/docker/rootfs/overlayfs/fdfc0724b613bbad2b29e38f548044caa8fa5ece06aea1f7630b8b07f070b604/rootfs/var/lib/docker/rootfs/overlayfs/fdfc0724b613bbad2b29e38f548044caa8fa5ece06aea1f7630b8b07f070b604/dev;id=/;instance=cadvisor:8080;job=iot_service","2025-10-31T10:20:09Z","67108864"
"container_fs_limit_bytes","__name__=container_fs_limit_bytes;device=/var/lib/docker/rootfs/overlayfs/fdfc0724b613bbad2b29e38f548044caa8fa5ece06aea1f7630b8b07f070b604/rootfs/var/lib/docker/rootfs/overlayfs/fdfc0724b613bbad2b29e38f548044caa8fa5ece06aea1f7630b8b07f070b604/dev;id=/;instance=cadvisor:8080;job=iot_service","2025-10-31T10:20:24Z","67108864"
"container_fs_limit_bytes","__name__=container_fs_limit_bytes;device=/var/lib/docker/rootfs/overlayfs/fdfc0724b613bbad2b29e38f548044caa8fa5ece06aea1f7630b8b07f070b604/rootfs/var/lib/docker/rootfs/overlayfs/fdfc0724b613bbad2b29e38f548044caa8fa5ece06aea1f7630b8b07f070b604/dev;id=/;instance=cadvisor:8080;job=iot_service","2025-10-31T10:20:39Z","67108864"
"container_fs_limit_bytes","__name__=container_fs_limit_bytes;device=/var/lib/docker/rootfs/overlayfs/fdfc0724b613bbad2b29e38f548044caa8fa5ece06aea1f7630b8b07f070b604/rootfs/var/lib/docker/rootfs/overlayfs/fdfc0724b613bbad2b29e38f548044caa8fa5ece06aea1f7630b8b07f070b604/dev;id=/;instance=cadvisor:8080;job=iot_service","2025-10-31T10:20:54Z","67108864"
"container_fs_limit_bytes","__name__=container_fs_limit_bytes;device=/var/lib/docker/rootfs/overlayfs/fdfc0724b613bbad2b29e38f548044caa8fa5ece06aea1f7630b8b07f070b604/rootfs/var/lib/docker/rootfs/overlayfs/fdfc0724b613bbad2b29e38f548044caa8fa5ece06aea1f7630b8b07f070b604/dev;id=/;instance=cadvisor:8080;job=iot_service","2025-10-31T10:21:09Z","67108864"
"container_fs_limit_bytes","__name__=container_fs_limit_bytes;device=/var/lib/docker/rootfs/overlayfs/fdfc0724b613bbad2b29e38f548044caa8fa5ece06aea1f7630b8b07f070b604/rootfs/var/lib/docker/rootfs/overlayfs/fdfc0724b613bbad2b29e38f548044caa8fa5ece06aea1f7630b8b07f070b604/dev;id=/;instance=cadvisor:8080;job=iot_service","2025-10-31T10:21:24Z","67108864"
"container_fs_limit_bytes","__name__=container_fs_limit_bytes;device=/var/lib/docker/rootfs/overlayfs/fdfc0724b613bbad2b29e38f548044caa8fa5ece06aea1f7630b8b07f070b604/rootfs/var/lib/docker/rootfs/overlayfs/fdfc0724b613bbad2b29e38f548044caa8fa5ece06aea1f7630b8b07f070b604/dev;id=/;instance=cadvisor:8080;job=iot_service","2025-10-31T10:21:39Z","67108864"
"container_fs_limit_bytes","__name__=container_fs_limit_bytes;device=/var/lib/docker/rootfs/overlayfs/fdfc0724b613bbad2b29e38f548044caa8fa5ece06aea1f7630b8b07f070b604/rootfs/var/lib/docker/rootfs/overlayfs/fdfc0724b613bbad2b29e38f548044caa8fa5ece06aea1f7630b8b07f070b604/dev;id=/;instance=cadvisor:8080;job=iot_service","2025-10-31T10:21:54Z","67108864"
"container_fs_limit_bytes","__name__=container_fs_limit_bytes;device=/var/lib/docker/rootfs/overlayfs/fdfc0724b613bbad2b29e38f548044caa8fa5ece06aea1f7630b8b07f070b604/rootfs/var/lib/docker/rootfs/overlayfs/fdfc0724b613bbad2b29e38f548044caa8fa5ece06aea1f7630b8b07f070b604/dev;id=/;instance=cadvisor:8080;job=iot_service","2025-10-31T10:22:09Z","67108864"
"container_fs_limit_bytes","__name__=container_fs_limit_bytes;device=/var/lib/docker/rootfs/overlayfs/fdfc0724b613bbad2b29e38f548044caa8fa5ece06aea1f7630b8b07f070b604/rootfs/var/lib/docker/rootfs/overlayfs/fdfc0724b613bbad2b29e38f548044caa8fa5ece06aea1f7630b8b07f070b604/dev;id=/;instance=cadvisor:8080;job=iot_service","2025-10-31T10:22:24Z","67108864"
"container_fs_limit_bytes","__name__=container_fs_limit_bytes;device=/var/lib/docker/rootfs/overlayfs/fdfc0724b613bbad2b29e38f548044caa8fa5ece06aea1f7630b8b07f070b604/rootfs/var/lib/docker/rootfs/overlayfs/fdfc0724b613bbad2b29e38f548044caa8fa5ece06aea1f7630b8b07f070b604/dev;id=/;instance=cadvisor:8080;job=iot_service","2025-10-31T10:22:39Z","67108864"
"container_fs_limit_bytes","__name__=container_fs_limit_bytes;device=/var/lib/docker/rootfs/overlayfs/fdfc0724b613bbad2b29e38f548044caa8fa5ece06aea1f7630b8b07f070b604/rootfs/var/lib/docker/rootfs/overlayfs/fdfc0724b613bbad2b29e38f548044caa8fa5ece06aea1f7630b8b07f070b604/dev;id=/;instance=cadvisor:8080;job=iot_service","2025-10-31T10:22:54Z","67108864"
"container_fs_limit_bytes","__name__=container_fs_limit_bytes;device=/var/lib/docker/rootfs/overlayfs/fdfc0724b613bbad2b29e38f548044caa8fa5ece06aea1f7630b8b07f070b604/rootfs/var/lib/docker/rootfs/overlayfs/fdfc0724b613bbad2b29e38f548044caa8fa5ece06aea1f7630b8b07f070b604/dev;id=/;instance=cadvisor:8080;job=iot_service","2025-10-31T10:23:09Z","67108864"
"container_fs_limit_bytes","__name__=container_fs_limit_bytes;device=/var/lib/docker/rootfs/overlayfs/fdfc0724b613bbad2b29e38f548044caa8fa5ece06aea1f7630b8b07f070b604/rootfs/var/lib/docker/rootfs/overlayfs/fdfc0724b613bbad2b29e38f548044caa8fa5ece06aea1f7630b8b07f070b604/dev;id=/;instance=cadvisor:8080;job=iot_service","2025-10-31T10:23:24Z","67108864"
"container_fs_limit_bytes","__name__=container_fs_limit_bytes;device=/var/lib/docker/rootfs/overlayfs/fdfc0724b613bbad2b29e38f548044caa8fa5ece06aea1f7630b8b07f070b604/rootfs/var/lib/docker/rootfs/overlayfs/fdfc0724b613bbad2b29e38f548044caa8fa5ece06aea1f7630b8b07f070b604/dev;id=/;instance=cadvisor:8080;job=iot_service","2025-10-31T10:23:39Z","67108864"
"container_fs_limit_bytes","__name__=container_fs_limit_bytes;device=/var/lib/docker/rootfs/overlayfs/fdfc0724b613bbad2b29e38f548044caa8fa5ece06aea1f7630b8b07f070b604/rootfs/var/lib/docker/rootfs/overlayfs/fdfc0724b613bbad2b29e38f548044caa8fa5ece06aea1f7630b8b07f070b604/dev;id=/;instance=cadvisor:8080;job=iot_service","2025-10-31T10:23:54Z","67108864"
"container_fs_limit_bytes","__name__=container_fs_limit_bytes;device=/var/lib/docker/rootfs/overlayfs/fdfc0724b613bbad2b29e38f548044caa8fa5ece06aea1f7630b8b07f070b604/rootfs/var/lib/docker/rootfs/overlayfs/fdfc0724b613bbad2b29e38f548044caa8fa5ece06aea1f7630b8b07f070b604/dev;id=/;instance=cadvisor:8080;job=iot_service","2025-10-31T10:24:09Z","67108864"
"container_fs_limit_bytes","__name__=container_fs_limit_bytes;device=/var/lib/docker/rootfs/overlayfs/fdfc0724b613bbad2b29e38f548044caa8fa5ece06aea1f7630b8b07f070b604/rootfs/var/lib/docker/rootfs/overlayfs/fdfc0724b613bbad2b29e38f548044caa8fa5ece06aea1f7630b8b07f070b604/dev;id=/;instance=cadvisor:8080;job=iot_service","2025-10-31T10:24:24Z","67108864"
"container_fs_limit_bytes","__name__=container_fs_limit_bytes;device=/var/lib/docker/rootfs/overlayfs/fdfc0724b613bbad2b29e38f548044caa8fa5ece06aea1f7630b8b07f070b604/rootfs/var/lib/docker/rootfs/overlayfs/fdfc0724b613bbad2b29e38f548044caa8fa5ece06aea1f7630b8b07f070b604/dev;id=/;instance=cadvisor:8080;job=iot_service","2025-10-31T10:24:39Z","67108864"
"container_fs_limit_bytes","__name__=container_fs_limit_bytes;device=/var/lib/docker/rootfs/overlayfs/fdfc0724b613bbad2b29e38f548044caa8fa5ece06aea1f7630b8b07f070b604/rootfs/var/lib/docker/rootfs/overlayfs/fdfc0724b613bbad2b29e38f548044caa8fa5ece06aea1f7630b8b07f070b604/dev;id=/;instance=cadvisor:8080;job=iot_service","2025-10-31T10:24:54Z","67108864"
"container_fs_limit_bytes","__name__=container_fs_limit_bytes;device=/var/lib/docker/rootfs/overlayfs/fdfc0724b613bbad2b29e38f548044caa8fa5ece06aea1f7630b8b07f070b604/rootfs/var/lib/docker/rootfs/overlayfs/fdfc0724b613bbad2b29e38f548044caa8fa5ece06aea1f7630b8b07f070b604/dev;id=/;instance=cadvisor:8080;job=iot_service","2025-10-31T10:25:09Z","67108864"
"container_fs_limit_bytes","__name__=container_fs_limit_bytes;device=/var/lib/docker/rootfs/overlayfs/fdfc0724b613bbad2b29e38f548044caa8fa5ece06aea1f7630b8b07f070b604/rootfs/var/lib/docker/rootfs/overlayfs/fdfc0724b613bbad2b29e38f548044caa8fa5ece06aea1f7630b8b07f070b604/dev;id=/;instance=cadvisor:8080;job=iot_service","2025-10-31T10:25:24Z","67108864"
"container_fs_limit_bytes","__name__=container_fs_limit_bytes;device=/var/lib/docker/rootfs/overlayfs/fdfc0724b613bbad2b29e38f548044caa8fa5ece06aea1f7630b8b07f070b604/rootfs/var/lib/docker/rootfs/overlayfs/fdfc0724b613bbad2b29e38f548044caa8fa5ece06aea1f7630b8b07f070b604/dev;id=/;instance=cadvisor:8080;job=iot_service","2025-10-31T10:25:39Z","67108864"
"container_fs_limit_bytes","__name__=container_fs_limit_bytes;device=/var/lib/docker/rootfs/overlayfs/fdfc0724b613bbad2b29e38f548044caa8fa5ece06aea1f7630b8b07f070b604/rootfs/var/lib/docker/rootfs/overlayfs/fdfc0724b613bbad2b29e38f548044caa8fa5ece06aea1f7630b8b07f070b604/dev;id=/;instance=cadvisor:8080;job=iot_service","2025-10-31T10:25:54Z","67108864"
"container_fs_limit_bytes","__name__=container_fs_limit_bytes;device=/var/lib/docker/rootfs/overlayfs/fdfc0724b613bbad2b29e38f548044caa8fa5ece06aea1f7630b8b07f070b604/rootfs/var/lib/docker/rootfs/overlayfs/fdfc0724b613bbad2b29e38f548044caa8fa5ece06aea1f7630b8b07f070b604/dev;id=/;instance=cadvisor:8080;job=iot_service","2025-10-31T10:26:09Z","67108864"
"container_fs_limit_bytes","__name__=container_fs_limit_bytes;device=/var/lib/docker/rootfs/overlayfs/fdfc0724b613bbad2b29e38f548044caa8fa5ece06aea1f7630b8b07f070b604/rootfs/var/lib/docker/rootfs/overlayfs/fdfc0724b613bbad2b29e38f548044caa8fa5ece06aea1f7630b8b07f070b604/dev;id=/;instance=cadvisor:8080;job=iot_service","2025-10-31T10:26:24Z","67108864"
"container_fs_limit_bytes","__name__=container_fs_limit_bytes;device=/var/lib/docker/rootfs/overlayfs/fdfc0724b613bbad2b29e38f548044caa8fa5ece06aea1f7630b8b07f070b604/rootfs/var/lib/docker/rootfs/overlayfs/fdfc0724b613bbad2b29e38f548044caa8fa5ece06aea1f7630b8b07f070b604/dev;id=/;instance=cadvisor:8080;job=iot_service","2025-10-31T10:26:39Z","67108864"
"container_fs_limit_bytes","__name__=container_fs_limit_bytes;device=/var/lib/docker/rootfs/overlayfs/fdfc0724b613bbad2b29e38f548044caa8fa5ece06aea1f7630b8b07f070b604/rootfs/var/lib/docker/rootfs/overlayfs/fdfc0724b613bbad2b29e38f548044caa8fa5ece06aea1f7630b8b07f070b604/dev;id=/;instance=cadvisor:8080;job=iot_service","2025-10-31T10:26:54Z","67108864"
"container_fs_limit_bytes","__name__=container_fs_limit_bytes;device=/var/lib/docker/rootfs/overlayfs/fdfc0724b613bbad2b29e38f548044caa8fa5ece06aea1f7630b8b07f070b604/rootfs/var/lib/docker/rootfs/overlayfs/fdfc0724b613bbad2b29e38f548044caa8fa5ece06aea1f7630b8b07f070b604/dev;id=/;instance=cadvisor:8080;job=iot_service","2025-10-31T10:27:09Z","67108864"
"container_fs_limit_bytes","__name__=container_fs_limit_bytes;device=/var/lib/docker/rootfs/overlayfs/fdfc0724b613bbad2b29e38f548044caa8fa5ece06aea1f7630b8b07f070b604/rootfs/var/lib/docker/rootfs/overlayfs/fdfc0724b613bbad2b29e38f548044caa8fa5ece06aea1f7630b8b07f070b604/dev;id=/;instance=cadvisor:8080;job=iot_service","2025-10-31T10:27:24Z","67108864"
"container_fs_limit_bytes","__name__=container_fs_limit_bytes;device=/var/lib/docker/rootfs/overlayfs/fdfc0724b613bbad2b29e38f548044caa8fa5ece06aea1f7630b8b07f070b604/rootfs/var/lib/docker/rootfs/overlayfs/fdfc0724b613bbad2b29e38f548044caa8fa5ece06aea1f7630b8b07f070b604/dev;id=/;instance=cadvisor:8080;job=iot_service","2025-10-31T10:27:39Z","67108864"
"container_fs_limit_bytes","__name__=container_fs_limit_bytes;device=/var/lib/docker/rootfs/overlayfs/fdfc0724b613bbad2b29e38f548044caa8fa5ece06aea1f7630b8b07f070b604/rootfs/var/lib/docker/rootfs/overlayfs/fdfc0724b613bbad2b29e38f548044caa8fa5ece06aea1f7630b8b07f070b604/dev;id=/;instance=cadvisor:8080;job=iot_service","2025-10-31T10:27:54Z","67108864"
"container_fs_limit_bytes","__name__=container_fs_limit_bytes;device=/var/lib/docker/rootfs/overlayfs/fdfc0724b613bbad2b29e38f548044caa8fa5ece06aea1f7630b8b07f070b604/rootfs/var/lib/docker/rootfs/overlayfs/fdfc0724b613bbad2b29e38f548044caa8fa5ece06aea1f7630b8b07f070b604/dev;id=/;instance=cadvisor:8080;job=iot_service","2025-10-31T10:28:09Z","67108864"
"container_fs_limit_bytes","__name__=container_fs_limit_bytes;device=/var/lib/docker/rootfs/overlayfs/fdfc0724b613bbad2b29e38f548044caa8fa5ece06aea1f7630b8b07f070b604/rootfs/var/lib/docker/rootfs/overlayfs/fdfc0724b613bbad2b29e38f548044caa8fa5ece06aea1f7630b8b07f070b604/dev;id=/;instance=cadvisor:8080;job=iot_service","2025-10-31T10:28:24Z","67108864"
"container_fs_limit_bytes","__name__=container_fs_limit_bytes;device=/var/lib/docker/rootfs/overlayfs/fdfc0724b613bbad2b29e38f548044caa8fa5ece06aea1f7630b8b07f070b604/rootfs/var/lib/docker/rootfs/overlayfs/fdfc0724b613bbad2b29e38f548044caa8fa5ece06aea1f7630b8b07f070b604/dev;id=/;instance=cadvisor:8080;job=iot_service","2025-10-31T10:28:39Z","67108864"
"container_fs_limit_bytes","__name__=container_fs_limit_bytes;device=/var/lib/docker/rootfs/overlayfs/fdfc0724b613bbad2b29e38f548044caa8fa5ece06aea1f7630b8b07f070b604/rootfs/var/lib/docker/rootfs/overlayfs/fdfc0724b613bbad2b29e38f548044caa8fa5ece06aea1f7630b8b07f070b604/dev;id=/;instance=cadvisor:8080;job=iot_service","2025-10-31T10:28:54Z","67108864"
"container_fs_limit_bytes","__name__=container_fs_limit_bytes;device=/var/lib/docker/rootfs/overlayfs/fdfc0724b613bbad2b29e38f548044caa8fa5ece06aea1f7630b8b07f070b604/rootfs/var/lib/docker/rootfs/overlayfs/fdfc0724b613bbad2b29e38f548044caa8fa5ece06aea1f7630b8b07f070b604/dev;id=/;instance=cadvisor:8080;job=iot_service","2025-10-31T10:29:09Z","67108864"
"container_fs_limit_bytes","__name__=container_fs_limit_bytes;device=/var/lib/docker/rootfs/overlayfs/fdfc0724b613bbad2b29e38f548044caa8fa5ece06aea1f7630b8b07f070b604/rootfs/var/lib/docker/rootfs/overlayfs/fdfc0724b613bbad2b29e38f548044caa8fa5ece06aea1f7630b8b07f070b604/dev;id=/;instance=cadvisor:8080;job=iot_service","2025-10-31T10:29:24Z","67108864"
"container_fs_limit_bytes","__name__=container_fs_limit_bytes;device=/var/lib/docker/rootfs/overlayfs/fdfc0724b613bbad2b29e38f548044caa8fa5ece06aea1f7630b8b07f070b604/rootfs/var/lib/docker/rootfs/overlayfs/fdfc0724b613bbad2b29e38f548044caa8fa5ece06aea1f7630b8b07f070b604/dev;id=/;instance=cadvisor:8080;job=iot_service","2025-10-31T10:29:39Z","67108864"
"container_fs_limit_bytes","__name__=container_fs_limit_bytes;device=/var/lib/docker/rootfs/overlayfs/fdfc0724b613bbad2b29e38f548044caa8fa5ece06aea1f7630b8b07f070b604/rootfs/var/lib/docker/rootfs/overlayfs/fdfc0724b613bbad2b29e38f548044caa8fa5ece06aea1f7630b8b07f070b604/dev;id=/;instance=cadvisor:8080;job=iot_service","2025-10-31T10:29:54Z","67108864"
"container_fs_limit_bytes","__name__=container_fs_limit_bytes;device=/var/lib/docker/rootfs/overlayfs/fdfc0724b613bbad2b29e38f548044caa8fa5ece06aea1f7630b8b07f070b604/rootfs/var/lib/docker/rootfs/overlayfs/fdfc0724b613bbad2b29e38f548044caa8fa5ece06aea1f7630b8b07f070b604/dev;id=/;instance=cadvisor:8080;job=iot_service","2025-10-31T10:30:09Z","67108864"
"container_fs_limit_bytes","__name__=container_fs_limit_bytes;device=/var/lib/docker/rootfs/overlayfs/fdfc0724b613bbad2b29e38f548044caa8fa5ece06aea1f7630b8b07f070b604/rootfs/var/lib/docker/rootfs/overlayfs/fdfc0724b613bbad2b29e38f548044caa8fa5ece06aea1f7630b8b07f070b604/dev;id=/;instance=cadvisor:8080;job=iot_service","2025-10-31T10:30:24Z","67108864"
"container_fs_limit_bytes","__name__=container_fs_limit_bytes;device=/var/lib/docker/rootfs/overlayfs/fdfc0724b613bbad2b29e38f548044caa8fa5ece06aea1f7630b8b07f070b604/rootfs/var/lib/docker/rootfs/overlayfs/fdfc0724b613bbad2b29e38f548044caa8fa5ece06aea1f7630b8b07f070b604/dev;id=/;instance=cadvisor:8080;job=iot_service","2025-10-31T10:30:39Z","67108864"
"container_fs_limit_bytes","__name__=container_fs_limit_bytes;device=/var/lib/docker/rootfs/overlayfs/fdfc0724b613bbad2b29e38f548044caa8fa5ece06aea1f7630b8b07f070b604/rootfs/var/lib/docker/rootfs/overlayfs/fdfc0724b613bbad2b29e38f548044caa8fa5ece06aea1f7630b8b07f070b604/dev;id=/;instance=cadvisor:8080;job=iot_service","2025-10-31T10:30:54Z","67108864"
"container_fs_limit_bytes","__name__=container_fs_limit_bytes;device=/var/lib/docker/rootfs/overlayfs/fdfc0724b613bbad2b29e38f548044caa8fa5ece06aea1f7630b8b07f070b604/rootfs/var/lib/docker/rootfs/overlayfs/fdfc0724b613bbad2b29e38f548044caa8fa5ece06aea1f7630b8b07f070b604/dev;id=/;instance=cadvisor:8080;job=iot_service","2025-10-31T10:31:09Z","67108864"
"container_fs_limit_bytes","__name__=container_fs_limit_bytes;device=/var/lib/docker/rootfs/overlayfs/fdfc0724b613bbad2b29e38f548044caa8fa5ece06aea1f7630b8b07f070b604/rootfs/var/lib/docker/rootfs/overlayfs/fdfc0724b613bbad2b29e38f548044caa8fa5ece06aea1f7630b8b07f070b604/dev/shm;id=/;instance=cadvisor:8080;job=iot_service","2025-10-31T10:16:09Z","67108864"
"container_fs_limit_bytes","__name__=container_fs_limit_bytes;device=/var/lib/docker/rootfs/overlayfs/fdfc0724b613bbad2b29e38f548044caa8fa5ece06aea1f7630b8b07f070b604/rootfs/var/lib/docker/rootfs/overlayfs/fdfc0724b613bbad2b29e38f548044caa8fa5ece06aea1f7630b8b07f070b604/dev/shm;id=/;instance=cadvisor:8080;job=iot_service","2025-10-31T10:16:24Z","67108864"
"container_fs_limit_bytes","__name__=container_fs_limit_bytes;device=/var/lib/docker/rootfs/overlayfs/fdfc0724b613bbad2b29e38f548044caa8fa5ece06aea1f7630b8b07f070b604/rootfs/var/lib/docker/rootfs/overlayfs/fdfc0724b613bbad2b29e38f548044caa8fa5ece06aea1f7630b8b07f070b604/dev/shm;id=/;instance=cadvisor:8080;job=iot_service","2025-10-31T10:16:39Z","67108864"
"container_fs_limit_bytes","__name__=container_fs_limit_bytes;device=/var/lib/docker/rootfs/overlayfs/fdfc0724b613bbad2b29e38f548044caa8fa5ece06aea1f7630b8b07f070b604/rootfs/var/lib/docker/rootfs/overlayfs/fdfc0724b613bbad2b29e38f548044caa8fa5ece06aea1f7630b8b07f070b604/dev/shm;id=/;instance=cadvisor:8080;job=iot_service","2025-10-31T10:16:54Z","67108864"
"container_fs_limit_bytes","__name__=container_fs_limit_bytes;device=/var/lib/docker/rootfs/overlayfs/fdfc0724b613bbad2b29e38f548044caa8fa5ece06aea1f7630b8b07f070b604/rootfs/var/lib/docker/rootfs/overlayfs/fdfc0724b613bbad2b29e38f548044caa8fa5ece06aea1f7630b8b07f070b604/dev/shm;id=/;instance=cadvisor:8080;job=iot_service","2025-10-31T10:17:09Z","67108864"
"container_fs_limit_bytes","__name__=container_fs_limit_bytes;device=/var/lib/docker/rootfs/overlayfs/fdfc0724b613bbad2b29e38f548044caa8fa5ece06aea1f7630b8b07f070b604/rootfs/var/lib/docker/rootfs/overlayfs/fdfc0724b613bbad2b29e38f548044caa8fa5ece06aea1f7630b8b07f070b604/dev/shm;id=/;instance=cadvisor:8080;job=iot_service","2025-10-31T10:17:24Z","67108864"
"container_fs_limit_bytes","__name__=container_fs_limit_bytes;device=/var/lib/docker/rootfs/overlayfs/fdfc0724b613bbad2b29e38f548044caa8fa5ece06aea1f7630b8b07f070b604/rootfs/var/lib/docker/rootfs/overlayfs/fdfc0724b613bbad2b29e38f548044caa8fa5ece06aea1f7630b8b07f070b604/dev/shm;id=/;instance=cadvisor:8080;job=iot_service","2025-10-31T10:17:39Z","67108864"
"container_fs_limit_bytes","__name__=container_fs_limit_bytes;device=/var/lib/docker/rootfs/overlayfs/fdfc0724b613bbad2b29e38f548044caa8fa5ece06aea1f7630b8b07f070b604/rootfs/var/lib/docker/rootfs/overlayfs/fdfc0724b613bbad2b29e38f548044caa8fa5ece06aea1f7630b8b07f070b604/dev/shm;id=/;instance=cadvisor:8080;job=iot_service","2025-10-31T10:17:54Z","67108864"
"container_fs_limit_bytes","__name__=container_fs_limit_bytes;device=/var/lib/docker/rootfs/overlayfs/fdfc0724b613bbad2b29e38f548044caa8fa5ece06aea1f7630b8b07f070b604/rootfs/var/lib/docker/rootfs/overlayfs/fdfc0724b613bbad2b29e38f548044caa8fa5ece06aea1f7630b8b07f070b604/dev/shm;id=/;instance=cadvisor:8080;job=iot_service","2025-10-31T10:18:09Z","67108864"
"container_fs_limit_bytes","__name__=container_fs_limit_bytes;device=/var/lib/docker/rootfs/overlayfs/fdfc0724b613bbad2b29e38f548044caa8fa5ece06aea1f7630b8b07f070b604/rootfs/var/lib/docker/rootfs/overlayfs/fdfc0724b613bbad2b29e38f548044caa8fa5ece06aea1f7630b8b07f070b604/dev/shm;id=/;instance=cadvisor:8080;job=iot_service","2025-10-31T10:18:24Z","67108864"
"container_fs_limit_bytes","__name__=container_fs_limit_bytes;device=/var/lib/docker/rootfs/overlayfs/fdfc0724b613bbad2b29e38f548044caa8fa5ece06aea1f7630b8b07f070b604/rootfs/var/lib/docker/rootfs/overlayfs/fdfc0724b613bbad2b29e38f548044caa8fa5ece06aea1f7630b8b07f070b604/dev/shm;id=/;instance=cadvisor:8080;job=iot_service","2025-10-31T10:18:39Z","67108864"
"container_fs_limit_bytes","__name__=container_fs_limit_bytes;device=/var/lib/docker/rootfs/overlayfs/fdfc0724b613bbad2b29e38f548044caa8fa5ece06aea1f7630b8b07f070b604/rootfs/var/lib/docker/rootfs/overlayfs/fdfc0724b613bbad2b29e38f548044caa8fa5ece06aea1f7630b8b07f070b604/dev/shm;id=/;instance=cadvisor:8080;job=iot_service","2025-10-31T10:18:54Z","67108864"
"container_fs_limit_bytes","__name__=container_fs_limit_bytes;device=/var/lib/docker/rootfs/overlayfs/fdfc0724b613bbad2b29e38f548044caa8fa5ece06aea1f7630b8b07f070b604/rootfs/var/lib/docker/rootfs/overlayfs/fdfc0724b613bbad2b29e38f548044caa8fa5ece06aea1f7630b8b07f070b604/dev/shm;id=/;instance=cadvisor:8080;job=iot_service","2025-10-31T10:19:09Z","67108864"
"container_fs_limit_bytes","__name__=container_fs_limit_bytes;device=/var/lib/docker/rootfs/overlayfs/fdfc0724b613bbad2b29e38f548044caa8fa5ece06aea1f7630b8b07f070b604/rootfs/var/lib/docker/rootfs/overlayfs/fdfc0724b613bbad2b29e38f548044caa8fa5ece06aea1f7630b8b07f070b604/dev/shm;id=/;instance=cadvisor:8080;job=iot_service","2025-10-31T10:19:24Z","67108864"
"container_fs_limit_bytes","__name__=container_fs_limit_bytes;device=/var/lib/docker/rootfs/overlayfs/fdfc0724b613bbad2b29e38f548044caa8fa5ece06aea1f7630b8b07f070b604/rootfs/var/lib/docker/rootfs/overlayfs/fdfc0724b613bbad2b29e38f548044caa8fa5ece06aea1f7630b8b07f070b604/dev/shm;id=/;instance=cadvisor:8080;job=iot_service","2025-10-31T10:19:39Z","67108864"
"container_fs_limit_bytes","__name__=container_fs_limit_bytes;device=/var/lib/docker/rootfs/overlayfs/fdfc0724b613bbad2b29e38f548044caa8fa5ece06aea1f7630b8b07f070b604/rootfs/var/lib/docker/rootfs/overlayfs/fdfc0724b613bbad2b29e38f548044caa8fa5ece06aea1f7630b8b07f070b604/dev/shm;id=/;instance=cadvisor:8080;job=iot_service","2025-10-31T10:19:54Z","67108864"
"container_fs_limit_bytes","__name__=container_fs_limit_bytes;device=/var/lib/docker/rootfs/overlayfs/fdfc0724b613bbad2b29e38f548044caa8fa5ece06aea1f7630b8b07f070b604/rootfs/var/lib/docker/rootfs/overlayfs/fdfc0724b613bbad2b29e38f548044caa8fa5ece06aea1f7630b8b07f070b604/dev/shm;id=/;instance=cadvisor:8080;job=iot_service","2025-10-31T10:20:09Z","67108864"
"container_fs_limit_bytes","__name__=container_fs_limit_bytes;device=/var/lib/docker/rootfs/overlayfs/fdfc0724b613bbad2b29e38f548044caa8fa5ece06aea1f7630b8b07f070b604/rootfs/var/lib/docker/rootfs/overlayfs/fdfc0724b613bbad2b29e38f548044caa8fa5ece06aea1f7630b8b07f070b604/dev/shm;id=/;instance=cadvisor:8080;job=iot_service","2025-10-31T10:20:24Z","67108864"
"container_fs_limit_bytes","__name__=container_fs_limit_bytes;device=/var/lib/docker/rootfs/overlayfs/fdfc0724b613bbad2b29e38f548044caa8fa5ece06aea1f7630b8b07f070b604/rootfs/var/lib/docker/rootfs/overlayfs/fdfc0724b613bbad2b29e38f548044caa8fa5ece06aea1f7630b8b07f070b604/dev/shm;id=/;instance=cadvisor:8080;job=iot_service","2025-10-31T10:20:39Z","67108864"
"container_fs_limit_bytes","__name__=container_fs_limit_bytes;device=/var/lib/docker/rootfs/overlayfs/fdfc0724b613bbad2b29e38f548044caa8fa5ece06aea1f7630b8b07f070b604/rootfs/var/lib/docker/rootfs/overlayfs/fdfc0724b613bbad2b29e38f548044caa8fa5ece06aea1f7630b8b07f070b604/dev/shm;id=/;instance=cadvisor:8080;job=iot_service","2025-10-31T10:20:54Z","67108864"
"container_fs_limit_bytes","__name__=container_fs_limit_bytes;device=/var/lib/docker/rootfs/overlayfs/fdfc0724b613bbad2b29e38f548044caa8fa5ece06aea1f7630b8b07f070b604/rootfs/var/lib/docker/rootfs/overlayfs/fdfc0724b613bbad2b29e38f548044caa8fa5ece06aea1f7630b8b07f070b604/dev/shm;id=/;instance=cadvisor:8080;job=iot_service","2025-10-31T10:21:09Z","67108864"
"container_fs_limit_bytes","__name__=container_fs_limit_bytes;device=/var/lib/docker/rootfs/overlayfs/fdfc0724b613bbad2b29e38f548044caa8fa5ece06aea1f7630b8b07f070b604/rootfs/var/lib/docker/rootfs/overlayfs/fdfc0724b613bbad2b29e38f548044caa8fa5ece06aea1f7630b8b07f070b604/dev/shm;id=/;instance=cadvisor:8080;job=iot_service","2025-10-31T10:21:24Z","67108864"
"container_fs_limit_bytes","__name__=container_fs_limit_bytes;device=/var/lib/docker/rootfs/overlayfs/fdfc0724b613bbad2b29e38f548044caa8fa5ece06aea1f7630b8b07f070b604/rootfs/var/lib/docker/rootfs/overlayfs/fdfc0724b613bbad2b29e38f548044caa8fa5ece06aea1f7630b8b07f070b604/dev/shm;id=/;instance=cadvisor:8080;job=iot_service","2025-10-31T10:21:39Z","67108864"
"container_fs_limit_bytes","__name__=container_fs_limit_bytes;device=/var/lib/docker/rootfs/overlayfs/fdfc0724b613bbad2b29e38f548044caa8fa5ece06aea1f7630b8b07f070b604/rootfs/var/lib/docker/rootfs/overlayfs/fdfc0724b613bbad2b29e38f548044caa8fa5ece06aea1f7630b8b07f070b604/dev/shm;id=/;instance=cadvisor:8080;job=iot_service","2025-10-31T10:21:54Z","67108864"
"container_fs_limit_bytes","__name__=container_fs_limit_bytes;device=/var/lib/docker/rootfs/overlayfs/fdfc0724b613bbad2b29e38f548044caa8fa5ece06aea1f7630b8b07f070b604/rootfs/var/lib/docker/rootfs/overlayfs/fdfc0724b613bbad2b29e38f548044caa8fa5ece06aea1f7630b8b07f070b604/dev/shm;id=/;instance=cadvisor:8080;job=iot_service","2025-10-31T10:22:09Z","67108864"
"container_fs_limit_bytes","__name__=container_fs_limit_bytes;device=/var/lib/docker/rootfs/overlayfs/fdfc0724b613bbad2b29e38f548044caa8fa5ece06aea1f7630b8b07f070b604/rootfs/var/lib/docker/rootfs/overlayfs/fdfc0724b613bbad2b29e38f548044caa8fa5ece06aea1f7630b8b07f070b604/dev/shm;id=/;instance=cadvisor:8080;job=iot_service","2025-10-31T10:22:24Z","67108864"
"container_fs_limit_bytes","__name__=container_fs_limit_bytes;device=/var/lib/docker/rootfs/overlayfs/fdfc0724b613bbad2b29e38f548044caa8fa5ece06aea1f7630b8b07f070b604/rootfs/var/lib/docker/rootfs/overlayfs/fdfc0724b613bbad2b29e38f548044caa8fa5ece06aea1f7630b8b07f070b604/dev/shm;id=/;instance=cadvisor:8080;job=iot_service","2025-10-31T10:22:39Z","67108864"
"container_fs_limit_bytes","__name__=container_fs_limit_bytes;device=/var/lib/docker/rootfs/overlayfs/fdfc0724b613bbad2b29e38f548044caa8fa5ece06aea1f7630b8b07f070b604/rootfs/var/lib/docker/rootfs/overlayfs/fdfc0724b613bbad2b29e38f548044caa8fa5ece06aea1f7630b8b07f070b604/dev/shm;id=/;instance=cadvisor:8080;job=iot_service","2025-10-31T10:22:54Z","67108864"
"container_fs_limit_bytes","__name__=container_fs_limit_bytes;device=/var/lib/docker/rootfs/overlayfs/fdfc0724b613bbad2b29e38f548044caa8fa5ece06aea1f7630b8b07f070b604/rootfs/var/lib/docker/rootfs/overlayfs/fdfc0724b613bbad2b29e38f548044caa8fa5ece06aea1f7630b8b07f070b604/dev/shm;id=/;instance=cadvisor:8080;job=iot_service","2025-10-31T10:23:09Z","67108864"
"container_fs_limit_bytes","__name__=container_fs_limit_bytes;device=/var/lib/docker/rootfs/overlayfs/fdfc0724b613bbad2b29e38f548044caa8fa5ece06aea1f7630b8b07f070b604/rootfs/var/lib/docker/rootfs/overlayfs/fdfc0724b613bbad2b29e38f548044caa8fa5ece06aea1f7630b8b07f070b604/dev/shm;id=/;instance=cadvisor:8080;job=iot_service","2025-10-31T10:23:24Z","67108864"
"container_fs_limit_bytes","__name__=container_fs_limit_bytes;device=/var/lib/docker/rootfs/overlayfs/fdfc0724b613bbad2b29e38f548044caa8fa5ece06aea1f7630b8b07f070b604/rootfs/var/lib/docker/rootfs/overlayfs/fdfc0724b613bbad2b29e38f548044caa8fa5ece06aea1f7630b8b07f070b604/dev/shm;id=/;instance=cadvisor:8080;job=iot_service","2025-10-31T10:23:39Z","67108864"
"container_fs_limit_bytes","__name__=container_fs_limit_bytes;device=/var/lib/docker/rootfs/overlayfs/fdfc0724b613bbad2b29e38f548044caa8fa5ece06aea1f7630b8b07f070b604/rootfs/var/lib/docker/rootfs/overlayfs/fdfc0724b613bbad2b29e38f548044caa8fa5ece06aea1f7630b8b07f070b604/dev/shm;id=/;instance=cadvisor:8080;job=iot_service","2025-10-31T10:23:54Z","67108864"
"container_fs_limit_bytes","__name__=container_fs_limit_bytes;device=/var/lib/docker/rootfs/overlayfs/fdfc0724b613bbad2b29e38f548044caa8fa5ece06aea1f7630b8b07f070b604/rootfs/var/lib/docker/rootfs/overlayfs/fdfc0724b613bbad2b29e38f548044caa8fa5ece06aea1f7630b8b07f070b604/dev/shm;id=/;instance=cadvisor:8080;job=iot_service","2025-10-31T10:24:09Z","67108864"
"container_fs_limit_bytes","__name__=container_fs_limit_bytes;device=/var/lib/docker/rootfs/overlayfs/fdfc0724b613bbad2b29e38f548044caa8fa5ece06aea1f7630b8b07f070b604/rootfs/var/lib/docker/rootfs/overlayfs/fdfc0724b613bbad2b29e38f548044caa8fa5ece06aea1f7630b8b07f070b604/dev/shm;id=/;instance=cadvisor:8080;job=iot_service","2025-10-31T10:24:24Z","67108864"
"container_fs_limit_bytes","__name__=container_fs_limit_bytes;device=/var/lib/docker/rootfs/overlayfs/fdfc0724b613bbad2b29e38f548044caa8fa5ece06aea1f7630b8b07f070b604/rootfs/var/lib/docker/rootfs/overlayfs/fdfc0724b613bbad2b29e38f548044caa8fa5ece06aea1f7630b8b07f070b604/dev/shm;id=/;instance=cadvisor:8080;job=iot_service","2025-10-31T10:24:39Z","67108864"
"container_fs_limit_bytes","__name__=container_fs_limit_bytes;device=/var/lib/docker/rootfs/overlayfs/fdfc0724b613bbad2b29e38f548044caa8fa5ece06aea1f7630b8b07f070b604/rootfs/var/lib/docker/rootfs/overlayfs/fdfc0724b613bbad2b29e38f548044caa8fa5ece06aea1f7630b8b07f070b604/dev/shm;id=/;instance=cadvisor:8080;job=iot_service","2025-10-31T10:24:54Z","67108864"
"container_fs_limit_bytes","__name__=container_fs_limit_bytes;device=/var/lib/docker/rootfs/overlayfs/fdfc0724b613bbad2b29e38f548044caa8fa5ece06aea1f7630b8b07f070b604/rootfs/var/lib/docker/rootfs/overlayfs/fdfc0724b613bbad2b29e38f548044caa8fa5ece06aea1f7630b8b07f070b604/dev/shm;id=/;instance=cadvisor:8080;job=iot_service","2025-10-31T10:25:09Z","67108864"
"container_fs_limit_bytes","__name__=container_fs_limit_bytes;device=/var/lib/docker/rootfs/overlayfs/fdfc0724b613bbad2b29e38f548044caa8fa5ece06aea1f7630b8b07f070b604/rootfs/var/lib/docker/rootfs/overlayfs/fdfc0724b613bbad2b29e38f548044caa8fa5ece06aea1f7630b8b07f070b604/dev/shm;id=/;instance=cadvisor:8080;job=iot_service","2025-10-31T10:25:24Z","67108864"
"container_fs_limit_bytes","__name__=container_fs_limit_bytes;device=/var/lib/docker/rootfs/overlayfs/fdfc0724b613bbad2b29e38f548044caa8fa5ece06aea1f7630b8b07f070b604/rootfs/var/lib/docker/rootfs/overlayfs/fdfc0724b613bbad2b29e38f548044caa8fa5ece06aea1f7630b8b07f070b604/dev/shm;id=/;instance=cadvisor:8080;job=iot_service","2025-10-31T10:25:39Z","67108864"
"container_fs_limit_bytes","__name__=container_fs_limit_bytes;device=/var/lib/docker/rootfs/overlayfs/fdfc0724b613bbad2b29e38f548044caa8fa5ece06aea1f7630b8b07f070b604/rootfs/var/lib/docker/rootfs/overlayfs/fdfc0724b613bbad2b29e38f548044caa8fa5ece06aea1f7630b8b07f070b604/dev/shm;id=/;instance=cadvisor:8080;job=iot_service","2025-10-31T10:25:54Z","67108864"
"container_fs_limit_bytes","__name__=container_fs_limit_bytes;device=/var/lib/docker/rootfs/overlayfs/fdfc0724b613bbad2b29e38f548044caa8fa5ece06aea1f7630b8b07f070b604/rootfs/var/lib/docker/rootfs/overlayfs/fdfc0724b613bbad2b29e38f548044caa8fa5ece06aea1f7630b8b07f070b604/dev/shm;id=/;instance=cadvisor:8080;job=iot_service","2025-10-31T10:26:09Z","67108864"
"container_fs_limit_bytes","__name__=container_fs_limit_bytes;device=/var/lib/docker/rootfs/overlayfs/fdfc0724b613bbad2b29e38f548044caa8fa5ece06aea1f7630b8b07f070b604/rootfs/var/lib/docker/rootfs/overlayfs/fdfc0724b613bbad2b29e38f548044caa8fa5ece06aea1f7630b8b07f070b604/dev/shm;id=/;instance=cadvisor:8080;job=iot_service","2025-10-31T10:26:24Z","67108864"
"container_fs_limit_bytes","__name__=container_fs_limit_bytes;device=/var/lib/docker/rootfs/overlayfs/fdfc0724b613bbad2b29e38f548044caa8fa5ece06aea1f7630b8b07f070b604/rootfs/var/lib/docker/rootfs/overlayfs/fdfc0724b613bbad2b29e38f548044caa8fa5ece06aea1f7630b8b07f070b604/dev/shm;id=/;instance=cadvisor:8080;job=iot_service","2025-10-31T10:26:39Z","67108864"
"container_fs_limit_bytes","__name__=container_fs_limit_bytes;device=/var/lib/docker/rootfs/overlayfs/fdfc0724b613bbad2b29e38f548044caa8fa5ece06aea1f7630b8b07f070b604/rootfs/var/lib/docker/rootfs/overlayfs/fdfc0724b613bbad2b29e38f548044caa8fa5ece06aea1f7630b8b07f070b604/dev/shm;id=/;instance=cadvisor:8080;job=iot_service","2025-10-31T10:26:54Z","67108864"
"container_fs_limit_bytes","__name__=container_fs_limit_bytes;device=/var/lib/docker/rootfs/overlayfs/fdfc0724b613bbad2b29e38f548044caa8fa5ece06aea1f7630b8b07f070b604/rootfs/var/lib/docker/rootfs/overlayfs/fdfc0724b613bbad2b29e38f548044caa8fa5ece06aea1f7630b8b07f070b604/dev/shm;id=/;instance=cadvisor:8080;job=iot_service","2025-10-31T10:27:09Z","67108864"
"container_fs_limit_bytes","__name__=container_fs_limit_bytes;device=/var/lib/docker/rootfs/overlayfs/fdfc0724b613bbad2b29e38f548044caa8fa5ece06aea1f7630b8b07f070b604/rootfs/var/lib/docker/rootfs/overlayfs/fdfc0724b613bbad2b29e38f548044caa8fa5ece06aea1f7630b8b07f070b604/dev/shm;id=/;instance=cadvisor:8080;job=iot_service","2025-10-31T10:27:24Z","67108864"
"container_fs_limit_bytes","__name__=container_fs_limit_bytes;device=/var/lib/docker/rootfs/overlayfs/fdfc0724b613bbad2b29e38f548044caa8fa5ece06aea1f7630b8b07f070b604/rootfs/var/lib/docker/rootfs/overlayfs/fdfc0724b613bbad2b29e38f548044caa8fa5ece06aea1f7630b8b07f070b604/dev/shm;id=/;instance=cadvisor:8080;job=iot_service","2025-10-31T10:27:39Z","67108864"
"container_fs_limit_bytes","__name__=container_fs_limit_bytes;device=/var/lib/docker/rootfs/overlayfs/fdfc0724b613bbad2b29e38f548044caa8fa5ece06aea1f7630b8b07f070b604/rootfs/var/lib/docker/rootfs/overlayfs/fdfc0724b613bbad2b29e38f548044caa8fa5ece06aea1f7630b8b07f070b604/dev/shm;id=/;instance=cadvisor:8080;job=iot_service","2025-10-31T10:27:54Z","67108864"
"container_fs_limit_bytes","__name__=container_fs_limit_bytes;device=/var/lib/docker/rootfs/overlayfs/fdfc0724b613bbad2b29e38f548044caa8fa5ece06aea1f7630b8b07f070b604/rootfs/var/lib/docker/rootfs/overlayfs/fdfc0724b613bbad2b29e38f548044caa8fa5ece06aea1f7630b8b07f070b604/dev/shm;id=/;instance=cadvisor:8080;job=iot_service","2025-10-31T10:28:09Z","67108864"
"container_fs_limit_bytes","__name__=container_fs_limit_bytes;device=/var/lib/docker/rootfs/overlayfs/fdfc0724b613bbad2b29e38f548044caa8fa5ece06aea1f7630b8b07f070b604/rootfs/var/lib/docker/rootfs/overlayfs/fdfc0724b613bbad2b29e38f548044caa8fa5ece06aea1f7630b8b07f070b604/dev/shm;id=/;instance=cadvisor:8080;job=iot_service","2025-10-31T10:28:24Z","67108864"
"container_fs_limit_bytes","__name__=container_fs_limit_bytes;device=/var/lib/docker/rootfs/overlayfs/fdfc0724b613bbad2b29e38f548044caa8fa5ece06aea1f7630b8b07f070b604/rootfs/var/lib/docker/rootfs/overlayfs/fdfc0724b613bbad2b29e38f548044caa8fa5ece06aea1f7630b8b07f070b604/dev/shm;id=/;instance=cadvisor:8080;job=iot_service","2025-10-31T10:28:39Z","67108864"
"container_fs_limit_bytes","__name__=container_fs_limit_bytes;device=/var/lib/docker/rootfs/overlayfs/fdfc0724b613bbad2b29e38f548044caa8fa5ece06aea1f7630b8b07f070b604/rootfs/var/lib/docker/rootfs/overlayfs/fdfc0724b613bbad2b29e38f548044caa8fa5ece06aea1f7630b8b07f070b604/dev/shm;id=/;instance=cadvisor:8080;job=iot_service","2025-10-31T10:28:54Z","67108864"
"container_fs_limit_bytes","__name__=container_fs_limit_bytes;device=/var/lib/docker/rootfs/overlayfs/fdfc0724b613bbad2b29e38f548044caa8fa5ece06aea1f7630b8b07f070b604/rootfs/var/lib/docker/rootfs/overlayfs/fdfc0724b613bbad2b29e38f548044caa8fa5ece06aea1f7630b8b07f070b604/dev/shm;id=/;instance=cadvisor:8080;job=iot_service","2025-10-31T10:29:09Z","67108864"
"container_fs_limit_bytes","__name__=container_fs_limit_bytes;device=/var/lib/docker/rootfs/overlayfs/fdfc0724b613bbad2b29e38f548044caa8fa5ece06aea1f7630b8b07f070b604/rootfs/var/lib/docker/rootfs/overlayfs/fdfc0724b613bbad2b29e38f548044caa8fa5ece06aea1f7630b8b07f070b604/dev/shm;id=/;instance=cadvisor:8080;job=iot_service","2025-10-31T10:29:24Z","67108864"
"container_fs_limit_bytes","__name__=container_fs_limit_bytes;device=/var/lib/docker/rootfs/overlayfs/fdfc0724b613bbad2b29e38f548044caa8fa5ece06aea1f7630b8b07f070b604/rootfs/var/lib/docker/rootfs/overlayfs/fdfc0724b613bbad2b29e38f548044caa8fa5ece06aea1f7630b8b07f070b604/dev/shm;id=/;instance=cadvisor:8080;job=iot_service","2025-10-31T10:29:39Z","67108864"
"container_fs_limit_bytes","__name__=container_fs_limit_bytes;device=/var/lib/docker/rootfs/overlayfs/fdfc0724b613bbad2b29e38f548044caa8fa5ece06aea1f7630b8b07f070b604/rootfs/var/lib/docker/rootfs/overlayfs/fdfc0724b613bbad2b29e38f548044caa8fa5ece06aea1f7630b8b07f070b604/dev/shm;id=/;instance=cadvisor:8080;job=iot_service","2025-10-31T10:29:54Z","67108864"
"container_fs_limit_bytes","__name__=container_fs_limit_bytes;device=/var/lib/docker/rootfs/overlayfs/fdfc0724b613bbad2b29e38f548044caa8fa5ece06aea1f7630b8b07f070b604/rootfs/var/lib/docker/rootfs/overlayfs/fdfc0724b613bbad2b29e38f548044caa8fa5ece06aea1f7630b8b07f070b604/dev/shm;id=/;instance=cadvisor:8080;job=iot_service","2025-10-31T10:30:09Z","67108864"
"container_fs_limit_bytes","__name__=container_fs_limit_bytes;device=/var/lib/docker/rootfs/overlayfs/fdfc0724b613bbad2b29e38f548044caa8fa5ece06aea1f7630b8b07f070b604/rootfs/var/lib/docker/rootfs/overlayfs/fdfc0724b613bbad2b29e38f548044caa8fa5ece06aea1f7630b8b07f070b604/dev/shm;id=/;instance=cadvisor:8080;job=iot_service","2025-10-31T10:30:24Z","67108864"
"container_fs_limit_bytes","__name__=container_fs_limit_bytes;device=/var/lib/docker/rootfs/overlayfs/fdfc0724b613bbad2b29e38f548044caa8fa5ece06aea1f7630b8b07f070b604/rootfs/var/lib/docker/rootfs/overlayfs/fdfc0724b613bbad2b29e38f548044caa8fa5ece06aea1f7630b8b07f070b604/dev/shm;id=/;instance=cadvisor:8080;job=iot_service","2025-10-31T10:30:39Z","67108864"
"container_fs_limit_bytes","__name__=container_fs_limit_bytes;device=/var/lib/docker/rootfs/overlayfs/fdfc0724b613bbad2b29e38f548044caa8fa5ece06aea1f7630b8b07f070b604/rootfs/var/lib/docker/rootfs/overlayfs/fdfc0724b613bbad2b29e38f548044caa8fa5ece06aea1f7630b8b07f070b604/dev/shm;id=/;instance=cadvisor:8080;job=iot_service","2025-10-31T10:30:54Z","67108864"
"container_fs_limit_bytes","__name__=container_fs_limit_bytes;device=/var/lib/docker/rootfs/overlayfs/fdfc0724b613bbad2b29e38f548044caa8fa5ece06aea1f7630b8b07f070b604/rootfs/var/lib/docker/rootfs/overlayfs/fdfc0724b613bbad2b29e38f548044caa8fa5ece06aea1f7630b8b07f070b604/dev/shm;id=/;instance=cadvisor:8080;job=iot_service","2025-10-31T10:31:09Z","67108864"
"container_fs_limit_bytes","__name__=container_fs_limit_bytes;device=overlay_0-24;id=/;instance=cadvisor:8080;job=iot_service","2025-10-31T10:16:09Z","821776384"
"container_fs_limit_bytes","__name__=container_fs_limit_bytes;device=overlay_0-24;id=/;instance=cadvisor:8080;job=iot_service","2025-10-31T10:16:24Z","821776384"
"container_fs_limit_bytes","__name__=container_fs_limit_bytes;device=overlay_0-24;id=/;instance=cadvisor:8080;job=iot_service","2025-10-31T10:16:39Z","821776384"
"container_fs_limit_bytes","__name__=container_fs_limit_bytes;device=overlay_0-24;id=/;instance=cadvisor:8080;job=iot_service","2025-10-31T10:16:54Z","821776384"
"container_fs_limit_bytes","__name__=container_fs_limit_bytes;device=overlay_0-24;id=/;instance=cadvisor:8080;job=iot_service","2025-10-31T10:17:09Z","821776384"
"container_fs_limit_bytes","__name__=container_fs_limit_bytes;device=overlay_0-24;id=/;instance=cadvisor:8080;job=iot_service","2025-10-31T10:17:24Z","821776384"
"container_fs_limit_bytes","__name__=container_fs_limit_bytes;device=overlay_0-24;id=/;instance=cadvisor:8080;job=iot_service","2025-10-31T10:17:39Z","821776384"
"container_fs_limit_bytes","__name__=container_fs_limit_bytes;device=overlay_0-24;id=/;instance=cadvisor:8080;job=iot_service","2025-10-31T10:17:54Z","821776384"
"container_fs_limit_bytes","__name__=container_fs_limit_bytes;device=overlay_0-24;id=/;instance=cadvisor:8080;job=iot_service","2025-10-31T10:18:09Z","821776384"
"container_fs_limit_bytes","__name__=container_fs_limit_bytes;device=overlay_0-24;id=/;instance=cadvisor:8080;job=iot_service","2025-10-31T10:18:24Z","821776384"
"container_fs_limit_bytes","__name__=container_fs_limit_bytes;device=overlay_0-24;id=/;instance=cadvisor:8080;job=iot_service","2025-10-31T10:18:39Z","821776384"
"container_fs_limit_bytes","__name__=container_fs_limit_bytes;device=overlay_0-24;id=/;instance=cadvisor:8080;job=iot_service","2025-10-31T10:18:54Z","821776384"
"container_fs_limit_bytes","__name__=container_fs_limit_bytes;device=overlay_0-24;id=/;instance=cadvisor:8080;job=iot_service","2025-10-31T10:19:09Z","821776384"
"container_fs_limit_bytes","__name__=container_fs_limit_bytes;device=overlay_0-24;id=/;instance=cadvisor:8080;job=iot_service","2025-10-31T10:19:24Z","821776384"
"container_fs_limit_bytes","__name__=container_fs_limit_bytes;device=overlay_0-24;id=/;instance=cadvisor:8080;job=iot_service","2025-10-31T10:19:39Z","821776384"
"container_fs_limit_bytes","__name__=container_fs_limit_bytes;device=overlay_0-24;id=/;instance=cadvisor:8080;job=iot_service","2025-10-31T10:19:54Z","821776384"
"container_fs_limit_bytes","__name__=container_fs_limit_bytes;device=overlay_0-24;id=/;instance=cadvisor:8080;job=iot_service","2025-10-31T10:20:09Z","821776384"
"container_fs_limit_bytes","__name__=container_fs_limit_bytes;device=overlay_0-24;id=/;instance=cadvisor:8080;job=iot_service","2025-10-31T10:20:24Z","821776384"
"container_fs_limit_bytes","__name__=container_fs_limit_bytes;device=overlay_0-24;id=/;instance=cadvisor:8080;job=iot_service","2025-10-31T10:20:39Z","821776384"
"container_fs_limit_bytes","__name__=container_fs_limit_bytes;device=overlay_0-24;id=/;instance=cadvisor:8080;job=iot_service","2025-10-31T10:20:54Z","821776384"
"container_fs_limit_bytes","__name__=container_fs_limit_bytes;device=overlay_0-24;id=/;instance=cadvisor:8080;job=iot_service","2025-10-31T10:21:09Z","821776384"
"container_fs_limit_bytes","__name__=container_fs_limit_bytes;device=overlay_0-24;id=/;instance=cadvisor:8080;job=iot_service","2025-10-31T10:21:24Z","821776384"
"container_fs_limit_bytes","__name__=container_fs_limit_bytes;device=overlay_0-24;id=/;instance=cadvisor:8080;job=iot_service","2025-10-31T10:21:39Z","821776384"
"container_fs_limit_bytes","__name__=container_fs_limit_bytes;device=overlay_0-24;id=/;instance=cadvisor:8080;job=iot_service","2025-10-31T10:21:54Z","821776384"
"container_fs_limit_bytes","__name__=container_fs_limit_bytes;device=overlay_0-24;id=/;instance=cadvisor:8080;job=iot_service","2025-10-31T10:22:09Z","821776384"
"container_fs_limit_bytes","__name__=container_fs_limit_bytes;device=overlay_0-24;id=/;instance=cadvisor:8080;job=iot_service","2025-10-31T10:22:24Z","821776384"
"container_fs_limit_bytes","__name__=container_fs_limit_bytes;device=overlay_0-24;id=/;instance=cadvisor:8080;job=iot_service","2025-10-31T10:22:39Z","821776384"
"container_fs_limit_bytes","__name__=container_fs_limit_bytes;device=overlay_0-24;id=/;instance=cadvisor:8080;job=iot_service","2025-10-31T10:22:54Z","821776384"
"container_fs_limit_bytes","__name__=container_fs_limit_bytes;device=overlay_0-24;id=/;instance=cadvisor:8080;job=iot_service","2025-10-31T10:23:09Z","821776384"
"container_fs_limit_bytes","__name__=container_fs_limit_bytes;device=overlay_0-24;id=/;instance=cadvisor:8080;job=iot_service","2025-10-31T10:23:24Z","821776384"
"container_fs_limit_bytes","__name__=container_fs_limit_bytes;device=overlay_0-24;id=/;instance=cadvisor:8080;job=iot_service","2025-10-31T10:23:39Z","821776384"
"container_fs_limit_bytes","__name__=container_fs_limit_bytes;device=overlay_0-24;id=/;instance=cadvisor:8080;job=iot_service","2025-10-31T10:23:54Z","821776384"
"container_fs_limit_bytes","__name__=container_fs_limit_bytes;device=overlay_0-24;id=/;instance=cadvisor:8080;job=iot_service","2025-10-31T10:24:09Z","821776384"
"container_fs_limit_bytes","__name__=container_fs_limit_bytes;device=overlay_0-24;id=/;instance=cadvisor:8080;job=iot_service","2025-10-31T10:24:24Z","821776384"
"container_fs_limit_bytes","__name__=container_fs_limit_bytes;device=overlay_0-24;id=/;instance=cadvisor:8080;job=iot_service","2025-10-31T10:24:39Z","821776384"
"container_fs_limit_bytes","__name__=container_fs_limit_bytes;device=overlay_0-24;id=/;instance=cadvisor:8080;job=iot_service","2025-10-31T10:24:54Z","821776384"
"container_fs_limit_bytes","__name__=container_fs_limit_bytes;device=overlay_0-24;id=/;instance=cadvisor:8080;job=iot_service","2025-10-31T10:25:09Z","821776384"
"container_fs_limit_bytes","__name__=container_fs_limit_bytes;device=overlay_0-24;id=/;instance=cadvisor:8080;job=iot_service","2025-10-31T10:25:24Z","821776384"
"container_fs_limit_bytes","__name__=container_fs_limit_bytes;device=overlay_0-24;id=/;instance=cadvisor:8080;job=iot_service","2025-10-31T10:25:39Z","821776384"
"container_fs_limit_bytes","__name__=container_fs_limit_bytes;device=overlay_0-24;id=/;instance=cadvisor:8080;job=iot_service","2025-10-31T10:25:54Z","821776384"
"container_fs_limit_bytes","__name__=container_fs_limit_bytes;device=overlay_0-24;id=/;instance=cadvisor:8080;job=iot_service","2025-10-31T10:26:09Z","821776384"
"container_fs_limit_bytes","__name__=container_fs_limit_bytes;device=overlay_0-24;id=/;instance=cadvisor:8080;job=iot_service","2025-10-31T10:26:24Z","821776384"
"container_fs_limit_bytes","__name__=container_fs_limit_bytes;device=overlay_0-24;id=/;instance=cadvisor:8080;job=iot_service","2025-10-31T10:26:39Z","821776384"
"container_fs_limit_bytes","__name__=container_fs_limit_bytes;device=overlay_0-24;id=/;instance=cadvisor:8080;job=iot_service","2025-10-31T10:26:54Z","821776384"
"container_fs_limit_bytes","__name__=container_fs_limit_bytes;device=overlay_0-24;id=/;instance=cadvisor:8080;job=iot_service","2025-10-31T10:27:09Z","821776384"
"container_fs_limit_bytes","__name__=container_fs_limit_bytes;device=overlay_0-24;id=/;instance=cadvisor:8080;job=iot_service","2025-10-31T10:27:24Z","821776384"
"container_fs_limit_bytes","__name__=container_fs_limit_bytes;device=overlay_0-24;id=/;instance=cadvisor:8080;job=iot_service","2025-10-31T10:27:39Z","821776384"
"container_fs_limit_bytes","__name__=container_fs_limit_bytes;device=overlay_0-24;id=/;instance=cadvisor:8080;job=iot_service","2025-10-31T10:27:54Z","821776384"
"container_fs_limit_bytes","__name__=container_fs_limit_bytes;device=overlay_0-24;id=/;instance=cadvisor:8080;job=iot_service","2025-10-31T10:28:09Z","821776384"
"container_fs_limit_bytes","__name__=container_fs_limit_bytes;device=overlay_0-24;id=/;instance=cadvisor:8080;job=iot_service","2025-10-31T10:28:24Z","821776384"
"container_fs_limit_bytes","__name__=container_fs_limit_bytes;device=overlay_0-24;id=/;instance=cadvisor:8080;job=iot_service","2025-10-31T10:28:39Z","821776384"
"container_fs_limit_bytes","__name__=container_fs_limit_bytes;device=overlay_0-24;id=/;instance=cadvisor:8080;job=iot_service","2025-10-31T10:28:54Z","821776384"
"container_fs_limit_bytes","__name__=container_fs_limit_bytes;device=overlay_0-24;id=/;instance=cadvisor:8080;job=iot_service","2025-10-31T10:29:09Z","821776384"
"container_fs_limit_bytes","__name__=container_fs_limit_bytes;device=overlay_0-24;id=/;instance=cadvisor:8080;job=iot_service","2025-10-31T10:29:24Z","821776384"
"container_fs_limit_bytes","__name__=container_fs_limit_bytes;device=overlay_0-24;id=/;instance=cadvisor:8080;job=iot_service","2025-10-31T10:29:39Z","821776384"
"container_fs_limit_bytes","__name__=container_fs_limit_bytes;device=overlay_0-24;id=/;instance=cadvisor:8080;job=iot_service","2025-10-31T10:29:54Z","821776384"
"container_fs_limit_bytes","__name__=container_fs_limit_bytes;device=overlay_0-24;id=/;instance=cadvisor:8080;job=iot_service","2025-10-31T10:30:09Z","821776384"
"container_fs_limit_bytes","__name__=container_fs_limit_bytes;device=overlay_0-24;id=/;instance=cadvisor:8080;job=iot_service","2025-10-31T10:30:24Z","821776384"
"container_fs_limit_bytes","__name__=container_fs_limit_bytes;device=overlay_0-24;id=/;instance=cadvisor:8080;job=iot_service","2025-10-31T10:30:39Z","821776384"
"container_fs_limit_bytes","__name__=container_fs_limit_bytes;device=overlay_0-24;id=/;instance=cadvisor:8080;job=iot_service","2025-10-31T10:30:54Z","821776384"
"container_fs_limit_bytes","__name__=container_fs_limit_bytes;device=overlay_0-24;id=/;instance=cadvisor:8080;job=iot_service","2025-10-31T10:31:09Z","821776384"
"container_fs_limit_bytes","__name__=container_fs_limit_bytes;device=overlay_0-62;id=/;instance=cadvisor:8080;job=iot_service","2025-10-31T10:16:09Z","977896124416"
"container_fs_limit_bytes","__name__=container_fs_limit_bytes;device=overlay_0-62;id=/;instance=cadvisor:8080;job=iot_service","2025-10-31T10:16:24Z","977896124416"
"container_fs_limit_bytes","__name__=container_fs_limit_bytes;device=overlay_0-62;id=/;instance=cadvisor:8080;job=iot_service","2025-10-31T10:16:39Z","977896124416"
"container_fs_limit_bytes","__name__=container_fs_limit_bytes;device=overlay_0-62;id=/;instance=cadvisor:8080;job=iot_service","2025-10-31T10:16:54Z","977896124416"
"container_fs_limit_bytes","__name__=container_fs_limit_bytes;device=overlay_0-62;id=/;instance=cadvisor:8080;job=iot_service","2025-10-31T10:17:09Z","977896124416"
"container_fs_limit_bytes","__name__=container_fs_limit_bytes;device=overlay_0-62;id=/;instance=cadvisor:8080;job=iot_service","2025-10-31T10:17:24Z","977896124416"
"container_fs_limit_bytes","__name__=container_fs_limit_bytes;device=overlay_0-62;id=/;instance=cadvisor:8080;job=iot_service","2025-10-31T10:17:39Z","977896124416"
"container_fs_limit_bytes","__name__=container_fs_limit_bytes;device=overlay_0-62;id=/;instance=cadvisor:8080;job=iot_service","2025-10-31T10:17:54Z","977896124416"
"container_fs_limit_bytes","__name__=container_fs_limit_bytes;device=overlay_0-62;id=/;instance=cadvisor:8080;job=iot_service","2025-10-31T10:18:09Z","977896124416"
"container_fs_limit_bytes","__name__=container_fs_limit_bytes;device=overlay_0-62;id=/;instance=cadvisor:8080;job=iot_service","2025-10-31T10:18:24Z","977896124416"
"container_fs_limit_bytes","__name__=container_fs_limit_bytes;device=overlay_0-62;id=/;instance=cadvisor:8080;job=iot_service","2025-10-31T10:18:39Z","977896124416"
"container_fs_limit_bytes","__name__=container_fs_limit_bytes;device=overlay_0-62;id=/;instance=cadvisor:8080;job=iot_service","2025-10-31T10:18:54Z","977896124416"
"container_fs_limit_bytes","__name__=container_fs_limit_bytes;device=overlay_0-62;id=/;instance=cadvisor:8080;job=iot_service","2025-10-31T10:19:09Z","977896124416"
"container_fs_limit_bytes","__name__=container_fs_limit_bytes;device=overlay_0-62;id=/;instance=cadvisor:8080;job=iot_service","2025-10-31T10:19:24Z","977896124416"
"container_fs_limit_bytes","__name__=container_fs_limit_bytes;device=overlay_0-62;id=/;instance=cadvisor:8080;job=iot_service","2025-10-31T10:19:39Z","977896124416"
"container_fs_limit_bytes","__name__=container_fs_limit_bytes;device=overlay_0-62;id=/;instance=cadvisor:8080;job=iot_service","2025-10-31T10:19:54Z","977896124416"
"container_fs_limit_bytes","__name__=container_fs_limit_bytes;device=overlay_0-62;id=/;instance=cadvisor:8080;job=iot_service","2025-10-31T10:20:09Z","977896124416"
"container_fs_limit_bytes","__name__=container_fs_limit_bytes;device=overlay_0-62;id=/;instance=cadvisor:8080;job=iot_service","2025-10-31T10:20:24Z","977896124416"
"container_fs_limit_bytes","__name__=container_fs_limit_bytes;device=overlay_0-62;id=/;instance=cadvisor:8080;job=iot_service","2025-10-31T10:20:39Z","977896124416"
"container_fs_limit_bytes","__name__=container_fs_limit_bytes;device=overlay_0-62;id=/;instance=cadvisor:8080;job=iot_service","2025-10-31T10:20:54Z","977896124416"
"container_fs_limit_bytes","__name__=container_fs_limit_bytes;device=overlay_0-62;id=/;instance=cadvisor:8080;job=iot_service","2025-10-31T10:21:09Z","977896124416"
"container_fs_limit_bytes","__name__=container_fs_limit_bytes;device=overlay_0-62;id=/;instance=cadvisor:8080;job=iot_service","2025-10-31T10:21:24Z","977896124416"
"container_fs_limit_bytes","__name__=container_fs_limit_bytes;device=overlay_0-62;id=/;instance=cadvisor:8080;job=iot_service","2025-10-31T10:21:39Z","977896124416"
"container_fs_limit_bytes","__name__=container_fs_limit_bytes;device=overlay_0-62;id=/;instance=cadvisor:8080;job=iot_service","2025-10-31T10:21:54Z","977896124416"
"container_fs_limit_bytes","__name__=container_fs_limit_bytes;device=overlay_0-62;id=/;instance=cadvisor:8080;job=iot_service","2025-10-31T10:22:09Z","977896124416"
"container_fs_limit_bytes","__name__=container_fs_limit_bytes;device=overlay_0-62;id=/;instance=cadvisor:8080;job=iot_service","2025-10-31T10:22:24Z","977896124416"
"container_fs_limit_bytes","__name__=container_fs_limit_bytes;device=overlay_0-62;id=/;instance=cadvisor:8080;job=iot_service","2025-10-31T10:22:39Z","977896124416"
"container_fs_limit_bytes","__name__=container_fs_limit_bytes;device=overlay_0-62;id=/;instance=cadvisor:8080;job=iot_service","2025-10-31T10:22:54Z","977896124416"
"container_fs_limit_bytes","__name__=container_fs_limit_bytes;device=overlay_0-62;id=/;instance=cadvisor:8080;job=iot_service","2025-10-31T10:23:09Z","977896124416"
"container_fs_limit_bytes","__name__=container_fs_limit_bytes;device=overlay_0-62;id=/;instance=cadvisor:8080;job=iot_service","2025-10-31T10:23:24Z","977896124416"
"container_fs_limit_bytes","__name__=container_fs_limit_bytes;device=overlay_0-62;id=/;instance=cadvisor:8080;job=iot_service","2025-10-31T10:23:39Z","977896124416"
"container_fs_limit_bytes","__name__=container_fs_limit_bytes;device=overlay_0-62;id=/;instance=cadvisor:8080;job=iot_service","2025-10-31T10:23:54Z","977896124416"
"container_fs_limit_bytes","__name__=container_fs_limit_bytes;device=overlay_0-62;id=/;instance=cadvisor:8080;job=iot_service","2025-10-31T10:24:09Z","977896124416"
"container_fs_limit_bytes","__name__=container_fs_limit_bytes;device=overlay_0-62;id=/;instance=cadvisor:8080;job=iot_service","2025-10-31T10:24:24Z","977896124416"
"container_fs_limit_bytes","__name__=container_fs_limit_bytes;device=overlay_0-62;id=/;instance=cadvisor:8080;job=iot_service","2025-10-31T10:24:39Z","977896124416"
"container_fs_limit_bytes","__name__=container_fs_limit_bytes;device=overlay_0-62;id=/;instance=cadvisor:8080;job=iot_service","2025-10-31T10:24:54Z","977896124416"
"container_fs_limit_bytes","__name__=container_fs_limit_bytes;device=overlay_0-62;id=/;instance=cadvisor:8080;job=iot_service","2025-10-31T10:25:09Z","977896124416"
"container_fs_limit_bytes","__name__=container_fs_limit_bytes;device=overlay_0-62;id=/;instance=cadvisor:8080;job=iot_service","2025-10-31T10:25:24Z","977896124416"
"container_fs_limit_bytes","__name__=container_fs_limit_bytes;device=overlay_0-62;id=/;instance=cadvisor:8080;job=iot_service","2025-10-31T10:25:39Z","977896124416"
"container_fs_limit_bytes","__name__=container_fs_limit_bytes;device=overlay_0-62;id=/;instance=cadvisor:8080;job=iot_service","2025-10-31T10:25:54Z","977896124416"
"container_fs_limit_bytes","__name__=container_fs_limit_bytes;device=overlay_0-62;id=/;instance=cadvisor:8080;job=iot_service","2025-10-31T10:26:09Z","977896124416"
"container_fs_limit_bytes","__name__=container_fs_limit_bytes;device=overlay_0-62;id=/;instance=cadvisor:8080;job=iot_service","2025-10-31T10:26:24Z","977896124416"
"container_fs_limit_bytes","__name__=container_fs_limit_bytes;device=overlay_0-62;id=/;instance=cadvisor:8080;job=iot_service","2025-10-31T10:26:39Z","977896124416"
"container_fs_limit_bytes","__name__=container_fs_limit_bytes;device=overlay_0-62;id=/;instance=cadvisor:8080;job=iot_service","2025-10-31T10:26:54Z","977896124416"
"container_fs_limit_bytes","__name__=container_fs_limit_bytes;device=overlay_0-62;id=/;instance=cadvisor:8080;job=iot_service","2025-10-31T10:27:09Z","977896124416"
"container_fs_limit_bytes","__name__=container_fs_limit_bytes;device=overlay_0-62;id=/;instance=cadvisor:8080;job=iot_service","2025-10-31T10:27:24Z","977896124416"
"container_fs_limit_bytes","__name__=container_fs_limit_bytes;device=overlay_0-62;id=/;instance=cadvisor:8080;job=iot_service","2025-10-31T10:27:39Z","977896124416"
"container_fs_limit_bytes","__name__=container_fs_limit_bytes;device=overlay_0-62;id=/;instance=cadvisor:8080;job=iot_service","2025-10-31T10:27:54Z","977896124416"
"container_fs_limit_bytes","__name__=container_fs_limit_bytes;device=overlay_0-62;id=/;instance=cadvisor:8080;job=iot_service","2025-10-31T10:28:09Z","977896124416"
"container_fs_limit_bytes","__name__=container_fs_limit_bytes;device=overlay_0-62;id=/;instance=cadvisor:8080;job=iot_service","2025-10-31T10:28:24Z","977896124416"
"container_fs_limit_bytes","__name__=container_fs_limit_bytes;device=overlay_0-62;id=/;instance=cadvisor:8080;job=iot_service","2025-10-31T10:28:39Z","977896124416"
"container_fs_limit_bytes","__name__=container_fs_limit_bytes;device=overlay_0-62;id=/;instance=cadvisor:8080;job=iot_service","2025-10-31T10:28:54Z","977896124416"
"container_fs_limit_bytes","__name__=container_fs_limit_bytes;device=overlay_0-62;id=/;instance=cadvisor:8080;job=iot_service","2025-10-31T10:29:09Z","977896124416"
"container_fs_limit_bytes","__name__=container_fs_limit_bytes;device=overlay_0-62;id=/;instance=cadvisor:8080;job=iot_service","2025-10-31T10:29:24Z","977896124416"
"container_fs_limit_bytes","__name__=container_fs_limit_bytes;device=overlay_0-62;id=/;instance=cadvisor:8080;job=iot_service","2025-10-31T10:29:39Z","977896124416"
"container_fs_limit_bytes","__name__=container_fs_limit_bytes;device=overlay_0-62;id=/;instance=cadvisor:8080;job=iot_service","2025-10-31T10:29:54Z","977896124416"
"container_fs_limit_bytes","__name__=container_fs_limit_bytes;device=overlay_0-62;id=/;instance=cadvisor:8080;job=iot_service","2025-10-31T10:30:09Z","977896124416"
"container_fs_limit_bytes","__name__=container_fs_limit_bytes;device=overlay_0-62;id=/;instance=cadvisor:8080;job=iot_service","2025-10-31T10:30:24Z","977896124416"
"container_fs_limit_bytes","__name__=container_fs_limit_bytes;device=overlay_0-62;id=/;instance=cadvisor:8080;job=iot_service","2025-10-31T10:30:39Z","977896124416"
"container_fs_limit_bytes","__name__=container_fs_limit_bytes;device=overlay_0-62;id=/;instance=cadvisor:8080;job=iot_service","2025-10-31T10:30:54Z","977896124416"
"container_fs_limit_bytes","__name__=container_fs_limit_bytes;device=overlay_0-62;id=/;instance=cadvisor:8080;job=iot_service","2025-10-31T10:31:09Z","977896124416"
"container_fs_limit_bytes","__name__=container_fs_limit_bytes;device=overlay_0-64;id=/;instance=cadvisor:8080;job=iot_service","2025-10-31T10:16:09Z","977896124416"
"container_fs_limit_bytes","__name__=container_fs_limit_bytes;device=overlay_0-64;id=/;instance=cadvisor:8080;job=iot_service","2025-10-31T10:16:24Z","977896124416"
"container_fs_limit_bytes","__name__=container_fs_limit_bytes;device=overlay_0-64;id=/;instance=cadvisor:8080;job=iot_service","2025-10-31T10:16:39Z","977896124416"
"container_fs_limit_bytes","__name__=container_fs_limit_bytes;device=overlay_0-64;id=/;instance=cadvisor:8080;job=iot_service","2025-10-31T10:16:54Z","977896124416"
"container_fs_limit_bytes","__name__=container_fs_limit_bytes;device=overlay_0-64;id=/;instance=cadvisor:8080;job=iot_service","2025-10-31T10:17:09Z","977896124416"
"container_fs_limit_bytes","__name__=container_fs_limit_bytes;device=overlay_0-64;id=/;instance=cadvisor:8080;job=iot_service","2025-10-31T10:17:24Z","977896124416"
"container_fs_limit_bytes","__name__=container_fs_limit_bytes;device=overlay_0-64;id=/;instance=cadvisor:8080;job=iot_service","2025-10-31T10:17:39Z","977896124416"
"container_fs_limit_bytes","__name__=container_fs_limit_bytes;device=overlay_0-64;id=/;instance=cadvisor:8080;job=iot_service","2025-10-31T10:17:54Z","977896124416"
"container_fs_limit_bytes","__name__=container_fs_limit_bytes;device=overlay_0-64;id=/;instance=cadvisor:8080;job=iot_service","2025-10-31T10:18:09Z","977896124416"
"container_fs_limit_bytes","__name__=container_fs_limit_bytes;device=overlay_0-64;id=/;instance=cadvisor:8080;job=iot_service","2025-10-31T10:18:24Z","977896124416"
"container_fs_limit_bytes","__name__=container_fs_limit_bytes;device=overlay_0-64;id=/;instance=cadvisor:8080;job=iot_service","2025-10-31T10:18:39Z","977896124416"
"container_fs_limit_bytes","__name__=container_fs_limit_bytes;device=overlay_0-64;id=/;instance=cadvisor:8080;job=iot_service","2025-10-31T10:18:54Z","977896124416"
"container_fs_limit_bytes","__name__=container_fs_limit_bytes;device=overlay_0-64;id=/;instance=cadvisor:8080;job=iot_service","2025-10-31T10:19:09Z","977896124416"
"container_fs_limit_bytes","__name__=container_fs_limit_bytes;device=overlay_0-64;id=/;instance=cadvisor:8080;job=iot_service","2025-10-31T10:19:24Z","977896124416"
"container_fs_limit_bytes","__name__=container_fs_limit_bytes;device=overlay_0-64;id=/;instance=cadvisor:8080;job=iot_service","2025-10-31T10:19:39Z","977896124416"
"container_fs_limit_bytes","__name__=container_fs_limit_bytes;device=overlay_0-64;id=/;instance=cadvisor:8080;job=iot_service","2025-10-31T10:19:54Z","977896124416"
"container_fs_limit_bytes","__name__=container_fs_limit_bytes;device=overlay_0-64;id=/;instance=cadvisor:8080;job=iot_service","2025-10-31T10:20:09Z","977896124416"
"container_fs_limit_bytes","__name__=container_fs_limit_bytes;device=overlay_0-64;id=/;instance=cadvisor:8080;job=iot_service","2025-10-31T10:20:24Z","977896124416"
"container_fs_limit_bytes","__name__=container_fs_limit_bytes;device=overlay_0-64;id=/;instance=cadvisor:8080;job=iot_service","2025-10-31T10:20:39Z","977896124416"
"container_fs_limit_bytes","__name__=container_fs_limit_bytes;device=overlay_0-64;id=/;instance=cadvisor:8080;job=iot_service","2025-10-31T10:20:54Z","977896124416"
"container_fs_limit_bytes","__name__=container_fs_limit_bytes;device=overlay_0-64;id=/;instance=cadvisor:8080;job=iot_service","2025-10-31T10:21:09Z","977896124416"
"container_fs_limit_bytes","__name__=container_fs_limit_bytes;device=overlay_0-64;id=/;instance=cadvisor:8080;job=iot_service","2025-10-31T10:21:24Z","977896124416"
"container_fs_limit_bytes","__name__=container_fs_limit_bytes;device=overlay_0-64;id=/;instance=cadvisor:8080;job=iot_service","2025-10-31T10:21:39Z","977896124416"
"container_fs_limit_bytes","__name__=container_fs_limit_bytes;device=overlay_0-64;id=/;instance=cadvisor:8080;job=iot_service","2025-10-31T10:21:54Z","977896124416"
"container_fs_limit_bytes","__name__=container_fs_limit_bytes;device=overlay_0-64;id=/;instance=cadvisor:8080;job=iot_service","2025-10-31T10:22:09Z","977896124416"
"container_fs_limit_bytes","__name__=container_fs_limit_bytes;device=overlay_0-64;id=/;instance=cadvisor:8080;job=iot_service","2025-10-31T10:22:24Z","977896124416"
"container_fs_limit_bytes","__name__=container_fs_limit_bytes;device=overlay_0-64;id=/;instance=cadvisor:8080;job=iot_service","2025-10-31T10:22:39Z","977896124416"
"container_fs_limit_bytes","__name__=container_fs_limit_bytes;device=overlay_0-64;id=/;instance=cadvisor:8080;job=iot_service","2025-10-31T10:22:54Z","977896124416"
"container_fs_limit_bytes","__name__=container_fs_limit_bytes;device=overlay_0-64;id=/;instance=cadvisor:8080;job=iot_service","2025-10-31T10:23:09Z","977896124416"
"container_fs_limit_bytes","__name__=container_fs_limit_bytes;device=overlay_0-64;id=/;instance=cadvisor:8080;job=iot_service","2025-10-31T10:23:24Z","977896124416"
"container_fs_limit_bytes","__name__=container_fs_limit_bytes;device=overlay_0-64;id=/;instance=cadvisor:8080;job=iot_service","2025-10-31T10:23:39Z","977896124416"
"container_fs_limit_bytes","__name__=container_fs_limit_bytes;device=overlay_0-64;id=/;instance=cadvisor:8080;job=iot_service","2025-10-31T10:23:54Z","977896124416"
"container_fs_limit_bytes","__name__=container_fs_limit_bytes;device=overlay_0-64;id=/;instance=cadvisor:8080;job=iot_service","2025-10-31T10:24:09Z","977896124416"
"container_fs_limit_bytes","__name__=container_fs_limit_bytes;device=overlay_0-64;id=/;instance=cadvisor:8080;job=iot_service","2025-10-31T10:24:24Z","977896124416"
"container_fs_limit_bytes","__name__=container_fs_limit_bytes;device=overlay_0-64;id=/;instance=cadvisor:8080;job=iot_service","2025-10-31T10:24:39Z","977896124416"
"container_fs_limit_bytes","__name__=container_fs_limit_bytes;device=overlay_0-64;id=/;instance=cadvisor:8080;job=iot_service","2025-10-31T10:24:54Z","977896124416"
"container_fs_limit_bytes","__name__=container_fs_limit_bytes;device=overlay_0-64;id=/;instance=cadvisor:8080;job=iot_service","2025-10-31T10:25:09Z","977896124416"
"container_fs_limit_bytes","__name__=container_fs_limit_bytes;device=overlay_0-64;id=/;instance=cadvisor:8080;job=iot_service","2025-10-31T10:25:24Z","977896124416"
"container_fs_limit_bytes","__name__=container_fs_limit_bytes;device=overlay_0-64;id=/;instance=cadvisor:8080;job=iot_service","2025-10-31T10:25:39Z","977896124416"
"container_fs_limit_bytes","__name__=container_fs_limit_bytes;device=overlay_0-64;id=/;instance=cadvisor:8080;job=iot_service","2025-10-31T10:25:54Z","977896124416"
"container_fs_limit_bytes","__name__=container_fs_limit_bytes;device=overlay_0-64;id=/;instance=cadvisor:8080;job=iot_service","2025-10-31T10:26:09Z","977896124416"
"container_fs_limit_bytes","__name__=container_fs_limit_bytes;device=overlay_0-64;id=/;instance=cadvisor:8080;job=iot_service","2025-10-31T10:26:24Z","977896124416"
"container_fs_limit_bytes","__name__=container_fs_limit_bytes;device=overlay_0-64;id=/;instance=cadvisor:8080;job=iot_service","2025-10-31T10:26:39Z","977896124416"
"container_fs_limit_bytes","__name__=container_fs_limit_bytes;device=overlay_0-64;id=/;instance=cadvisor:8080;job=iot_service","2025-10-31T10:26:54Z","977896124416"
"container_fs_limit_bytes","__name__=container_fs_limit_bytes;device=overlay_0-64;id=/;instance=cadvisor:8080;job=iot_service","2025-10-31T10:27:09Z","977896124416"
"container_fs_limit_bytes","__name__=container_fs_limit_bytes;device=overlay_0-64;id=/;instance=cadvisor:8080;job=iot_service","2025-10-31T10:27:24Z","977896124416"
"container_fs_limit_bytes","__name__=container_fs_limit_bytes;device=overlay_0-64;id=/;instance=cadvisor:8080;job=iot_service","2025-10-31T10:27:39Z","977896124416"
"container_fs_limit_bytes","__name__=container_fs_limit_bytes;device=overlay_0-64;id=/;instance=cadvisor:8080;job=iot_service","2025-10-31T10:27:54Z","977896124416"
"container_fs_limit_bytes","__name__=container_fs_limit_bytes;device=overlay_0-64;id=/;instance=cadvisor:8080;job=iot_service","2025-10-31T10:28:09Z","977896124416"
"container_fs_limit_bytes","__name__=container_fs_limit_bytes;device=overlay_0-64;id=/;instance=cadvisor:8080;job=iot_service","2025-10-31T10:28:24Z","977896124416"
"container_fs_limit_bytes","__name__=container_fs_limit_bytes;device=overlay_0-64;id=/;instance=cadvisor:8080;job=iot_service","2025-10-31T10:28:39Z","977896124416"
"container_fs_limit_bytes","__name__=container_fs_limit_bytes;device=overlay_0-64;id=/;instance=cadvisor:8080;job=iot_service","2025-10-31T10:28:54Z","977896124416"
"container_fs_limit_bytes","__name__=container_fs_limit_bytes;device=overlay_0-64;id=/;instance=cadvisor:8080;job=iot_service","2025-10-31T10:29:09Z","977896124416"
"container_fs_limit_bytes","__name__=container_fs_limit_bytes;device=overlay_0-64;id=/;instance=cadvisor:8080;job=iot_service","2025-10-31T10:29:24Z","977896124416"
"container_fs_limit_bytes","__name__=container_fs_limit_bytes;device=overlay_0-64;id=/;instance=cadvisor:8080;job=iot_service","2025-10-31T10:29:39Z","977896124416"
"container_fs_limit_bytes","__name__=container_fs_limit_bytes;device=overlay_0-64;id=/;instance=cadvisor:8080;job=iot_service","2025-10-31T10:29:54Z","977896124416"
"container_fs_limit_bytes","__name__=container_fs_limit_bytes;device=overlay_0-64;id=/;instance=cadvisor:8080;job=iot_service","2025-10-31T10:30:09Z","977896124416"
"container_fs_limit_bytes","__name__=container_fs_limit_bytes;device=overlay_0-64;id=/;instance=cadvisor:8080;job=iot_service","2025-10-31T10:30:24Z","977896124416"
"container_fs_limit_bytes","__name__=container_fs_limit_bytes;device=overlay_0-64;id=/;instance=cadvisor:8080;job=iot_service","2025-10-31T10:30:39Z","977896124416"
"container_fs_limit_bytes","__name__=container_fs_limit_bytes;device=overlay_0-64;id=/;instance=cadvisor:8080;job=iot_service","2025-10-31T10:30:54Z","977896124416"
"container_fs_limit_bytes","__name__=container_fs_limit_bytes;device=overlay_0-64;id=/;instance=cadvisor:8080;job=iot_service","2025-10-31T10:31:09Z","977896124416"
"container_fs_limit_bytes","__name__=container_fs_limit_bytes;device=overlay_0-66;id=/;instance=cadvisor:8080;job=iot_service","2025-10-31T10:16:09Z","977896124416"
"container_fs_limit_bytes","__name__=container_fs_limit_bytes;device=overlay_0-66;id=/;instance=cadvisor:8080;job=iot_service","2025-10-31T10:16:24Z","977896124416"
"container_fs_limit_bytes","__name__=container_fs_limit_bytes;device=overlay_0-66;id=/;instance=cadvisor:8080;job=iot_service","2025-10-31T10:16:39Z","977896124416"
"container_fs_limit_bytes","__name__=container_fs_limit_bytes;device=overlay_0-66;id=/;instance=cadvisor:8080;job=iot_service","2025-10-31T10:16:54Z","977896124416"
"container_fs_limit_bytes","__name__=container_fs_limit_bytes;device=overlay_0-66;id=/;instance=cadvisor:8080;job=iot_service","2025-10-31T10:17:09Z","977896124416"
"container_fs_limit_bytes","__name__=container_fs_limit_bytes;device=overlay_0-66;id=/;instance=cadvisor:8080;job=iot_service","2025-10-31T10:17:24Z","977896124416"
"container_fs_limit_bytes","__name__=container_fs_limit_bytes;device=overlay_0-66;id=/;instance=cadvisor:8080;job=iot_service","2025-10-31T10:17:39Z","977896124416"
"container_fs_limit_bytes","__name__=container_fs_limit_bytes;device=overlay_0-66;id=/;instance=cadvisor:8080;job=iot_service","2025-10-31T10:17:54Z","977896124416"
"container_fs_limit_bytes","__name__=container_fs_limit_bytes;device=overlay_0-66;id=/;instance=cadvisor:8080;job=iot_service","2025-10-31T10:18:09Z","977896124416"
"container_fs_limit_bytes","__name__=container_fs_limit_bytes;device=overlay_0-66;id=/;instance=cadvisor:8080;job=iot_service","2025-10-31T10:18:24Z","977896124416"
"container_fs_limit_bytes","__name__=container_fs_limit_bytes;device=overlay_0-66;id=/;instance=cadvisor:8080;job=iot_service","2025-10-31T10:18:39Z","977896124416"
"container_fs_limit_bytes","__name__=container_fs_limit_bytes;device=overlay_0-66;id=/;instance=cadvisor:8080;job=iot_service","2025-10-31T10:18:54Z","977896124416"
"container_fs_limit_bytes","__name__=container_fs_limit_bytes;device=overlay_0-66;id=/;instance=cadvisor:8080;job=iot_service","2025-10-31T10:19:09Z","977896124416"
"container_fs_limit_bytes","__name__=container_fs_limit_bytes;device=overlay_0-66;id=/;instance=cadvisor:8080;job=iot_service","2025-10-31T10:19:24Z","977896124416"
"container_fs_limit_bytes","__name__=container_fs_limit_bytes;device=overlay_0-66;id=/;instance=cadvisor:8080;job=iot_service","2025-10-31T10:19:39Z","977896124416"
"container_fs_limit_bytes","__name__=container_fs_limit_bytes;device=overlay_0-66;id=/;instance=cadvisor:8080;job=iot_service","2025-10-31T10:19:54Z","977896124416"
"container_fs_limit_bytes","__name__=container_fs_limit_bytes;device=overlay_0-66;id=/;instance=cadvisor:8080;job=iot_service","2025-10-31T10:20:09Z","977896124416"
"container_fs_limit_bytes","__name__=container_fs_limit_bytes;device=overlay_0-66;id=/;instance=cadvisor:8080;job=iot_service","2025-10-31T10:20:24Z","977896124416"
"container_fs_limit_bytes","__name__=container_fs_limit_bytes;device=overlay_0-66;id=/;instance=cadvisor:8080;job=iot_service","2025-10-31T10:20:39Z","977896124416"
"container_fs_limit_bytes","__name__=container_fs_limit_bytes;device=overlay_0-66;id=/;instance=cadvisor:8080;job=iot_service","2025-10-31T10:20:54Z","977896124416"
"container_fs_limit_bytes","__name__=container_fs_limit_bytes;device=overlay_0-66;id=/;instance=cadvisor:8080;job=iot_service","2025-10-31T10:21:09Z","977896124416"
"container_fs_limit_bytes","__name__=container_fs_limit_bytes;device=overlay_0-66;id=/;instance=cadvisor:8080;job=iot_service","2025-10-31T10:21:24Z","977896124416"
"container_fs_limit_bytes","__name__=container_fs_limit_bytes;device=overlay_0-66;id=/;instance=cadvisor:8080;job=iot_service","2025-10-31T10:21:39Z","977896124416"
"container_fs_limit_bytes","__name__=container_fs_limit_bytes;device=overlay_0-66;id=/;instance=cadvisor:8080;job=iot_service","2025-10-31T10:21:54Z","977896124416"
"container_fs_limit_bytes","__name__=container_fs_limit_bytes;device=overlay_0-66;id=/;instance=cadvisor:8080;job=iot_service","2025-10-31T10:22:09Z","977896124416"
"container_fs_limit_bytes","__name__=container_fs_limit_bytes;device=overlay_0-66;id=/;instance=cadvisor:8080;job=iot_service","2025-10-31T10:22:24Z","977896124416"
"container_fs_limit_bytes","__name__=container_fs_limit_bytes;device=overlay_0-66;id=/;instance=cadvisor:8080;job=iot_service","2025-10-31T10:22:39Z","977896124416"
"container_fs_limit_bytes","__name__=container_fs_limit_bytes;device=overlay_0-66;id=/;instance=cadvisor:8080;job=iot_service","2025-10-31T10:22:54Z","977896124416"
"container_fs_limit_bytes","__name__=container_fs_limit_bytes;device=overlay_0-66;id=/;instance=cadvisor:8080;job=iot_service","2025-10-31T10:23:09Z","977896124416"
"container_fs_limit_bytes","__name__=container_fs_limit_bytes;device=overlay_0-66;id=/;instance=cadvisor:8080;job=iot_service","2025-10-31T10:23:24Z","977896124416"
"container_fs_limit_bytes","__name__=container_fs_limit_bytes;device=overlay_0-66;id=/;instance=cadvisor:8080;job=iot_service","2025-10-31T10:23:39Z","977896124416"
"container_fs_limit_bytes","__name__=container_fs_limit_bytes;device=overlay_0-66;id=/;instance=cadvisor:8080;job=iot_service","2025-10-31T10:23:54Z","977896124416"
"container_fs_limit_bytes","__name__=container_fs_limit_bytes;device=overlay_0-66;id=/;instance=cadvisor:8080;job=iot_service","2025-10-31T10:24:09Z","977896124416"
"container_fs_limit_bytes","__name__=container_fs_limit_bytes;device=overlay_0-66;id=/;instance=cadvisor:8080;job=iot_service","2025-10-31T10:24:24Z","977896124416"
"container_fs_limit_bytes","__name__=container_fs_limit_bytes;device=overlay_0-66;id=/;instance=cadvisor:8080;job=iot_service","2025-10-31T10:24:39Z","977896124416"
"container_fs_limit_bytes","__name__=container_fs_limit_bytes;device=overlay_0-66;id=/;instance=cadvisor:8080;job=iot_service","2025-10-31T10:24:54Z","977896124416"
"container_fs_limit_bytes","__name__=container_fs_limit_bytes;device=overlay_0-66;id=/;instance=cadvisor:8080;job=iot_service","2025-10-31T10:25:09Z","977896124416"
"container_fs_limit_bytes","__name__=container_fs_limit_bytes;device=overlay_0-66;id=/;instance=cadvisor:8080;job=iot_service","2025-10-31T10:25:24Z","977896124416"
"container_fs_limit_bytes","__name__=container_fs_limit_bytes;device=overlay_0-66;id=/;instance=cadvisor:8080;job=iot_service","2025-10-31T10:25:39Z","977896124416"
"container_fs_limit_bytes","__name__=container_fs_limit_bytes;device=overlay_0-66;id=/;instance=cadvisor:8080;job=iot_service","2025-10-31T10:25:54Z","977896124416"
"container_fs_limit_bytes","__name__=container_fs_limit_bytes;device=overlay_0-66;id=/;instance=cadvisor:8080;job=iot_service","2025-10-31T10:26:09Z","977896124416"
"container_fs_limit_bytes","__name__=container_fs_limit_bytes;device=overlay_0-66;id=/;instance=cadvisor:8080;job=iot_service","2025-10-31T10:26:24Z","977896124416"
"container_fs_limit_bytes","__name__=container_fs_limit_bytes;device=overlay_0-66;id=/;instance=cadvisor:8080;job=iot_service","2025-10-31T10:26:39Z","977896124416"
"container_fs_limit_bytes","__name__=container_fs_limit_bytes;device=overlay_0-66;id=/;instance=cadvisor:8080;job=iot_service","2025-10-31T10:26:54Z","977896124416"
"container_fs_limit_bytes","__name__=container_fs_limit_bytes;device=overlay_0-66;id=/;instance=cadvisor:8080;job=iot_service","2025-10-31T10:27:09Z","977896124416"
"container_fs_limit_bytes","__name__=container_fs_limit_bytes;device=overlay_0-66;id=/;instance=cadvisor:8080;job=iot_service","2025-10-31T10:27:24Z","977896124416"
"container_fs_limit_bytes","__name__=container_fs_limit_bytes;device=overlay_0-66;id=/;instance=cadvisor:8080;job=iot_service","2025-10-31T10:27:39Z","977896124416"
"container_fs_limit_bytes","__name__=container_fs_limit_bytes;device=overlay_0-66;id=/;instance=cadvisor:8080;job=iot_service","2025-10-31T10:27:54Z","977896124416"
"container_fs_limit_bytes","__name__=container_fs_limit_bytes;device=overlay_0-66;id=/;instance=cadvisor:8080;job=iot_service","2025-10-31T10:28:09Z","977896124416"
"container_fs_limit_bytes","__name__=container_fs_limit_bytes;device=overlay_0-66;id=/;instance=cadvisor:8080;job=iot_service","2025-10-31T10:28:24Z","977896124416"
"container_fs_limit_bytes","__name__=container_fs_limit_bytes;device=overlay_0-66;id=/;instance=cadvisor:8080;job=iot_service","2025-10-31T10:28:39Z","977896124416"
"container_fs_limit_bytes","__name__=container_fs_limit_bytes;device=overlay_0-66;id=/;instance=cadvisor:8080;job=iot_service","2025-10-31T10:28:54Z","977896124416"
"container_fs_limit_bytes","__name__=container_fs_limit_bytes;device=overlay_0-66;id=/;instance=cadvisor:8080;job=iot_service","2025-10-31T10:29:09Z","977896124416"
"container_fs_limit_bytes","__name__=container_fs_limit_bytes;device=overlay_0-66;id=/;instance=cadvisor:8080;job=iot_service","2025-10-31T10:29:24Z","977896124416"
"container_fs_limit_bytes","__name__=container_fs_limit_bytes;device=overlay_0-66;id=/;instance=cadvisor:8080;job=iot_service","2025-10-31T10:29:39Z","977896124416"
"container_fs_limit_bytes","__name__=container_fs_limit_bytes;device=overlay_0-66;id=/;instance=cadvisor:8080;job=iot_service","2025-10-31T10:29:54Z","977896124416"
"container_fs_limit_bytes","__name__=container_fs_limit_bytes;device=overlay_0-66;id=/;instance=cadvisor:8080;job=iot_service","2025-10-31T10:30:09Z","977896124416"
"container_fs_limit_bytes","__name__=container_fs_limit_bytes;device=overlay_0-66;id=/;instance=cadvisor:8080;job=iot_service","2025-10-31T10:30:24Z","977896124416"
"container_fs_limit_bytes","__name__=container_fs_limit_bytes;device=overlay_0-66;id=/;instance=cadvisor:8080;job=iot_service","2025-10-31T10:30:39Z","977896124416"
"container_fs_limit_bytes","__name__=container_fs_limit_bytes;device=overlay_0-66;id=/;instance=cadvisor:8080;job=iot_service","2025-10-31T10:30:54Z","977896124416"
"container_fs_limit_bytes","__name__=container_fs_limit_bytes;device=overlay_0-66;id=/;instance=cadvisor:8080;job=iot_service","2025-10-31T10:31:09Z","977896124416"
"container_fs_limit_bytes","__name__=container_fs_limit_bytes;device=overlay_0-68;id=/;instance=cadvisor:8080;job=iot_service","2025-10-31T10:16:09Z","977896124416"
"container_fs_limit_bytes","__name__=container_fs_limit_bytes;device=overlay_0-68;id=/;instance=cadvisor:8080;job=iot_service","2025-10-31T10:16:24Z","977896124416"
"container_fs_limit_bytes","__name__=container_fs_limit_bytes;device=overlay_0-68;id=/;instance=cadvisor:8080;job=iot_service","2025-10-31T10:16:39Z","977896124416"
"container_fs_limit_bytes","__name__=container_fs_limit_bytes;device=overlay_0-68;id=/;instance=cadvisor:8080;job=iot_service","2025-10-31T10:16:54Z","977896124416"
"container_fs_limit_bytes","__name__=container_fs_limit_bytes;device=overlay_0-68;id=/;instance=cadvisor:8080;job=iot_service","2025-10-31T10:17:09Z","977896124416"
"container_fs_limit_bytes","__name__=container_fs_limit_bytes;device=overlay_0-68;id=/;instance=cadvisor:8080;job=iot_service","2025-10-31T10:17:24Z","977896124416"
"container_fs_limit_bytes","__name__=container_fs_limit_bytes;device=overlay_0-68;id=/;instance=cadvisor:8080;job=iot_service","2025-10-31T10:17:39Z","977896124416"
"container_fs_limit_bytes","__name__=container_fs_limit_bytes;device=overlay_0-68;id=/;instance=cadvisor:8080;job=iot_service","2025-10-31T10:17:54Z","977896124416"
"container_fs_limit_bytes","__name__=container_fs_limit_bytes;device=overlay_0-68;id=/;instance=cadvisor:8080;job=iot_service","2025-10-31T10:18:09Z","977896124416"
"container_fs_limit_bytes","__name__=container_fs_limit_bytes;device=overlay_0-68;id=/;instance=cadvisor:8080;job=iot_service","2025-10-31T10:18:24Z","977896124416"
"container_fs_limit_bytes","__name__=container_fs_limit_bytes;device=overlay_0-68;id=/;instance=cadvisor:8080;job=iot_service","2025-10-31T10:18:39Z","977896124416"
"container_fs_limit_bytes","__name__=container_fs_limit_bytes;device=overlay_0-68;id=/;instance=cadvisor:8080;job=iot_service","2025-10-31T10:18:54Z","977896124416"
"container_fs_limit_bytes","__name__=container_fs_limit_bytes;device=overlay_0-68;id=/;instance=cadvisor:8080;job=iot_service","2025-10-31T10:19:09Z","977896124416"
"container_fs_limit_bytes","__name__=container_fs_limit_bytes;device=overlay_0-68;id=/;instance=cadvisor:8080;job=iot_service","2025-10-31T10:19:24Z","977896124416"
"container_fs_limit_bytes","__name__=container_fs_limit_bytes;device=overlay_0-68;id=/;instance=cadvisor:8080;job=iot_service","2025-10-31T10:19:39Z","977896124416"
"container_fs_limit_bytes","__name__=container_fs_limit_bytes;device=overlay_0-68;id=/;instance=cadvisor:8080;job=iot_service","2025-10-31T10:19:54Z","977896124416"
"container_fs_limit_bytes","__name__=container_fs_limit_bytes;device=overlay_0-68;id=/;instance=cadvisor:8080;job=iot_service","2025-10-31T10:20:09Z","977896124416"
"container_fs_limit_bytes","__name__=container_fs_limit_bytes;device=overlay_0-68;id=/;instance=cadvisor:8080;job=iot_service","2025-10-31T10:20:24Z","977896124416"
"container_fs_limit_bytes","__name__=container_fs_limit_bytes;device=overlay_0-68;id=/;instance=cadvisor:8080;job=iot_service","2025-10-31T10:20:39Z","977896124416"
"container_fs_limit_bytes","__name__=container_fs_limit_bytes;device=overlay_0-68;id=/;instance=cadvisor:8080;job=iot_service","2025-10-31T10:20:54Z","977896124416"
"container_fs_limit_bytes","__name__=container_fs_limit_bytes;device=overlay_0-68;id=/;instance=cadvisor:8080;job=iot_service","2025-10-31T10:21:09Z","977896124416"
"container_fs_limit_bytes","__name__=container_fs_limit_bytes;device=overlay_0-68;id=/;instance=cadvisor:8080;job=iot_service","2025-10-31T10:21:24Z","977896124416"
"container_fs_limit_bytes","__name__=container_fs_limit_bytes;device=overlay_0-68;id=/;instance=cadvisor:8080;job=iot_service","2025-10-31T10:21:39Z","977896124416"
"container_fs_limit_bytes","__name__=container_fs_limit_bytes;device=overlay_0-68;id=/;instance=cadvisor:8080;job=iot_service","2025-10-31T10:21:54Z","977896124416"
"container_fs_limit_bytes","__name__=container_fs_limit_bytes;device=overlay_0-68;id=/;instance=cadvisor:8080;job=iot_service","2025-10-31T10:22:09Z","977896124416"
"container_fs_limit_bytes","__name__=container_fs_limit_bytes;device=overlay_0-68;id=/;instance=cadvisor:8080;job=iot_service","2025-10-31T10:22:24Z","977896124416"
"container_fs_limit_bytes","__name__=container_fs_limit_bytes;device=overlay_0-68;id=/;instance=cadvisor:8080;job=iot_service","2025-10-31T10:22:39Z","977896124416"
"container_fs_limit_bytes","__name__=container_fs_limit_bytes;device=overlay_0-68;id=/;instance=cadvisor:8080;job=iot_service","2025-10-31T10:22:54Z","977896124416"
"container_fs_limit_bytes","__name__=container_fs_limit_bytes;device=overlay_0-68;id=/;instance=cadvisor:8080;job=iot_service","2025-10-31T10:23:09Z","977896124416"
"container_fs_limit_bytes","__name__=container_fs_limit_bytes;device=overlay_0-68;id=/;instance=cadvisor:8080;job=iot_service","2025-10-31T10:23:24Z","977896124416"
"container_fs_limit_bytes","__name__=container_fs_limit_bytes;device=overlay_0-68;id=/;instance=cadvisor:8080;job=iot_service","2025-10-31T10:23:39Z","977896124416"
"container_fs_limit_bytes","__name__=container_fs_limit_bytes;device=overlay_0-68;id=/;instance=cadvisor:8080;job=iot_service","2025-10-31T10:23:54Z","977896124416"
"container_fs_limit_bytes","__name__=container_fs_limit_bytes;device=overlay_0-68;id=/;instance=cadvisor:8080;job=iot_service","2025-10-31T10:24:09Z","977896124416"
"container_fs_limit_bytes","__name__=container_fs_limit_bytes;device=overlay_0-68;id=/;instance=cadvisor:8080;job=iot_service","2025-10-31T10:24:24Z","977896124416"
"container_fs_limit_bytes","__name__=container_fs_limit_bytes;device=overlay_0-68;id=/;instance=cadvisor:8080;job=iot_service","2025-10-31T10:24:39Z","977896124416"
"container_fs_limit_bytes","__name__=container_fs_limit_bytes;device=overlay_0-68;id=/;instance=cadvisor:8080;job=iot_service","2025-10-31T10:24:54Z","977896124416"
"container_fs_limit_bytes","__name__=container_fs_limit_bytes;device=overlay_0-68;id=/;instance=cadvisor:8080;job=iot_service","2025-10-31T10:25:09Z","977896124416"
"container_fs_limit_bytes","__name__=container_fs_limit_bytes;device=overlay_0-68;id=/;instance=cadvisor:8080;job=iot_service","2025-10-31T10:25:24Z","977896124416"
"container_fs_limit_bytes","__name__=container_fs_limit_bytes;device=overlay_0-68;id=/;instance=cadvisor:8080;job=iot_service","2025-10-31T10:25:39Z","977896124416"
"container_fs_limit_bytes","__name__=container_fs_limit_bytes;device=overlay_0-68;id=/;instance=cadvisor:8080;job=iot_service","2025-10-31T10:25:54Z","977896124416"
"container_fs_limit_bytes","__name__=container_fs_limit_bytes;device=overlay_0-68;id=/;instance=cadvisor:8080;job=iot_service","2025-10-31T10:26:09Z","977896124416"
"container_fs_limit_bytes","__name__=container_fs_limit_bytes;device=overlay_0-68;id=/;instance=cadvisor:8080;job=iot_service","2025-10-31T10:26:24Z","977896124416"
"container_fs_limit_bytes","__name__=container_fs_limit_bytes;device=overlay_0-68;id=/;instance=cadvisor:8080;job=iot_service","2025-10-31T10:26:39Z","977896124416"
"container_fs_limit_bytes","__name__=container_fs_limit_bytes;device=overlay_0-68;id=/;instance=cadvisor:8080;job=iot_service","2025-10-31T10:26:54Z","977896124416"
"container_fs_limit_bytes","__name__=container_fs_limit_bytes;device=overlay_0-68;id=/;instance=cadvisor:8080;job=iot_service","2025-10-31T10:27:09Z","977896124416"
"container_fs_limit_bytes","__name__=container_fs_limit_bytes;device=overlay_0-68;id=/;instance=cadvisor:8080;job=iot_service","2025-10-31T10:27:24Z","977896124416"
"container_fs_limit_bytes","__name__=container_fs_limit_bytes;device=overlay_0-68;id=/;instance=cadvisor:8080;job=iot_service","2025-10-31T10:27:39Z","977896124416"
"container_fs_limit_bytes","__name__=container_fs_limit_bytes;device=overlay_0-68;id=/;instance=cadvisor:8080;job=iot_service","2025-10-31T10:27:54Z","977896124416"
"container_fs_limit_bytes","__name__=container_fs_limit_bytes;device=overlay_0-68;id=/;instance=cadvisor:8080;job=iot_service","2025-10-31T10:28:09Z","977896124416"
"container_fs_limit_bytes","__name__=container_fs_limit_bytes;device=overlay_0-68;id=/;instance=cadvisor:8080;job=iot_service","2025-10-31T10:28:24Z","977896124416"
"container_fs_limit_bytes","__name__=container_fs_limit_bytes;device=overlay_0-68;id=/;instance=cadvisor:8080;job=iot_service","2025-10-31T10:28:39Z","977896124416"
"container_fs_limit_bytes","__name__=container_fs_limit_bytes;device=overlay_0-68;id=/;instance=cadvisor:8080;job=iot_service","2025-10-31T10:28:54Z","977896124416"
"container_fs_limit_bytes","__name__=container_fs_limit_bytes;device=overlay_0-68;id=/;instance=cadvisor:8080;job=iot_service","2025-10-31T10:29:09Z","977896124416"
"container_fs_limit_bytes","__name__=container_fs_limit_bytes;device=overlay_0-68;id=/;instance=cadvisor:8080;job=iot_service","2025-10-31T10:29:24Z","977896124416"
"container_fs_limit_bytes","__name__=container_fs_limit_bytes;device=overlay_0-68;id=/;instance=cadvisor:8080;job=iot_service","2025-10-31T10:29:39Z","977896124416"
"container_fs_limit_bytes","__name__=container_fs_limit_bytes;device=overlay_0-68;id=/;instance=cadvisor:8080;job=iot_service","2025-10-31T10:29:54Z","977896124416"
"container_fs_limit_bytes","__name__=container_fs_limit_bytes;device=overlay_0-68;id=/;instance=cadvisor:8080;job=iot_service","2025-10-31T10:30:09Z","977896124416"
"container_fs_limit_bytes","__name__=container_fs_limit_bytes;device=overlay_0-68;id=/;instance=cadvisor:8080;job=iot_service","2025-10-31T10:30:24Z","977896124416"
"container_fs_limit_bytes","__name__=container_fs_limit_bytes;device=overlay_0-68;id=/;instance=cadvisor:8080;job=iot_service","2025-10-31T10:30:39Z","977896124416"
"container_fs_limit_bytes","__name__=container_fs_limit_bytes;device=overlay_0-68;id=/;instance=cadvisor:8080;job=iot_service","2025-10-31T10:30:54Z","977896124416"
"container_fs_limit_bytes","__name__=container_fs_limit_bytes;device=overlay_0-68;id=/;instance=cadvisor:8080;job=iot_service","2025-10-31T10:31:09Z","977896124416"
"container_fs_limit_bytes","__name__=container_fs_limit_bytes;device=overlay_0-70;id=/;instance=cadvisor:8080;job=iot_service","2025-10-31T10:16:09Z","977896124416"
"container_fs_limit_bytes","__name__=container_fs_limit_bytes;device=overlay_0-70;id=/;instance=cadvisor:8080;job=iot_service","2025-10-31T10:16:24Z","977896124416"
"container_fs_limit_bytes","__name__=container_fs_limit_bytes;device=overlay_0-70;id=/;instance=cadvisor:8080;job=iot_service","2025-10-31T10:16:39Z","977896124416"
"container_fs_limit_bytes","__name__=container_fs_limit_bytes;device=overlay_0-70;id=/;instance=cadvisor:8080;job=iot_service","2025-10-31T10:16:54Z","977896124416"
"container_fs_limit_bytes","__name__=container_fs_limit_bytes;device=overlay_0-70;id=/;instance=cadvisor:8080;job=iot_service","2025-10-31T10:17:09Z","977896124416"
"container_fs_limit_bytes","__name__=container_fs_limit_bytes;device=overlay_0-70;id=/;instance=cadvisor:8080;job=iot_service","2025-10-31T10:17:24Z","977896124416"
"container_fs_limit_bytes","__name__=container_fs_limit_bytes;device=overlay_0-70;id=/;instance=cadvisor:8080;job=iot_service","2025-10-31T10:17:39Z","977896124416"
"container_fs_limit_bytes","__name__=container_fs_limit_bytes;device=overlay_0-70;id=/;instance=cadvisor:8080;job=iot_service","2025-10-31T10:17:54Z","977896124416"
"container_fs_limit_bytes","__name__=container_fs_limit_bytes;device=overlay_0-70;id=/;instance=cadvisor:8080;job=iot_service","2025-10-31T10:18:09Z","977896124416"
"container_fs_limit_bytes","__name__=container_fs_limit_bytes;device=overlay_0-70;id=/;instance=cadvisor:8080;job=iot_service","2025-10-31T10:18:24Z","977896124416"
"container_fs_limit_bytes","__name__=container_fs_limit_bytes;device=overlay_0-70;id=/;instance=cadvisor:8080;job=iot_service","2025-10-31T10:18:39Z","977896124416"
"container_fs_limit_bytes","__name__=container_fs_limit_bytes;device=overlay_0-70;id=/;instance=cadvisor:8080;job=iot_service","2025-10-31T10:18:54Z","977896124416"
"container_fs_limit_bytes","__name__=container_fs_limit_bytes;device=overlay_0-70;id=/;instance=cadvisor:8080;job=iot_service","2025-10-31T10:19:09Z","977896124416"
"container_fs_limit_bytes","__name__=container_fs_limit_bytes;device=overlay_0-70;id=/;instance=cadvisor:8080;job=iot_service","2025-10-31T10:19:24Z","977896124416"
"container_fs_limit_bytes","__name__=container_fs_limit_bytes;device=overlay_0-70;id=/;instance=cadvisor:8080;job=iot_service","2025-10-31T10:19:39Z","977896124416"
"container_fs_limit_bytes","__name__=container_fs_limit_bytes;device=overlay_0-70;id=/;instance=cadvisor:8080;job=iot_service","2025-10-31T10:19:54Z","977896124416"
"container_fs_limit_bytes","__name__=container_fs_limit_bytes;device=overlay_0-70;id=/;instance=cadvisor:8080;job=iot_service","2025-10-31T10:20:09Z","977896124416"
"container_fs_limit_bytes","__name__=container_fs_limit_bytes;device=overlay_0-70;id=/;instance=cadvisor:8080;job=iot_service","2025-10-31T10:20:24Z","977896124416"
"container_fs_limit_bytes","__name__=container_fs_limit_bytes;device=overlay_0-70;id=/;instance=cadvisor:8080;job=iot_service","2025-10-31T10:20:39Z","977896124416"
"container_fs_limit_bytes","__name__=container_fs_limit_bytes;device=overlay_0-70;id=/;instance=cadvisor:8080;job=iot_service","2025-10-31T10:20:54Z","977896124416"
"container_fs_limit_bytes","__name__=container_fs_limit_bytes;device=overlay_0-70;id=/;instance=cadvisor:8080;job=iot_service","2025-10-31T10:21:09Z","977896124416"
"container_fs_limit_bytes","__name__=container_fs_limit_bytes;device=overlay_0-70;id=/;instance=cadvisor:8080;job=iot_service","2025-10-31T10:21:24Z","977896124416"
"container_fs_limit_bytes","__name__=container_fs_limit_bytes;device=overlay_0-70;id=/;instance=cadvisor:8080;job=iot_service","2025-10-31T10:21:39Z","977896124416"
"container_fs_limit_bytes","__name__=container_fs_limit_bytes;device=overlay_0-70;id=/;instance=cadvisor:8080;job=iot_service","2025-10-31T10:21:54Z","977896124416"
"container_fs_limit_bytes","__name__=container_fs_limit_bytes;device=overlay_0-70;id=/;instance=cadvisor:8080;job=iot_service","2025-10-31T10:22:09Z","977896124416"
"container_fs_limit_bytes","__name__=container_fs_limit_bytes;device=overlay_0-70;id=/;instance=cadvisor:8080;job=iot_service","2025-10-31T10:22:24Z","977896124416"
"container_fs_limit_bytes","__name__=container_fs_limit_bytes;device=overlay_0-70;id=/;instance=cadvisor:8080;job=iot_service","2025-10-31T10:22:39Z","977896124416"
"container_fs_limit_bytes","__name__=container_fs_limit_bytes;device=overlay_0-70;id=/;instance=cadvisor:8080;job=iot_service","2025-10-31T10:22:54Z","977896124416"
"container_fs_limit_bytes","__name__=container_fs_limit_bytes;device=overlay_0-70;id=/;instance=cadvisor:8080;job=iot_service","2025-10-31T10:23:09Z","977896124416"
"container_fs_limit_bytes","__name__=container_fs_limit_bytes;device=overlay_0-70;id=/;instance=cadvisor:8080;job=iot_service","2025-10-31T10:23:24Z","977896124416"
"container_fs_limit_bytes","__name__=container_fs_limit_bytes;device=overlay_0-70;id=/;instance=cadvisor:8080;job=iot_service","2025-10-31T10:23:39Z","977896124416"
"container_fs_limit_bytes","__name__=container_fs_limit_bytes;device=overlay_0-70;id=/;instance=cadvisor:8080;job=iot_service","2025-10-31T10:23:54Z","977896124416"
"container_fs_limit_bytes","__name__=container_fs_limit_bytes;device=overlay_0-70;id=/;instance=cadvisor:8080;job=iot_service","2025-10-31T10:24:09Z","977896124416"
"container_fs_limit_bytes","__name__=container_fs_limit_bytes;device=overlay_0-70;id=/;instance=cadvisor:8080;job=iot_service","2025-10-31T10:24:24Z","977896124416"
"container_fs_limit_bytes","__name__=container_fs_limit_bytes;device=overlay_0-70;id=/;instance=cadvisor:8080;job=iot_service","2025-10-31T10:24:39Z","977896124416"
"container_fs_limit_bytes","__name__=container_fs_limit_bytes;device=overlay_0-70;id=/;instance=cadvisor:8080;job=iot_service","2025-10-31T10:24:54Z","977896124416"
"container_fs_limit_bytes","__name__=container_fs_limit_bytes;device=overlay_0-70;id=/;instance=cadvisor:8080;job=iot_service","2025-10-31T10:25:09Z","977896124416"
"container_fs_limit_bytes","__name__=container_fs_limit_bytes;device=overlay_0-70;id=/;instance=cadvisor:8080;job=iot_service","2025-10-31T10:25:24Z","977896124416"
"container_fs_limit_bytes","__name__=container_fs_limit_bytes;device=overlay_0-70;id=/;instance=cadvisor:8080;job=iot_service","2025-10-31T10:25:39Z","977896124416"
"container_fs_limit_bytes","__name__=container_fs_limit_bytes;device=overlay_0-70;id=/;instance=cadvisor:8080;job=iot_service","2025-10-31T10:25:54Z","977896124416"
"container_fs_limit_bytes","__name__=container_fs_limit_bytes;device=overlay_0-70;id=/;instance=cadvisor:8080;job=iot_service","2025-10-31T10:26:09Z","977896124416"
"container_fs_limit_bytes","__name__=container_fs_limit_bytes;device=overlay_0-70;id=/;instance=cadvisor:8080;job=iot_service","2025-10-31T10:26:24Z","977896124416"
"container_fs_limit_bytes","__name__=container_fs_limit_bytes;device=overlay_0-70;id=/;instance=cadvisor:8080;job=iot_service","2025-10-31T10:26:39Z","977896124416"
"container_fs_limit_bytes","__name__=container_fs_limit_bytes;device=overlay_0-70;id=/;instance=cadvisor:8080;job=iot_service","2025-10-31T10:26:54Z","977896124416"
"container_fs_limit_bytes","__name__=container_fs_limit_bytes;device=overlay_0-70;id=/;instance=cadvisor:8080;job=iot_service","2025-10-31T10:27:09Z","977896124416"
"container_fs_limit_bytes","__name__=container_fs_limit_bytes;device=overlay_0-70;id=/;instance=cadvisor:8080;job=iot_service","2025-10-31T10:27:24Z","977896124416"
"container_fs_limit_bytes","__name__=container_fs_limit_bytes;device=overlay_0-70;id=/;instance=cadvisor:8080;job=iot_service","2025-10-31T10:27:39Z","977896124416"
"container_fs_limit_bytes","__name__=container_fs_limit_bytes;device=overlay_0-70;id=/;instance=cadvisor:8080;job=iot_service","2025-10-31T10:27:54Z","977896124416"
"container_fs_limit_bytes","__name__=container_fs_limit_bytes;device=overlay_0-70;id=/;instance=cadvisor:8080;job=iot_service","2025-10-31T10:28:09Z","977896124416"
"container_fs_limit_bytes","__name__=container_fs_limit_bytes;device=overlay_0-70;id=/;instance=cadvisor:8080;job=iot_service","2025-10-31T10:28:24Z","977896124416"
"container_fs_limit_bytes","__name__=container_fs_limit_bytes;device=overlay_0-70;id=/;instance=cadvisor:8080;job=iot_service","2025-10-31T10:28:39Z","977896124416"
"container_fs_limit_bytes","__name__=container_fs_limit_bytes;device=overlay_0-70;id=/;instance=cadvisor:8080;job=iot_service","2025-10-31T10:28:54Z","977896124416"
"container_fs_limit_bytes","__name__=container_fs_limit_bytes;device=overlay_0-70;id=/;instance=cadvisor:8080;job=iot_service","2025-10-31T10:29:09Z","977896124416"
"container_fs_limit_bytes","__name__=container_fs_limit_bytes;device=overlay_0-70;id=/;instance=cadvisor:8080;job=iot_service","2025-10-31T10:29:24Z","977896124416"
"container_fs_limit_bytes","__name__=container_fs_limit_bytes;device=overlay_0-70;id=/;instance=cadvisor:8080;job=iot_service","2025-10-31T10:29:39Z","977896124416"
"container_fs_limit_bytes","__name__=container_fs_limit_bytes;device=overlay_0-70;id=/;instance=cadvisor:8080;job=iot_service","2025-10-31T10:29:54Z","977896124416"
"container_fs_limit_bytes","__name__=container_fs_limit_bytes;device=overlay_0-70;id=/;instance=cadvisor:8080;job=iot_service","2025-10-31T10:30:09Z","977896124416"
"container_fs_limit_bytes","__name__=container_fs_limit_bytes;device=overlay_0-70;id=/;instance=cadvisor:8080;job=iot_service","2025-10-31T10:30:24Z","977896124416"
"container_fs_limit_bytes","__name__=container_fs_limit_bytes;device=overlay_0-70;id=/;instance=cadvisor:8080;job=iot_service","2025-10-31T10:30:39Z","977896124416"
"container_fs_limit_bytes","__name__=container_fs_limit_bytes;device=overlay_0-70;id=/;instance=cadvisor:8080;job=iot_service","2025-10-31T10:30:54Z","977896124416"
"container_fs_limit_bytes","__name__=container_fs_limit_bytes;device=overlay_0-70;id=/;instance=cadvisor:8080;job=iot_service","2025-10-31T10:31:09Z","977896124416"
"container_fs_limit_bytes","__name__=container_fs_limit_bytes;device=overlay_0-72;id=/;instance=cadvisor:8080;job=iot_service","2025-10-31T10:16:09Z","977896124416"
"container_fs_limit_bytes","__name__=container_fs_limit_bytes;device=overlay_0-72;id=/;instance=cadvisor:8080;job=iot_service","2025-10-31T10:16:24Z","977896124416"
"container_fs_limit_bytes","__name__=container_fs_limit_bytes;device=overlay_0-72;id=/;instance=cadvisor:8080;job=iot_service","2025-10-31T10:16:39Z","977896124416"
"container_fs_limit_bytes","__name__=container_fs_limit_bytes;device=overlay_0-72;id=/;instance=cadvisor:8080;job=iot_service","2025-10-31T10:16:54Z","977896124416"
"container_fs_limit_bytes","__name__=container_fs_limit_bytes;device=overlay_0-72;id=/;instance=cadvisor:8080;job=iot_service","2025-10-31T10:17:09Z","977896124416"
"container_fs_limit_bytes","__name__=container_fs_limit_bytes;device=overlay_0-72;id=/;instance=cadvisor:8080;job=iot_service","2025-10-31T10:17:24Z","977896124416"
"container_fs_limit_bytes","__name__=container_fs_limit_bytes;device=overlay_0-72;id=/;instance=cadvisor:8080;job=iot_service","2025-10-31T10:17:39Z","977896124416"
"container_fs_limit_bytes","__name__=container_fs_limit_bytes;device=overlay_0-72;id=/;instance=cadvisor:8080;job=iot_service","2025-10-31T10:17:54Z","977896124416"
"container_fs_limit_bytes","__name__=container_fs_limit_bytes;device=overlay_0-72;id=/;instance=cadvisor:8080;job=iot_service","2025-10-31T10:18:09Z","977896124416"
"container_fs_limit_bytes","__name__=container_fs_limit_bytes;device=overlay_0-72;id=/;instance=cadvisor:8080;job=iot_service","2025-10-31T10:18:24Z","977896124416"
"container_fs_limit_bytes","__name__=container_fs_limit_bytes;device=overlay_0-72;id=/;instance=cadvisor:8080;job=iot_service","2025-10-31T10:18:39Z","977896124416"
"container_fs_limit_bytes","__name__=container_fs_limit_bytes;device=overlay_0-72;id=/;instance=cadvisor:8080;job=iot_service","2025-10-31T10:18:54Z","977896124416"
"container_fs_limit_bytes","__name__=container_fs_limit_bytes;device=overlay_0-72;id=/;instance=cadvisor:8080;job=iot_service","2025-10-31T10:19:09Z","977896124416"
"container_fs_limit_bytes","__name__=container_fs_limit_bytes;device=overlay_0-72;id=/;instance=cadvisor:8080;job=iot_service","2025-10-31T10:19:24Z","977896124416"
"container_fs_limit_bytes","__name__=container_fs_limit_bytes;device=overlay_0-72;id=/;instance=cadvisor:8080;job=iot_service","2025-10-31T10:19:39Z","977896124416"
"container_fs_limit_bytes","__name__=container_fs_limit_bytes;device=overlay_0-72;id=/;instance=cadvisor:8080;job=iot_service","2025-10-31T10:19:54Z","977896124416"
"container_fs_limit_bytes","__name__=container_fs_limit_bytes;device=overlay_0-72;id=/;instance=cadvisor:8080;job=iot_service","2025-10-31T10:20:09Z","977896124416"
"container_fs_limit_bytes","__name__=container_fs_limit_bytes;device=overlay_0-72;id=/;instance=cadvisor:8080;job=iot_service","2025-10-31T10:20:24Z","977896124416"
"container_fs_limit_bytes","__name__=container_fs_limit_bytes;device=overlay_0-72;id=/;instance=cadvisor:8080;job=iot_service","2025-10-31T10:20:39Z","977896124416"
"container_fs_limit_bytes","__name__=container_fs_limit_bytes;device=overlay_0-72;id=/;instance=cadvisor:8080;job=iot_service","2025-10-31T10:20:54Z","977896124416"
"container_fs_limit_bytes","__name__=container_fs_limit_bytes;device=overlay_0-72;id=/;instance=cadvisor:8080;job=iot_service","2025-10-31T10:21:09Z","977896124416"
"container_fs_limit_bytes","__name__=container_fs_limit_bytes;device=overlay_0-72;id=/;instance=cadvisor:8080;job=iot_service","2025-10-31T10:21:24Z","977896124416"
"container_fs_limit_bytes","__name__=container_fs_limit_bytes;device=overlay_0-72;id=/;instance=cadvisor:8080;job=iot_service","2025-10-31T10:21:39Z","977896124416"
"container_fs_limit_bytes","__name__=container_fs_limit_bytes;device=overlay_0-72;id=/;instance=cadvisor:8080;job=iot_service","2025-10-31T10:21:54Z","977896124416"
"container_fs_limit_bytes","__name__=container_fs_limit_bytes;device=overlay_0-72;id=/;instance=cadvisor:8080;job=iot_service","2025-10-31T10:22:09Z","977896124416"
"container_fs_limit_bytes","__name__=container_fs_limit_bytes;device=overlay_0-72;id=/;instance=cadvisor:8080;job=iot_service","2025-10-31T10:22:24Z","977896124416"
"container_fs_limit_bytes","__name__=container_fs_limit_bytes;device=overlay_0-72;id=/;instance=cadvisor:8080;job=iot_service","2025-10-31T10:22:39Z","977896124416"
"container_fs_limit_bytes","__name__=container_fs_limit_bytes;device=overlay_0-72;id=/;instance=cadvisor:8080;job=iot_service","2025-10-31T10:22:54Z","977896124416"
"container_fs_limit_bytes","__name__=container_fs_limit_bytes;device=overlay_0-72;id=/;instance=cadvisor:8080;job=iot_service","2025-10-31T10:23:09Z","977896124416"
"container_fs_limit_bytes","__name__=container_fs_limit_bytes;device=overlay_0-72;id=/;instance=cadvisor:8080;job=iot_service","2025-10-31T10:23:24Z","977896124416"
"container_fs_limit_bytes","__name__=container_fs_limit_bytes;device=overlay_0-72;id=/;instance=cadvisor:8080;job=iot_service","2025-10-31T10:23:39Z","977896124416"
"container_fs_limit_bytes","__name__=container_fs_limit_bytes;device=overlay_0-72;id=/;instance=cadvisor:8080;job=iot_service","2025-10-31T10:23:54Z","977896124416"
"container_fs_limit_bytes","__name__=container_fs_limit_bytes;device=overlay_0-72;id=/;instance=cadvisor:8080;job=iot_service","2025-10-31T10:24:09Z","977896124416"
"container_fs_limit_bytes","__name__=container_fs_limit_bytes;device=overlay_0-72;id=/;instance=cadvisor:8080;job=iot_service","2025-10-31T10:24:24Z","977896124416"
"container_fs_limit_bytes","__name__=container_fs_limit_bytes;device=overlay_0-72;id=/;instance=cadvisor:8080;job=iot_service","2025-10-31T10:24:39Z","977896124416"
"container_fs_limit_bytes","__name__=container_fs_limit_bytes;device=overlay_0-72;id=/;instance=cadvisor:8080;job=iot_service","2025-10-31T10:24:54Z","977896124416"
"container_fs_limit_bytes","__name__=container_fs_limit_bytes;device=overlay_0-72;id=/;instance=cadvisor:8080;job=iot_service","2025-10-31T10:25:09Z","977896124416"
"container_fs_limit_bytes","__name__=container_fs_limit_bytes;device=overlay_0-72;id=/;instance=cadvisor:8080;job=iot_service","2025-10-31T10:25:24Z","977896124416"
"container_fs_limit_bytes","__name__=container_fs_limit_bytes;device=overlay_0-72;id=/;instance=cadvisor:8080;job=iot_service","2025-10-31T10:25:39Z","977896124416"
"container_fs_limit_bytes","__name__=container_fs_limit_bytes;device=overlay_0-72;id=/;instance=cadvisor:8080;job=iot_service","2025-10-31T10:25:54Z","977896124416"
"container_fs_limit_bytes","__name__=container_fs_limit_bytes;device=overlay_0-72;id=/;instance=cadvisor:8080;job=iot_service","2025-10-31T10:26:09Z","977896124416"
"container_fs_limit_bytes","__name__=container_fs_limit_bytes;device=overlay_0-72;id=/;instance=cadvisor:8080;job=iot_service","2025-10-31T10:26:24Z","977896124416"
"container_fs_limit_bytes","__name__=container_fs_limit_bytes;device=overlay_0-72;id=/;instance=cadvisor:8080;job=iot_service","2025-10-31T10:26:39Z","977896124416"
"container_fs_limit_bytes","__name__=container_fs_limit_bytes;device=overlay_0-72;id=/;instance=cadvisor:8080;job=iot_service","2025-10-31T10:26:54Z","977896124416"
"container_fs_limit_bytes","__name__=container_fs_limit_bytes;device=overlay_0-72;id=/;instance=cadvisor:8080;job=iot_service","2025-10-31T10:27:09Z","977896124416"
"container_fs_limit_bytes","__name__=container_fs_limit_bytes;device=overlay_0-72;id=/;instance=cadvisor:8080;job=iot_service","2025-10-31T10:27:24Z","977896124416"
"container_fs_limit_bytes","__name__=container_fs_limit_bytes;device=overlay_0-72;id=/;instance=cadvisor:8080;job=iot_service","2025-10-31T10:27:39Z","977896124416"
"container_fs_limit_bytes","__name__=container_fs_limit_bytes;device=overlay_0-72;id=/;instance=cadvisor:8080;job=iot_service","2025-10-31T10:27:54Z","977896124416"
"container_fs_limit_bytes","__name__=container_fs_limit_bytes;device=overlay_0-72;id=/;instance=cadvisor:8080;job=iot_service","2025-10-31T10:28:09Z","977896124416"
"container_fs_limit_bytes","__name__=container_fs_limit_bytes;device=overlay_0-72;id=/;instance=cadvisor:8080;job=iot_service","2025-10-31T10:28:24Z","977896124416"
"container_fs_limit_bytes","__name__=container_fs_limit_bytes;device=overlay_0-72;id=/;instance=cadvisor:8080;job=iot_service","2025-10-31T10:28:39Z","977896124416"
"container_fs_limit_bytes","__name__=container_fs_limit_bytes;device=overlay_0-72;id=/;instance=cadvisor:8080;job=iot_service","2025-10-31T10:28:54Z","977896124416"
"container_fs_limit_bytes","__name__=container_fs_limit_bytes;device=overlay_0-72;id=/;instance=cadvisor:8080;job=iot_service","2025-10-31T10:29:09Z","977896124416"
"container_fs_limit_bytes","__name__=container_fs_limit_bytes;device=overlay_0-72;id=/;instance=cadvisor:8080;job=iot_service","2025-10-31T10:29:24Z","977896124416"
"container_fs_limit_bytes","__name__=container_fs_limit_bytes;device=overlay_0-72;id=/;instance=cadvisor:8080;job=iot_service","2025-10-31T10:29:39Z","977896124416"
"container_fs_limit_bytes","__name__=container_fs_limit_bytes;device=overlay_0-72;id=/;instance=cadvisor:8080;job=iot_service","2025-10-31T10:29:54Z","977896124416"
"container_fs_limit_bytes","__name__=container_fs_limit_bytes;device=overlay_0-72;id=/;instance=cadvisor:8080;job=iot_service","2025-10-31T10:30:09Z","977896124416"
"container_fs_limit_bytes","__name__=container_fs_limit_bytes;device=overlay_0-72;id=/;instance=cadvisor:8080;job=iot_service","2025-10-31T10:30:24Z","977896124416"
"container_fs_limit_bytes","__name__=container_fs_limit_bytes;device=overlay_0-72;id=/;instance=cadvisor:8080;job=iot_service","2025-10-31T10:30:39Z","977896124416"
"container_fs_limit_bytes","__name__=container_fs_limit_bytes;device=overlay_0-72;id=/;instance=cadvisor:8080;job=iot_service","2025-10-31T10:30:54Z","977896124416"
"container_fs_limit_bytes","__name__=container_fs_limit_bytes;device=overlay_0-72;id=/;instance=cadvisor:8080;job=iot_service","2025-10-31T10:31:09Z","977896124416"
"container_fs_limit_bytes","__name__=container_fs_limit_bytes;device=overlay_0-74;id=/;instance=cadvisor:8080;job=iot_service","2025-10-31T10:16:09Z","977896124416"
"container_fs_limit_bytes","__name__=container_fs_limit_bytes;device=overlay_0-74;id=/;instance=cadvisor:8080;job=iot_service","2025-10-31T10:16:24Z","977896124416"
"container_fs_limit_bytes","__name__=container_fs_limit_bytes;device=overlay_0-74;id=/;instance=cadvisor:8080;job=iot_service","2025-10-31T10:16:39Z","977896124416"
"container_fs_limit_bytes","__name__=container_fs_limit_bytes;device=overlay_0-74;id=/;instance=cadvisor:8080;job=iot_service","2025-10-31T10:16:54Z","977896124416"
"container_fs_limit_bytes","__name__=container_fs_limit_bytes;device=overlay_0-74;id=/;instance=cadvisor:8080;job=iot_service","2025-10-31T10:17:09Z","977896124416"
"container_fs_limit_bytes","__name__=container_fs_limit_bytes;device=overlay_0-74;id=/;instance=cadvisor:8080;job=iot_service","2025-10-31T10:17:24Z","977896124416"
"container_fs_limit_bytes","__name__=container_fs_limit_bytes;device=overlay_0-74;id=/;instance=cadvisor:8080;job=iot_service","2025-10-31T10:17:39Z","977896124416"
"container_fs_limit_bytes","__name__=container_fs_limit_bytes;device=overlay_0-74;id=/;instance=cadvisor:8080;job=iot_service","2025-10-31T10:17:54Z","977896124416"
"container_fs_limit_bytes","__name__=container_fs_limit_bytes;device=overlay_0-74;id=/;instance=cadvisor:8080;job=iot_service","2025-10-31T10:18:09Z","977896124416"
"container_fs_limit_bytes","__name__=container_fs_limit_bytes;device=overlay_0-74;id=/;instance=cadvisor:8080;job=iot_service","2025-10-31T10:18:24Z","977896124416"
"container_fs_limit_bytes","__name__=container_fs_limit_bytes;device=overlay_0-74;id=/;instance=cadvisor:8080;job=iot_service","2025-10-31T10:18:39Z","977896124416"
"container_fs_limit_bytes","__name__=container_fs_limit_bytes;device=overlay_0-74;id=/;instance=cadvisor:8080;job=iot_service","2025-10-31T10:18:54Z","977896124416"
"container_fs_limit_bytes","__name__=container_fs_limit_bytes;device=overlay_0-74;id=/;instance=cadvisor:8080;job=iot_service","2025-10-31T10:19:09Z","977896124416"
"container_fs_limit_bytes","__name__=container_fs_limit_bytes;device=overlay_0-74;id=/;instance=cadvisor:8080;job=iot_service","2025-10-31T10:19:24Z","977896124416"
"container_fs_limit_bytes","__name__=container_fs_limit_bytes;device=overlay_0-74;id=/;instance=cadvisor:8080;job=iot_service","2025-10-31T10:19:39Z","977896124416"
"container_fs_limit_bytes","__name__=container_fs_limit_bytes;device=overlay_0-74;id=/;instance=cadvisor:8080;job=iot_service","2025-10-31T10:19:54Z","977896124416"
"container_fs_limit_bytes","__name__=container_fs_limit_bytes;device=overlay_0-74;id=/;instance=cadvisor:8080;job=iot_service","2025-10-31T10:20:09Z","977896124416"
"container_fs_limit_bytes","__name__=container_fs_limit_bytes;device=overlay_0-74;id=/;instance=cadvisor:8080;job=iot_service","2025-10-31T10:20:24Z","977896124416"
"container_fs_limit_bytes","__name__=container_fs_limit_bytes;device=overlay_0-74;id=/;instance=cadvisor:8080;job=iot_service","2025-10-31T10:20:39Z","977896124416"
"container_fs_limit_bytes","__name__=container_fs_limit_bytes;device=overlay_0-74;id=/;instance=cadvisor:8080;job=iot_service","2025-10-31T10:20:54Z","977896124416"
"container_fs_limit_bytes","__name__=container_fs_limit_bytes;device=overlay_0-74;id=/;instance=cadvisor:8080;job=iot_service","2025-10-31T10:21:09Z","977896124416"
"container_fs_limit_bytes","__name__=container_fs_limit_bytes;device=overlay_0-74;id=/;instance=cadvisor:8080;job=iot_service","2025-10-31T10:21:24Z","977896124416"
"container_fs_limit_bytes","__name__=container_fs_limit_bytes;device=overlay_0-74;id=/;instance=cadvisor:8080;job=iot_service","2025-10-31T10:21:39Z","977896124416"
"container_fs_limit_bytes","__name__=container_fs_limit_bytes;device=overlay_0-74;id=/;instance=cadvisor:8080;job=iot_service","2025-10-31T10:21:54Z","977896124416"
"container_fs_limit_bytes","__name__=container_fs_limit_bytes;device=overlay_0-74;id=/;instance=cadvisor:8080;job=iot_service","2025-10-31T10:22:09Z","977896124416"
"container_fs_limit_bytes","__name__=container_fs_limit_bytes;device=overlay_0-74;id=/;instance=cadvisor:8080;job=iot_service","2025-10-31T10:22:24Z","977896124416"
"container_fs_limit_bytes","__name__=container_fs_limit_bytes;device=overlay_0-74;id=/;instance=cadvisor:8080;job=iot_service","2025-10-31T10:22:39Z","977896124416"
"container_fs_limit_bytes","__name__=container_fs_limit_bytes;device=overlay_0-74;id=/;instance=cadvisor:8080;job=iot_service","2025-10-31T10:22:54Z","977896124416"
"container_fs_limit_bytes","__name__=container_fs_limit_bytes;device=overlay_0-74;id=/;instance=cadvisor:8080;job=iot_service","2025-10-31T10:23:09Z","977896124416"
"container_fs_limit_bytes","__name__=container_fs_limit_bytes;device=overlay_0-74;id=/;instance=cadvisor:8080;job=iot_service","2025-10-31T10:23:24Z","977896124416"
"container_fs_limit_bytes","__name__=container_fs_limit_bytes;device=overlay_0-74;id=/;instance=cadvisor:8080;job=iot_service","2025-10-31T10:23:39Z","977896124416"
"container_fs_limit_bytes","__name__=container_fs_limit_bytes;device=overlay_0-74;id=/;instance=cadvisor:8080;job=iot_service","2025-10-31T10:23:54Z","977896124416"
"container_fs_limit_bytes","__name__=container_fs_limit_bytes;device=overlay_0-74;id=/;instance=cadvisor:8080;job=iot_service","2025-10-31T10:24:09Z","977896124416"
"container_fs_limit_bytes","__name__=container_fs_limit_bytes;device=overlay_0-74;id=/;instance=cadvisor:8080;job=iot_service","2025-10-31T10:24:24Z","977896124416"
"container_fs_limit_bytes","__name__=container_fs_limit_bytes;device=overlay_0-74;id=/;instance=cadvisor:8080;job=iot_service","2025-10-31T10:24:39Z","977896124416"
"container_fs_limit_bytes","__name__=container_fs_limit_bytes;device=overlay_0-74;id=/;instance=cadvisor:8080;job=iot_service","2025-10-31T10:24:54Z","977896124416"
"container_fs_limit_bytes","__name__=container_fs_limit_bytes;device=overlay_0-74;id=/;instance=cadvisor:8080;job=iot_service","2025-10-31T10:25:09Z","977896124416"
"container_fs_limit_bytes","__name__=container_fs_limit_bytes;device=overlay_0-74;id=/;instance=cadvisor:8080;job=iot_service","2025-10-31T10:25:24Z","977896124416"
"container_fs_limit_bytes","__name__=container_fs_limit_bytes;device=overlay_0-74;id=/;instance=cadvisor:8080;job=iot_service","2025-10-31T10:25:39Z","977896124416"
"container_fs_limit_bytes","__name__=container_fs_limit_bytes;device=overlay_0-74;id=/;instance=cadvisor:8080;job=iot_service","2025-10-31T10:25:54Z","977896124416"
"container_fs_limit_bytes","__name__=container_fs_limit_bytes;device=overlay_0-74;id=/;instance=cadvisor:8080;job=iot_service","2025-10-31T10:26:09Z","977896124416"
"container_fs_limit_bytes","__name__=container_fs_limit_bytes;device=overlay_0-74;id=/;instance=cadvisor:8080;job=iot_service","2025-10-31T10:26:24Z","977896124416"
"container_fs_limit_bytes","__name__=container_fs_limit_bytes;device=overlay_0-74;id=/;instance=cadvisor:8080;job=iot_service","2025-10-31T10:26:39Z","977896124416"
"container_fs_limit_bytes","__name__=container_fs_limit_bytes;device=overlay_0-74;id=/;instance=cadvisor:8080;job=iot_service","2025-10-31T10:26:54Z","977896124416"
"container_fs_limit_bytes","__name__=container_fs_limit_bytes;device=overlay_0-74;id=/;instance=cadvisor:8080;job=iot_service","2025-10-31T10:27:09Z","977896124416"
"container_fs_limit_bytes","__name__=container_fs_limit_bytes;device=overlay_0-74;id=/;instance=cadvisor:8080;job=iot_service","2025-10-31T10:27:24Z","977896124416"
"container_fs_limit_bytes","__name__=container_fs_limit_bytes;device=overlay_0-74;id=/;instance=cadvisor:8080;job=iot_service","2025-10-31T10:27:39Z","977896124416"
"container_fs_limit_bytes","__name__=container_fs_limit_bytes;device=overlay_0-74;id=/;instance=cadvisor:8080;job=iot_service","2025-10-31T10:27:54Z","977896124416"
"container_fs_limit_bytes","__name__=container_fs_limit_bytes;device=overlay_0-74;id=/;instance=cadvisor:8080;job=iot_service","2025-10-31T10:28:09Z","977896124416"
"container_fs_limit_bytes","__name__=container_fs_limit_bytes;device=overlay_0-74;id=/;instance=cadvisor:8080;job=iot_service","2025-10-31T10:28:24Z","977896124416"
"container_fs_limit_bytes","__name__=container_fs_limit_bytes;device=overlay_0-74;id=/;instance=cadvisor:8080;job=iot_service","2025-10-31T10:28:39Z","977896124416"
"container_fs_limit_bytes","__name__=container_fs_limit_bytes;device=overlay_0-74;id=/;instance=cadvisor:8080;job=iot_service","2025-10-31T10:28:54Z","977896124416"
"container_fs_limit_bytes","__name__=container_fs_limit_bytes;device=overlay_0-74;id=/;instance=cadvisor:8080;job=iot_service","2025-10-31T10:29:09Z","977896124416"
"container_fs_limit_bytes","__name__=container_fs_limit_bytes;device=overlay_0-74;id=/;instance=cadvisor:8080;job=iot_service","2025-10-31T10:29:24Z","977896124416"
"container_fs_limit_bytes","__name__=container_fs_limit_bytes;device=overlay_0-74;id=/;instance=cadvisor:8080;job=iot_service","2025-10-31T10:29:39Z","977896124416"
"container_fs_limit_bytes","__name__=container_fs_limit_bytes;device=overlay_0-74;id=/;instance=cadvisor:8080;job=iot_service","2025-10-31T10:29:54Z","977896124416"
"container_fs_limit_bytes","__name__=container_fs_limit_bytes;device=overlay_0-74;id=/;instance=cadvisor:8080;job=iot_service","2025-10-31T10:30:09Z","977896124416"
"container_fs_limit_bytes","__name__=container_fs_limit_bytes;device=overlay_0-74;id=/;instance=cadvisor:8080;job=iot_service","2025-10-31T10:30:24Z","977896124416"
"container_fs_limit_bytes","__name__=container_fs_limit_bytes;device=overlay_0-74;id=/;instance=cadvisor:8080;job=iot_service","2025-10-31T10:30:39Z","977896124416"
"container_fs_limit_bytes","__name__=container_fs_limit_bytes;device=overlay_0-74;id=/;instance=cadvisor:8080;job=iot_service","2025-10-31T10:30:54Z","977896124416"
"container_fs_limit_bytes","__name__=container_fs_limit_bytes;device=overlay_0-74;id=/;instance=cadvisor:8080;job=iot_service","2025-10-31T10:31:09Z","977896124416"
