metric,labels,timestamp,value
"container_fs_reads_total","device=/dev;id=/;instance=cadvisor:8080;job=iot_service","2025-10-31T10:16:09Z","0"
"container_fs_reads_total","device=/dev;id=/;instance=cadvisor:8080;job=iot_service","2025-10-31T10:16:24Z","0"
"container_fs_reads_total","device=/dev;id=/;instance=cadvisor:8080;job=iot_service","2025-10-31T10:16:39Z","0"
"container_fs_reads_total","device=/dev;id=/;instance=cadvisor:8080;job=iot_service","2025-10-31T10:16:54Z","0"
"container_fs_reads_total","device=/dev;id=/;instance=cadvisor:8080;job=iot_service","2025-10-31T10:17:09Z","0"
"container_fs_reads_total","device=/dev;id=/;instance=cadvisor:8080;job=iot_service","2025-10-31T10:17:24Z","0"
"container_fs_reads_total","device=/dev;id=/;instance=cadvisor:8080;job=iot_service","2025-10-31T10:17:39Z","0"
"container_fs_reads_total","device=/dev;id=/;instance=cadvisor:8080;job=iot_service","2025-10-31T10:17:54Z","0"
"container_fs_reads_total","device=/dev;id=/;instance=cadvisor:8080;job=iot_service","2025-10-31T10:18:09Z","0"
"container_fs_reads_total","device=/dev;id=/;instance=cadvisor:8080;job=iot_service","2025-10-31T10:18:24Z","0"
"container_fs_reads_total","device=/dev;id=/;instance=cadvisor:8080;job=iot_service","2025-10-31T10:18:39Z","0"
"container_fs_reads_total","device=/dev;id=/;instance=cadvisor:8080;job=iot_service","2025-10-31T10:18:54Z","0"
"container_fs_reads_total","device=/dev;id=/;instance=cadvisor:8080;job=iot_service","2025-10-31T10:19:09Z","0"
"container_fs_reads_total","device=/dev;id=/;instance=cadvisor:8080;job=iot_service","2025-10-31T10:19:24Z","0"
"container_fs_reads_total","device=/dev;id=/;instance=cadvisor:8080;job=iot_service","2025-10-31T10:19:39Z","0"
"container_fs_reads_total","device=/dev;id=/;instance=cadvisor:8080;job=iot_service","2025-10-31T10:19:54Z","0"
"container_fs_reads_total","device=/dev;id=/;instance=cadvisor:8080;job=iot_service","2025-10-31T10:20:09Z","0"
"container_fs_reads_total","device=/dev;id=/;instance=cadvisor:8080;job=iot_service","2025-10-31T10:20:24Z","0"
"container_fs_reads_total","device=/dev;id=/;instance=cadvisor:8080;job=iot_service","2025-10-31T10:20:39Z","0"
"container_fs_reads_total","device=/dev;id=/;instance=cadvisor:8080;job=iot_service","2025-10-31T10:20:54Z","0"
"container_fs_reads_total","device=/dev;id=/;instance=cadvisor:8080;job=iot_service","2025-10-31T10:21:09Z","0"
"container_fs_reads_total","device=/dev;id=/;instance=cadvisor:8080;job=iot_service","2025-10-31T10:21:24Z","0"
"container_fs_reads_total","device=/dev;id=/;instance=cadvisor:8080;job=iot_service","2025-10-31T10:21:39Z","0"
"container_fs_reads_total","device=/dev;id=/;instance=cadvisor:8080;job=iot_service","2025-10-31T10:21:54Z","0"
"container_fs_reads_total","device=/dev;id=/;instance=cadvisor:8080;job=iot_service","2025-10-31T10:22:09Z","0"
"container_fs_reads_total","device=/dev;id=/;instance=cadvisor:8080;job=iot_service","2025-10-31T10:22:24Z","0"
"container_fs_reads_total","device=/dev;id=/;instance=cadvisor:8080;job=iot_service","2025-10-31T10:22:39Z","0"
"container_fs_reads_total","device=/dev;id=/;instance=cadvisor:8080;job=iot_service","2025-10-31T10:22:54Z","0"
"container_fs_reads_total","device=/dev;id=/;instance=cadvisor:8080;job=iot_service","2025-10-31T10:23:09Z","0"
"container_fs_reads_total","device=/dev;id=/;instance=cadvisor:8080;job=iot_service","2025-10-31T10:23:24Z","0"
"container_fs_reads_total","device=/dev;id=/;instance=cadvisor:8080;job=iot_service","2025-10-31T10:23:39Z","0"
"container_fs_reads_total","device=/dev;id=/;instance=cadvisor:8080;job=iot_service","2025-10-31T10:23:54Z","0"
"container_fs_reads_total","device=/dev;id=/;instance=cadvisor:8080;job=iot_service","2025-10-31T10:24:09Z","0"
"container_fs_reads_total","device=/dev;id=/;instance=cadvisor:8080;job=iot_service","2025-10-31T10:24:24Z","0"
"container_fs_reads_total","device=/dev;id=/;instance=cadvisor:8080;job=iot_service","2025-10-31T10:24:39Z","0"
"container_fs_reads_total","device=/dev;id=/;instance=cadvisor:8080;job=iot_service","2025-10-31T10:24:54Z","0"
"container_fs_reads_total","device=/dev;id=/;instance=cadvisor:8080;job=iot_service","2025-10-31T10:25:09Z","0"
"container_fs_reads_total","device=/dev;id=/;instance=cadvisor:8080;job=iot_service","2025-10-31T10:25:24Z","0"
"container_fs_reads_total","device=/dev;id=/;instance=cadvisor:8080;job=iot_service","2025-10-31T10:25:39Z","0"
"container_fs_reads_total","device=/dev;id=/;instance=cadvisor:8080;job=iot_service","2025-10-31T10:25:54Z","0"
"container_fs_reads_total","device=/dev;id=/;instance=cadvisor:8080;job=iot_service","2025-10-31T10:26:09Z","0"
"container_fs_reads_total","device=/dev;id=/;instance=cadvisor:8080;job=iot_service","2025-10-31T10:26:24Z","0"
"container_fs_reads_total","device=/dev;id=/;instance=cadvisor:8080;job=iot_service","2025-10-31T10:26:39Z","0"
"container_fs_reads_total","device=/dev;id=/;instance=cadvisor:8080;job=iot_service","2025-10-31T10:26:54Z","0"
"container_fs_reads_total","device=/dev;id=/;instance=cadvisor:8080;job=iot_service","2025-10-31T10:27:09Z","0"
"container_fs_reads_total","device=/dev;id=/;instance=cadvisor:8080;job=iot_service","2025-10-31T10:27:24Z","0"
"container_fs_reads_total","device=/dev;id=/;instance=cadvisor:8080;job=iot_service","2025-10-31T10:27:39Z","0"
"container_fs_reads_total","device=/dev;id=/;instance=cadvisor:8080;job=iot_service","2025-10-31T10:27:54Z","0"
"container_fs_reads_total","device=/dev;id=/;instance=cadvisor:8080;job=iot_service","2025-10-31T10:28:09Z","0"
"container_fs_reads_total","device=/dev;id=/;instance=cadvisor:8080;job=iot_service","2025-10-31T10:28:24Z","0"
"container_fs_reads_total","device=/dev;id=/;instance=cadvisor:8080;job=iot_service","2025-10-31T10:28:39Z","0"
"container_fs_reads_total","device=/dev;id=/;instance=cadvisor:8080;job=iot_service","2025-10-31T10:28:54Z","0"
"container_fs_reads_total","device=/dev;id=/;instance=cadvisor:8080;job=iot_service","2025-10-31T10:29:09Z","0"
"container_fs_reads_total","device=/dev;id=/;instance=cadvisor:8080;job=iot_service","2025-10-31T10:29:24Z","0"
"container_fs_reads_total","device=/dev;id=/;instance=cadvisor:8080;job=iot_service","2025-10-31T10:29:39Z","0"
"container_fs_reads_total","device=/dev;id=/;instance=cadvisor:8080;job=iot_service","2025-10-31T10:29:54Z","0"
"container_fs_reads_total","device=/dev;id=/;instance=cadvisor:8080;job=iot_service","2025-10-31T10:30:09Z","0"
"container_fs_reads_total","device=/dev;id=/;instance=cadvisor:8080;job=iot_service","2025-10-31T10:30:24Z","0"
"container_fs_reads_total","device=/dev;id=/;instance=cadvisor:8080;job=iot_service","2025-10-31T10:30:39Z","0"
"container_fs_reads_total","device=/dev;id=/;instance=cadvisor:8080;job=iot_service","2025-10-31T10:30:54Z","0"
"container_fs_reads_total","device=/dev;id=/;instance=cadvisor:8080;job=iot_service","2025-10-31T10:31:09Z","0"
"container_fs_reads_total","device=/dev/shm;id=/;instance=cadvisor:8080;job=iot_service","2025-10-31T10:16:09Z","0"
"container_fs_reads_total","device=/dev/shm;id=/;instance=cadvisor:8080;job=iot_service","2025-10-31T10:16:24Z","0"
"container_fs_reads_total","device=/dev/shm;id=/;instance=cadvisor:8080;job=iot_service","2025-10-31T10:16:39Z","0"
"container_fs_reads_total","device=/dev/shm;id=/;instance=cadvisor:8080;job=iot_service","2025-10-31T10:16:54Z","0"
"container_fs_reads_total","device=/dev/shm;id=/;instance=cadvisor:8080;job=iot_service","2025-10-31T10:17:09Z","0"
"container_fs_reads_total","device=/dev/shm;id=/;instance=cadvisor:8080;job=iot_service","2025-10-31T10:17:24Z","0"
"container_fs_reads_total","device=/dev/shm;id=/;instance=cadvisor:8080;job=iot_service","2025-10-31T10:17:39Z","0"
"container_fs_reads_total","device=/dev/shm;id=/;instance=cadvisor:8080;job=iot_service","2025-10-31T10:17:54Z","0"
"container_fs_reads_total","device=/dev/shm;id=/;instance=cadvisor:8080;job=iot_service","2025-10-31T10:18:09Z","0"
"container_fs_reads_total","device=/dev/shm;id=/;instance=cadvisor:8080;job=iot_service","2025-10-31T10:18:24Z","0"
"container_fs_reads_total","device=/dev/shm;id=/;instance=cadvisor:8080;job=iot_service","2025-10-31T10:18:39Z","0"
"container_fs_reads_total","device=/dev/shm;id=/;instance=cadvisor:8080;job=iot_service","2025-10-31T10:18:54Z","0"
"container_fs_reads_total","device=/dev/shm;id=/;instance=cadvisor:8080;job=iot_service","2025-10-31T10:19:09Z","0"
"container_fs_reads_total","device=/dev/shm;id=/;instance=cadvisor:8080;job=iot_service","2025-10-31T10:19:24Z","0"
"container_fs_reads_total","device=/dev/shm;id=/;instance=cadvisor:8080;job=iot_service","2025-10-31T10:19:39Z","0"
"container_fs_reads_total","device=/dev/shm;id=/;instance=cadvisor:8080;job=iot_service","2025-10-31T10:19:54Z","0"
"container_fs_reads_total","device=/dev/shm;id=/;instance=cadvisor:8080;job=iot_service","2025-10-31T10:20:09Z","0"
"container_fs_reads_total","device=/dev/shm;id=/;instance=cadvisor:8080;job=iot_service","2025-10-31T10:20:24Z","0"
"container_fs_reads_total","device=/dev/shm;id=/;instance=cadvisor:8080;job=iot_service","2025-10-31T10:20:39Z","0"
"container_fs_reads_total","device=/dev/shm;id=/;instance=cadvisor:8080;job=iot_service","2025-10-31T10:20:54Z","0"
"container_fs_reads_total","device=/dev/shm;id=/;instance=cadvisor:8080;job=iot_service","2025-10-31T10:21:09Z","0"
"container_fs_reads_total","device=/dev/shm;id=/;instance=cadvisor:8080;job=iot_service","2025-10-31T10:21:24Z","0"
"container_fs_reads_total","device=/dev/shm;id=/;instance=cadvisor:8080;job=iot_service","2025-10-31T10:21:39Z","0"
"container_fs_reads_total","device=/dev/shm;id=/;instance=cadvisor:8080;job=iot_service","2025-10-31T10:21:54Z","0"
"container_fs_reads_total","device=/dev/shm;id=/;instance=cadvisor:8080;job=iot_service","2025-10-31T10:22:09Z","0"
"container_fs_reads_total","device=/dev/shm;id=/;instance=cadvisor:8080;job=iot_service","2025-10-31T10:22:24Z","0"
"container_fs_reads_total","device=/dev/shm;id=/;instance=cadvisor:8080;job=iot_service","2025-10-31T10:22:39Z","0"
"container_fs_reads_total","device=/dev/shm;id=/;instance=cadvisor:8080;job=iot_service","2025-10-31T10:22:54Z","0"
"container_fs_reads_total","device=/dev/shm;id=/;instance=cadvisor:8080;job=iot_service","2025-10-31T10:23:09Z","0"
"container_fs_reads_total","device=/dev/shm;id=/;instance=cadvisor:8080;job=iot_service","2025-10-31T10:23:24Z","0"
"container_fs_reads_total","device=/dev/shm;id=/;instance=cadvisor:8080;job=iot_service","2025-10-31T10:23:39Z","0"
"container_fs_reads_total","device=/dev/shm;id=/;instance=cadvisor:8080;job=iot_service","2025-10-31T10:23:54Z","0"
"container_fs_reads_total","device=/dev/shm;id=/;instance=cadvisor:8080;job=iot_service","2025-10-31T10:24:09Z","0"
"container_fs_reads_total","device=/dev/shm;id=/;instance=cadvisor:8080;job=iot_service","2025-10-31T10:24:24Z","0"
"container_fs_reads_total","device=/dev/shm;id=/;instance=cadvisor:8080;job=iot_service","2025-10-31T10:24:39Z","0"
"container_fs_reads_total","device=/dev/shm;id=/;instance=cadvisor:8080;job=iot_service","2025-10-31T10:24:54Z","0"
"container_fs_reads_total","device=/dev/shm;id=/;instance=cadvisor:8080;job=iot_service","2025-10-31T10:25:09Z","0"
"container_fs_reads_total","device=/dev/shm;id=/;instance=cadvisor:8080;job=iot_service","2025-10-31T10:25:24Z","0"
"container_fs_reads_total","device=/dev/shm;id=/;instance=cadvisor:8080;job=iot_service","2025-10-31T10:25:39Z","0"
"container_fs_reads_total","device=/dev/shm;id=/;instance=cadvisor:8080;job=iot_service","2025-10-31T10:25:54Z","0"
"container_fs_reads_total","device=/dev/shm;id=/;instance=cadvisor:8080;job=iot_service","2025-10-31T10:26:09Z","0"
"container_fs_reads_total","device=/dev/shm;id=/;instance=cadvisor:8080;job=iot_service","2025-10-31T10:26:24Z","0"
"container_fs_reads_total","device=/dev/shm;id=/;instance=cadvisor:8080;job=iot_service","2025-10-31T10:26:39Z","0"
"container_fs_reads_total","device=/dev/shm;id=/;instance=cadvisor:8080;job=iot_service","2025-10-31T10:26:54Z","0"
"container_fs_reads_total","device=/dev/shm;id=/;instance=cadvisor:8080;job=iot_service","2025-10-31T10:27:09Z","0"
"container_fs_reads_total","device=/dev/shm;id=/;instance=cadvisor:8080;job=iot_service","2025-10-31T10:27:24Z","0"
"container_fs_reads_total","device=/dev/shm;id=/;instance=cadvisor:8080;job=iot_service","2025-10-31T10:27:39Z","0"
"container_fs_reads_total","device=/dev/shm;id=/;instance=cadvisor:8080;job=iot_service","2025-10-31T10:27:54Z","0"
"container_fs_reads_total","device=/dev/shm;id=/;instance=cadvisor:8080;job=iot_service","2025-10-31T10:28:09Z","0"
"container_fs_reads_total","device=/dev/shm;id=/;instance=cadvisor:8080;job=iot_service","2025-10-31T10:28:24Z","0"
"container_fs_reads_total","device=/dev/shm;id=/;instance=cadvisor:8080;job=iot_service","2025-10-31T10:28:39Z","0"
"container_fs_reads_total","device=/dev/shm;id=/;instance=cadvisor:8080;job=iot_service","2025-10-31T10:28:54Z","0"
"container_fs_reads_total","device=/dev/shm;id=/;instance=cadvisor:8080;job=iot_service","2025-10-31T10:29:09Z","0"
"container_fs_reads_total","device=/dev/shm;id=/;instance=cadvisor:8080;job=iot_service","2025-10-31T10:29:24Z","0"
"container_fs_reads_total","device=/dev/shm;id=/;instance=cadvisor:8080;job=iot_service","2025-10-31T10:29:39Z","0"
"container_fs_reads_total","device=/dev/shm;id=/;instance=cadvisor:8080;job=iot_service","2025-10-31T10:29:54Z","0"
"container_fs_reads_total","device=/dev/shm;id=/;instance=cadvisor:8080;job=iot_service","2025-10-31T10:30:09Z","0"
"container_fs_reads_total","device=/dev/shm;id=/;instance=cadvisor:8080;job=iot_service","2025-10-31T10:30:24Z","0"
"container_fs_reads_total","device=/dev/shm;id=/;instance=cadvisor:8080;job=iot_service","2025-10-31T10:30:39Z","0"
"container_fs_reads_total","device=/dev/shm;id=/;instance=cadvisor:8080;job=iot_service","2025-10-31T10:30:54Z","0"
"container_fs_reads_total","device=/dev/shm;id=/;instance=cadvisor:8080;job=iot_service","2025-10-31T10:31:09Z","0"
"container_fs_reads_total","device=/dev/vda;id=/;instance=cadvisor:8080;job=iot_service","2025-10-31T10:16:09Z","0.051440329218107"
"container_fs_reads_total","device=/dev/vda;id=/;instance=cadvisor:8080;job=iot_service","2025-10-31T10:16:24Z","0.050967533681045174"
"container_fs_reads_total","device=/dev/vda;id=/;instance=cadvisor:8080;job=iot_service","2025-10-31T10:16:39Z","0.08630063689870031"
"container_fs_reads_total","device=/dev/vda;id=/;instance=cadvisor:8080;job=iot_service","2025-10-31T10:16:54Z","0.05128906517130548"
"container_fs_reads_total","device=/dev/vda;id=/;instance=cadvisor:8080;job=iot_service","2025-10-31T10:17:09Z","0.06788290199406025"
"container_fs_reads_total","device=/dev/vda;id=/;instance=cadvisor:8080;job=iot_service","2025-10-31T10:17:24Z","0.06927366561601607"
"container_fs_reads_total","device=/dev/vda;id=/;instance=cadvisor:8080;job=iot_service","2025-10-31T10:17:39Z","0.033756413718606534"
"container_fs_reads_total","device=/dev/vda;id=/;instance=cadvisor:8080;job=iot_service","2025-10-31T10:17:54Z","0.033537352226041754"
"container_fs_reads_total","device=/dev/vda;id=/;instance=cadvisor:8080;job=iot_service","2025-10-31T10:18:09Z","0.017340038148083926"
"container_fs_reads_total","device=/dev/vda;id=/;instance=cadvisor:8080;job=iot_service","2025-10-31T10:18:24Z","0.016800792997429478"
"container_fs_reads_total","device=/dev/vda;id=/;instance=cadvisor:8080;job=iot_service","2025-10-31T10:18:39Z","0"
"container_fs_reads_total","device=/dev/vda;id=/;instance=cadvisor:8080;job=iot_service","2025-10-31T10:18:54Z","0"
"container_fs_reads_total","device=/dev/vda;id=/;instance=cadvisor:8080;job=iot_service","2025-10-31T10:19:09Z","0"
"container_fs_reads_total","device=/dev/vda;id=/;instance=cadvisor:8080;job=iot_service","2025-10-31T10:19:24Z","0"
"container_fs_reads_total","device=/dev/vda;id=/;instance=cadvisor:8080;job=iot_service","2025-10-31T10:19:39Z","0.016767270288397047"
"container_fs_reads_total","device=/dev/vda;id=/;instance=cadvisor:8080;job=iot_service","2025-10-31T10:19:54Z","0.05118231139318252"
"container_fs_reads_total","device=/dev/vda;id=/;instance=cadvisor:8080;job=iot_service","2025-10-31T10:20:09Z","0.05121026936601687"
"container_fs_reads_total","device=/dev/vda;id=/;instance=cadvisor:8080;job=iot_service","2025-10-31T10:20:24Z","0.051615567255084135"
"container_fs_reads_total","device=/dev/vda;id=/;instance=cadvisor:8080;job=iot_service","2025-10-31T10:20:39Z","0.06839501406628132"
"container_fs_reads_total","device=/dev/vda;id=/;instance=cadvisor:8080;job=iot_service","2025-10-31T10:20:54Z","0.034411562284927734"
"container_fs_reads_total","device=/dev/vda;id=/;instance=cadvisor:8080;job=iot_service","2025-10-31T10:21:09Z","0.03379520108144643"
"container_fs_reads_total","device=/dev/vda;id=/;instance=cadvisor:8080;job=iot_service","2025-10-31T10:21:24Z","0.01688390626055244"
"container_fs_reads_total","device=/dev/vda;id=/;instance=cadvisor:8080;job=iot_service","2025-10-31T10:21:39Z","0"
"container_fs_reads_total","device=/dev/vda;id=/;instance=cadvisor:8080;job=iot_service","2025-10-31T10:21:54Z","0"
"container_fs_reads_total","device=/dev/vda;id=/;instance=cadvisor:8080;job=iot_service","2025-10-31T10:22:09Z","0"
"container_fs_reads_total","device=/dev/vda;id=/;instance=cadvisor:8080;job=iot_service","2025-10-31T10:22:24Z","0.03430825971352603"
"container_fs_reads_total","device=/dev/vda;id=/;instance=cadvisor:8080;job=iot_service","2025-10-31T10:22:39Z","0.05138977185806741"
"container_fs_reads_total","device=/dev/vda;id=/;instance=cadvisor:8080;job=iot_service","2025-10-31T10:22:54Z","0.05212858384013901"
"container_fs_reads_total","device=/dev/vda;id=/;instance=cadvisor:8080;job=iot_service","2025-10-31T10:23:09Z","0.05094762584063582"
"container_fs_reads_total","device=/dev/vda;id=/;instance=cadvisor:8080;job=iot_service","2025-10-31T10:23:24Z","0.1357438882555475"
"container_fs_reads_total","device=/dev/vda;id=/;instance=cadvisor:8080;job=iot_service","2025-10-31T10:23:39Z","0.11827520951608543"
"container_fs_reads_total","device=/dev/vda;id=/;instance=cadvisor:8080;job=iot_service","2025-10-31T10:23:54Z","0.1373532037634778"
"container_fs_reads_total","device=/dev/vda;id=/;instance=cadvisor:8080;job=iot_service","2025-10-31T10:24:09Z","0.13684804734942438"
"container_fs_reads_total","device=/dev/vda;id=/;instance=cadvisor:8080;job=iot_service","2025-10-31T10:24:24Z","0.03441570732882488"
"container_fs_reads_total","device=/dev/vda;id=/;instance=cadvisor:8080;job=iot_service","2025-10-31T10:24:39Z","0.03489914148111957"
"container_fs_reads_total","device=/dev/vda;id=/;instance=cadvisor:8080;job=iot_service","2025-10-31T10:24:54Z","0.016912175074836375"
"container_fs_reads_total","device=/dev/vda;id=/;instance=cadvisor:8080;job=iot_service","2025-10-31T10:25:09Z","0.016943983191568677"
"container_fs_reads_total","device=/dev/vda;id=/;instance=cadvisor:8080;job=iot_service","2025-10-31T10:25:24Z","0.017318716336745123"
"container_fs_reads_total","device=/dev/vda;id=/;instance=cadvisor:8080;job=iot_service","2025-10-31T10:25:39Z","0.016937382496908925"
"container_fs_reads_total","device=/dev/vda;id=/;instance=cadvisor:8080;job=iot_service","2025-10-31T10:25:54Z","0.016929927032014493"
"container_fs_reads_total","device=/dev/vda;id=/;instance=cadvisor:8080;job=iot_service","2025-10-31T10:26:09Z","0.016958925482481433"
"container_fs_reads_total","device=/dev/vda;id=/;instance=cadvisor:8080;job=iot_service","2025-10-31T10:26:24Z","0"
"container_fs_reads_total","device=/dev/vda;id=/;instance=cadvisor:8080;job=iot_service","2025-10-31T10:26:39Z","0.03419972640218879"
"container_fs_reads_total","device=/dev/vda;id=/;instance=cadvisor:8080;job=iot_service","2025-10-31T10:26:54Z","0.05084831946304175"
"container_fs_reads_total","device=/dev/vda;id=/;instance=cadvisor:8080;job=iot_service","2025-10-31T10:27:09Z","0.051197160264177345"
"container_fs_reads_total","device=/dev/vda;id=/;instance=cadvisor:8080;job=iot_service","2025-10-31T10:27:24Z","0.05027989139543459"
"container_fs_reads_total","device=/dev/vda;id=/;instance=cadvisor:8080;job=iot_service","2025-10-31T10:27:39Z","0.017127100210663333"
"container_fs_reads_total","device=/dev/vda;id=/;instance=cadvisor:8080;job=iot_service","2025-10-31T10:27:54Z","0"
"container_fs_reads_total","device=/dev/vda;id=/;instance=cadvisor:8080;job=iot_service","2025-10-31T10:28:09Z","0"
"container_fs_reads_total","device=/dev/vda;id=/;instance=cadvisor:8080;job=iot_service","2025-10-31T10:28:24Z","0"
"container_fs_reads_total","device=/dev/vda;id=/;instance=cadvisor:8080;job=iot_service","2025-10-31T10:28:39Z","0"
"container_fs_reads_total","device=/dev/vda;id=/;instance=cadvisor:8080;job=iot_service","2025-10-31T10:28:54Z","0"
"container_fs_reads_total","device=/dev/vda;id=/;instance=cadvisor:8080;job=iot_service","2025-10-31T10:29:09Z","0"
"container_fs_reads_total","device=/dev/vda;id=/;instance=cadvisor:8080;job=iot_service","2025-10-31T10:29:24Z","0"
"container_fs_reads_total","device=/dev/vda;id=/;instance=cadvisor:8080;job=iot_service","2025-10-31T10:29:39Z","0"
"container_fs_reads_total","device=/dev/vda;id=/;instance=cadvisor:8080;job=iot_service","2025-10-31T10:29:54Z","0"
"container_fs_reads_total","device=/dev/vda;id=/;instance=cadvisor:8080;job=iot_service","2025-10-31T10:30:09Z","0"
"container_fs_reads_total","device=/dev/vda;id=/;instance=cadvisor:8080;job=iot_service","2025-10-31T10:30:24Z","0"
"container_fs_reads_total","device=/dev/vda;id=/;instance=cadvisor:8080;job=iot_service","2025-10-31T10:30:39Z","0"
"container_fs_reads_total","device=/dev/vda;id=/;instance=cadvisor:8080;job=iot_service","2025-10-31T10:30:54Z","0"
"container_fs_reads_total","device=/dev/vda;id=/;instance=cadvisor:8080;job=iot_service","2025-10-31T10:31:09Z","0"
"container_fs_reads_total","device=/dev/vda;id=/docker;instance=cadvisor:8080;job=iot_service","2025-10-31T10:16:09Z","0.0518887505188875"
"container_fs_reads_total","device=/dev/vda;id=/docker;instance=cadvisor:8080;job=iot_service","2025-10-31T10:16:24Z","0.05126627704296114"
"container_fs_reads_total","device=/dev/vda;id=/docker;instance=cadvisor:8080;job=iot_service","2025-10-31T10:16:39Z","0.0862500215625054"
"container_fs_reads_total","device=/dev/vda;id=/docker;instance=cadvisor:8080;job=iot_service","2025-10-31T10:16:54Z","0.05036683847354901"
"container_fs_reads_total","device=/dev/vda;id=/docker;instance=cadvisor:8080;job=iot_service","2025-10-31T10:17:09Z","0.06741951795044665"
"container_fs_reads_total","device=/dev/vda;id=/docker;instance=cadvisor:8080;job=iot_service","2025-10-31T10:17:24Z","0.06852084496556858"
"container_fs_reads_total","device=/dev/vda;id=/docker;instance=cadvisor:8080;job=iot_service","2025-10-31T10:17:39Z","0.033664366268305004"
"container_fs_reads_total","device=/dev/vda;id=/docker;instance=cadvisor:8080;job=iot_service","2025-10-31T10:17:54Z","0.017101325352714837"
"container_fs_reads_total","device=/dev/vda;id=/docker;instance=cadvisor:8080;job=iot_service","2025-10-31T10:18:09Z","0.017069215669539985"
"container_fs_reads_total","device=/dev/vda;id=/docker;instance=cadvisor:8080;job=iot_service","2025-10-31T10:18:24Z","0.016871372654879202"
"container_fs_reads_total","device=/dev/vda;id=/docker;instance=cadvisor:8080;job=iot_service","2025-10-31T10:18:39Z","0"
"container_fs_reads_total","device=/dev/vda;id=/docker;instance=cadvisor:8080;job=iot_service","2025-10-31T10:18:54Z","0"
"container_fs_reads_total","device=/dev/vda;id=/docker;instance=cadvisor:8080;job=iot_service","2025-10-31T10:19:09Z","0"
"container_fs_reads_total","device=/dev/vda;id=/docker;instance=cadvisor:8080;job=iot_service","2025-10-31T10:19:24Z","0"
"container_fs_reads_total","device=/dev/vda;id=/docker;instance=cadvisor:8080;job=iot_service","2025-10-31T10:19:39Z","0.016970437497878695"
"container_fs_reads_total","device=/dev/vda;id=/docker;instance=cadvisor:8080;job=iot_service","2025-10-31T10:19:54Z","0.05134788189987162"
"container_fs_reads_total","device=/dev/vda;id=/docker;instance=cadvisor:8080;job=iot_service","2025-10-31T10:20:09Z","0.05102214361032688"
"container_fs_reads_total","device=/dev/vda;id=/docker;instance=cadvisor:8080;job=iot_service","2025-10-31T10:20:24Z","0.05076657528683115"
"container_fs_reads_total","device=/dev/vda;id=/docker;instance=cadvisor:8080;job=iot_service","2025-10-31T10:20:39Z","0.06805498843065197"
"container_fs_reads_total","device=/dev/vda;id=/docker;instance=cadvisor:8080;job=iot_service","2025-10-31T10:20:54Z","0.034018233773302486"
"container_fs_reads_total","device=/dev/vda;id=/docker;instance=cadvisor:8080;job=iot_service","2025-10-31T10:21:09Z","0.03462004500605851"
"container_fs_reads_total","device=/dev/vda;id=/docker;instance=cadvisor:8080;job=iot_service","2025-10-31T10:21:24Z","0.01712035393610357"
"container_fs_reads_total","device=/dev/vda;id=/docker;instance=cadvisor:8080;job=iot_service","2025-10-31T10:21:39Z","0"
"container_fs_reads_total","device=/dev/vda;id=/docker;instance=cadvisor:8080;job=iot_service","2025-10-31T10:21:54Z","0"
"container_fs_reads_total","device=/dev/vda;id=/docker;instance=cadvisor:8080;job=iot_service","2025-10-31T10:22:09Z","0"
"container_fs_reads_total","device=/dev/vda;id=/docker;instance=cadvisor:8080;job=iot_service","2025-10-31T10:22:24Z","0.033448172057397065"
"container_fs_reads_total","device=/dev/vda;id=/docker;instance=cadvisor:8080;job=iot_service","2025-10-31T10:22:39Z","0.05082764346102367"
"container_fs_reads_total","device=/dev/vda;id=/docker;instance=cadvisor:8080;job=iot_service","2025-10-31T10:22:54Z","0.05135491380933633"
"container_fs_reads_total","device=/dev/vda;id=/docker;instance=cadvisor:8080;job=iot_service","2025-10-31T10:23:09Z","0.05094070501935748"
"container_fs_reads_total","device=/dev/vda;id=/docker;instance=cadvisor:8080;job=iot_service","2025-10-31T10:23:24Z","0.13597504057855486"
"container_fs_reads_total","device=/dev/vda;id=/docker;instance=cadvisor:8080;job=iot_service","2025-10-31T10:23:39Z","0.11997806115453173"
"container_fs_reads_total","device=/dev/vda;id=/docker;instance=cadvisor:8080;job=iot_service","2025-10-31T10:23:54Z","0.13735038495363255"
"container_fs_reads_total","device=/dev/vda;id=/docker;instance=cadvisor:8080;job=iot_service","2025-10-31T10:24:09Z","0.1374688547126042"
"container_fs_reads_total","device=/dev/vda;id=/docker;instance=cadvisor:8080;job=iot_service","2025-10-31T10:24:24Z","0.034507151607170584"
"container_fs_reads_total","device=/dev/vda;id=/docker;instance=cadvisor:8080;job=iot_service","2025-10-31T10:24:39Z","0.03418978751047062"
"container_fs_reads_total","device=/dev/vda;id=/docker;instance=cadvisor:8080;job=iot_service","2025-10-31T10:24:54Z","0.016721289545849775"
"container_fs_reads_total","device=/dev/vda;id=/docker;instance=cadvisor:8080;job=iot_service","2025-10-31T10:25:09Z","0.01720163759589913"
"container_fs_reads_total","device=/dev/vda;id=/docker;instance=cadvisor:8080;job=iot_service","2025-10-31T10:25:24Z","0.016803051434140442"
"container_fs_reads_total","device=/dev/vda;id=/docker;instance=cadvisor:8080;job=iot_service","2025-10-31T10:25:39Z","0.017382537502824664"
"container_fs_reads_total","device=/dev/vda;id=/docker;instance=cadvisor:8080;job=iot_service","2025-10-31T10:25:54Z","0.017473047823731894"
"container_fs_reads_total","device=/dev/vda;id=/docker;instance=cadvisor:8080;job=iot_service","2025-10-31T10:26:09Z","0.016907028251644207"
"container_fs_reads_total","device=/dev/vda;id=/docker;instance=cadvisor:8080;job=iot_service","2025-10-31T10:26:24Z","0"
"container_fs_reads_total","device=/dev/vda;id=/docker;instance=cadvisor:8080;job=iot_service","2025-10-31T10:26:39Z","0.033902902088418764"
"container_fs_reads_total","device=/dev/vda;id=/docker;instance=cadvisor:8080;job=iot_service","2025-10-31T10:26:54Z","0.05130660829114791"
"container_fs_reads_total","device=/dev/vda;id=/docker;instance=cadvisor:8080;job=iot_service","2025-10-31T10:27:09Z","0.05114479090304652"
"container_fs_reads_total","device=/dev/vda;id=/docker;instance=cadvisor:8080;job=iot_service","2025-10-31T10:27:24Z","0.05082419909532926"
"container_fs_reads_total","device=/dev/vda;id=/docker;instance=cadvisor:8080;job=iot_service","2025-10-31T10:27:39Z","0.016938816993021206"
"container_fs_reads_total","device=/dev/vda;id=/docker;instance=cadvisor:8080;job=iot_service","2025-10-31T10:27:54Z","0"
"container_fs_reads_total","device=/dev/vda;id=/docker;instance=cadvisor:8080;job=iot_service","2025-10-31T10:28:09Z","0"
"container_fs_reads_total","device=/dev/vda;id=/docker;instance=cadvisor:8080;job=iot_service","2025-10-31T10:28:24Z","0"
"container_fs_reads_total","device=/dev/vda;id=/docker;instance=cadvisor:8080;job=iot_service","2025-10-31T10:28:39Z","0"
"container_fs_reads_total","device=/dev/vda;id=/docker;instance=cadvisor:8080;job=iot_service","2025-10-31T10:28:54Z","0"
"container_fs_reads_total","device=/dev/vda;id=/docker;instance=cadvisor:8080;job=iot_service","2025-10-31T10:29:09Z","0"
"container_fs_reads_total","device=/dev/vda;id=/docker;instance=cadvisor:8080;job=iot_service","2025-10-31T10:29:24Z","0"
"container_fs_reads_total","device=/dev/vda;id=/docker;instance=cadvisor:8080;job=iot_service","2025-10-31T10:29:39Z","0"
"container_fs_reads_total","device=/dev/vda;id=/docker;instance=cadvisor:8080;job=iot_service","2025-10-31T10:29:54Z","0"
"container_fs_reads_total","device=/dev/vda;id=/docker;instance=cadvisor:8080;job=iot_service","2025-10-31T10:30:09Z","0"
"container_fs_reads_total","device=/dev/vda;id=/docker;instance=cadvisor:8080;job=iot_service","2025-10-31T10:30:24Z","0"
"container_fs_reads_total","device=/dev/vda;id=/docker;instance=cadvisor:8080;job=iot_service","2025-10-31T10:30:39Z","0"
"container_fs_reads_total","device=/dev/vda;id=/docker;instance=cadvisor:8080;job=iot_service","2025-10-31T10:30:54Z","0"
"container_fs_reads_total","device=/dev/vda;id=/docker;instance=cadvisor:8080;job=iot_service","2025-10-31T10:31:09Z","0"
"container_fs_reads_total","device=/dev/vda;id=/docker/2150446a4c8b394058574fb283357c41fb1df3cd3ea3d8bfa55eb5566caf0166;instance=cadvisor:8080;job=iot_service","2025-10-31T10:16:09Z","0.050787201625190445"
"container_fs_reads_total","device=/dev/vda;id=/docker/2150446a4c8b394058574fb283357c41fb1df3cd3ea3d8bfa55eb5566caf0166;instance=cadvisor:8080;job=iot_service","2025-10-31T10:16:24Z","0.051336444758786876"
"container_fs_reads_total","device=/dev/vda;id=/docker/2150446a4c8b394058574fb283357c41fb1df3cd3ea3d8bfa55eb5566caf0166;instance=cadvisor:8080;job=iot_service","2025-10-31T10:16:39Z","0.06855889208830385"
"container_fs_reads_total","device=/dev/vda;id=/docker/2150446a4c8b394058574fb283357c41fb1df3cd3ea3d8bfa55eb5566caf0166;instance=cadvisor:8080;job=iot_service","2025-10-31T10:16:54Z","0.01709167977028782"
"container_fs_reads_total","device=/dev/vda;id=/docker/2150446a4c8b394058574fb283357c41fb1df3cd3ea3d8bfa55eb5566caf0166;instance=cadvisor:8080;job=iot_service","2025-10-31T10:17:09Z","0.03432533553015481"
"container_fs_reads_total","device=/dev/vda;id=/docker/2150446a4c8b394058574fb283357c41fb1df3cd3ea3d8bfa55eb5566caf0166;instance=cadvisor:8080;job=iot_service","2025-10-31T10:17:24Z","0.03452681006801782"
"container_fs_reads_total","device=/dev/vda;id=/docker/2150446a4c8b394058574fb283357c41fb1df3cd3ea3d8bfa55eb5566caf0166;instance=cadvisor:8080;job=iot_service","2025-10-31T10:17:39Z","0.03432189253895365"
"container_fs_reads_total","device=/dev/vda;id=/docker/2150446a4c8b394058574fb283357c41fb1df3cd3ea3d8bfa55eb5566caf0166;instance=cadvisor:8080;job=iot_service","2025-10-31T10:17:54Z","0.01721763085399449"
"container_fs_reads_total","device=/dev/vda;id=/docker/2150446a4c8b394058574fb283357c41fb1df3cd3ea3d8bfa55eb5566caf0166;instance=cadvisor:8080;job=iot_service","2025-10-31T10:18:09Z","0.016971013508926755"
"container_fs_reads_total","device=/dev/vda;id=/docker/2150446a4c8b394058574fb283357c41fb1df3cd3ea3d8bfa55eb5566caf0166;instance=cadvisor:8080;job=iot_service","2025-10-31T10:18:24Z","0.017074753269815248"
"container_fs_reads_total","device=/dev/vda;id=/docker/2150446a4c8b394058574fb283357c41fb1df3cd3ea3d8bfa55eb5566caf0166;instance=cadvisor:8080;job=iot_service","2025-10-31T10:18:39Z","0"
"container_fs_reads_total","device=/dev/vda;id=/docker/2150446a4c8b394058574fb283357c41fb1df3cd3ea3d8bfa55eb5566caf0166;instance=cadvisor:8080;job=iot_service","2025-10-31T10:18:54Z","0"
"container_fs_reads_total","device=/dev/vda;id=/docker/2150446a4c8b394058574fb283357c41fb1df3cd3ea3d8bfa55eb5566caf0166;instance=cadvisor:8080;job=iot_service","2025-10-31T10:19:09Z","0"
"container_fs_reads_total","device=/dev/vda;id=/docker/2150446a4c8b394058574fb283357c41fb1df3cd3ea3d8bfa55eb5566caf0166;instance=cadvisor:8080;job=iot_service","2025-10-31T10:19:24Z","0"
"container_fs_reads_total","device=/dev/vda;id=/docker/2150446a4c8b394058574fb283357c41fb1df3cd3ea3d8bfa55eb5566caf0166;instance=cadvisor:8080;job=iot_service","2025-10-31T10:19:39Z","0"
"container_fs_reads_total","device=/dev/vda;id=/docker/2150446a4c8b394058574fb283357c41fb1df3cd3ea3d8bfa55eb5566caf0166;instance=cadvisor:8080;job=iot_service","2025-10-31T10:19:54Z","0"
"container_fs_reads_total","device=/dev/vda;id=/docker/2150446a4c8b394058574fb283357c41fb1df3cd3ea3d8bfa55eb5566caf0166;instance=cadvisor:8080;job=iot_service","2025-10-31T10:20:09Z","0"
"container_fs_reads_total","device=/dev/vda;id=/docker/2150446a4c8b394058574fb283357c41fb1df3cd3ea3d8bfa55eb5566caf0166;instance=cadvisor:8080;job=iot_service","2025-10-31T10:20:24Z","0"
"container_fs_reads_total","device=/dev/vda;id=/docker/2150446a4c8b394058574fb283357c41fb1df3cd3ea3d8bfa55eb5566caf0166;instance=cadvisor:8080;job=iot_service","2025-10-31T10:20:39Z","0.03444542285753045"
"container_fs_reads_total","device=/dev/vda;id=/docker/2150446a4c8b394058574fb283357c41fb1df3cd3ea3d8bfa55eb5566caf0166;instance=cadvisor:8080;job=iot_service","2025-10-31T10:20:54Z","0.03467905928598636"
"container_fs_reads_total","device=/dev/vda;id=/docker/2150446a4c8b394058574fb283357c41fb1df3cd3ea3d8bfa55eb5566caf0166;instance=cadvisor:8080;job=iot_service","2025-10-31T10:21:09Z","0.033917850964962866"
"container_fs_reads_total","device=/dev/vda;id=/docker/2150446a4c8b394058574fb283357c41fb1df3cd3ea3d8bfa55eb5566caf0166;instance=cadvisor:8080;job=iot_service","2025-10-31T10:21:24Z","0.016846928804878872"
"container_fs_reads_total","device=/dev/vda;id=/docker/2150446a4c8b394058574fb283357c41fb1df3cd3ea3d8bfa55eb5566caf0166;instance=cadvisor:8080;job=iot_service","2025-10-31T10:21:39Z","0"
"container_fs_reads_total","device=/dev/vda;id=/docker/2150446a4c8b394058574fb283357c41fb1df3cd3ea3d8bfa55eb5566caf0166;instance=cadvisor:8080;job=iot_service","2025-10-31T10:21:54Z","0"
"container_fs_reads_total","device=/dev/vda;id=/docker/2150446a4c8b394058574fb283357c41fb1df3cd3ea3d8bfa55eb5566caf0166;instance=cadvisor:8080;job=iot_service","2025-10-31T10:22:09Z","0"
"container_fs_reads_total","device=/dev/vda;id=/docker/2150446a4c8b394058574fb283357c41fb1df3cd3ea3d8bfa55eb5566caf0166;instance=cadvisor:8080;job=iot_service","2025-10-31T10:22:24Z","0"
"container_fs_reads_total","device=/dev/vda;id=/docker/2150446a4c8b394058574fb283357c41fb1df3cd3ea3d8bfa55eb5566caf0166;instance=cadvisor:8080;job=iot_service","2025-10-31T10:22:39Z","0"
"container_fs_reads_total","device=/dev/vda;id=/docker/2150446a4c8b394058574fb283357c41fb1df3cd3ea3d8bfa55eb5566caf0166;instance=cadvisor:8080;job=iot_service","2025-10-31T10:22:54Z","0"
"container_fs_reads_total","device=/dev/vda;id=/docker/2150446a4c8b394058574fb283357c41fb1df3cd3ea3d8bfa55eb5566caf0166;instance=cadvisor:8080;job=iot_service","2025-10-31T10:23:09Z","0"
"container_fs_reads_total","device=/dev/vda;id=/docker/2150446a4c8b394058574fb283357c41fb1df3cd3ea3d8bfa55eb5566caf0166;instance=cadvisor:8080;job=iot_service","2025-10-31T10:23:24Z","0"
"container_fs_reads_total","device=/dev/vda;id=/docker/2150446a4c8b394058574fb283357c41fb1df3cd3ea3d8bfa55eb5566caf0166;instance=cadvisor:8080;job=iot_service","2025-10-31T10:23:39Z","0"
"container_fs_reads_total","device=/dev/vda;id=/docker/2150446a4c8b394058574fb283357c41fb1df3cd3ea3d8bfa55eb5566caf0166;instance=cadvisor:8080;job=iot_service","2025-10-31T10:23:54Z","0.01685999460480173"
"container_fs_reads_total","device=/dev/vda;id=/docker/2150446a4c8b394058574fb283357c41fb1df3cd3ea3d8bfa55eb5566caf0166;instance=cadvisor:8080;job=iot_service","2025-10-31T10:24:09Z","0.017074461727594036"
"container_fs_reads_total","device=/dev/vda;id=/docker/2150446a4c8b394058574fb283357c41fb1df3cd3ea3d8bfa55eb5566caf0166;instance=cadvisor:8080;job=iot_service","2025-10-31T10:24:24Z","0.016935948243742168"
"container_fs_reads_total","device=/dev/vda;id=/docker/2150446a4c8b394058574fb283357c41fb1df3cd3ea3d8bfa55eb5566caf0166;instance=cadvisor:8080;job=iot_service","2025-10-31T10:24:39Z","0.017083796019475527"
"container_fs_reads_total","device=/dev/vda;id=/docker/2150446a4c8b394058574fb283357c41fb1df3cd3ea3d8bfa55eb5566caf0166;instance=cadvisor:8080;job=iot_service","2025-10-31T10:24:54Z","0"
"container_fs_reads_total","device=/dev/vda;id=/docker/2150446a4c8b394058574fb283357c41fb1df3cd3ea3d8bfa55eb5566caf0166;instance=cadvisor:8080;job=iot_service","2025-10-31T10:25:09Z","0"
"container_fs_reads_total","device=/dev/vda;id=/docker/2150446a4c8b394058574fb283357c41fb1df3cd3ea3d8bfa55eb5566caf0166;instance=cadvisor:8080;job=iot_service","2025-10-31T10:25:24Z","0"
"container_fs_reads_total","device=/dev/vda;id=/docker/2150446a4c8b394058574fb283357c41fb1df3cd3ea3d8bfa55eb5566caf0166;instance=cadvisor:8080;job=iot_service","2025-10-31T10:25:39Z","0"
"container_fs_reads_total","device=/dev/vda;id=/docker/2150446a4c8b394058574fb283357c41fb1df3cd3ea3d8bfa55eb5566caf0166;instance=cadvisor:8080;job=iot_service","2025-10-31T10:25:54Z","0"
"container_fs_reads_total","device=/dev/vda;id=/docker/2150446a4c8b394058574fb283357c41fb1df3cd3ea3d8bfa55eb5566caf0166;instance=cadvisor:8080;job=iot_service","2025-10-31T10:26:09Z","0"
"container_fs_reads_total","device=/dev/vda;id=/docker/2150446a4c8b394058574fb283357c41fb1df3cd3ea3d8bfa55eb5566caf0166;instance=cadvisor:8080;job=iot_service","2025-10-31T10:26:24Z","0"
"container_fs_reads_total","device=/dev/vda;id=/docker/2150446a4c8b394058574fb283357c41fb1df3cd3ea3d8bfa55eb5566caf0166;instance=cadvisor:8080;job=iot_service","2025-10-31T10:26:39Z","0.03459309867681397"
"container_fs_reads_total","device=/dev/vda;id=/docker/2150446a4c8b394058574fb283357c41fb1df3cd3ea3d8bfa55eb5566caf0166;instance=cadvisor:8080;job=iot_service","2025-10-31T10:26:54Z","0.052247513889130764"
"container_fs_reads_total","device=/dev/vda;id=/docker/2150446a4c8b394058574fb283357c41fb1df3cd3ea3d8bfa55eb5566caf0166;instance=cadvisor:8080;job=iot_service","2025-10-31T10:27:09Z","0.05126189703193615"
"container_fs_reads_total","device=/dev/vda;id=/docker/2150446a4c8b394058574fb283357c41fb1df3cd3ea3d8bfa55eb5566caf0166;instance=cadvisor:8080;job=iot_service","2025-10-31T10:27:24Z","0.050475309161268626"
"container_fs_reads_total","device=/dev/vda;id=/docker/2150446a4c8b394058574fb283357c41fb1df3cd3ea3d8bfa55eb5566caf0166;instance=cadvisor:8080;job=iot_service","2025-10-31T10:27:39Z","0.016962665173952132"
"container_fs_reads_total","device=/dev/vda;id=/docker/2150446a4c8b394058574fb283357c41fb1df3cd3ea3d8bfa55eb5566caf0166;instance=cadvisor:8080;job=iot_service","2025-10-31T10:27:54Z","0"
"container_fs_reads_total","device=/dev/vda;id=/docker/2150446a4c8b394058574fb283357c41fb1df3cd3ea3d8bfa55eb5566caf0166;instance=cadvisor:8080;job=iot_service","2025-10-31T10:28:09Z","0"
"container_fs_reads_total","device=/dev/vda;id=/docker/2150446a4c8b394058574fb283357c41fb1df3cd3ea3d8bfa55eb5566caf0166;instance=cadvisor:8080;job=iot_service","2025-10-31T10:28:24Z","0"
"container_fs_reads_total","device=/dev/vda;id=/docker/2150446a4c8b394058574fb283357c41fb1df3cd3ea3d8bfa55eb5566caf0166;instance=cadvisor:8080;job=iot_service","2025-10-31T10:28:39Z","0"
"container_fs_reads_total","device=/dev/vda;id=/docker/2150446a4c8b394058574fb283357c41fb1df3cd3ea3d8bfa55eb5566caf0166;instance=cadvisor:8080;job=iot_service","2025-10-31T10:28:54Z","0"
"container_fs_reads_total","device=/dev/vda;id=/docker/2150446a4c8b394058574fb283357c41fb1df3cd3ea3d8bfa55eb5566caf0166;instance=cadvisor:8080;job=iot_service","2025-10-31T10:29:09Z","0"
"container_fs_reads_total","device=/dev/vda;id=/docker/2150446a4c8b394058574fb283357c41fb1df3cd3ea3d8bfa55eb5566caf0166;instance=cadvisor:8080;job=iot_service","2025-10-31T10:29:24Z","0"
"container_fs_reads_total","device=/dev/vda;id=/docker/2150446a4c8b394058574fb283357c41fb1df3cd3ea3d8bfa55eb5566caf0166;instance=cadvisor:8080;job=iot_service","2025-10-31T10:29:39Z","0"
"container_fs_reads_total","device=/dev/vda;id=/docker/2150446a4c8b394058574fb283357c41fb1df3cd3ea3d8bfa55eb5566caf0166;instance=cadvisor:8080;job=iot_service","2025-10-31T10:29:54Z","0"
"container_fs_reads_total","device=/dev/vda;id=/docker/2150446a4c8b394058574fb283357c41fb1df3cd3ea3d8bfa55eb5566caf0166;instance=cadvisor:8080;job=iot_service","2025-10-31T10:30:09Z","0"
"container_fs_reads_total","device=/dev/vda;id=/docker/2150446a4c8b394058574fb283357c41fb1df3cd3ea3d8bfa55eb5566caf0166;instance=cadvisor:8080;job=iot_service","2025-10-31T10:30:24Z","0"
"container_fs_reads_total","device=/dev/vda;id=/docker/2150446a4c8b394058574fb283357c41fb1df3cd3ea3d8bfa55eb5566caf0166;instance=cadvisor:8080;job=iot_service","2025-10-31T10:30:39Z","0"
"container_fs_reads_total","device=/dev/vda;id=/docker/2150446a4c8b394058574fb283357c41fb1df3cd3ea3d8bfa55eb5566caf0166;instance=cadvisor:8080;job=iot_service","2025-10-31T10:30:54Z","0"
"container_fs_reads_total","device=/dev/vda;id=/docker/2150446a4c8b394058574fb283357c41fb1df3cd3ea3d8bfa55eb5566caf0166;instance=cadvisor:8080;job=iot_service","2025-10-31T10:31:09Z","0"
"container_fs_reads_total","device=/dev/vda;id=/docker/6299ecd9bc233ad9097e30b43d1012a4da26c7a9853a055e77708e5591645624;instance=cadvisor:8080;job=iot_service","2025-10-31T10:16:09Z","0"
"container_fs_reads_total","device=/dev/vda;id=/docker/6299ecd9bc233ad9097e30b43d1012a4da26c7a9853a055e77708e5591645624;instance=cadvisor:8080;job=iot_service","2025-10-31T10:16:24Z","0"
"container_fs_reads_total","device=/dev/vda;id=/docker/6299ecd9bc233ad9097e30b43d1012a4da26c7a9853a055e77708e5591645624;instance=cadvisor:8080;job=iot_service","2025-10-31T10:16:39Z","0"
"container_fs_reads_total","device=/dev/vda;id=/docker/6299ecd9bc233ad9097e30b43d1012a4da26c7a9853a055e77708e5591645624;instance=cadvisor:8080;job=iot_service","2025-10-31T10:16:54Z","0"
"container_fs_reads_total","device=/dev/vda;id=/docker/6299ecd9bc233ad9097e30b43d1012a4da26c7a9853a055e77708e5591645624;instance=cadvisor:8080;job=iot_service","2025-10-31T10:17:09Z","0"
"container_fs_reads_total","device=/dev/vda;id=/docker/6299ecd9bc233ad9097e30b43d1012a4da26c7a9853a055e77708e5591645624;instance=cadvisor:8080;job=iot_service","2025-10-31T10:17:24Z","0"
"container_fs_reads_total","device=/dev/vda;id=/docker/6299ecd9bc233ad9097e30b43d1012a4da26c7a9853a055e77708e5591645624;instance=cadvisor:8080;job=iot_service","2025-10-31T10:17:39Z","0"
"container_fs_reads_total","device=/dev/vda;id=/docker/6299ecd9bc233ad9097e30b43d1012a4da26c7a9853a055e77708e5591645624;instance=cadvisor:8080;job=iot_service","2025-10-31T10:17:54Z","0"
"container_fs_reads_total","device=/dev/vda;id=/docker/6299ecd9bc233ad9097e30b43d1012a4da26c7a9853a055e77708e5591645624;instance=cadvisor:8080;job=iot_service","2025-10-31T10:18:09Z","0"
"container_fs_reads_total","device=/dev/vda;id=/docker/6299ecd9bc233ad9097e30b43d1012a4da26c7a9853a055e77708e5591645624;instance=cadvisor:8080;job=iot_service","2025-10-31T10:18:24Z","0"
"container_fs_reads_total","device=/dev/vda;id=/docker/6299ecd9bc233ad9097e30b43d1012a4da26c7a9853a055e77708e5591645624;instance=cadvisor:8080;job=iot_service","2025-10-31T10:18:39Z","0"
"container_fs_reads_total","device=/dev/vda;id=/docker/6299ecd9bc233ad9097e30b43d1012a4da26c7a9853a055e77708e5591645624;instance=cadvisor:8080;job=iot_service","2025-10-31T10:18:54Z","0"
"container_fs_reads_total","device=/dev/vda;id=/docker/6299ecd9bc233ad9097e30b43d1012a4da26c7a9853a055e77708e5591645624;instance=cadvisor:8080;job=iot_service","2025-10-31T10:19:09Z","0"
"container_fs_reads_total","device=/dev/vda;id=/docker/6299ecd9bc233ad9097e30b43d1012a4da26c7a9853a055e77708e5591645624;instance=cadvisor:8080;job=iot_service","2025-10-31T10:19:24Z","0"
"container_fs_reads_total","device=/dev/vda;id=/docker/6299ecd9bc233ad9097e30b43d1012a4da26c7a9853a055e77708e5591645624;instance=cadvisor:8080;job=iot_service","2025-10-31T10:19:39Z","0"
"container_fs_reads_total","device=/dev/vda;id=/docker/6299ecd9bc233ad9097e30b43d1012a4da26c7a9853a055e77708e5591645624;instance=cadvisor:8080;job=iot_service","2025-10-31T10:19:54Z","0"
"container_fs_reads_total","device=/dev/vda;id=/docker/6299ecd9bc233ad9097e30b43d1012a4da26c7a9853a055e77708e5591645624;instance=cadvisor:8080;job=iot_service","2025-10-31T10:20:09Z","0"
"container_fs_reads_total","device=/dev/vda;id=/docker/6299ecd9bc233ad9097e30b43d1012a4da26c7a9853a055e77708e5591645624;instance=cadvisor:8080;job=iot_service","2025-10-31T10:20:24Z","0"
"container_fs_reads_total","device=/dev/vda;id=/docker/6299ecd9bc233ad9097e30b43d1012a4da26c7a9853a055e77708e5591645624;instance=cadvisor:8080;job=iot_service","2025-10-31T10:20:39Z","0"
"container_fs_reads_total","device=/dev/vda;id=/docker/6299ecd9bc233ad9097e30b43d1012a4da26c7a9853a055e77708e5591645624;instance=cadvisor:8080;job=iot_service","2025-10-31T10:20:54Z","0"
"container_fs_reads_total","device=/dev/vda;id=/docker/6299ecd9bc233ad9097e30b43d1012a4da26c7a9853a055e77708e5591645624;instance=cadvisor:8080;job=iot_service","2025-10-31T10:21:09Z","0"
"container_fs_reads_total","device=/dev/vda;id=/docker/6299ecd9bc233ad9097e30b43d1012a4da26c7a9853a055e77708e5591645624;instance=cadvisor:8080;job=iot_service","2025-10-31T10:21:24Z","0"
"container_fs_reads_total","device=/dev/vda;id=/docker/6299ecd9bc233ad9097e30b43d1012a4da26c7a9853a055e77708e5591645624;instance=cadvisor:8080;job=iot_service","2025-10-31T10:21:39Z","0"
"container_fs_reads_total","device=/dev/vda;id=/docker/6299ecd9bc233ad9097e30b43d1012a4da26c7a9853a055e77708e5591645624;instance=cadvisor:8080;job=iot_service","2025-10-31T10:21:54Z","0"
"container_fs_reads_total","device=/dev/vda;id=/docker/6299ecd9bc233ad9097e30b43d1012a4da26c7a9853a055e77708e5591645624;instance=cadvisor:8080;job=iot_service","2025-10-31T10:22:09Z","0"
"container_fs_reads_total","device=/dev/vda;id=/docker/6299ecd9bc233ad9097e30b43d1012a4da26c7a9853a055e77708e5591645624;instance=cadvisor:8080;job=iot_service","2025-10-31T10:22:24Z","0"
"container_fs_reads_total","device=/dev/vda;id=/docker/6299ecd9bc233ad9097e30b43d1012a4da26c7a9853a055e77708e5591645624;instance=cadvisor:8080;job=iot_service","2025-10-31T10:22:39Z","0"
"container_fs_reads_total","device=/dev/vda;id=/docker/6299ecd9bc233ad9097e30b43d1012a4da26c7a9853a055e77708e5591645624;instance=cadvisor:8080;job=iot_service","2025-10-31T10:22:54Z","0"
"container_fs_reads_total","device=/dev/vda;id=/docker/6299ecd9bc233ad9097e30b43d1012a4da26c7a9853a055e77708e5591645624;instance=cadvisor:8080;job=iot_service","2025-10-31T10:23:09Z","0"
"container_fs_reads_total","device=/dev/vda;id=/docker/6299ecd9bc233ad9097e30b43d1012a4da26c7a9853a055e77708e5591645624;instance=cadvisor:8080;job=iot_service","2025-10-31T10:23:24Z","0"
"container_fs_reads_total","device=/dev/vda;id=/docker/6299ecd9bc233ad9097e30b43d1012a4da26c7a9853a055e77708e5591645624;instance=cadvisor:8080;job=iot_service","2025-10-31T10:23:39Z","0"
"container_fs_reads_total","device=/dev/vda;id=/docker/6299ecd9bc233ad9097e30b43d1012a4da26c7a9853a055e77708e5591645624;instance=cadvisor:8080;job=iot_service","2025-10-31T10:23:54Z","0"
"container_fs_reads_total","device=/dev/vda;id=/docker/6299ecd9bc233ad9097e30b43d1012a4da26c7a9853a055e77708e5591645624;instance=cadvisor:8080;job=iot_service","2025-10-31T10:24:09Z","0"
"container_fs_reads_total","device=/dev/vda;id=/docker/6299ecd9bc233ad9097e30b43d1012a4da26c7a9853a055e77708e5591645624;instance=cadvisor:8080;job=iot_service","2025-10-31T10:24:24Z","0"
"container_fs_reads_total","device=/dev/vda;id=/docker/6299ecd9bc233ad9097e30b43d1012a4da26c7a9853a055e77708e5591645624;instance=cadvisor:8080;job=iot_service","2025-10-31T10:24:39Z","0"
"container_fs_reads_total","device=/dev/vda;id=/docker/6299ecd9bc233ad9097e30b43d1012a4da26c7a9853a055e77708e5591645624;instance=cadvisor:8080;job=iot_service","2025-10-31T10:24:54Z","0"
"container_fs_reads_total","device=/dev/vda;id=/docker/6299ecd9bc233ad9097e30b43d1012a4da26c7a9853a055e77708e5591645624;instance=cadvisor:8080;job=iot_service","2025-10-31T10:25:09Z","0"
"container_fs_reads_total","device=/dev/vda;id=/docker/6299ecd9bc233ad9097e30b43d1012a4da26c7a9853a055e77708e5591645624;instance=cadvisor:8080;job=iot_service","2025-10-31T10:25:24Z","0"
"container_fs_reads_total","device=/dev/vda;id=/docker/6299ecd9bc233ad9097e30b43d1012a4da26c7a9853a055e77708e5591645624;instance=cadvisor:8080;job=iot_service","2025-10-31T10:25:39Z","0"
"container_fs_reads_total","device=/dev/vda;id=/docker/6299ecd9bc233ad9097e30b43d1012a4da26c7a9853a055e77708e5591645624;instance=cadvisor:8080;job=iot_service","2025-10-31T10:25:54Z","0"
"container_fs_reads_total","device=/dev/vda;id=/docker/6299ecd9bc233ad9097e30b43d1012a4da26c7a9853a055e77708e5591645624;instance=cadvisor:8080;job=iot_service","2025-10-31T10:26:09Z","0"
"container_fs_reads_total","device=/dev/vda;id=/docker/6299ecd9bc233ad9097e30b43d1012a4da26c7a9853a055e77708e5591645624;instance=cadvisor:8080;job=iot_service","2025-10-31T10:26:24Z","0"
"container_fs_reads_total","device=/dev/vda;id=/docker/6299ecd9bc233ad9097e30b43d1012a4da26c7a9853a055e77708e5591645624;instance=cadvisor:8080;job=iot_service","2025-10-31T10:26:39Z","0"
"container_fs_reads_total","device=/dev/vda;id=/docker/6299ecd9bc233ad9097e30b43d1012a4da26c7a9853a055e77708e5591645624;instance=cadvisor:8080;job=iot_service","2025-10-31T10:26:54Z","0"
"container_fs_reads_total","device=/dev/vda;id=/docker/6299ecd9bc233ad9097e30b43d1012a4da26c7a9853a055e77708e5591645624;instance=cadvisor:8080;job=iot_service","2025-10-31T10:27:09Z","0"
"container_fs_reads_total","device=/dev/vda;id=/docker/6299ecd9bc233ad9097e30b43d1012a4da26c7a9853a055e77708e5591645624;instance=cadvisor:8080;job=iot_service","2025-10-31T10:27:24Z","0"
"container_fs_reads_total","device=/dev/vda;id=/docker/6299ecd9bc233ad9097e30b43d1012a4da26c7a9853a055e77708e5591645624;instance=cadvisor:8080;job=iot_service","2025-10-31T10:27:39Z","0"
"container_fs_reads_total","device=/dev/vda;id=/docker/6299ecd9bc233ad9097e30b43d1012a4da26c7a9853a055e77708e5591645624;instance=cadvisor:8080;job=iot_service","2025-10-31T10:27:54Z","0"
"container_fs_reads_total","device=/dev/vda;id=/docker/6299ecd9bc233ad9097e30b43d1012a4da26c7a9853a055e77708e5591645624;instance=cadvisor:8080;job=iot_service","2025-10-31T10:28:09Z","0"
"container_fs_reads_total","device=/dev/vda;id=/docker/6299ecd9bc233ad9097e30b43d1012a4da26c7a9853a055e77708e5591645624;instance=cadvisor:8080;job=iot_service","2025-10-31T10:28:24Z","0"
"container_fs_reads_total","device=/dev/vda;id=/docker/6299ecd9bc233ad9097e30b43d1012a4da26c7a9853a055e77708e5591645624;instance=cadvisor:8080;job=iot_service","2025-10-31T10:28:39Z","0"
"container_fs_reads_total","device=/dev/vda;id=/docker/6299ecd9bc233ad9097e30b43d1012a4da26c7a9853a055e77708e5591645624;instance=cadvisor:8080;job=iot_service","2025-10-31T10:28:54Z","0"
"container_fs_reads_total","device=/dev/vda;id=/docker/6299ecd9bc233ad9097e30b43d1012a4da26c7a9853a055e77708e5591645624;instance=cadvisor:8080;job=iot_service","2025-10-31T10:29:09Z","0"
"container_fs_reads_total","device=/dev/vda;id=/docker/6299ecd9bc233ad9097e30b43d1012a4da26c7a9853a055e77708e5591645624;instance=cadvisor:8080;job=iot_service","2025-10-31T10:29:24Z","0"
"container_fs_reads_total","device=/dev/vda;id=/docker/6299ecd9bc233ad9097e30b43d1012a4da26c7a9853a055e77708e5591645624;instance=cadvisor:8080;job=iot_service","2025-10-31T10:29:39Z","0"
"container_fs_reads_total","device=/dev/vda;id=/docker/6299ecd9bc233ad9097e30b43d1012a4da26c7a9853a055e77708e5591645624;instance=cadvisor:8080;job=iot_service","2025-10-31T10:29:54Z","0"
"container_fs_reads_total","device=/dev/vda;id=/docker/6299ecd9bc233ad9097e30b43d1012a4da26c7a9853a055e77708e5591645624;instance=cadvisor:8080;job=iot_service","2025-10-31T10:30:09Z","0"
"container_fs_reads_total","device=/dev/vda;id=/docker/6299ecd9bc233ad9097e30b43d1012a4da26c7a9853a055e77708e5591645624;instance=cadvisor:8080;job=iot_service","2025-10-31T10:30:24Z","0"
"container_fs_reads_total","device=/dev/vda;id=/docker/6299ecd9bc233ad9097e30b43d1012a4da26c7a9853a055e77708e5591645624;instance=cadvisor:8080;job=iot_service","2025-10-31T10:30:39Z","0"
"container_fs_reads_total","device=/dev/vda;id=/docker/6299ecd9bc233ad9097e30b43d1012a4da26c7a9853a055e77708e5591645624;instance=cadvisor:8080;job=iot_service","2025-10-31T10:30:54Z","0"
"container_fs_reads_total","device=/dev/vda;id=/docker/6299ecd9bc233ad9097e30b43d1012a4da26c7a9853a055e77708e5591645624;instance=cadvisor:8080;job=iot_service","2025-10-31T10:31:09Z","0"
"container_fs_reads_total","device=/dev/vda;id=/docker/6878a48a21f542e505ce5c96dc58c5de01a2a02fda6af15a077a6f3ea140f053;instance=cadvisor:8080;job=iot_service","2025-10-31T10:16:09Z","0"
"container_fs_reads_total","device=/dev/vda;id=/docker/6878a48a21f542e505ce5c96dc58c5de01a2a02fda6af15a077a6f3ea140f053;instance=cadvisor:8080;job=iot_service","2025-10-31T10:16:24Z","0"
"container_fs_reads_total","device=/dev/vda;id=/docker/6878a48a21f542e505ce5c96dc58c5de01a2a02fda6af15a077a6f3ea140f053;instance=cadvisor:8080;job=iot_service","2025-10-31T10:16:39Z","0.03372112628561794"
"container_fs_reads_total","device=/dev/vda;id=/docker/6878a48a21f542e505ce5c96dc58c5de01a2a02fda6af15a077a6f3ea140f053;instance=cadvisor:8080;job=iot_service","2025-10-31T10:16:54Z","0.034550668555436544"
"container_fs_reads_total","device=/dev/vda;id=/docker/6878a48a21f542e505ce5c96dc58c5de01a2a02fda6af15a077a6f3ea140f053;instance=cadvisor:8080;job=iot_service","2025-10-31T10:17:09Z","0.033968545127212195"
"container_fs_reads_total","device=/dev/vda;id=/docker/6878a48a21f542e505ce5c96dc58c5de01a2a02fda6af15a077a6f3ea140f053;instance=cadvisor:8080;job=iot_service","2025-10-31T10:17:24Z","0.03375527426160338"
"container_fs_reads_total","device=/dev/vda;id=/docker/6878a48a21f542e505ce5c96dc58c5de01a2a02fda6af15a077a6f3ea140f053;instance=cadvisor:8080;job=iot_service","2025-10-31T10:17:39Z","0"
"container_fs_reads_total","device=/dev/vda;id=/docker/6878a48a21f542e505ce5c96dc58c5de01a2a02fda6af15a077a6f3ea140f053;instance=cadvisor:8080;job=iot_service","2025-10-31T10:17:54Z","0"
"container_fs_reads_total","device=/dev/vda;id=/docker/6878a48a21f542e505ce5c96dc58c5de01a2a02fda6af15a077a6f3ea140f053;instance=cadvisor:8080;job=iot_service","2025-10-31T10:18:09Z","0"
"container_fs_reads_total","device=/dev/vda;id=/docker/6878a48a21f542e505ce5c96dc58c5de01a2a02fda6af15a077a6f3ea140f053;instance=cadvisor:8080;job=iot_service","2025-10-31T10:18:24Z","0"
"container_fs_reads_total","device=/dev/vda;id=/docker/6878a48a21f542e505ce5c96dc58c5de01a2a02fda6af15a077a6f3ea140f053;instance=cadvisor:8080;job=iot_service","2025-10-31T10:18:39Z","0"
"container_fs_reads_total","device=/dev/vda;id=/docker/6878a48a21f542e505ce5c96dc58c5de01a2a02fda6af15a077a6f3ea140f053;instance=cadvisor:8080;job=iot_service","2025-10-31T10:18:54Z","0"
"container_fs_reads_total","device=/dev/vda;id=/docker/6878a48a21f542e505ce5c96dc58c5de01a2a02fda6af15a077a6f3ea140f053;instance=cadvisor:8080;job=iot_service","2025-10-31T10:19:09Z","0"
"container_fs_reads_total","device=/dev/vda;id=/docker/6878a48a21f542e505ce5c96dc58c5de01a2a02fda6af15a077a6f3ea140f053;instance=cadvisor:8080;job=iot_service","2025-10-31T10:19:24Z","0"
"container_fs_reads_total","device=/dev/vda;id=/docker/6878a48a21f542e505ce5c96dc58c5de01a2a02fda6af15a077a6f3ea140f053;instance=cadvisor:8080;job=iot_service","2025-10-31T10:19:39Z","0.01681265656786429"
"container_fs_reads_total","device=/dev/vda;id=/docker/6878a48a21f542e505ce5c96dc58c5de01a2a02fda6af15a077a6f3ea140f053;instance=cadvisor:8080;job=iot_service","2025-10-31T10:19:54Z","0.05108817819556555"
"container_fs_reads_total","device=/dev/vda;id=/docker/6878a48a21f542e505ce5c96dc58c5de01a2a02fda6af15a077a6f3ea140f053;instance=cadvisor:8080;job=iot_service","2025-10-31T10:20:09Z","0.05108382856267135"
"container_fs_reads_total","device=/dev/vda;id=/docker/6878a48a21f542e505ce5c96dc58c5de01a2a02fda6af15a077a6f3ea140f053;instance=cadvisor:8080;job=iot_service","2025-10-31T10:20:24Z","0.05100132603447689"
"container_fs_reads_total","device=/dev/vda;id=/docker/6878a48a21f542e505ce5c96dc58c5de01a2a02fda6af15a077a6f3ea140f053;instance=cadvisor:8080;job=iot_service","2025-10-31T10:20:39Z","0.034296493183571974"
"container_fs_reads_total","device=/dev/vda;id=/docker/6878a48a21f542e505ce5c96dc58c5de01a2a02fda6af15a077a6f3ea140f053;instance=cadvisor:8080;job=iot_service","2025-10-31T10:20:54Z","0"
"container_fs_reads_total","device=/dev/vda;id=/docker/6878a48a21f542e505ce5c96dc58c5de01a2a02fda6af15a077a6f3ea140f053;instance=cadvisor:8080;job=iot_service","2025-10-31T10:21:09Z","0"
"container_fs_reads_total","device=/dev/vda;id=/docker/6878a48a21f542e505ce5c96dc58c5de01a2a02fda6af15a077a6f3ea140f053;instance=cadvisor:8080;job=iot_service","2025-10-31T10:21:24Z","0"
"container_fs_reads_total","device=/dev/vda;id=/docker/6878a48a21f542e505ce5c96dc58c5de01a2a02fda6af15a077a6f3ea140f053;instance=cadvisor:8080;job=iot_service","2025-10-31T10:21:39Z","0"
"container_fs_reads_total","device=/dev/vda;id=/docker/6878a48a21f542e505ce5c96dc58c5de01a2a02fda6af15a077a6f3ea140f053;instance=cadvisor:8080;job=iot_service","2025-10-31T10:21:54Z","0"
"container_fs_reads_total","device=/dev/vda;id=/docker/6878a48a21f542e505ce5c96dc58c5de01a2a02fda6af15a077a6f3ea140f053;instance=cadvisor:8080;job=iot_service","2025-10-31T10:22:09Z","0"
"container_fs_reads_total","device=/dev/vda;id=/docker/6878a48a21f542e505ce5c96dc58c5de01a2a02fda6af15a077a6f3ea140f053;instance=cadvisor:8080;job=iot_service","2025-10-31T10:22:24Z","0.03369669603895338"
"container_fs_reads_total","device=/dev/vda;id=/docker/6878a48a21f542e505ce5c96dc58c5de01a2a02fda6af15a077a6f3ea140f053;instance=cadvisor:8080;job=iot_service","2025-10-31T10:22:39Z","0.03430708269722284"
"container_fs_reads_total","device=/dev/vda;id=/docker/6878a48a21f542e505ce5c96dc58c5de01a2a02fda6af15a077a6f3ea140f053;instance=cadvisor:8080;job=iot_service","2025-10-31T10:22:54Z","0.03346048316937697"
"container_fs_reads_total","device=/dev/vda;id=/docker/6878a48a21f542e505ce5c96dc58c5de01a2a02fda6af15a077a6f3ea140f053;instance=cadvisor:8080;job=iot_service","2025-10-31T10:23:09Z","0.03415300546448087"
"container_fs_reads_total","device=/dev/vda;id=/docker/6878a48a21f542e505ce5c96dc58c5de01a2a02fda6af15a077a6f3ea140f053;instance=cadvisor:8080;job=iot_service","2025-10-31T10:23:24Z","0.12056077985601599"
"container_fs_reads_total","device=/dev/vda;id=/docker/6878a48a21f542e505ce5c96dc58c5de01a2a02fda6af15a077a6f3ea140f053;instance=cadvisor:8080;job=iot_service","2025-10-31T10:23:39Z","0.11758777087182931"
"container_fs_reads_total","device=/dev/vda;id=/docker/6878a48a21f542e505ce5c96dc58c5de01a2a02fda6af15a077a6f3ea140f053;instance=cadvisor:8080;job=iot_service","2025-10-31T10:23:54Z","0.11943675077063591"
"container_fs_reads_total","device=/dev/vda;id=/docker/6878a48a21f542e505ce5c96dc58c5de01a2a02fda6af15a077a6f3ea140f053;instance=cadvisor:8080;job=iot_service","2025-10-31T10:24:09Z","0.12001714530647234"
"container_fs_reads_total","device=/dev/vda;id=/docker/6878a48a21f542e505ce5c96dc58c5de01a2a02fda6af15a077a6f3ea140f053;instance=cadvisor:8080;job=iot_service","2025-10-31T10:24:24Z","0.017194539014409024"
"container_fs_reads_total","device=/dev/vda;id=/docker/6878a48a21f542e505ce5c96dc58c5de01a2a02fda6af15a077a6f3ea140f053;instance=cadvisor:8080;job=iot_service","2025-10-31T10:24:39Z","0.016945533549593238"
"container_fs_reads_total","device=/dev/vda;id=/docker/6878a48a21f542e505ce5c96dc58c5de01a2a02fda6af15a077a6f3ea140f053;instance=cadvisor:8080;job=iot_service","2025-10-31T10:24:54Z","0.016974470396523625"
"container_fs_reads_total","device=/dev/vda;id=/docker/6878a48a21f542e505ce5c96dc58c5de01a2a02fda6af15a077a6f3ea140f053;instance=cadvisor:8080;job=iot_service","2025-10-31T10:25:09Z","0.0174128053770743"
"container_fs_reads_total","device=/dev/vda;id=/docker/6878a48a21f542e505ce5c96dc58c5de01a2a02fda6af15a077a6f3ea140f053;instance=cadvisor:8080;job=iot_service","2025-10-31T10:25:24Z","0.01684976747320887"
"container_fs_reads_total","device=/dev/vda;id=/docker/6878a48a21f542e505ce5c96dc58c5de01a2a02fda6af15a077a6f3ea140f053;instance=cadvisor:8080;job=iot_service","2025-10-31T10:25:39Z","0.017291378809073946"
"container_fs_reads_total","device=/dev/vda;id=/docker/6878a48a21f542e505ce5c96dc58c5de01a2a02fda6af15a077a6f3ea140f053;instance=cadvisor:8080;job=iot_service","2025-10-31T10:25:54Z","0.017160311631259226"
"container_fs_reads_total","device=/dev/vda;id=/docker/6878a48a21f542e505ce5c96dc58c5de01a2a02fda6af15a077a6f3ea140f053;instance=cadvisor:8080;job=iot_service","2025-10-31T10:26:09Z","0.01680022848310737"
"container_fs_reads_total","device=/dev/vda;id=/docker/6878a48a21f542e505ce5c96dc58c5de01a2a02fda6af15a077a6f3ea140f053;instance=cadvisor:8080;job=iot_service","2025-10-31T10:26:24Z","0"
"container_fs_reads_total","device=/dev/vda;id=/docker/6878a48a21f542e505ce5c96dc58c5de01a2a02fda6af15a077a6f3ea140f053;instance=cadvisor:8080;job=iot_service","2025-10-31T10:26:39Z","0"
"container_fs_reads_total","device=/dev/vda;id=/docker/6878a48a21f542e505ce5c96dc58c5de01a2a02fda6af15a077a6f3ea140f053;instance=cadvisor:8080;job=iot_service","2025-10-31T10:26:54Z","0"
"container_fs_reads_total","device=/dev/vda;id=/docker/6878a48a21f542e505ce5c96dc58c5de01a2a02fda6af15a077a6f3ea140f053;instance=cadvisor:8080;job=iot_service","2025-10-31T10:27:09Z","0"
"container_fs_reads_total","device=/dev/vda;id=/docker/6878a48a21f542e505ce5c96dc58c5de01a2a02fda6af15a077a6f3ea140f053;instance=cadvisor:8080;job=iot_service","2025-10-31T10:27:24Z","0"
"container_fs_reads_total","device=/dev/vda;id=/docker/6878a48a21f542e505ce5c96dc58c5de01a2a02fda6af15a077a6f3ea140f053;instance=cadvisor:8080;job=iot_service","2025-10-31T10:27:39Z","0"
"container_fs_reads_total","device=/dev/vda;id=/docker/6878a48a21f542e505ce5c96dc58c5de01a2a02fda6af15a077a6f3ea140f053;instance=cadvisor:8080;job=iot_service","2025-10-31T10:27:54Z","0"
"container_fs_reads_total","device=/dev/vda;id=/docker/6878a48a21f542e505ce5c96dc58c5de01a2a02fda6af15a077a6f3ea140f053;instance=cadvisor:8080;job=iot_service","2025-10-31T10:28:09Z","0"
"container_fs_reads_total","device=/dev/vda;id=/docker/6878a48a21f542e505ce5c96dc58c5de01a2a02fda6af15a077a6f3ea140f053;instance=cadvisor:8080;job=iot_service","2025-10-31T10:28:24Z","0"
"container_fs_reads_total","device=/dev/vda;id=/docker/6878a48a21f542e505ce5c96dc58c5de01a2a02fda6af15a077a6f3ea140f053;instance=cadvisor:8080;job=iot_service","2025-10-31T10:28:39Z","0"
"container_fs_reads_total","device=/dev/vda;id=/docker/6878a48a21f542e505ce5c96dc58c5de01a2a02fda6af15a077a6f3ea140f053;instance=cadvisor:8080;job=iot_service","2025-10-31T10:28:54Z","0"
"container_fs_reads_total","device=/dev/vda;id=/docker/6878a48a21f542e505ce5c96dc58c5de01a2a02fda6af15a077a6f3ea140f053;instance=cadvisor:8080;job=iot_service","2025-10-31T10:29:09Z","0"
"container_fs_reads_total","device=/dev/vda;id=/docker/6878a48a21f542e505ce5c96dc58c5de01a2a02fda6af15a077a6f3ea140f053;instance=cadvisor:8080;job=iot_service","2025-10-31T10:29:24Z","0"
"container_fs_reads_total","device=/dev/vda;id=/docker/6878a48a21f542e505ce5c96dc58c5de01a2a02fda6af15a077a6f3ea140f053;instance=cadvisor:8080;job=iot_service","2025-10-31T10:29:39Z","0"
"container_fs_reads_total","device=/dev/vda;id=/docker/6878a48a21f542e505ce5c96dc58c5de01a2a02fda6af15a077a6f3ea140f053;instance=cadvisor:8080;job=iot_service","2025-10-31T10:29:54Z","0"
"container_fs_reads_total","device=/dev/vda;id=/docker/6878a48a21f542e505ce5c96dc58c5de01a2a02fda6af15a077a6f3ea140f053;instance=cadvisor:8080;job=iot_service","2025-10-31T10:30:09Z","0"
"container_fs_reads_total","device=/dev/vda;id=/docker/6878a48a21f542e505ce5c96dc58c5de01a2a02fda6af15a077a6f3ea140f053;instance=cadvisor:8080;job=iot_service","2025-10-31T10:30:24Z","0"
"container_fs_reads_total","device=/dev/vda;id=/docker/6878a48a21f542e505ce5c96dc58c5de01a2a02fda6af15a077a6f3ea140f053;instance=cadvisor:8080;job=iot_service","2025-10-31T10:30:39Z","0"
"container_fs_reads_total","device=/dev/vda;id=/docker/6878a48a21f542e505ce5c96dc58c5de01a2a02fda6af15a077a6f3ea140f053;instance=cadvisor:8080;job=iot_service","2025-10-31T10:30:54Z","0"
"container_fs_reads_total","device=/dev/vda;id=/docker/6878a48a21f542e505ce5c96dc58c5de01a2a02fda6af15a077a6f3ea140f053;instance=cadvisor:8080;job=iot_service","2025-10-31T10:31:09Z","0"
"container_fs_reads_total","device=/dev/vda;id=/docker/9357bf7a39a4a40bf5572c94c83c4e58365c64d88867c91419856c99194e166d;instance=cadvisor:8080;job=iot_service","2025-10-31T10:16:09Z","0"
"container_fs_reads_total","device=/dev/vda;id=/docker/9357bf7a39a4a40bf5572c94c83c4e58365c64d88867c91419856c99194e166d;instance=cadvisor:8080;job=iot_service","2025-10-31T10:16:24Z","0"
"container_fs_reads_total","device=/dev/vda;id=/docker/9357bf7a39a4a40bf5572c94c83c4e58365c64d88867c91419856c99194e166d;instance=cadvisor:8080;job=iot_service","2025-10-31T10:16:39Z","0"
"container_fs_reads_total","device=/dev/vda;id=/docker/9357bf7a39a4a40bf5572c94c83c4e58365c64d88867c91419856c99194e166d;instance=cadvisor:8080;job=iot_service","2025-10-31T10:16:54Z","0"
"container_fs_reads_total","device=/dev/vda;id=/docker/9357bf7a39a4a40bf5572c94c83c4e58365c64d88867c91419856c99194e166d;instance=cadvisor:8080;job=iot_service","2025-10-31T10:17:09Z","0"
"container_fs_reads_total","device=/dev/vda;id=/docker/9357bf7a39a4a40bf5572c94c83c4e58365c64d88867c91419856c99194e166d;instance=cadvisor:8080;job=iot_service","2025-10-31T10:17:24Z","0"
"container_fs_reads_total","device=/dev/vda;id=/docker/9357bf7a39a4a40bf5572c94c83c4e58365c64d88867c91419856c99194e166d;instance=cadvisor:8080;job=iot_service","2025-10-31T10:17:39Z","0"
"container_fs_reads_total","device=/dev/vda;id=/docker/9357bf7a39a4a40bf5572c94c83c4e58365c64d88867c91419856c99194e166d;instance=cadvisor:8080;job=iot_service","2025-10-31T10:17:54Z","0"
"container_fs_reads_total","device=/dev/vda;id=/docker/9357bf7a39a4a40bf5572c94c83c4e58365c64d88867c91419856c99194e166d;instance=cadvisor:8080;job=iot_service","2025-10-31T10:18:09Z","0"
"container_fs_reads_total","device=/dev/vda;id=/docker/9357bf7a39a4a40bf5572c94c83c4e58365c64d88867c91419856c99194e166d;instance=cadvisor:8080;job=iot_service","2025-10-31T10:18:24Z","0"
"container_fs_reads_total","device=/dev/vda;id=/docker/9357bf7a39a4a40bf5572c94c83c4e58365c64d88867c91419856c99194e166d;instance=cadvisor:8080;job=iot_service","2025-10-31T10:18:39Z","0"
"container_fs_reads_total","device=/dev/vda;id=/docker/9357bf7a39a4a40bf5572c94c83c4e58365c64d88867c91419856c99194e166d;instance=cadvisor:8080;job=iot_service","2025-10-31T10:18:54Z","0"
"container_fs_reads_total","device=/dev/vda;id=/docker/9357bf7a39a4a40bf5572c94c83c4e58365c64d88867c91419856c99194e166d;instance=cadvisor:8080;job=iot_service","2025-10-31T10:19:09Z","0"
"container_fs_reads_total","device=/dev/vda;id=/docker/9357bf7a39a4a40bf5572c94c83c4e58365c64d88867c91419856c99194e166d;instance=cadvisor:8080;job=iot_service","2025-10-31T10:19:24Z","0"
"container_fs_reads_total","device=/dev/vda;id=/docker/9357bf7a39a4a40bf5572c94c83c4e58365c64d88867c91419856c99194e166d;instance=cadvisor:8080;job=iot_service","2025-10-31T10:19:39Z","0"
"container_fs_reads_total","device=/dev/vda;id=/docker/9357bf7a39a4a40bf5572c94c83c4e58365c64d88867c91419856c99194e166d;instance=cadvisor:8080;job=iot_service","2025-10-31T10:19:54Z","0"
"container_fs_reads_total","device=/dev/vda;id=/docker/9357bf7a39a4a40bf5572c94c83c4e58365c64d88867c91419856c99194e166d;instance=cadvisor:8080;job=iot_service","2025-10-31T10:20:09Z","0"
"container_fs_reads_total","device=/dev/vda;id=/docker/9357bf7a39a4a40bf5572c94c83c4e58365c64d88867c91419856c99194e166d;instance=cadvisor:8080;job=iot_service","2025-10-31T10:20:24Z","0"
"container_fs_reads_total","device=/dev/vda;id=/docker/9357bf7a39a4a40bf5572c94c83c4e58365c64d88867c91419856c99194e166d;instance=cadvisor:8080;job=iot_service","2025-10-31T10:20:39Z","0"
"container_fs_reads_total","device=/dev/vda;id=/docker/9357bf7a39a4a40bf5572c94c83c4e58365c64d88867c91419856c99194e166d;instance=cadvisor:8080;job=iot_service","2025-10-31T10:20:54Z","0"
"container_fs_reads_total","device=/dev/vda;id=/docker/9357bf7a39a4a40bf5572c94c83c4e58365c64d88867c91419856c99194e166d;instance=cadvisor:8080;job=iot_service","2025-10-31T10:21:09Z","0"
"container_fs_reads_total","device=/dev/vda;id=/docker/9357bf7a39a4a40bf5572c94c83c4e58365c64d88867c91419856c99194e166d;instance=cadvisor:8080;job=iot_service","2025-10-31T10:21:24Z","0"
"container_fs_reads_total","device=/dev/vda;id=/docker/9357bf7a39a4a40bf5572c94c83c4e58365c64d88867c91419856c99194e166d;instance=cadvisor:8080;job=iot_service","2025-10-31T10:21:39Z","0"
"container_fs_reads_total","device=/dev/vda;id=/docker/9357bf7a39a4a40bf5572c94c83c4e58365c64d88867c91419856c99194e166d;instance=cadvisor:8080;job=iot_service","2025-10-31T10:21:54Z","0"
"container_fs_reads_total","device=/dev/vda;id=/docker/9357bf7a39a4a40bf5572c94c83c4e58365c64d88867c91419856c99194e166d;instance=cadvisor:8080;job=iot_service","2025-10-31T10:22:09Z","0"
"container_fs_reads_total","device=/dev/vda;id=/docker/9357bf7a39a4a40bf5572c94c83c4e58365c64d88867c91419856c99194e166d;instance=cadvisor:8080;job=iot_service","2025-10-31T10:22:24Z","0"
"container_fs_reads_total","device=/dev/vda;id=/docker/9357bf7a39a4a40bf5572c94c83c4e58365c64d88867c91419856c99194e166d;instance=cadvisor:8080;job=iot_service","2025-10-31T10:22:39Z","0"
"container_fs_reads_total","device=/dev/vda;id=/docker/9357bf7a39a4a40bf5572c94c83c4e58365c64d88867c91419856c99194e166d;instance=cadvisor:8080;job=iot_service","2025-10-31T10:22:54Z","0"
"container_fs_reads_total","device=/dev/vda;id=/docker/9357bf7a39a4a40bf5572c94c83c4e58365c64d88867c91419856c99194e166d;instance=cadvisor:8080;job=iot_service","2025-10-31T10:23:09Z","0"
"container_fs_reads_total","device=/dev/vda;id=/docker/9357bf7a39a4a40bf5572c94c83c4e58365c64d88867c91419856c99194e166d;instance=cadvisor:8080;job=iot_service","2025-10-31T10:23:24Z","0"
"container_fs_reads_total","device=/dev/vda;id=/docker/9357bf7a39a4a40bf5572c94c83c4e58365c64d88867c91419856c99194e166d;instance=cadvisor:8080;job=iot_service","2025-10-31T10:23:39Z","0"
"container_fs_reads_total","device=/dev/vda;id=/docker/9357bf7a39a4a40bf5572c94c83c4e58365c64d88867c91419856c99194e166d;instance=cadvisor:8080;job=iot_service","2025-10-31T10:23:54Z","0"
"container_fs_reads_total","device=/dev/vda;id=/docker/9357bf7a39a4a40bf5572c94c83c4e58365c64d88867c91419856c99194e166d;instance=cadvisor:8080;job=iot_service","2025-10-31T10:24:09Z","0"
"container_fs_reads_total","device=/dev/vda;id=/docker/9357bf7a39a4a40bf5572c94c83c4e58365c64d88867c91419856c99194e166d;instance=cadvisor:8080;job=iot_service","2025-10-31T10:24:24Z","0"
"container_fs_reads_total","device=/dev/vda;id=/docker/9357bf7a39a4a40bf5572c94c83c4e58365c64d88867c91419856c99194e166d;instance=cadvisor:8080;job=iot_service","2025-10-31T10:24:39Z","0"
"container_fs_reads_total","device=/dev/vda;id=/docker/9357bf7a39a4a40bf5572c94c83c4e58365c64d88867c91419856c99194e166d;instance=cadvisor:8080;job=iot_service","2025-10-31T10:24:54Z","0"
"container_fs_reads_total","device=/dev/vda;id=/docker/9357bf7a39a4a40bf5572c94c83c4e58365c64d88867c91419856c99194e166d;instance=cadvisor:8080;job=iot_service","2025-10-31T10:25:09Z","0"
"container_fs_reads_total","device=/dev/vda;id=/docker/9357bf7a39a4a40bf5572c94c83c4e58365c64d88867c91419856c99194e166d;instance=cadvisor:8080;job=iot_service","2025-10-31T10:25:24Z","0"
"container_fs_reads_total","device=/dev/vda;id=/docker/9357bf7a39a4a40bf5572c94c83c4e58365c64d88867c91419856c99194e166d;instance=cadvisor:8080;job=iot_service","2025-10-31T10:25:39Z","0"
"container_fs_reads_total","device=/dev/vda;id=/docker/9357bf7a39a4a40bf5572c94c83c4e58365c64d88867c91419856c99194e166d;instance=cadvisor:8080;job=iot_service","2025-10-31T10:25:54Z","0"
"container_fs_reads_total","device=/dev/vda;id=/docker/9357bf7a39a4a40bf5572c94c83c4e58365c64d88867c91419856c99194e166d;instance=cadvisor:8080;job=iot_service","2025-10-31T10:26:09Z","0"
"container_fs_reads_total","device=/dev/vda;id=/docker/9357bf7a39a4a40bf5572c94c83c4e58365c64d88867c91419856c99194e166d;instance=cadvisor:8080;job=iot_service","2025-10-31T10:26:24Z","0"
"container_fs_reads_total","device=/dev/vda;id=/docker/9357bf7a39a4a40bf5572c94c83c4e58365c64d88867c91419856c99194e166d;instance=cadvisor:8080;job=iot_service","2025-10-31T10:26:39Z","0"
"container_fs_reads_total","device=/dev/vda;id=/docker/9357bf7a39a4a40bf5572c94c83c4e58365c64d88867c91419856c99194e166d;instance=cadvisor:8080;job=iot_service","2025-10-31T10:26:54Z","0"
"container_fs_reads_total","device=/dev/vda;id=/docker/9357bf7a39a4a40bf5572c94c83c4e58365c64d88867c91419856c99194e166d;instance=cadvisor:8080;job=iot_service","2025-10-31T10:27:09Z","0"
"container_fs_reads_total","device=/dev/vda;id=/docker/9357bf7a39a4a40bf5572c94c83c4e58365c64d88867c91419856c99194e166d;instance=cadvisor:8080;job=iot_service","2025-10-31T10:27:24Z","0"
"container_fs_reads_total","device=/dev/vda;id=/docker/9357bf7a39a4a40bf5572c94c83c4e58365c64d88867c91419856c99194e166d;instance=cadvisor:8080;job=iot_service","2025-10-31T10:27:39Z","0"
"container_fs_reads_total","device=/dev/vda;id=/docker/9357bf7a39a4a40bf5572c94c83c4e58365c64d88867c91419856c99194e166d;instance=cadvisor:8080;job=iot_service","2025-10-31T10:27:54Z","0"
"container_fs_reads_total","device=/dev/vda;id=/docker/9357bf7a39a4a40bf5572c94c83c4e58365c64d88867c91419856c99194e166d;instance=cadvisor:8080;job=iot_service","2025-10-31T10:28:09Z","0"
"container_fs_reads_total","device=/dev/vda;id=/docker/9357bf7a39a4a40bf5572c94c83c4e58365c64d88867c91419856c99194e166d;instance=cadvisor:8080;job=iot_service","2025-10-31T10:28:24Z","0"
"container_fs_reads_total","device=/dev/vda;id=/docker/9357bf7a39a4a40bf5572c94c83c4e58365c64d88867c91419856c99194e166d;instance=cadvisor:8080;job=iot_service","2025-10-31T10:28:39Z","0"
"container_fs_reads_total","device=/dev/vda;id=/docker/9357bf7a39a4a40bf5572c94c83c4e58365c64d88867c91419856c99194e166d;instance=cadvisor:8080;job=iot_service","2025-10-31T10:28:54Z","0"
"container_fs_reads_total","device=/dev/vda;id=/docker/9357bf7a39a4a40bf5572c94c83c4e58365c64d88867c91419856c99194e166d;instance=cadvisor:8080;job=iot_service","2025-10-31T10:29:09Z","0"
"container_fs_reads_total","device=/dev/vda;id=/docker/9357bf7a39a4a40bf5572c94c83c4e58365c64d88867c91419856c99194e166d;instance=cadvisor:8080;job=iot_service","2025-10-31T10:29:24Z","0"
"container_fs_reads_total","device=/dev/vda;id=/docker/9357bf7a39a4a40bf5572c94c83c4e58365c64d88867c91419856c99194e166d;instance=cadvisor:8080;job=iot_service","2025-10-31T10:29:39Z","0"
"container_fs_reads_total","device=/dev/vda;id=/docker/9357bf7a39a4a40bf5572c94c83c4e58365c64d88867c91419856c99194e166d;instance=cadvisor:8080;job=iot_service","2025-10-31T10:29:54Z","0"
"container_fs_reads_total","device=/dev/vda;id=/docker/9357bf7a39a4a40bf5572c94c83c4e58365c64d88867c91419856c99194e166d;instance=cadvisor:8080;job=iot_service","2025-10-31T10:30:09Z","0"
"container_fs_reads_total","device=/dev/vda;id=/docker/9357bf7a39a4a40bf5572c94c83c4e58365c64d88867c91419856c99194e166d;instance=cadvisor:8080;job=iot_service","2025-10-31T10:30:24Z","0"
"container_fs_reads_total","device=/dev/vda;id=/docker/9357bf7a39a4a40bf5572c94c83c4e58365c64d88867c91419856c99194e166d;instance=cadvisor:8080;job=iot_service","2025-10-31T10:30:39Z","0"
"container_fs_reads_total","device=/dev/vda;id=/docker/9357bf7a39a4a40bf5572c94c83c4e58365c64d88867c91419856c99194e166d;instance=cadvisor:8080;job=iot_service","2025-10-31T10:30:54Z","0"
"container_fs_reads_total","device=/dev/vda;id=/docker/9357bf7a39a4a40bf5572c94c83c4e58365c64d88867c91419856c99194e166d;instance=cadvisor:8080;job=iot_service","2025-10-31T10:31:09Z","0"
"container_fs_reads_total","device=/dev/vda;id=/docker/9c66a111808aa587992ee0305cd63527b1ba4186ed449ece6a02cb6476c16aec;instance=cadvisor:8080;job=iot_service","2025-10-31T10:16:09Z","0"
"container_fs_reads_total","device=/dev/vda;id=/docker/9c66a111808aa587992ee0305cd63527b1ba4186ed449ece6a02cb6476c16aec;instance=cadvisor:8080;job=iot_service","2025-10-31T10:16:24Z","0"
"container_fs_reads_total","device=/dev/vda;id=/docker/9c66a111808aa587992ee0305cd63527b1ba4186ed449ece6a02cb6476c16aec;instance=cadvisor:8080;job=iot_service","2025-10-31T10:16:39Z","0"
"container_fs_reads_total","device=/dev/vda;id=/docker/9c66a111808aa587992ee0305cd63527b1ba4186ed449ece6a02cb6476c16aec;instance=cadvisor:8080;job=iot_service","2025-10-31T10:16:54Z","0"
"container_fs_reads_total","device=/dev/vda;id=/docker/9c66a111808aa587992ee0305cd63527b1ba4186ed449ece6a02cb6476c16aec;instance=cadvisor:8080;job=iot_service","2025-10-31T10:17:09Z","0"
"container_fs_reads_total","device=/dev/vda;id=/docker/9c66a111808aa587992ee0305cd63527b1ba4186ed449ece6a02cb6476c16aec;instance=cadvisor:8080;job=iot_service","2025-10-31T10:17:24Z","0"
"container_fs_reads_total","device=/dev/vda;id=/docker/9c66a111808aa587992ee0305cd63527b1ba4186ed449ece6a02cb6476c16aec;instance=cadvisor:8080;job=iot_service","2025-10-31T10:17:39Z","0"
"container_fs_reads_total","device=/dev/vda;id=/docker/9c66a111808aa587992ee0305cd63527b1ba4186ed449ece6a02cb6476c16aec;instance=cadvisor:8080;job=iot_service","2025-10-31T10:17:54Z","0"
"container_fs_reads_total","device=/dev/vda;id=/docker/9c66a111808aa587992ee0305cd63527b1ba4186ed449ece6a02cb6476c16aec;instance=cadvisor:8080;job=iot_service","2025-10-31T10:18:09Z","0"
"container_fs_reads_total","device=/dev/vda;id=/docker/9c66a111808aa587992ee0305cd63527b1ba4186ed449ece6a02cb6476c16aec;instance=cadvisor:8080;job=iot_service","2025-10-31T10:18:24Z","0"
"container_fs_reads_total","device=/dev/vda;id=/docker/9c66a111808aa587992ee0305cd63527b1ba4186ed449ece6a02cb6476c16aec;instance=cadvisor:8080;job=iot_service","2025-10-31T10:18:39Z","0"
"container_fs_reads_total","device=/dev/vda;id=/docker/9c66a111808aa587992ee0305cd63527b1ba4186ed449ece6a02cb6476c16aec;instance=cadvisor:8080;job=iot_service","2025-10-31T10:18:54Z","0"
"container_fs_reads_total","device=/dev/vda;id=/docker/9c66a111808aa587992ee0305cd63527b1ba4186ed449ece6a02cb6476c16aec;instance=cadvisor:8080;job=iot_service","2025-10-31T10:19:09Z","0"
"container_fs_reads_total","device=/dev/vda;id=/docker/9c66a111808aa587992ee0305cd63527b1ba4186ed449ece6a02cb6476c16aec;instance=cadvisor:8080;job=iot_service","2025-10-31T10:19:24Z","0"
"container_fs_reads_total","device=/dev/vda;id=/docker/9c66a111808aa587992ee0305cd63527b1ba4186ed449ece6a02cb6476c16aec;instance=cadvisor:8080;job=iot_service","2025-10-31T10:19:39Z","0"
"container_fs_reads_total","device=/dev/vda;id=/docker/9c66a111808aa587992ee0305cd63527b1ba4186ed449ece6a02cb6476c16aec;instance=cadvisor:8080;job=iot_service","2025-10-31T10:19:54Z","0"
"container_fs_reads_total","device=/dev/vda;id=/docker/9c66a111808aa587992ee0305cd63527b1ba4186ed449ece6a02cb6476c16aec;instance=cadvisor:8080;job=iot_service","2025-10-31T10:20:09Z","0"
"container_fs_reads_total","device=/dev/vda;id=/docker/9c66a111808aa587992ee0305cd63527b1ba4186ed449ece6a02cb6476c16aec;instance=cadvisor:8080;job=iot_service","2025-10-31T10:20:24Z","0"
"container_fs_reads_total","device=/dev/vda;id=/docker/9c66a111808aa587992ee0305cd63527b1ba4186ed449ece6a02cb6476c16aec;instance=cadvisor:8080;job=iot_service","2025-10-31T10:20:39Z","0"
"container_fs_reads_total","device=/dev/vda;id=/docker/9c66a111808aa587992ee0305cd63527b1ba4186ed449ece6a02cb6476c16aec;instance=cadvisor:8080;job=iot_service","2025-10-31T10:20:54Z","0"
"container_fs_reads_total","device=/dev/vda;id=/docker/9c66a111808aa587992ee0305cd63527b1ba4186ed449ece6a02cb6476c16aec;instance=cadvisor:8080;job=iot_service","2025-10-31T10:21:09Z","0"
"container_fs_reads_total","device=/dev/vda;id=/docker/9c66a111808aa587992ee0305cd63527b1ba4186ed449ece6a02cb6476c16aec;instance=cadvisor:8080;job=iot_service","2025-10-31T10:21:24Z","0"
"container_fs_reads_total","device=/dev/vda;id=/docker/9c66a111808aa587992ee0305cd63527b1ba4186ed449ece6a02cb6476c16aec;instance=cadvisor:8080;job=iot_service","2025-10-31T10:21:39Z","0"
"container_fs_reads_total","device=/dev/vda;id=/docker/9c66a111808aa587992ee0305cd63527b1ba4186ed449ece6a02cb6476c16aec;instance=cadvisor:8080;job=iot_service","2025-10-31T10:21:54Z","0"
"container_fs_reads_total","device=/dev/vda;id=/docker/9c66a111808aa587992ee0305cd63527b1ba4186ed449ece6a02cb6476c16aec;instance=cadvisor:8080;job=iot_service","2025-10-31T10:22:09Z","0"
"container_fs_reads_total","device=/dev/vda;id=/docker/9c66a111808aa587992ee0305cd63527b1ba4186ed449ece6a02cb6476c16aec;instance=cadvisor:8080;job=iot_service","2025-10-31T10:22:24Z","0"
"container_fs_reads_total","device=/dev/vda;id=/docker/9c66a111808aa587992ee0305cd63527b1ba4186ed449ece6a02cb6476c16aec;instance=cadvisor:8080;job=iot_service","2025-10-31T10:22:39Z","0"
"container_fs_reads_total","device=/dev/vda;id=/docker/9c66a111808aa587992ee0305cd63527b1ba4186ed449ece6a02cb6476c16aec;instance=cadvisor:8080;job=iot_service","2025-10-31T10:22:54Z","0"
"container_fs_reads_total","device=/dev/vda;id=/docker/9c66a111808aa587992ee0305cd63527b1ba4186ed449ece6a02cb6476c16aec;instance=cadvisor:8080;job=iot_service","2025-10-31T10:23:09Z","0"
"container_fs_reads_total","device=/dev/vda;id=/docker/9c66a111808aa587992ee0305cd63527b1ba4186ed449ece6a02cb6476c16aec;instance=cadvisor:8080;job=iot_service","2025-10-31T10:23:24Z","0"
"container_fs_reads_total","device=/dev/vda;id=/docker/9c66a111808aa587992ee0305cd63527b1ba4186ed449ece6a02cb6476c16aec;instance=cadvisor:8080;job=iot_service","2025-10-31T10:23:39Z","0"
"container_fs_reads_total","device=/dev/vda;id=/docker/9c66a111808aa587992ee0305cd63527b1ba4186ed449ece6a02cb6476c16aec;instance=cadvisor:8080;job=iot_service","2025-10-31T10:23:54Z","0"
"container_fs_reads_total","device=/dev/vda;id=/docker/9c66a111808aa587992ee0305cd63527b1ba4186ed449ece6a02cb6476c16aec;instance=cadvisor:8080;job=iot_service","2025-10-31T10:24:09Z","0"
"container_fs_reads_total","device=/dev/vda;id=/docker/9c66a111808aa587992ee0305cd63527b1ba4186ed449ece6a02cb6476c16aec;instance=cadvisor:8080;job=iot_service","2025-10-31T10:24:24Z","0"
"container_fs_reads_total","device=/dev/vda;id=/docker/9c66a111808aa587992ee0305cd63527b1ba4186ed449ece6a02cb6476c16aec;instance=cadvisor:8080;job=iot_service","2025-10-31T10:24:39Z","0"
"container_fs_reads_total","device=/dev/vda;id=/docker/9c66a111808aa587992ee0305cd63527b1ba4186ed449ece6a02cb6476c16aec;instance=cadvisor:8080;job=iot_service","2025-10-31T10:24:54Z","0"
"container_fs_reads_total","device=/dev/vda;id=/docker/9c66a111808aa587992ee0305cd63527b1ba4186ed449ece6a02cb6476c16aec;instance=cadvisor:8080;job=iot_service","2025-10-31T10:25:09Z","0"
"container_fs_reads_total","device=/dev/vda;id=/docker/9c66a111808aa587992ee0305cd63527b1ba4186ed449ece6a02cb6476c16aec;instance=cadvisor:8080;job=iot_service","2025-10-31T10:25:24Z","0"
"container_fs_reads_total","device=/dev/vda;id=/docker/9c66a111808aa587992ee0305cd63527b1ba4186ed449ece6a02cb6476c16aec;instance=cadvisor:8080;job=iot_service","2025-10-31T10:25:39Z","0"
"container_fs_reads_total","device=/dev/vda;id=/docker/9c66a111808aa587992ee0305cd63527b1ba4186ed449ece6a02cb6476c16aec;instance=cadvisor:8080;job=iot_service","2025-10-31T10:25:54Z","0"
"container_fs_reads_total","device=/dev/vda;id=/docker/9c66a111808aa587992ee0305cd63527b1ba4186ed449ece6a02cb6476c16aec;instance=cadvisor:8080;job=iot_service","2025-10-31T10:26:09Z","0"
"container_fs_reads_total","device=/dev/vda;id=/docker/9c66a111808aa587992ee0305cd63527b1ba4186ed449ece6a02cb6476c16aec;instance=cadvisor:8080;job=iot_service","2025-10-31T10:26:24Z","0"
"container_fs_reads_total","device=/dev/vda;id=/docker/9c66a111808aa587992ee0305cd63527b1ba4186ed449ece6a02cb6476c16aec;instance=cadvisor:8080;job=iot_service","2025-10-31T10:26:39Z","0"
"container_fs_reads_total","device=/dev/vda;id=/docker/9c66a111808aa587992ee0305cd63527b1ba4186ed449ece6a02cb6476c16aec;instance=cadvisor:8080;job=iot_service","2025-10-31T10:26:54Z","0"
"container_fs_reads_total","device=/dev/vda;id=/docker/9c66a111808aa587992ee0305cd63527b1ba4186ed449ece6a02cb6476c16aec;instance=cadvisor:8080;job=iot_service","2025-10-31T10:27:09Z","0"
"container_fs_reads_total","device=/dev/vda;id=/docker/9c66a111808aa587992ee0305cd63527b1ba4186ed449ece6a02cb6476c16aec;instance=cadvisor:8080;job=iot_service","2025-10-31T10:27:24Z","0"
"container_fs_reads_total","device=/dev/vda;id=/docker/9c66a111808aa587992ee0305cd63527b1ba4186ed449ece6a02cb6476c16aec;instance=cadvisor:8080;job=iot_service","2025-10-31T10:27:39Z","0"
"container_fs_reads_total","device=/dev/vda;id=/docker/9c66a111808aa587992ee0305cd63527b1ba4186ed449ece6a02cb6476c16aec;instance=cadvisor:8080;job=iot_service","2025-10-31T10:27:54Z","0"
"container_fs_reads_total","device=/dev/vda;id=/docker/9c66a111808aa587992ee0305cd63527b1ba4186ed449ece6a02cb6476c16aec;instance=cadvisor:8080;job=iot_service","2025-10-31T10:28:09Z","0"
"container_fs_reads_total","device=/dev/vda;id=/docker/9c66a111808aa587992ee0305cd63527b1ba4186ed449ece6a02cb6476c16aec;instance=cadvisor:8080;job=iot_service","2025-10-31T10:28:24Z","0"
"container_fs_reads_total","device=/dev/vda;id=/docker/9c66a111808aa587992ee0305cd63527b1ba4186ed449ece6a02cb6476c16aec;instance=cadvisor:8080;job=iot_service","2025-10-31T10:28:39Z","0"
"container_fs_reads_total","device=/dev/vda;id=/docker/9c66a111808aa587992ee0305cd63527b1ba4186ed449ece6a02cb6476c16aec;instance=cadvisor:8080;job=iot_service","2025-10-31T10:28:54Z","0"
"container_fs_reads_total","device=/dev/vda;id=/docker/9c66a111808aa587992ee0305cd63527b1ba4186ed449ece6a02cb6476c16aec;instance=cadvisor:8080;job=iot_service","2025-10-31T10:29:09Z","0"
"container_fs_reads_total","device=/dev/vda;id=/docker/9c66a111808aa587992ee0305cd63527b1ba4186ed449ece6a02cb6476c16aec;instance=cadvisor:8080;job=iot_service","2025-10-31T10:29:24Z","0"
"container_fs_reads_total","device=/dev/vda;id=/docker/9c66a111808aa587992ee0305cd63527b1ba4186ed449ece6a02cb6476c16aec;instance=cadvisor:8080;job=iot_service","2025-10-31T10:29:39Z","0"
"container_fs_reads_total","device=/dev/vda;id=/docker/9c66a111808aa587992ee0305cd63527b1ba4186ed449ece6a02cb6476c16aec;instance=cadvisor:8080;job=iot_service","2025-10-31T10:29:54Z","0"
"container_fs_reads_total","device=/dev/vda;id=/docker/9c66a111808aa587992ee0305cd63527b1ba4186ed449ece6a02cb6476c16aec;instance=cadvisor:8080;job=iot_service","2025-10-31T10:30:09Z","0"
"container_fs_reads_total","device=/dev/vda;id=/docker/9c66a111808aa587992ee0305cd63527b1ba4186ed449ece6a02cb6476c16aec;instance=cadvisor:8080;job=iot_service","2025-10-31T10:30:24Z","0"
"container_fs_reads_total","device=/dev/vda;id=/docker/9c66a111808aa587992ee0305cd63527b1ba4186ed449ece6a02cb6476c16aec;instance=cadvisor:8080;job=iot_service","2025-10-31T10:30:39Z","0"
"container_fs_reads_total","device=/dev/vda;id=/docker/9c66a111808aa587992ee0305cd63527b1ba4186ed449ece6a02cb6476c16aec;instance=cadvisor:8080;job=iot_service","2025-10-31T10:30:54Z","0"
"container_fs_reads_total","device=/dev/vda;id=/docker/9c66a111808aa587992ee0305cd63527b1ba4186ed449ece6a02cb6476c16aec;instance=cadvisor:8080;job=iot_service","2025-10-31T10:31:09Z","0"
"container_fs_reads_total","device=/dev/vda;id=/docker/cd7a9c58b0c32eccee7de69382b1064928ba7155b3b1af46099dd15f15c7e89d;instance=cadvisor:8080;job=iot_service","2025-10-31T10:16:09Z","0"
"container_fs_reads_total","device=/dev/vda;id=/docker/cd7a9c58b0c32eccee7de69382b1064928ba7155b3b1af46099dd15f15c7e89d;instance=cadvisor:8080;job=iot_service","2025-10-31T10:16:24Z","0"
"container_fs_reads_total","device=/dev/vda;id=/docker/cd7a9c58b0c32eccee7de69382b1064928ba7155b3b1af46099dd15f15c7e89d;instance=cadvisor:8080;job=iot_service","2025-10-31T10:16:39Z","0"
"container_fs_reads_total","device=/dev/vda;id=/docker/cd7a9c58b0c32eccee7de69382b1064928ba7155b3b1af46099dd15f15c7e89d;instance=cadvisor:8080;job=iot_service","2025-10-31T10:16:54Z","0"
"container_fs_reads_total","device=/dev/vda;id=/docker/cd7a9c58b0c32eccee7de69382b1064928ba7155b3b1af46099dd15f15c7e89d;instance=cadvisor:8080;job=iot_service","2025-10-31T10:17:09Z","0"
"container_fs_reads_total","device=/dev/vda;id=/docker/cd7a9c58b0c32eccee7de69382b1064928ba7155b3b1af46099dd15f15c7e89d;instance=cadvisor:8080;job=iot_service","2025-10-31T10:17:24Z","0"
"container_fs_reads_total","device=/dev/vda;id=/docker/cd7a9c58b0c32eccee7de69382b1064928ba7155b3b1af46099dd15f15c7e89d;instance=cadvisor:8080;job=iot_service","2025-10-31T10:17:39Z","0"
"container_fs_reads_total","device=/dev/vda;id=/docker/cd7a9c58b0c32eccee7de69382b1064928ba7155b3b1af46099dd15f15c7e89d;instance=cadvisor:8080;job=iot_service","2025-10-31T10:17:54Z","0"
"container_fs_reads_total","device=/dev/vda;id=/docker/cd7a9c58b0c32eccee7de69382b1064928ba7155b3b1af46099dd15f15c7e89d;instance=cadvisor:8080;job=iot_service","2025-10-31T10:18:09Z","0"
"container_fs_reads_total","device=/dev/vda;id=/docker/cd7a9c58b0c32eccee7de69382b1064928ba7155b3b1af46099dd15f15c7e89d;instance=cadvisor:8080;job=iot_service","2025-10-31T10:18:24Z","0"
"container_fs_reads_total","device=/dev/vda;id=/docker/cd7a9c58b0c32eccee7de69382b1064928ba7155b3b1af46099dd15f15c7e89d;instance=cadvisor:8080;job=iot_service","2025-10-31T10:18:39Z","0"
"container_fs_reads_total","device=/dev/vda;id=/docker/cd7a9c58b0c32eccee7de69382b1064928ba7155b3b1af46099dd15f15c7e89d;instance=cadvisor:8080;job=iot_service","2025-10-31T10:18:54Z","0"
"container_fs_reads_total","device=/dev/vda;id=/docker/cd7a9c58b0c32eccee7de69382b1064928ba7155b3b1af46099dd15f15c7e89d;instance=cadvisor:8080;job=iot_service","2025-10-31T10:19:09Z","0"
"container_fs_reads_total","device=/dev/vda;id=/docker/cd7a9c58b0c32eccee7de69382b1064928ba7155b3b1af46099dd15f15c7e89d;instance=cadvisor:8080;job=iot_service","2025-10-31T10:19:24Z","0"
"container_fs_reads_total","device=/dev/vda;id=/docker/cd7a9c58b0c32eccee7de69382b1064928ba7155b3b1af46099dd15f15c7e89d;instance=cadvisor:8080;job=iot_service","2025-10-31T10:19:39Z","0"
"container_fs_reads_total","device=/dev/vda;id=/docker/cd7a9c58b0c32eccee7de69382b1064928ba7155b3b1af46099dd15f15c7e89d;instance=cadvisor:8080;job=iot_service","2025-10-31T10:19:54Z","0"
"container_fs_reads_total","device=/dev/vda;id=/docker/cd7a9c58b0c32eccee7de69382b1064928ba7155b3b1af46099dd15f15c7e89d;instance=cadvisor:8080;job=iot_service","2025-10-31T10:20:09Z","0"
"container_fs_reads_total","device=/dev/vda;id=/docker/cd7a9c58b0c32eccee7de69382b1064928ba7155b3b1af46099dd15f15c7e89d;instance=cadvisor:8080;job=iot_service","2025-10-31T10:20:24Z","0"
"container_fs_reads_total","device=/dev/vda;id=/docker/cd7a9c58b0c32eccee7de69382b1064928ba7155b3b1af46099dd15f15c7e89d;instance=cadvisor:8080;job=iot_service","2025-10-31T10:20:39Z","0"
"container_fs_reads_total","device=/dev/vda;id=/docker/cd7a9c58b0c32eccee7de69382b1064928ba7155b3b1af46099dd15f15c7e89d;instance=cadvisor:8080;job=iot_service","2025-10-31T10:20:54Z","0"
"container_fs_reads_total","device=/dev/vda;id=/docker/cd7a9c58b0c32eccee7de69382b1064928ba7155b3b1af46099dd15f15c7e89d;instance=cadvisor:8080;job=iot_service","2025-10-31T10:21:09Z","0"
"container_fs_reads_total","device=/dev/vda;id=/docker/cd7a9c58b0c32eccee7de69382b1064928ba7155b3b1af46099dd15f15c7e89d;instance=cadvisor:8080;job=iot_service","2025-10-31T10:21:24Z","0"
"container_fs_reads_total","device=/dev/vda;id=/docker/cd7a9c58b0c32eccee7de69382b1064928ba7155b3b1af46099dd15f15c7e89d;instance=cadvisor:8080;job=iot_service","2025-10-31T10:21:39Z","0"
"container_fs_reads_total","device=/dev/vda;id=/docker/cd7a9c58b0c32eccee7de69382b1064928ba7155b3b1af46099dd15f15c7e89d;instance=cadvisor:8080;job=iot_service","2025-10-31T10:21:54Z","0"
"container_fs_reads_total","device=/dev/vda;id=/docker/cd7a9c58b0c32eccee7de69382b1064928ba7155b3b1af46099dd15f15c7e89d;instance=cadvisor:8080;job=iot_service","2025-10-31T10:22:09Z","0"
"container_fs_reads_total","device=/dev/vda;id=/docker/cd7a9c58b0c32eccee7de69382b1064928ba7155b3b1af46099dd15f15c7e89d;instance=cadvisor:8080;job=iot_service","2025-10-31T10:22:24Z","0"
"container_fs_reads_total","device=/dev/vda;id=/docker/cd7a9c58b0c32eccee7de69382b1064928ba7155b3b1af46099dd15f15c7e89d;instance=cadvisor:8080;job=iot_service","2025-10-31T10:22:39Z","0"
"container_fs_reads_total","device=/dev/vda;id=/docker/cd7a9c58b0c32eccee7de69382b1064928ba7155b3b1af46099dd15f15c7e89d;instance=cadvisor:8080;job=iot_service","2025-10-31T10:22:54Z","0"
"container_fs_reads_total","device=/dev/vda;id=/docker/cd7a9c58b0c32eccee7de69382b1064928ba7155b3b1af46099dd15f15c7e89d;instance=cadvisor:8080;job=iot_service","2025-10-31T10:23:09Z","0"
"container_fs_reads_total","device=/dev/vda;id=/docker/cd7a9c58b0c32eccee7de69382b1064928ba7155b3b1af46099dd15f15c7e89d;instance=cadvisor:8080;job=iot_service","2025-10-31T10:23:24Z","0"
"container_fs_reads_total","device=/dev/vda;id=/docker/cd7a9c58b0c32eccee7de69382b1064928ba7155b3b1af46099dd15f15c7e89d;instance=cadvisor:8080;job=iot_service","2025-10-31T10:23:39Z","0"
"container_fs_reads_total","device=/dev/vda;id=/docker/cd7a9c58b0c32eccee7de69382b1064928ba7155b3b1af46099dd15f15c7e89d;instance=cadvisor:8080;job=iot_service","2025-10-31T10:23:54Z","0"
"container_fs_reads_total","device=/dev/vda;id=/docker/cd7a9c58b0c32eccee7de69382b1064928ba7155b3b1af46099dd15f15c7e89d;instance=cadvisor:8080;job=iot_service","2025-10-31T10:24:09Z","0"
"container_fs_reads_total","device=/dev/vda;id=/docker/cd7a9c58b0c32eccee7de69382b1064928ba7155b3b1af46099dd15f15c7e89d;instance=cadvisor:8080;job=iot_service","2025-10-31T10:24:24Z","0"
"container_fs_reads_total","device=/dev/vda;id=/docker/cd7a9c58b0c32eccee7de69382b1064928ba7155b3b1af46099dd15f15c7e89d;instance=cadvisor:8080;job=iot_service","2025-10-31T10:24:39Z","0"
"container_fs_reads_total","device=/dev/vda;id=/docker/cd7a9c58b0c32eccee7de69382b1064928ba7155b3b1af46099dd15f15c7e89d;instance=cadvisor:8080;job=iot_service","2025-10-31T10:24:54Z","0"
"container_fs_reads_total","device=/dev/vda;id=/docker/cd7a9c58b0c32eccee7de69382b1064928ba7155b3b1af46099dd15f15c7e89d;instance=cadvisor:8080;job=iot_service","2025-10-31T10:25:09Z","0"
"container_fs_reads_total","device=/dev/vda;id=/docker/cd7a9c58b0c32eccee7de69382b1064928ba7155b3b1af46099dd15f15c7e89d;instance=cadvisor:8080;job=iot_service","2025-10-31T10:25:24Z","0"
"container_fs_reads_total","device=/dev/vda;id=/docker/cd7a9c58b0c32eccee7de69382b1064928ba7155b3b1af46099dd15f15c7e89d;instance=cadvisor:8080;job=iot_service","2025-10-31T10:25:39Z","0"
"container_fs_reads_total","device=/dev/vda;id=/docker/cd7a9c58b0c32eccee7de69382b1064928ba7155b3b1af46099dd15f15c7e89d;instance=cadvisor:8080;job=iot_service","2025-10-31T10:25:54Z","0"
"container_fs_reads_total","device=/dev/vda;id=/docker/cd7a9c58b0c32eccee7de69382b1064928ba7155b3b1af46099dd15f15c7e89d;instance=cadvisor:8080;job=iot_service","2025-10-31T10:26:09Z","0"
"container_fs_reads_total","device=/dev/vda;id=/docker/cd7a9c58b0c32eccee7de69382b1064928ba7155b3b1af46099dd15f15c7e89d;instance=cadvisor:8080;job=iot_service","2025-10-31T10:26:24Z","0"
"container_fs_reads_total","device=/dev/vda;id=/docker/cd7a9c58b0c32eccee7de69382b1064928ba7155b3b1af46099dd15f15c7e89d;instance=cadvisor:8080;job=iot_service","2025-10-31T10:26:39Z","0"
"container_fs_reads_total","device=/dev/vda;id=/docker/cd7a9c58b0c32eccee7de69382b1064928ba7155b3b1af46099dd15f15c7e89d;instance=cadvisor:8080;job=iot_service","2025-10-31T10:26:54Z","0"
"container_fs_reads_total","device=/dev/vda;id=/docker/cd7a9c58b0c32eccee7de69382b1064928ba7155b3b1af46099dd15f15c7e89d;instance=cadvisor:8080;job=iot_service","2025-10-31T10:27:09Z","0"
"container_fs_reads_total","device=/dev/vda;id=/docker/cd7a9c58b0c32eccee7de69382b1064928ba7155b3b1af46099dd15f15c7e89d;instance=cadvisor:8080;job=iot_service","2025-10-31T10:27:24Z","0"
"container_fs_reads_total","device=/dev/vda;id=/docker/cd7a9c58b0c32eccee7de69382b1064928ba7155b3b1af46099dd15f15c7e89d;instance=cadvisor:8080;job=iot_service","2025-10-31T10:27:39Z","0"
"container_fs_reads_total","device=/dev/vda;id=/docker/cd7a9c58b0c32eccee7de69382b1064928ba7155b3b1af46099dd15f15c7e89d;instance=cadvisor:8080;job=iot_service","2025-10-31T10:27:54Z","0"
"container_fs_reads_total","device=/dev/vda;id=/docker/cd7a9c58b0c32eccee7de69382b1064928ba7155b3b1af46099dd15f15c7e89d;instance=cadvisor:8080;job=iot_service","2025-10-31T10:28:09Z","0"
"container_fs_reads_total","device=/dev/vda;id=/docker/cd7a9c58b0c32eccee7de69382b1064928ba7155b3b1af46099dd15f15c7e89d;instance=cadvisor:8080;job=iot_service","2025-10-31T10:28:24Z","0"
"container_fs_reads_total","device=/dev/vda;id=/docker/cd7a9c58b0c32eccee7de69382b1064928ba7155b3b1af46099dd15f15c7e89d;instance=cadvisor:8080;job=iot_service","2025-10-31T10:28:39Z","0"
"container_fs_reads_total","device=/dev/vda;id=/docker/cd7a9c58b0c32eccee7de69382b1064928ba7155b3b1af46099dd15f15c7e89d;instance=cadvisor:8080;job=iot_service","2025-10-31T10:28:54Z","0"
"container_fs_reads_total","device=/dev/vda;id=/docker/cd7a9c58b0c32eccee7de69382b1064928ba7155b3b1af46099dd15f15c7e89d;instance=cadvisor:8080;job=iot_service","2025-10-31T10:29:09Z","0"
"container_fs_reads_total","device=/dev/vda;id=/docker/cd7a9c58b0c32eccee7de69382b1064928ba7155b3b1af46099dd15f15c7e89d;instance=cadvisor:8080;job=iot_service","2025-10-31T10:29:24Z","0"
"container_fs_reads_total","device=/dev/vda;id=/docker/cd7a9c58b0c32eccee7de69382b1064928ba7155b3b1af46099dd15f15c7e89d;instance=cadvisor:8080;job=iot_service","2025-10-31T10:29:39Z","0"
"container_fs_reads_total","device=/dev/vda;id=/docker/cd7a9c58b0c32eccee7de69382b1064928ba7155b3b1af46099dd15f15c7e89d;instance=cadvisor:8080;job=iot_service","2025-10-31T10:29:54Z","0"
"container_fs_reads_total","device=/dev/vda;id=/docker/cd7a9c58b0c32eccee7de69382b1064928ba7155b3b1af46099dd15f15c7e89d;instance=cadvisor:8080;job=iot_service","2025-10-31T10:30:09Z","0"
"container_fs_reads_total","device=/dev/vda;id=/docker/cd7a9c58b0c32eccee7de69382b1064928ba7155b3b1af46099dd15f15c7e89d;instance=cadvisor:8080;job=iot_service","2025-10-31T10:30:24Z","0"
"container_fs_reads_total","device=/dev/vda;id=/docker/cd7a9c58b0c32eccee7de69382b1064928ba7155b3b1af46099dd15f15c7e89d;instance=cadvisor:8080;job=iot_service","2025-10-31T10:30:39Z","0"
"container_fs_reads_total","device=/dev/vda;id=/docker/cd7a9c58b0c32eccee7de69382b1064928ba7155b3b1af46099dd15f15c7e89d;instance=cadvisor:8080;job=iot_service","2025-10-31T10:30:54Z","0"
"container_fs_reads_total","device=/dev/vda;id=/docker/cd7a9c58b0c32eccee7de69382b1064928ba7155b3b1af46099dd15f15c7e89d;instance=cadvisor:8080;job=iot_service","2025-10-31T10:31:09Z","0"
"container_fs_reads_total","device=/dev/vda;id=/docker/fdfc0724b613bbad2b29e38f548044caa8fa5ece06aea1f7630b8b07f070b604;instance=cadvisor:8080;job=iot_service","2025-10-31T10:16:09Z","0"
"container_fs_reads_total","device=/dev/vda;id=/docker/fdfc0724b613bbad2b29e38f548044caa8fa5ece06aea1f7630b8b07f070b604;instance=cadvisor:8080;job=iot_service","2025-10-31T10:16:24Z","0"
"container_fs_reads_total","device=/dev/vda;id=/docker/fdfc0724b613bbad2b29e38f548044caa8fa5ece06aea1f7630b8b07f070b604;instance=cadvisor:8080;job=iot_service","2025-10-31T10:16:39Z","0"
"container_fs_reads_total","device=/dev/vda;id=/docker/fdfc0724b613bbad2b29e38f548044caa8fa5ece06aea1f7630b8b07f070b604;instance=cadvisor:8080;job=iot_service","2025-10-31T10:16:54Z","0"
"container_fs_reads_total","device=/dev/vda;id=/docker/fdfc0724b613bbad2b29e38f548044caa8fa5ece06aea1f7630b8b07f070b604;instance=cadvisor:8080;job=iot_service","2025-10-31T10:17:09Z","0"
"container_fs_reads_total","device=/dev/vda;id=/docker/fdfc0724b613bbad2b29e38f548044caa8fa5ece06aea1f7630b8b07f070b604;instance=cadvisor:8080;job=iot_service","2025-10-31T10:17:24Z","0"
"container_fs_reads_total","device=/dev/vda;id=/docker/fdfc0724b613bbad2b29e38f548044caa8fa5ece06aea1f7630b8b07f070b604;instance=cadvisor:8080;job=iot_service","2025-10-31T10:17:39Z","0"
"container_fs_reads_total","device=/dev/vda;id=/docker/fdfc0724b613bbad2b29e38f548044caa8fa5ece06aea1f7630b8b07f070b604;instance=cadvisor:8080;job=iot_service","2025-10-31T10:17:54Z","0"
"container_fs_reads_total","device=/dev/vda;id=/docker/fdfc0724b613bbad2b29e38f548044caa8fa5ece06aea1f7630b8b07f070b604;instance=cadvisor:8080;job=iot_service","2025-10-31T10:18:09Z","0"
"container_fs_reads_total","device=/dev/vda;id=/docker/fdfc0724b613bbad2b29e38f548044caa8fa5ece06aea1f7630b8b07f070b604;instance=cadvisor:8080;job=iot_service","2025-10-31T10:18:24Z","0"
"container_fs_reads_total","device=/dev/vda;id=/docker/fdfc0724b613bbad2b29e38f548044caa8fa5ece06aea1f7630b8b07f070b604;instance=cadvisor:8080;job=iot_service","2025-10-31T10:18:39Z","0"
"container_fs_reads_total","device=/dev/vda;id=/docker/fdfc0724b613bbad2b29e38f548044caa8fa5ece06aea1f7630b8b07f070b604;instance=cadvisor:8080;job=iot_service","2025-10-31T10:18:54Z","0"
"container_fs_reads_total","device=/dev/vda;id=/docker/fdfc0724b613bbad2b29e38f548044caa8fa5ece06aea1f7630b8b07f070b604;instance=cadvisor:8080;job=iot_service","2025-10-31T10:19:09Z","0"
"container_fs_reads_total","device=/dev/vda;id=/docker/fdfc0724b613bbad2b29e38f548044caa8fa5ece06aea1f7630b8b07f070b604;instance=cadvisor:8080;job=iot_service","2025-10-31T10:19:24Z","0"
"container_fs_reads_total","device=/dev/vda;id=/docker/fdfc0724b613bbad2b29e38f548044caa8fa5ece06aea1f7630b8b07f070b604;instance=cadvisor:8080;job=iot_service","2025-10-31T10:19:39Z","0"
"container_fs_reads_total","device=/dev/vda;id=/docker/fdfc0724b613bbad2b29e38f548044caa8fa5ece06aea1f7630b8b07f070b604;instance=cadvisor:8080;job=iot_service","2025-10-31T10:19:54Z","0"
"container_fs_reads_total","device=/dev/vda;id=/docker/fdfc0724b613bbad2b29e38f548044caa8fa5ece06aea1f7630b8b07f070b604;instance=cadvisor:8080;job=iot_service","2025-10-31T10:20:09Z","0"
"container_fs_reads_total","device=/dev/vda;id=/docker/fdfc0724b613bbad2b29e38f548044caa8fa5ece06aea1f7630b8b07f070b604;instance=cadvisor:8080;job=iot_service","2025-10-31T10:20:24Z","0"
"container_fs_reads_total","device=/dev/vda;id=/docker/fdfc0724b613bbad2b29e38f548044caa8fa5ece06aea1f7630b8b07f070b604;instance=cadvisor:8080;job=iot_service","2025-10-31T10:20:39Z","0"
"container_fs_reads_total","device=/dev/vda;id=/docker/fdfc0724b613bbad2b29e38f548044caa8fa5ece06aea1f7630b8b07f070b604;instance=cadvisor:8080;job=iot_service","2025-10-31T10:20:54Z","0"
"container_fs_reads_total","device=/dev/vda;id=/docker/fdfc0724b613bbad2b29e38f548044caa8fa5ece06aea1f7630b8b07f070b604;instance=cadvisor:8080;job=iot_service","2025-10-31T10:21:09Z","0"
"container_fs_reads_total","device=/dev/vda;id=/docker/fdfc0724b613bbad2b29e38f548044caa8fa5ece06aea1f7630b8b07f070b604;instance=cadvisor:8080;job=iot_service","2025-10-31T10:21:24Z","0"
"container_fs_reads_total","device=/dev/vda;id=/docker/fdfc0724b613bbad2b29e38f548044caa8fa5ece06aea1f7630b8b07f070b604;instance=cadvisor:8080;job=iot_service","2025-10-31T10:21:39Z","0"
"container_fs_reads_total","device=/dev/vda;id=/docker/fdfc0724b613bbad2b29e38f548044caa8fa5ece06aea1f7630b8b07f070b604;instance=cadvisor:8080;job=iot_service","2025-10-31T10:21:54Z","0"
"container_fs_reads_total","device=/dev/vda;id=/docker/fdfc0724b613bbad2b29e38f548044caa8fa5ece06aea1f7630b8b07f070b604;instance=cadvisor:8080;job=iot_service","2025-10-31T10:22:09Z","0"
"container_fs_reads_total","device=/dev/vda;id=/docker/fdfc0724b613bbad2b29e38f548044caa8fa5ece06aea1f7630b8b07f070b604;instance=cadvisor:8080;job=iot_service","2025-10-31T10:22:24Z","0"
"container_fs_reads_total","device=/dev/vda;id=/docker/fdfc0724b613bbad2b29e38f548044caa8fa5ece06aea1f7630b8b07f070b604;instance=cadvisor:8080;job=iot_service","2025-10-31T10:22:39Z","0.01701172107582124"
"container_fs_reads_total","device=/dev/vda;id=/docker/fdfc0724b613bbad2b29e38f548044caa8fa5ece06aea1f7630b8b07f070b604;instance=cadvisor:8080;job=iot_service","2025-10-31T10:22:54Z","0.01710308026475568"
"container_fs_reads_total","device=/dev/vda;id=/docker/fdfc0724b613bbad2b29e38f548044caa8fa5ece06aea1f7630b8b07f070b604;instance=cadvisor:8080;job=iot_service","2025-10-31T10:23:09Z","0.017033163569469757"
"container_fs_reads_total","device=/dev/vda;id=/docker/fdfc0724b613bbad2b29e38f548044caa8fa5ece06aea1f7630b8b07f070b604;instance=cadvisor:8080;job=iot_service","2025-10-31T10:23:24Z","0.0172398931126627"
"container_fs_reads_total","device=/dev/vda;id=/docker/fdfc0724b613bbad2b29e38f548044caa8fa5ece06aea1f7630b8b07f070b604;instance=cadvisor:8080;job=iot_service","2025-10-31T10:23:39Z","0"
"container_fs_reads_total","device=/dev/vda;id=/docker/fdfc0724b613bbad2b29e38f548044caa8fa5ece06aea1f7630b8b07f070b604;instance=cadvisor:8080;job=iot_service","2025-10-31T10:23:54Z","0"
"container_fs_reads_total","device=/dev/vda;id=/docker/fdfc0724b613bbad2b29e38f548044caa8fa5ece06aea1f7630b8b07f070b604;instance=cadvisor:8080;job=iot_service","2025-10-31T10:24:09Z","0"
"container_fs_reads_total","device=/dev/vda;id=/docker/fdfc0724b613bbad2b29e38f548044caa8fa5ece06aea1f7630b8b07f070b604;instance=cadvisor:8080;job=iot_service","2025-10-31T10:24:24Z","0"
"container_fs_reads_total","device=/dev/vda;id=/docker/fdfc0724b613bbad2b29e38f548044caa8fa5ece06aea1f7630b8b07f070b604;instance=cadvisor:8080;job=iot_service","2025-10-31T10:24:39Z","0"
"container_fs_reads_total","device=/dev/vda;id=/docker/fdfc0724b613bbad2b29e38f548044caa8fa5ece06aea1f7630b8b07f070b604;instance=cadvisor:8080;job=iot_service","2025-10-31T10:24:54Z","0"
"container_fs_reads_total","device=/dev/vda;id=/docker/fdfc0724b613bbad2b29e38f548044caa8fa5ece06aea1f7630b8b07f070b604;instance=cadvisor:8080;job=iot_service","2025-10-31T10:25:09Z","0"
"container_fs_reads_total","device=/dev/vda;id=/docker/fdfc0724b613bbad2b29e38f548044caa8fa5ece06aea1f7630b8b07f070b604;instance=cadvisor:8080;job=iot_service","2025-10-31T10:25:24Z","0"
"container_fs_reads_total","device=/dev/vda;id=/docker/fdfc0724b613bbad2b29e38f548044caa8fa5ece06aea1f7630b8b07f070b604;instance=cadvisor:8080;job=iot_service","2025-10-31T10:25:39Z","0"
"container_fs_reads_total","device=/dev/vda;id=/docker/fdfc0724b613bbad2b29e38f548044caa8fa5ece06aea1f7630b8b07f070b604;instance=cadvisor:8080;job=iot_service","2025-10-31T10:25:54Z","0"
"container_fs_reads_total","device=/dev/vda;id=/docker/fdfc0724b613bbad2b29e38f548044caa8fa5ece06aea1f7630b8b07f070b604;instance=cadvisor:8080;job=iot_service","2025-10-31T10:26:09Z","0"
"container_fs_reads_total","device=/dev/vda;id=/docker/fdfc0724b613bbad2b29e38f548044caa8fa5ece06aea1f7630b8b07f070b604;instance=cadvisor:8080;job=iot_service","2025-10-31T10:26:24Z","0"
"container_fs_reads_total","device=/dev/vda;id=/docker/fdfc0724b613bbad2b29e38f548044caa8fa5ece06aea1f7630b8b07f070b604;instance=cadvisor:8080;job=iot_service","2025-10-31T10:26:39Z","0"
"container_fs_reads_total","device=/dev/vda;id=/docker/fdfc0724b613bbad2b29e38f548044caa8fa5ece06aea1f7630b8b07f070b604;instance=cadvisor:8080;job=iot_service","2025-10-31T10:26:54Z","0"
"container_fs_reads_total","device=/dev/vda;id=/docker/fdfc0724b613bbad2b29e38f548044caa8fa5ece06aea1f7630b8b07f070b604;instance=cadvisor:8080;job=iot_service","2025-10-31T10:27:09Z","0"
"container_fs_reads_total","device=/dev/vda;id=/docker/fdfc0724b613bbad2b29e38f548044caa8fa5ece06aea1f7630b8b07f070b604;instance=cadvisor:8080;job=iot_service","2025-10-31T10:27:24Z","0"
"container_fs_reads_total","device=/dev/vda;id=/docker/fdfc0724b613bbad2b29e38f548044caa8fa5ece06aea1f7630b8b07f070b604;instance=cadvisor:8080;job=iot_service","2025-10-31T10:27:39Z","0"
"container_fs_reads_total","device=/dev/vda;id=/docker/fdfc0724b613bbad2b29e38f548044caa8fa5ece06aea1f7630b8b07f070b604;instance=cadvisor:8080;job=iot_service","2025-10-31T10:27:54Z","0"
"container_fs_reads_total","device=/dev/vda;id=/docker/fdfc0724b613bbad2b29e38f548044caa8fa5ece06aea1f7630b8b07f070b604;instance=cadvisor:8080;job=iot_service","2025-10-31T10:28:09Z","0"
"container_fs_reads_total","device=/dev/vda;id=/docker/fdfc0724b613bbad2b29e38f548044caa8fa5ece06aea1f7630b8b07f070b604;instance=cadvisor:8080;job=iot_service","2025-10-31T10:28:24Z","0"
"container_fs_reads_total","device=/dev/vda;id=/docker/fdfc0724b613bbad2b29e38f548044caa8fa5ece06aea1f7630b8b07f070b604;instance=cadvisor:8080;job=iot_service","2025-10-31T10:28:39Z","0"
"container_fs_reads_total","device=/dev/vda;id=/docker/fdfc0724b613bbad2b29e38f548044caa8fa5ece06aea1f7630b8b07f070b604;instance=cadvisor:8080;job=iot_service","2025-10-31T10:28:54Z","0"
"container_fs_reads_total","device=/dev/vda;id=/docker/fdfc0724b613bbad2b29e38f548044caa8fa5ece06aea1f7630b8b07f070b604;instance=cadvisor:8080;job=iot_service","2025-10-31T10:29:09Z","0"
"container_fs_reads_total","device=/dev/vda;id=/docker/fdfc0724b613bbad2b29e38f548044caa8fa5ece06aea1f7630b8b07f070b604;instance=cadvisor:8080;job=iot_service","2025-10-31T10:29:24Z","0"
"container_fs_reads_total","device=/dev/vda;id=/docker/fdfc0724b613bbad2b29e38f548044caa8fa5ece06aea1f7630b8b07f070b604;instance=cadvisor:8080;job=iot_service","2025-10-31T10:29:39Z","0"
"container_fs_reads_total","device=/dev/vda;id=/docker/fdfc0724b613bbad2b29e38f548044caa8fa5ece06aea1f7630b8b07f070b604;instance=cadvisor:8080;job=iot_service","2025-10-31T10:29:54Z","0"
"container_fs_reads_total","device=/dev/vda;id=/docker/fdfc0724b613bbad2b29e38f548044caa8fa5ece06aea1f7630b8b07f070b604;instance=cadvisor:8080;job=iot_service","2025-10-31T10:30:09Z","0"
"container_fs_reads_total","device=/dev/vda;id=/docker/fdfc0724b613bbad2b29e38f548044caa8fa5ece06aea1f7630b8b07f070b604;instance=cadvisor:8080;job=iot_service","2025-10-31T10:30:24Z","0"
"container_fs_reads_total","device=/dev/vda;id=/docker/fdfc0724b613bbad2b29e38f548044caa8fa5ece06aea1f7630b8b07f070b604;instance=cadvisor:8080;job=iot_service","2025-10-31T10:30:39Z","0"
"container_fs_reads_total","device=/dev/vda;id=/docker/fdfc0724b613bbad2b29e38f548044caa8fa5ece06aea1f7630b8b07f070b604;instance=cadvisor:8080;job=iot_service","2025-10-31T10:30:54Z","0"
"container_fs_reads_total","device=/dev/vda;id=/docker/fdfc0724b613bbad2b29e38f548044caa8fa5ece06aea1f7630b8b07f070b604;instance=cadvisor:8080;job=iot_service","2025-10-31T10:31:09Z","0"
"container_fs_reads_total","device=/dev/vda;id=/restricted;instance=cadvisor:8080;job=iot_service","2025-10-31T10:16:09Z","0"
"container_fs_reads_total","device=/dev/vda;id=/restricted;instance=cadvisor:8080;job=iot_service","2025-10-31T10:16:24Z","0"
"container_fs_reads_total","device=/dev/vda;id=/restricted;instance=cadvisor:8080;job=iot_service","2025-10-31T10:16:39Z","0"
"container_fs_reads_total","device=/dev/vda;id=/restricted;instance=cadvisor:8080;job=iot_service","2025-10-31T10:16:54Z","0"
"container_fs_reads_total","device=/dev/vda;id=/restricted;instance=cadvisor:8080;job=iot_service","2025-10-31T10:17:09Z","0"
"container_fs_reads_total","device=/dev/vda;id=/restricted;instance=cadvisor:8080;job=iot_service","2025-10-31T10:17:24Z","0"
"container_fs_reads_total","device=/dev/vda;id=/restricted;instance=cadvisor:8080;job=iot_service","2025-10-31T10:17:39Z","0"
"container_fs_reads_total","device=/dev/vda;id=/restricted;instance=cadvisor:8080;job=iot_service","2025-10-31T10:17:54Z","0"
"container_fs_reads_total","device=/dev/vda;id=/restricted;instance=cadvisor:8080;job=iot_service","2025-10-31T10:18:09Z","0"
"container_fs_reads_total","device=/dev/vda;id=/restricted;instance=cadvisor:8080;job=iot_service","2025-10-31T10:18:24Z","0"
"container_fs_reads_total","device=/dev/vda;id=/restricted;instance=cadvisor:8080;job=iot_service","2025-10-31T10:18:39Z","0"
"container_fs_reads_total","device=/dev/vda;id=/restricted;instance=cadvisor:8080;job=iot_service","2025-10-31T10:18:54Z","0"
"container_fs_reads_total","device=/dev/vda;id=/restricted;instance=cadvisor:8080;job=iot_service","2025-10-31T10:19:09Z","0"
"container_fs_reads_total","device=/dev/vda;id=/restricted;instance=cadvisor:8080;job=iot_service","2025-10-31T10:19:24Z","0"
"container_fs_reads_total","device=/dev/vda;id=/restricted;instance=cadvisor:8080;job=iot_service","2025-10-31T10:19:39Z","0"
"container_fs_reads_total","device=/dev/vda;id=/restricted;instance=cadvisor:8080;job=iot_service","2025-10-31T10:19:54Z","0"
"container_fs_reads_total","device=/dev/vda;id=/restricted;instance=cadvisor:8080;job=iot_service","2025-10-31T10:20:09Z","0"
"container_fs_reads_total","device=/dev/vda;id=/restricted;instance=cadvisor:8080;job=iot_service","2025-10-31T10:20:24Z","0"
"container_fs_reads_total","device=/dev/vda;id=/restricted;instance=cadvisor:8080;job=iot_service","2025-10-31T10:20:39Z","0"
"container_fs_reads_total","device=/dev/vda;id=/restricted;instance=cadvisor:8080;job=iot_service","2025-10-31T10:20:54Z","0"
"container_fs_reads_total","device=/dev/vda;id=/restricted;instance=cadvisor:8080;job=iot_service","2025-10-31T10:21:09Z","0"
"container_fs_reads_total","device=/dev/vda;id=/restricted;instance=cadvisor:8080;job=iot_service","2025-10-31T10:21:24Z","0"
"container_fs_reads_total","device=/dev/vda;id=/restricted;instance=cadvisor:8080;job=iot_service","2025-10-31T10:21:39Z","0"
"container_fs_reads_total","device=/dev/vda;id=/restricted;instance=cadvisor:8080;job=iot_service","2025-10-31T10:21:54Z","0"
"container_fs_reads_total","device=/dev/vda;id=/restricted;instance=cadvisor:8080;job=iot_service","2025-10-31T10:22:09Z","0"
"container_fs_reads_total","device=/dev/vda;id=/restricted;instance=cadvisor:8080;job=iot_service","2025-10-31T10:22:24Z","0"
"container_fs_reads_total","device=/dev/vda;id=/restricted;instance=cadvisor:8080;job=iot_service","2025-10-31T10:22:39Z","0"
"container_fs_reads_total","device=/dev/vda;id=/restricted;instance=cadvisor:8080;job=iot_service","2025-10-31T10:22:54Z","0"
"container_fs_reads_total","device=/dev/vda;id=/restricted;instance=cadvisor:8080;job=iot_service","2025-10-31T10:23:09Z","0"
"container_fs_reads_total","device=/dev/vda;id=/restricted;instance=cadvisor:8080;job=iot_service","2025-10-31T10:23:24Z","0"
"container_fs_reads_total","device=/dev/vda;id=/restricted;instance=cadvisor:8080;job=iot_service","2025-10-31T10:23:39Z","0"
"container_fs_reads_total","device=/dev/vda;id=/restricted;instance=cadvisor:8080;job=iot_service","2025-10-31T10:23:54Z","0"
"container_fs_reads_total","device=/dev/vda;id=/restricted;instance=cadvisor:8080;job=iot_service","2025-10-31T10:24:09Z","0"
"container_fs_reads_total","device=/dev/vda;id=/restricted;instance=cadvisor:8080;job=iot_service","2025-10-31T10:24:24Z","0"
"container_fs_reads_total","device=/dev/vda;id=/restricted;instance=cadvisor:8080;job=iot_service","2025-10-31T10:24:39Z","0"
"container_fs_reads_total","device=/dev/vda;id=/restricted;instance=cadvisor:8080;job=iot_service","2025-10-31T10:24:54Z","0"
"container_fs_reads_total","device=/dev/vda;id=/restricted;instance=cadvisor:8080;job=iot_service","2025-10-31T10:25:09Z","0"
"container_fs_reads_total","device=/dev/vda;id=/restricted;instance=cadvisor:8080;job=iot_service","2025-10-31T10:25:24Z","0"
"container_fs_reads_total","device=/dev/vda;id=/restricted;instance=cadvisor:8080;job=iot_service","2025-10-31T10:25:39Z","0"
"container_fs_reads_total","device=/dev/vda;id=/restricted;instance=cadvisor:8080;job=iot_service","2025-10-31T10:25:54Z","0"
"container_fs_reads_total","device=/dev/vda;id=/restricted;instance=cadvisor:8080;job=iot_service","2025-10-31T10:26:09Z","0"
"container_fs_reads_total","device=/dev/vda;id=/restricted;instance=cadvisor:8080;job=iot_service","2025-10-31T10:26:24Z","0"
"container_fs_reads_total","device=/dev/vda;id=/restricted;instance=cadvisor:8080;job=iot_service","2025-10-31T10:26:39Z","0"
"container_fs_reads_total","device=/dev/vda;id=/restricted;instance=cadvisor:8080;job=iot_service","2025-10-31T10:26:54Z","0"
"container_fs_reads_total","device=/dev/vda;id=/restricted;instance=cadvisor:8080;job=iot_service","2025-10-31T10:27:09Z","0"
"container_fs_reads_total","device=/dev/vda;id=/restricted;instance=cadvisor:8080;job=iot_service","2025-10-31T10:27:24Z","0"
"container_fs_reads_total","device=/dev/vda;id=/restricted;instance=cadvisor:8080;job=iot_service","2025-10-31T10:27:39Z","0"
"container_fs_reads_total","device=/dev/vda;id=/restricted;instance=cadvisor:8080;job=iot_service","2025-10-31T10:27:54Z","0"
"container_fs_reads_total","device=/dev/vda;id=/restricted;instance=cadvisor:8080;job=iot_service","2025-10-31T10:28:09Z","0"
"container_fs_reads_total","device=/dev/vda;id=/restricted;instance=cadvisor:8080;job=iot_service","2025-10-31T10:28:24Z","0"
"container_fs_reads_total","device=/dev/vda;id=/restricted;instance=cadvisor:8080;job=iot_service","2025-10-31T10:28:39Z","0"
"container_fs_reads_total","device=/dev/vda;id=/restricted;instance=cadvisor:8080;job=iot_service","2025-10-31T10:28:54Z","0"
"container_fs_reads_total","device=/dev/vda;id=/restricted;instance=cadvisor:8080;job=iot_service","2025-10-31T10:29:09Z","0"
"container_fs_reads_total","device=/dev/vda;id=/restricted;instance=cadvisor:8080;job=iot_service","2025-10-31T10:29:24Z","0"
"container_fs_reads_total","device=/dev/vda;id=/restricted;instance=cadvisor:8080;job=iot_service","2025-10-31T10:29:39Z","0"
"container_fs_reads_total","device=/dev/vda;id=/restricted;instance=cadvisor:8080;job=iot_service","2025-10-31T10:29:54Z","0"
"container_fs_reads_total","device=/dev/vda;id=/restricted;instance=cadvisor:8080;job=iot_service","2025-10-31T10:30:09Z","0"
"container_fs_reads_total","device=/dev/vda;id=/restricted;instance=cadvisor:8080;job=iot_service","2025-10-31T10:30:24Z","0"
"container_fs_reads_total","device=/dev/vda;id=/restricted;instance=cadvisor:8080;job=iot_service","2025-10-31T10:30:39Z","0"
"container_fs_reads_total","device=/dev/vda;id=/restricted;instance=cadvisor:8080;job=iot_service","2025-10-31T10:30:54Z","0"
"container_fs_reads_total","device=/dev/vda;id=/restricted;instance=cadvisor:8080;job=iot_service","2025-10-31T10:31:09Z","0"
"container_fs_reads_total","device=/dev/vda1;id=/;instance=cadvisor:8080;job=iot_service","2025-10-31T10:16:09Z","0.051440329218107"
"container_fs_reads_total","device=/dev/vda1;id=/;instance=cadvisor:8080;job=iot_service","2025-10-31T10:16:24Z","0.050967533681045174"
"container_fs_reads_total","device=/dev/vda1;id=/;instance=cadvisor:8080;job=iot_service","2025-10-31T10:16:39Z","0.08630063689870031"
"container_fs_reads_total","device=/dev/vda1;id=/;instance=cadvisor:8080;job=iot_service","2025-10-31T10:16:54Z","0.05128906517130548"
"container_fs_reads_total","device=/dev/vda1;id=/;instance=cadvisor:8080;job=iot_service","2025-10-31T10:17:09Z","0.06788290199406025"
"container_fs_reads_total","device=/dev/vda1;id=/;instance=cadvisor:8080;job=iot_service","2025-10-31T10:17:24Z","0.06927366561601607"
"container_fs_reads_total","device=/dev/vda1;id=/;instance=cadvisor:8080;job=iot_service","2025-10-31T10:17:39Z","0.033756413718606534"
"container_fs_reads_total","device=/dev/vda1;id=/;instance=cadvisor:8080;job=iot_service","2025-10-31T10:17:54Z","0.033537352226041754"
"container_fs_reads_total","device=/dev/vda1;id=/;instance=cadvisor:8080;job=iot_service","2025-10-31T10:18:09Z","0.017340038148083926"
"container_fs_reads_total","device=/dev/vda1;id=/;instance=cadvisor:8080;job=iot_service","2025-10-31T10:18:24Z","0.016800792997429478"
"container_fs_reads_total","device=/dev/vda1;id=/;instance=cadvisor:8080;job=iot_service","2025-10-31T10:18:39Z","0"
"container_fs_reads_total","device=/dev/vda1;id=/;instance=cadvisor:8080;job=iot_service","2025-10-31T10:18:54Z","0"
"container_fs_reads_total","device=/dev/vda1;id=/;instance=cadvisor:8080;job=iot_service","2025-10-31T10:19:09Z","0"
"container_fs_reads_total","device=/dev/vda1;id=/;instance=cadvisor:8080;job=iot_service","2025-10-31T10:19:24Z","0"
"container_fs_reads_total","device=/dev/vda1;id=/;instance=cadvisor:8080;job=iot_service","2025-10-31T10:19:39Z","0.016767270288397047"
"container_fs_reads_total","device=/dev/vda1;id=/;instance=cadvisor:8080;job=iot_service","2025-10-31T10:19:54Z","0.05118231139318252"
"container_fs_reads_total","device=/dev/vda1;id=/;instance=cadvisor:8080;job=iot_service","2025-10-31T10:20:09Z","0.05121026936601687"
"container_fs_reads_total","device=/dev/vda1;id=/;instance=cadvisor:8080;job=iot_service","2025-10-31T10:20:24Z","0.051615567255084135"
"container_fs_reads_total","device=/dev/vda1;id=/;instance=cadvisor:8080;job=iot_service","2025-10-31T10:20:39Z","0.06839501406628132"
"container_fs_reads_total","device=/dev/vda1;id=/;instance=cadvisor:8080;job=iot_service","2025-10-31T10:20:54Z","0.034411562284927734"
"container_fs_reads_total","device=/dev/vda1;id=/;instance=cadvisor:8080;job=iot_service","2025-10-31T10:21:09Z","0.03379520108144643"
"container_fs_reads_total","device=/dev/vda1;id=/;instance=cadvisor:8080;job=iot_service","2025-10-31T10:21:24Z","0.01688390626055244"
"container_fs_reads_total","device=/dev/vda1;id=/;instance=cadvisor:8080;job=iot_service","2025-10-31T10:21:39Z","0"
"container_fs_reads_total","device=/dev/vda1;id=/;instance=cadvisor:8080;job=iot_service","2025-10-31T10:21:54Z","0"
"container_fs_reads_total","device=/dev/vda1;id=/;instance=cadvisor:8080;job=iot_service","2025-10-31T10:22:09Z","0"
"container_fs_reads_total","device=/dev/vda1;id=/;instance=cadvisor:8080;job=iot_service","2025-10-31T10:22:24Z","0.03430825971352603"
"container_fs_reads_total","device=/dev/vda1;id=/;instance=cadvisor:8080;job=iot_service","2025-10-31T10:22:39Z","0.05138977185806741"
"container_fs_reads_total","device=/dev/vda1;id=/;instance=cadvisor:8080;job=iot_service","2025-10-31T10:22:54Z","0.05212858384013901"
"container_fs_reads_total","device=/dev/vda1;id=/;instance=cadvisor:8080;job=iot_service","2025-10-31T10:23:09Z","0.05094762584063582"
"container_fs_reads_total","device=/dev/vda1;id=/;instance=cadvisor:8080;job=iot_service","2025-10-31T10:23:24Z","0.1357438882555475"
"container_fs_reads_total","device=/dev/vda1;id=/;instance=cadvisor:8080;job=iot_service","2025-10-31T10:23:39Z","0.11827520951608543"
"container_fs_reads_total","device=/dev/vda1;id=/;instance=cadvisor:8080;job=iot_service","2025-10-31T10:23:54Z","0.1373532037634778"
"container_fs_reads_total","device=/dev/vda1;id=/;instance=cadvisor:8080;job=iot_service","2025-10-31T10:24:09Z","0.13684804734942438"
"container_fs_reads_total","device=/dev/vda1;id=/;instance=cadvisor:8080;job=iot_service","2025-10-31T10:24:24Z","0.03441570732882488"
"container_fs_reads_total","device=/dev/vda1;id=/;instance=cadvisor:8080;job=iot_service","2025-10-31T10:24:39Z","0.03489914148111957"
"container_fs_reads_total","device=/dev/vda1;id=/;instance=cadvisor:8080;job=iot_service","2025-10-31T10:24:54Z","0.016912175074836375"
"container_fs_reads_total","device=/dev/vda1;id=/;instance=cadvisor:8080;job=iot_service","2025-10-31T10:25:09Z","0.016943983191568677"
"container_fs_reads_total","device=/dev/vda1;id=/;instance=cadvisor:8080;job=iot_service","2025-10-31T10:25:24Z","0.017318716336745123"
"container_fs_reads_total","device=/dev/vda1;id=/;instance=cadvisor:8080;job=iot_service","2025-10-31T10:25:39Z","0.016937382496908925"
"container_fs_reads_total","device=/dev/vda1;id=/;instance=cadvisor:8080;job=iot_service","2025-10-31T10:25:54Z","0.016929927032014493"
"container_fs_reads_total","device=/dev/vda1;id=/;instance=cadvisor:8080;job=iot_service","2025-10-31T10:26:09Z","0.016958925482481433"
"container_fs_reads_total","device=/dev/vda1;id=/;instance=cadvisor:8080;job=iot_service","2025-10-31T10:26:24Z","0"
"container_fs_reads_total","device=/dev/vda1;id=/;instance=cadvisor:8080;job=iot_service","2025-10-31T10:26:39Z","0.03419972640218879"
"container_fs_reads_total","device=/dev/vda1;id=/;instance=cadvisor:8080;job=iot_service","2025-10-31T10:26:54Z","0.05084831946304175"
"container_fs_reads_total","device=/dev/vda1;id=/;instance=cadvisor:8080;job=iot_service","2025-10-31T10:27:09Z","0.051197160264177345"
"container_fs_reads_total","device=/dev/vda1;id=/;instance=cadvisor:8080;job=iot_service","2025-10-31T10:27:24Z","0.05027989139543459"
"container_fs_reads_total","device=/dev/vda1;id=/;instance=cadvisor:8080;job=iot_service","2025-10-31T10:27:39Z","0.017127100210663333"
"container_fs_reads_total","device=/dev/vda1;id=/;instance=cadvisor:8080;job=iot_service","2025-10-31T10:27:54Z","0"
"container_fs_reads_total","device=/dev/vda1;id=/;instance=cadvisor:8080;job=iot_service","2025-10-31T10:28:09Z","0"
"container_fs_reads_total","device=/dev/vda1;id=/;instance=cadvisor:8080;job=iot_service","2025-10-31T10:28:24Z","0"
"container_fs_reads_total","device=/dev/vda1;id=/;instance=cadvisor:8080;job=iot_service","2025-10-31T10:28:39Z","0"
"container_fs_reads_total","device=/dev/vda1;id=/;instance=cadvisor:8080;job=iot_service","2025-10-31T10:28:54Z","0"
"container_fs_reads_total","device=/dev/vda1;id=/;instance=cadvisor:8080;job=iot_service","2025-10-31T10:29:09Z","0"
"container_fs_reads_total","device=/dev/vda1;id=/;instance=cadvisor:8080;job=iot_service","2025-10-31T10:29:24Z","0"
"container_fs_reads_total","device=/dev/vda1;id=/;instance=cadvisor:8080;job=iot_service","2025-10-31T10:29:39Z","0"
"container_fs_reads_total","device=/dev/vda1;id=/;instance=cadvisor:8080;job=iot_service","2025-10-31T10:29:54Z","0"
"container_fs_reads_total","device=/dev/vda1;id=/;instance=cadvisor:8080;job=iot_service","2025-10-31T10:30:09Z","0"
"container_fs_reads_total","device=/dev/vda1;id=/;instance=cadvisor:8080;job=iot_service","2025-10-31T10:30:24Z","0"
"container_fs_reads_total","device=/dev/vda1;id=/;instance=cadvisor:8080;job=iot_service","2025-10-31T10:30:39Z","0"
"container_fs_reads_total","device=/dev/vda1;id=/;instance=cadvisor:8080;job=iot_service","2025-10-31T10:30:54Z","0"
"container_fs_reads_total","device=/dev/vda1;id=/;instance=cadvisor:8080;job=iot_service","2025-10-31T10:31:09Z","0"
"container_fs_reads_total","device=/dev/vdb;id=/;instance=cadvisor:8080;job=iot_service","2025-10-31T10:16:09Z","0.017146776406035666"
"container_fs_reads_total","device=/dev/vdb;id=/;instance=cadvisor:8080;job=iot_service","2025-10-31T10:16:24Z","0.016989177893681724"
"container_fs_reads_total","device=/dev/vdb;id=/;instance=cadvisor:8080;job=iot_service","2025-10-31T10:16:39Z","0.017260127379740062"
"container_fs_reads_total","device=/dev/vdb;id=/;instance=cadvisor:8080;job=iot_service","2025-10-31T10:16:54Z","0.017096355057101827"
"container_fs_reads_total","device=/dev/vdb;id=/;instance=cadvisor:8080;job=iot_service","2025-10-31T10:17:09Z","0.03394145099703012"
"container_fs_reads_total","device=/dev/vdb;id=/;instance=cadvisor:8080;job=iot_service","2025-10-31T10:17:24Z","0.034636832808008035"
"container_fs_reads_total","device=/dev/vdb;id=/;instance=cadvisor:8080;job=iot_service","2025-10-31T10:17:39Z","0.033756413718606534"
"container_fs_reads_total","device=/dev/vdb;id=/;instance=cadvisor:8080;job=iot_service","2025-10-31T10:17:54Z","0.033537352226041754"
"container_fs_reads_total","device=/dev/vdb;id=/;instance=cadvisor:8080;job=iot_service","2025-10-31T10:18:09Z","0"
"container_fs_reads_total","device=/dev/vdb;id=/;instance=cadvisor:8080;job=iot_service","2025-10-31T10:18:24Z","0"
"container_fs_reads_total","device=/dev/vdb;id=/;instance=cadvisor:8080;job=iot_service","2025-10-31T10:18:39Z","0"
"container_fs_reads_total","device=/dev/vdb;id=/;instance=cadvisor:8080;job=iot_service","2025-10-31T10:18:54Z","0"
"container_fs_reads_total","device=/dev/vdb;id=/;instance=cadvisor:8080;job=iot_service","2025-10-31T10:19:09Z","0"
"container_fs_reads_total","device=/dev/vdb;id=/;instance=cadvisor:8080;job=iot_service","2025-10-31T10:19:24Z","0"
"container_fs_reads_total","device=/dev/vdb;id=/;instance=cadvisor:8080;job=iot_service","2025-10-31T10:19:39Z","0"
"container_fs_reads_total","device=/dev/vdb;id=/;instance=cadvisor:8080;job=iot_service","2025-10-31T10:19:54Z","0"
"container_fs_reads_total","device=/dev/vdb;id=/;instance=cadvisor:8080;job=iot_service","2025-10-31T10:20:09Z","0"
"container_fs_reads_total","device=/dev/vdb;id=/;instance=cadvisor:8080;job=iot_service","2025-10-31T10:20:24Z","0"
"container_fs_reads_total","device=/dev/vdb;id=/;instance=cadvisor:8080;job=iot_service","2025-10-31T10:20:39Z","0"
"container_fs_reads_total","device=/dev/vdb;id=/;instance=cadvisor:8080;job=iot_service","2025-10-31T10:20:54Z","0"
"container_fs_reads_total","device=/dev/vdb;id=/;instance=cadvisor:8080;job=iot_service","2025-10-31T10:21:09Z","0.016897600540723215"
"container_fs_reads_total","device=/dev/vdb;id=/;instance=cadvisor:8080;job=iot_service","2025-10-31T10:21:24Z","0.03376781252110488"
"container_fs_reads_total","device=/dev/vdb;id=/;instance=cadvisor:8080;job=iot_service","2025-10-31T10:21:39Z","0.051108196051040056"
"container_fs_reads_total","device=/dev/vdb;id=/;instance=cadvisor:8080;job=iot_service","2025-10-31T10:21:54Z","0.05115700083556435"
"container_fs_reads_total","device=/dev/vdb;id=/;instance=cadvisor:8080;job=iot_service","2025-10-31T10:22:09Z","0.03469692238298463"
"container_fs_reads_total","device=/dev/vdb;id=/;instance=cadvisor:8080;job=iot_service","2025-10-31T10:22:24Z","0.017154129856763015"
"container_fs_reads_total","device=/dev/vdb;id=/;instance=cadvisor:8080;job=iot_service","2025-10-31T10:22:39Z","0.017129923952689138"
"container_fs_reads_total","device=/dev/vdb;id=/;instance=cadvisor:8080;job=iot_service","2025-10-31T10:22:54Z","0.01737619461337967"
"container_fs_reads_total","device=/dev/vdb;id=/;instance=cadvisor:8080;job=iot_service","2025-10-31T10:23:09Z","0.016982541946878607"
"container_fs_reads_total","device=/dev/vdb;id=/;instance=cadvisor:8080;job=iot_service","2025-10-31T10:23:24Z","0"
"container_fs_reads_total","device=/dev/vdb;id=/;instance=cadvisor:8080;job=iot_service","2025-10-31T10:23:39Z","0"
"container_fs_reads_total","device=/dev/vdb;id=/;instance=cadvisor:8080;job=iot_service","2025-10-31T10:23:54Z","0"
"container_fs_reads_total","device=/dev/vdb;id=/;instance=cadvisor:8080;job=iot_service","2025-10-31T10:24:09Z","0.017106005918678047"
"container_fs_reads_total","device=/dev/vdb;id=/;instance=cadvisor:8080;job=iot_service","2025-10-31T10:24:24Z","0.051623560993237325"
"container_fs_reads_total","device=/dev/vdb;id=/;instance=cadvisor:8080;job=iot_service","2025-10-31T10:24:39Z","0.06979828296223914"
"container_fs_reads_total","device=/dev/vdb;id=/;instance=cadvisor:8080;job=iot_service","2025-10-31T10:24:54Z","0.0676487002993455"
"container_fs_reads_total","device=/dev/vdb;id=/;instance=cadvisor:8080;job=iot_service","2025-10-31T10:25:09Z","0.050831949574706034"
"container_fs_reads_total","device=/dev/vdb;id=/;instance=cadvisor:8080;job=iot_service","2025-10-31T10:25:24Z","0.017318716336745123"
"container_fs_reads_total","device=/dev/vdb;id=/;instance=cadvisor:8080;job=iot_service","2025-10-31T10:25:39Z","0"
"container_fs_reads_total","device=/dev/vdb;id=/;instance=cadvisor:8080;job=iot_service","2025-10-31T10:25:54Z","0"
"container_fs_reads_total","device=/dev/vdb;id=/;instance=cadvisor:8080;job=iot_service","2025-10-31T10:26:09Z","0"
"container_fs_reads_total","device=/dev/vdb;id=/;instance=cadvisor:8080;job=iot_service","2025-10-31T10:26:24Z","0"
"container_fs_reads_total","device=/dev/vdb;id=/;instance=cadvisor:8080;job=iot_service","2025-10-31T10:26:39Z","0"
"container_fs_reads_total","device=/dev/vdb;id=/;instance=cadvisor:8080;job=iot_service","2025-10-31T10:26:54Z","0"
"container_fs_reads_total","device=/dev/vdb;id=/;instance=cadvisor:8080;job=iot_service","2025-10-31T10:27:09Z","0"
"container_fs_reads_total","device=/dev/vdb;id=/;instance=cadvisor:8080;job=iot_service","2025-10-31T10:27:24Z","0"
"container_fs_reads_total","device=/dev/vdb;id=/;instance=cadvisor:8080;job=iot_service","2025-10-31T10:27:39Z","0"
"container_fs_reads_total","device=/dev/vdb;id=/;instance=cadvisor:8080;job=iot_service","2025-10-31T10:27:54Z","0"
"container_fs_reads_total","device=/dev/vdb;id=/;instance=cadvisor:8080;job=iot_service","2025-10-31T10:28:09Z","0"
"container_fs_reads_total","device=/dev/vdb;id=/;instance=cadvisor:8080;job=iot_service","2025-10-31T10:28:24Z","0.03386100059256751"
"container_fs_reads_total","device=/dev/vdb;id=/;instance=cadvisor:8080;job=iot_service","2025-10-31T10:28:39Z","0.03413260517108969"
"container_fs_reads_total","device=/dev/vdb;id=/;instance=cadvisor:8080;job=iot_service","2025-10-31T10:28:54Z","0.03403154724429546"
"container_fs_reads_total","device=/dev/vdb;id=/;instance=cadvisor:8080;job=iot_service","2025-10-31T10:29:09Z","0.03400782179901377"
"container_fs_reads_total","device=/dev/vdb;id=/;instance=cadvisor:8080;job=iot_service","2025-10-31T10:29:24Z","0"
"container_fs_reads_total","device=/dev/vdb;id=/;instance=cadvisor:8080;job=iot_service","2025-10-31T10:29:39Z","0"
"container_fs_reads_total","device=/dev/vdb;id=/;instance=cadvisor:8080;job=iot_service","2025-10-31T10:29:54Z","0.017294156304584682"
"container_fs_reads_total","device=/dev/vdb;id=/;instance=cadvisor:8080;job=iot_service","2025-10-31T10:30:09Z","0.016850619260257816"
"container_fs_reads_total","device=/dev/vdb;id=/;instance=cadvisor:8080;job=iot_service","2025-10-31T10:30:24Z","0.016915035775300666"
"container_fs_reads_total","device=/dev/vdb;id=/;instance=cadvisor:8080;job=iot_service","2025-10-31T10:30:39Z","0.01735207357279195"
"container_fs_reads_total","device=/dev/vdb;id=/;instance=cadvisor:8080;job=iot_service","2025-10-31T10:30:54Z","0"
"container_fs_reads_total","device=/dev/vdb;id=/;instance=cadvisor:8080;job=iot_service","2025-10-31T10:31:09Z","0"
"container_fs_reads_total","device=/dev/vdb;id=/docker;instance=cadvisor:8080;job=iot_service","2025-10-31T10:16:09Z","0"
"container_fs_reads_total","device=/dev/vdb;id=/docker;instance=cadvisor:8080;job=iot_service","2025-10-31T10:16:24Z","0"
"container_fs_reads_total","device=/dev/vdb;id=/docker;instance=cadvisor:8080;job=iot_service","2025-10-31T10:16:39Z","0"
"container_fs_reads_total","device=/dev/vdb;id=/docker;instance=cadvisor:8080;job=iot_service","2025-10-31T10:16:54Z","0"
"container_fs_reads_total","device=/dev/vdb;id=/docker;instance=cadvisor:8080;job=iot_service","2025-10-31T10:17:09Z","0"
"container_fs_reads_total","device=/dev/vdb;id=/docker;instance=cadvisor:8080;job=iot_service","2025-10-31T10:17:24Z","0"
"container_fs_reads_total","device=/dev/vdb;id=/docker;instance=cadvisor:8080;job=iot_service","2025-10-31T10:17:39Z","0"
"container_fs_reads_total","device=/dev/vdb;id=/docker;instance=cadvisor:8080;job=iot_service","2025-10-31T10:17:54Z","0"
"container_fs_reads_total","device=/dev/vdb;id=/docker;instance=cadvisor:8080;job=iot_service","2025-10-31T10:18:09Z","0"
"container_fs_reads_total","device=/dev/vdb;id=/docker;instance=cadvisor:8080;job=iot_service","2025-10-31T10:18:24Z","0"
"container_fs_reads_total","device=/dev/vdb;id=/docker;instance=cadvisor:8080;job=iot_service","2025-10-31T10:18:39Z","0"
"container_fs_reads_total","device=/dev/vdb;id=/docker;instance=cadvisor:8080;job=iot_service","2025-10-31T10:18:54Z","0"
"container_fs_reads_total","device=/dev/vdb;id=/docker;instance=cadvisor:8080;job=iot_service","2025-10-31T10:19:09Z","0"
"container_fs_reads_total","device=/dev/vdb;id=/docker;instance=cadvisor:8080;job=iot_service","2025-10-31T10:19:24Z","0"
"container_fs_reads_total","device=/dev/vdb;id=/docker;instance=cadvisor:8080;job=iot_service","2025-10-31T10:19:39Z","0"
"container_fs_reads_total","device=/dev/vdb;id=/docker;instance=cadvisor:8080;job=iot_service","2025-10-31T10:19:54Z","0"
"container_fs_reads_total","device=/dev/vdb;id=/docker;instance=cadvisor:8080;job=iot_service","2025-10-31T10:20:09Z","0"
"container_fs_reads_total","device=/dev/vdb;id=/docker;instance=cadvisor:8080;job=iot_service","2025-10-31T10:20:24Z","0"
"container_fs_reads_total","device=/dev/vdb;id=/docker;instance=cadvisor:8080;job=iot_service","2025-10-31T10:20:39Z","0"
"container_fs_reads_total","device=/dev/vdb;id=/docker;instance=cadvisor:8080;job=iot_service","2025-10-31T10:20:54Z","0"
"container_fs_reads_total","device=/dev/vdb;id=/docker;instance=cadvisor:8080;job=iot_service","2025-10-31T10:21:09Z","0"
"container_fs_reads_total","device=/dev/vdb;id=/docker;instance=cadvisor:8080;job=iot_service","2025-10-31T10:21:24Z","0"
"container_fs_reads_total","device=/dev/vdb;id=/docker;instance=cadvisor:8080;job=iot_service","2025-10-31T10:21:39Z","0"
"container_fs_reads_total","device=/dev/vdb;id=/docker;instance=cadvisor:8080;job=iot_service","2025-10-31T10:21:54Z","0"
"container_fs_reads_total","device=/dev/vdb;id=/docker;instance=cadvisor:8080;job=iot_service","2025-10-31T10:22:09Z","0"
"container_fs_reads_total","device=/dev/vdb;id=/docker;instance=cadvisor:8080;job=iot_service","2025-10-31T10:22:24Z","0"
"container_fs_reads_total","device=/dev/vdb;id=/docker;instance=cadvisor:8080;job=iot_service","2025-10-31T10:22:39Z","0"
"container_fs_reads_total","device=/dev/vdb;id=/docker;instance=cadvisor:8080;job=iot_service","2025-10-31T10:22:54Z","0"
"container_fs_reads_total","device=/dev/vdb;id=/docker;instance=cadvisor:8080;job=iot_service","2025-10-31T10:23:09Z","0"
"container_fs_reads_total","device=/dev/vdb;id=/docker;instance=cadvisor:8080;job=iot_service","2025-10-31T10:23:24Z","0"
"container_fs_reads_total","device=/dev/vdb;id=/docker;instance=cadvisor:8080;job=iot_service","2025-10-31T10:23:39Z","0"
"container_fs_reads_total","device=/dev/vdb;id=/docker;instance=cadvisor:8080;job=iot_service","2025-10-31T10:23:54Z","0"
"container_fs_reads_total","device=/dev/vdb;id=/docker;instance=cadvisor:8080;job=iot_service","2025-10-31T10:24:09Z","0"
"container_fs_reads_total","device=/dev/vdb;id=/docker;instance=cadvisor:8080;job=iot_service","2025-10-31T10:24:24Z","0"
"container_fs_reads_total","device=/dev/vdb;id=/docker;instance=cadvisor:8080;job=iot_service","2025-10-31T10:24:39Z","0"
"container_fs_reads_total","device=/dev/vdb;id=/docker;instance=cadvisor:8080;job=iot_service","2025-10-31T10:24:54Z","0"
"container_fs_reads_total","device=/dev/vdb;id=/docker;instance=cadvisor:8080;job=iot_service","2025-10-31T10:25:09Z","0"
"container_fs_reads_total","device=/dev/vdb;id=/docker;instance=cadvisor:8080;job=iot_service","2025-10-31T10:25:24Z","0"
"container_fs_reads_total","device=/dev/vdb;id=/docker;instance=cadvisor:8080;job=iot_service","2025-10-31T10:25:39Z","0"
"container_fs_reads_total","device=/dev/vdb;id=/docker;instance=cadvisor:8080;job=iot_service","2025-10-31T10:25:54Z","0"
"container_fs_reads_total","device=/dev/vdb;id=/docker;instance=cadvisor:8080;job=iot_service","2025-10-31T10:26:09Z","0"
"container_fs_reads_total","device=/dev/vdb;id=/docker;instance=cadvisor:8080;job=iot_service","2025-10-31T10:26:24Z","0"
"container_fs_reads_total","device=/dev/vdb;id=/docker;instance=cadvisor:8080;job=iot_service","2025-10-31T10:26:39Z","0"
"container_fs_reads_total","device=/dev/vdb;id=/docker;instance=cadvisor:8080;job=iot_service","2025-10-31T10:26:54Z","0"
"container_fs_reads_total","device=/dev/vdb;id=/docker;instance=cadvisor:8080;job=iot_service","2025-10-31T10:27:09Z","0"
"container_fs_reads_total","device=/dev/vdb;id=/docker;instance=cadvisor:8080;job=iot_service","2025-10-31T10:27:24Z","0"
"container_fs_reads_total","device=/dev/vdb;id=/docker;instance=cadvisor:8080;job=iot_service","2025-10-31T10:27:39Z","0"
"container_fs_reads_total","device=/dev/vdb;id=/docker;instance=cadvisor:8080;job=iot_service","2025-10-31T10:27:54Z","0"
"container_fs_reads_total","device=/dev/vdb;id=/docker;instance=cadvisor:8080;job=iot_service","2025-10-31T10:28:09Z","0"
"container_fs_reads_total","device=/dev/vdb;id=/docker;instance=cadvisor:8080;job=iot_service","2025-10-31T10:28:24Z","0"
"container_fs_reads_total","device=/dev/vdb;id=/docker;instance=cadvisor:8080;job=iot_service","2025-10-31T10:28:39Z","0"
"container_fs_reads_total","device=/dev/vdb;id=/docker;instance=cadvisor:8080;job=iot_service","2025-10-31T10:28:54Z","0"
"container_fs_reads_total","device=/dev/vdb;id=/docker;instance=cadvisor:8080;job=iot_service","2025-10-31T10:29:09Z","0"
"container_fs_reads_total","device=/dev/vdb;id=/docker;instance=cadvisor:8080;job=iot_service","2025-10-31T10:29:24Z","0"
"container_fs_reads_total","device=/dev/vdb;id=/docker;instance=cadvisor:8080;job=iot_service","2025-10-31T10:29:39Z","0"
"container_fs_reads_total","device=/dev/vdb;id=/docker;instance=cadvisor:8080;job=iot_service","2025-10-31T10:29:54Z","0"
"container_fs_reads_total","device=/dev/vdb;id=/docker;instance=cadvisor:8080;job=iot_service","2025-10-31T10:30:09Z","0"
"container_fs_reads_total","device=/dev/vdb;id=/docker;instance=cadvisor:8080;job=iot_service","2025-10-31T10:30:24Z","0"
"container_fs_reads_total","device=/dev/vdb;id=/docker;instance=cadvisor:8080;job=iot_service","2025-10-31T10:30:39Z","0"
"container_fs_reads_total","device=/dev/vdb;id=/docker;instance=cadvisor:8080;job=iot_service","2025-10-31T10:30:54Z","0"
"container_fs_reads_total","device=/dev/vdb;id=/docker;instance=cadvisor:8080;job=iot_service","2025-10-31T10:31:09Z","0"
"container_fs_reads_total","device=/dev/vdb;id=/docker/2150446a4c8b394058574fb283357c41fb1df3cd3ea3d8bfa55eb5566caf0166;instance=cadvisor:8080;job=iot_service","2025-10-31T10:16:09Z","0"
"container_fs_reads_total","device=/dev/vdb;id=/docker/2150446a4c8b394058574fb283357c41fb1df3cd3ea3d8bfa55eb5566caf0166;instance=cadvisor:8080;job=iot_service","2025-10-31T10:16:24Z","0"
"container_fs_reads_total","device=/dev/vdb;id=/docker/2150446a4c8b394058574fb283357c41fb1df3cd3ea3d8bfa55eb5566caf0166;instance=cadvisor:8080;job=iot_service","2025-10-31T10:16:39Z","0"
"container_fs_reads_total","device=/dev/vdb;id=/docker/2150446a4c8b394058574fb283357c41fb1df3cd3ea3d8bfa55eb5566caf0166;instance=cadvisor:8080;job=iot_service","2025-10-31T10:16:54Z","0"
"container_fs_reads_total","device=/dev/vdb;id=/docker/2150446a4c8b394058574fb283357c41fb1df3cd3ea3d8bfa55eb5566caf0166;instance=cadvisor:8080;job=iot_service","2025-10-31T10:17:09Z","0"
"container_fs_reads_total","device=/dev/vdb;id=/docker/2150446a4c8b394058574fb283357c41fb1df3cd3ea3d8bfa55eb5566caf0166;instance=cadvisor:8080;job=iot_service","2025-10-31T10:17:24Z","0"
"container_fs_reads_total","device=/dev/vdb;id=/docker/2150446a4c8b394058574fb283357c41fb1df3cd3ea3d8bfa55eb5566caf0166;instance=cadvisor:8080;job=iot_service","2025-10-31T10:17:39Z","0"
"container_fs_reads_total","device=/dev/vdb;id=/docker/2150446a4c8b394058574fb283357c41fb1df3cd3ea3d8bfa55eb5566caf0166;instance=cadvisor:8080;job=iot_service","2025-10-31T10:17:54Z","0"
"container_fs_reads_total","device=/dev/vdb;id=/docker/2150446a4c8b394058574fb283357c41fb1df3cd3ea3d8bfa55eb5566caf0166;instance=cadvisor:8080;job=iot_service","2025-10-31T10:18:09Z","0"
"container_fs_reads_total","device=/dev/vdb;id=/docker/2150446a4c8b394058574fb283357c41fb1df3cd3ea3d8bfa55eb5566caf0166;instance=cadvisor:8080;job=iot_service","2025-10-31T10:18:24Z","0"
"container_fs_reads_total","device=/dev/vdb;id=/docker/2150446a4c8b394058574fb283357c41fb1df3cd3ea3d8bfa55eb5566caf0166;instance=cadvisor:8080;job=iot_service","2025-10-31T10:18:39Z","0"
"container_fs_reads_total","device=/dev/vdb;id=/docker/2150446a4c8b394058574fb283357c41fb1df3cd3ea3d8bfa55eb5566caf0166;instance=cadvisor:8080;job=iot_service","2025-10-31T10:18:54Z","0"
"container_fs_reads_total","device=/dev/vdb;id=/docker/2150446a4c8b394058574fb283357c41fb1df3cd3ea3d8bfa55eb5566caf0166;instance=cadvisor:8080;job=iot_service","2025-10-31T10:19:09Z","0"
"container_fs_reads_total","device=/dev/vdb;id=/docker/2150446a4c8b394058574fb283357c41fb1df3cd3ea3d8bfa55eb5566caf0166;instance=cadvisor:8080;job=iot_service","2025-10-31T10:19:24Z","0"
"container_fs_reads_total","device=/dev/vdb;id=/docker/2150446a4c8b394058574fb283357c41fb1df3cd3ea3d8bfa55eb5566caf0166;instance=cadvisor:8080;job=iot_service","2025-10-31T10:19:39Z","0"
"container_fs_reads_total","device=/dev/vdb;id=/docker/2150446a4c8b394058574fb283357c41fb1df3cd3ea3d8bfa55eb5566caf0166;instance=cadvisor:8080;job=iot_service","2025-10-31T10:19:54Z","0"
"container_fs_reads_total","device=/dev/vdb;id=/docker/2150446a4c8b394058574fb283357c41fb1df3cd3ea3d8bfa55eb5566caf0166;instance=cadvisor:8080;job=iot_service","2025-10-31T10:20:09Z","0"
"container_fs_reads_total","device=/dev/vdb;id=/docker/2150446a4c8b394058574fb283357c41fb1df3cd3ea3d8bfa55eb5566caf0166;instance=cadvisor:8080;job=iot_service","2025-10-31T10:20:24Z","0"
"container_fs_reads_total","device=/dev/vdb;id=/docker/2150446a4c8b394058574fb283357c41fb1df3cd3ea3d8bfa55eb5566caf0166;instance=cadvisor:8080;job=iot_service","2025-10-31T10:20:39Z","0"
"container_fs_reads_total","device=/dev/vdb;id=/docker/2150446a4c8b394058574fb283357c41fb1df3cd3ea3d8bfa55eb5566caf0166;instance=cadvisor:8080;job=iot_service","2025-10-31T10:20:54Z","0"
"container_fs_reads_total","device=/dev/vdb;id=/docker/2150446a4c8b394058574fb283357c41fb1df3cd3ea3d8bfa55eb5566caf0166;instance=cadvisor:8080;job=iot_service","2025-10-31T10:21:09Z","0"
"container_fs_reads_total","device=/dev/vdb;id=/docker/2150446a4c8b394058574fb283357c41fb1df3cd3ea3d8bfa55eb5566caf0166;instance=cadvisor:8080;job=iot_service","2025-10-31T10:21:24Z","0"
"container_fs_reads_total","device=/dev/vdb;id=/docker/2150446a4c8b394058574fb283357c41fb1df3cd3ea3d8bfa55eb5566caf0166;instance=cadvisor:8080;job=iot_service","2025-10-31T10:21:39Z","0"
"container_fs_reads_total","device=/dev/vdb;id=/docker/2150446a4c8b394058574fb283357c41fb1df3cd3ea3d8bfa55eb5566caf0166;instance=cadvisor:8080;job=iot_service","2025-10-31T10:21:54Z","0"
"container_fs_reads_total","device=/dev/vdb;id=/docker/2150446a4c8b394058574fb283357c41fb1df3cd3ea3d8bfa55eb5566caf0166;instance=cadvisor:8080;job=iot_service","2025-10-31T10:22:09Z","0"
"container_fs_reads_total","device=/dev/vdb;id=/docker/2150446a4c8b394058574fb283357c41fb1df3cd3ea3d8bfa55eb5566caf0166;instance=cadvisor:8080;job=iot_service","2025-10-31T10:22:24Z","0"
"container_fs_reads_total","device=/dev/vdb;id=/docker/2150446a4c8b394058574fb283357c41fb1df3cd3ea3d8bfa55eb5566caf0166;instance=cadvisor:8080;job=iot_service","2025-10-31T10:22:39Z","0"
"container_fs_reads_total","device=/dev/vdb;id=/docker/2150446a4c8b394058574fb283357c41fb1df3cd3ea3d8bfa55eb5566caf0166;instance=cadvisor:8080;job=iot_service","2025-10-31T10:22:54Z","0"
"container_fs_reads_total","device=/dev/vdb;id=/docker/2150446a4c8b394058574fb283357c41fb1df3cd3ea3d8bfa55eb5566caf0166;instance=cadvisor:8080;job=iot_service","2025-10-31T10:23:09Z","0"
"container_fs_reads_total","device=/dev/vdb;id=/docker/2150446a4c8b394058574fb283357c41fb1df3cd3ea3d8bfa55eb5566caf0166;instance=cadvisor:8080;job=iot_service","2025-10-31T10:23:24Z","0"
"container_fs_reads_total","device=/dev/vdb;id=/docker/2150446a4c8b394058574fb283357c41fb1df3cd3ea3d8bfa55eb5566caf0166;instance=cadvisor:8080;job=iot_service","2025-10-31T10:23:39Z","0"
"container_fs_reads_total","device=/dev/vdb;id=/docker/2150446a4c8b394058574fb283357c41fb1df3cd3ea3d8bfa55eb5566caf0166;instance=cadvisor:8080;job=iot_service","2025-10-31T10:23:54Z","0"
"container_fs_reads_total","device=/dev/vdb;id=/docker/2150446a4c8b394058574fb283357c41fb1df3cd3ea3d8bfa55eb5566caf0166;instance=cadvisor:8080;job=iot_service","2025-10-31T10:24:09Z","0"
"container_fs_reads_total","device=/dev/vdb;id=/docker/2150446a4c8b394058574fb283357c41fb1df3cd3ea3d8bfa55eb5566caf0166;instance=cadvisor:8080;job=iot_service","2025-10-31T10:24:24Z","0"
"container_fs_reads_total","device=/dev/vdb;id=/docker/2150446a4c8b394058574fb283357c41fb1df3cd3ea3d8bfa55eb5566caf0166;instance=cadvisor:8080;job=iot_service","2025-10-31T10:24:39Z","0"
"container_fs_reads_total","device=/dev/vdb;id=/docker/2150446a4c8b394058574fb283357c41fb1df3cd3ea3d8bfa55eb5566caf0166;instance=cadvisor:8080;job=iot_service","2025-10-31T10:24:54Z","0"
"container_fs_reads_total","device=/dev/vdb;id=/docker/2150446a4c8b394058574fb283357c41fb1df3cd3ea3d8bfa55eb5566caf0166;instance=cadvisor:8080;job=iot_service","2025-10-31T10:25:09Z","0"
"container_fs_reads_total","device=/dev/vdb;id=/docker/2150446a4c8b394058574fb283357c41fb1df3cd3ea3d8bfa55eb5566caf0166;instance=cadvisor:8080;job=iot_service","2025-10-31T10:25:24Z","0"
"container_fs_reads_total","device=/dev/vdb;id=/docker/2150446a4c8b394058574fb283357c41fb1df3cd3ea3d8bfa55eb5566caf0166;instance=cadvisor:8080;job=iot_service","2025-10-31T10:25:39Z","0"
"container_fs_reads_total","device=/dev/vdb;id=/docker/2150446a4c8b394058574fb283357c41fb1df3cd3ea3d8bfa55eb5566caf0166;instance=cadvisor:8080;job=iot_service","2025-10-31T10:25:54Z","0"
"container_fs_reads_total","device=/dev/vdb;id=/docker/2150446a4c8b394058574fb283357c41fb1df3cd3ea3d8bfa55eb5566caf0166;instance=cadvisor:8080;job=iot_service","2025-10-31T10:26:09Z","0"
"container_fs_reads_total","device=/dev/vdb;id=/docker/2150446a4c8b394058574fb283357c41fb1df3cd3ea3d8bfa55eb5566caf0166;instance=cadvisor:8080;job=iot_service","2025-10-31T10:26:24Z","0"
"container_fs_reads_total","device=/dev/vdb;id=/docker/2150446a4c8b394058574fb283357c41fb1df3cd3ea3d8bfa55eb5566caf0166;instance=cadvisor:8080;job=iot_service","2025-10-31T10:26:39Z","0"
"container_fs_reads_total","device=/dev/vdb;id=/docker/2150446a4c8b394058574fb283357c41fb1df3cd3ea3d8bfa55eb5566caf0166;instance=cadvisor:8080;job=iot_service","2025-10-31T10:26:54Z","0"
"container_fs_reads_total","device=/dev/vdb;id=/docker/2150446a4c8b394058574fb283357c41fb1df3cd3ea3d8bfa55eb5566caf0166;instance=cadvisor:8080;job=iot_service","2025-10-31T10:27:09Z","0"
"container_fs_reads_total","device=/dev/vdb;id=/docker/2150446a4c8b394058574fb283357c41fb1df3cd3ea3d8bfa55eb5566caf0166;instance=cadvisor:8080;job=iot_service","2025-10-31T10:27:24Z","0"
"container_fs_reads_total","device=/dev/vdb;id=/docker/2150446a4c8b394058574fb283357c41fb1df3cd3ea3d8bfa55eb5566caf0166;instance=cadvisor:8080;job=iot_service","2025-10-31T10:27:39Z","0"
"container_fs_reads_total","device=/dev/vdb;id=/docker/2150446a4c8b394058574fb283357c41fb1df3cd3ea3d8bfa55eb5566caf0166;instance=cadvisor:8080;job=iot_service","2025-10-31T10:27:54Z","0"
"container_fs_reads_total","device=/dev/vdb;id=/docker/2150446a4c8b394058574fb283357c41fb1df3cd3ea3d8bfa55eb5566caf0166;instance=cadvisor:8080;job=iot_service","2025-10-31T10:28:09Z","0"
"container_fs_reads_total","device=/dev/vdb;id=/docker/2150446a4c8b394058574fb283357c41fb1df3cd3ea3d8bfa55eb5566caf0166;instance=cadvisor:8080;job=iot_service","2025-10-31T10:28:24Z","0"
"container_fs_reads_total","device=/dev/vdb;id=/docker/2150446a4c8b394058574fb283357c41fb1df3cd3ea3d8bfa55eb5566caf0166;instance=cadvisor:8080;job=iot_service","2025-10-31T10:28:39Z","0"
"container_fs_reads_total","device=/dev/vdb;id=/docker/2150446a4c8b394058574fb283357c41fb1df3cd3ea3d8bfa55eb5566caf0166;instance=cadvisor:8080;job=iot_service","2025-10-31T10:28:54Z","0"
"container_fs_reads_total","device=/dev/vdb;id=/docker/2150446a4c8b394058574fb283357c41fb1df3cd3ea3d8bfa55eb5566caf0166;instance=cadvisor:8080;job=iot_service","2025-10-31T10:29:09Z","0"
"container_fs_reads_total","device=/dev/vdb;id=/docker/2150446a4c8b394058574fb283357c41fb1df3cd3ea3d8bfa55eb5566caf0166;instance=cadvisor:8080;job=iot_service","2025-10-31T10:29:24Z","0"
"container_fs_reads_total","device=/dev/vdb;id=/docker/2150446a4c8b394058574fb283357c41fb1df3cd3ea3d8bfa55eb5566caf0166;instance=cadvisor:8080;job=iot_service","2025-10-31T10:29:39Z","0"
"container_fs_reads_total","device=/dev/vdb;id=/docker/2150446a4c8b394058574fb283357c41fb1df3cd3ea3d8bfa55eb5566caf0166;instance=cadvisor:8080;job=iot_service","2025-10-31T10:29:54Z","0"
"container_fs_reads_total","device=/dev/vdb;id=/docker/2150446a4c8b394058574fb283357c41fb1df3cd3ea3d8bfa55eb5566caf0166;instance=cadvisor:8080;job=iot_service","2025-10-31T10:30:09Z","0"
"container_fs_reads_total","device=/dev/vdb;id=/docker/2150446a4c8b394058574fb283357c41fb1df3cd3ea3d8bfa55eb5566caf0166;instance=cadvisor:8080;job=iot_service","2025-10-31T10:30:24Z","0"
"container_fs_reads_total","device=/dev/vdb;id=/docker/2150446a4c8b394058574fb283357c41fb1df3cd3ea3d8bfa55eb5566caf0166;instance=cadvisor:8080;job=iot_service","2025-10-31T10:30:39Z","0"
"container_fs_reads_total","device=/dev/vdb;id=/docker/2150446a4c8b394058574fb283357c41fb1df3cd3ea3d8bfa55eb5566caf0166;instance=cadvisor:8080;job=iot_service","2025-10-31T10:30:54Z","0"
"container_fs_reads_total","device=/dev/vdb;id=/docker/2150446a4c8b394058574fb283357c41fb1df3cd3ea3d8bfa55eb5566caf0166;instance=cadvisor:8080;job=iot_service","2025-10-31T10:31:09Z","0"
"container_fs_reads_total","device=/dev/vdb;id=/docker/fdfc0724b613bbad2b29e38f548044caa8fa5ece06aea1f7630b8b07f070b604;instance=cadvisor:8080;job=iot_service","2025-10-31T10:16:09Z","0"
"container_fs_reads_total","device=/dev/vdb;id=/docker/fdfc0724b613bbad2b29e38f548044caa8fa5ece06aea1f7630b8b07f070b604;instance=cadvisor:8080;job=iot_service","2025-10-31T10:16:24Z","0"
"container_fs_reads_total","device=/dev/vdb;id=/docker/fdfc0724b613bbad2b29e38f548044caa8fa5ece06aea1f7630b8b07f070b604;instance=cadvisor:8080;job=iot_service","2025-10-31T10:16:39Z","0"
"container_fs_reads_total","device=/dev/vdb;id=/docker/fdfc0724b613bbad2b29e38f548044caa8fa5ece06aea1f7630b8b07f070b604;instance=cadvisor:8080;job=iot_service","2025-10-31T10:16:54Z","0"
"container_fs_reads_total","device=/dev/vdb;id=/docker/fdfc0724b613bbad2b29e38f548044caa8fa5ece06aea1f7630b8b07f070b604;instance=cadvisor:8080;job=iot_service","2025-10-31T10:17:09Z","0"
"container_fs_reads_total","device=/dev/vdb;id=/docker/fdfc0724b613bbad2b29e38f548044caa8fa5ece06aea1f7630b8b07f070b604;instance=cadvisor:8080;job=iot_service","2025-10-31T10:17:24Z","0"
"container_fs_reads_total","device=/dev/vdb;id=/docker/fdfc0724b613bbad2b29e38f548044caa8fa5ece06aea1f7630b8b07f070b604;instance=cadvisor:8080;job=iot_service","2025-10-31T10:17:39Z","0"
"container_fs_reads_total","device=/dev/vdb;id=/docker/fdfc0724b613bbad2b29e38f548044caa8fa5ece06aea1f7630b8b07f070b604;instance=cadvisor:8080;job=iot_service","2025-10-31T10:17:54Z","0"
"container_fs_reads_total","device=/dev/vdb;id=/docker/fdfc0724b613bbad2b29e38f548044caa8fa5ece06aea1f7630b8b07f070b604;instance=cadvisor:8080;job=iot_service","2025-10-31T10:18:09Z","0"
"container_fs_reads_total","device=/dev/vdb;id=/docker/fdfc0724b613bbad2b29e38f548044caa8fa5ece06aea1f7630b8b07f070b604;instance=cadvisor:8080;job=iot_service","2025-10-31T10:18:24Z","0"
"container_fs_reads_total","device=/dev/vdb;id=/docker/fdfc0724b613bbad2b29e38f548044caa8fa5ece06aea1f7630b8b07f070b604;instance=cadvisor:8080;job=iot_service","2025-10-31T10:18:39Z","0"
"container_fs_reads_total","device=/dev/vdb;id=/docker/fdfc0724b613bbad2b29e38f548044caa8fa5ece06aea1f7630b8b07f070b604;instance=cadvisor:8080;job=iot_service","2025-10-31T10:18:54Z","0"
"container_fs_reads_total","device=/dev/vdb;id=/docker/fdfc0724b613bbad2b29e38f548044caa8fa5ece06aea1f7630b8b07f070b604;instance=cadvisor:8080;job=iot_service","2025-10-31T10:19:09Z","0"
"container_fs_reads_total","device=/dev/vdb;id=/docker/fdfc0724b613bbad2b29e38f548044caa8fa5ece06aea1f7630b8b07f070b604;instance=cadvisor:8080;job=iot_service","2025-10-31T10:19:24Z","0"
"container_fs_reads_total","device=/dev/vdb;id=/docker/fdfc0724b613bbad2b29e38f548044caa8fa5ece06aea1f7630b8b07f070b604;instance=cadvisor:8080;job=iot_service","2025-10-31T10:19:39Z","0"
"container_fs_reads_total","device=/dev/vdb;id=/docker/fdfc0724b613bbad2b29e38f548044caa8fa5ece06aea1f7630b8b07f070b604;instance=cadvisor:8080;job=iot_service","2025-10-31T10:19:54Z","0"
"container_fs_reads_total","device=/dev/vdb;id=/docker/fdfc0724b613bbad2b29e38f548044caa8fa5ece06aea1f7630b8b07f070b604;instance=cadvisor:8080;job=iot_service","2025-10-31T10:20:09Z","0"
"container_fs_reads_total","device=/dev/vdb;id=/docker/fdfc0724b613bbad2b29e38f548044caa8fa5ece06aea1f7630b8b07f070b604;instance=cadvisor:8080;job=iot_service","2025-10-31T10:20:24Z","0"
"container_fs_reads_total","device=/dev/vdb;id=/docker/fdfc0724b613bbad2b29e38f548044caa8fa5ece06aea1f7630b8b07f070b604;instance=cadvisor:8080;job=iot_service","2025-10-31T10:20:39Z","0"
"container_fs_reads_total","device=/dev/vdb;id=/docker/fdfc0724b613bbad2b29e38f548044caa8fa5ece06aea1f7630b8b07f070b604;instance=cadvisor:8080;job=iot_service","2025-10-31T10:20:54Z","0"
"container_fs_reads_total","device=/dev/vdb;id=/docker/fdfc0724b613bbad2b29e38f548044caa8fa5ece06aea1f7630b8b07f070b604;instance=cadvisor:8080;job=iot_service","2025-10-31T10:21:09Z","0"
"container_fs_reads_total","device=/dev/vdb;id=/docker/fdfc0724b613bbad2b29e38f548044caa8fa5ece06aea1f7630b8b07f070b604;instance=cadvisor:8080;job=iot_service","2025-10-31T10:21:24Z","0"
"container_fs_reads_total","device=/dev/vdb;id=/docker/fdfc0724b613bbad2b29e38f548044caa8fa5ece06aea1f7630b8b07f070b604;instance=cadvisor:8080;job=iot_service","2025-10-31T10:21:39Z","0"
"container_fs_reads_total","device=/dev/vdb;id=/docker/fdfc0724b613bbad2b29e38f548044caa8fa5ece06aea1f7630b8b07f070b604;instance=cadvisor:8080;job=iot_service","2025-10-31T10:21:54Z","0"
"container_fs_reads_total","device=/dev/vdb;id=/docker/fdfc0724b613bbad2b29e38f548044caa8fa5ece06aea1f7630b8b07f070b604;instance=cadvisor:8080;job=iot_service","2025-10-31T10:22:09Z","0"
"container_fs_reads_total","device=/dev/vdb;id=/docker/fdfc0724b613bbad2b29e38f548044caa8fa5ece06aea1f7630b8b07f070b604;instance=cadvisor:8080;job=iot_service","2025-10-31T10:22:24Z","0"
"container_fs_reads_total","device=/dev/vdb;id=/docker/fdfc0724b613bbad2b29e38f548044caa8fa5ece06aea1f7630b8b07f070b604;instance=cadvisor:8080;job=iot_service","2025-10-31T10:22:39Z","0"
"container_fs_reads_total","device=/dev/vdb;id=/docker/fdfc0724b613bbad2b29e38f548044caa8fa5ece06aea1f7630b8b07f070b604;instance=cadvisor:8080;job=iot_service","2025-10-31T10:22:54Z","0"
"container_fs_reads_total","device=/dev/vdb;id=/docker/fdfc0724b613bbad2b29e38f548044caa8fa5ece06aea1f7630b8b07f070b604;instance=cadvisor:8080;job=iot_service","2025-10-31T10:23:09Z","0"
"container_fs_reads_total","device=/dev/vdb;id=/docker/fdfc0724b613bbad2b29e38f548044caa8fa5ece06aea1f7630b8b07f070b604;instance=cadvisor:8080;job=iot_service","2025-10-31T10:23:24Z","0"
"container_fs_reads_total","device=/dev/vdb;id=/docker/fdfc0724b613bbad2b29e38f548044caa8fa5ece06aea1f7630b8b07f070b604;instance=cadvisor:8080;job=iot_service","2025-10-31T10:23:39Z","0"
"container_fs_reads_total","device=/dev/vdb;id=/docker/fdfc0724b613bbad2b29e38f548044caa8fa5ece06aea1f7630b8b07f070b604;instance=cadvisor:8080;job=iot_service","2025-10-31T10:23:54Z","0"
"container_fs_reads_total","device=/dev/vdb;id=/docker/fdfc0724b613bbad2b29e38f548044caa8fa5ece06aea1f7630b8b07f070b604;instance=cadvisor:8080;job=iot_service","2025-10-31T10:24:09Z","0"
"container_fs_reads_total","device=/dev/vdb;id=/docker/fdfc0724b613bbad2b29e38f548044caa8fa5ece06aea1f7630b8b07f070b604;instance=cadvisor:8080;job=iot_service","2025-10-31T10:24:24Z","0"
"container_fs_reads_total","device=/dev/vdb;id=/docker/fdfc0724b613bbad2b29e38f548044caa8fa5ece06aea1f7630b8b07f070b604;instance=cadvisor:8080;job=iot_service","2025-10-31T10:24:39Z","0"
"container_fs_reads_total","device=/dev/vdb;id=/docker/fdfc0724b613bbad2b29e38f548044caa8fa5ece06aea1f7630b8b07f070b604;instance=cadvisor:8080;job=iot_service","2025-10-31T10:24:54Z","0"
"container_fs_reads_total","device=/dev/vdb;id=/docker/fdfc0724b613bbad2b29e38f548044caa8fa5ece06aea1f7630b8b07f070b604;instance=cadvisor:8080;job=iot_service","2025-10-31T10:25:09Z","0"
"container_fs_reads_total","device=/dev/vdb;id=/docker/fdfc0724b613bbad2b29e38f548044caa8fa5ece06aea1f7630b8b07f070b604;instance=cadvisor:8080;job=iot_service","2025-10-31T10:25:24Z","0"
"container_fs_reads_total","device=/dev/vdb;id=/docker/fdfc0724b613bbad2b29e38f548044caa8fa5ece06aea1f7630b8b07f070b604;instance=cadvisor:8080;job=iot_service","2025-10-31T10:25:39Z","0"
"container_fs_reads_total","device=/dev/vdb;id=/docker/fdfc0724b613bbad2b29e38f548044caa8fa5ece06aea1f7630b8b07f070b604;instance=cadvisor:8080;job=iot_service","2025-10-31T10:25:54Z","0"
"container_fs_reads_total","device=/dev/vdb;id=/docker/fdfc0724b613bbad2b29e38f548044caa8fa5ece06aea1f7630b8b07f070b604;instance=cadvisor:8080;job=iot_service","2025-10-31T10:26:09Z","0"
"container_fs_reads_total","device=/dev/vdb;id=/docker/fdfc0724b613bbad2b29e38f548044caa8fa5ece06aea1f7630b8b07f070b604;instance=cadvisor:8080;job=iot_service","2025-10-31T10:26:24Z","0"
"container_fs_reads_total","device=/dev/vdb;id=/docker/fdfc0724b613bbad2b29e38f548044caa8fa5ece06aea1f7630b8b07f070b604;instance=cadvisor:8080;job=iot_service","2025-10-31T10:26:39Z","0"
"container_fs_reads_total","device=/dev/vdb;id=/docker/fdfc0724b613bbad2b29e38f548044caa8fa5ece06aea1f7630b8b07f070b604;instance=cadvisor:8080;job=iot_service","2025-10-31T10:26:54Z","0"
"container_fs_reads_total","device=/dev/vdb;id=/docker/fdfc0724b613bbad2b29e38f548044caa8fa5ece06aea1f7630b8b07f070b604;instance=cadvisor:8080;job=iot_service","2025-10-31T10:27:09Z","0"
"container_fs_reads_total","device=/dev/vdb;id=/docker/fdfc0724b613bbad2b29e38f548044caa8fa5ece06aea1f7630b8b07f070b604;instance=cadvisor:8080;job=iot_service","2025-10-31T10:27:24Z","0"
"container_fs_reads_total","device=/dev/vdb;id=/docker/fdfc0724b613bbad2b29e38f548044caa8fa5ece06aea1f7630b8b07f070b604;instance=cadvisor:8080;job=iot_service","2025-10-31T10:27:39Z","0"
"container_fs_reads_total","device=/dev/vdb;id=/docker/fdfc0724b613bbad2b29e38f548044caa8fa5ece06aea1f7630b8b07f070b604;instance=cadvisor:8080;job=iot_service","2025-10-31T10:27:54Z","0"
"container_fs_reads_total","device=/dev/vdb;id=/docker/fdfc0724b613bbad2b29e38f548044caa8fa5ece06aea1f7630b8b07f070b604;instance=cadvisor:8080;job=iot_service","2025-10-31T10:28:09Z","0"
"container_fs_reads_total","device=/dev/vdb;id=/docker/fdfc0724b613bbad2b29e38f548044caa8fa5ece06aea1f7630b8b07f070b604;instance=cadvisor:8080;job=iot_service","2025-10-31T10:28:24Z","0"
"container_fs_reads_total","device=/dev/vdb;id=/docker/fdfc0724b613bbad2b29e38f548044caa8fa5ece06aea1f7630b8b07f070b604;instance=cadvisor:8080;job=iot_service","2025-10-31T10:28:39Z","0"
"container_fs_reads_total","device=/dev/vdb;id=/docker/fdfc0724b613bbad2b29e38f548044caa8fa5ece06aea1f7630b8b07f070b604;instance=cadvisor:8080;job=iot_service","2025-10-31T10:28:54Z","0"
"container_fs_reads_total","device=/dev/vdb;id=/docker/fdfc0724b613bbad2b29e38f548044caa8fa5ece06aea1f7630b8b07f070b604;instance=cadvisor:8080;job=iot_service","2025-10-31T10:29:09Z","0"
"container_fs_reads_total","device=/dev/vdb;id=/docker/fdfc0724b613bbad2b29e38f548044caa8fa5ece06aea1f7630b8b07f070b604;instance=cadvisor:8080;job=iot_service","2025-10-31T10:29:24Z","0"
"container_fs_reads_total","device=/dev/vdb;id=/docker/fdfc0724b613bbad2b29e38f548044caa8fa5ece06aea1f7630b8b07f070b604;instance=cadvisor:8080;job=iot_service","2025-10-31T10:29:39Z","0"
"container_fs_reads_total","device=/dev/vdb;id=/docker/fdfc0724b613bbad2b29e38f548044caa8fa5ece06aea1f7630b8b07f070b604;instance=cadvisor:8080;job=iot_service","2025-10-31T10:29:54Z","0"
"container_fs_reads_total","device=/dev/vdb;id=/docker/fdfc0724b613bbad2b29e38f548044caa8fa5ece06aea1f7630b8b07f070b604;instance=cadvisor:8080;job=iot_service","2025-10-31T10:30:09Z","0"
"container_fs_reads_total","device=/dev/vdb;id=/docker/fdfc0724b613bbad2b29e38f548044caa8fa5ece06aea1f7630b8b07f070b604;instance=cadvisor:8080;job=iot_service","2025-10-31T10:30:24Z","0"
"container_fs_reads_total","device=/dev/vdb;id=/docker/fdfc0724b613bbad2b29e38f548044caa8fa5ece06aea1f7630b8b07f070b604;instance=cadvisor:8080;job=iot_service","2025-10-31T10:30:39Z","0"
"container_fs_reads_total","device=/dev/vdb;id=/docker/fdfc0724b613bbad2b29e38f548044caa8fa5ece06aea1f7630b8b07f070b604;instance=cadvisor:8080;job=iot_service","2025-10-31T10:30:54Z","0"
"container_fs_reads_total","device=/dev/vdb;id=/docker/fdfc0724b613bbad2b29e38f548044caa8fa5ece06aea1f7630b8b07f070b604;instance=cadvisor:8080;job=iot_service","2025-10-31T10:31:09Z","0"
"container_fs_reads_total","device=/dev/vdb;id=/restricted;instance=cadvisor:8080;job=iot_service","2025-10-31T10:16:09Z","0"
"container_fs_reads_total","device=/dev/vdb;id=/restricted;instance=cadvisor:8080;job=iot_service","2025-10-31T10:16:24Z","0"
"container_fs_reads_total","device=/dev/vdb;id=/restricted;instance=cadvisor:8080;job=iot_service","2025-10-31T10:16:39Z","0"
"container_fs_reads_total","device=/dev/vdb;id=/restricted;instance=cadvisor:8080;job=iot_service","2025-10-31T10:16:54Z","0"
"container_fs_reads_total","device=/dev/vdb;id=/restricted;instance=cadvisor:8080;job=iot_service","2025-10-31T10:17:09Z","0"
"container_fs_reads_total","device=/dev/vdb;id=/restricted;instance=cadvisor:8080;job=iot_service","2025-10-31T10:17:24Z","0"
"container_fs_reads_total","device=/dev/vdb;id=/restricted;instance=cadvisor:8080;job=iot_service","2025-10-31T10:17:39Z","0"
"container_fs_reads_total","device=/dev/vdb;id=/restricted;instance=cadvisor:8080;job=iot_service","2025-10-31T10:17:54Z","0"
"container_fs_reads_total","device=/dev/vdb;id=/restricted;instance=cadvisor:8080;job=iot_service","2025-10-31T10:18:09Z","0"
"container_fs_reads_total","device=/dev/vdb;id=/restricted;instance=cadvisor:8080;job=iot_service","2025-10-31T10:18:24Z","0"
"container_fs_reads_total","device=/dev/vdb;id=/restricted;instance=cadvisor:8080;job=iot_service","2025-10-31T10:18:39Z","0"
"container_fs_reads_total","device=/dev/vdb;id=/restricted;instance=cadvisor:8080;job=iot_service","2025-10-31T10:18:54Z","0"
"container_fs_reads_total","device=/dev/vdb;id=/restricted;instance=cadvisor:8080;job=iot_service","2025-10-31T10:19:09Z","0"
"container_fs_reads_total","device=/dev/vdb;id=/restricted;instance=cadvisor:8080;job=iot_service","2025-10-31T10:19:24Z","0"
"container_fs_reads_total","device=/dev/vdb;id=/restricted;instance=cadvisor:8080;job=iot_service","2025-10-31T10:19:39Z","0"
"container_fs_reads_total","device=/dev/vdb;id=/restricted;instance=cadvisor:8080;job=iot_service","2025-10-31T10:19:54Z","0"
"container_fs_reads_total","device=/dev/vdb;id=/restricted;instance=cadvisor:8080;job=iot_service","2025-10-31T10:20:09Z","0"
"container_fs_reads_total","device=/dev/vdb;id=/restricted;instance=cadvisor:8080;job=iot_service","2025-10-31T10:20:24Z","0"
"container_fs_reads_total","device=/dev/vdb;id=/restricted;instance=cadvisor:8080;job=iot_service","2025-10-31T10:20:39Z","0"
"container_fs_reads_total","device=/dev/vdb;id=/restricted;instance=cadvisor:8080;job=iot_service","2025-10-31T10:20:54Z","0"
"container_fs_reads_total","device=/dev/vdb;id=/restricted;instance=cadvisor:8080;job=iot_service","2025-10-31T10:21:09Z","0"
"container_fs_reads_total","device=/dev/vdb;id=/restricted;instance=cadvisor:8080;job=iot_service","2025-10-31T10:21:24Z","0"
"container_fs_reads_total","device=/dev/vdb;id=/restricted;instance=cadvisor:8080;job=iot_service","2025-10-31T10:21:39Z","0.016945131663673025"
"container_fs_reads_total","device=/dev/vdb;id=/restricted;instance=cadvisor:8080;job=iot_service","2025-10-31T10:21:54Z","0.017266683933350603"
"container_fs_reads_total","device=/dev/vdb;id=/restricted;instance=cadvisor:8080;job=iot_service","2025-10-31T10:22:09Z","0.017100155611416066"
"container_fs_reads_total","device=/dev/vdb;id=/restricted;instance=cadvisor:8080;job=iot_service","2025-10-31T10:22:24Z","0.03408200129511605"
"container_fs_reads_total","device=/dev/vdb;id=/restricted;instance=cadvisor:8080;job=iot_service","2025-10-31T10:22:39Z","0.017118890695882908"
"container_fs_reads_total","device=/dev/vdb;id=/restricted;instance=cadvisor:8080;job=iot_service","2025-10-31T10:22:54Z","0.01709489375523531"
"container_fs_reads_total","device=/dev/vdb;id=/restricted;instance=cadvisor:8080;job=iot_service","2025-10-31T10:23:09Z","0.017169062282646544"
"container_fs_reads_total","device=/dev/vdb;id=/restricted;instance=cadvisor:8080;job=iot_service","2025-10-31T10:23:24Z","0"
"container_fs_reads_total","device=/dev/vdb;id=/restricted;instance=cadvisor:8080;job=iot_service","2025-10-31T10:23:39Z","0"
"container_fs_reads_total","device=/dev/vdb;id=/restricted;instance=cadvisor:8080;job=iot_service","2025-10-31T10:23:54Z","0"
"container_fs_reads_total","device=/dev/vdb;id=/restricted;instance=cadvisor:8080;job=iot_service","2025-10-31T10:24:09Z","0"
"container_fs_reads_total","device=/dev/vdb;id=/restricted;instance=cadvisor:8080;job=iot_service","2025-10-31T10:24:24Z","0"
"container_fs_reads_total","device=/dev/vdb;id=/restricted;instance=cadvisor:8080;job=iot_service","2025-10-31T10:24:39Z","0.017055823711006123"
"container_fs_reads_total","device=/dev/vdb;id=/restricted;instance=cadvisor:8080;job=iot_service","2025-10-31T10:24:54Z","0.017067467699817377"
"container_fs_reads_total","device=/dev/vdb;id=/restricted;instance=cadvisor:8080;job=iot_service","2025-10-31T10:25:09Z","0.017342143142049498"
"container_fs_reads_total","device=/dev/vdb;id=/restricted;instance=cadvisor:8080;job=iot_service","2025-10-31T10:25:24Z","0.017184788025639705"
"container_fs_reads_total","device=/dev/vdb;id=/restricted;instance=cadvisor:8080;job=iot_service","2025-10-31T10:25:39Z","0"
"container_fs_reads_total","device=/dev/vdb;id=/restricted;instance=cadvisor:8080;job=iot_service","2025-10-31T10:25:54Z","0"
"container_fs_reads_total","device=/dev/vdb;id=/restricted;instance=cadvisor:8080;job=iot_service","2025-10-31T10:26:09Z","0"
"container_fs_reads_total","device=/dev/vdb;id=/restricted;instance=cadvisor:8080;job=iot_service","2025-10-31T10:26:24Z","0"
"container_fs_reads_total","device=/dev/vdb;id=/restricted;instance=cadvisor:8080;job=iot_service","2025-10-31T10:26:39Z","0"
"container_fs_reads_total","device=/dev/vdb;id=/restricted;instance=cadvisor:8080;job=iot_service","2025-10-31T10:26:54Z","0"
"container_fs_reads_total","device=/dev/vdb;id=/restricted;instance=cadvisor:8080;job=iot_service","2025-10-31T10:27:09Z","0"
"container_fs_reads_total","device=/dev/vdb;id=/restricted;instance=cadvisor:8080;job=iot_service","2025-10-31T10:27:24Z","0"
"container_fs_reads_total","device=/dev/vdb;id=/restricted;instance=cadvisor:8080;job=iot_service","2025-10-31T10:27:39Z","0"
"container_fs_reads_total","device=/dev/vdb;id=/restricted;instance=cadvisor:8080;job=iot_service","2025-10-31T10:27:54Z","0"
"container_fs_reads_total","device=/dev/vdb;id=/restricted;instance=cadvisor:8080;job=iot_service","2025-10-31T10:28:09Z","0"
"container_fs_reads_total","device=/dev/vdb;id=/restricted;instance=cadvisor:8080;job=iot_service","2025-10-31T10:28:24Z","0"
"container_fs_reads_total","device=/dev/vdb;id=/restricted;instance=cadvisor:8080;job=iot_service","2025-10-31T10:28:39Z","0"
"container_fs_reads_total","device=/dev/vdb;id=/restricted;instance=cadvisor:8080;job=iot_service","2025-10-31T10:28:54Z","0"
"container_fs_reads_total","device=/dev/vdb;id=/restricted;instance=cadvisor:8080;job=iot_service","2025-10-31T10:29:09Z","0"
"container_fs_reads_total","device=/dev/vdb;id=/restricted;instance=cadvisor:8080;job=iot_service","2025-10-31T10:29:24Z","0"
"container_fs_reads_total","device=/dev/vdb;id=/restricted;instance=cadvisor:8080;job=iot_service","2025-10-31T10:29:39Z","0"
"container_fs_reads_total","device=/dev/vdb;id=/restricted;instance=cadvisor:8080;job=iot_service","2025-10-31T10:29:54Z","0"
"container_fs_reads_total","device=/dev/vdb;id=/restricted;instance=cadvisor:8080;job=iot_service","2025-10-31T10:30:09Z","0"
"container_fs_reads_total","device=/dev/vdb;id=/restricted;instance=cadvisor:8080;job=iot_service","2025-10-31T10:30:24Z","0"
"container_fs_reads_total","device=/dev/vdb;id=/restricted;instance=cadvisor:8080;job=iot_service","2025-10-31T10:30:39Z","0"
"container_fs_reads_total","device=/dev/vdb;id=/restricted;instance=cadvisor:8080;job=iot_service","2025-10-31T10:30:54Z","0"
"container_fs_reads_total","device=/dev/vdb;id=/restricted;instance=cadvisor:8080;job=iot_service","2025-10-31T10:31:09Z","0"
"container_fs_reads_total","device=/proc/interrupts;id=/;instance=cadvisor:8080;job=iot_service","2025-10-31T10:16:09Z","0"
"container_fs_reads_total","device=/proc/interrupts;id=/;instance=cadvisor:8080;job=iot_service","2025-10-31T10:16:24Z","0"
"container_fs_reads_total","device=/proc/interrupts;id=/;instance=cadvisor:8080;job=iot_service","2025-10-31T10:16:39Z","0"
"container_fs_reads_total","device=/proc/interrupts;id=/;instance=cadvisor:8080;job=iot_service","2025-10-31T10:16:54Z","0"
"container_fs_reads_total","device=/proc/interrupts;id=/;instance=cadvisor:8080;job=iot_service","2025-10-31T10:17:09Z","0"
"container_fs_reads_total","device=/proc/interrupts;id=/;instance=cadvisor:8080;job=iot_service","2025-10-31T10:17:24Z","0"
"container_fs_reads_total","device=/proc/interrupts;id=/;instance=cadvisor:8080;job=iot_service","2025-10-31T10:17:39Z","0"
"container_fs_reads_total","device=/proc/interrupts;id=/;instance=cadvisor:8080;job=iot_service","2025-10-31T10:17:54Z","0"
"container_fs_reads_total","device=/proc/interrupts;id=/;instance=cadvisor:8080;job=iot_service","2025-10-31T10:18:09Z","0"
"container_fs_reads_total","device=/proc/interrupts;id=/;instance=cadvisor:8080;job=iot_service","2025-10-31T10:18:24Z","0"
"container_fs_reads_total","device=/proc/interrupts;id=/;instance=cadvisor:8080;job=iot_service","2025-10-31T10:18:39Z","0"
"container_fs_reads_total","device=/proc/interrupts;id=/;instance=cadvisor:8080;job=iot_service","2025-10-31T10:18:54Z","0"
"container_fs_reads_total","device=/proc/interrupts;id=/;instance=cadvisor:8080;job=iot_service","2025-10-31T10:19:09Z","0"
"container_fs_reads_total","device=/proc/interrupts;id=/;instance=cadvisor:8080;job=iot_service","2025-10-31T10:19:24Z","0"
"container_fs_reads_total","device=/proc/interrupts;id=/;instance=cadvisor:8080;job=iot_service","2025-10-31T10:19:39Z","0"
"container_fs_reads_total","device=/proc/interrupts;id=/;instance=cadvisor:8080;job=iot_service","2025-10-31T10:19:54Z","0"
"container_fs_reads_total","device=/proc/interrupts;id=/;instance=cadvisor:8080;job=iot_service","2025-10-31T10:20:09Z","0"
"container_fs_reads_total","device=/proc/interrupts;id=/;instance=cadvisor:8080;job=iot_service","2025-10-31T10:20:24Z","0"
"container_fs_reads_total","device=/proc/interrupts;id=/;instance=cadvisor:8080;job=iot_service","2025-10-31T10:20:39Z","0"
"container_fs_reads_total","device=/proc/interrupts;id=/;instance=cadvisor:8080;job=iot_service","2025-10-31T10:20:54Z","0"
"container_fs_reads_total","device=/proc/interrupts;id=/;instance=cadvisor:8080;job=iot_service","2025-10-31T10:21:09Z","0"
"container_fs_reads_total","device=/proc/interrupts;id=/;instance=cadvisor:8080;job=iot_service","2025-10-31T10:21:24Z","0"
"container_fs_reads_total","device=/proc/interrupts;id=/;instance=cadvisor:8080;job=iot_service","2025-10-31T10:21:39Z","0"
"container_fs_reads_total","device=/proc/interrupts;id=/;instance=cadvisor:8080;job=iot_service","2025-10-31T10:21:54Z","0"
"container_fs_reads_total","device=/proc/interrupts;id=/;instance=cadvisor:8080;job=iot_service","2025-10-31T10:22:09Z","0"
"container_fs_reads_total","device=/proc/interrupts;id=/;instance=cadvisor:8080;job=iot_service","2025-10-31T10:22:24Z","0"
"container_fs_reads_total","device=/proc/interrupts;id=/;instance=cadvisor:8080;job=iot_service","2025-10-31T10:22:39Z","0"
"container_fs_reads_total","device=/proc/interrupts;id=/;instance=cadvisor:8080;job=iot_service","2025-10-31T10:22:54Z","0"
"container_fs_reads_total","device=/proc/interrupts;id=/;instance=cadvisor:8080;job=iot_service","2025-10-31T10:23:09Z","0"
"container_fs_reads_total","device=/proc/interrupts;id=/;instance=cadvisor:8080;job=iot_service","2025-10-31T10:23:24Z","0"
"container_fs_reads_total","device=/proc/interrupts;id=/;instance=cadvisor:8080;job=iot_service","2025-10-31T10:23:39Z","0"
"container_fs_reads_total","device=/proc/interrupts;id=/;instance=cadvisor:8080;job=iot_service","2025-10-31T10:23:54Z","0"
"container_fs_reads_total","device=/proc/interrupts;id=/;instance=cadvisor:8080;job=iot_service","2025-10-31T10:24:09Z","0"
"container_fs_reads_total","device=/proc/interrupts;id=/;instance=cadvisor:8080;job=iot_service","2025-10-31T10:24:24Z","0"
"container_fs_reads_total","device=/proc/interrupts;id=/;instance=cadvisor:8080;job=iot_service","2025-10-31T10:24:39Z","0"
"container_fs_reads_total","device=/proc/interrupts;id=/;instance=cadvisor:8080;job=iot_service","2025-10-31T10:24:54Z","0"
"container_fs_reads_total","device=/proc/interrupts;id=/;instance=cadvisor:8080;job=iot_service","2025-10-31T10:25:09Z","0"
"container_fs_reads_total","device=/proc/interrupts;id=/;instance=cadvisor:8080;job=iot_service","2025-10-31T10:25:24Z","0"
"container_fs_reads_total","device=/proc/interrupts;id=/;instance=cadvisor:8080;job=iot_service","2025-10-31T10:25:39Z","0"
"container_fs_reads_total","device=/proc/interrupts;id=/;instance=cadvisor:8080;job=iot_service","2025-10-31T10:25:54Z","0"
"container_fs_reads_total","device=/proc/interrupts;id=/;instance=cadvisor:8080;job=iot_service","2025-10-31T10:26:09Z","0"
"container_fs_reads_total","device=/proc/interrupts;id=/;instance=cadvisor:8080;job=iot_service","2025-10-31T10:26:24Z","0"
"container_fs_reads_total","device=/proc/interrupts;id=/;instance=cadvisor:8080;job=iot_service","2025-10-31T10:26:39Z","0"
"container_fs_reads_total","device=/proc/interrupts;id=/;instance=cadvisor:8080;job=iot_service","2025-10-31T10:26:54Z","0"
"container_fs_reads_total","device=/proc/interrupts;id=/;instance=cadvisor:8080;job=iot_service","2025-10-31T10:27:09Z","0"
"container_fs_reads_total","device=/proc/interrupts;id=/;instance=cadvisor:8080;job=iot_service","2025-10-31T10:27:24Z","0"
"container_fs_reads_total","device=/proc/interrupts;id=/;instance=cadvisor:8080;job=iot_service","2025-10-31T10:27:39Z","0"
"container_fs_reads_total","device=/proc/interrupts;id=/;instance=cadvisor:8080;job=iot_service","2025-10-31T10:27:54Z","0"
"container_fs_reads_total","device=/proc/interrupts;id=/;instance=cadvisor:8080;job=iot_service","2025-10-31T10:28:09Z","0"
"container_fs_reads_total","device=/proc/interrupts;id=/;instance=cadvisor:8080;job=iot_service","2025-10-31T10:28:24Z","0"
"container_fs_reads_total","device=/proc/interrupts;id=/;instance=cadvisor:8080;job=iot_service","2025-10-31T10:28:39Z","0"
"container_fs_reads_total","device=/proc/interrupts;id=/;instance=cadvisor:8080;job=iot_service","2025-10-31T10:28:54Z","0"
"container_fs_reads_total","device=/proc/interrupts;id=/;instance=cadvisor:8080;job=iot_service","2025-10-31T10:29:09Z","0"
"container_fs_reads_total","device=/proc/interrupts;id=/;instance=cadvisor:8080;job=iot_service","2025-10-31T10:29:24Z","0"
"container_fs_reads_total","device=/proc/interrupts;id=/;instance=cadvisor:8080;job=iot_service","2025-10-31T10:29:39Z","0"
"container_fs_reads_total","device=/proc/interrupts;id=/;instance=cadvisor:8080;job=iot_service","2025-10-31T10:29:54Z","0"
"container_fs_reads_total","device=/proc/interrupts;id=/;instance=cadvisor:8080;job=iot_service","2025-10-31T10:30:09Z","0"
"container_fs_reads_total","device=/proc/interrupts;id=/;instance=cadvisor:8080;job=iot_service","2025-10-31T10:30:24Z","0"
"container_fs_reads_total","device=/proc/interrupts;id=/;instance=cadvisor:8080;job=iot_service","2025-10-31T10:30:39Z","0"
"container_fs_reads_total","device=/proc/interrupts;id=/;instance=cadvisor:8080;job=iot_service","2025-10-31T10:30:54Z","0"
"container_fs_reads_total","device=/proc/interrupts;id=/;instance=cadvisor:8080;job=iot_service","2025-10-31T10:31:09Z","0"
"container_fs_reads_total","device=/proc/kcore;id=/;instance=cadvisor:8080;job=iot_service","2025-10-31T10:16:09Z","0"
"container_fs_reads_total","device=/proc/kcore;id=/;instance=cadvisor:8080;job=iot_service","2025-10-31T10:16:24Z","0"
"container_fs_reads_total","device=/proc/kcore;id=/;instance=cadvisor:8080;job=iot_service","2025-10-31T10:16:39Z","0"
"container_fs_reads_total","device=/proc/kcore;id=/;instance=cadvisor:8080;job=iot_service","2025-10-31T10:16:54Z","0"
"container_fs_reads_total","device=/proc/kcore;id=/;instance=cadvisor:8080;job=iot_service","2025-10-31T10:17:09Z","0"
"container_fs_reads_total","device=/proc/kcore;id=/;instance=cadvisor:8080;job=iot_service","2025-10-31T10:17:24Z","0"
"container_fs_reads_total","device=/proc/kcore;id=/;instance=cadvisor:8080;job=iot_service","2025-10-31T10:17:39Z","0"
"container_fs_reads_total","device=/proc/kcore;id=/;instance=cadvisor:8080;job=iot_service","2025-10-31T10:17:54Z","0"
"container_fs_reads_total","device=/proc/kcore;id=/;instance=cadvisor:8080;job=iot_service","2025-10-31T10:18:09Z","0"
"container_fs_reads_total","device=/proc/kcore;id=/;instance=cadvisor:8080;job=iot_service","2025-10-31T10:18:24Z","0"
"container_fs_reads_total","device=/proc/kcore;id=/;instance=cadvisor:8080;job=iot_service","2025-10-31T10:18:39Z","0"
"container_fs_reads_total","device=/proc/kcore;id=/;instance=cadvisor:8080;job=iot_service","2025-10-31T10:18:54Z","0"
"container_fs_reads_total","device=/proc/kcore;id=/;instance=cadvisor:8080;job=iot_service","2025-10-31T10:19:09Z","0"
"container_fs_reads_total","device=/proc/kcore;id=/;instance=cadvisor:8080;job=iot_service","2025-10-31T10:19:24Z","0"
"container_fs_reads_total","device=/proc/kcore;id=/;instance=cadvisor:8080;job=iot_service","2025-10-31T10:19:39Z","0"
"container_fs_reads_total","device=/proc/kcore;id=/;instance=cadvisor:8080;job=iot_service","2025-10-31T10:19:54Z","0"
"container_fs_reads_total","device=/proc/kcore;id=/;instance=cadvisor:8080;job=iot_service","2025-10-31T10:20:09Z","0"
"container_fs_reads_total","device=/proc/kcore;id=/;instance=cadvisor:8080;job=iot_service","2025-10-31T10:20:24Z","0"
"container_fs_reads_total","device=/proc/kcore;id=/;instance=cadvisor:8080;job=iot_service","2025-10-31T10:20:39Z","0"
"container_fs_reads_total","device=/proc/kcore;id=/;instance=cadvisor:8080;job=iot_service","2025-10-31T10:20:54Z","0"
"container_fs_reads_total","device=/proc/kcore;id=/;instance=cadvisor:8080;job=iot_service","2025-10-31T10:21:09Z","0"
"container_fs_reads_total","device=/proc/kcore;id=/;instance=cadvisor:8080;job=iot_service","2025-10-31T10:21:24Z","0"
"container_fs_reads_total","device=/proc/kcore;id=/;instance=cadvisor:8080;job=iot_service","2025-10-31T10:21:39Z","0"
"container_fs_reads_total","device=/proc/kcore;id=/;instance=cadvisor:8080;job=iot_service","2025-10-31T10:21:54Z","0"
"container_fs_reads_total","device=/proc/kcore;id=/;instance=cadvisor:8080;job=iot_service","2025-10-31T10:22:09Z","0"
"container_fs_reads_total","device=/proc/kcore;id=/;instance=cadvisor:8080;job=iot_service","2025-10-31T10:22:24Z","0"
"container_fs_reads_total","device=/proc/kcore;id=/;instance=cadvisor:8080;job=iot_service","2025-10-31T10:22:39Z","0"
"container_fs_reads_total","device=/proc/kcore;id=/;instance=cadvisor:8080;job=iot_service","2025-10-31T10:22:54Z","0"
"container_fs_reads_total","device=/proc/kcore;id=/;instance=cadvisor:8080;job=iot_service","2025-10-31T10:23:09Z","0"
"container_fs_reads_total","device=/proc/kcore;id=/;instance=cadvisor:8080;job=iot_service","2025-10-31T10:23:24Z","0"
"container_fs_reads_total","device=/proc/kcore;id=/;instance=cadvisor:8080;job=iot_service","2025-10-31T10:23:39Z","0"
"container_fs_reads_total","device=/proc/kcore;id=/;instance=cadvisor:8080;job=iot_service","2025-10-31T10:23:54Z","0"
"container_fs_reads_total","device=/proc/kcore;id=/;instance=cadvisor:8080;job=iot_service","2025-10-31T10:24:09Z","0"
"container_fs_reads_total","device=/proc/kcore;id=/;instance=cadvisor:8080;job=iot_service","2025-10-31T10:24:24Z","0"
"container_fs_reads_total","device=/proc/kcore;id=/;instance=cadvisor:8080;job=iot_service","2025-10-31T10:24:39Z","0"
"container_fs_reads_total","device=/proc/kcore;id=/;instance=cadvisor:8080;job=iot_service","2025-10-31T10:24:54Z","0"
"container_fs_reads_total","device=/proc/kcore;id=/;instance=cadvisor:8080;job=iot_service","2025-10-31T10:25:09Z","0"
"container_fs_reads_total","device=/proc/kcore;id=/;instance=cadvisor:8080;job=iot_service","2025-10-31T10:25:24Z","0"
"container_fs_reads_total","device=/proc/kcore;id=/;instance=cadvisor:8080;job=iot_service","2025-10-31T10:25:39Z","0"
"container_fs_reads_total","device=/proc/kcore;id=/;instance=cadvisor:8080;job=iot_service","2025-10-31T10:25:54Z","0"
"container_fs_reads_total","device=/proc/kcore;id=/;instance=cadvisor:8080;job=iot_service","2025-10-31T10:26:09Z","0"
"container_fs_reads_total","device=/proc/kcore;id=/;instance=cadvisor:8080;job=iot_service","2025-10-31T10:26:24Z","0"
"container_fs_reads_total","device=/proc/kcore;id=/;instance=cadvisor:8080;job=iot_service","2025-10-31T10:26:39Z","0"
"container_fs_reads_total","device=/proc/kcore;id=/;instance=cadvisor:8080;job=iot_service","2025-10-31T10:26:54Z","0"
"container_fs_reads_total","device=/proc/kcore;id=/;instance=cadvisor:8080;job=iot_service","2025-10-31T10:27:09Z","0"
"container_fs_reads_total","device=/proc/kcore;id=/;instance=cadvisor:8080;job=iot_service","2025-10-31T10:27:24Z","0"
"container_fs_reads_total","device=/proc/kcore;id=/;instance=cadvisor:8080;job=iot_service","2025-10-31T10:27:39Z","0"
"container_fs_reads_total","device=/proc/kcore;id=/;instance=cadvisor:8080;job=iot_service","2025-10-31T10:27:54Z","0"
"container_fs_reads_total","device=/proc/kcore;id=/;instance=cadvisor:8080;job=iot_service","2025-10-31T10:28:09Z","0"
"container_fs_reads_total","device=/proc/kcore;id=/;instance=cadvisor:8080;job=iot_service","2025-10-31T10:28:24Z","0"
"container_fs_reads_total","device=/proc/kcore;id=/;instance=cadvisor:8080;job=iot_service","2025-10-31T10:28:39Z","0"
"container_fs_reads_total","device=/proc/kcore;id=/;instance=cadvisor:8080;job=iot_service","2025-10-31T10:28:54Z","0"
"container_fs_reads_total","device=/proc/kcore;id=/;instance=cadvisor:8080;job=iot_service","2025-10-31T10:29:09Z","0"
"container_fs_reads_total","device=/proc/kcore;id=/;instance=cadvisor:8080;job=iot_service","2025-10-31T10:29:24Z","0"
"container_fs_reads_total","device=/proc/kcore;id=/;instance=cadvisor:8080;job=iot_service","2025-10-31T10:29:39Z","0"
"container_fs_reads_total","device=/proc/kcore;id=/;instance=cadvisor:8080;job=iot_service","2025-10-31T10:29:54Z","0"
"container_fs_reads_total","device=/proc/kcore;id=/;instance=cadvisor:8080;job=iot_service","2025-10-31T10:30:09Z","0"
"container_fs_reads_total","device=/proc/kcore;id=/;instance=cadvisor:8080;job=iot_service","2025-10-31T10:30:24Z","0"
"container_fs_reads_total","device=/proc/kcore;id=/;instance=cadvisor:8080;job=iot_service","2025-10-31T10:30:39Z","0"
"container_fs_reads_total","device=/proc/kcore;id=/;instance=cadvisor:8080;job=iot_service","2025-10-31T10:30:54Z","0"
"container_fs_reads_total","device=/proc/kcore;id=/;instance=cadvisor:8080;job=iot_service","2025-10-31T10:31:09Z","0"
"container_fs_reads_total","device=/proc/keys;id=/;instance=cadvisor:8080;job=iot_service","2025-10-31T10:16:09Z","0"
"container_fs_reads_total","device=/proc/keys;id=/;instance=cadvisor:8080;job=iot_service","2025-10-31T10:16:24Z","0"
"container_fs_reads_total","device=/proc/keys;id=/;instance=cadvisor:8080;job=iot_service","2025-10-31T10:16:39Z","0"
"container_fs_reads_total","device=/proc/keys;id=/;instance=cadvisor:8080;job=iot_service","2025-10-31T10:16:54Z","0"
"container_fs_reads_total","device=/proc/keys;id=/;instance=cadvisor:8080;job=iot_service","2025-10-31T10:17:09Z","0"
"container_fs_reads_total","device=/proc/keys;id=/;instance=cadvisor:8080;job=iot_service","2025-10-31T10:17:24Z","0"
"container_fs_reads_total","device=/proc/keys;id=/;instance=cadvisor:8080;job=iot_service","2025-10-31T10:17:39Z","0"
"container_fs_reads_total","device=/proc/keys;id=/;instance=cadvisor:8080;job=iot_service","2025-10-31T10:17:54Z","0"
"container_fs_reads_total","device=/proc/keys;id=/;instance=cadvisor:8080;job=iot_service","2025-10-31T10:18:09Z","0"
"container_fs_reads_total","device=/proc/keys;id=/;instance=cadvisor:8080;job=iot_service","2025-10-31T10:18:24Z","0"
"container_fs_reads_total","device=/proc/keys;id=/;instance=cadvisor:8080;job=iot_service","2025-10-31T10:18:39Z","0"
"container_fs_reads_total","device=/proc/keys;id=/;instance=cadvisor:8080;job=iot_service","2025-10-31T10:18:54Z","0"
"container_fs_reads_total","device=/proc/keys;id=/;instance=cadvisor:8080;job=iot_service","2025-10-31T10:19:09Z","0"
"container_fs_reads_total","device=/proc/keys;id=/;instance=cadvisor:8080;job=iot_service","2025-10-31T10:19:24Z","0"
"container_fs_reads_total","device=/proc/keys;id=/;instance=cadvisor:8080;job=iot_service","2025-10-31T10:19:39Z","0"
"container_fs_reads_total","device=/proc/keys;id=/;instance=cadvisor:8080;job=iot_service","2025-10-31T10:19:54Z","0"
"container_fs_reads_total","device=/proc/keys;id=/;instance=cadvisor:8080;job=iot_service","2025-10-31T10:20:09Z","0"
"container_fs_reads_total","device=/proc/keys;id=/;instance=cadvisor:8080;job=iot_service","2025-10-31T10:20:24Z","0"
"container_fs_reads_total","device=/proc/keys;id=/;instance=cadvisor:8080;job=iot_service","2025-10-31T10:20:39Z","0"
"container_fs_reads_total","device=/proc/keys;id=/;instance=cadvisor:8080;job=iot_service","2025-10-31T10:20:54Z","0"
"container_fs_reads_total","device=/proc/keys;id=/;instance=cadvisor:8080;job=iot_service","2025-10-31T10:21:09Z","0"
"container_fs_reads_total","device=/proc/keys;id=/;instance=cadvisor:8080;job=iot_service","2025-10-31T10:21:24Z","0"
"container_fs_reads_total","device=/proc/keys;id=/;instance=cadvisor:8080;job=iot_service","2025-10-31T10:21:39Z","0"
"container_fs_reads_total","device=/proc/keys;id=/;instance=cadvisor:8080;job=iot_service","2025-10-31T10:21:54Z","0"
"container_fs_reads_total","device=/proc/keys;id=/;instance=cadvisor:8080;job=iot_service","2025-10-31T10:22:09Z","0"
"container_fs_reads_total","device=/proc/keys;id=/;instance=cadvisor:8080;job=iot_service","2025-10-31T10:22:24Z","0"
"container_fs_reads_total","device=/proc/keys;id=/;instance=cadvisor:8080;job=iot_service","2025-10-31T10:22:39Z","0"
"container_fs_reads_total","device=/proc/keys;id=/;instance=cadvisor:8080;job=iot_service","2025-10-31T10:22:54Z","0"
"container_fs_reads_total","device=/proc/keys;id=/;instance=cadvisor:8080;job=iot_service","2025-10-31T10:23:09Z","0"
"container_fs_reads_total","device=/proc/keys;id=/;instance=cadvisor:8080;job=iot_service","2025-10-31T10:23:24Z","0"
"container_fs_reads_total","device=/proc/keys;id=/;instance=cadvisor:8080;job=iot_service","2025-10-31T10:23:39Z","0"
"container_fs_reads_total","device=/proc/keys;id=/;instance=cadvisor:8080;job=iot_service","2025-10-31T10:23:54Z","0"
"container_fs_reads_total","device=/proc/keys;id=/;instance=cadvisor:8080;job=iot_service","2025-10-31T10:24:09Z","0"
"container_fs_reads_total","device=/proc/keys;id=/;instance=cadvisor:8080;job=iot_service","2025-10-31T10:24:24Z","0"
"container_fs_reads_total","device=/proc/keys;id=/;instance=cadvisor:8080;job=iot_service","2025-10-31T10:24:39Z","0"
"container_fs_reads_total","device=/proc/keys;id=/;instance=cadvisor:8080;job=iot_service","2025-10-31T10:24:54Z","0"
"container_fs_reads_total","device=/proc/keys;id=/;instance=cadvisor:8080;job=iot_service","2025-10-31T10:25:09Z","0"
"container_fs_reads_total","device=/proc/keys;id=/;instance=cadvisor:8080;job=iot_service","2025-10-31T10:25:24Z","0"
"container_fs_reads_total","device=/proc/keys;id=/;instance=cadvisor:8080;job=iot_service","2025-10-31T10:25:39Z","0"
"container_fs_reads_total","device=/proc/keys;id=/;instance=cadvisor:8080;job=iot_service","2025-10-31T10:25:54Z","0"
"container_fs_reads_total","device=/proc/keys;id=/;instance=cadvisor:8080;job=iot_service","2025-10-31T10:26:09Z","0"
"container_fs_reads_total","device=/proc/keys;id=/;instance=cadvisor:8080;job=iot_service","2025-10-31T10:26:24Z","0"
"container_fs_reads_total","device=/proc/keys;id=/;instance=cadvisor:8080;job=iot_service","2025-10-31T10:26:39Z","0"
"container_fs_reads_total","device=/proc/keys;id=/;instance=cadvisor:8080;job=iot_service","2025-10-31T10:26:54Z","0"
"container_fs_reads_total","device=/proc/keys;id=/;instance=cadvisor:8080;job=iot_service","2025-10-31T10:27:09Z","0"
"container_fs_reads_total","device=/proc/keys;id=/;instance=cadvisor:8080;job=iot_service","2025-10-31T10:27:24Z","0"
"container_fs_reads_total","device=/proc/keys;id=/;instance=cadvisor:8080;job=iot_service","2025-10-31T10:27:39Z","0"
"container_fs_reads_total","device=/proc/keys;id=/;instance=cadvisor:8080;job=iot_service","2025-10-31T10:27:54Z","0"
"container_fs_reads_total","device=/proc/keys;id=/;instance=cadvisor:8080;job=iot_service","2025-10-31T10:28:09Z","0"
"container_fs_reads_total","device=/proc/keys;id=/;instance=cadvisor:8080;job=iot_service","2025-10-31T10:28:24Z","0"
"container_fs_reads_total","device=/proc/keys;id=/;instance=cadvisor:8080;job=iot_service","2025-10-31T10:28:39Z","0"
"container_fs_reads_total","device=/proc/keys;id=/;instance=cadvisor:8080;job=iot_service","2025-10-31T10:28:54Z","0"
"container_fs_reads_total","device=/proc/keys;id=/;instance=cadvisor:8080;job=iot_service","2025-10-31T10:29:09Z","0"
"container_fs_reads_total","device=/proc/keys;id=/;instance=cadvisor:8080;job=iot_service","2025-10-31T10:29:24Z","0"
"container_fs_reads_total","device=/proc/keys;id=/;instance=cadvisor:8080;job=iot_service","2025-10-31T10:29:39Z","0"
"container_fs_reads_total","device=/proc/keys;id=/;instance=cadvisor:8080;job=iot_service","2025-10-31T10:29:54Z","0"
"container_fs_reads_total","device=/proc/keys;id=/;instance=cadvisor:8080;job=iot_service","2025-10-31T10:30:09Z","0"
"container_fs_reads_total","device=/proc/keys;id=/;instance=cadvisor:8080;job=iot_service","2025-10-31T10:30:24Z","0"
"container_fs_reads_total","device=/proc/keys;id=/;instance=cadvisor:8080;job=iot_service","2025-10-31T10:30:39Z","0"
"container_fs_reads_total","device=/proc/keys;id=/;instance=cadvisor:8080;job=iot_service","2025-10-31T10:30:54Z","0"
"container_fs_reads_total","device=/proc/keys;id=/;instance=cadvisor:8080;job=iot_service","2025-10-31T10:31:09Z","0"
"container_fs_reads_total","device=/proc/scsi;id=/;instance=cadvisor:8080;job=iot_service","2025-10-31T10:16:09Z","0"
"container_fs_reads_total","device=/proc/scsi;id=/;instance=cadvisor:8080;job=iot_service","2025-10-31T10:16:24Z","0"
"container_fs_reads_total","device=/proc/scsi;id=/;instance=cadvisor:8080;job=iot_service","2025-10-31T10:16:39Z","0"
"container_fs_reads_total","device=/proc/scsi;id=/;instance=cadvisor:8080;job=iot_service","2025-10-31T10:16:54Z","0"
"container_fs_reads_total","device=/proc/scsi;id=/;instance=cadvisor:8080;job=iot_service","2025-10-31T10:17:09Z","0"
"container_fs_reads_total","device=/proc/scsi;id=/;instance=cadvisor:8080;job=iot_service","2025-10-31T10:17:24Z","0"
"container_fs_reads_total","device=/proc/scsi;id=/;instance=cadvisor:8080;job=iot_service","2025-10-31T10:17:39Z","0"
"container_fs_reads_total","device=/proc/scsi;id=/;instance=cadvisor:8080;job=iot_service","2025-10-31T10:17:54Z","0"
"container_fs_reads_total","device=/proc/scsi;id=/;instance=cadvisor:8080;job=iot_service","2025-10-31T10:18:09Z","0"
"container_fs_reads_total","device=/proc/scsi;id=/;instance=cadvisor:8080;job=iot_service","2025-10-31T10:18:24Z","0"
"container_fs_reads_total","device=/proc/scsi;id=/;instance=cadvisor:8080;job=iot_service","2025-10-31T10:18:39Z","0"
"container_fs_reads_total","device=/proc/scsi;id=/;instance=cadvisor:8080;job=iot_service","2025-10-31T10:18:54Z","0"
"container_fs_reads_total","device=/proc/scsi;id=/;instance=cadvisor:8080;job=iot_service","2025-10-31T10:19:09Z","0"
"container_fs_reads_total","device=/proc/scsi;id=/;instance=cadvisor:8080;job=iot_service","2025-10-31T10:19:24Z","0"
"container_fs_reads_total","device=/proc/scsi;id=/;instance=cadvisor:8080;job=iot_service","2025-10-31T10:19:39Z","0"
"container_fs_reads_total","device=/proc/scsi;id=/;instance=cadvisor:8080;job=iot_service","2025-10-31T10:19:54Z","0"
"container_fs_reads_total","device=/proc/scsi;id=/;instance=cadvisor:8080;job=iot_service","2025-10-31T10:20:09Z","0"
"container_fs_reads_total","device=/proc/scsi;id=/;instance=cadvisor:8080;job=iot_service","2025-10-31T10:20:24Z","0"
"container_fs_reads_total","device=/proc/scsi;id=/;instance=cadvisor:8080;job=iot_service","2025-10-31T10:20:39Z","0"
"container_fs_reads_total","device=/proc/scsi;id=/;instance=cadvisor:8080;job=iot_service","2025-10-31T10:20:54Z","0"
"container_fs_reads_total","device=/proc/scsi;id=/;instance=cadvisor:8080;job=iot_service","2025-10-31T10:21:09Z","0"
"container_fs_reads_total","device=/proc/scsi;id=/;instance=cadvisor:8080;job=iot_service","2025-10-31T10:21:24Z","0"
"container_fs_reads_total","device=/proc/scsi;id=/;instance=cadvisor:8080;job=iot_service","2025-10-31T10:21:39Z","0"
"container_fs_reads_total","device=/proc/scsi;id=/;instance=cadvisor:8080;job=iot_service","2025-10-31T10:21:54Z","0"
"container_fs_reads_total","device=/proc/scsi;id=/;instance=cadvisor:8080;job=iot_service","2025-10-31T10:22:09Z","0"
"container_fs_reads_total","device=/proc/scsi;id=/;instance=cadvisor:8080;job=iot_service","2025-10-31T10:22:24Z","0"
"container_fs_reads_total","device=/proc/scsi;id=/;instance=cadvisor:8080;job=iot_service","2025-10-31T10:22:39Z","0"
"container_fs_reads_total","device=/proc/scsi;id=/;instance=cadvisor:8080;job=iot_service","2025-10-31T10:22:54Z","0"
"container_fs_reads_total","device=/proc/scsi;id=/;instance=cadvisor:8080;job=iot_service","2025-10-31T10:23:09Z","0"
"container_fs_reads_total","device=/proc/scsi;id=/;instance=cadvisor:8080;job=iot_service","2025-10-31T10:23:24Z","0"
"container_fs_reads_total","device=/proc/scsi;id=/;instance=cadvisor:8080;job=iot_service","2025-10-31T10:23:39Z","0"
"container_fs_reads_total","device=/proc/scsi;id=/;instance=cadvisor:8080;job=iot_service","2025-10-31T10:23:54Z","0"
"container_fs_reads_total","device=/proc/scsi;id=/;instance=cadvisor:8080;job=iot_service","2025-10-31T10:24:09Z","0"
"container_fs_reads_total","device=/proc/scsi;id=/;instance=cadvisor:8080;job=iot_service","2025-10-31T10:24:24Z","0"
"container_fs_reads_total","device=/proc/scsi;id=/;instance=cadvisor:8080;job=iot_service","2025-10-31T10:24:39Z","0"
"container_fs_reads_total","device=/proc/scsi;id=/;instance=cadvisor:8080;job=iot_service","2025-10-31T10:24:54Z","0"
"container_fs_reads_total","device=/proc/scsi;id=/;instance=cadvisor:8080;job=iot_service","2025-10-31T10:25:09Z","0"
"container_fs_reads_total","device=/proc/scsi;id=/;instance=cadvisor:8080;job=iot_service","2025-10-31T10:25:24Z","0"
"container_fs_reads_total","device=/proc/scsi;id=/;instance=cadvisor:8080;job=iot_service","2025-10-31T10:25:39Z","0"
"container_fs_reads_total","device=/proc/scsi;id=/;instance=cadvisor:8080;job=iot_service","2025-10-31T10:25:54Z","0"
"container_fs_reads_total","device=/proc/scsi;id=/;instance=cadvisor:8080;job=iot_service","2025-10-31T10:26:09Z","0"
"container_fs_reads_total","device=/proc/scsi;id=/;instance=cadvisor:8080;job=iot_service","2025-10-31T10:26:24Z","0"
"container_fs_reads_total","device=/proc/scsi;id=/;instance=cadvisor:8080;job=iot_service","2025-10-31T10:26:39Z","0"
"container_fs_reads_total","device=/proc/scsi;id=/;instance=cadvisor:8080;job=iot_service","2025-10-31T10:26:54Z","0"
"container_fs_reads_total","device=/proc/scsi;id=/;instance=cadvisor:8080;job=iot_service","2025-10-31T10:27:09Z","0"
"container_fs_reads_total","device=/proc/scsi;id=/;instance=cadvisor:8080;job=iot_service","2025-10-31T10:27:24Z","0"
"container_fs_reads_total","device=/proc/scsi;id=/;instance=cadvisor:8080;job=iot_service","2025-10-31T10:27:39Z","0"
"container_fs_reads_total","device=/proc/scsi;id=/;instance=cadvisor:8080;job=iot_service","2025-10-31T10:27:54Z","0"
"container_fs_reads_total","device=/proc/scsi;id=/;instance=cadvisor:8080;job=iot_service","2025-10-31T10:28:09Z","0"
"container_fs_reads_total","device=/proc/scsi;id=/;instance=cadvisor:8080;job=iot_service","2025-10-31T10:28:24Z","0"
"container_fs_reads_total","device=/proc/scsi;id=/;instance=cadvisor:8080;job=iot_service","2025-10-31T10:28:39Z","0"
"container_fs_reads_total","device=/proc/scsi;id=/;instance=cadvisor:8080;job=iot_service","2025-10-31T10:28:54Z","0"
"container_fs_reads_total","device=/proc/scsi;id=/;instance=cadvisor:8080;job=iot_service","2025-10-31T10:29:09Z","0"
"container_fs_reads_total","device=/proc/scsi;id=/;instance=cadvisor:8080;job=iot_service","2025-10-31T10:29:24Z","0"
"container_fs_reads_total","device=/proc/scsi;id=/;instance=cadvisor:8080;job=iot_service","2025-10-31T10:29:39Z","0"
"container_fs_reads_total","device=/proc/scsi;id=/;instance=cadvisor:8080;job=iot_service","2025-10-31T10:29:54Z","0"
"container_fs_reads_total","device=/proc/scsi;id=/;instance=cadvisor:8080;job=iot_service","2025-10-31T10:30:09Z","0"
"container_fs_reads_total","device=/proc/scsi;id=/;instance=cadvisor:8080;job=iot_service","2025-10-31T10:30:24Z","0"
"container_fs_reads_total","device=/proc/scsi;id=/;instance=cadvisor:8080;job=iot_service","2025-10-31T10:30:39Z","0"
"container_fs_reads_total","device=/proc/scsi;id=/;instance=cadvisor:8080;job=iot_service","2025-10-31T10:30:54Z","0"
"container_fs_reads_total","device=/proc/scsi;id=/;instance=cadvisor:8080;job=iot_service","2025-10-31T10:31:09Z","0"
"container_fs_reads_total","device=/proc/timer_list;id=/;instance=cadvisor:8080;job=iot_service","2025-10-31T10:16:09Z","0"
"container_fs_reads_total","device=/proc/timer_list;id=/;instance=cadvisor:8080;job=iot_service","2025-10-31T10:16:24Z","0"
"container_fs_reads_total","device=/proc/timer_list;id=/;instance=cadvisor:8080;job=iot_service","2025-10-31T10:16:39Z","0"
"container_fs_reads_total","device=/proc/timer_list;id=/;instance=cadvisor:8080;job=iot_service","2025-10-31T10:16:54Z","0"
"container_fs_reads_total","device=/proc/timer_list;id=/;instance=cadvisor:8080;job=iot_service","2025-10-31T10:17:09Z","0"
"container_fs_reads_total","device=/proc/timer_list;id=/;instance=cadvisor:8080;job=iot_service","2025-10-31T10:17:24Z","0"
"container_fs_reads_total","device=/proc/timer_list;id=/;instance=cadvisor:8080;job=iot_service","2025-10-31T10:17:39Z","0"
"container_fs_reads_total","device=/proc/timer_list;id=/;instance=cadvisor:8080;job=iot_service","2025-10-31T10:17:54Z","0"
"container_fs_reads_total","device=/proc/timer_list;id=/;instance=cadvisor:8080;job=iot_service","2025-10-31T10:18:09Z","0"
"container_fs_reads_total","device=/proc/timer_list;id=/;instance=cadvisor:8080;job=iot_service","2025-10-31T10:18:24Z","0"
"container_fs_reads_total","device=/proc/timer_list;id=/;instance=cadvisor:8080;job=iot_service","2025-10-31T10:18:39Z","0"
"container_fs_reads_total","device=/proc/timer_list;id=/;instance=cadvisor:8080;job=iot_service","2025-10-31T10:18:54Z","0"
"container_fs_reads_total","device=/proc/timer_list;id=/;instance=cadvisor:8080;job=iot_service","2025-10-31T10:19:09Z","0"
"container_fs_reads_total","device=/proc/timer_list;id=/;instance=cadvisor:8080;job=iot_service","2025-10-31T10:19:24Z","0"
"container_fs_reads_total","device=/proc/timer_list;id=/;instance=cadvisor:8080;job=iot_service","2025-10-31T10:19:39Z","0"
"container_fs_reads_total","device=/proc/timer_list;id=/;instance=cadvisor:8080;job=iot_service","2025-10-31T10:19:54Z","0"
"container_fs_reads_total","device=/proc/timer_list;id=/;instance=cadvisor:8080;job=iot_service","2025-10-31T10:20:09Z","0"
"container_fs_reads_total","device=/proc/timer_list;id=/;instance=cadvisor:8080;job=iot_service","2025-10-31T10:20:24Z","0"
"container_fs_reads_total","device=/proc/timer_list;id=/;instance=cadvisor:8080;job=iot_service","2025-10-31T10:20:39Z","0"
"container_fs_reads_total","device=/proc/timer_list;id=/;instance=cadvisor:8080;job=iot_service","2025-10-31T10:20:54Z","0"
"container_fs_reads_total","device=/proc/timer_list;id=/;instance=cadvisor:8080;job=iot_service","2025-10-31T10:21:09Z","0"
"container_fs_reads_total","device=/proc/timer_list;id=/;instance=cadvisor:8080;job=iot_service","2025-10-31T10:21:24Z","0"
"container_fs_reads_total","device=/proc/timer_list;id=/;instance=cadvisor:8080;job=iot_service","2025-10-31T10:21:39Z","0"
"container_fs_reads_total","device=/proc/timer_list;id=/;instance=cadvisor:8080;job=iot_service","2025-10-31T10:21:54Z","0"
"container_fs_reads_total","device=/proc/timer_list;id=/;instance=cadvisor:8080;job=iot_service","2025-10-31T10:22:09Z","0"
"container_fs_reads_total","device=/proc/timer_list;id=/;instance=cadvisor:8080;job=iot_service","2025-10-31T10:22:24Z","0"
"container_fs_reads_total","device=/proc/timer_list;id=/;instance=cadvisor:8080;job=iot_service","2025-10-31T10:22:39Z","0"
"container_fs_reads_total","device=/proc/timer_list;id=/;instance=cadvisor:8080;job=iot_service","2025-10-31T10:22:54Z","0"
"container_fs_reads_total","device=/proc/timer_list;id=/;instance=cadvisor:8080;job=iot_service","2025-10-31T10:23:09Z","0"
"container_fs_reads_total","device=/proc/timer_list;id=/;instance=cadvisor:8080;job=iot_service","2025-10-31T10:23:24Z","0"
"container_fs_reads_total","device=/proc/timer_list;id=/;instance=cadvisor:8080;job=iot_service","2025-10-31T10:23:39Z","0"
"container_fs_reads_total","device=/proc/timer_list;id=/;instance=cadvisor:8080;job=iot_service","2025-10-31T10:23:54Z","0"
"container_fs_reads_total","device=/proc/timer_list;id=/;instance=cadvisor:8080;job=iot_service","2025-10-31T10:24:09Z","0"
"container_fs_reads_total","device=/proc/timer_list;id=/;instance=cadvisor:8080;job=iot_service","2025-10-31T10:24:24Z","0"
"container_fs_reads_total","device=/proc/timer_list;id=/;instance=cadvisor:8080;job=iot_service","2025-10-31T10:24:39Z","0"
"container_fs_reads_total","device=/proc/timer_list;id=/;instance=cadvisor:8080;job=iot_service","2025-10-31T10:24:54Z","0"
"container_fs_reads_total","device=/proc/timer_list;id=/;instance=cadvisor:8080;job=iot_service","2025-10-31T10:25:09Z","0"
"container_fs_reads_total","device=/proc/timer_list;id=/;instance=cadvisor:8080;job=iot_service","2025-10-31T10:25:24Z","0"
"container_fs_reads_total","device=/proc/timer_list;id=/;instance=cadvisor:8080;job=iot_service","2025-10-31T10:25:39Z","0"
"container_fs_reads_total","device=/proc/timer_list;id=/;instance=cadvisor:8080;job=iot_service","2025-10-31T10:25:54Z","0"
"container_fs_reads_total","device=/proc/timer_list;id=/;instance=cadvisor:8080;job=iot_service","2025-10-31T10:26:09Z","0"
"container_fs_reads_total","device=/proc/timer_list;id=/;instance=cadvisor:8080;job=iot_service","2025-10-31T10:26:24Z","0"
"container_fs_reads_total","device=/proc/timer_list;id=/;instance=cadvisor:8080;job=iot_service","2025-10-31T10:26:39Z","0"
"container_fs_reads_total","device=/proc/timer_list;id=/;instance=cadvisor:8080;job=iot_service","2025-10-31T10:26:54Z","0"
"container_fs_reads_total","device=/proc/timer_list;id=/;instance=cadvisor:8080;job=iot_service","2025-10-31T10:27:09Z","0"
"container_fs_reads_total","device=/proc/timer_list;id=/;instance=cadvisor:8080;job=iot_service","2025-10-31T10:27:24Z","0"
"container_fs_reads_total","device=/proc/timer_list;id=/;instance=cadvisor:8080;job=iot_service","2025-10-31T10:27:39Z","0"
"container_fs_reads_total","device=/proc/timer_list;id=/;instance=cadvisor:8080;job=iot_service","2025-10-31T10:27:54Z","0"
"container_fs_reads_total","device=/proc/timer_list;id=/;instance=cadvisor:8080;job=iot_service","2025-10-31T10:28:09Z","0"
"container_fs_reads_total","device=/proc/timer_list;id=/;instance=cadvisor:8080;job=iot_service","2025-10-31T10:28:24Z","0"
"container_fs_reads_total","device=/proc/timer_list;id=/;instance=cadvisor:8080;job=iot_service","2025-10-31T10:28:39Z","0"
"container_fs_reads_total","device=/proc/timer_list;id=/;instance=cadvisor:8080;job=iot_service","2025-10-31T10:28:54Z","0"
"container_fs_reads_total","device=/proc/timer_list;id=/;instance=cadvisor:8080;job=iot_service","2025-10-31T10:29:09Z","0"
"container_fs_reads_total","device=/proc/timer_list;id=/;instance=cadvisor:8080;job=iot_service","2025-10-31T10:29:24Z","0"
"container_fs_reads_total","device=/proc/timer_list;id=/;instance=cadvisor:8080;job=iot_service","2025-10-31T10:29:39Z","0"
"container_fs_reads_total","device=/proc/timer_list;id=/;instance=cadvisor:8080;job=iot_service","2025-10-31T10:29:54Z","0"
"container_fs_reads_total","device=/proc/timer_list;id=/;instance=cadvisor:8080;job=iot_service","2025-10-31T10:30:09Z","0"
"container_fs_reads_total","device=/proc/timer_list;id=/;instance=cadvisor:8080;job=iot_service","2025-10-31T10:30:24Z","0"
"container_fs_reads_total","device=/proc/timer_list;id=/;instance=cadvisor:8080;job=iot_service","2025-10-31T10:30:39Z","0"
"container_fs_reads_total","device=/proc/timer_list;id=/;instance=cadvisor:8080;job=iot_service","2025-10-31T10:30:54Z","0"
"container_fs_reads_total","device=/proc/timer_list;id=/;instance=cadvisor:8080;job=iot_service","2025-10-31T10:31:09Z","0"
"container_fs_reads_total","device=/rootfs/dev/shm;id=/;instance=cadvisor:8080;job=iot_service","2025-10-31T10:16:09Z","0"
"container_fs_reads_total","device=/rootfs/dev/shm;id=/;instance=cadvisor:8080;job=iot_service","2025-10-31T10:16:24Z","0"
"container_fs_reads_total","device=/rootfs/dev/shm;id=/;instance=cadvisor:8080;job=iot_service","2025-10-31T10:16:39Z","0"
"container_fs_reads_total","device=/rootfs/dev/shm;id=/;instance=cadvisor:8080;job=iot_service","2025-10-31T10:16:54Z","0"
"container_fs_reads_total","device=/rootfs/dev/shm;id=/;instance=cadvisor:8080;job=iot_service","2025-10-31T10:17:09Z","0"
"container_fs_reads_total","device=/rootfs/dev/shm;id=/;instance=cadvisor:8080;job=iot_service","2025-10-31T10:17:24Z","0"
"container_fs_reads_total","device=/rootfs/dev/shm;id=/;instance=cadvisor:8080;job=iot_service","2025-10-31T10:17:39Z","0"
"container_fs_reads_total","device=/rootfs/dev/shm;id=/;instance=cadvisor:8080;job=iot_service","2025-10-31T10:17:54Z","0"
"container_fs_reads_total","device=/rootfs/dev/shm;id=/;instance=cadvisor:8080;job=iot_service","2025-10-31T10:18:09Z","0"
"container_fs_reads_total","device=/rootfs/dev/shm;id=/;instance=cadvisor:8080;job=iot_service","2025-10-31T10:18:24Z","0"
"container_fs_reads_total","device=/rootfs/dev/shm;id=/;instance=cadvisor:8080;job=iot_service","2025-10-31T10:18:39Z","0"
"container_fs_reads_total","device=/rootfs/dev/shm;id=/;instance=cadvisor:8080;job=iot_service","2025-10-31T10:18:54Z","0"
"container_fs_reads_total","device=/rootfs/dev/shm;id=/;instance=cadvisor:8080;job=iot_service","2025-10-31T10:19:09Z","0"
"container_fs_reads_total","device=/rootfs/dev/shm;id=/;instance=cadvisor:8080;job=iot_service","2025-10-31T10:19:24Z","0"
"container_fs_reads_total","device=/rootfs/dev/shm;id=/;instance=cadvisor:8080;job=iot_service","2025-10-31T10:19:39Z","0"
"container_fs_reads_total","device=/rootfs/dev/shm;id=/;instance=cadvisor:8080;job=iot_service","2025-10-31T10:19:54Z","0"
"container_fs_reads_total","device=/rootfs/dev/shm;id=/;instance=cadvisor:8080;job=iot_service","2025-10-31T10:20:09Z","0"
"container_fs_reads_total","device=/rootfs/dev/shm;id=/;instance=cadvisor:8080;job=iot_service","2025-10-31T10:20:24Z","0"
"container_fs_reads_total","device=/rootfs/dev/shm;id=/;instance=cadvisor:8080;job=iot_service","2025-10-31T10:20:39Z","0"
"container_fs_reads_total","device=/rootfs/dev/shm;id=/;instance=cadvisor:8080;job=iot_service","2025-10-31T10:20:54Z","0"
"container_fs_reads_total","device=/rootfs/dev/shm;id=/;instance=cadvisor:8080;job=iot_service","2025-10-31T10:21:09Z","0"
"container_fs_reads_total","device=/rootfs/dev/shm;id=/;instance=cadvisor:8080;job=iot_service","2025-10-31T10:21:24Z","0"
"container_fs_reads_total","device=/rootfs/dev/shm;id=/;instance=cadvisor:8080;job=iot_service","2025-10-31T10:21:39Z","0"
"container_fs_reads_total","device=/rootfs/dev/shm;id=/;instance=cadvisor:8080;job=iot_service","2025-10-31T10:21:54Z","0"
"container_fs_reads_total","device=/rootfs/dev/shm;id=/;instance=cadvisor:8080;job=iot_service","2025-10-31T10:22:09Z","0"
"container_fs_reads_total","device=/rootfs/dev/shm;id=/;instance=cadvisor:8080;job=iot_service","2025-10-31T10:22:24Z","0"
"container_fs_reads_total","device=/rootfs/dev/shm;id=/;instance=cadvisor:8080;job=iot_service","2025-10-31T10:22:39Z","0"
"container_fs_reads_total","device=/rootfs/dev/shm;id=/;instance=cadvisor:8080;job=iot_service","2025-10-31T10:22:54Z","0"
"container_fs_reads_total","device=/rootfs/dev/shm;id=/;instance=cadvisor:8080;job=iot_service","2025-10-31T10:23:09Z","0"
"container_fs_reads_total","device=/rootfs/dev/shm;id=/;instance=cadvisor:8080;job=iot_service","2025-10-31T10:23:24Z","0"
"container_fs_reads_total","device=/rootfs/dev/shm;id=/;instance=cadvisor:8080;job=iot_service","2025-10-31T10:23:39Z","0"
"container_fs_reads_total","device=/rootfs/dev/shm;id=/;instance=cadvisor:8080;job=iot_service","2025-10-31T10:23:54Z","0"
"container_fs_reads_total","device=/rootfs/dev/shm;id=/;instance=cadvisor:8080;job=iot_service","2025-10-31T10:24:09Z","0"
"container_fs_reads_total","device=/rootfs/dev/shm;id=/;instance=cadvisor:8080;job=iot_service","2025-10-31T10:24:24Z","0"
"container_fs_reads_total","device=/rootfs/dev/shm;id=/;instance=cadvisor:8080;job=iot_service","2025-10-31T10:24:39Z","0"
"container_fs_reads_total","device=/rootfs/dev/shm;id=/;instance=cadvisor:8080;job=iot_service","2025-10-31T10:24:54Z","0"
"container_fs_reads_total","device=/rootfs/dev/shm;id=/;instance=cadvisor:8080;job=iot_service","2025-10-31T10:25:09Z","0"
"container_fs_reads_total","device=/rootfs/dev/shm;id=/;instance=cadvisor:8080;job=iot_service","2025-10-31T10:25:24Z","0"
"container_fs_reads_total","device=/rootfs/dev/shm;id=/;instance=cadvisor:8080;job=iot_service","2025-10-31T10:25:39Z","0"
"container_fs_reads_total","device=/rootfs/dev/shm;id=/;instance=cadvisor:8080;job=iot_service","2025-10-31T10:25:54Z","0"
"container_fs_reads_total","device=/rootfs/dev/shm;id=/;instance=cadvisor:8080;job=iot_service","2025-10-31T10:26:09Z","0"
"container_fs_reads_total","device=/rootfs/dev/shm;id=/;instance=cadvisor:8080;job=iot_service","2025-10-31T10:26:24Z","0"
"container_fs_reads_total","device=/rootfs/dev/shm;id=/;instance=cadvisor:8080;job=iot_service","2025-10-31T10:26:39Z","0"
"container_fs_reads_total","device=/rootfs/dev/shm;id=/;instance=cadvisor:8080;job=iot_service","2025-10-31T10:26:54Z","0"
"container_fs_reads_total","device=/rootfs/dev/shm;id=/;instance=cadvisor:8080;job=iot_service","2025-10-31T10:27:09Z","0"
"container_fs_reads_total","device=/rootfs/dev/shm;id=/;instance=cadvisor:8080;job=iot_service","2025-10-31T10:27:24Z","0"
"container_fs_reads_total","device=/rootfs/dev/shm;id=/;instance=cadvisor:8080;job=iot_service","2025-10-31T10:27:39Z","0"
"container_fs_reads_total","device=/rootfs/dev/shm;id=/;instance=cadvisor:8080;job=iot_service","2025-10-31T10:27:54Z","0"
"container_fs_reads_total","device=/rootfs/dev/shm;id=/;instance=cadvisor:8080;job=iot_service","2025-10-31T10:28:09Z","0"
"container_fs_reads_total","device=/rootfs/dev/shm;id=/;instance=cadvisor:8080;job=iot_service","2025-10-31T10:28:24Z","0"
"container_fs_reads_total","device=/rootfs/dev/shm;id=/;instance=cadvisor:8080;job=iot_service","2025-10-31T10:28:39Z","0"
"container_fs_reads_total","device=/rootfs/dev/shm;id=/;instance=cadvisor:8080;job=iot_service","2025-10-31T10:28:54Z","0"
"container_fs_reads_total","device=/rootfs/dev/shm;id=/;instance=cadvisor:8080;job=iot_service","2025-10-31T10:29:09Z","0"
"container_fs_reads_total","device=/rootfs/dev/shm;id=/;instance=cadvisor:8080;job=iot_service","2025-10-31T10:29:24Z","0"
"container_fs_reads_total","device=/rootfs/dev/shm;id=/;instance=cadvisor:8080;job=iot_service","2025-10-31T10:29:39Z","0"
"container_fs_reads_total","device=/rootfs/dev/shm;id=/;instance=cadvisor:8080;job=iot_service","2025-10-31T10:29:54Z","0"
"container_fs_reads_total","device=/rootfs/dev/shm;id=/;instance=cadvisor:8080;job=iot_service","2025-10-31T10:30:09Z","0"
"container_fs_reads_total","device=/rootfs/dev/shm;id=/;instance=cadvisor:8080;job=iot_service","2025-10-31T10:30:24Z","0"
"container_fs_reads_total","device=/rootfs/dev/shm;id=/;instance=cadvisor:8080;job=iot_service","2025-10-31T10:30:39Z","0"
"container_fs_reads_total","device=/rootfs/dev/shm;id=/;instance=cadvisor:8080;job=iot_service","2025-10-31T10:30:54Z","0"
"container_fs_reads_total","device=/rootfs/dev/shm;id=/;instance=cadvisor:8080;job=iot_service","2025-10-31T10:31:09Z","0"
"container_fs_reads_total","device=/rootfs/host_mnt;id=/;instance=cadvisor:8080;job=iot_service","2025-10-31T10:16:09Z","0"
"container_fs_reads_total","device=/rootfs/host_mnt;id=/;instance=cadvisor:8080;job=iot_service","2025-10-31T10:16:24Z","0"
"container_fs_reads_total","device=/rootfs/host_mnt;id=/;instance=cadvisor:8080;job=iot_service","2025-10-31T10:16:39Z","0"
"container_fs_reads_total","device=/rootfs/host_mnt;id=/;instance=cadvisor:8080;job=iot_service","2025-10-31T10:16:54Z","0"
"container_fs_reads_total","device=/rootfs/host_mnt;id=/;instance=cadvisor:8080;job=iot_service","2025-10-31T10:17:09Z","0"
"container_fs_reads_total","device=/rootfs/host_mnt;id=/;instance=cadvisor:8080;job=iot_service","2025-10-31T10:17:24Z","0"
"container_fs_reads_total","device=/rootfs/host_mnt;id=/;instance=cadvisor:8080;job=iot_service","2025-10-31T10:17:39Z","0"
"container_fs_reads_total","device=/rootfs/host_mnt;id=/;instance=cadvisor:8080;job=iot_service","2025-10-31T10:17:54Z","0"
"container_fs_reads_total","device=/rootfs/host_mnt;id=/;instance=cadvisor:8080;job=iot_service","2025-10-31T10:18:09Z","0"
"container_fs_reads_total","device=/rootfs/host_mnt;id=/;instance=cadvisor:8080;job=iot_service","2025-10-31T10:18:24Z","0"
"container_fs_reads_total","device=/rootfs/host_mnt;id=/;instance=cadvisor:8080;job=iot_service","2025-10-31T10:18:39Z","0"
"container_fs_reads_total","device=/rootfs/host_mnt;id=/;instance=cadvisor:8080;job=iot_service","2025-10-31T10:18:54Z","0"
"container_fs_reads_total","device=/rootfs/host_mnt;id=/;instance=cadvisor:8080;job=iot_service","2025-10-31T10:19:09Z","0"
"container_fs_reads_total","device=/rootfs/host_mnt;id=/;instance=cadvisor:8080;job=iot_service","2025-10-31T10:19:24Z","0"
"container_fs_reads_total","device=/rootfs/host_mnt;id=/;instance=cadvisor:8080;job=iot_service","2025-10-31T10:19:39Z","0"
"container_fs_reads_total","device=/rootfs/host_mnt;id=/;instance=cadvisor:8080;job=iot_service","2025-10-31T10:19:54Z","0"
"container_fs_reads_total","device=/rootfs/host_mnt;id=/;instance=cadvisor:8080;job=iot_service","2025-10-31T10:20:09Z","0"
"container_fs_reads_total","device=/rootfs/host_mnt;id=/;instance=cadvisor:8080;job=iot_service","2025-10-31T10:20:24Z","0"
"container_fs_reads_total","device=/rootfs/host_mnt;id=/;instance=cadvisor:8080;job=iot_service","2025-10-31T10:20:39Z","0"
"container_fs_reads_total","device=/rootfs/host_mnt;id=/;instance=cadvisor:8080;job=iot_service","2025-10-31T10:20:54Z","0"
"container_fs_reads_total","device=/rootfs/host_mnt;id=/;instance=cadvisor:8080;job=iot_service","2025-10-31T10:21:09Z","0"
"container_fs_reads_total","device=/rootfs/host_mnt;id=/;instance=cadvisor:8080;job=iot_service","2025-10-31T10:21:24Z","0"
"container_fs_reads_total","device=/rootfs/host_mnt;id=/;instance=cadvisor:8080;job=iot_service","2025-10-31T10:21:39Z","0"
"container_fs_reads_total","device=/rootfs/host_mnt;id=/;instance=cadvisor:8080;job=iot_service","2025-10-31T10:21:54Z","0"
"container_fs_reads_total","device=/rootfs/host_mnt;id=/;instance=cadvisor:8080;job=iot_service","2025-10-31T10:22:09Z","0"
"container_fs_reads_total","device=/rootfs/host_mnt;id=/;instance=cadvisor:8080;job=iot_service","2025-10-31T10:22:24Z","0"
"container_fs_reads_total","device=/rootfs/host_mnt;id=/;instance=cadvisor:8080;job=iot_service","2025-10-31T10:22:39Z","0"
"container_fs_reads_total","device=/rootfs/host_mnt;id=/;instance=cadvisor:8080;job=iot_service","2025-10-31T10:22:54Z","0"
"container_fs_reads_total","device=/rootfs/host_mnt;id=/;instance=cadvisor:8080;job=iot_service","2025-10-31T10:23:09Z","0"
"container_fs_reads_total","device=/rootfs/host_mnt;id=/;instance=cadvisor:8080;job=iot_service","2025-10-31T10:23:24Z","0"
"container_fs_reads_total","device=/rootfs/host_mnt;id=/;instance=cadvisor:8080;job=iot_service","2025-10-31T10:23:39Z","0"
"container_fs_reads_total","device=/rootfs/host_mnt;id=/;instance=cadvisor:8080;job=iot_service","2025-10-31T10:23:54Z","0"
"container_fs_reads_total","device=/rootfs/host_mnt;id=/;instance=cadvisor:8080;job=iot_service","2025-10-31T10:24:09Z","0"
"container_fs_reads_total","device=/rootfs/host_mnt;id=/;instance=cadvisor:8080;job=iot_service","2025-10-31T10:24:24Z","0"
"container_fs_reads_total","device=/rootfs/host_mnt;id=/;instance=cadvisor:8080;job=iot_service","2025-10-31T10:24:39Z","0"
"container_fs_reads_total","device=/rootfs/host_mnt;id=/;instance=cadvisor:8080;job=iot_service","2025-10-31T10:24:54Z","0"
"container_fs_reads_total","device=/rootfs/host_mnt;id=/;instance=cadvisor:8080;job=iot_service","2025-10-31T10:25:09Z","0"
"container_fs_reads_total","device=/rootfs/host_mnt;id=/;instance=cadvisor:8080;job=iot_service","2025-10-31T10:25:24Z","0"
"container_fs_reads_total","device=/rootfs/host_mnt;id=/;instance=cadvisor:8080;job=iot_service","2025-10-31T10:25:39Z","0"
"container_fs_reads_total","device=/rootfs/host_mnt;id=/;instance=cadvisor:8080;job=iot_service","2025-10-31T10:25:54Z","0"
"container_fs_reads_total","device=/rootfs/host_mnt;id=/;instance=cadvisor:8080;job=iot_service","2025-10-31T10:26:09Z","0"
"container_fs_reads_total","device=/rootfs/host_mnt;id=/;instance=cadvisor:8080;job=iot_service","2025-10-31T10:26:24Z","0"
"container_fs_reads_total","device=/rootfs/host_mnt;id=/;instance=cadvisor:8080;job=iot_service","2025-10-31T10:26:39Z","0"
"container_fs_reads_total","device=/rootfs/host_mnt;id=/;instance=cadvisor:8080;job=iot_service","2025-10-31T10:26:54Z","0"
"container_fs_reads_total","device=/rootfs/host_mnt;id=/;instance=cadvisor:8080;job=iot_service","2025-10-31T10:27:09Z","0"
"container_fs_reads_total","device=/rootfs/host_mnt;id=/;instance=cadvisor:8080;job=iot_service","2025-10-31T10:27:24Z","0"
"container_fs_reads_total","device=/rootfs/host_mnt;id=/;instance=cadvisor:8080;job=iot_service","2025-10-31T10:27:39Z","0"
"container_fs_reads_total","device=/rootfs/host_mnt;id=/;instance=cadvisor:8080;job=iot_service","2025-10-31T10:27:54Z","0"
"container_fs_reads_total","device=/rootfs/host_mnt;id=/;instance=cadvisor:8080;job=iot_service","2025-10-31T10:28:09Z","0"
"container_fs_reads_total","device=/rootfs/host_mnt;id=/;instance=cadvisor:8080;job=iot_service","2025-10-31T10:28:24Z","0"
"container_fs_reads_total","device=/rootfs/host_mnt;id=/;instance=cadvisor:8080;job=iot_service","2025-10-31T10:28:39Z","0"
"container_fs_reads_total","device=/rootfs/host_mnt;id=/;instance=cadvisor:8080;job=iot_service","2025-10-31T10:28:54Z","0"
"container_fs_reads_total","device=/rootfs/host_mnt;id=/;instance=cadvisor:8080;job=iot_service","2025-10-31T10:29:09Z","0"
"container_fs_reads_total","device=/rootfs/host_mnt;id=/;instance=cadvisor:8080;job=iot_service","2025-10-31T10:29:24Z","0"
"container_fs_reads_total","device=/rootfs/host_mnt;id=/;instance=cadvisor:8080;job=iot_service","2025-10-31T10:29:39Z","0"
"container_fs_reads_total","device=/rootfs/host_mnt;id=/;instance=cadvisor:8080;job=iot_service","2025-10-31T10:29:54Z","0"
"container_fs_reads_total","device=/rootfs/host_mnt;id=/;instance=cadvisor:8080;job=iot_service","2025-10-31T10:30:09Z","0"
"container_fs_reads_total","device=/rootfs/host_mnt;id=/;instance=cadvisor:8080;job=iot_service","2025-10-31T10:30:24Z","0"
"container_fs_reads_total","device=/rootfs/host_mnt;id=/;instance=cadvisor:8080;job=iot_service","2025-10-31T10:30:39Z","0"
"container_fs_reads_total","device=/rootfs/host_mnt;id=/;instance=cadvisor:8080;job=iot_service","2025-10-31T10:30:54Z","0"
"container_fs_reads_total","device=/rootfs/host_mnt;id=/;instance=cadvisor:8080;job=iot_service","2025-10-31T10:31:09Z","0"
"container_fs_reads_total","device=/rootfs/oldroot/run;id=/;instance=cadvisor:8080;job=iot_service","2025-10-31T10:16:09Z","0"
"container_fs_reads_total","device=/rootfs/oldroot/run;id=/;instance=cadvisor:8080;job=iot_service","2025-10-31T10:16:24Z","0"
"container_fs_reads_total","device=/rootfs/oldroot/run;id=/;instance=cadvisor:8080;job=iot_service","2025-10-31T10:16:39Z","0"
"container_fs_reads_total","device=/rootfs/oldroot/run;id=/;instance=cadvisor:8080;job=iot_service","2025-10-31T10:16:54Z","0"
"container_fs_reads_total","device=/rootfs/oldroot/run;id=/;instance=cadvisor:8080;job=iot_service","2025-10-31T10:17:09Z","0"
"container_fs_reads_total","device=/rootfs/oldroot/run;id=/;instance=cadvisor:8080;job=iot_service","2025-10-31T10:17:24Z","0"
"container_fs_reads_total","device=/rootfs/oldroot/run;id=/;instance=cadvisor:8080;job=iot_service","2025-10-31T10:17:39Z","0"
"container_fs_reads_total","device=/rootfs/oldroot/run;id=/;instance=cadvisor:8080;job=iot_service","2025-10-31T10:17:54Z","0"
"container_fs_reads_total","device=/rootfs/oldroot/run;id=/;instance=cadvisor:8080;job=iot_service","2025-10-31T10:18:09Z","0"
"container_fs_reads_total","device=/rootfs/oldroot/run;id=/;instance=cadvisor:8080;job=iot_service","2025-10-31T10:18:24Z","0"
"container_fs_reads_total","device=/rootfs/oldroot/run;id=/;instance=cadvisor:8080;job=iot_service","2025-10-31T10:18:39Z","0"
"container_fs_reads_total","device=/rootfs/oldroot/run;id=/;instance=cadvisor:8080;job=iot_service","2025-10-31T10:18:54Z","0"
"container_fs_reads_total","device=/rootfs/oldroot/run;id=/;instance=cadvisor:8080;job=iot_service","2025-10-31T10:19:09Z","0"
"container_fs_reads_total","device=/rootfs/oldroot/run;id=/;instance=cadvisor:8080;job=iot_service","2025-10-31T10:19:24Z","0"
"container_fs_reads_total","device=/rootfs/oldroot/run;id=/;instance=cadvisor:8080;job=iot_service","2025-10-31T10:19:39Z","0"
"container_fs_reads_total","device=/rootfs/oldroot/run;id=/;instance=cadvisor:8080;job=iot_service","2025-10-31T10:19:54Z","0"
"container_fs_reads_total","device=/rootfs/oldroot/run;id=/;instance=cadvisor:8080;job=iot_service","2025-10-31T10:20:09Z","0"
"container_fs_reads_total","device=/rootfs/oldroot/run;id=/;instance=cadvisor:8080;job=iot_service","2025-10-31T10:20:24Z","0"
"container_fs_reads_total","device=/rootfs/oldroot/run;id=/;instance=cadvisor:8080;job=iot_service","2025-10-31T10:20:39Z","0"
"container_fs_reads_total","device=/rootfs/oldroot/run;id=/;instance=cadvisor:8080;job=iot_service","2025-10-31T10:20:54Z","0"
"container_fs_reads_total","device=/rootfs/oldroot/run;id=/;instance=cadvisor:8080;job=iot_service","2025-10-31T10:21:09Z","0"
"container_fs_reads_total","device=/rootfs/oldroot/run;id=/;instance=cadvisor:8080;job=iot_service","2025-10-31T10:21:24Z","0"
"container_fs_reads_total","device=/rootfs/oldroot/run;id=/;instance=cadvisor:8080;job=iot_service","2025-10-31T10:21:39Z","0"
"container_fs_reads_total","device=/rootfs/oldroot/run;id=/;instance=cadvisor:8080;job=iot_service","2025-10-31T10:21:54Z","0"
"container_fs_reads_total","device=/rootfs/oldroot/run;id=/;instance=cadvisor:8080;job=iot_service","2025-10-31T10:22:09Z","0"
"container_fs_reads_total","device=/rootfs/oldroot/run;id=/;instance=cadvisor:8080;job=iot_service","2025-10-31T10:22:24Z","0"
"container_fs_reads_total","device=/rootfs/oldroot/run;id=/;instance=cadvisor:8080;job=iot_service","2025-10-31T10:22:39Z","0"
"container_fs_reads_total","device=/rootfs/oldroot/run;id=/;instance=cadvisor:8080;job=iot_service","2025-10-31T10:22:54Z","0"
"container_fs_reads_total","device=/rootfs/oldroot/run;id=/;instance=cadvisor:8080;job=iot_service","2025-10-31T10:23:09Z","0"
"container_fs_reads_total","device=/rootfs/oldroot/run;id=/;instance=cadvisor:8080;job=iot_service","2025-10-31T10:23:24Z","0"
"container_fs_reads_total","device=/rootfs/oldroot/run;id=/;instance=cadvisor:8080;job=iot_service","2025-10-31T10:23:39Z","0"
"container_fs_reads_total","device=/rootfs/oldroot/run;id=/;instance=cadvisor:8080;job=iot_service","2025-10-31T10:23:54Z","0"
"container_fs_reads_total","device=/rootfs/oldroot/run;id=/;instance=cadvisor:8080;job=iot_service","2025-10-31T10:24:09Z","0"
"container_fs_reads_total","device=/rootfs/oldroot/run;id=/;instance=cadvisor:8080;job=iot_service","2025-10-31T10:24:24Z","0"
"container_fs_reads_total","device=/rootfs/oldroot/run;id=/;instance=cadvisor:8080;job=iot_service","2025-10-31T10:24:39Z","0"
"container_fs_reads_total","device=/rootfs/oldroot/run;id=/;instance=cadvisor:8080;job=iot_service","2025-10-31T10:24:54Z","0"
"container_fs_reads_total","device=/rootfs/oldroot/run;id=/;instance=cadvisor:8080;job=iot_service","2025-10-31T10:25:09Z","0"
"container_fs_reads_total","device=/rootfs/oldroot/run;id=/;instance=cadvisor:8080;job=iot_service","2025-10-31T10:25:24Z","0"
"container_fs_reads_total","device=/rootfs/oldroot/run;id=/;instance=cadvisor:8080;job=iot_service","2025-10-31T10:25:39Z","0"
"container_fs_reads_total","device=/rootfs/oldroot/run;id=/;instance=cadvisor:8080;job=iot_service","2025-10-31T10:25:54Z","0"
"container_fs_reads_total","device=/rootfs/oldroot/run;id=/;instance=cadvisor:8080;job=iot_service","2025-10-31T10:26:09Z","0"
"container_fs_reads_total","device=/rootfs/oldroot/run;id=/;instance=cadvisor:8080;job=iot_service","2025-10-31T10:26:24Z","0"
"container_fs_reads_total","device=/rootfs/oldroot/run;id=/;instance=cadvisor:8080;job=iot_service","2025-10-31T10:26:39Z","0"
"container_fs_reads_total","device=/rootfs/oldroot/run;id=/;instance=cadvisor:8080;job=iot_service","2025-10-31T10:26:54Z","0"
"container_fs_reads_total","device=/rootfs/oldroot/run;id=/;instance=cadvisor:8080;job=iot_service","2025-10-31T10:27:09Z","0"
"container_fs_reads_total","device=/rootfs/oldroot/run;id=/;instance=cadvisor:8080;job=iot_service","2025-10-31T10:27:24Z","0"
"container_fs_reads_total","device=/rootfs/oldroot/run;id=/;instance=cadvisor:8080;job=iot_service","2025-10-31T10:27:39Z","0"
"container_fs_reads_total","device=/rootfs/oldroot/run;id=/;instance=cadvisor:8080;job=iot_service","2025-10-31T10:27:54Z","0"
"container_fs_reads_total","device=/rootfs/oldroot/run;id=/;instance=cadvisor:8080;job=iot_service","2025-10-31T10:28:09Z","0"
"container_fs_reads_total","device=/rootfs/oldroot/run;id=/;instance=cadvisor:8080;job=iot_service","2025-10-31T10:28:24Z","0"
"container_fs_reads_total","device=/rootfs/oldroot/run;id=/;instance=cadvisor:8080;job=iot_service","2025-10-31T10:28:39Z","0"
"container_fs_reads_total","device=/rootfs/oldroot/run;id=/;instance=cadvisor:8080;job=iot_service","2025-10-31T10:28:54Z","0"
"container_fs_reads_total","device=/rootfs/oldroot/run;id=/;instance=cadvisor:8080;job=iot_service","2025-10-31T10:29:09Z","0"
"container_fs_reads_total","device=/rootfs/oldroot/run;id=/;instance=cadvisor:8080;job=iot_service","2025-10-31T10:29:24Z","0"
"container_fs_reads_total","device=/rootfs/oldroot/run;id=/;instance=cadvisor:8080;job=iot_service","2025-10-31T10:29:39Z","0"
"container_fs_reads_total","device=/rootfs/oldroot/run;id=/;instance=cadvisor:8080;job=iot_service","2025-10-31T10:29:54Z","0"
"container_fs_reads_total","device=/rootfs/oldroot/run;id=/;instance=cadvisor:8080;job=iot_service","2025-10-31T10:30:09Z","0"
"container_fs_reads_total","device=/rootfs/oldroot/run;id=/;instance=cadvisor:8080;job=iot_service","2025-10-31T10:30:24Z","0"
"container_fs_reads_total","device=/rootfs/oldroot/run;id=/;instance=cadvisor:8080;job=iot_service","2025-10-31T10:30:39Z","0"
"container_fs_reads_total","device=/rootfs/oldroot/run;id=/;instance=cadvisor:8080;job=iot_service","2025-10-31T10:30:54Z","0"
"container_fs_reads_total","device=/rootfs/oldroot/run;id=/;instance=cadvisor:8080;job=iot_service","2025-10-31T10:31:09Z","0"
"container_fs_reads_total","device=/rootfs/run;id=/;instance=cadvisor:8080;job=iot_service","2025-10-31T10:16:09Z","0"
"container_fs_reads_total","device=/rootfs/run;id=/;instance=cadvisor:8080;job=iot_service","2025-10-31T10:16:24Z","0"
"container_fs_reads_total","device=/rootfs/run;id=/;instance=cadvisor:8080;job=iot_service","2025-10-31T10:16:39Z","0"
"container_fs_reads_total","device=/rootfs/run;id=/;instance=cadvisor:8080;job=iot_service","2025-10-31T10:16:54Z","0"
"container_fs_reads_total","device=/rootfs/run;id=/;instance=cadvisor:8080;job=iot_service","2025-10-31T10:17:09Z","0"
"container_fs_reads_total","device=/rootfs/run;id=/;instance=cadvisor:8080;job=iot_service","2025-10-31T10:17:24Z","0"
"container_fs_reads_total","device=/rootfs/run;id=/;instance=cadvisor:8080;job=iot_service","2025-10-31T10:17:39Z","0"
"container_fs_reads_total","device=/rootfs/run;id=/;instance=cadvisor:8080;job=iot_service","2025-10-31T10:17:54Z","0"
"container_fs_reads_total","device=/rootfs/run;id=/;instance=cadvisor:8080;job=iot_service","2025-10-31T10:18:09Z","0"
"container_fs_reads_total","device=/rootfs/run;id=/;instance=cadvisor:8080;job=iot_service","2025-10-31T10:18:24Z","0"
"container_fs_reads_total","device=/rootfs/run;id=/;instance=cadvisor:8080;job=iot_service","2025-10-31T10:18:39Z","0"
"container_fs_reads_total","device=/rootfs/run;id=/;instance=cadvisor:8080;job=iot_service","2025-10-31T10:18:54Z","0"
"container_fs_reads_total","device=/rootfs/run;id=/;instance=cadvisor:8080;job=iot_service","2025-10-31T10:19:09Z","0"
"container_fs_reads_total","device=/rootfs/run;id=/;instance=cadvisor:8080;job=iot_service","2025-10-31T10:19:24Z","0"
"container_fs_reads_total","device=/rootfs/run;id=/;instance=cadvisor:8080;job=iot_service","2025-10-31T10:19:39Z","0"
"container_fs_reads_total","device=/rootfs/run;id=/;instance=cadvisor:8080;job=iot_service","2025-10-31T10:19:54Z","0"
"container_fs_reads_total","device=/rootfs/run;id=/;instance=cadvisor:8080;job=iot_service","2025-10-31T10:20:09Z","0"
"container_fs_reads_total","device=/rootfs/run;id=/;instance=cadvisor:8080;job=iot_service","2025-10-31T10:20:24Z","0"
"container_fs_reads_total","device=/rootfs/run;id=/;instance=cadvisor:8080;job=iot_service","2025-10-31T10:20:39Z","0"
"container_fs_reads_total","device=/rootfs/run;id=/;instance=cadvisor:8080;job=iot_service","2025-10-31T10:20:54Z","0"
"container_fs_reads_total","device=/rootfs/run;id=/;instance=cadvisor:8080;job=iot_service","2025-10-31T10:21:09Z","0"
"container_fs_reads_total","device=/rootfs/run;id=/;instance=cadvisor:8080;job=iot_service","2025-10-31T10:21:24Z","0"
"container_fs_reads_total","device=/rootfs/run;id=/;instance=cadvisor:8080;job=iot_service","2025-10-31T10:21:39Z","0"
"container_fs_reads_total","device=/rootfs/run;id=/;instance=cadvisor:8080;job=iot_service","2025-10-31T10:21:54Z","0"
"container_fs_reads_total","device=/rootfs/run;id=/;instance=cadvisor:8080;job=iot_service","2025-10-31T10:22:09Z","0"
"container_fs_reads_total","device=/rootfs/run;id=/;instance=cadvisor:8080;job=iot_service","2025-10-31T10:22:24Z","0"
"container_fs_reads_total","device=/rootfs/run;id=/;instance=cadvisor:8080;job=iot_service","2025-10-31T10:22:39Z","0"
"container_fs_reads_total","device=/rootfs/run;id=/;instance=cadvisor:8080;job=iot_service","2025-10-31T10:22:54Z","0"
"container_fs_reads_total","device=/rootfs/run;id=/;instance=cadvisor:8080;job=iot_service","2025-10-31T10:23:09Z","0"
"container_fs_reads_total","device=/rootfs/run;id=/;instance=cadvisor:8080;job=iot_service","2025-10-31T10:23:24Z","0"
"container_fs_reads_total","device=/rootfs/run;id=/;instance=cadvisor:8080;job=iot_service","2025-10-31T10:23:39Z","0"
"container_fs_reads_total","device=/rootfs/run;id=/;instance=cadvisor:8080;job=iot_service","2025-10-31T10:23:54Z","0"
"container_fs_reads_total","device=/rootfs/run;id=/;instance=cadvisor:8080;job=iot_service","2025-10-31T10:24:09Z","0"
"container_fs_reads_total","device=/rootfs/run;id=/;instance=cadvisor:8080;job=iot_service","2025-10-31T10:24:24Z","0"
"container_fs_reads_total","device=/rootfs/run;id=/;instance=cadvisor:8080;job=iot_service","2025-10-31T10:24:39Z","0"
"container_fs_reads_total","device=/rootfs/run;id=/;instance=cadvisor:8080;job=iot_service","2025-10-31T10:24:54Z","0"
"container_fs_reads_total","device=/rootfs/run;id=/;instance=cadvisor:8080;job=iot_service","2025-10-31T10:25:09Z","0"
"container_fs_reads_total","device=/rootfs/run;id=/;instance=cadvisor:8080;job=iot_service","2025-10-31T10:25:24Z","0"
"container_fs_reads_total","device=/rootfs/run;id=/;instance=cadvisor:8080;job=iot_service","2025-10-31T10:25:39Z","0"
"container_fs_reads_total","device=/rootfs/run;id=/;instance=cadvisor:8080;job=iot_service","2025-10-31T10:25:54Z","0"
"container_fs_reads_total","device=/rootfs/run;id=/;instance=cadvisor:8080;job=iot_service","2025-10-31T10:26:09Z","0"
"container_fs_reads_total","device=/rootfs/run;id=/;instance=cadvisor:8080;job=iot_service","2025-10-31T10:26:24Z","0"
"container_fs_reads_total","device=/rootfs/run;id=/;instance=cadvisor:8080;job=iot_service","2025-10-31T10:26:39Z","0"
"container_fs_reads_total","device=/rootfs/run;id=/;instance=cadvisor:8080;job=iot_service","2025-10-31T10:26:54Z","0"
"container_fs_reads_total","device=/rootfs/run;id=/;instance=cadvisor:8080;job=iot_service","2025-10-31T10:27:09Z","0"
"container_fs_reads_total","device=/rootfs/run;id=/;instance=cadvisor:8080;job=iot_service","2025-10-31T10:27:24Z","0"
"container_fs_reads_total","device=/rootfs/run;id=/;instance=cadvisor:8080;job=iot_service","2025-10-31T10:27:39Z","0"
"container_fs_reads_total","device=/rootfs/run;id=/;instance=cadvisor:8080;job=iot_service","2025-10-31T10:27:54Z","0"
"container_fs_reads_total","device=/rootfs/run;id=/;instance=cadvisor:8080;job=iot_service","2025-10-31T10:28:09Z","0"
"container_fs_reads_total","device=/rootfs/run;id=/;instance=cadvisor:8080;job=iot_service","2025-10-31T10:28:24Z","0"
"container_fs_reads_total","device=/rootfs/run;id=/;instance=cadvisor:8080;job=iot_service","2025-10-31T10:28:39Z","0"
"container_fs_reads_total","device=/rootfs/run;id=/;instance=cadvisor:8080;job=iot_service","2025-10-31T10:28:54Z","0"
"container_fs_reads_total","device=/rootfs/run;id=/;instance=cadvisor:8080;job=iot_service","2025-10-31T10:29:09Z","0"
"container_fs_reads_total","device=/rootfs/run;id=/;instance=cadvisor:8080;job=iot_service","2025-10-31T10:29:24Z","0"
"container_fs_reads_total","device=/rootfs/run;id=/;instance=cadvisor:8080;job=iot_service","2025-10-31T10:29:39Z","0"
"container_fs_reads_total","device=/rootfs/run;id=/;instance=cadvisor:8080;job=iot_service","2025-10-31T10:29:54Z","0"
"container_fs_reads_total","device=/rootfs/run;id=/;instance=cadvisor:8080;job=iot_service","2025-10-31T10:30:09Z","0"
"container_fs_reads_total","device=/rootfs/run;id=/;instance=cadvisor:8080;job=iot_service","2025-10-31T10:30:24Z","0"
"container_fs_reads_total","device=/rootfs/run;id=/;instance=cadvisor:8080;job=iot_service","2025-10-31T10:30:39Z","0"
"container_fs_reads_total","device=/rootfs/run;id=/;instance=cadvisor:8080;job=iot_service","2025-10-31T10:30:54Z","0"
"container_fs_reads_total","device=/rootfs/run;id=/;instance=cadvisor:8080;job=iot_service","2025-10-31T10:31:09Z","0"
"container_fs_reads_total","device=/rootfs/tmp;id=/;instance=cadvisor:8080;job=iot_service","2025-10-31T10:16:09Z","0"
"container_fs_reads_total","device=/rootfs/tmp;id=/;instance=cadvisor:8080;job=iot_service","2025-10-31T10:16:24Z","0"
"container_fs_reads_total","device=/rootfs/tmp;id=/;instance=cadvisor:8080;job=iot_service","2025-10-31T10:16:39Z","0"
"container_fs_reads_total","device=/rootfs/tmp;id=/;instance=cadvisor:8080;job=iot_service","2025-10-31T10:16:54Z","0"
"container_fs_reads_total","device=/rootfs/tmp;id=/;instance=cadvisor:8080;job=iot_service","2025-10-31T10:17:09Z","0"
"container_fs_reads_total","device=/rootfs/tmp;id=/;instance=cadvisor:8080;job=iot_service","2025-10-31T10:17:24Z","0"
"container_fs_reads_total","device=/rootfs/tmp;id=/;instance=cadvisor:8080;job=iot_service","2025-10-31T10:17:39Z","0"
"container_fs_reads_total","device=/rootfs/tmp;id=/;instance=cadvisor:8080;job=iot_service","2025-10-31T10:17:54Z","0"
"container_fs_reads_total","device=/rootfs/tmp;id=/;instance=cadvisor:8080;job=iot_service","2025-10-31T10:18:09Z","0"
"container_fs_reads_total","device=/rootfs/tmp;id=/;instance=cadvisor:8080;job=iot_service","2025-10-31T10:18:24Z","0"
"container_fs_reads_total","device=/rootfs/tmp;id=/;instance=cadvisor:8080;job=iot_service","2025-10-31T10:18:39Z","0"
"container_fs_reads_total","device=/rootfs/tmp;id=/;instance=cadvisor:8080;job=iot_service","2025-10-31T10:18:54Z","0"
"container_fs_reads_total","device=/rootfs/tmp;id=/;instance=cadvisor:8080;job=iot_service","2025-10-31T10:19:09Z","0"
"container_fs_reads_total","device=/rootfs/tmp;id=/;instance=cadvisor:8080;job=iot_service","2025-10-31T10:19:24Z","0"
"container_fs_reads_total","device=/rootfs/tmp;id=/;instance=cadvisor:8080;job=iot_service","2025-10-31T10:19:39Z","0"
"container_fs_reads_total","device=/rootfs/tmp;id=/;instance=cadvisor:8080;job=iot_service","2025-10-31T10:19:54Z","0"
"container_fs_reads_total","device=/rootfs/tmp;id=/;instance=cadvisor:8080;job=iot_service","2025-10-31T10:20:09Z","0"
"container_fs_reads_total","device=/rootfs/tmp;id=/;instance=cadvisor:8080;job=iot_service","2025-10-31T10:20:24Z","0"
"container_fs_reads_total","device=/rootfs/tmp;id=/;instance=cadvisor:8080;job=iot_service","2025-10-31T10:20:39Z","0"
"container_fs_reads_total","device=/rootfs/tmp;id=/;instance=cadvisor:8080;job=iot_service","2025-10-31T10:20:54Z","0"
"container_fs_reads_total","device=/rootfs/tmp;id=/;instance=cadvisor:8080;job=iot_service","2025-10-31T10:21:09Z","0"
"container_fs_reads_total","device=/rootfs/tmp;id=/;instance=cadvisor:8080;job=iot_service","2025-10-31T10:21:24Z","0"
"container_fs_reads_total","device=/rootfs/tmp;id=/;instance=cadvisor:8080;job=iot_service","2025-10-31T10:21:39Z","0"
"container_fs_reads_total","device=/rootfs/tmp;id=/;instance=cadvisor:8080;job=iot_service","2025-10-31T10:21:54Z","0"
"container_fs_reads_total","device=/rootfs/tmp;id=/;instance=cadvisor:8080;job=iot_service","2025-10-31T10:22:09Z","0"
"container_fs_reads_total","device=/rootfs/tmp;id=/;instance=cadvisor:8080;job=iot_service","2025-10-31T10:22:24Z","0"
"container_fs_reads_total","device=/rootfs/tmp;id=/;instance=cadvisor:8080;job=iot_service","2025-10-31T10:22:39Z","0"
"container_fs_reads_total","device=/rootfs/tmp;id=/;instance=cadvisor:8080;job=iot_service","2025-10-31T10:22:54Z","0"
"container_fs_reads_total","device=/rootfs/tmp;id=/;instance=cadvisor:8080;job=iot_service","2025-10-31T10:23:09Z","0"
"container_fs_reads_total","device=/rootfs/tmp;id=/;instance=cadvisor:8080;job=iot_service","2025-10-31T10:23:24Z","0"
"container_fs_reads_total","device=/rootfs/tmp;id=/;instance=cadvisor:8080;job=iot_service","2025-10-31T10:23:39Z","0"
"container_fs_reads_total","device=/rootfs/tmp;id=/;instance=cadvisor:8080;job=iot_service","2025-10-31T10:23:54Z","0"
"container_fs_reads_total","device=/rootfs/tmp;id=/;instance=cadvisor:8080;job=iot_service","2025-10-31T10:24:09Z","0"
"container_fs_reads_total","device=/rootfs/tmp;id=/;instance=cadvisor:8080;job=iot_service","2025-10-31T10:24:24Z","0"
"container_fs_reads_total","device=/rootfs/tmp;id=/;instance=cadvisor:8080;job=iot_service","2025-10-31T10:24:39Z","0"
"container_fs_reads_total","device=/rootfs/tmp;id=/;instance=cadvisor:8080;job=iot_service","2025-10-31T10:24:54Z","0"
"container_fs_reads_total","device=/rootfs/tmp;id=/;instance=cadvisor:8080;job=iot_service","2025-10-31T10:25:09Z","0"
"container_fs_reads_total","device=/rootfs/tmp;id=/;instance=cadvisor:8080;job=iot_service","2025-10-31T10:25:24Z","0"
"container_fs_reads_total","device=/rootfs/tmp;id=/;instance=cadvisor:8080;job=iot_service","2025-10-31T10:25:39Z","0"
"container_fs_reads_total","device=/rootfs/tmp;id=/;instance=cadvisor:8080;job=iot_service","2025-10-31T10:25:54Z","0"
"container_fs_reads_total","device=/rootfs/tmp;id=/;instance=cadvisor:8080;job=iot_service","2025-10-31T10:26:09Z","0"
"container_fs_reads_total","device=/rootfs/tmp;id=/;instance=cadvisor:8080;job=iot_service","2025-10-31T10:26:24Z","0"
"container_fs_reads_total","device=/rootfs/tmp;id=/;instance=cadvisor:8080;job=iot_service","2025-10-31T10:26:39Z","0"
"container_fs_reads_total","device=/rootfs/tmp;id=/;instance=cadvisor:8080;job=iot_service","2025-10-31T10:26:54Z","0"
"container_fs_reads_total","device=/rootfs/tmp;id=/;instance=cadvisor:8080;job=iot_service","2025-10-31T10:27:09Z","0"
"container_fs_reads_total","device=/rootfs/tmp;id=/;instance=cadvisor:8080;job=iot_service","2025-10-31T10:27:24Z","0"
"container_fs_reads_total","device=/rootfs/tmp;id=/;instance=cadvisor:8080;job=iot_service","2025-10-31T10:27:39Z","0"
"container_fs_reads_total","device=/rootfs/tmp;id=/;instance=cadvisor:8080;job=iot_service","2025-10-31T10:27:54Z","0"
"container_fs_reads_total","device=/rootfs/tmp;id=/;instance=cadvisor:8080;job=iot_service","2025-10-31T10:28:09Z","0"
"container_fs_reads_total","device=/rootfs/tmp;id=/;instance=cadvisor:8080;job=iot_service","2025-10-31T10:28:24Z","0"
"container_fs_reads_total","device=/rootfs/tmp;id=/;instance=cadvisor:8080;job=iot_service","2025-10-31T10:28:39Z","0"
"container_fs_reads_total","device=/rootfs/tmp;id=/;instance=cadvisor:8080;job=iot_service","2025-10-31T10:28:54Z","0"
"container_fs_reads_total","device=/rootfs/tmp;id=/;instance=cadvisor:8080;job=iot_service","2025-10-31T10:29:09Z","0"
"container_fs_reads_total","device=/rootfs/tmp;id=/;instance=cadvisor:8080;job=iot_service","2025-10-31T10:29:24Z","0"
"container_fs_reads_total","device=/rootfs/tmp;id=/;instance=cadvisor:8080;job=iot_service","2025-10-31T10:29:39Z","0"
"container_fs_reads_total","device=/rootfs/tmp;id=/;instance=cadvisor:8080;job=iot_service","2025-10-31T10:29:54Z","0"
"container_fs_reads_total","device=/rootfs/tmp;id=/;instance=cadvisor:8080;job=iot_service","2025-10-31T10:30:09Z","0"
"container_fs_reads_total","device=/rootfs/tmp;id=/;instance=cadvisor:8080;job=iot_service","2025-10-31T10:30:24Z","0"
"container_fs_reads_total","device=/rootfs/tmp;id=/;instance=cadvisor:8080;job=iot_service","2025-10-31T10:30:39Z","0"
"container_fs_reads_total","device=/rootfs/tmp;id=/;instance=cadvisor:8080;job=iot_service","2025-10-31T10:30:54Z","0"
"container_fs_reads_total","device=/rootfs/tmp;id=/;instance=cadvisor:8080;job=iot_service","2025-10-31T10:31:09Z","0"
"container_fs_reads_total","device=/rootfs/var;id=/;instance=cadvisor:8080;job=iot_service","2025-10-31T10:16:09Z","0"
"container_fs_reads_total","device=/rootfs/var;id=/;instance=cadvisor:8080;job=iot_service","2025-10-31T10:16:24Z","0"
"container_fs_reads_total","device=/rootfs/var;id=/;instance=cadvisor:8080;job=iot_service","2025-10-31T10:16:39Z","0"
"container_fs_reads_total","device=/rootfs/var;id=/;instance=cadvisor:8080;job=iot_service","2025-10-31T10:16:54Z","0"
"container_fs_reads_total","device=/rootfs/var;id=/;instance=cadvisor:8080;job=iot_service","2025-10-31T10:17:09Z","0"
"container_fs_reads_total","device=/rootfs/var;id=/;instance=cadvisor:8080;job=iot_service","2025-10-31T10:17:24Z","0"
"container_fs_reads_total","device=/rootfs/var;id=/;instance=cadvisor:8080;job=iot_service","2025-10-31T10:17:39Z","0"
"container_fs_reads_total","device=/rootfs/var;id=/;instance=cadvisor:8080;job=iot_service","2025-10-31T10:17:54Z","0"
"container_fs_reads_total","device=/rootfs/var;id=/;instance=cadvisor:8080;job=iot_service","2025-10-31T10:18:09Z","0"
"container_fs_reads_total","device=/rootfs/var;id=/;instance=cadvisor:8080;job=iot_service","2025-10-31T10:18:24Z","0"
"container_fs_reads_total","device=/rootfs/var;id=/;instance=cadvisor:8080;job=iot_service","2025-10-31T10:18:39Z","0"
"container_fs_reads_total","device=/rootfs/var;id=/;instance=cadvisor:8080;job=iot_service","2025-10-31T10:18:54Z","0"
"container_fs_reads_total","device=/rootfs/var;id=/;instance=cadvisor:8080;job=iot_service","2025-10-31T10:19:09Z","0"
"container_fs_reads_total","device=/rootfs/var;id=/;instance=cadvisor:8080;job=iot_service","2025-10-31T10:19:24Z","0"
"container_fs_reads_total","device=/rootfs/var;id=/;instance=cadvisor:8080;job=iot_service","2025-10-31T10:19:39Z","0"
"container_fs_reads_total","device=/rootfs/var;id=/;instance=cadvisor:8080;job=iot_service","2025-10-31T10:19:54Z","0"
"container_fs_reads_total","device=/rootfs/var;id=/;instance=cadvisor:8080;job=iot_service","2025-10-31T10:20:09Z","0"
"container_fs_reads_total","device=/rootfs/var;id=/;instance=cadvisor:8080;job=iot_service","2025-10-31T10:20:24Z","0"
"container_fs_reads_total","device=/rootfs/var;id=/;instance=cadvisor:8080;job=iot_service","2025-10-31T10:20:39Z","0"
"container_fs_reads_total","device=/rootfs/var;id=/;instance=cadvisor:8080;job=iot_service","2025-10-31T10:20:54Z","0"
"container_fs_reads_total","device=/rootfs/var;id=/;instance=cadvisor:8080;job=iot_service","2025-10-31T10:21:09Z","0"
"container_fs_reads_total","device=/rootfs/var;id=/;instance=cadvisor:8080;job=iot_service","2025-10-31T10:21:24Z","0"
"container_fs_reads_total","device=/rootfs/var;id=/;instance=cadvisor:8080;job=iot_service","2025-10-31T10:21:39Z","0"
"container_fs_reads_total","device=/rootfs/var;id=/;instance=cadvisor:8080;job=iot_service","2025-10-31T10:21:54Z","0"
"container_fs_reads_total","device=/rootfs/var;id=/;instance=cadvisor:8080;job=iot_service","2025-10-31T10:22:09Z","0"
"container_fs_reads_total","device=/rootfs/var;id=/;instance=cadvisor:8080;job=iot_service","2025-10-31T10:22:24Z","0"
"container_fs_reads_total","device=/rootfs/var;id=/;instance=cadvisor:8080;job=iot_service","2025-10-31T10:22:39Z","0"
"container_fs_reads_total","device=/rootfs/var;id=/;instance=cadvisor:8080;job=iot_service","2025-10-31T10:22:54Z","0"
"container_fs_reads_total","device=/rootfs/var;id=/;instance=cadvisor:8080;job=iot_service","2025-10-31T10:23:09Z","0"
"container_fs_reads_total","device=/rootfs/var;id=/;instance=cadvisor:8080;job=iot_service","2025-10-31T10:23:24Z","0"
"container_fs_reads_total","device=/rootfs/var;id=/;instance=cadvisor:8080;job=iot_service","2025-10-31T10:23:39Z","0"
"container_fs_reads_total","device=/rootfs/var;id=/;instance=cadvisor:8080;job=iot_service","2025-10-31T10:23:54Z","0"
"container_fs_reads_total","device=/rootfs/var;id=/;instance=cadvisor:8080;job=iot_service","2025-10-31T10:24:09Z","0"
"container_fs_reads_total","device=/rootfs/var;id=/;instance=cadvisor:8080;job=iot_service","2025-10-31T10:24:24Z","0"
"container_fs_reads_total","device=/rootfs/var;id=/;instance=cadvisor:8080;job=iot_service","2025-10-31T10:24:39Z","0"
"container_fs_reads_total","device=/rootfs/var;id=/;instance=cadvisor:8080;job=iot_service","2025-10-31T10:24:54Z","0"
"container_fs_reads_total","device=/rootfs/var;id=/;instance=cadvisor:8080;job=iot_service","2025-10-31T10:25:09Z","0"
"container_fs_reads_total","device=/rootfs/var;id=/;instance=cadvisor:8080;job=iot_service","2025-10-31T10:25:24Z","0"
"container_fs_reads_total","device=/rootfs/var;id=/;instance=cadvisor:8080;job=iot_service","2025-10-31T10:25:39Z","0"
"container_fs_reads_total","device=/rootfs/var;id=/;instance=cadvisor:8080;job=iot_service","2025-10-31T10:25:54Z","0"
"container_fs_reads_total","device=/rootfs/var;id=/;instance=cadvisor:8080;job=iot_service","2025-10-31T10:26:09Z","0"
"container_fs_reads_total","device=/rootfs/var;id=/;instance=cadvisor:8080;job=iot_service","2025-10-31T10:26:24Z","0"
"container_fs_reads_total","device=/rootfs/var;id=/;instance=cadvisor:8080;job=iot_service","2025-10-31T10:26:39Z","0"
"container_fs_reads_total","device=/rootfs/var;id=/;instance=cadvisor:8080;job=iot_service","2025-10-31T10:26:54Z","0"
"container_fs_reads_total","device=/rootfs/var;id=/;instance=cadvisor:8080;job=iot_service","2025-10-31T10:27:09Z","0"
"container_fs_reads_total","device=/rootfs/var;id=/;instance=cadvisor:8080;job=iot_service","2025-10-31T10:27:24Z","0"
"container_fs_reads_total","device=/rootfs/var;id=/;instance=cadvisor:8080;job=iot_service","2025-10-31T10:27:39Z","0"
"container_fs_reads_total","device=/rootfs/var;id=/;instance=cadvisor:8080;job=iot_service","2025-10-31T10:27:54Z","0"
"container_fs_reads_total","device=/rootfs/var;id=/;instance=cadvisor:8080;job=iot_service","2025-10-31T10:28:09Z","0"
"container_fs_reads_total","device=/rootfs/var;id=/;instance=cadvisor:8080;job=iot_service","2025-10-31T10:28:24Z","0"
"container_fs_reads_total","device=/rootfs/var;id=/;instance=cadvisor:8080;job=iot_service","2025-10-31T10:28:39Z","0"
"container_fs_reads_total","device=/rootfs/var;id=/;instance=cadvisor:8080;job=iot_service","2025-10-31T10:28:54Z","0"
"container_fs_reads_total","device=/rootfs/var;id=/;instance=cadvisor:8080;job=iot_service","2025-10-31T10:29:09Z","0"
"container_fs_reads_total","device=/rootfs/var;id=/;instance=cadvisor:8080;job=iot_service","2025-10-31T10:29:24Z","0"
"container_fs_reads_total","device=/rootfs/var;id=/;instance=cadvisor:8080;job=iot_service","2025-10-31T10:29:39Z","0"
"container_fs_reads_total","device=/rootfs/var;id=/;instance=cadvisor:8080;job=iot_service","2025-10-31T10:29:54Z","0"
"container_fs_reads_total","device=/rootfs/var;id=/;instance=cadvisor:8080;job=iot_service","2025-10-31T10:30:09Z","0"
"container_fs_reads_total","device=/rootfs/var;id=/;instance=cadvisor:8080;job=iot_service","2025-10-31T10:30:24Z","0"
"container_fs_reads_total","device=/rootfs/var;id=/;instance=cadvisor:8080;job=iot_service","2025-10-31T10:30:39Z","0"
"container_fs_reads_total","device=/rootfs/var;id=/;instance=cadvisor:8080;job=iot_service","2025-10-31T10:30:54Z","0"
"container_fs_reads_total","device=/rootfs/var;id=/;instance=cadvisor:8080;job=iot_service","2025-10-31T10:31:09Z","0"
"container_fs_reads_total","device=/rootfs/var/lib/docker/rootfs/overlayfs/fdfc0724b613bbad2b29e38f548044caa8fa5ece06aea1f7630b8b07f070b604/dev;id=/;instance=cadvisor:8080;job=iot_service","2025-10-31T10:16:09Z","0"
"container_fs_reads_total","device=/rootfs/var/lib/docker/rootfs/overlayfs/fdfc0724b613bbad2b29e38f548044caa8fa5ece06aea1f7630b8b07f070b604/dev;id=/;instance=cadvisor:8080;job=iot_service","2025-10-31T10:16:24Z","0"
"container_fs_reads_total","device=/rootfs/var/lib/docker/rootfs/overlayfs/fdfc0724b613bbad2b29e38f548044caa8fa5ece06aea1f7630b8b07f070b604/dev;id=/;instance=cadvisor:8080;job=iot_service","2025-10-31T10:16:39Z","0"
"container_fs_reads_total","device=/rootfs/var/lib/docker/rootfs/overlayfs/fdfc0724b613bbad2b29e38f548044caa8fa5ece06aea1f7630b8b07f070b604/dev;id=/;instance=cadvisor:8080;job=iot_service","2025-10-31T10:16:54Z","0"
"container_fs_reads_total","device=/rootfs/var/lib/docker/rootfs/overlayfs/fdfc0724b613bbad2b29e38f548044caa8fa5ece06aea1f7630b8b07f070b604/dev;id=/;instance=cadvisor:8080;job=iot_service","2025-10-31T10:17:09Z","0"
"container_fs_reads_total","device=/rootfs/var/lib/docker/rootfs/overlayfs/fdfc0724b613bbad2b29e38f548044caa8fa5ece06aea1f7630b8b07f070b604/dev;id=/;instance=cadvisor:8080;job=iot_service","2025-10-31T10:17:24Z","0"
"container_fs_reads_total","device=/rootfs/var/lib/docker/rootfs/overlayfs/fdfc0724b613bbad2b29e38f548044caa8fa5ece06aea1f7630b8b07f070b604/dev;id=/;instance=cadvisor:8080;job=iot_service","2025-10-31T10:17:39Z","0"
"container_fs_reads_total","device=/rootfs/var/lib/docker/rootfs/overlayfs/fdfc0724b613bbad2b29e38f548044caa8fa5ece06aea1f7630b8b07f070b604/dev;id=/;instance=cadvisor:8080;job=iot_service","2025-10-31T10:17:54Z","0"
"container_fs_reads_total","device=/rootfs/var/lib/docker/rootfs/overlayfs/fdfc0724b613bbad2b29e38f548044caa8fa5ece06aea1f7630b8b07f070b604/dev;id=/;instance=cadvisor:8080;job=iot_service","2025-10-31T10:18:09Z","0"
"container_fs_reads_total","device=/rootfs/var/lib/docker/rootfs/overlayfs/fdfc0724b613bbad2b29e38f548044caa8fa5ece06aea1f7630b8b07f070b604/dev;id=/;instance=cadvisor:8080;job=iot_service","2025-10-31T10:18:24Z","0"
"container_fs_reads_total","device=/rootfs/var/lib/docker/rootfs/overlayfs/fdfc0724b613bbad2b29e38f548044caa8fa5ece06aea1f7630b8b07f070b604/dev;id=/;instance=cadvisor:8080;job=iot_service","2025-10-31T10:18:39Z","0"
"container_fs_reads_total","device=/rootfs/var/lib/docker/rootfs/overlayfs/fdfc0724b613bbad2b29e38f548044caa8fa5ece06aea1f7630b8b07f070b604/dev;id=/;instance=cadvisor:8080;job=iot_service","2025-10-31T10:18:54Z","0"
"container_fs_reads_total","device=/rootfs/var/lib/docker/rootfs/overlayfs/fdfc0724b613bbad2b29e38f548044caa8fa5ece06aea1f7630b8b07f070b604/dev;id=/;instance=cadvisor:8080;job=iot_service","2025-10-31T10:19:09Z","0"
"container_fs_reads_total","device=/rootfs/var/lib/docker/rootfs/overlayfs/fdfc0724b613bbad2b29e38f548044caa8fa5ece06aea1f7630b8b07f070b604/dev;id=/;instance=cadvisor:8080;job=iot_service","2025-10-31T10:19:24Z","0"
"container_fs_reads_total","device=/rootfs/var/lib/docker/rootfs/overlayfs/fdfc0724b613bbad2b29e38f548044caa8fa5ece06aea1f7630b8b07f070b604/dev;id=/;instance=cadvisor:8080;job=iot_service","2025-10-31T10:19:39Z","0"
"container_fs_reads_total","device=/rootfs/var/lib/docker/rootfs/overlayfs/fdfc0724b613bbad2b29e38f548044caa8fa5ece06aea1f7630b8b07f070b604/dev;id=/;instance=cadvisor:8080;job=iot_service","2025-10-31T10:19:54Z","0"
"container_fs_reads_total","device=/rootfs/var/lib/docker/rootfs/overlayfs/fdfc0724b613bbad2b29e38f548044caa8fa5ece06aea1f7630b8b07f070b604/dev;id=/;instance=cadvisor:8080;job=iot_service","2025-10-31T10:20:09Z","0"
"container_fs_reads_total","device=/rootfs/var/lib/docker/rootfs/overlayfs/fdfc0724b613bbad2b29e38f548044caa8fa5ece06aea1f7630b8b07f070b604/dev;id=/;instance=cadvisor:8080;job=iot_service","2025-10-31T10:20:24Z","0"
"container_fs_reads_total","device=/rootfs/var/lib/docker/rootfs/overlayfs/fdfc0724b613bbad2b29e38f548044caa8fa5ece06aea1f7630b8b07f070b604/dev;id=/;instance=cadvisor:8080;job=iot_service","2025-10-31T10:20:39Z","0"
"container_fs_reads_total","device=/rootfs/var/lib/docker/rootfs/overlayfs/fdfc0724b613bbad2b29e38f548044caa8fa5ece06aea1f7630b8b07f070b604/dev;id=/;instance=cadvisor:8080;job=iot_service","2025-10-31T10:20:54Z","0"
"container_fs_reads_total","device=/rootfs/var/lib/docker/rootfs/overlayfs/fdfc0724b613bbad2b29e38f548044caa8fa5ece06aea1f7630b8b07f070b604/dev;id=/;instance=cadvisor:8080;job=iot_service","2025-10-31T10:21:09Z","0"
"container_fs_reads_total","device=/rootfs/var/lib/docker/rootfs/overlayfs/fdfc0724b613bbad2b29e38f548044caa8fa5ece06aea1f7630b8b07f070b604/dev;id=/;instance=cadvisor:8080;job=iot_service","2025-10-31T10:21:24Z","0"
"container_fs_reads_total","device=/rootfs/var/lib/docker/rootfs/overlayfs/fdfc0724b613bbad2b29e38f548044caa8fa5ece06aea1f7630b8b07f070b604/dev;id=/;instance=cadvisor:8080;job=iot_service","2025-10-31T10:21:39Z","0"
"container_fs_reads_total","device=/rootfs/var/lib/docker/rootfs/overlayfs/fdfc0724b613bbad2b29e38f548044caa8fa5ece06aea1f7630b8b07f070b604/dev;id=/;instance=cadvisor:8080;job=iot_service","2025-10-31T10:21:54Z","0"
"container_fs_reads_total","device=/rootfs/var/lib/docker/rootfs/overlayfs/fdfc0724b613bbad2b29e38f548044caa8fa5ece06aea1f7630b8b07f070b604/dev;id=/;instance=cadvisor:8080;job=iot_service","2025-10-31T10:22:09Z","0"
"container_fs_reads_total","device=/rootfs/var/lib/docker/rootfs/overlayfs/fdfc0724b613bbad2b29e38f548044caa8fa5ece06aea1f7630b8b07f070b604/dev;id=/;instance=cadvisor:8080;job=iot_service","2025-10-31T10:22:24Z","0"
"container_fs_reads_total","device=/rootfs/var/lib/docker/rootfs/overlayfs/fdfc0724b613bbad2b29e38f548044caa8fa5ece06aea1f7630b8b07f070b604/dev;id=/;instance=cadvisor:8080;job=iot_service","2025-10-31T10:22:39Z","0"
"container_fs_reads_total","device=/rootfs/var/lib/docker/rootfs/overlayfs/fdfc0724b613bbad2b29e38f548044caa8fa5ece06aea1f7630b8b07f070b604/dev;id=/;instance=cadvisor:8080;job=iot_service","2025-10-31T10:22:54Z","0"
"container_fs_reads_total","device=/rootfs/var/lib/docker/rootfs/overlayfs/fdfc0724b613bbad2b29e38f548044caa8fa5ece06aea1f7630b8b07f070b604/dev;id=/;instance=cadvisor:8080;job=iot_service","2025-10-31T10:23:09Z","0"
"container_fs_reads_total","device=/rootfs/var/lib/docker/rootfs/overlayfs/fdfc0724b613bbad2b29e38f548044caa8fa5ece06aea1f7630b8b07f070b604/dev;id=/;instance=cadvisor:8080;job=iot_service","2025-10-31T10:23:24Z","0"
"container_fs_reads_total","device=/rootfs/var/lib/docker/rootfs/overlayfs/fdfc0724b613bbad2b29e38f548044caa8fa5ece06aea1f7630b8b07f070b604/dev;id=/;instance=cadvisor:8080;job=iot_service","2025-10-31T10:23:39Z","0"
"container_fs_reads_total","device=/rootfs/var/lib/docker/rootfs/overlayfs/fdfc0724b613bbad2b29e38f548044caa8fa5ece06aea1f7630b8b07f070b604/dev;id=/;instance=cadvisor:8080;job=iot_service","2025-10-31T10:23:54Z","0"
"container_fs_reads_total","device=/rootfs/var/lib/docker/rootfs/overlayfs/fdfc0724b613bbad2b29e38f548044caa8fa5ece06aea1f7630b8b07f070b604/dev;id=/;instance=cadvisor:8080;job=iot_service","2025-10-31T10:24:09Z","0"
"container_fs_reads_total","device=/rootfs/var/lib/docker/rootfs/overlayfs/fdfc0724b613bbad2b29e38f548044caa8fa5ece06aea1f7630b8b07f070b604/dev;id=/;instance=cadvisor:8080;job=iot_service","2025-10-31T10:24:24Z","0"
"container_fs_reads_total","device=/rootfs/var/lib/docker/rootfs/overlayfs/fdfc0724b613bbad2b29e38f548044caa8fa5ece06aea1f7630b8b07f070b604/dev;id=/;instance=cadvisor:8080;job=iot_service","2025-10-31T10:24:39Z","0"
"container_fs_reads_total","device=/rootfs/var/lib/docker/rootfs/overlayfs/fdfc0724b613bbad2b29e38f548044caa8fa5ece06aea1f7630b8b07f070b604/dev;id=/;instance=cadvisor:8080;job=iot_service","2025-10-31T10:24:54Z","0"
"container_fs_reads_total","device=/rootfs/var/lib/docker/rootfs/overlayfs/fdfc0724b613bbad2b29e38f548044caa8fa5ece06aea1f7630b8b07f070b604/dev;id=/;instance=cadvisor:8080;job=iot_service","2025-10-31T10:25:09Z","0"
"container_fs_reads_total","device=/rootfs/var/lib/docker/rootfs/overlayfs/fdfc0724b613bbad2b29e38f548044caa8fa5ece06aea1f7630b8b07f070b604/dev;id=/;instance=cadvisor:8080;job=iot_service","2025-10-31T10:25:24Z","0"
"container_fs_reads_total","device=/rootfs/var/lib/docker/rootfs/overlayfs/fdfc0724b613bbad2b29e38f548044caa8fa5ece06aea1f7630b8b07f070b604/dev;id=/;instance=cadvisor:8080;job=iot_service","2025-10-31T10:25:39Z","0"
"container_fs_reads_total","device=/rootfs/var/lib/docker/rootfs/overlayfs/fdfc0724b613bbad2b29e38f548044caa8fa5ece06aea1f7630b8b07f070b604/dev;id=/;instance=cadvisor:8080;job=iot_service","2025-10-31T10:25:54Z","0"
"container_fs_reads_total","device=/rootfs/var/lib/docker/rootfs/overlayfs/fdfc0724b613bbad2b29e38f548044caa8fa5ece06aea1f7630b8b07f070b604/dev;id=/;instance=cadvisor:8080;job=iot_service","2025-10-31T10:26:09Z","0"
"container_fs_reads_total","device=/rootfs/var/lib/docker/rootfs/overlayfs/fdfc0724b613bbad2b29e38f548044caa8fa5ece06aea1f7630b8b07f070b604/dev;id=/;instance=cadvisor:8080;job=iot_service","2025-10-31T10:26:24Z","0"
"container_fs_reads_total","device=/rootfs/var/lib/docker/rootfs/overlayfs/fdfc0724b613bbad2b29e38f548044caa8fa5ece06aea1f7630b8b07f070b604/dev;id=/;instance=cadvisor:8080;job=iot_service","2025-10-31T10:26:39Z","0"
"container_fs_reads_total","device=/rootfs/var/lib/docker/rootfs/overlayfs/fdfc0724b613bbad2b29e38f548044caa8fa5ece06aea1f7630b8b07f070b604/dev;id=/;instance=cadvisor:8080;job=iot_service","2025-10-31T10:26:54Z","0"
"container_fs_reads_total","device=/rootfs/var/lib/docker/rootfs/overlayfs/fdfc0724b613bbad2b29e38f548044caa8fa5ece06aea1f7630b8b07f070b604/dev;id=/;instance=cadvisor:8080;job=iot_service","2025-10-31T10:27:09Z","0"
"container_fs_reads_total","device=/rootfs/var/lib/docker/rootfs/overlayfs/fdfc0724b613bbad2b29e38f548044caa8fa5ece06aea1f7630b8b07f070b604/dev;id=/;instance=cadvisor:8080;job=iot_service","2025-10-31T10:27:24Z","0"
"container_fs_reads_total","device=/rootfs/var/lib/docker/rootfs/overlayfs/fdfc0724b613bbad2b29e38f548044caa8fa5ece06aea1f7630b8b07f070b604/dev;id=/;instance=cadvisor:8080;job=iot_service","2025-10-31T10:27:39Z","0"
"container_fs_reads_total","device=/rootfs/var/lib/docker/rootfs/overlayfs/fdfc0724b613bbad2b29e38f548044caa8fa5ece06aea1f7630b8b07f070b604/dev;id=/;instance=cadvisor:8080;job=iot_service","2025-10-31T10:27:54Z","0"
"container_fs_reads_total","device=/rootfs/var/lib/docker/rootfs/overlayfs/fdfc0724b613bbad2b29e38f548044caa8fa5ece06aea1f7630b8b07f070b604/dev;id=/;instance=cadvisor:8080;job=iot_service","2025-10-31T10:28:09Z","0"
"container_fs_reads_total","device=/rootfs/var/lib/docker/rootfs/overlayfs/fdfc0724b613bbad2b29e38f548044caa8fa5ece06aea1f7630b8b07f070b604/dev;id=/;instance=cadvisor:8080;job=iot_service","2025-10-31T10:28:24Z","0"
"container_fs_reads_total","device=/rootfs/var/lib/docker/rootfs/overlayfs/fdfc0724b613bbad2b29e38f548044caa8fa5ece06aea1f7630b8b07f070b604/dev;id=/;instance=cadvisor:8080;job=iot_service","2025-10-31T10:28:39Z","0"
"container_fs_reads_total","device=/rootfs/var/lib/docker/rootfs/overlayfs/fdfc0724b613bbad2b29e38f548044caa8fa5ece06aea1f7630b8b07f070b604/dev;id=/;instance=cadvisor:8080;job=iot_service","2025-10-31T10:28:54Z","0"
"container_fs_reads_total","device=/rootfs/var/lib/docker/rootfs/overlayfs/fdfc0724b613bbad2b29e38f548044caa8fa5ece06aea1f7630b8b07f070b604/dev;id=/;instance=cadvisor:8080;job=iot_service","2025-10-31T10:29:09Z","0"
"container_fs_reads_total","device=/rootfs/var/lib/docker/rootfs/overlayfs/fdfc0724b613bbad2b29e38f548044caa8fa5ece06aea1f7630b8b07f070b604/dev;id=/;instance=cadvisor:8080;job=iot_service","2025-10-31T10:29:24Z","0"
"container_fs_reads_total","device=/rootfs/var/lib/docker/rootfs/overlayfs/fdfc0724b613bbad2b29e38f548044caa8fa5ece06aea1f7630b8b07f070b604/dev;id=/;instance=cadvisor:8080;job=iot_service","2025-10-31T10:29:39Z","0"
"container_fs_reads_total","device=/rootfs/var/lib/docker/rootfs/overlayfs/fdfc0724b613bbad2b29e38f548044caa8fa5ece06aea1f7630b8b07f070b604/dev;id=/;instance=cadvisor:8080;job=iot_service","2025-10-31T10:29:54Z","0"
"container_fs_reads_total","device=/rootfs/var/lib/docker/rootfs/overlayfs/fdfc0724b613bbad2b29e38f548044caa8fa5ece06aea1f7630b8b07f070b604/dev;id=/;instance=cadvisor:8080;job=iot_service","2025-10-31T10:30:09Z","0"
"container_fs_reads_total","device=/rootfs/var/lib/docker/rootfs/overlayfs/fdfc0724b613bbad2b29e38f548044caa8fa5ece06aea1f7630b8b07f070b604/dev;id=/;instance=cadvisor:8080;job=iot_service","2025-10-31T10:30:24Z","0"
"container_fs_reads_total","device=/rootfs/var/lib/docker/rootfs/overlayfs/fdfc0724b613bbad2b29e38f548044caa8fa5ece06aea1f7630b8b07f070b604/dev;id=/;instance=cadvisor:8080;job=iot_service","2025-10-31T10:30:39Z","0"
"container_fs_reads_total","device=/rootfs/var/lib/docker/rootfs/overlayfs/fdfc0724b613bbad2b29e38f548044caa8fa5ece06aea1f7630b8b07f070b604/dev;id=/;instance=cadvisor:8080;job=iot_service","2025-10-31T10:30:54Z","0"
"container_fs_reads_total","device=/rootfs/var/lib/docker/rootfs/overlayfs/fdfc0724b613bbad2b29e38f548044caa8fa5ece06aea1f7630b8b07f070b604/dev;id=/;instance=cadvisor:8080;job=iot_service","2025-10-31T10:31:09Z","0"
"container_fs_reads_total","device=/rootfs/var/lib/docker/rootfs/overlayfs/fdfc0724b613bbad2b29e38f548044caa8fa5ece06aea1f7630b8b07f070b604/dev/shm;id=/;instance=cadvisor:8080;job=iot_service","2025-10-31T10:16:09Z","0"
"container_fs_reads_total","device=/rootfs/var/lib/docker/rootfs/overlayfs/fdfc0724b613bbad2b29e38f548044caa8fa5ece06aea1f7630b8b07f070b604/dev/shm;id=/;instance=cadvisor:8080;job=iot_service","2025-10-31T10:16:24Z","0"
"container_fs_reads_total","device=/rootfs/var/lib/docker/rootfs/overlayfs/fdfc0724b613bbad2b29e38f548044caa8fa5ece06aea1f7630b8b07f070b604/dev/shm;id=/;instance=cadvisor:8080;job=iot_service","2025-10-31T10:16:39Z","0"
"container_fs_reads_total","device=/rootfs/var/lib/docker/rootfs/overlayfs/fdfc0724b613bbad2b29e38f548044caa8fa5ece06aea1f7630b8b07f070b604/dev/shm;id=/;instance=cadvisor:8080;job=iot_service","2025-10-31T10:16:54Z","0"
"container_fs_reads_total","device=/rootfs/var/lib/docker/rootfs/overlayfs/fdfc0724b613bbad2b29e38f548044caa8fa5ece06aea1f7630b8b07f070b604/dev/shm;id=/;instance=cadvisor:8080;job=iot_service","2025-10-31T10:17:09Z","0"
"container_fs_reads_total","device=/rootfs/var/lib/docker/rootfs/overlayfs/fdfc0724b613bbad2b29e38f548044caa8fa5ece06aea1f7630b8b07f070b604/dev/shm;id=/;instance=cadvisor:8080;job=iot_service","2025-10-31T10:17:24Z","0"
"container_fs_reads_total","device=/rootfs/var/lib/docker/rootfs/overlayfs/fdfc0724b613bbad2b29e38f548044caa8fa5ece06aea1f7630b8b07f070b604/dev/shm;id=/;instance=cadvisor:8080;job=iot_service","2025-10-31T10:17:39Z","0"
"container_fs_reads_total","device=/rootfs/var/lib/docker/rootfs/overlayfs/fdfc0724b613bbad2b29e38f548044caa8fa5ece06aea1f7630b8b07f070b604/dev/shm;id=/;instance=cadvisor:8080;job=iot_service","2025-10-31T10:17:54Z","0"
"container_fs_reads_total","device=/rootfs/var/lib/docker/rootfs/overlayfs/fdfc0724b613bbad2b29e38f548044caa8fa5ece06aea1f7630b8b07f070b604/dev/shm;id=/;instance=cadvisor:8080;job=iot_service","2025-10-31T10:18:09Z","0"
"container_fs_reads_total","device=/rootfs/var/lib/docker/rootfs/overlayfs/fdfc0724b613bbad2b29e38f548044caa8fa5ece06aea1f7630b8b07f070b604/dev/shm;id=/;instance=cadvisor:8080;job=iot_service","2025-10-31T10:18:24Z","0"
"container_fs_reads_total","device=/rootfs/var/lib/docker/rootfs/overlayfs/fdfc0724b613bbad2b29e38f548044caa8fa5ece06aea1f7630b8b07f070b604/dev/shm;id=/;instance=cadvisor:8080;job=iot_service","2025-10-31T10:18:39Z","0"
"container_fs_reads_total","device=/rootfs/var/lib/docker/rootfs/overlayfs/fdfc0724b613bbad2b29e38f548044caa8fa5ece06aea1f7630b8b07f070b604/dev/shm;id=/;instance=cadvisor:8080;job=iot_service","2025-10-31T10:18:54Z","0"
"container_fs_reads_total","device=/rootfs/var/lib/docker/rootfs/overlayfs/fdfc0724b613bbad2b29e38f548044caa8fa5ece06aea1f7630b8b07f070b604/dev/shm;id=/;instance=cadvisor:8080;job=iot_service","2025-10-31T10:19:09Z","0"
"container_fs_reads_total","device=/rootfs/var/lib/docker/rootfs/overlayfs/fdfc0724b613bbad2b29e38f548044caa8fa5ece06aea1f7630b8b07f070b604/dev/shm;id=/;instance=cadvisor:8080;job=iot_service","2025-10-31T10:19:24Z","0"
"container_fs_reads_total","device=/rootfs/var/lib/docker/rootfs/overlayfs/fdfc0724b613bbad2b29e38f548044caa8fa5ece06aea1f7630b8b07f070b604/dev/shm;id=/;instance=cadvisor:8080;job=iot_service","2025-10-31T10:19:39Z","0"
"container_fs_reads_total","device=/rootfs/var/lib/docker/rootfs/overlayfs/fdfc0724b613bbad2b29e38f548044caa8fa5ece06aea1f7630b8b07f070b604/dev/shm;id=/;instance=cadvisor:8080;job=iot_service","2025-10-31T10:19:54Z","0"
"container_fs_reads_total","device=/rootfs/var/lib/docker/rootfs/overlayfs/fdfc0724b613bbad2b29e38f548044caa8fa5ece06aea1f7630b8b07f070b604/dev/shm;id=/;instance=cadvisor:8080;job=iot_service","2025-10-31T10:20:09Z","0"
"container_fs_reads_total","device=/rootfs/var/lib/docker/rootfs/overlayfs/fdfc0724b613bbad2b29e38f548044caa8fa5ece06aea1f7630b8b07f070b604/dev/shm;id=/;instance=cadvisor:8080;job=iot_service","2025-10-31T10:20:24Z","0"
"container_fs_reads_total","device=/rootfs/var/lib/docker/rootfs/overlayfs/fdfc0724b613bbad2b29e38f548044caa8fa5ece06aea1f7630b8b07f070b604/dev/shm;id=/;instance=cadvisor:8080;job=iot_service","2025-10-31T10:20:39Z","0"
"container_fs_reads_total","device=/rootfs/var/lib/docker/rootfs/overlayfs/fdfc0724b613bbad2b29e38f548044caa8fa5ece06aea1f7630b8b07f070b604/dev/shm;id=/;instance=cadvisor:8080;job=iot_service","2025-10-31T10:20:54Z","0"
"container_fs_reads_total","device=/rootfs/var/lib/docker/rootfs/overlayfs/fdfc0724b613bbad2b29e38f548044caa8fa5ece06aea1f7630b8b07f070b604/dev/shm;id=/;instance=cadvisor:8080;job=iot_service","2025-10-31T10:21:09Z","0"
"container_fs_reads_total","device=/rootfs/var/lib/docker/rootfs/overlayfs/fdfc0724b613bbad2b29e38f548044caa8fa5ece06aea1f7630b8b07f070b604/dev/shm;id=/;instance=cadvisor:8080;job=iot_service","2025-10-31T10:21:24Z","0"
"container_fs_reads_total","device=/rootfs/var/lib/docker/rootfs/overlayfs/fdfc0724b613bbad2b29e38f548044caa8fa5ece06aea1f7630b8b07f070b604/dev/shm;id=/;instance=cadvisor:8080;job=iot_service","2025-10-31T10:21:39Z","0"
"container_fs_reads_total","device=/rootfs/var/lib/docker/rootfs/overlayfs/fdfc0724b613bbad2b29e38f548044caa8fa5ece06aea1f7630b8b07f070b604/dev/shm;id=/;instance=cadvisor:8080;job=iot_service","2025-10-31T10:21:54Z","0"
"container_fs_reads_total","device=/rootfs/var/lib/docker/rootfs/overlayfs/fdfc0724b613bbad2b29e38f548044caa8fa5ece06aea1f7630b8b07f070b604/dev/shm;id=/;instance=cadvisor:8080;job=iot_service","2025-10-31T10:22:09Z","0"
"container_fs_reads_total","device=/rootfs/var/lib/docker/rootfs/overlayfs/fdfc0724b613bbad2b29e38f548044caa8fa5ece06aea1f7630b8b07f070b604/dev/shm;id=/;instance=cadvisor:8080;job=iot_service","2025-10-31T10:22:24Z","0"
"container_fs_reads_total","device=/rootfs/var/lib/docker/rootfs/overlayfs/fdfc0724b613bbad2b29e38f548044caa8fa5ece06aea1f7630b8b07f070b604/dev/shm;id=/;instance=cadvisor:8080;job=iot_service","2025-10-31T10:22:39Z","0"
"container_fs_reads_total","device=/rootfs/var/lib/docker/rootfs/overlayfs/fdfc0724b613bbad2b29e38f548044caa8fa5ece06aea1f7630b8b07f070b604/dev/shm;id=/;instance=cadvisor:8080;job=iot_service","2025-10-31T10:22:54Z","0"
"container_fs_reads_total","device=/rootfs/var/lib/docker/rootfs/overlayfs/fdfc0724b613bbad2b29e38f548044caa8fa5ece06aea1f7630b8b07f070b604/dev/shm;id=/;instance=cadvisor:8080;job=iot_service","2025-10-31T10:23:09Z","0"
"container_fs_reads_total","device=/rootfs/var/lib/docker/rootfs/overlayfs/fdfc0724b613bbad2b29e38f548044caa8fa5ece06aea1f7630b8b07f070b604/dev/shm;id=/;instance=cadvisor:8080;job=iot_service","2025-10-31T10:23:24Z","0"
"container_fs_reads_total","device=/rootfs/var/lib/docker/rootfs/overlayfs/fdfc0724b613bbad2b29e38f548044caa8fa5ece06aea1f7630b8b07f070b604/dev/shm;id=/;instance=cadvisor:8080;job=iot_service","2025-10-31T10:23:39Z","0"
"container_fs_reads_total","device=/rootfs/var/lib/docker/rootfs/overlayfs/fdfc0724b613bbad2b29e38f548044caa8fa5ece06aea1f7630b8b07f070b604/dev/shm;id=/;instance=cadvisor:8080;job=iot_service","2025-10-31T10:23:54Z","0"
"container_fs_reads_total","device=/rootfs/var/lib/docker/rootfs/overlayfs/fdfc0724b613bbad2b29e38f548044caa8fa5ece06aea1f7630b8b07f070b604/dev/shm;id=/;instance=cadvisor:8080;job=iot_service","2025-10-31T10:24:09Z","0"
"container_fs_reads_total","device=/rootfs/var/lib/docker/rootfs/overlayfs/fdfc0724b613bbad2b29e38f548044caa8fa5ece06aea1f7630b8b07f070b604/dev/shm;id=/;instance=cadvisor:8080;job=iot_service","2025-10-31T10:24:24Z","0"
"container_fs_reads_total","device=/rootfs/var/lib/docker/rootfs/overlayfs/fdfc0724b613bbad2b29e38f548044caa8fa5ece06aea1f7630b8b07f070b604/dev/shm;id=/;instance=cadvisor:8080;job=iot_service","2025-10-31T10:24:39Z","0"
"container_fs_reads_total","device=/rootfs/var/lib/docker/rootfs/overlayfs/fdfc0724b613bbad2b29e38f548044caa8fa5ece06aea1f7630b8b07f070b604/dev/shm;id=/;instance=cadvisor:8080;job=iot_service","2025-10-31T10:24:54Z","0"
"container_fs_reads_total","device=/rootfs/var/lib/docker/rootfs/overlayfs/fdfc0724b613bbad2b29e38f548044caa8fa5ece06aea1f7630b8b07f070b604/dev/shm;id=/;instance=cadvisor:8080;job=iot_service","2025-10-31T10:25:09Z","0"
"container_fs_reads_total","device=/rootfs/var/lib/docker/rootfs/overlayfs/fdfc0724b613bbad2b29e38f548044caa8fa5ece06aea1f7630b8b07f070b604/dev/shm;id=/;instance=cadvisor:8080;job=iot_service","2025-10-31T10:25:24Z","0"
"container_fs_reads_total","device=/rootfs/var/lib/docker/rootfs/overlayfs/fdfc0724b613bbad2b29e38f548044caa8fa5ece06aea1f7630b8b07f070b604/dev/shm;id=/;instance=cadvisor:8080;job=iot_service","2025-10-31T10:25:39Z","0"
"container_fs_reads_total","device=/rootfs/var/lib/docker/rootfs/overlayfs/fdfc0724b613bbad2b29e38f548044caa8fa5ece06aea1f7630b8b07f070b604/dev/shm;id=/;instance=cadvisor:8080;job=iot_service","2025-10-31T10:25:54Z","0"
"container_fs_reads_total","device=/rootfs/var/lib/docker/rootfs/overlayfs/fdfc0724b613bbad2b29e38f548044caa8fa5ece06aea1f7630b8b07f070b604/dev/shm;id=/;instance=cadvisor:8080;job=iot_service","2025-10-31T10:26:09Z","0"
"container_fs_reads_total","device=/rootfs/var/lib/docker/rootfs/overlayfs/fdfc0724b613bbad2b29e38f548044caa8fa5ece06aea1f7630b8b07f070b604/dev/shm;id=/;instance=cadvisor:8080;job=iot_service","2025-10-31T10:26:24Z","0"
"container_fs_reads_total","device=/rootfs/var/lib/docker/rootfs/overlayfs/fdfc0724b613bbad2b29e38f548044caa8fa5ece06aea1f7630b8b07f070b604/dev/shm;id=/;instance=cadvisor:8080;job=iot_service","2025-10-31T10:26:39Z","0"
"container_fs_reads_total","device=/rootfs/var/lib/docker/rootfs/overlayfs/fdfc0724b613bbad2b29e38f548044caa8fa5ece06aea1f7630b8b07f070b604/dev/shm;id=/;instance=cadvisor:8080;job=iot_service","2025-10-31T10:26:54Z","0"
"container_fs_reads_total","device=/rootfs/var/lib/docker/rootfs/overlayfs/fdfc0724b613bbad2b29e38f548044caa8fa5ece06aea1f7630b8b07f070b604/dev/shm;id=/;instance=cadvisor:8080;job=iot_service","2025-10-31T10:27:09Z","0"
"container_fs_reads_total","device=/rootfs/var/lib/docker/rootfs/overlayfs/fdfc0724b613bbad2b29e38f548044caa8fa5ece06aea1f7630b8b07f070b604/dev/shm;id=/;instance=cadvisor:8080;job=iot_service","2025-10-31T10:27:24Z","0"
"container_fs_reads_total","device=/rootfs/var/lib/docker/rootfs/overlayfs/fdfc0724b613bbad2b29e38f548044caa8fa5ece06aea1f7630b8b07f070b604/dev/shm;id=/;instance=cadvisor:8080;job=iot_service","2025-10-31T10:27:39Z","0"
"container_fs_reads_total","device=/rootfs/var/lib/docker/rootfs/overlayfs/fdfc0724b613bbad2b29e38f548044caa8fa5ece06aea1f7630b8b07f070b604/dev/shm;id=/;instance=cadvisor:8080;job=iot_service","2025-10-31T10:27:54Z","0"
"container_fs_reads_total","device=/rootfs/var/lib/docker/rootfs/overlayfs/fdfc0724b613bbad2b29e38f548044caa8fa5ece06aea1f7630b8b07f070b604/dev/shm;id=/;instance=cadvisor:8080;job=iot_service","2025-10-31T10:28:09Z","0"
"container_fs_reads_total","device=/rootfs/var/lib/docker/rootfs/overlayfs/fdfc0724b613bbad2b29e38f548044caa8fa5ece06aea1f7630b8b07f070b604/dev/shm;id=/;instance=cadvisor:8080;job=iot_service","2025-10-31T10:28:24Z","0"
"container_fs_reads_total","device=/rootfs/var/lib/docker/rootfs/overlayfs/fdfc0724b613bbad2b29e38f548044caa8fa5ece06aea1f7630b8b07f070b604/dev/shm;id=/;instance=cadvisor:8080;job=iot_service","2025-10-31T10:28:39Z","0"
"container_fs_reads_total","device=/rootfs/var/lib/docker/rootfs/overlayfs/fdfc0724b613bbad2b29e38f548044caa8fa5ece06aea1f7630b8b07f070b604/dev/shm;id=/;instance=cadvisor:8080;job=iot_service","2025-10-31T10:28:54Z","0"
"container_fs_reads_total","device=/rootfs/var/lib/docker/rootfs/overlayfs/fdfc0724b613bbad2b29e38f548044caa8fa5ece06aea1f7630b8b07f070b604/dev/shm;id=/;instance=cadvisor:8080;job=iot_service","2025-10-31T10:29:09Z","0"
"container_fs_reads_total","device=/rootfs/var/lib/docker/rootfs/overlayfs/fdfc0724b613bbad2b29e38f548044caa8fa5ece06aea1f7630b8b07f070b604/dev/shm;id=/;instance=cadvisor:8080;job=iot_service","2025-10-31T10:29:24Z","0"
"container_fs_reads_total","device=/rootfs/var/lib/docker/rootfs/overlayfs/fdfc0724b613bbad2b29e38f548044caa8fa5ece06aea1f7630b8b07f070b604/dev/shm;id=/;instance=cadvisor:8080;job=iot_service","2025-10-31T10:29:39Z","0"
"container_fs_reads_total","device=/rootfs/var/lib/docker/rootfs/overlayfs/fdfc0724b613bbad2b29e38f548044caa8fa5ece06aea1f7630b8b07f070b604/dev/shm;id=/;instance=cadvisor:8080;job=iot_service","2025-10-31T10:29:54Z","0"
"container_fs_reads_total","device=/rootfs/var/lib/docker/rootfs/overlayfs/fdfc0724b613bbad2b29e38f548044caa8fa5ece06aea1f7630b8b07f070b604/dev/shm;id=/;instance=cadvisor:8080;job=iot_service","2025-10-31T10:30:09Z","0"
"container_fs_reads_total","device=/rootfs/var/lib/docker/rootfs/overlayfs/fdfc0724b613bbad2b29e38f548044caa8fa5ece06aea1f7630b8b07f070b604/dev/shm;id=/;instance=cadvisor:8080;job=iot_service","2025-10-31T10:30:24Z","0"
"container_fs_reads_total","device=/rootfs/var/lib/docker/rootfs/overlayfs/fdfc0724b613bbad2b29e38f548044caa8fa5ece06aea1f7630b8b07f070b604/dev/shm;id=/;instance=cadvisor:8080;job=iot_service","2025-10-31T10:30:39Z","0"
"container_fs_reads_total","device=/rootfs/var/lib/docker/rootfs/overlayfs/fdfc0724b613bbad2b29e38f548044caa8fa5ece06aea1f7630b8b07f070b604/dev/shm;id=/;instance=cadvisor:8080;job=iot_service","2025-10-31T10:30:54Z","0"
"container_fs_reads_total","device=/rootfs/var/lib/docker/rootfs/overlayfs/fdfc0724b613bbad2b29e38f548044caa8fa5ece06aea1f7630b8b07f070b604/dev/shm;id=/;instance=cadvisor:8080;job=iot_service","2025-10-31T10:31:09Z","0"
"container_fs_reads_total","device=/sys/firmware;id=/;instance=cadvisor:8080;job=iot_service","2025-10-31T10:16:09Z","0"
"container_fs_reads_total","device=/sys/firmware;id=/;instance=cadvisor:8080;job=iot_service","2025-10-31T10:16:24Z","0"
"container_fs_reads_total","device=/sys/firmware;id=/;instance=cadvisor:8080;job=iot_service","2025-10-31T10:16:39Z","0"
"container_fs_reads_total","device=/sys/firmware;id=/;instance=cadvisor:8080;job=iot_service","2025-10-31T10:16:54Z","0"
"container_fs_reads_total","device=/sys/firmware;id=/;instance=cadvisor:8080;job=iot_service","2025-10-31T10:17:09Z","0"
"container_fs_reads_total","device=/sys/firmware;id=/;instance=cadvisor:8080;job=iot_service","2025-10-31T10:17:24Z","0"
"container_fs_reads_total","device=/sys/firmware;id=/;instance=cadvisor:8080;job=iot_service","2025-10-31T10:17:39Z","0"
"container_fs_reads_total","device=/sys/firmware;id=/;instance=cadvisor:8080;job=iot_service","2025-10-31T10:17:54Z","0"
"container_fs_reads_total","device=/sys/firmware;id=/;instance=cadvisor:8080;job=iot_service","2025-10-31T10:18:09Z","0"
"container_fs_reads_total","device=/sys/firmware;id=/;instance=cadvisor:8080;job=iot_service","2025-10-31T10:18:24Z","0"
"container_fs_reads_total","device=/sys/firmware;id=/;instance=cadvisor:8080;job=iot_service","2025-10-31T10:18:39Z","0"
"container_fs_reads_total","device=/sys/firmware;id=/;instance=cadvisor:8080;job=iot_service","2025-10-31T10:18:54Z","0"
"container_fs_reads_total","device=/sys/firmware;id=/;instance=cadvisor:8080;job=iot_service","2025-10-31T10:19:09Z","0"
"container_fs_reads_total","device=/sys/firmware;id=/;instance=cadvisor:8080;job=iot_service","2025-10-31T10:19:24Z","0"
"container_fs_reads_total","device=/sys/firmware;id=/;instance=cadvisor:8080;job=iot_service","2025-10-31T10:19:39Z","0"
"container_fs_reads_total","device=/sys/firmware;id=/;instance=cadvisor:8080;job=iot_service","2025-10-31T10:19:54Z","0"
"container_fs_reads_total","device=/sys/firmware;id=/;instance=cadvisor:8080;job=iot_service","2025-10-31T10:20:09Z","0"
"container_fs_reads_total","device=/sys/firmware;id=/;instance=cadvisor:8080;job=iot_service","2025-10-31T10:20:24Z","0"
"container_fs_reads_total","device=/sys/firmware;id=/;instance=cadvisor:8080;job=iot_service","2025-10-31T10:20:39Z","0"
"container_fs_reads_total","device=/sys/firmware;id=/;instance=cadvisor:8080;job=iot_service","2025-10-31T10:20:54Z","0"
"container_fs_reads_total","device=/sys/firmware;id=/;instance=cadvisor:8080;job=iot_service","2025-10-31T10:21:09Z","0"
"container_fs_reads_total","device=/sys/firmware;id=/;instance=cadvisor:8080;job=iot_service","2025-10-31T10:21:24Z","0"
"container_fs_reads_total","device=/sys/firmware;id=/;instance=cadvisor:8080;job=iot_service","2025-10-31T10:21:39Z","0"
"container_fs_reads_total","device=/sys/firmware;id=/;instance=cadvisor:8080;job=iot_service","2025-10-31T10:21:54Z","0"
"container_fs_reads_total","device=/sys/firmware;id=/;instance=cadvisor:8080;job=iot_service","2025-10-31T10:22:09Z","0"
"container_fs_reads_total","device=/sys/firmware;id=/;instance=cadvisor:8080;job=iot_service","2025-10-31T10:22:24Z","0"
"container_fs_reads_total","device=/sys/firmware;id=/;instance=cadvisor:8080;job=iot_service","2025-10-31T10:22:39Z","0"
"container_fs_reads_total","device=/sys/firmware;id=/;instance=cadvisor:8080;job=iot_service","2025-10-31T10:22:54Z","0"
"container_fs_reads_total","device=/sys/firmware;id=/;instance=cadvisor:8080;job=iot_service","2025-10-31T10:23:09Z","0"
"container_fs_reads_total","device=/sys/firmware;id=/;instance=cadvisor:8080;job=iot_service","2025-10-31T10:23:24Z","0"
"container_fs_reads_total","device=/sys/firmware;id=/;instance=cadvisor:8080;job=iot_service","2025-10-31T10:23:39Z","0"
"container_fs_reads_total","device=/sys/firmware;id=/;instance=cadvisor:8080;job=iot_service","2025-10-31T10:23:54Z","0"
"container_fs_reads_total","device=/sys/firmware;id=/;instance=cadvisor:8080;job=iot_service","2025-10-31T10:24:09Z","0"
"container_fs_reads_total","device=/sys/firmware;id=/;instance=cadvisor:8080;job=iot_service","2025-10-31T10:24:24Z","0"
"container_fs_reads_total","device=/sys/firmware;id=/;instance=cadvisor:8080;job=iot_service","2025-10-31T10:24:39Z","0"
"container_fs_reads_total","device=/sys/firmware;id=/;instance=cadvisor:8080;job=iot_service","2025-10-31T10:24:54Z","0"
"container_fs_reads_total","device=/sys/firmware;id=/;instance=cadvisor:8080;job=iot_service","2025-10-31T10:25:09Z","0"
"container_fs_reads_total","device=/sys/firmware;id=/;instance=cadvisor:8080;job=iot_service","2025-10-31T10:25:24Z","0"
"container_fs_reads_total","device=/sys/firmware;id=/;instance=cadvisor:8080;job=iot_service","2025-10-31T10:25:39Z","0"
"container_fs_reads_total","device=/sys/firmware;id=/;instance=cadvisor:8080;job=iot_service","2025-10-31T10:25:54Z","0"
"container_fs_reads_total","device=/sys/firmware;id=/;instance=cadvisor:8080;job=iot_service","2025-10-31T10:26:09Z","0"
"container_fs_reads_total","device=/sys/firmware;id=/;instance=cadvisor:8080;job=iot_service","2025-10-31T10:26:24Z","0"
"container_fs_reads_total","device=/sys/firmware;id=/;instance=cadvisor:8080;job=iot_service","2025-10-31T10:26:39Z","0"
"container_fs_reads_total","device=/sys/firmware;id=/;instance=cadvisor:8080;job=iot_service","2025-10-31T10:26:54Z","0"
"container_fs_reads_total","device=/sys/firmware;id=/;instance=cadvisor:8080;job=iot_service","2025-10-31T10:27:09Z","0"
"container_fs_reads_total","device=/sys/firmware;id=/;instance=cadvisor:8080;job=iot_service","2025-10-31T10:27:24Z","0"
"container_fs_reads_total","device=/sys/firmware;id=/;instance=cadvisor:8080;job=iot_service","2025-10-31T10:27:39Z","0"
"container_fs_reads_total","device=/sys/firmware;id=/;instance=cadvisor:8080;job=iot_service","2025-10-31T10:27:54Z","0"
"container_fs_reads_total","device=/sys/firmware;id=/;instance=cadvisor:8080;job=iot_service","2025-10-31T10:28:09Z","0"
"container_fs_reads_total","device=/sys/firmware;id=/;instance=cadvisor:8080;job=iot_service","2025-10-31T10:28:24Z","0"
"container_fs_reads_total","device=/sys/firmware;id=/;instance=cadvisor:8080;job=iot_service","2025-10-31T10:28:39Z","0"
"container_fs_reads_total","device=/sys/firmware;id=/;instance=cadvisor:8080;job=iot_service","2025-10-31T10:28:54Z","0"
"container_fs_reads_total","device=/sys/firmware;id=/;instance=cadvisor:8080;job=iot_service","2025-10-31T10:29:09Z","0"
"container_fs_reads_total","device=/sys/firmware;id=/;instance=cadvisor:8080;job=iot_service","2025-10-31T10:29:24Z","0"
"container_fs_reads_total","device=/sys/firmware;id=/;instance=cadvisor:8080;job=iot_service","2025-10-31T10:29:39Z","0"
"container_fs_reads_total","device=/sys/firmware;id=/;instance=cadvisor:8080;job=iot_service","2025-10-31T10:29:54Z","0"
"container_fs_reads_total","device=/sys/firmware;id=/;instance=cadvisor:8080;job=iot_service","2025-10-31T10:30:09Z","0"
"container_fs_reads_total","device=/sys/firmware;id=/;instance=cadvisor:8080;job=iot_service","2025-10-31T10:30:24Z","0"
"container_fs_reads_total","device=/sys/firmware;id=/;instance=cadvisor:8080;job=iot_service","2025-10-31T10:30:39Z","0"
"container_fs_reads_total","device=/sys/firmware;id=/;instance=cadvisor:8080;job=iot_service","2025-10-31T10:30:54Z","0"
"container_fs_reads_total","device=/sys/firmware;id=/;instance=cadvisor:8080;job=iot_service","2025-10-31T10:31:09Z","0"
"container_fs_reads_total","device=/var/lib/docker/rootfs/overlayfs/fdfc0724b613bbad2b29e38f548044caa8fa5ece06aea1f7630b8b07f070b604/dev;id=/;instance=cadvisor:8080;job=iot_service","2025-10-31T10:16:09Z","0"
"container_fs_reads_total","device=/var/lib/docker/rootfs/overlayfs/fdfc0724b613bbad2b29e38f548044caa8fa5ece06aea1f7630b8b07f070b604/dev;id=/;instance=cadvisor:8080;job=iot_service","2025-10-31T10:16:24Z","0"
"container_fs_reads_total","device=/var/lib/docker/rootfs/overlayfs/fdfc0724b613bbad2b29e38f548044caa8fa5ece06aea1f7630b8b07f070b604/dev;id=/;instance=cadvisor:8080;job=iot_service","2025-10-31T10:16:39Z","0"
"container_fs_reads_total","device=/var/lib/docker/rootfs/overlayfs/fdfc0724b613bbad2b29e38f548044caa8fa5ece06aea1f7630b8b07f070b604/dev;id=/;instance=cadvisor:8080;job=iot_service","2025-10-31T10:16:54Z","0"
"container_fs_reads_total","device=/var/lib/docker/rootfs/overlayfs/fdfc0724b613bbad2b29e38f548044caa8fa5ece06aea1f7630b8b07f070b604/dev;id=/;instance=cadvisor:8080;job=iot_service","2025-10-31T10:17:09Z","0"
"container_fs_reads_total","device=/var/lib/docker/rootfs/overlayfs/fdfc0724b613bbad2b29e38f548044caa8fa5ece06aea1f7630b8b07f070b604/dev;id=/;instance=cadvisor:8080;job=iot_service","2025-10-31T10:17:24Z","0"
"container_fs_reads_total","device=/var/lib/docker/rootfs/overlayfs/fdfc0724b613bbad2b29e38f548044caa8fa5ece06aea1f7630b8b07f070b604/dev;id=/;instance=cadvisor:8080;job=iot_service","2025-10-31T10:17:39Z","0"
"container_fs_reads_total","device=/var/lib/docker/rootfs/overlayfs/fdfc0724b613bbad2b29e38f548044caa8fa5ece06aea1f7630b8b07f070b604/dev;id=/;instance=cadvisor:8080;job=iot_service","2025-10-31T10:17:54Z","0"
"container_fs_reads_total","device=/var/lib/docker/rootfs/overlayfs/fdfc0724b613bbad2b29e38f548044caa8fa5ece06aea1f7630b8b07f070b604/dev;id=/;instance=cadvisor:8080;job=iot_service","2025-10-31T10:18:09Z","0"
"container_fs_reads_total","device=/var/lib/docker/rootfs/overlayfs/fdfc0724b613bbad2b29e38f548044caa8fa5ece06aea1f7630b8b07f070b604/dev;id=/;instance=cadvisor:8080;job=iot_service","2025-10-31T10:18:24Z","0"
"container_fs_reads_total","device=/var/lib/docker/rootfs/overlayfs/fdfc0724b613bbad2b29e38f548044caa8fa5ece06aea1f7630b8b07f070b604/dev;id=/;instance=cadvisor:8080;job=iot_service","2025-10-31T10:18:39Z","0"
"container_fs_reads_total","device=/var/lib/docker/rootfs/overlayfs/fdfc0724b613bbad2b29e38f548044caa8fa5ece06aea1f7630b8b07f070b604/dev;id=/;instance=cadvisor:8080;job=iot_service","2025-10-31T10:18:54Z","0"
"container_fs_reads_total","device=/var/lib/docker/rootfs/overlayfs/fdfc0724b613bbad2b29e38f548044caa8fa5ece06aea1f7630b8b07f070b604/dev;id=/;instance=cadvisor:8080;job=iot_service","2025-10-31T10:19:09Z","0"
"container_fs_reads_total","device=/var/lib/docker/rootfs/overlayfs/fdfc0724b613bbad2b29e38f548044caa8fa5ece06aea1f7630b8b07f070b604/dev;id=/;instance=cadvisor:8080;job=iot_service","2025-10-31T10:19:24Z","0"
"container_fs_reads_total","device=/var/lib/docker/rootfs/overlayfs/fdfc0724b613bbad2b29e38f548044caa8fa5ece06aea1f7630b8b07f070b604/dev;id=/;instance=cadvisor:8080;job=iot_service","2025-10-31T10:19:39Z","0"
"container_fs_reads_total","device=/var/lib/docker/rootfs/overlayfs/fdfc0724b613bbad2b29e38f548044caa8fa5ece06aea1f7630b8b07f070b604/dev;id=/;instance=cadvisor:8080;job=iot_service","2025-10-31T10:19:54Z","0"
"container_fs_reads_total","device=/var/lib/docker/rootfs/overlayfs/fdfc0724b613bbad2b29e38f548044caa8fa5ece06aea1f7630b8b07f070b604/dev;id=/;instance=cadvisor:8080;job=iot_service","2025-10-31T10:20:09Z","0"
"container_fs_reads_total","device=/var/lib/docker/rootfs/overlayfs/fdfc0724b613bbad2b29e38f548044caa8fa5ece06aea1f7630b8b07f070b604/dev;id=/;instance=cadvisor:8080;job=iot_service","2025-10-31T10:20:24Z","0"
"container_fs_reads_total","device=/var/lib/docker/rootfs/overlayfs/fdfc0724b613bbad2b29e38f548044caa8fa5ece06aea1f7630b8b07f070b604/dev;id=/;instance=cadvisor:8080;job=iot_service","2025-10-31T10:20:39Z","0"
"container_fs_reads_total","device=/var/lib/docker/rootfs/overlayfs/fdfc0724b613bbad2b29e38f548044caa8fa5ece06aea1f7630b8b07f070b604/dev;id=/;instance=cadvisor:8080;job=iot_service","2025-10-31T10:20:54Z","0"
"container_fs_reads_total","device=/var/lib/docker/rootfs/overlayfs/fdfc0724b613bbad2b29e38f548044caa8fa5ece06aea1f7630b8b07f070b604/dev;id=/;instance=cadvisor:8080;job=iot_service","2025-10-31T10:21:09Z","0"
"container_fs_reads_total","device=/var/lib/docker/rootfs/overlayfs/fdfc0724b613bbad2b29e38f548044caa8fa5ece06aea1f7630b8b07f070b604/dev;id=/;instance=cadvisor:8080;job=iot_service","2025-10-31T10:21:24Z","0"
"container_fs_reads_total","device=/var/lib/docker/rootfs/overlayfs/fdfc0724b613bbad2b29e38f548044caa8fa5ece06aea1f7630b8b07f070b604/dev;id=/;instance=cadvisor:8080;job=iot_service","2025-10-31T10:21:39Z","0"
"container_fs_reads_total","device=/var/lib/docker/rootfs/overlayfs/fdfc0724b613bbad2b29e38f548044caa8fa5ece06aea1f7630b8b07f070b604/dev;id=/;instance=cadvisor:8080;job=iot_service","2025-10-31T10:21:54Z","0"
"container_fs_reads_total","device=/var/lib/docker/rootfs/overlayfs/fdfc0724b613bbad2b29e38f548044caa8fa5ece06aea1f7630b8b07f070b604/dev;id=/;instance=cadvisor:8080;job=iot_service","2025-10-31T10:22:09Z","0"
"container_fs_reads_total","device=/var/lib/docker/rootfs/overlayfs/fdfc0724b613bbad2b29e38f548044caa8fa5ece06aea1f7630b8b07f070b604/dev;id=/;instance=cadvisor:8080;job=iot_service","2025-10-31T10:22:24Z","0"
"container_fs_reads_total","device=/var/lib/docker/rootfs/overlayfs/fdfc0724b613bbad2b29e38f548044caa8fa5ece06aea1f7630b8b07f070b604/dev;id=/;instance=cadvisor:8080;job=iot_service","2025-10-31T10:22:39Z","0"
"container_fs_reads_total","device=/var/lib/docker/rootfs/overlayfs/fdfc0724b613bbad2b29e38f548044caa8fa5ece06aea1f7630b8b07f070b604/dev;id=/;instance=cadvisor:8080;job=iot_service","2025-10-31T10:22:54Z","0"
"container_fs_reads_total","device=/var/lib/docker/rootfs/overlayfs/fdfc0724b613bbad2b29e38f548044caa8fa5ece06aea1f7630b8b07f070b604/dev;id=/;instance=cadvisor:8080;job=iot_service","2025-10-31T10:23:09Z","0"
"container_fs_reads_total","device=/var/lib/docker/rootfs/overlayfs/fdfc0724b613bbad2b29e38f548044caa8fa5ece06aea1f7630b8b07f070b604/dev;id=/;instance=cadvisor:8080;job=iot_service","2025-10-31T10:23:24Z","0"
"container_fs_reads_total","device=/var/lib/docker/rootfs/overlayfs/fdfc0724b613bbad2b29e38f548044caa8fa5ece06aea1f7630b8b07f070b604/dev;id=/;instance=cadvisor:8080;job=iot_service","2025-10-31T10:23:39Z","0"
"container_fs_reads_total","device=/var/lib/docker/rootfs/overlayfs/fdfc0724b613bbad2b29e38f548044caa8fa5ece06aea1f7630b8b07f070b604/dev;id=/;instance=cadvisor:8080;job=iot_service","2025-10-31T10:23:54Z","0"
"container_fs_reads_total","device=/var/lib/docker/rootfs/overlayfs/fdfc0724b613bbad2b29e38f548044caa8fa5ece06aea1f7630b8b07f070b604/dev;id=/;instance=cadvisor:8080;job=iot_service","2025-10-31T10:24:09Z","0"
"container_fs_reads_total","device=/var/lib/docker/rootfs/overlayfs/fdfc0724b613bbad2b29e38f548044caa8fa5ece06aea1f7630b8b07f070b604/dev;id=/;instance=cadvisor:8080;job=iot_service","2025-10-31T10:24:24Z","0"
"container_fs_reads_total","device=/var/lib/docker/rootfs/overlayfs/fdfc0724b613bbad2b29e38f548044caa8fa5ece06aea1f7630b8b07f070b604/dev;id=/;instance=cadvisor:8080;job=iot_service","2025-10-31T10:24:39Z","0"
"container_fs_reads_total","device=/var/lib/docker/rootfs/overlayfs/fdfc0724b613bbad2b29e38f548044caa8fa5ece06aea1f7630b8b07f070b604/dev;id=/;instance=cadvisor:8080;job=iot_service","2025-10-31T10:24:54Z","0"
"container_fs_reads_total","device=/var/lib/docker/rootfs/overlayfs/fdfc0724b613bbad2b29e38f548044caa8fa5ece06aea1f7630b8b07f070b604/dev;id=/;instance=cadvisor:8080;job=iot_service","2025-10-31T10:25:09Z","0"
"container_fs_reads_total","device=/var/lib/docker/rootfs/overlayfs/fdfc0724b613bbad2b29e38f548044caa8fa5ece06aea1f7630b8b07f070b604/dev;id=/;instance=cadvisor:8080;job=iot_service","2025-10-31T10:25:24Z","0"
"container_fs_reads_total","device=/var/lib/docker/rootfs/overlayfs/fdfc0724b613bbad2b29e38f548044caa8fa5ece06aea1f7630b8b07f070b604/dev;id=/;instance=cadvisor:8080;job=iot_service","2025-10-31T10:25:39Z","0"
"container_fs_reads_total","device=/var/lib/docker/rootfs/overlayfs/fdfc0724b613bbad2b29e38f548044caa8fa5ece06aea1f7630b8b07f070b604/dev;id=/;instance=cadvisor:8080;job=iot_service","2025-10-31T10:25:54Z","0"
"container_fs_reads_total","device=/var/lib/docker/rootfs/overlayfs/fdfc0724b613bbad2b29e38f548044caa8fa5ece06aea1f7630b8b07f070b604/dev;id=/;instance=cadvisor:8080;job=iot_service","2025-10-31T10:26:09Z","0"
"container_fs_reads_total","device=/var/lib/docker/rootfs/overlayfs/fdfc0724b613bbad2b29e38f548044caa8fa5ece06aea1f7630b8b07f070b604/dev;id=/;instance=cadvisor:8080;job=iot_service","2025-10-31T10:26:24Z","0"
"container_fs_reads_total","device=/var/lib/docker/rootfs/overlayfs/fdfc0724b613bbad2b29e38f548044caa8fa5ece06aea1f7630b8b07f070b604/dev;id=/;instance=cadvisor:8080;job=iot_service","2025-10-31T10:26:39Z","0"
"container_fs_reads_total","device=/var/lib/docker/rootfs/overlayfs/fdfc0724b613bbad2b29e38f548044caa8fa5ece06aea1f7630b8b07f070b604/dev;id=/;instance=cadvisor:8080;job=iot_service","2025-10-31T10:26:54Z","0"
"container_fs_reads_total","device=/var/lib/docker/rootfs/overlayfs/fdfc0724b613bbad2b29e38f548044caa8fa5ece06aea1f7630b8b07f070b604/dev;id=/;instance=cadvisor:8080;job=iot_service","2025-10-31T10:27:09Z","0"
"container_fs_reads_total","device=/var/lib/docker/rootfs/overlayfs/fdfc0724b613bbad2b29e38f548044caa8fa5ece06aea1f7630b8b07f070b604/dev;id=/;instance=cadvisor:8080;job=iot_service","2025-10-31T10:27:24Z","0"
"container_fs_reads_total","device=/var/lib/docker/rootfs/overlayfs/fdfc0724b613bbad2b29e38f548044caa8fa5ece06aea1f7630b8b07f070b604/dev;id=/;instance=cadvisor:8080;job=iot_service","2025-10-31T10:27:39Z","0"
"container_fs_reads_total","device=/var/lib/docker/rootfs/overlayfs/fdfc0724b613bbad2b29e38f548044caa8fa5ece06aea1f7630b8b07f070b604/dev;id=/;instance=cadvisor:8080;job=iot_service","2025-10-31T10:27:54Z","0"
"container_fs_reads_total","device=/var/lib/docker/rootfs/overlayfs/fdfc0724b613bbad2b29e38f548044caa8fa5ece06aea1f7630b8b07f070b604/dev;id=/;instance=cadvisor:8080;job=iot_service","2025-10-31T10:28:09Z","0"
"container_fs_reads_total","device=/var/lib/docker/rootfs/overlayfs/fdfc0724b613bbad2b29e38f548044caa8fa5ece06aea1f7630b8b07f070b604/dev;id=/;instance=cadvisor:8080;job=iot_service","2025-10-31T10:28:24Z","0"
"container_fs_reads_total","device=/var/lib/docker/rootfs/overlayfs/fdfc0724b613bbad2b29e38f548044caa8fa5ece06aea1f7630b8b07f070b604/dev;id=/;instance=cadvisor:8080;job=iot_service","2025-10-31T10:28:39Z","0"
"container_fs_reads_total","device=/var/lib/docker/rootfs/overlayfs/fdfc0724b613bbad2b29e38f548044caa8fa5ece06aea1f7630b8b07f070b604/dev;id=/;instance=cadvisor:8080;job=iot_service","2025-10-31T10:28:54Z","0"
"container_fs_reads_total","device=/var/lib/docker/rootfs/overlayfs/fdfc0724b613bbad2b29e38f548044caa8fa5ece06aea1f7630b8b07f070b604/dev;id=/;instance=cadvisor:8080;job=iot_service","2025-10-31T10:29:09Z","0"
"container_fs_reads_total","device=/var/lib/docker/rootfs/overlayfs/fdfc0724b613bbad2b29e38f548044caa8fa5ece06aea1f7630b8b07f070b604/dev;id=/;instance=cadvisor:8080;job=iot_service","2025-10-31T10:29:24Z","0"
"container_fs_reads_total","device=/var/lib/docker/rootfs/overlayfs/fdfc0724b613bbad2b29e38f548044caa8fa5ece06aea1f7630b8b07f070b604/dev;id=/;instance=cadvisor:8080;job=iot_service","2025-10-31T10:29:39Z","0"
"container_fs_reads_total","device=/var/lib/docker/rootfs/overlayfs/fdfc0724b613bbad2b29e38f548044caa8fa5ece06aea1f7630b8b07f070b604/dev;id=/;instance=cadvisor:8080;job=iot_service","2025-10-31T10:29:54Z","0"
"container_fs_reads_total","device=/var/lib/docker/rootfs/overlayfs/fdfc0724b613bbad2b29e38f548044caa8fa5ece06aea1f7630b8b07f070b604/dev;id=/;instance=cadvisor:8080;job=iot_service","2025-10-31T10:30:09Z","0"
"container_fs_reads_total","device=/var/lib/docker/rootfs/overlayfs/fdfc0724b613bbad2b29e38f548044caa8fa5ece06aea1f7630b8b07f070b604/dev;id=/;instance=cadvisor:8080;job=iot_service","2025-10-31T10:30:24Z","0"
"container_fs_reads_total","device=/var/lib/docker/rootfs/overlayfs/fdfc0724b613bbad2b29e38f548044caa8fa5ece06aea1f7630b8b07f070b604/dev;id=/;instance=cadvisor:8080;job=iot_service","2025-10-31T10:30:39Z","0"
"container_fs_reads_total","device=/var/lib/docker/rootfs/overlayfs/fdfc0724b613bbad2b29e38f548044caa8fa5ece06aea1f7630b8b07f070b604/dev;id=/;instance=cadvisor:8080;job=iot_service","2025-10-31T10:30:54Z","0"
"container_fs_reads_total","device=/var/lib/docker/rootfs/overlayfs/fdfc0724b613bbad2b29e38f548044caa8fa5ece06aea1f7630b8b07f070b604/dev;id=/;instance=cadvisor:8080;job=iot_service","2025-10-31T10:31:09Z","0"
"container_fs_reads_total","device=/var/lib/docker/rootfs/overlayfs/fdfc0724b613bbad2b29e38f548044caa8fa5ece06aea1f7630b8b07f070b604/dev/shm;id=/;instance=cadvisor:8080;job=iot_service","2025-10-31T10:16:09Z","0"
"container_fs_reads_total","device=/var/lib/docker/rootfs/overlayfs/fdfc0724b613bbad2b29e38f548044caa8fa5ece06aea1f7630b8b07f070b604/dev/shm;id=/;instance=cadvisor:8080;job=iot_service","2025-10-31T10:16:24Z","0"
"container_fs_reads_total","device=/var/lib/docker/rootfs/overlayfs/fdfc0724b613bbad2b29e38f548044caa8fa5ece06aea1f7630b8b07f070b604/dev/shm;id=/;instance=cadvisor:8080;job=iot_service","2025-10-31T10:16:39Z","0"
"container_fs_reads_total","device=/var/lib/docker/rootfs/overlayfs/fdfc0724b613bbad2b29e38f548044caa8fa5ece06aea1f7630b8b07f070b604/dev/shm;id=/;instance=cadvisor:8080;job=iot_service","2025-10-31T10:16:54Z","0"
"container_fs_reads_total","device=/var/lib/docker/rootfs/overlayfs/fdfc0724b613bbad2b29e38f548044caa8fa5ece06aea1f7630b8b07f070b604/dev/shm;id=/;instance=cadvisor:8080;job=iot_service","2025-10-31T10:17:09Z","0"
"container_fs_reads_total","device=/var/lib/docker/rootfs/overlayfs/fdfc0724b613bbad2b29e38f548044caa8fa5ece06aea1f7630b8b07f070b604/dev/shm;id=/;instance=cadvisor:8080;job=iot_service","2025-10-31T10:17:24Z","0"
"container_fs_reads_total","device=/var/lib/docker/rootfs/overlayfs/fdfc0724b613bbad2b29e38f548044caa8fa5ece06aea1f7630b8b07f070b604/dev/shm;id=/;instance=cadvisor:8080;job=iot_service","2025-10-31T10:17:39Z","0"
"container_fs_reads_total","device=/var/lib/docker/rootfs/overlayfs/fdfc0724b613bbad2b29e38f548044caa8fa5ece06aea1f7630b8b07f070b604/dev/shm;id=/;instance=cadvisor:8080;job=iot_service","2025-10-31T10:17:54Z","0"
"container_fs_reads_total","device=/var/lib/docker/rootfs/overlayfs/fdfc0724b613bbad2b29e38f548044caa8fa5ece06aea1f7630b8b07f070b604/dev/shm;id=/;instance=cadvisor:8080;job=iot_service","2025-10-31T10:18:09Z","0"
"container_fs_reads_total","device=/var/lib/docker/rootfs/overlayfs/fdfc0724b613bbad2b29e38f548044caa8fa5ece06aea1f7630b8b07f070b604/dev/shm;id=/;instance=cadvisor:8080;job=iot_service","2025-10-31T10:18:24Z","0"
"container_fs_reads_total","device=/var/lib/docker/rootfs/overlayfs/fdfc0724b613bbad2b29e38f548044caa8fa5ece06aea1f7630b8b07f070b604/dev/shm;id=/;instance=cadvisor:8080;job=iot_service","2025-10-31T10:18:39Z","0"
"container_fs_reads_total","device=/var/lib/docker/rootfs/overlayfs/fdfc0724b613bbad2b29e38f548044caa8fa5ece06aea1f7630b8b07f070b604/dev/shm;id=/;instance=cadvisor:8080;job=iot_service","2025-10-31T10:18:54Z","0"
"container_fs_reads_total","device=/var/lib/docker/rootfs/overlayfs/fdfc0724b613bbad2b29e38f548044caa8fa5ece06aea1f7630b8b07f070b604/dev/shm;id=/;instance=cadvisor:8080;job=iot_service","2025-10-31T10:19:09Z","0"
"container_fs_reads_total","device=/var/lib/docker/rootfs/overlayfs/fdfc0724b613bbad2b29e38f548044caa8fa5ece06aea1f7630b8b07f070b604/dev/shm;id=/;instance=cadvisor:8080;job=iot_service","2025-10-31T10:19:24Z","0"
"container_fs_reads_total","device=/var/lib/docker/rootfs/overlayfs/fdfc0724b613bbad2b29e38f548044caa8fa5ece06aea1f7630b8b07f070b604/dev/shm;id=/;instance=cadvisor:8080;job=iot_service","2025-10-31T10:19:39Z","0"
"container_fs_reads_total","device=/var/lib/docker/rootfs/overlayfs/fdfc0724b613bbad2b29e38f548044caa8fa5ece06aea1f7630b8b07f070b604/dev/shm;id=/;instance=cadvisor:8080;job=iot_service","2025-10-31T10:19:54Z","0"
"container_fs_reads_total","device=/var/lib/docker/rootfs/overlayfs/fdfc0724b613bbad2b29e38f548044caa8fa5ece06aea1f7630b8b07f070b604/dev/shm;id=/;instance=cadvisor:8080;job=iot_service","2025-10-31T10:20:09Z","0"
"container_fs_reads_total","device=/var/lib/docker/rootfs/overlayfs/fdfc0724b613bbad2b29e38f548044caa8fa5ece06aea1f7630b8b07f070b604/dev/shm;id=/;instance=cadvisor:8080;job=iot_service","2025-10-31T10:20:24Z","0"
"container_fs_reads_total","device=/var/lib/docker/rootfs/overlayfs/fdfc0724b613bbad2b29e38f548044caa8fa5ece06aea1f7630b8b07f070b604/dev/shm;id=/;instance=cadvisor:8080;job=iot_service","2025-10-31T10:20:39Z","0"
"container_fs_reads_total","device=/var/lib/docker/rootfs/overlayfs/fdfc0724b613bbad2b29e38f548044caa8fa5ece06aea1f7630b8b07f070b604/dev/shm;id=/;instance=cadvisor:8080;job=iot_service","2025-10-31T10:20:54Z","0"
"container_fs_reads_total","device=/var/lib/docker/rootfs/overlayfs/fdfc0724b613bbad2b29e38f548044caa8fa5ece06aea1f7630b8b07f070b604/dev/shm;id=/;instance=cadvisor:8080;job=iot_service","2025-10-31T10:21:09Z","0"
"container_fs_reads_total","device=/var/lib/docker/rootfs/overlayfs/fdfc0724b613bbad2b29e38f548044caa8fa5ece06aea1f7630b8b07f070b604/dev/shm;id=/;instance=cadvisor:8080;job=iot_service","2025-10-31T10:21:24Z","0"
"container_fs_reads_total","device=/var/lib/docker/rootfs/overlayfs/fdfc0724b613bbad2b29e38f548044caa8fa5ece06aea1f7630b8b07f070b604/dev/shm;id=/;instance=cadvisor:8080;job=iot_service","2025-10-31T10:21:39Z","0"
"container_fs_reads_total","device=/var/lib/docker/rootfs/overlayfs/fdfc0724b613bbad2b29e38f548044caa8fa5ece06aea1f7630b8b07f070b604/dev/shm;id=/;instance=cadvisor:8080;job=iot_service","2025-10-31T10:21:54Z","0"
"container_fs_reads_total","device=/var/lib/docker/rootfs/overlayfs/fdfc0724b613bbad2b29e38f548044caa8fa5ece06aea1f7630b8b07f070b604/dev/shm;id=/;instance=cadvisor:8080;job=iot_service","2025-10-31T10:22:09Z","0"
"container_fs_reads_total","device=/var/lib/docker/rootfs/overlayfs/fdfc0724b613bbad2b29e38f548044caa8fa5ece06aea1f7630b8b07f070b604/dev/shm;id=/;instance=cadvisor:8080;job=iot_service","2025-10-31T10:22:24Z","0"
"container_fs_reads_total","device=/var/lib/docker/rootfs/overlayfs/fdfc0724b613bbad2b29e38f548044caa8fa5ece06aea1f7630b8b07f070b604/dev/shm;id=/;instance=cadvisor:8080;job=iot_service","2025-10-31T10:22:39Z","0"
"container_fs_reads_total","device=/var/lib/docker/rootfs/overlayfs/fdfc0724b613bbad2b29e38f548044caa8fa5ece06aea1f7630b8b07f070b604/dev/shm;id=/;instance=cadvisor:8080;job=iot_service","2025-10-31T10:22:54Z","0"
"container_fs_reads_total","device=/var/lib/docker/rootfs/overlayfs/fdfc0724b613bbad2b29e38f548044caa8fa5ece06aea1f7630b8b07f070b604/dev/shm;id=/;instance=cadvisor:8080;job=iot_service","2025-10-31T10:23:09Z","0"
"container_fs_reads_total","device=/var/lib/docker/rootfs/overlayfs/fdfc0724b613bbad2b29e38f548044caa8fa5ece06aea1f7630b8b07f070b604/dev/shm;id=/;instance=cadvisor:8080;job=iot_service","2025-10-31T10:23:24Z","0"
"container_fs_reads_total","device=/var/lib/docker/rootfs/overlayfs/fdfc0724b613bbad2b29e38f548044caa8fa5ece06aea1f7630b8b07f070b604/dev/shm;id=/;instance=cadvisor:8080;job=iot_service","2025-10-31T10:23:39Z","0"
"container_fs_reads_total","device=/var/lib/docker/rootfs/overlayfs/fdfc0724b613bbad2b29e38f548044caa8fa5ece06aea1f7630b8b07f070b604/dev/shm;id=/;instance=cadvisor:8080;job=iot_service","2025-10-31T10:23:54Z","0"
"container_fs_reads_total","device=/var/lib/docker/rootfs/overlayfs/fdfc0724b613bbad2b29e38f548044caa8fa5ece06aea1f7630b8b07f070b604/dev/shm;id=/;instance=cadvisor:8080;job=iot_service","2025-10-31T10:24:09Z","0"
"container_fs_reads_total","device=/var/lib/docker/rootfs/overlayfs/fdfc0724b613bbad2b29e38f548044caa8fa5ece06aea1f7630b8b07f070b604/dev/shm;id=/;instance=cadvisor:8080;job=iot_service","2025-10-31T10:24:24Z","0"
"container_fs_reads_total","device=/var/lib/docker/rootfs/overlayfs/fdfc0724b613bbad2b29e38f548044caa8fa5ece06aea1f7630b8b07f070b604/dev/shm;id=/;instance=cadvisor:8080;job=iot_service","2025-10-31T10:24:39Z","0"
"container_fs_reads_total","device=/var/lib/docker/rootfs/overlayfs/fdfc0724b613bbad2b29e38f548044caa8fa5ece06aea1f7630b8b07f070b604/dev/shm;id=/;instance=cadvisor:8080;job=iot_service","2025-10-31T10:24:54Z","0"
"container_fs_reads_total","device=/var/lib/docker/rootfs/overlayfs/fdfc0724b613bbad2b29e38f548044caa8fa5ece06aea1f7630b8b07f070b604/dev/shm;id=/;instance=cadvisor:8080;job=iot_service","2025-10-31T10:25:09Z","0"
"container_fs_reads_total","device=/var/lib/docker/rootfs/overlayfs/fdfc0724b613bbad2b29e38f548044caa8fa5ece06aea1f7630b8b07f070b604/dev/shm;id=/;instance=cadvisor:8080;job=iot_service","2025-10-31T10:25:24Z","0"
"container_fs_reads_total","device=/var/lib/docker/rootfs/overlayfs/fdfc0724b613bbad2b29e38f548044caa8fa5ece06aea1f7630b8b07f070b604/dev/shm;id=/;instance=cadvisor:8080;job=iot_service","2025-10-31T10:25:39Z","0"
"container_fs_reads_total","device=/var/lib/docker/rootfs/overlayfs/fdfc0724b613bbad2b29e38f548044caa8fa5ece06aea1f7630b8b07f070b604/dev/shm;id=/;instance=cadvisor:8080;job=iot_service","2025-10-31T10:25:54Z","0"
"container_fs_reads_total","device=/var/lib/docker/rootfs/overlayfs/fdfc0724b613bbad2b29e38f548044caa8fa5ece06aea1f7630b8b07f070b604/dev/shm;id=/;instance=cadvisor:8080;job=iot_service","2025-10-31T10:26:09Z","0"
"container_fs_reads_total","device=/var/lib/docker/rootfs/overlayfs/fdfc0724b613bbad2b29e38f548044caa8fa5ece06aea1f7630b8b07f070b604/dev/shm;id=/;instance=cadvisor:8080;job=iot_service","2025-10-31T10:26:24Z","0"
"container_fs_reads_total","device=/var/lib/docker/rootfs/overlayfs/fdfc0724b613bbad2b29e38f548044caa8fa5ece06aea1f7630b8b07f070b604/dev/shm;id=/;instance=cadvisor:8080;job=iot_service","2025-10-31T10:26:39Z","0"
"container_fs_reads_total","device=/var/lib/docker/rootfs/overlayfs/fdfc0724b613bbad2b29e38f548044caa8fa5ece06aea1f7630b8b07f070b604/dev/shm;id=/;instance=cadvisor:8080;job=iot_service","2025-10-31T10:26:54Z","0"
"container_fs_reads_total","device=/var/lib/docker/rootfs/overlayfs/fdfc0724b613bbad2b29e38f548044caa8fa5ece06aea1f7630b8b07f070b604/dev/shm;id=/;instance=cadvisor:8080;job=iot_service","2025-10-31T10:27:09Z","0"
"container_fs_reads_total","device=/var/lib/docker/rootfs/overlayfs/fdfc0724b613bbad2b29e38f548044caa8fa5ece06aea1f7630b8b07f070b604/dev/shm;id=/;instance=cadvisor:8080;job=iot_service","2025-10-31T10:27:24Z","0"
"container_fs_reads_total","device=/var/lib/docker/rootfs/overlayfs/fdfc0724b613bbad2b29e38f548044caa8fa5ece06aea1f7630b8b07f070b604/dev/shm;id=/;instance=cadvisor:8080;job=iot_service","2025-10-31T10:27:39Z","0"
"container_fs_reads_total","device=/var/lib/docker/rootfs/overlayfs/fdfc0724b613bbad2b29e38f548044caa8fa5ece06aea1f7630b8b07f070b604/dev/shm;id=/;instance=cadvisor:8080;job=iot_service","2025-10-31T10:27:54Z","0"
"container_fs_reads_total","device=/var/lib/docker/rootfs/overlayfs/fdfc0724b613bbad2b29e38f548044caa8fa5ece06aea1f7630b8b07f070b604/dev/shm;id=/;instance=cadvisor:8080;job=iot_service","2025-10-31T10:28:09Z","0"
"container_fs_reads_total","device=/var/lib/docker/rootfs/overlayfs/fdfc0724b613bbad2b29e38f548044caa8fa5ece06aea1f7630b8b07f070b604/dev/shm;id=/;instance=cadvisor:8080;job=iot_service","2025-10-31T10:28:24Z","0"
"container_fs_reads_total","device=/var/lib/docker/rootfs/overlayfs/fdfc0724b613bbad2b29e38f548044caa8fa5ece06aea1f7630b8b07f070b604/dev/shm;id=/;instance=cadvisor:8080;job=iot_service","2025-10-31T10:28:39Z","0"
"container_fs_reads_total","device=/var/lib/docker/rootfs/overlayfs/fdfc0724b613bbad2b29e38f548044caa8fa5ece06aea1f7630b8b07f070b604/dev/shm;id=/;instance=cadvisor:8080;job=iot_service","2025-10-31T10:28:54Z","0"
"container_fs_reads_total","device=/var/lib/docker/rootfs/overlayfs/fdfc0724b613bbad2b29e38f548044caa8fa5ece06aea1f7630b8b07f070b604/dev/shm;id=/;instance=cadvisor:8080;job=iot_service","2025-10-31T10:29:09Z","0"
"container_fs_reads_total","device=/var/lib/docker/rootfs/overlayfs/fdfc0724b613bbad2b29e38f548044caa8fa5ece06aea1f7630b8b07f070b604/dev/shm;id=/;instance=cadvisor:8080;job=iot_service","2025-10-31T10:29:24Z","0"
"container_fs_reads_total","device=/var/lib/docker/rootfs/overlayfs/fdfc0724b613bbad2b29e38f548044caa8fa5ece06aea1f7630b8b07f070b604/dev/shm;id=/;instance=cadvisor:8080;job=iot_service","2025-10-31T10:29:39Z","0"
"container_fs_reads_total","device=/var/lib/docker/rootfs/overlayfs/fdfc0724b613bbad2b29e38f548044caa8fa5ece06aea1f7630b8b07f070b604/dev/shm;id=/;instance=cadvisor:8080;job=iot_service","2025-10-31T10:29:54Z","0"
"container_fs_reads_total","device=/var/lib/docker/rootfs/overlayfs/fdfc0724b613bbad2b29e38f548044caa8fa5ece06aea1f7630b8b07f070b604/dev/shm;id=/;instance=cadvisor:8080;job=iot_service","2025-10-31T10:30:09Z","0"
"container_fs_reads_total","device=/var/lib/docker/rootfs/overlayfs/fdfc0724b613bbad2b29e38f548044caa8fa5ece06aea1f7630b8b07f070b604/dev/shm;id=/;instance=cadvisor:8080;job=iot_service","2025-10-31T10:30:24Z","0"
"container_fs_reads_total","device=/var/lib/docker/rootfs/overlayfs/fdfc0724b613bbad2b29e38f548044caa8fa5ece06aea1f7630b8b07f070b604/dev/shm;id=/;instance=cadvisor:8080;job=iot_service","2025-10-31T10:30:39Z","0"
"container_fs_reads_total","device=/var/lib/docker/rootfs/overlayfs/fdfc0724b613bbad2b29e38f548044caa8fa5ece06aea1f7630b8b07f070b604/dev/shm;id=/;instance=cadvisor:8080;job=iot_service","2025-10-31T10:30:54Z","0"
"container_fs_reads_total","device=/var/lib/docker/rootfs/overlayfs/fdfc0724b613bbad2b29e38f548044caa8fa5ece06aea1f7630b8b07f070b604/dev/shm;id=/;instance=cadvisor:8080;job=iot_service","2025-10-31T10:31:09Z","0"
"container_fs_reads_total","device=/var/lib/docker/rootfs/overlayfs/fdfc0724b613bbad2b29e38f548044caa8fa5ece06aea1f7630b8b07f070b604/rootfs/dev/shm;id=/;instance=cadvisor:8080;job=iot_service","2025-10-31T10:16:09Z","0"
"container_fs_reads_total","device=/var/lib/docker/rootfs/overlayfs/fdfc0724b613bbad2b29e38f548044caa8fa5ece06aea1f7630b8b07f070b604/rootfs/dev/shm;id=/;instance=cadvisor:8080;job=iot_service","2025-10-31T10:16:24Z","0"
"container_fs_reads_total","device=/var/lib/docker/rootfs/overlayfs/fdfc0724b613bbad2b29e38f548044caa8fa5ece06aea1f7630b8b07f070b604/rootfs/dev/shm;id=/;instance=cadvisor:8080;job=iot_service","2025-10-31T10:16:39Z","0"
"container_fs_reads_total","device=/var/lib/docker/rootfs/overlayfs/fdfc0724b613bbad2b29e38f548044caa8fa5ece06aea1f7630b8b07f070b604/rootfs/dev/shm;id=/;instance=cadvisor:8080;job=iot_service","2025-10-31T10:16:54Z","0"
"container_fs_reads_total","device=/var/lib/docker/rootfs/overlayfs/fdfc0724b613bbad2b29e38f548044caa8fa5ece06aea1f7630b8b07f070b604/rootfs/dev/shm;id=/;instance=cadvisor:8080;job=iot_service","2025-10-31T10:17:09Z","0"
"container_fs_reads_total","device=/var/lib/docker/rootfs/overlayfs/fdfc0724b613bbad2b29e38f548044caa8fa5ece06aea1f7630b8b07f070b604/rootfs/dev/shm;id=/;instance=cadvisor:8080;job=iot_service","2025-10-31T10:17:24Z","0"
"container_fs_reads_total","device=/var/lib/docker/rootfs/overlayfs/fdfc0724b613bbad2b29e38f548044caa8fa5ece06aea1f7630b8b07f070b604/rootfs/dev/shm;id=/;instance=cadvisor:8080;job=iot_service","2025-10-31T10:17:39Z","0"
"container_fs_reads_total","device=/var/lib/docker/rootfs/overlayfs/fdfc0724b613bbad2b29e38f548044caa8fa5ece06aea1f7630b8b07f070b604/rootfs/dev/shm;id=/;instance=cadvisor:8080;job=iot_service","2025-10-31T10:17:54Z","0"
"container_fs_reads_total","device=/var/lib/docker/rootfs/overlayfs/fdfc0724b613bbad2b29e38f548044caa8fa5ece06aea1f7630b8b07f070b604/rootfs/dev/shm;id=/;instance=cadvisor:8080;job=iot_service","2025-10-31T10:18:09Z","0"
"container_fs_reads_total","device=/var/lib/docker/rootfs/overlayfs/fdfc0724b613bbad2b29e38f548044caa8fa5ece06aea1f7630b8b07f070b604/rootfs/dev/shm;id=/;instance=cadvisor:8080;job=iot_service","2025-10-31T10:18:24Z","0"
"container_fs_reads_total","device=/var/lib/docker/rootfs/overlayfs/fdfc0724b613bbad2b29e38f548044caa8fa5ece06aea1f7630b8b07f070b604/rootfs/dev/shm;id=/;instance=cadvisor:8080;job=iot_service","2025-10-31T10:18:39Z","0"
"container_fs_reads_total","device=/var/lib/docker/rootfs/overlayfs/fdfc0724b613bbad2b29e38f548044caa8fa5ece06aea1f7630b8b07f070b604/rootfs/dev/shm;id=/;instance=cadvisor:8080;job=iot_service","2025-10-31T10:18:54Z","0"
"container_fs_reads_total","device=/var/lib/docker/rootfs/overlayfs/fdfc0724b613bbad2b29e38f548044caa8fa5ece06aea1f7630b8b07f070b604/rootfs/dev/shm;id=/;instance=cadvisor:8080;job=iot_service","2025-10-31T10:19:09Z","0"
"container_fs_reads_total","device=/var/lib/docker/rootfs/overlayfs/fdfc0724b613bbad2b29e38f548044caa8fa5ece06aea1f7630b8b07f070b604/rootfs/dev/shm;id=/;instance=cadvisor:8080;job=iot_service","2025-10-31T10:19:24Z","0"
"container_fs_reads_total","device=/var/lib/docker/rootfs/overlayfs/fdfc0724b613bbad2b29e38f548044caa8fa5ece06aea1f7630b8b07f070b604/rootfs/dev/shm;id=/;instance=cadvisor:8080;job=iot_service","2025-10-31T10:19:39Z","0"
"container_fs_reads_total","device=/var/lib/docker/rootfs/overlayfs/fdfc0724b613bbad2b29e38f548044caa8fa5ece06aea1f7630b8b07f070b604/rootfs/dev/shm;id=/;instance=cadvisor:8080;job=iot_service","2025-10-31T10:19:54Z","0"
"container_fs_reads_total","device=/var/lib/docker/rootfs/overlayfs/fdfc0724b613bbad2b29e38f548044caa8fa5ece06aea1f7630b8b07f070b604/rootfs/dev/shm;id=/;instance=cadvisor:8080;job=iot_service","2025-10-31T10:20:09Z","0"
"container_fs_reads_total","device=/var/lib/docker/rootfs/overlayfs/fdfc0724b613bbad2b29e38f548044caa8fa5ece06aea1f7630b8b07f070b604/rootfs/dev/shm;id=/;instance=cadvisor:8080;job=iot_service","2025-10-31T10:20:24Z","0"
"container_fs_reads_total","device=/var/lib/docker/rootfs/overlayfs/fdfc0724b613bbad2b29e38f548044caa8fa5ece06aea1f7630b8b07f070b604/rootfs/dev/shm;id=/;instance=cadvisor:8080;job=iot_service","2025-10-31T10:20:39Z","0"
"container_fs_reads_total","device=/var/lib/docker/rootfs/overlayfs/fdfc0724b613bbad2b29e38f548044caa8fa5ece06aea1f7630b8b07f070b604/rootfs/dev/shm;id=/;instance=cadvisor:8080;job=iot_service","2025-10-31T10:20:54Z","0"
"container_fs_reads_total","device=/var/lib/docker/rootfs/overlayfs/fdfc0724b613bbad2b29e38f548044caa8fa5ece06aea1f7630b8b07f070b604/rootfs/dev/shm;id=/;instance=cadvisor:8080;job=iot_service","2025-10-31T10:21:09Z","0"
"container_fs_reads_total","device=/var/lib/docker/rootfs/overlayfs/fdfc0724b613bbad2b29e38f548044caa8fa5ece06aea1f7630b8b07f070b604/rootfs/dev/shm;id=/;instance=cadvisor:8080;job=iot_service","2025-10-31T10:21:24Z","0"
"container_fs_reads_total","device=/var/lib/docker/rootfs/overlayfs/fdfc0724b613bbad2b29e38f548044caa8fa5ece06aea1f7630b8b07f070b604/rootfs/dev/shm;id=/;instance=cadvisor:8080;job=iot_service","2025-10-31T10:21:39Z","0"
"container_fs_reads_total","device=/var/lib/docker/rootfs/overlayfs/fdfc0724b613bbad2b29e38f548044caa8fa5ece06aea1f7630b8b07f070b604/rootfs/dev/shm;id=/;instance=cadvisor:8080;job=iot_service","2025-10-31T10:21:54Z","0"
"container_fs_reads_total","device=/var/lib/docker/rootfs/overlayfs/fdfc0724b613bbad2b29e38f548044caa8fa5ece06aea1f7630b8b07f070b604/rootfs/dev/shm;id=/;instance=cadvisor:8080;job=iot_service","2025-10-31T10:22:09Z","0"
"container_fs_reads_total","device=/var/lib/docker/rootfs/overlayfs/fdfc0724b613bbad2b29e38f548044caa8fa5ece06aea1f7630b8b07f070b604/rootfs/dev/shm;id=/;instance=cadvisor:8080;job=iot_service","2025-10-31T10:22:24Z","0"
"container_fs_reads_total","device=/var/lib/docker/rootfs/overlayfs/fdfc0724b613bbad2b29e38f548044caa8fa5ece06aea1f7630b8b07f070b604/rootfs/dev/shm;id=/;instance=cadvisor:8080;job=iot_service","2025-10-31T10:22:39Z","0"
"container_fs_reads_total","device=/var/lib/docker/rootfs/overlayfs/fdfc0724b613bbad2b29e38f548044caa8fa5ece06aea1f7630b8b07f070b604/rootfs/dev/shm;id=/;instance=cadvisor:8080;job=iot_service","2025-10-31T10:22:54Z","0"
"container_fs_reads_total","device=/var/lib/docker/rootfs/overlayfs/fdfc0724b613bbad2b29e38f548044caa8fa5ece06aea1f7630b8b07f070b604/rootfs/dev/shm;id=/;instance=cadvisor:8080;job=iot_service","2025-10-31T10:23:09Z","0"
"container_fs_reads_total","device=/var/lib/docker/rootfs/overlayfs/fdfc0724b613bbad2b29e38f548044caa8fa5ece06aea1f7630b8b07f070b604/rootfs/dev/shm;id=/;instance=cadvisor:8080;job=iot_service","2025-10-31T10:23:24Z","0"
"container_fs_reads_total","device=/var/lib/docker/rootfs/overlayfs/fdfc0724b613bbad2b29e38f548044caa8fa5ece06aea1f7630b8b07f070b604/rootfs/dev/shm;id=/;instance=cadvisor:8080;job=iot_service","2025-10-31T10:23:39Z","0"
"container_fs_reads_total","device=/var/lib/docker/rootfs/overlayfs/fdfc0724b613bbad2b29e38f548044caa8fa5ece06aea1f7630b8b07f070b604/rootfs/dev/shm;id=/;instance=cadvisor:8080;job=iot_service","2025-10-31T10:23:54Z","0"
"container_fs_reads_total","device=/var/lib/docker/rootfs/overlayfs/fdfc0724b613bbad2b29e38f548044caa8fa5ece06aea1f7630b8b07f070b604/rootfs/dev/shm;id=/;instance=cadvisor:8080;job=iot_service","2025-10-31T10:24:09Z","0"
"container_fs_reads_total","device=/var/lib/docker/rootfs/overlayfs/fdfc0724b613bbad2b29e38f548044caa8fa5ece06aea1f7630b8b07f070b604/rootfs/dev/shm;id=/;instance=cadvisor:8080;job=iot_service","2025-10-31T10:24:24Z","0"
"container_fs_reads_total","device=/var/lib/docker/rootfs/overlayfs/fdfc0724b613bbad2b29e38f548044caa8fa5ece06aea1f7630b8b07f070b604/rootfs/dev/shm;id=/;instance=cadvisor:8080;job=iot_service","2025-10-31T10:24:39Z","0"
"container_fs_reads_total","device=/var/lib/docker/rootfs/overlayfs/fdfc0724b613bbad2b29e38f548044caa8fa5ece06aea1f7630b8b07f070b604/rootfs/dev/shm;id=/;instance=cadvisor:8080;job=iot_service","2025-10-31T10:24:54Z","0"
"container_fs_reads_total","device=/var/lib/docker/rootfs/overlayfs/fdfc0724b613bbad2b29e38f548044caa8fa5ece06aea1f7630b8b07f070b604/rootfs/dev/shm;id=/;instance=cadvisor:8080;job=iot_service","2025-10-31T10:25:09Z","0"
"container_fs_reads_total","device=/var/lib/docker/rootfs/overlayfs/fdfc0724b613bbad2b29e38f548044caa8fa5ece06aea1f7630b8b07f070b604/rootfs/dev/shm;id=/;instance=cadvisor:8080;job=iot_service","2025-10-31T10:25:24Z","0"
"container_fs_reads_total","device=/var/lib/docker/rootfs/overlayfs/fdfc0724b613bbad2b29e38f548044caa8fa5ece06aea1f7630b8b07f070b604/rootfs/dev/shm;id=/;instance=cadvisor:8080;job=iot_service","2025-10-31T10:25:39Z","0"
"container_fs_reads_total","device=/var/lib/docker/rootfs/overlayfs/fdfc0724b613bbad2b29e38f548044caa8fa5ece06aea1f7630b8b07f070b604/rootfs/dev/shm;id=/;instance=cadvisor:8080;job=iot_service","2025-10-31T10:25:54Z","0"
"container_fs_reads_total","device=/var/lib/docker/rootfs/overlayfs/fdfc0724b613bbad2b29e38f548044caa8fa5ece06aea1f7630b8b07f070b604/rootfs/dev/shm;id=/;instance=cadvisor:8080;job=iot_service","2025-10-31T10:26:09Z","0"
"container_fs_reads_total","device=/var/lib/docker/rootfs/overlayfs/fdfc0724b613bbad2b29e38f548044caa8fa5ece06aea1f7630b8b07f070b604/rootfs/dev/shm;id=/;instance=cadvisor:8080;job=iot_service","2025-10-31T10:26:24Z","0"
"container_fs_reads_total","device=/var/lib/docker/rootfs/overlayfs/fdfc0724b613bbad2b29e38f548044caa8fa5ece06aea1f7630b8b07f070b604/rootfs/dev/shm;id=/;instance=cadvisor:8080;job=iot_service","2025-10-31T10:26:39Z","0"
"container_fs_reads_total","device=/var/lib/docker/rootfs/overlayfs/fdfc0724b613bbad2b29e38f548044caa8fa5ece06aea1f7630b8b07f070b604/rootfs/dev/shm;id=/;instance=cadvisor:8080;job=iot_service","2025-10-31T10:26:54Z","0"
"container_fs_reads_total","device=/var/lib/docker/rootfs/overlayfs/fdfc0724b613bbad2b29e38f548044caa8fa5ece06aea1f7630b8b07f070b604/rootfs/dev/shm;id=/;instance=cadvisor:8080;job=iot_service","2025-10-31T10:27:09Z","0"
"container_fs_reads_total","device=/var/lib/docker/rootfs/overlayfs/fdfc0724b613bbad2b29e38f548044caa8fa5ece06aea1f7630b8b07f070b604/rootfs/dev/shm;id=/;instance=cadvisor:8080;job=iot_service","2025-10-31T10:27:24Z","0"
"container_fs_reads_total","device=/var/lib/docker/rootfs/overlayfs/fdfc0724b613bbad2b29e38f548044caa8fa5ece06aea1f7630b8b07f070b604/rootfs/dev/shm;id=/;instance=cadvisor:8080;job=iot_service","2025-10-31T10:27:39Z","0"
"container_fs_reads_total","device=/var/lib/docker/rootfs/overlayfs/fdfc0724b613bbad2b29e38f548044caa8fa5ece06aea1f7630b8b07f070b604/rootfs/dev/shm;id=/;instance=cadvisor:8080;job=iot_service","2025-10-31T10:27:54Z","0"
"container_fs_reads_total","device=/var/lib/docker/rootfs/overlayfs/fdfc0724b613bbad2b29e38f548044caa8fa5ece06aea1f7630b8b07f070b604/rootfs/dev/shm;id=/;instance=cadvisor:8080;job=iot_service","2025-10-31T10:28:09Z","0"
"container_fs_reads_total","device=/var/lib/docker/rootfs/overlayfs/fdfc0724b613bbad2b29e38f548044caa8fa5ece06aea1f7630b8b07f070b604/rootfs/dev/shm;id=/;instance=cadvisor:8080;job=iot_service","2025-10-31T10:28:24Z","0"
"container_fs_reads_total","device=/var/lib/docker/rootfs/overlayfs/fdfc0724b613bbad2b29e38f548044caa8fa5ece06aea1f7630b8b07f070b604/rootfs/dev/shm;id=/;instance=cadvisor:8080;job=iot_service","2025-10-31T10:28:39Z","0"
"container_fs_reads_total","device=/var/lib/docker/rootfs/overlayfs/fdfc0724b613bbad2b29e38f548044caa8fa5ece06aea1f7630b8b07f070b604/rootfs/dev/shm;id=/;instance=cadvisor:8080;job=iot_service","2025-10-31T10:28:54Z","0"
"container_fs_reads_total","device=/var/lib/docker/rootfs/overlayfs/fdfc0724b613bbad2b29e38f548044caa8fa5ece06aea1f7630b8b07f070b604/rootfs/dev/shm;id=/;instance=cadvisor:8080;job=iot_service","2025-10-31T10:29:09Z","0"
"container_fs_reads_total","device=/var/lib/docker/rootfs/overlayfs/fdfc0724b613bbad2b29e38f548044caa8fa5ece06aea1f7630b8b07f070b604/rootfs/dev/shm;id=/;instance=cadvisor:8080;job=iot_service","2025-10-31T10:29:24Z","0"
"container_fs_reads_total","device=/var/lib/docker/rootfs/overlayfs/fdfc0724b613bbad2b29e38f548044caa8fa5ece06aea1f7630b8b07f070b604/rootfs/dev/shm;id=/;instance=cadvisor:8080;job=iot_service","2025-10-31T10:29:39Z","0"
"container_fs_reads_total","device=/var/lib/docker/rootfs/overlayfs/fdfc0724b613bbad2b29e38f548044caa8fa5ece06aea1f7630b8b07f070b604/rootfs/dev/shm;id=/;instance=cadvisor:8080;job=iot_service","2025-10-31T10:29:54Z","0"
"container_fs_reads_total","device=/var/lib/docker/rootfs/overlayfs/fdfc0724b613bbad2b29e38f548044caa8fa5ece06aea1f7630b8b07f070b604/rootfs/dev/shm;id=/;instance=cadvisor:8080;job=iot_service","2025-10-31T10:30:09Z","0"
"container_fs_reads_total","device=/var/lib/docker/rootfs/overlayfs/fdfc0724b613bbad2b29e38f548044caa8fa5ece06aea1f7630b8b07f070b604/rootfs/dev/shm;id=/;instance=cadvisor:8080;job=iot_service","2025-10-31T10:30:24Z","0"
"container_fs_reads_total","device=/var/lib/docker/rootfs/overlayfs/fdfc0724b613bbad2b29e38f548044caa8fa5ece06aea1f7630b8b07f070b604/rootfs/dev/shm;id=/;instance=cadvisor:8080;job=iot_service","2025-10-31T10:30:39Z","0"
"container_fs_reads_total","device=/var/lib/docker/rootfs/overlayfs/fdfc0724b613bbad2b29e38f548044caa8fa5ece06aea1f7630b8b07f070b604/rootfs/dev/shm;id=/;instance=cadvisor:8080;job=iot_service","2025-10-31T10:30:54Z","0"
"container_fs_reads_total","device=/var/lib/docker/rootfs/overlayfs/fdfc0724b613bbad2b29e38f548044caa8fa5ece06aea1f7630b8b07f070b604/rootfs/dev/shm;id=/;instance=cadvisor:8080;job=iot_service","2025-10-31T10:31:09Z","0"
"container_fs_reads_total","device=/var/lib/docker/rootfs/overlayfs/fdfc0724b613bbad2b29e38f548044caa8fa5ece06aea1f7630b8b07f070b604/rootfs/host_mnt;id=/;instance=cadvisor:8080;job=iot_service","2025-10-31T10:16:09Z","0"
"container_fs_reads_total","device=/var/lib/docker/rootfs/overlayfs/fdfc0724b613bbad2b29e38f548044caa8fa5ece06aea1f7630b8b07f070b604/rootfs/host_mnt;id=/;instance=cadvisor:8080;job=iot_service","2025-10-31T10:16:24Z","0"
"container_fs_reads_total","device=/var/lib/docker/rootfs/overlayfs/fdfc0724b613bbad2b29e38f548044caa8fa5ece06aea1f7630b8b07f070b604/rootfs/host_mnt;id=/;instance=cadvisor:8080;job=iot_service","2025-10-31T10:16:39Z","0"
"container_fs_reads_total","device=/var/lib/docker/rootfs/overlayfs/fdfc0724b613bbad2b29e38f548044caa8fa5ece06aea1f7630b8b07f070b604/rootfs/host_mnt;id=/;instance=cadvisor:8080;job=iot_service","2025-10-31T10:16:54Z","0"
"container_fs_reads_total","device=/var/lib/docker/rootfs/overlayfs/fdfc0724b613bbad2b29e38f548044caa8fa5ece06aea1f7630b8b07f070b604/rootfs/host_mnt;id=/;instance=cadvisor:8080;job=iot_service","2025-10-31T10:17:09Z","0"
"container_fs_reads_total","device=/var/lib/docker/rootfs/overlayfs/fdfc0724b613bbad2b29e38f548044caa8fa5ece06aea1f7630b8b07f070b604/rootfs/host_mnt;id=/;instance=cadvisor:8080;job=iot_service","2025-10-31T10:17:24Z","0"
"container_fs_reads_total","device=/var/lib/docker/rootfs/overlayfs/fdfc0724b613bbad2b29e38f548044caa8fa5ece06aea1f7630b8b07f070b604/rootfs/host_mnt;id=/;instance=cadvisor:8080;job=iot_service","2025-10-31T10:17:39Z","0"
"container_fs_reads_total","device=/var/lib/docker/rootfs/overlayfs/fdfc0724b613bbad2b29e38f548044caa8fa5ece06aea1f7630b8b07f070b604/rootfs/host_mnt;id=/;instance=cadvisor:8080;job=iot_service","2025-10-31T10:17:54Z","0"
"container_fs_reads_total","device=/var/lib/docker/rootfs/overlayfs/fdfc0724b613bbad2b29e38f548044caa8fa5ece06aea1f7630b8b07f070b604/rootfs/host_mnt;id=/;instance=cadvisor:8080;job=iot_service","2025-10-31T10:18:09Z","0"
"container_fs_reads_total","device=/var/lib/docker/rootfs/overlayfs/fdfc0724b613bbad2b29e38f548044caa8fa5ece06aea1f7630b8b07f070b604/rootfs/host_mnt;id=/;instance=cadvisor:8080;job=iot_service","2025-10-31T10:18:24Z","0"
"container_fs_reads_total","device=/var/lib/docker/rootfs/overlayfs/fdfc0724b613bbad2b29e38f548044caa8fa5ece06aea1f7630b8b07f070b604/rootfs/host_mnt;id=/;instance=cadvisor:8080;job=iot_service","2025-10-31T10:18:39Z","0"
"container_fs_reads_total","device=/var/lib/docker/rootfs/overlayfs/fdfc0724b613bbad2b29e38f548044caa8fa5ece06aea1f7630b8b07f070b604/rootfs/host_mnt;id=/;instance=cadvisor:8080;job=iot_service","2025-10-31T10:18:54Z","0"
"container_fs_reads_total","device=/var/lib/docker/rootfs/overlayfs/fdfc0724b613bbad2b29e38f548044caa8fa5ece06aea1f7630b8b07f070b604/rootfs/host_mnt;id=/;instance=cadvisor:8080;job=iot_service","2025-10-31T10:19:09Z","0"
"container_fs_reads_total","device=/var/lib/docker/rootfs/overlayfs/fdfc0724b613bbad2b29e38f548044caa8fa5ece06aea1f7630b8b07f070b604/rootfs/host_mnt;id=/;instance=cadvisor:8080;job=iot_service","2025-10-31T10:19:24Z","0"
"container_fs_reads_total","device=/var/lib/docker/rootfs/overlayfs/fdfc0724b613bbad2b29e38f548044caa8fa5ece06aea1f7630b8b07f070b604/rootfs/host_mnt;id=/;instance=cadvisor:8080;job=iot_service","2025-10-31T10:19:39Z","0"
"container_fs_reads_total","device=/var/lib/docker/rootfs/overlayfs/fdfc0724b613bbad2b29e38f548044caa8fa5ece06aea1f7630b8b07f070b604/rootfs/host_mnt;id=/;instance=cadvisor:8080;job=iot_service","2025-10-31T10:19:54Z","0"
"container_fs_reads_total","device=/var/lib/docker/rootfs/overlayfs/fdfc0724b613bbad2b29e38f548044caa8fa5ece06aea1f7630b8b07f070b604/rootfs/host_mnt;id=/;instance=cadvisor:8080;job=iot_service","2025-10-31T10:20:09Z","0"
"container_fs_reads_total","device=/var/lib/docker/rootfs/overlayfs/fdfc0724b613bbad2b29e38f548044caa8fa5ece06aea1f7630b8b07f070b604/rootfs/host_mnt;id=/;instance=cadvisor:8080;job=iot_service","2025-10-31T10:20:24Z","0"
"container_fs_reads_total","device=/var/lib/docker/rootfs/overlayfs/fdfc0724b613bbad2b29e38f548044caa8fa5ece06aea1f7630b8b07f070b604/rootfs/host_mnt;id=/;instance=cadvisor:8080;job=iot_service","2025-10-31T10:20:39Z","0"
"container_fs_reads_total","device=/var/lib/docker/rootfs/overlayfs/fdfc0724b613bbad2b29e38f548044caa8fa5ece06aea1f7630b8b07f070b604/rootfs/host_mnt;id=/;instance=cadvisor:8080;job=iot_service","2025-10-31T10:20:54Z","0"
"container_fs_reads_total","device=/var/lib/docker/rootfs/overlayfs/fdfc0724b613bbad2b29e38f548044caa8fa5ece06aea1f7630b8b07f070b604/rootfs/host_mnt;id=/;instance=cadvisor:8080;job=iot_service","2025-10-31T10:21:09Z","0"
"container_fs_reads_total","device=/var/lib/docker/rootfs/overlayfs/fdfc0724b613bbad2b29e38f548044caa8fa5ece06aea1f7630b8b07f070b604/rootfs/host_mnt;id=/;instance=cadvisor:8080;job=iot_service","2025-10-31T10:21:24Z","0"
"container_fs_reads_total","device=/var/lib/docker/rootfs/overlayfs/fdfc0724b613bbad2b29e38f548044caa8fa5ece06aea1f7630b8b07f070b604/rootfs/host_mnt;id=/;instance=cadvisor:8080;job=iot_service","2025-10-31T10:21:39Z","0"
"container_fs_reads_total","device=/var/lib/docker/rootfs/overlayfs/fdfc0724b613bbad2b29e38f548044caa8fa5ece06aea1f7630b8b07f070b604/rootfs/host_mnt;id=/;instance=cadvisor:8080;job=iot_service","2025-10-31T10:21:54Z","0"
"container_fs_reads_total","device=/var/lib/docker/rootfs/overlayfs/fdfc0724b613bbad2b29e38f548044caa8fa5ece06aea1f7630b8b07f070b604/rootfs/host_mnt;id=/;instance=cadvisor:8080;job=iot_service","2025-10-31T10:22:09Z","0"
"container_fs_reads_total","device=/var/lib/docker/rootfs/overlayfs/fdfc0724b613bbad2b29e38f548044caa8fa5ece06aea1f7630b8b07f070b604/rootfs/host_mnt;id=/;instance=cadvisor:8080;job=iot_service","2025-10-31T10:22:24Z","0"
"container_fs_reads_total","device=/var/lib/docker/rootfs/overlayfs/fdfc0724b613bbad2b29e38f548044caa8fa5ece06aea1f7630b8b07f070b604/rootfs/host_mnt;id=/;instance=cadvisor:8080;job=iot_service","2025-10-31T10:22:39Z","0"
"container_fs_reads_total","device=/var/lib/docker/rootfs/overlayfs/fdfc0724b613bbad2b29e38f548044caa8fa5ece06aea1f7630b8b07f070b604/rootfs/host_mnt;id=/;instance=cadvisor:8080;job=iot_service","2025-10-31T10:22:54Z","0"
"container_fs_reads_total","device=/var/lib/docker/rootfs/overlayfs/fdfc0724b613bbad2b29e38f548044caa8fa5ece06aea1f7630b8b07f070b604/rootfs/host_mnt;id=/;instance=cadvisor:8080;job=iot_service","2025-10-31T10:23:09Z","0"
"container_fs_reads_total","device=/var/lib/docker/rootfs/overlayfs/fdfc0724b613bbad2b29e38f548044caa8fa5ece06aea1f7630b8b07f070b604/rootfs/host_mnt;id=/;instance=cadvisor:8080;job=iot_service","2025-10-31T10:23:24Z","0"
"container_fs_reads_total","device=/var/lib/docker/rootfs/overlayfs/fdfc0724b613bbad2b29e38f548044caa8fa5ece06aea1f7630b8b07f070b604/rootfs/host_mnt;id=/;instance=cadvisor:8080;job=iot_service","2025-10-31T10:23:39Z","0"
"container_fs_reads_total","device=/var/lib/docker/rootfs/overlayfs/fdfc0724b613bbad2b29e38f548044caa8fa5ece06aea1f7630b8b07f070b604/rootfs/host_mnt;id=/;instance=cadvisor:8080;job=iot_service","2025-10-31T10:23:54Z","0"
"container_fs_reads_total","device=/var/lib/docker/rootfs/overlayfs/fdfc0724b613bbad2b29e38f548044caa8fa5ece06aea1f7630b8b07f070b604/rootfs/host_mnt;id=/;instance=cadvisor:8080;job=iot_service","2025-10-31T10:24:09Z","0"
"container_fs_reads_total","device=/var/lib/docker/rootfs/overlayfs/fdfc0724b613bbad2b29e38f548044caa8fa5ece06aea1f7630b8b07f070b604/rootfs/host_mnt;id=/;instance=cadvisor:8080;job=iot_service","2025-10-31T10:24:24Z","0"
"container_fs_reads_total","device=/var/lib/docker/rootfs/overlayfs/fdfc0724b613bbad2b29e38f548044caa8fa5ece06aea1f7630b8b07f070b604/rootfs/host_mnt;id=/;instance=cadvisor:8080;job=iot_service","2025-10-31T10:24:39Z","0"
"container_fs_reads_total","device=/var/lib/docker/rootfs/overlayfs/fdfc0724b613bbad2b29e38f548044caa8fa5ece06aea1f7630b8b07f070b604/rootfs/host_mnt;id=/;instance=cadvisor:8080;job=iot_service","2025-10-31T10:24:54Z","0"
"container_fs_reads_total","device=/var/lib/docker/rootfs/overlayfs/fdfc0724b613bbad2b29e38f548044caa8fa5ece06aea1f7630b8b07f070b604/rootfs/host_mnt;id=/;instance=cadvisor:8080;job=iot_service","2025-10-31T10:25:09Z","0"
"container_fs_reads_total","device=/var/lib/docker/rootfs/overlayfs/fdfc0724b613bbad2b29e38f548044caa8fa5ece06aea1f7630b8b07f070b604/rootfs/host_mnt;id=/;instance=cadvisor:8080;job=iot_service","2025-10-31T10:25:24Z","0"
"container_fs_reads_total","device=/var/lib/docker/rootfs/overlayfs/fdfc0724b613bbad2b29e38f548044caa8fa5ece06aea1f7630b8b07f070b604/rootfs/host_mnt;id=/;instance=cadvisor:8080;job=iot_service","2025-10-31T10:25:39Z","0"
"container_fs_reads_total","device=/var/lib/docker/rootfs/overlayfs/fdfc0724b613bbad2b29e38f548044caa8fa5ece06aea1f7630b8b07f070b604/rootfs/host_mnt;id=/;instance=cadvisor:8080;job=iot_service","2025-10-31T10:25:54Z","0"
"container_fs_reads_total","device=/var/lib/docker/rootfs/overlayfs/fdfc0724b613bbad2b29e38f548044caa8fa5ece06aea1f7630b8b07f070b604/rootfs/host_mnt;id=/;instance=cadvisor:8080;job=iot_service","2025-10-31T10:26:09Z","0"
"container_fs_reads_total","device=/var/lib/docker/rootfs/overlayfs/fdfc0724b613bbad2b29e38f548044caa8fa5ece06aea1f7630b8b07f070b604/rootfs/host_mnt;id=/;instance=cadvisor:8080;job=iot_service","2025-10-31T10:26:24Z","0"
"container_fs_reads_total","device=/var/lib/docker/rootfs/overlayfs/fdfc0724b613bbad2b29e38f548044caa8fa5ece06aea1f7630b8b07f070b604/rootfs/host_mnt;id=/;instance=cadvisor:8080;job=iot_service","2025-10-31T10:26:39Z","0"
"container_fs_reads_total","device=/var/lib/docker/rootfs/overlayfs/fdfc0724b613bbad2b29e38f548044caa8fa5ece06aea1f7630b8b07f070b604/rootfs/host_mnt;id=/;instance=cadvisor:8080;job=iot_service","2025-10-31T10:26:54Z","0"
"container_fs_reads_total","device=/var/lib/docker/rootfs/overlayfs/fdfc0724b613bbad2b29e38f548044caa8fa5ece06aea1f7630b8b07f070b604/rootfs/host_mnt;id=/;instance=cadvisor:8080;job=iot_service","2025-10-31T10:27:09Z","0"
"container_fs_reads_total","device=/var/lib/docker/rootfs/overlayfs/fdfc0724b613bbad2b29e38f548044caa8fa5ece06aea1f7630b8b07f070b604/rootfs/host_mnt;id=/;instance=cadvisor:8080;job=iot_service","2025-10-31T10:27:24Z","0"
"container_fs_reads_total","device=/var/lib/docker/rootfs/overlayfs/fdfc0724b613bbad2b29e38f548044caa8fa5ece06aea1f7630b8b07f070b604/rootfs/host_mnt;id=/;instance=cadvisor:8080;job=iot_service","2025-10-31T10:27:39Z","0"
"container_fs_reads_total","device=/var/lib/docker/rootfs/overlayfs/fdfc0724b613bbad2b29e38f548044caa8fa5ece06aea1f7630b8b07f070b604/rootfs/host_mnt;id=/;instance=cadvisor:8080;job=iot_service","2025-10-31T10:27:54Z","0"
"container_fs_reads_total","device=/var/lib/docker/rootfs/overlayfs/fdfc0724b613bbad2b29e38f548044caa8fa5ece06aea1f7630b8b07f070b604/rootfs/host_mnt;id=/;instance=cadvisor:8080;job=iot_service","2025-10-31T10:28:09Z","0"
"container_fs_reads_total","device=/var/lib/docker/rootfs/overlayfs/fdfc0724b613bbad2b29e38f548044caa8fa5ece06aea1f7630b8b07f070b604/rootfs/host_mnt;id=/;instance=cadvisor:8080;job=iot_service","2025-10-31T10:28:24Z","0"
"container_fs_reads_total","device=/var/lib/docker/rootfs/overlayfs/fdfc0724b613bbad2b29e38f548044caa8fa5ece06aea1f7630b8b07f070b604/rootfs/host_mnt;id=/;instance=cadvisor:8080;job=iot_service","2025-10-31T10:28:39Z","0"
"container_fs_reads_total","device=/var/lib/docker/rootfs/overlayfs/fdfc0724b613bbad2b29e38f548044caa8fa5ece06aea1f7630b8b07f070b604/rootfs/host_mnt;id=/;instance=cadvisor:8080;job=iot_service","2025-10-31T10:28:54Z","0"
"container_fs_reads_total","device=/var/lib/docker/rootfs/overlayfs/fdfc0724b613bbad2b29e38f548044caa8fa5ece06aea1f7630b8b07f070b604/rootfs/host_mnt;id=/;instance=cadvisor:8080;job=iot_service","2025-10-31T10:29:09Z","0"
"container_fs_reads_total","device=/var/lib/docker/rootfs/overlayfs/fdfc0724b613bbad2b29e38f548044caa8fa5ece06aea1f7630b8b07f070b604/rootfs/host_mnt;id=/;instance=cadvisor:8080;job=iot_service","2025-10-31T10:29:24Z","0"
"container_fs_reads_total","device=/var/lib/docker/rootfs/overlayfs/fdfc0724b613bbad2b29e38f548044caa8fa5ece06aea1f7630b8b07f070b604/rootfs/host_mnt;id=/;instance=cadvisor:8080;job=iot_service","2025-10-31T10:29:39Z","0"
"container_fs_reads_total","device=/var/lib/docker/rootfs/overlayfs/fdfc0724b613bbad2b29e38f548044caa8fa5ece06aea1f7630b8b07f070b604/rootfs/host_mnt;id=/;instance=cadvisor:8080;job=iot_service","2025-10-31T10:29:54Z","0"
"container_fs_reads_total","device=/var/lib/docker/rootfs/overlayfs/fdfc0724b613bbad2b29e38f548044caa8fa5ece06aea1f7630b8b07f070b604/rootfs/host_mnt;id=/;instance=cadvisor:8080;job=iot_service","2025-10-31T10:30:09Z","0"
"container_fs_reads_total","device=/var/lib/docker/rootfs/overlayfs/fdfc0724b613bbad2b29e38f548044caa8fa5ece06aea1f7630b8b07f070b604/rootfs/host_mnt;id=/;instance=cadvisor:8080;job=iot_service","2025-10-31T10:30:24Z","0"
"container_fs_reads_total","device=/var/lib/docker/rootfs/overlayfs/fdfc0724b613bbad2b29e38f548044caa8fa5ece06aea1f7630b8b07f070b604/rootfs/host_mnt;id=/;instance=cadvisor:8080;job=iot_service","2025-10-31T10:30:39Z","0"
"container_fs_reads_total","device=/var/lib/docker/rootfs/overlayfs/fdfc0724b613bbad2b29e38f548044caa8fa5ece06aea1f7630b8b07f070b604/rootfs/host_mnt;id=/;instance=cadvisor:8080;job=iot_service","2025-10-31T10:30:54Z","0"
"container_fs_reads_total","device=/var/lib/docker/rootfs/overlayfs/fdfc0724b613bbad2b29e38f548044caa8fa5ece06aea1f7630b8b07f070b604/rootfs/host_mnt;id=/;instance=cadvisor:8080;job=iot_service","2025-10-31T10:31:09Z","0"
"container_fs_reads_total","device=/var/lib/docker/rootfs/overlayfs/fdfc0724b613bbad2b29e38f548044caa8fa5ece06aea1f7630b8b07f070b604/rootfs/oldroot/run;id=/;instance=cadvisor:8080;job=iot_service","2025-10-31T10:16:09Z","0"
"container_fs_reads_total","device=/var/lib/docker/rootfs/overlayfs/fdfc0724b613bbad2b29e38f548044caa8fa5ece06aea1f7630b8b07f070b604/rootfs/oldroot/run;id=/;instance=cadvisor:8080;job=iot_service","2025-10-31T10:16:24Z","0"
"container_fs_reads_total","device=/var/lib/docker/rootfs/overlayfs/fdfc0724b613bbad2b29e38f548044caa8fa5ece06aea1f7630b8b07f070b604/rootfs/oldroot/run;id=/;instance=cadvisor:8080;job=iot_service","2025-10-31T10:16:39Z","0"
"container_fs_reads_total","device=/var/lib/docker/rootfs/overlayfs/fdfc0724b613bbad2b29e38f548044caa8fa5ece06aea1f7630b8b07f070b604/rootfs/oldroot/run;id=/;instance=cadvisor:8080;job=iot_service","2025-10-31T10:16:54Z","0"
"container_fs_reads_total","device=/var/lib/docker/rootfs/overlayfs/fdfc0724b613bbad2b29e38f548044caa8fa5ece06aea1f7630b8b07f070b604/rootfs/oldroot/run;id=/;instance=cadvisor:8080;job=iot_service","2025-10-31T10:17:09Z","0"
"container_fs_reads_total","device=/var/lib/docker/rootfs/overlayfs/fdfc0724b613bbad2b29e38f548044caa8fa5ece06aea1f7630b8b07f070b604/rootfs/oldroot/run;id=/;instance=cadvisor:8080;job=iot_service","2025-10-31T10:17:24Z","0"
"container_fs_reads_total","device=/var/lib/docker/rootfs/overlayfs/fdfc0724b613bbad2b29e38f548044caa8fa5ece06aea1f7630b8b07f070b604/rootfs/oldroot/run;id=/;instance=cadvisor:8080;job=iot_service","2025-10-31T10:17:39Z","0"
"container_fs_reads_total","device=/var/lib/docker/rootfs/overlayfs/fdfc0724b613bbad2b29e38f548044caa8fa5ece06aea1f7630b8b07f070b604/rootfs/oldroot/run;id=/;instance=cadvisor:8080;job=iot_service","2025-10-31T10:17:54Z","0"
"container_fs_reads_total","device=/var/lib/docker/rootfs/overlayfs/fdfc0724b613bbad2b29e38f548044caa8fa5ece06aea1f7630b8b07f070b604/rootfs/oldroot/run;id=/;instance=cadvisor:8080;job=iot_service","2025-10-31T10:18:09Z","0"
"container_fs_reads_total","device=/var/lib/docker/rootfs/overlayfs/fdfc0724b613bbad2b29e38f548044caa8fa5ece06aea1f7630b8b07f070b604/rootfs/oldroot/run;id=/;instance=cadvisor:8080;job=iot_service","2025-10-31T10:18:24Z","0"
"container_fs_reads_total","device=/var/lib/docker/rootfs/overlayfs/fdfc0724b613bbad2b29e38f548044caa8fa5ece06aea1f7630b8b07f070b604/rootfs/oldroot/run;id=/;instance=cadvisor:8080;job=iot_service","2025-10-31T10:18:39Z","0"
"container_fs_reads_total","device=/var/lib/docker/rootfs/overlayfs/fdfc0724b613bbad2b29e38f548044caa8fa5ece06aea1f7630b8b07f070b604/rootfs/oldroot/run;id=/;instance=cadvisor:8080;job=iot_service","2025-10-31T10:18:54Z","0"
"container_fs_reads_total","device=/var/lib/docker/rootfs/overlayfs/fdfc0724b613bbad2b29e38f548044caa8fa5ece06aea1f7630b8b07f070b604/rootfs/oldroot/run;id=/;instance=cadvisor:8080;job=iot_service","2025-10-31T10:19:09Z","0"
"container_fs_reads_total","device=/var/lib/docker/rootfs/overlayfs/fdfc0724b613bbad2b29e38f548044caa8fa5ece06aea1f7630b8b07f070b604/rootfs/oldroot/run;id=/;instance=cadvisor:8080;job=iot_service","2025-10-31T10:19:24Z","0"
"container_fs_reads_total","device=/var/lib/docker/rootfs/overlayfs/fdfc0724b613bbad2b29e38f548044caa8fa5ece06aea1f7630b8b07f070b604/rootfs/oldroot/run;id=/;instance=cadvisor:8080;job=iot_service","2025-10-31T10:19:39Z","0"
"container_fs_reads_total","device=/var/lib/docker/rootfs/overlayfs/fdfc0724b613bbad2b29e38f548044caa8fa5ece06aea1f7630b8b07f070b604/rootfs/oldroot/run;id=/;instance=cadvisor:8080;job=iot_service","2025-10-31T10:19:54Z","0"
"container_fs_reads_total","device=/var/lib/docker/rootfs/overlayfs/fdfc0724b613bbad2b29e38f548044caa8fa5ece06aea1f7630b8b07f070b604/rootfs/oldroot/run;id=/;instance=cadvisor:8080;job=iot_service","2025-10-31T10:20:09Z","0"
"container_fs_reads_total","device=/var/lib/docker/rootfs/overlayfs/fdfc0724b613bbad2b29e38f548044caa8fa5ece06aea1f7630b8b07f070b604/rootfs/oldroot/run;id=/;instance=cadvisor:8080;job=iot_service","2025-10-31T10:20:24Z","0"
"container_fs_reads_total","device=/var/lib/docker/rootfs/overlayfs/fdfc0724b613bbad2b29e38f548044caa8fa5ece06aea1f7630b8b07f070b604/rootfs/oldroot/run;id=/;instance=cadvisor:8080;job=iot_service","2025-10-31T10:20:39Z","0"
"container_fs_reads_total","device=/var/lib/docker/rootfs/overlayfs/fdfc0724b613bbad2b29e38f548044caa8fa5ece06aea1f7630b8b07f070b604/rootfs/oldroot/run;id=/;instance=cadvisor:8080;job=iot_service","2025-10-31T10:20:54Z","0"
"container_fs_reads_total","device=/var/lib/docker/rootfs/overlayfs/fdfc0724b613bbad2b29e38f548044caa8fa5ece06aea1f7630b8b07f070b604/rootfs/oldroot/run;id=/;instance=cadvisor:8080;job=iot_service","2025-10-31T10:21:09Z","0"
"container_fs_reads_total","device=/var/lib/docker/rootfs/overlayfs/fdfc0724b613bbad2b29e38f548044caa8fa5ece06aea1f7630b8b07f070b604/rootfs/oldroot/run;id=/;instance=cadvisor:8080;job=iot_service","2025-10-31T10:21:24Z","0"
"container_fs_reads_total","device=/var/lib/docker/rootfs/overlayfs/fdfc0724b613bbad2b29e38f548044caa8fa5ece06aea1f7630b8b07f070b604/rootfs/oldroot/run;id=/;instance=cadvisor:8080;job=iot_service","2025-10-31T10:21:39Z","0"
"container_fs_reads_total","device=/var/lib/docker/rootfs/overlayfs/fdfc0724b613bbad2b29e38f548044caa8fa5ece06aea1f7630b8b07f070b604/rootfs/oldroot/run;id=/;instance=cadvisor:8080;job=iot_service","2025-10-31T10:21:54Z","0"
"container_fs_reads_total","device=/var/lib/docker/rootfs/overlayfs/fdfc0724b613bbad2b29e38f548044caa8fa5ece06aea1f7630b8b07f070b604/rootfs/oldroot/run;id=/;instance=cadvisor:8080;job=iot_service","2025-10-31T10:22:09Z","0"
"container_fs_reads_total","device=/var/lib/docker/rootfs/overlayfs/fdfc0724b613bbad2b29e38f548044caa8fa5ece06aea1f7630b8b07f070b604/rootfs/oldroot/run;id=/;instance=cadvisor:8080;job=iot_service","2025-10-31T10:22:24Z","0"
"container_fs_reads_total","device=/var/lib/docker/rootfs/overlayfs/fdfc0724b613bbad2b29e38f548044caa8fa5ece06aea1f7630b8b07f070b604/rootfs/oldroot/run;id=/;instance=cadvisor:8080;job=iot_service","2025-10-31T10:22:39Z","0"
"container_fs_reads_total","device=/var/lib/docker/rootfs/overlayfs/fdfc0724b613bbad2b29e38f548044caa8fa5ece06aea1f7630b8b07f070b604/rootfs/oldroot/run;id=/;instance=cadvisor:8080;job=iot_service","2025-10-31T10:22:54Z","0"
"container_fs_reads_total","device=/var/lib/docker/rootfs/overlayfs/fdfc0724b613bbad2b29e38f548044caa8fa5ece06aea1f7630b8b07f070b604/rootfs/oldroot/run;id=/;instance=cadvisor:8080;job=iot_service","2025-10-31T10:23:09Z","0"
"container_fs_reads_total","device=/var/lib/docker/rootfs/overlayfs/fdfc0724b613bbad2b29e38f548044caa8fa5ece06aea1f7630b8b07f070b604/rootfs/oldroot/run;id=/;instance=cadvisor:8080;job=iot_service","2025-10-31T10:23:24Z","0"
"container_fs_reads_total","device=/var/lib/docker/rootfs/overlayfs/fdfc0724b613bbad2b29e38f548044caa8fa5ece06aea1f7630b8b07f070b604/rootfs/oldroot/run;id=/;instance=cadvisor:8080;job=iot_service","2025-10-31T10:23:39Z","0"
"container_fs_reads_total","device=/var/lib/docker/rootfs/overlayfs/fdfc0724b613bbad2b29e38f548044caa8fa5ece06aea1f7630b8b07f070b604/rootfs/oldroot/run;id=/;instance=cadvisor:8080;job=iot_service","2025-10-31T10:23:54Z","0"
"container_fs_reads_total","device=/var/lib/docker/rootfs/overlayfs/fdfc0724b613bbad2b29e38f548044caa8fa5ece06aea1f7630b8b07f070b604/rootfs/oldroot/run;id=/;instance=cadvisor:8080;job=iot_service","2025-10-31T10:24:09Z","0"
"container_fs_reads_total","device=/var/lib/docker/rootfs/overlayfs/fdfc0724b613bbad2b29e38f548044caa8fa5ece06aea1f7630b8b07f070b604/rootfs/oldroot/run;id=/;instance=cadvisor:8080;job=iot_service","2025-10-31T10:24:24Z","0"
"container_fs_reads_total","device=/var/lib/docker/rootfs/overlayfs/fdfc0724b613bbad2b29e38f548044caa8fa5ece06aea1f7630b8b07f070b604/rootfs/oldroot/run;id=/;instance=cadvisor:8080;job=iot_service","2025-10-31T10:24:39Z","0"
"container_fs_reads_total","device=/var/lib/docker/rootfs/overlayfs/fdfc0724b613bbad2b29e38f548044caa8fa5ece06aea1f7630b8b07f070b604/rootfs/oldroot/run;id=/;instance=cadvisor:8080;job=iot_service","2025-10-31T10:24:54Z","0"
"container_fs_reads_total","device=/var/lib/docker/rootfs/overlayfs/fdfc0724b613bbad2b29e38f548044caa8fa5ece06aea1f7630b8b07f070b604/rootfs/oldroot/run;id=/;instance=cadvisor:8080;job=iot_service","2025-10-31T10:25:09Z","0"
"container_fs_reads_total","device=/var/lib/docker/rootfs/overlayfs/fdfc0724b613bbad2b29e38f548044caa8fa5ece06aea1f7630b8b07f070b604/rootfs/oldroot/run;id=/;instance=cadvisor:8080;job=iot_service","2025-10-31T10:25:24Z","0"
"container_fs_reads_total","device=/var/lib/docker/rootfs/overlayfs/fdfc0724b613bbad2b29e38f548044caa8fa5ece06aea1f7630b8b07f070b604/rootfs/oldroot/run;id=/;instance=cadvisor:8080;job=iot_service","2025-10-31T10:25:39Z","0"
"container_fs_reads_total","device=/var/lib/docker/rootfs/overlayfs/fdfc0724b613bbad2b29e38f548044caa8fa5ece06aea1f7630b8b07f070b604/rootfs/oldroot/run;id=/;instance=cadvisor:8080;job=iot_service","2025-10-31T10:25:54Z","0"
"container_fs_reads_total","device=/var/lib/docker/rootfs/overlayfs/fdfc0724b613bbad2b29e38f548044caa8fa5ece06aea1f7630b8b07f070b604/rootfs/oldroot/run;id=/;instance=cadvisor:8080;job=iot_service","2025-10-31T10:26:09Z","0"
"container_fs_reads_total","device=/var/lib/docker/rootfs/overlayfs/fdfc0724b613bbad2b29e38f548044caa8fa5ece06aea1f7630b8b07f070b604/rootfs/oldroot/run;id=/;instance=cadvisor:8080;job=iot_service","2025-10-31T10:26:24Z","0"
"container_fs_reads_total","device=/var/lib/docker/rootfs/overlayfs/fdfc0724b613bbad2b29e38f548044caa8fa5ece06aea1f7630b8b07f070b604/rootfs/oldroot/run;id=/;instance=cadvisor:8080;job=iot_service","2025-10-31T10:26:39Z","0"
"container_fs_reads_total","device=/var/lib/docker/rootfs/overlayfs/fdfc0724b613bbad2b29e38f548044caa8fa5ece06aea1f7630b8b07f070b604/rootfs/oldroot/run;id=/;instance=cadvisor:8080;job=iot_service","2025-10-31T10:26:54Z","0"
"container_fs_reads_total","device=/var/lib/docker/rootfs/overlayfs/fdfc0724b613bbad2b29e38f548044caa8fa5ece06aea1f7630b8b07f070b604/rootfs/oldroot/run;id=/;instance=cadvisor:8080;job=iot_service","2025-10-31T10:27:09Z","0"
"container_fs_reads_total","device=/var/lib/docker/rootfs/overlayfs/fdfc0724b613bbad2b29e38f548044caa8fa5ece06aea1f7630b8b07f070b604/rootfs/oldroot/run;id=/;instance=cadvisor:8080;job=iot_service","2025-10-31T10:27:24Z","0"
"container_fs_reads_total","device=/var/lib/docker/rootfs/overlayfs/fdfc0724b613bbad2b29e38f548044caa8fa5ece06aea1f7630b8b07f070b604/rootfs/oldroot/run;id=/;instance=cadvisor:8080;job=iot_service","2025-10-31T10:27:39Z","0"
"container_fs_reads_total","device=/var/lib/docker/rootfs/overlayfs/fdfc0724b613bbad2b29e38f548044caa8fa5ece06aea1f7630b8b07f070b604/rootfs/oldroot/run;id=/;instance=cadvisor:8080;job=iot_service","2025-10-31T10:27:54Z","0"
"container_fs_reads_total","device=/var/lib/docker/rootfs/overlayfs/fdfc0724b613bbad2b29e38f548044caa8fa5ece06aea1f7630b8b07f070b604/rootfs/oldroot/run;id=/;instance=cadvisor:8080;job=iot_service","2025-10-31T10:28:09Z","0"
"container_fs_reads_total","device=/var/lib/docker/rootfs/overlayfs/fdfc0724b613bbad2b29e38f548044caa8fa5ece06aea1f7630b8b07f070b604/rootfs/oldroot/run;id=/;instance=cadvisor:8080;job=iot_service","2025-10-31T10:28:24Z","0"
"container_fs_reads_total","device=/var/lib/docker/rootfs/overlayfs/fdfc0724b613bbad2b29e38f548044caa8fa5ece06aea1f7630b8b07f070b604/rootfs/oldroot/run;id=/;instance=cadvisor:8080;job=iot_service","2025-10-31T10:28:39Z","0"
"container_fs_reads_total","device=/var/lib/docker/rootfs/overlayfs/fdfc0724b613bbad2b29e38f548044caa8fa5ece06aea1f7630b8b07f070b604/rootfs/oldroot/run;id=/;instance=cadvisor:8080;job=iot_service","2025-10-31T10:28:54Z","0"
"container_fs_reads_total","device=/var/lib/docker/rootfs/overlayfs/fdfc0724b613bbad2b29e38f548044caa8fa5ece06aea1f7630b8b07f070b604/rootfs/oldroot/run;id=/;instance=cadvisor:8080;job=iot_service","2025-10-31T10:29:09Z","0"
"container_fs_reads_total","device=/var/lib/docker/rootfs/overlayfs/fdfc0724b613bbad2b29e38f548044caa8fa5ece06aea1f7630b8b07f070b604/rootfs/oldroot/run;id=/;instance=cadvisor:8080;job=iot_service","2025-10-31T10:29:24Z","0"
"container_fs_reads_total","device=/var/lib/docker/rootfs/overlayfs/fdfc0724b613bbad2b29e38f548044caa8fa5ece06aea1f7630b8b07f070b604/rootfs/oldroot/run;id=/;instance=cadvisor:8080;job=iot_service","2025-10-31T10:29:39Z","0"
"container_fs_reads_total","device=/var/lib/docker/rootfs/overlayfs/fdfc0724b613bbad2b29e38f548044caa8fa5ece06aea1f7630b8b07f070b604/rootfs/oldroot/run;id=/;instance=cadvisor:8080;job=iot_service","2025-10-31T10:29:54Z","0"
"container_fs_reads_total","device=/var/lib/docker/rootfs/overlayfs/fdfc0724b613bbad2b29e38f548044caa8fa5ece06aea1f7630b8b07f070b604/rootfs/oldroot/run;id=/;instance=cadvisor:8080;job=iot_service","2025-10-31T10:30:09Z","0"
"container_fs_reads_total","device=/var/lib/docker/rootfs/overlayfs/fdfc0724b613bbad2b29e38f548044caa8fa5ece06aea1f7630b8b07f070b604/rootfs/oldroot/run;id=/;instance=cadvisor:8080;job=iot_service","2025-10-31T10:30:24Z","0"
"container_fs_reads_total","device=/var/lib/docker/rootfs/overlayfs/fdfc0724b613bbad2b29e38f548044caa8fa5ece06aea1f7630b8b07f070b604/rootfs/oldroot/run;id=/;instance=cadvisor:8080;job=iot_service","2025-10-31T10:30:39Z","0"
"container_fs_reads_total","device=/var/lib/docker/rootfs/overlayfs/fdfc0724b613bbad2b29e38f548044caa8fa5ece06aea1f7630b8b07f070b604/rootfs/oldroot/run;id=/;instance=cadvisor:8080;job=iot_service","2025-10-31T10:30:54Z","0"
"container_fs_reads_total","device=/var/lib/docker/rootfs/overlayfs/fdfc0724b613bbad2b29e38f548044caa8fa5ece06aea1f7630b8b07f070b604/rootfs/oldroot/run;id=/;instance=cadvisor:8080;job=iot_service","2025-10-31T10:31:09Z","0"
"container_fs_reads_total","device=/var/lib/docker/rootfs/overlayfs/fdfc0724b613bbad2b29e38f548044caa8fa5ece06aea1f7630b8b07f070b604/rootfs/run;id=/;instance=cadvisor:8080;job=iot_service","2025-10-31T10:16:09Z","0"
"container_fs_reads_total","device=/var/lib/docker/rootfs/overlayfs/fdfc0724b613bbad2b29e38f548044caa8fa5ece06aea1f7630b8b07f070b604/rootfs/run;id=/;instance=cadvisor:8080;job=iot_service","2025-10-31T10:16:24Z","0"
"container_fs_reads_total","device=/var/lib/docker/rootfs/overlayfs/fdfc0724b613bbad2b29e38f548044caa8fa5ece06aea1f7630b8b07f070b604/rootfs/run;id=/;instance=cadvisor:8080;job=iot_service","2025-10-31T10:16:39Z","0"
"container_fs_reads_total","device=/var/lib/docker/rootfs/overlayfs/fdfc0724b613bbad2b29e38f548044caa8fa5ece06aea1f7630b8b07f070b604/rootfs/run;id=/;instance=cadvisor:8080;job=iot_service","2025-10-31T10:16:54Z","0"
"container_fs_reads_total","device=/var/lib/docker/rootfs/overlayfs/fdfc0724b613bbad2b29e38f548044caa8fa5ece06aea1f7630b8b07f070b604/rootfs/run;id=/;instance=cadvisor:8080;job=iot_service","2025-10-31T10:17:09Z","0"
"container_fs_reads_total","device=/var/lib/docker/rootfs/overlayfs/fdfc0724b613bbad2b29e38f548044caa8fa5ece06aea1f7630b8b07f070b604/rootfs/run;id=/;instance=cadvisor:8080;job=iot_service","2025-10-31T10:17:24Z","0"
"container_fs_reads_total","device=/var/lib/docker/rootfs/overlayfs/fdfc0724b613bbad2b29e38f548044caa8fa5ece06aea1f7630b8b07f070b604/rootfs/run;id=/;instance=cadvisor:8080;job=iot_service","2025-10-31T10:17:39Z","0"
"container_fs_reads_total","device=/var/lib/docker/rootfs/overlayfs/fdfc0724b613bbad2b29e38f548044caa8fa5ece06aea1f7630b8b07f070b604/rootfs/run;id=/;instance=cadvisor:8080;job=iot_service","2025-10-31T10:17:54Z","0"
"container_fs_reads_total","device=/var/lib/docker/rootfs/overlayfs/fdfc0724b613bbad2b29e38f548044caa8fa5ece06aea1f7630b8b07f070b604/rootfs/run;id=/;instance=cadvisor:8080;job=iot_service","2025-10-31T10:18:09Z","0"
"container_fs_reads_total","device=/var/lib/docker/rootfs/overlayfs/fdfc0724b613bbad2b29e38f548044caa8fa5ece06aea1f7630b8b07f070b604/rootfs/run;id=/;instance=cadvisor:8080;job=iot_service","2025-10-31T10:18:24Z","0"
"container_fs_reads_total","device=/var/lib/docker/rootfs/overlayfs/fdfc0724b613bbad2b29e38f548044caa8fa5ece06aea1f7630b8b07f070b604/rootfs/run;id=/;instance=cadvisor:8080;job=iot_service","2025-10-31T10:18:39Z","0"
"container_fs_reads_total","device=/var/lib/docker/rootfs/overlayfs/fdfc0724b613bbad2b29e38f548044caa8fa5ece06aea1f7630b8b07f070b604/rootfs/run;id=/;instance=cadvisor:8080;job=iot_service","2025-10-31T10:18:54Z","0"
"container_fs_reads_total","device=/var/lib/docker/rootfs/overlayfs/fdfc0724b613bbad2b29e38f548044caa8fa5ece06aea1f7630b8b07f070b604/rootfs/run;id=/;instance=cadvisor:8080;job=iot_service","2025-10-31T10:19:09Z","0"
"container_fs_reads_total","device=/var/lib/docker/rootfs/overlayfs/fdfc0724b613bbad2b29e38f548044caa8fa5ece06aea1f7630b8b07f070b604/rootfs/run;id=/;instance=cadvisor:8080;job=iot_service","2025-10-31T10:19:24Z","0"
"container_fs_reads_total","device=/var/lib/docker/rootfs/overlayfs/fdfc0724b613bbad2b29e38f548044caa8fa5ece06aea1f7630b8b07f070b604/rootfs/run;id=/;instance=cadvisor:8080;job=iot_service","2025-10-31T10:19:39Z","0"
"container_fs_reads_total","device=/var/lib/docker/rootfs/overlayfs/fdfc0724b613bbad2b29e38f548044caa8fa5ece06aea1f7630b8b07f070b604/rootfs/run;id=/;instance=cadvisor:8080;job=iot_service","2025-10-31T10:19:54Z","0"
"container_fs_reads_total","device=/var/lib/docker/rootfs/overlayfs/fdfc0724b613bbad2b29e38f548044caa8fa5ece06aea1f7630b8b07f070b604/rootfs/run;id=/;instance=cadvisor:8080;job=iot_service","2025-10-31T10:20:09Z","0"
"container_fs_reads_total","device=/var/lib/docker/rootfs/overlayfs/fdfc0724b613bbad2b29e38f548044caa8fa5ece06aea1f7630b8b07f070b604/rootfs/run;id=/;instance=cadvisor:8080;job=iot_service","2025-10-31T10:20:24Z","0"
"container_fs_reads_total","device=/var/lib/docker/rootfs/overlayfs/fdfc0724b613bbad2b29e38f548044caa8fa5ece06aea1f7630b8b07f070b604/rootfs/run;id=/;instance=cadvisor:8080;job=iot_service","2025-10-31T10:20:39Z","0"
"container_fs_reads_total","device=/var/lib/docker/rootfs/overlayfs/fdfc0724b613bbad2b29e38f548044caa8fa5ece06aea1f7630b8b07f070b604/rootfs/run;id=/;instance=cadvisor:8080;job=iot_service","2025-10-31T10:20:54Z","0"
"container_fs_reads_total","device=/var/lib/docker/rootfs/overlayfs/fdfc0724b613bbad2b29e38f548044caa8fa5ece06aea1f7630b8b07f070b604/rootfs/run;id=/;instance=cadvisor:8080;job=iot_service","2025-10-31T10:21:09Z","0"
"container_fs_reads_total","device=/var/lib/docker/rootfs/overlayfs/fdfc0724b613bbad2b29e38f548044caa8fa5ece06aea1f7630b8b07f070b604/rootfs/run;id=/;instance=cadvisor:8080;job=iot_service","2025-10-31T10:21:24Z","0"
"container_fs_reads_total","device=/var/lib/docker/rootfs/overlayfs/fdfc0724b613bbad2b29e38f548044caa8fa5ece06aea1f7630b8b07f070b604/rootfs/run;id=/;instance=cadvisor:8080;job=iot_service","2025-10-31T10:21:39Z","0"
"container_fs_reads_total","device=/var/lib/docker/rootfs/overlayfs/fdfc0724b613bbad2b29e38f548044caa8fa5ece06aea1f7630b8b07f070b604/rootfs/run;id=/;instance=cadvisor:8080;job=iot_service","2025-10-31T10:21:54Z","0"
"container_fs_reads_total","device=/var/lib/docker/rootfs/overlayfs/fdfc0724b613bbad2b29e38f548044caa8fa5ece06aea1f7630b8b07f070b604/rootfs/run;id=/;instance=cadvisor:8080;job=iot_service","2025-10-31T10:22:09Z","0"
"container_fs_reads_total","device=/var/lib/docker/rootfs/overlayfs/fdfc0724b613bbad2b29e38f548044caa8fa5ece06aea1f7630b8b07f070b604/rootfs/run;id=/;instance=cadvisor:8080;job=iot_service","2025-10-31T10:22:24Z","0"
"container_fs_reads_total","device=/var/lib/docker/rootfs/overlayfs/fdfc0724b613bbad2b29e38f548044caa8fa5ece06aea1f7630b8b07f070b604/rootfs/run;id=/;instance=cadvisor:8080;job=iot_service","2025-10-31T10:22:39Z","0"
"container_fs_reads_total","device=/var/lib/docker/rootfs/overlayfs/fdfc0724b613bbad2b29e38f548044caa8fa5ece06aea1f7630b8b07f070b604/rootfs/run;id=/;instance=cadvisor:8080;job=iot_service","2025-10-31T10:22:54Z","0"
"container_fs_reads_total","device=/var/lib/docker/rootfs/overlayfs/fdfc0724b613bbad2b29e38f548044caa8fa5ece06aea1f7630b8b07f070b604/rootfs/run;id=/;instance=cadvisor:8080;job=iot_service","2025-10-31T10:23:09Z","0"
"container_fs_reads_total","device=/var/lib/docker/rootfs/overlayfs/fdfc0724b613bbad2b29e38f548044caa8fa5ece06aea1f7630b8b07f070b604/rootfs/run;id=/;instance=cadvisor:8080;job=iot_service","2025-10-31T10:23:24Z","0"
"container_fs_reads_total","device=/var/lib/docker/rootfs/overlayfs/fdfc0724b613bbad2b29e38f548044caa8fa5ece06aea1f7630b8b07f070b604/rootfs/run;id=/;instance=cadvisor:8080;job=iot_service","2025-10-31T10:23:39Z","0"
"container_fs_reads_total","device=/var/lib/docker/rootfs/overlayfs/fdfc0724b613bbad2b29e38f548044caa8fa5ece06aea1f7630b8b07f070b604/rootfs/run;id=/;instance=cadvisor:8080;job=iot_service","2025-10-31T10:23:54Z","0"
"container_fs_reads_total","device=/var/lib/docker/rootfs/overlayfs/fdfc0724b613bbad2b29e38f548044caa8fa5ece06aea1f7630b8b07f070b604/rootfs/run;id=/;instance=cadvisor:8080;job=iot_service","2025-10-31T10:24:09Z","0"
"container_fs_reads_total","device=/var/lib/docker/rootfs/overlayfs/fdfc0724b613bbad2b29e38f548044caa8fa5ece06aea1f7630b8b07f070b604/rootfs/run;id=/;instance=cadvisor:8080;job=iot_service","2025-10-31T10:24:24Z","0"
"container_fs_reads_total","device=/var/lib/docker/rootfs/overlayfs/fdfc0724b613bbad2b29e38f548044caa8fa5ece06aea1f7630b8b07f070b604/rootfs/run;id=/;instance=cadvisor:8080;job=iot_service","2025-10-31T10:24:39Z","0"
"container_fs_reads_total","device=/var/lib/docker/rootfs/overlayfs/fdfc0724b613bbad2b29e38f548044caa8fa5ece06aea1f7630b8b07f070b604/rootfs/run;id=/;instance=cadvisor:8080;job=iot_service","2025-10-31T10:24:54Z","0"
"container_fs_reads_total","device=/var/lib/docker/rootfs/overlayfs/fdfc0724b613bbad2b29e38f548044caa8fa5ece06aea1f7630b8b07f070b604/rootfs/run;id=/;instance=cadvisor:8080;job=iot_service","2025-10-31T10:25:09Z","0"
"container_fs_reads_total","device=/var/lib/docker/rootfs/overlayfs/fdfc0724b613bbad2b29e38f548044caa8fa5ece06aea1f7630b8b07f070b604/rootfs/run;id=/;instance=cadvisor:8080;job=iot_service","2025-10-31T10:25:24Z","0"
"container_fs_reads_total","device=/var/lib/docker/rootfs/overlayfs/fdfc0724b613bbad2b29e38f548044caa8fa5ece06aea1f7630b8b07f070b604/rootfs/run;id=/;instance=cadvisor:8080;job=iot_service","2025-10-31T10:25:39Z","0"
"container_fs_reads_total","device=/var/lib/docker/rootfs/overlayfs/fdfc0724b613bbad2b29e38f548044caa8fa5ece06aea1f7630b8b07f070b604/rootfs/run;id=/;instance=cadvisor:8080;job=iot_service","2025-10-31T10:25:54Z","0"
"container_fs_reads_total","device=/var/lib/docker/rootfs/overlayfs/fdfc0724b613bbad2b29e38f548044caa8fa5ece06aea1f7630b8b07f070b604/rootfs/run;id=/;instance=cadvisor:8080;job=iot_service","2025-10-31T10:26:09Z","0"
"container_fs_reads_total","device=/var/lib/docker/rootfs/overlayfs/fdfc0724b613bbad2b29e38f548044caa8fa5ece06aea1f7630b8b07f070b604/rootfs/run;id=/;instance=cadvisor:8080;job=iot_service","2025-10-31T10:26:24Z","0"
"container_fs_reads_total","device=/var/lib/docker/rootfs/overlayfs/fdfc0724b613bbad2b29e38f548044caa8fa5ece06aea1f7630b8b07f070b604/rootfs/run;id=/;instance=cadvisor:8080;job=iot_service","2025-10-31T10:26:39Z","0"
"container_fs_reads_total","device=/var/lib/docker/rootfs/overlayfs/fdfc0724b613bbad2b29e38f548044caa8fa5ece06aea1f7630b8b07f070b604/rootfs/run;id=/;instance=cadvisor:8080;job=iot_service","2025-10-31T10:26:54Z","0"
"container_fs_reads_total","device=/var/lib/docker/rootfs/overlayfs/fdfc0724b613bbad2b29e38f548044caa8fa5ece06aea1f7630b8b07f070b604/rootfs/run;id=/;instance=cadvisor:8080;job=iot_service","2025-10-31T10:27:09Z","0"
"container_fs_reads_total","device=/var/lib/docker/rootfs/overlayfs/fdfc0724b613bbad2b29e38f548044caa8fa5ece06aea1f7630b8b07f070b604/rootfs/run;id=/;instance=cadvisor:8080;job=iot_service","2025-10-31T10:27:24Z","0"
"container_fs_reads_total","device=/var/lib/docker/rootfs/overlayfs/fdfc0724b613bbad2b29e38f548044caa8fa5ece06aea1f7630b8b07f070b604/rootfs/run;id=/;instance=cadvisor:8080;job=iot_service","2025-10-31T10:27:39Z","0"
"container_fs_reads_total","device=/var/lib/docker/rootfs/overlayfs/fdfc0724b613bbad2b29e38f548044caa8fa5ece06aea1f7630b8b07f070b604/rootfs/run;id=/;instance=cadvisor:8080;job=iot_service","2025-10-31T10:27:54Z","0"
"container_fs_reads_total","device=/var/lib/docker/rootfs/overlayfs/fdfc0724b613bbad2b29e38f548044caa8fa5ece06aea1f7630b8b07f070b604/rootfs/run;id=/;instance=cadvisor:8080;job=iot_service","2025-10-31T10:28:09Z","0"
"container_fs_reads_total","device=/var/lib/docker/rootfs/overlayfs/fdfc0724b613bbad2b29e38f548044caa8fa5ece06aea1f7630b8b07f070b604/rootfs/run;id=/;instance=cadvisor:8080;job=iot_service","2025-10-31T10:28:24Z","0"
"container_fs_reads_total","device=/var/lib/docker/rootfs/overlayfs/fdfc0724b613bbad2b29e38f548044caa8fa5ece06aea1f7630b8b07f070b604/rootfs/run;id=/;instance=cadvisor:8080;job=iot_service","2025-10-31T10:28:39Z","0"
"container_fs_reads_total","device=/var/lib/docker/rootfs/overlayfs/fdfc0724b613bbad2b29e38f548044caa8fa5ece06aea1f7630b8b07f070b604/rootfs/run;id=/;instance=cadvisor:8080;job=iot_service","2025-10-31T10:28:54Z","0"
"container_fs_reads_total","device=/var/lib/docker/rootfs/overlayfs/fdfc0724b613bbad2b29e38f548044caa8fa5ece06aea1f7630b8b07f070b604/rootfs/run;id=/;instance=cadvisor:8080;job=iot_service","2025-10-31T10:29:09Z","0"
"container_fs_reads_total","device=/var/lib/docker/rootfs/overlayfs/fdfc0724b613bbad2b29e38f548044caa8fa5ece06aea1f7630b8b07f070b604/rootfs/run;id=/;instance=cadvisor:8080;job=iot_service","2025-10-31T10:29:24Z","0"
"container_fs_reads_total","device=/var/lib/docker/rootfs/overlayfs/fdfc0724b613bbad2b29e38f548044caa8fa5ece06aea1f7630b8b07f070b604/rootfs/run;id=/;instance=cadvisor:8080;job=iot_service","2025-10-31T10:29:39Z","0"
"container_fs_reads_total","device=/var/lib/docker/rootfs/overlayfs/fdfc0724b613bbad2b29e38f548044caa8fa5ece06aea1f7630b8b07f070b604/rootfs/run;id=/;instance=cadvisor:8080;job=iot_service","2025-10-31T10:29:54Z","0"
"container_fs_reads_total","device=/var/lib/docker/rootfs/overlayfs/fdfc0724b613bbad2b29e38f548044caa8fa5ece06aea1f7630b8b07f070b604/rootfs/run;id=/;instance=cadvisor:8080;job=iot_service","2025-10-31T10:30:09Z","0"
"container_fs_reads_total","device=/var/lib/docker/rootfs/overlayfs/fdfc0724b613bbad2b29e38f548044caa8fa5ece06aea1f7630b8b07f070b604/rootfs/run;id=/;instance=cadvisor:8080;job=iot_service","2025-10-31T10:30:24Z","0"
"container_fs_reads_total","device=/var/lib/docker/rootfs/overlayfs/fdfc0724b613bbad2b29e38f548044caa8fa5ece06aea1f7630b8b07f070b604/rootfs/run;id=/;instance=cadvisor:8080;job=iot_service","2025-10-31T10:30:39Z","0"
"container_fs_reads_total","device=/var/lib/docker/rootfs/overlayfs/fdfc0724b613bbad2b29e38f548044caa8fa5ece06aea1f7630b8b07f070b604/rootfs/run;id=/;instance=cadvisor:8080;job=iot_service","2025-10-31T10:30:54Z","0"
"container_fs_reads_total","device=/var/lib/docker/rootfs/overlayfs/fdfc0724b613bbad2b29e38f548044caa8fa5ece06aea1f7630b8b07f070b604/rootfs/run;id=/;instance=cadvisor:8080;job=iot_service","2025-10-31T10:31:09Z","0"
"container_fs_reads_total","device=/var/lib/docker/rootfs/overlayfs/fdfc0724b613bbad2b29e38f548044caa8fa5ece06aea1f7630b8b07f070b604/rootfs/tmp;id=/;instance=cadvisor:8080;job=iot_service","2025-10-31T10:16:09Z","0"
"container_fs_reads_total","device=/var/lib/docker/rootfs/overlayfs/fdfc0724b613bbad2b29e38f548044caa8fa5ece06aea1f7630b8b07f070b604/rootfs/tmp;id=/;instance=cadvisor:8080;job=iot_service","2025-10-31T10:16:24Z","0"
"container_fs_reads_total","device=/var/lib/docker/rootfs/overlayfs/fdfc0724b613bbad2b29e38f548044caa8fa5ece06aea1f7630b8b07f070b604/rootfs/tmp;id=/;instance=cadvisor:8080;job=iot_service","2025-10-31T10:16:39Z","0"
"container_fs_reads_total","device=/var/lib/docker/rootfs/overlayfs/fdfc0724b613bbad2b29e38f548044caa8fa5ece06aea1f7630b8b07f070b604/rootfs/tmp;id=/;instance=cadvisor:8080;job=iot_service","2025-10-31T10:16:54Z","0"
"container_fs_reads_total","device=/var/lib/docker/rootfs/overlayfs/fdfc0724b613bbad2b29e38f548044caa8fa5ece06aea1f7630b8b07f070b604/rootfs/tmp;id=/;instance=cadvisor:8080;job=iot_service","2025-10-31T10:17:09Z","0"
"container_fs_reads_total","device=/var/lib/docker/rootfs/overlayfs/fdfc0724b613bbad2b29e38f548044caa8fa5ece06aea1f7630b8b07f070b604/rootfs/tmp;id=/;instance=cadvisor:8080;job=iot_service","2025-10-31T10:17:24Z","0"
"container_fs_reads_total","device=/var/lib/docker/rootfs/overlayfs/fdfc0724b613bbad2b29e38f548044caa8fa5ece06aea1f7630b8b07f070b604/rootfs/tmp;id=/;instance=cadvisor:8080;job=iot_service","2025-10-31T10:17:39Z","0"
"container_fs_reads_total","device=/var/lib/docker/rootfs/overlayfs/fdfc0724b613bbad2b29e38f548044caa8fa5ece06aea1f7630b8b07f070b604/rootfs/tmp;id=/;instance=cadvisor:8080;job=iot_service","2025-10-31T10:17:54Z","0"
"container_fs_reads_total","device=/var/lib/docker/rootfs/overlayfs/fdfc0724b613bbad2b29e38f548044caa8fa5ece06aea1f7630b8b07f070b604/rootfs/tmp;id=/;instance=cadvisor:8080;job=iot_service","2025-10-31T10:18:09Z","0"
"container_fs_reads_total","device=/var/lib/docker/rootfs/overlayfs/fdfc0724b613bbad2b29e38f548044caa8fa5ece06aea1f7630b8b07f070b604/rootfs/tmp;id=/;instance=cadvisor:8080;job=iot_service","2025-10-31T10:18:24Z","0"
"container_fs_reads_total","device=/var/lib/docker/rootfs/overlayfs/fdfc0724b613bbad2b29e38f548044caa8fa5ece06aea1f7630b8b07f070b604/rootfs/tmp;id=/;instance=cadvisor:8080;job=iot_service","2025-10-31T10:18:39Z","0"
"container_fs_reads_total","device=/var/lib/docker/rootfs/overlayfs/fdfc0724b613bbad2b29e38f548044caa8fa5ece06aea1f7630b8b07f070b604/rootfs/tmp;id=/;instance=cadvisor:8080;job=iot_service","2025-10-31T10:18:54Z","0"
"container_fs_reads_total","device=/var/lib/docker/rootfs/overlayfs/fdfc0724b613bbad2b29e38f548044caa8fa5ece06aea1f7630b8b07f070b604/rootfs/tmp;id=/;instance=cadvisor:8080;job=iot_service","2025-10-31T10:19:09Z","0"
"container_fs_reads_total","device=/var/lib/docker/rootfs/overlayfs/fdfc0724b613bbad2b29e38f548044caa8fa5ece06aea1f7630b8b07f070b604/rootfs/tmp;id=/;instance=cadvisor:8080;job=iot_service","2025-10-31T10:19:24Z","0"
"container_fs_reads_total","device=/var/lib/docker/rootfs/overlayfs/fdfc0724b613bbad2b29e38f548044caa8fa5ece06aea1f7630b8b07f070b604/rootfs/tmp;id=/;instance=cadvisor:8080;job=iot_service","2025-10-31T10:19:39Z","0"
"container_fs_reads_total","device=/var/lib/docker/rootfs/overlayfs/fdfc0724b613bbad2b29e38f548044caa8fa5ece06aea1f7630b8b07f070b604/rootfs/tmp;id=/;instance=cadvisor:8080;job=iot_service","2025-10-31T10:19:54Z","0"
"container_fs_reads_total","device=/var/lib/docker/rootfs/overlayfs/fdfc0724b613bbad2b29e38f548044caa8fa5ece06aea1f7630b8b07f070b604/rootfs/tmp;id=/;instance=cadvisor:8080;job=iot_service","2025-10-31T10:20:09Z","0"
"container_fs_reads_total","device=/var/lib/docker/rootfs/overlayfs/fdfc0724b613bbad2b29e38f548044caa8fa5ece06aea1f7630b8b07f070b604/rootfs/tmp;id=/;instance=cadvisor:8080;job=iot_service","2025-10-31T10:20:24Z","0"
"container_fs_reads_total","device=/var/lib/docker/rootfs/overlayfs/fdfc0724b613bbad2b29e38f548044caa8fa5ece06aea1f7630b8b07f070b604/rootfs/tmp;id=/;instance=cadvisor:8080;job=iot_service","2025-10-31T10:20:39Z","0"
"container_fs_reads_total","device=/var/lib/docker/rootfs/overlayfs/fdfc0724b613bbad2b29e38f548044caa8fa5ece06aea1f7630b8b07f070b604/rootfs/tmp;id=/;instance=cadvisor:8080;job=iot_service","2025-10-31T10:20:54Z","0"
"container_fs_reads_total","device=/var/lib/docker/rootfs/overlayfs/fdfc0724b613bbad2b29e38f548044caa8fa5ece06aea1f7630b8b07f070b604/rootfs/tmp;id=/;instance=cadvisor:8080;job=iot_service","2025-10-31T10:21:09Z","0"
"container_fs_reads_total","device=/var/lib/docker/rootfs/overlayfs/fdfc0724b613bbad2b29e38f548044caa8fa5ece06aea1f7630b8b07f070b604/rootfs/tmp;id=/;instance=cadvisor:8080;job=iot_service","2025-10-31T10:21:24Z","0"
"container_fs_reads_total","device=/var/lib/docker/rootfs/overlayfs/fdfc0724b613bbad2b29e38f548044caa8fa5ece06aea1f7630b8b07f070b604/rootfs/tmp;id=/;instance=cadvisor:8080;job=iot_service","2025-10-31T10:21:39Z","0"
"container_fs_reads_total","device=/var/lib/docker/rootfs/overlayfs/fdfc0724b613bbad2b29e38f548044caa8fa5ece06aea1f7630b8b07f070b604/rootfs/tmp;id=/;instance=cadvisor:8080;job=iot_service","2025-10-31T10:21:54Z","0"
"container_fs_reads_total","device=/var/lib/docker/rootfs/overlayfs/fdfc0724b613bbad2b29e38f548044caa8fa5ece06aea1f7630b8b07f070b604/rootfs/tmp;id=/;instance=cadvisor:8080;job=iot_service","2025-10-31T10:22:09Z","0"
"container_fs_reads_total","device=/var/lib/docker/rootfs/overlayfs/fdfc0724b613bbad2b29e38f548044caa8fa5ece06aea1f7630b8b07f070b604/rootfs/tmp;id=/;instance=cadvisor:8080;job=iot_service","2025-10-31T10:22:24Z","0"
"container_fs_reads_total","device=/var/lib/docker/rootfs/overlayfs/fdfc0724b613bbad2b29e38f548044caa8fa5ece06aea1f7630b8b07f070b604/rootfs/tmp;id=/;instance=cadvisor:8080;job=iot_service","2025-10-31T10:22:39Z","0"
"container_fs_reads_total","device=/var/lib/docker/rootfs/overlayfs/fdfc0724b613bbad2b29e38f548044caa8fa5ece06aea1f7630b8b07f070b604/rootfs/tmp;id=/;instance=cadvisor:8080;job=iot_service","2025-10-31T10:22:54Z","0"
"container_fs_reads_total","device=/var/lib/docker/rootfs/overlayfs/fdfc0724b613bbad2b29e38f548044caa8fa5ece06aea1f7630b8b07f070b604/rootfs/tmp;id=/;instance=cadvisor:8080;job=iot_service","2025-10-31T10:23:09Z","0"
"container_fs_reads_total","device=/var/lib/docker/rootfs/overlayfs/fdfc0724b613bbad2b29e38f548044caa8fa5ece06aea1f7630b8b07f070b604/rootfs/tmp;id=/;instance=cadvisor:8080;job=iot_service","2025-10-31T10:23:24Z","0"
"container_fs_reads_total","device=/var/lib/docker/rootfs/overlayfs/fdfc0724b613bbad2b29e38f548044caa8fa5ece06aea1f7630b8b07f070b604/rootfs/tmp;id=/;instance=cadvisor:8080;job=iot_service","2025-10-31T10:23:39Z","0"
"container_fs_reads_total","device=/var/lib/docker/rootfs/overlayfs/fdfc0724b613bbad2b29e38f548044caa8fa5ece06aea1f7630b8b07f070b604/rootfs/tmp;id=/;instance=cadvisor:8080;job=iot_service","2025-10-31T10:23:54Z","0"
"container_fs_reads_total","device=/var/lib/docker/rootfs/overlayfs/fdfc0724b613bbad2b29e38f548044caa8fa5ece06aea1f7630b8b07f070b604/rootfs/tmp;id=/;instance=cadvisor:8080;job=iot_service","2025-10-31T10:24:09Z","0"
"container_fs_reads_total","device=/var/lib/docker/rootfs/overlayfs/fdfc0724b613bbad2b29e38f548044caa8fa5ece06aea1f7630b8b07f070b604/rootfs/tmp;id=/;instance=cadvisor:8080;job=iot_service","2025-10-31T10:24:24Z","0"
"container_fs_reads_total","device=/var/lib/docker/rootfs/overlayfs/fdfc0724b613bbad2b29e38f548044caa8fa5ece06aea1f7630b8b07f070b604/rootfs/tmp;id=/;instance=cadvisor:8080;job=iot_service","2025-10-31T10:24:39Z","0"
"container_fs_reads_total","device=/var/lib/docker/rootfs/overlayfs/fdfc0724b613bbad2b29e38f548044caa8fa5ece06aea1f7630b8b07f070b604/rootfs/tmp;id=/;instance=cadvisor:8080;job=iot_service","2025-10-31T10:24:54Z","0"
"container_fs_reads_total","device=/var/lib/docker/rootfs/overlayfs/fdfc0724b613bbad2b29e38f548044caa8fa5ece06aea1f7630b8b07f070b604/rootfs/tmp;id=/;instance=cadvisor:8080;job=iot_service","2025-10-31T10:25:09Z","0"
"container_fs_reads_total","device=/var/lib/docker/rootfs/overlayfs/fdfc0724b613bbad2b29e38f548044caa8fa5ece06aea1f7630b8b07f070b604/rootfs/tmp;id=/;instance=cadvisor:8080;job=iot_service","2025-10-31T10:25:24Z","0"
"container_fs_reads_total","device=/var/lib/docker/rootfs/overlayfs/fdfc0724b613bbad2b29e38f548044caa8fa5ece06aea1f7630b8b07f070b604/rootfs/tmp;id=/;instance=cadvisor:8080;job=iot_service","2025-10-31T10:25:39Z","0"
"container_fs_reads_total","device=/var/lib/docker/rootfs/overlayfs/fdfc0724b613bbad2b29e38f548044caa8fa5ece06aea1f7630b8b07f070b604/rootfs/tmp;id=/;instance=cadvisor:8080;job=iot_service","2025-10-31T10:25:54Z","0"
"container_fs_reads_total","device=/var/lib/docker/rootfs/overlayfs/fdfc0724b613bbad2b29e38f548044caa8fa5ece06aea1f7630b8b07f070b604/rootfs/tmp;id=/;instance=cadvisor:8080;job=iot_service","2025-10-31T10:26:09Z","0"
"container_fs_reads_total","device=/var/lib/docker/rootfs/overlayfs/fdfc0724b613bbad2b29e38f548044caa8fa5ece06aea1f7630b8b07f070b604/rootfs/tmp;id=/;instance=cadvisor:8080;job=iot_service","2025-10-31T10:26:24Z","0"
"container_fs_reads_total","device=/var/lib/docker/rootfs/overlayfs/fdfc0724b613bbad2b29e38f548044caa8fa5ece06aea1f7630b8b07f070b604/rootfs/tmp;id=/;instance=cadvisor:8080;job=iot_service","2025-10-31T10:26:39Z","0"
"container_fs_reads_total","device=/var/lib/docker/rootfs/overlayfs/fdfc0724b613bbad2b29e38f548044caa8fa5ece06aea1f7630b8b07f070b604/rootfs/tmp;id=/;instance=cadvisor:8080;job=iot_service","2025-10-31T10:26:54Z","0"
"container_fs_reads_total","device=/var/lib/docker/rootfs/overlayfs/fdfc0724b613bbad2b29e38f548044caa8fa5ece06aea1f7630b8b07f070b604/rootfs/tmp;id=/;instance=cadvisor:8080;job=iot_service","2025-10-31T10:27:09Z","0"
"container_fs_reads_total","device=/var/lib/docker/rootfs/overlayfs/fdfc0724b613bbad2b29e38f548044caa8fa5ece06aea1f7630b8b07f070b604/rootfs/tmp;id=/;instance=cadvisor:8080;job=iot_service","2025-10-31T10:27:24Z","0"
"container_fs_reads_total","device=/var/lib/docker/rootfs/overlayfs/fdfc0724b613bbad2b29e38f548044caa8fa5ece06aea1f7630b8b07f070b604/rootfs/tmp;id=/;instance=cadvisor:8080;job=iot_service","2025-10-31T10:27:39Z","0"
"container_fs_reads_total","device=/var/lib/docker/rootfs/overlayfs/fdfc0724b613bbad2b29e38f548044caa8fa5ece06aea1f7630b8b07f070b604/rootfs/tmp;id=/;instance=cadvisor:8080;job=iot_service","2025-10-31T10:27:54Z","0"
"container_fs_reads_total","device=/var/lib/docker/rootfs/overlayfs/fdfc0724b613bbad2b29e38f548044caa8fa5ece06aea1f7630b8b07f070b604/rootfs/tmp;id=/;instance=cadvisor:8080;job=iot_service","2025-10-31T10:28:09Z","0"
"container_fs_reads_total","device=/var/lib/docker/rootfs/overlayfs/fdfc0724b613bbad2b29e38f548044caa8fa5ece06aea1f7630b8b07f070b604/rootfs/tmp;id=/;instance=cadvisor:8080;job=iot_service","2025-10-31T10:28:24Z","0"
"container_fs_reads_total","device=/var/lib/docker/rootfs/overlayfs/fdfc0724b613bbad2b29e38f548044caa8fa5ece06aea1f7630b8b07f070b604/rootfs/tmp;id=/;instance=cadvisor:8080;job=iot_service","2025-10-31T10:28:39Z","0"
"container_fs_reads_total","device=/var/lib/docker/rootfs/overlayfs/fdfc0724b613bbad2b29e38f548044caa8fa5ece06aea1f7630b8b07f070b604/rootfs/tmp;id=/;instance=cadvisor:8080;job=iot_service","2025-10-31T10:28:54Z","0"
"container_fs_reads_total","device=/var/lib/docker/rootfs/overlayfs/fdfc0724b613bbad2b29e38f548044caa8fa5ece06aea1f7630b8b07f070b604/rootfs/tmp;id=/;instance=cadvisor:8080;job=iot_service","2025-10-31T10:29:09Z","0"
"container_fs_reads_total","device=/var/lib/docker/rootfs/overlayfs/fdfc0724b613bbad2b29e38f548044caa8fa5ece06aea1f7630b8b07f070b604/rootfs/tmp;id=/;instance=cadvisor:8080;job=iot_service","2025-10-31T10:29:24Z","0"
"container_fs_reads_total","device=/var/lib/docker/rootfs/overlayfs/fdfc0724b613bbad2b29e38f548044caa8fa5ece06aea1f7630b8b07f070b604/rootfs/tmp;id=/;instance=cadvisor:8080;job=iot_service","2025-10-31T10:29:39Z","0"
"container_fs_reads_total","device=/var/lib/docker/rootfs/overlayfs/fdfc0724b613bbad2b29e38f548044caa8fa5ece06aea1f7630b8b07f070b604/rootfs/tmp;id=/;instance=cadvisor:8080;job=iot_service","2025-10-31T10:29:54Z","0"
"container_fs_reads_total","device=/var/lib/docker/rootfs/overlayfs/fdfc0724b613bbad2b29e38f548044caa8fa5ece06aea1f7630b8b07f070b604/rootfs/tmp;id=/;instance=cadvisor:8080;job=iot_service","2025-10-31T10:30:09Z","0"
"container_fs_reads_total","device=/var/lib/docker/rootfs/overlayfs/fdfc0724b613bbad2b29e38f548044caa8fa5ece06aea1f7630b8b07f070b604/rootfs/tmp;id=/;instance=cadvisor:8080;job=iot_service","2025-10-31T10:30:24Z","0"
"container_fs_reads_total","device=/var/lib/docker/rootfs/overlayfs/fdfc0724b613bbad2b29e38f548044caa8fa5ece06aea1f7630b8b07f070b604/rootfs/tmp;id=/;instance=cadvisor:8080;job=iot_service","2025-10-31T10:30:39Z","0"
"container_fs_reads_total","device=/var/lib/docker/rootfs/overlayfs/fdfc0724b613bbad2b29e38f548044caa8fa5ece06aea1f7630b8b07f070b604/rootfs/tmp;id=/;instance=cadvisor:8080;job=iot_service","2025-10-31T10:30:54Z","0"
"container_fs_reads_total","device=/var/lib/docker/rootfs/overlayfs/fdfc0724b613bbad2b29e38f548044caa8fa5ece06aea1f7630b8b07f070b604/rootfs/tmp;id=/;instance=cadvisor:8080;job=iot_service","2025-10-31T10:31:09Z","0"
"container_fs_reads_total","device=/var/lib/docker/rootfs/overlayfs/fdfc0724b613bbad2b29e38f548044caa8fa5ece06aea1f7630b8b07f070b604/rootfs/var;id=/;instance=cadvisor:8080;job=iot_service","2025-10-31T10:16:09Z","0"
"container_fs_reads_total","device=/var/lib/docker/rootfs/overlayfs/fdfc0724b613bbad2b29e38f548044caa8fa5ece06aea1f7630b8b07f070b604/rootfs/var;id=/;instance=cadvisor:8080;job=iot_service","2025-10-31T10:16:24Z","0"
"container_fs_reads_total","device=/var/lib/docker/rootfs/overlayfs/fdfc0724b613bbad2b29e38f548044caa8fa5ece06aea1f7630b8b07f070b604/rootfs/var;id=/;instance=cadvisor:8080;job=iot_service","2025-10-31T10:16:39Z","0"
"container_fs_reads_total","device=/var/lib/docker/rootfs/overlayfs/fdfc0724b613bbad2b29e38f548044caa8fa5ece06aea1f7630b8b07f070b604/rootfs/var;id=/;instance=cadvisor:8080;job=iot_service","2025-10-31T10:16:54Z","0"
"container_fs_reads_total","device=/var/lib/docker/rootfs/overlayfs/fdfc0724b613bbad2b29e38f548044caa8fa5ece06aea1f7630b8b07f070b604/rootfs/var;id=/;instance=cadvisor:8080;job=iot_service","2025-10-31T10:17:09Z","0"
"container_fs_reads_total","device=/var/lib/docker/rootfs/overlayfs/fdfc0724b613bbad2b29e38f548044caa8fa5ece06aea1f7630b8b07f070b604/rootfs/var;id=/;instance=cadvisor:8080;job=iot_service","2025-10-31T10:17:24Z","0"
"container_fs_reads_total","device=/var/lib/docker/rootfs/overlayfs/fdfc0724b613bbad2b29e38f548044caa8fa5ece06aea1f7630b8b07f070b604/rootfs/var;id=/;instance=cadvisor:8080;job=iot_service","2025-10-31T10:17:39Z","0"
"container_fs_reads_total","device=/var/lib/docker/rootfs/overlayfs/fdfc0724b613bbad2b29e38f548044caa8fa5ece06aea1f7630b8b07f070b604/rootfs/var;id=/;instance=cadvisor:8080;job=iot_service","2025-10-31T10:17:54Z","0"
"container_fs_reads_total","device=/var/lib/docker/rootfs/overlayfs/fdfc0724b613bbad2b29e38f548044caa8fa5ece06aea1f7630b8b07f070b604/rootfs/var;id=/;instance=cadvisor:8080;job=iot_service","2025-10-31T10:18:09Z","0"
"container_fs_reads_total","device=/var/lib/docker/rootfs/overlayfs/fdfc0724b613bbad2b29e38f548044caa8fa5ece06aea1f7630b8b07f070b604/rootfs/var;id=/;instance=cadvisor:8080;job=iot_service","2025-10-31T10:18:24Z","0"
"container_fs_reads_total","device=/var/lib/docker/rootfs/overlayfs/fdfc0724b613bbad2b29e38f548044caa8fa5ece06aea1f7630b8b07f070b604/rootfs/var;id=/;instance=cadvisor:8080;job=iot_service","2025-10-31T10:18:39Z","0"
"container_fs_reads_total","device=/var/lib/docker/rootfs/overlayfs/fdfc0724b613bbad2b29e38f548044caa8fa5ece06aea1f7630b8b07f070b604/rootfs/var;id=/;instance=cadvisor:8080;job=iot_service","2025-10-31T10:18:54Z","0"
"container_fs_reads_total","device=/var/lib/docker/rootfs/overlayfs/fdfc0724b613bbad2b29e38f548044caa8fa5ece06aea1f7630b8b07f070b604/rootfs/var;id=/;instance=cadvisor:8080;job=iot_service","2025-10-31T10:19:09Z","0"
"container_fs_reads_total","device=/var/lib/docker/rootfs/overlayfs/fdfc0724b613bbad2b29e38f548044caa8fa5ece06aea1f7630b8b07f070b604/rootfs/var;id=/;instance=cadvisor:8080;job=iot_service","2025-10-31T10:19:24Z","0"
"container_fs_reads_total","device=/var/lib/docker/rootfs/overlayfs/fdfc0724b613bbad2b29e38f548044caa8fa5ece06aea1f7630b8b07f070b604/rootfs/var;id=/;instance=cadvisor:8080;job=iot_service","2025-10-31T10:19:39Z","0"
"container_fs_reads_total","device=/var/lib/docker/rootfs/overlayfs/fdfc0724b613bbad2b29e38f548044caa8fa5ece06aea1f7630b8b07f070b604/rootfs/var;id=/;instance=cadvisor:8080;job=iot_service","2025-10-31T10:19:54Z","0"
"container_fs_reads_total","device=/var/lib/docker/rootfs/overlayfs/fdfc0724b613bbad2b29e38f548044caa8fa5ece06aea1f7630b8b07f070b604/rootfs/var;id=/;instance=cadvisor:8080;job=iot_service","2025-10-31T10:20:09Z","0"
"container_fs_reads_total","device=/var/lib/docker/rootfs/overlayfs/fdfc0724b613bbad2b29e38f548044caa8fa5ece06aea1f7630b8b07f070b604/rootfs/var;id=/;instance=cadvisor:8080;job=iot_service","2025-10-31T10:20:24Z","0"
"container_fs_reads_total","device=/var/lib/docker/rootfs/overlayfs/fdfc0724b613bbad2b29e38f548044caa8fa5ece06aea1f7630b8b07f070b604/rootfs/var;id=/;instance=cadvisor:8080;job=iot_service","2025-10-31T10:20:39Z","0"
"container_fs_reads_total","device=/var/lib/docker/rootfs/overlayfs/fdfc0724b613bbad2b29e38f548044caa8fa5ece06aea1f7630b8b07f070b604/rootfs/var;id=/;instance=cadvisor:8080;job=iot_service","2025-10-31T10:20:54Z","0"
"container_fs_reads_total","device=/var/lib/docker/rootfs/overlayfs/fdfc0724b613bbad2b29e38f548044caa8fa5ece06aea1f7630b8b07f070b604/rootfs/var;id=/;instance=cadvisor:8080;job=iot_service","2025-10-31T10:21:09Z","0"
"container_fs_reads_total","device=/var/lib/docker/rootfs/overlayfs/fdfc0724b613bbad2b29e38f548044caa8fa5ece06aea1f7630b8b07f070b604/rootfs/var;id=/;instance=cadvisor:8080;job=iot_service","2025-10-31T10:21:24Z","0"
"container_fs_reads_total","device=/var/lib/docker/rootfs/overlayfs/fdfc0724b613bbad2b29e38f548044caa8fa5ece06aea1f7630b8b07f070b604/rootfs/var;id=/;instance=cadvisor:8080;job=iot_service","2025-10-31T10:21:39Z","0"
"container_fs_reads_total","device=/var/lib/docker/rootfs/overlayfs/fdfc0724b613bbad2b29e38f548044caa8fa5ece06aea1f7630b8b07f070b604/rootfs/var;id=/;instance=cadvisor:8080;job=iot_service","2025-10-31T10:21:54Z","0"
"container_fs_reads_total","device=/var/lib/docker/rootfs/overlayfs/fdfc0724b613bbad2b29e38f548044caa8fa5ece06aea1f7630b8b07f070b604/rootfs/var;id=/;instance=cadvisor:8080;job=iot_service","2025-10-31T10:22:09Z","0"
"container_fs_reads_total","device=/var/lib/docker/rootfs/overlayfs/fdfc0724b613bbad2b29e38f548044caa8fa5ece06aea1f7630b8b07f070b604/rootfs/var;id=/;instance=cadvisor:8080;job=iot_service","2025-10-31T10:22:24Z","0"
"container_fs_reads_total","device=/var/lib/docker/rootfs/overlayfs/fdfc0724b613bbad2b29e38f548044caa8fa5ece06aea1f7630b8b07f070b604/rootfs/var;id=/;instance=cadvisor:8080;job=iot_service","2025-10-31T10:22:39Z","0"
"container_fs_reads_total","device=/var/lib/docker/rootfs/overlayfs/fdfc0724b613bbad2b29e38f548044caa8fa5ece06aea1f7630b8b07f070b604/rootfs/var;id=/;instance=cadvisor:8080;job=iot_service","2025-10-31T10:22:54Z","0"
"container_fs_reads_total","device=/var/lib/docker/rootfs/overlayfs/fdfc0724b613bbad2b29e38f548044caa8fa5ece06aea1f7630b8b07f070b604/rootfs/var;id=/;instance=cadvisor:8080;job=iot_service","2025-10-31T10:23:09Z","0"
"container_fs_reads_total","device=/var/lib/docker/rootfs/overlayfs/fdfc0724b613bbad2b29e38f548044caa8fa5ece06aea1f7630b8b07f070b604/rootfs/var;id=/;instance=cadvisor:8080;job=iot_service","2025-10-31T10:23:24Z","0"
"container_fs_reads_total","device=/var/lib/docker/rootfs/overlayfs/fdfc0724b613bbad2b29e38f548044caa8fa5ece06aea1f7630b8b07f070b604/rootfs/var;id=/;instance=cadvisor:8080;job=iot_service","2025-10-31T10:23:39Z","0"
"container_fs_reads_total","device=/var/lib/docker/rootfs/overlayfs/fdfc0724b613bbad2b29e38f548044caa8fa5ece06aea1f7630b8b07f070b604/rootfs/var;id=/;instance=cadvisor:8080;job=iot_service","2025-10-31T10:23:54Z","0"
"container_fs_reads_total","device=/var/lib/docker/rootfs/overlayfs/fdfc0724b613bbad2b29e38f548044caa8fa5ece06aea1f7630b8b07f070b604/rootfs/var;id=/;instance=cadvisor:8080;job=iot_service","2025-10-31T10:24:09Z","0"
"container_fs_reads_total","device=/var/lib/docker/rootfs/overlayfs/fdfc0724b613bbad2b29e38f548044caa8fa5ece06aea1f7630b8b07f070b604/rootfs/var;id=/;instance=cadvisor:8080;job=iot_service","2025-10-31T10:24:24Z","0"
"container_fs_reads_total","device=/var/lib/docker/rootfs/overlayfs/fdfc0724b613bbad2b29e38f548044caa8fa5ece06aea1f7630b8b07f070b604/rootfs/var;id=/;instance=cadvisor:8080;job=iot_service","2025-10-31T10:24:39Z","0"
"container_fs_reads_total","device=/var/lib/docker/rootfs/overlayfs/fdfc0724b613bbad2b29e38f548044caa8fa5ece06aea1f7630b8b07f070b604/rootfs/var;id=/;instance=cadvisor:8080;job=iot_service","2025-10-31T10:24:54Z","0"
"container_fs_reads_total","device=/var/lib/docker/rootfs/overlayfs/fdfc0724b613bbad2b29e38f548044caa8fa5ece06aea1f7630b8b07f070b604/rootfs/var;id=/;instance=cadvisor:8080;job=iot_service","2025-10-31T10:25:09Z","0"
"container_fs_reads_total","device=/var/lib/docker/rootfs/overlayfs/fdfc0724b613bbad2b29e38f548044caa8fa5ece06aea1f7630b8b07f070b604/rootfs/var;id=/;instance=cadvisor:8080;job=iot_service","2025-10-31T10:25:24Z","0"
"container_fs_reads_total","device=/var/lib/docker/rootfs/overlayfs/fdfc0724b613bbad2b29e38f548044caa8fa5ece06aea1f7630b8b07f070b604/rootfs/var;id=/;instance=cadvisor:8080;job=iot_service","2025-10-31T10:25:39Z","0"
"container_fs_reads_total","device=/var/lib/docker/rootfs/overlayfs/fdfc0724b613bbad2b29e38f548044caa8fa5ece06aea1f7630b8b07f070b604/rootfs/var;id=/;instance=cadvisor:8080;job=iot_service","2025-10-31T10:25:54Z","0"
"container_fs_reads_total","device=/var/lib/docker/rootfs/overlayfs/fdfc0724b613bbad2b29e38f548044caa8fa5ece06aea1f7630b8b07f070b604/rootfs/var;id=/;instance=cadvisor:8080;job=iot_service","2025-10-31T10:26:09Z","0"
"container_fs_reads_total","device=/var/lib/docker/rootfs/overlayfs/fdfc0724b613bbad2b29e38f548044caa8fa5ece06aea1f7630b8b07f070b604/rootfs/var;id=/;instance=cadvisor:8080;job=iot_service","2025-10-31T10:26:24Z","0"
"container_fs_reads_total","device=/var/lib/docker/rootfs/overlayfs/fdfc0724b613bbad2b29e38f548044caa8fa5ece06aea1f7630b8b07f070b604/rootfs/var;id=/;instance=cadvisor:8080;job=iot_service","2025-10-31T10:26:39Z","0"
"container_fs_reads_total","device=/var/lib/docker/rootfs/overlayfs/fdfc0724b613bbad2b29e38f548044caa8fa5ece06aea1f7630b8b07f070b604/rootfs/var;id=/;instance=cadvisor:8080;job=iot_service","2025-10-31T10:26:54Z","0"
"container_fs_reads_total","device=/var/lib/docker/rootfs/overlayfs/fdfc0724b613bbad2b29e38f548044caa8fa5ece06aea1f7630b8b07f070b604/rootfs/var;id=/;instance=cadvisor:8080;job=iot_service","2025-10-31T10:27:09Z","0"
"container_fs_reads_total","device=/var/lib/docker/rootfs/overlayfs/fdfc0724b613bbad2b29e38f548044caa8fa5ece06aea1f7630b8b07f070b604/rootfs/var;id=/;instance=cadvisor:8080;job=iot_service","2025-10-31T10:27:24Z","0"
"container_fs_reads_total","device=/var/lib/docker/rootfs/overlayfs/fdfc0724b613bbad2b29e38f548044caa8fa5ece06aea1f7630b8b07f070b604/rootfs/var;id=/;instance=cadvisor:8080;job=iot_service","2025-10-31T10:27:39Z","0"
"container_fs_reads_total","device=/var/lib/docker/rootfs/overlayfs/fdfc0724b613bbad2b29e38f548044caa8fa5ece06aea1f7630b8b07f070b604/rootfs/var;id=/;instance=cadvisor:8080;job=iot_service","2025-10-31T10:27:54Z","0"
"container_fs_reads_total","device=/var/lib/docker/rootfs/overlayfs/fdfc0724b613bbad2b29e38f548044caa8fa5ece06aea1f7630b8b07f070b604/rootfs/var;id=/;instance=cadvisor:8080;job=iot_service","2025-10-31T10:28:09Z","0"
"container_fs_reads_total","device=/var/lib/docker/rootfs/overlayfs/fdfc0724b613bbad2b29e38f548044caa8fa5ece06aea1f7630b8b07f070b604/rootfs/var;id=/;instance=cadvisor:8080;job=iot_service","2025-10-31T10:28:24Z","0"
"container_fs_reads_total","device=/var/lib/docker/rootfs/overlayfs/fdfc0724b613bbad2b29e38f548044caa8fa5ece06aea1f7630b8b07f070b604/rootfs/var;id=/;instance=cadvisor:8080;job=iot_service","2025-10-31T10:28:39Z","0"
"container_fs_reads_total","device=/var/lib/docker/rootfs/overlayfs/fdfc0724b613bbad2b29e38f548044caa8fa5ece06aea1f7630b8b07f070b604/rootfs/var;id=/;instance=cadvisor:8080;job=iot_service","2025-10-31T10:28:54Z","0"
"container_fs_reads_total","device=/var/lib/docker/rootfs/overlayfs/fdfc0724b613bbad2b29e38f548044caa8fa5ece06aea1f7630b8b07f070b604/rootfs/var;id=/;instance=cadvisor:8080;job=iot_service","2025-10-31T10:29:09Z","0"
"container_fs_reads_total","device=/var/lib/docker/rootfs/overlayfs/fdfc0724b613bbad2b29e38f548044caa8fa5ece06aea1f7630b8b07f070b604/rootfs/var;id=/;instance=cadvisor:8080;job=iot_service","2025-10-31T10:29:24Z","0"
"container_fs_reads_total","device=/var/lib/docker/rootfs/overlayfs/fdfc0724b613bbad2b29e38f548044caa8fa5ece06aea1f7630b8b07f070b604/rootfs/var;id=/;instance=cadvisor:8080;job=iot_service","2025-10-31T10:29:39Z","0"
"container_fs_reads_total","device=/var/lib/docker/rootfs/overlayfs/fdfc0724b613bbad2b29e38f548044caa8fa5ece06aea1f7630b8b07f070b604/rootfs/var;id=/;instance=cadvisor:8080;job=iot_service","2025-10-31T10:29:54Z","0"
"container_fs_reads_total","device=/var/lib/docker/rootfs/overlayfs/fdfc0724b613bbad2b29e38f548044caa8fa5ece06aea1f7630b8b07f070b604/rootfs/var;id=/;instance=cadvisor:8080;job=iot_service","2025-10-31T10:30:09Z","0"
"container_fs_reads_total","device=/var/lib/docker/rootfs/overlayfs/fdfc0724b613bbad2b29e38f548044caa8fa5ece06aea1f7630b8b07f070b604/rootfs/var;id=/;instance=cadvisor:8080;job=iot_service","2025-10-31T10:30:24Z","0"
"container_fs_reads_total","device=/var/lib/docker/rootfs/overlayfs/fdfc0724b613bbad2b29e38f548044caa8fa5ece06aea1f7630b8b07f070b604/rootfs/var;id=/;instance=cadvisor:8080;job=iot_service","2025-10-31T10:30:39Z","0"
"container_fs_reads_total","device=/var/lib/docker/rootfs/overlayfs/fdfc0724b613bbad2b29e38f548044caa8fa5ece06aea1f7630b8b07f070b604/rootfs/var;id=/;instance=cadvisor:8080;job=iot_service","2025-10-31T10:30:54Z","0"
"container_fs_reads_total","device=/var/lib/docker/rootfs/overlayfs/fdfc0724b613bbad2b29e38f548044caa8fa5ece06aea1f7630b8b07f070b604/rootfs/var;id=/;instance=cadvisor:8080;job=iot_service","2025-10-31T10:31:09Z","0"
"container_fs_reads_total","device=/var/lib/docker/rootfs/overlayfs/fdfc0724b613bbad2b29e38f548044caa8fa5ece06aea1f7630b8b07f070b604/rootfs/var/lib/docker/rootfs/overlayfs/fdfc0724b613bbad2b29e38f548044caa8fa5ece06aea1f7630b8b07f070b604/dev;id=/;instance=cadvisor:8080;job=iot_service","2025-10-31T10:16:09Z","0"
"container_fs_reads_total","device=/var/lib/docker/rootfs/overlayfs/fdfc0724b613bbad2b29e38f548044caa8fa5ece06aea1f7630b8b07f070b604/rootfs/var/lib/docker/rootfs/overlayfs/fdfc0724b613bbad2b29e38f548044caa8fa5ece06aea1f7630b8b07f070b604/dev;id=/;instance=cadvisor:8080;job=iot_service","2025-10-31T10:16:24Z","0"
"container_fs_reads_total","device=/var/lib/docker/rootfs/overlayfs/fdfc0724b613bbad2b29e38f548044caa8fa5ece06aea1f7630b8b07f070b604/rootfs/var/lib/docker/rootfs/overlayfs/fdfc0724b613bbad2b29e38f548044caa8fa5ece06aea1f7630b8b07f070b604/dev;id=/;instance=cadvisor:8080;job=iot_service","2025-10-31T10:16:39Z","0"
"container_fs_reads_total","device=/var/lib/docker/rootfs/overlayfs/fdfc0724b613bbad2b29e38f548044caa8fa5ece06aea1f7630b8b07f070b604/rootfs/var/lib/docker/rootfs/overlayfs/fdfc0724b613bbad2b29e38f548044caa8fa5ece06aea1f7630b8b07f070b604/dev;id=/;instance=cadvisor:8080;job=iot_service","2025-10-31T10:16:54Z","0"
"container_fs_reads_total","device=/var/lib/docker/rootfs/overlayfs/fdfc0724b613bbad2b29e38f548044caa8fa5ece06aea1f7630b8b07f070b604/rootfs/var/lib/docker/rootfs/overlayfs/fdfc0724b613bbad2b29e38f548044caa8fa5ece06aea1f7630b8b07f070b604/dev;id=/;instance=cadvisor:8080;job=iot_service","2025-10-31T10:17:09Z","0"
"container_fs_reads_total","device=/var/lib/docker/rootfs/overlayfs/fdfc0724b613bbad2b29e38f548044caa8fa5ece06aea1f7630b8b07f070b604/rootfs/var/lib/docker/rootfs/overlayfs/fdfc0724b613bbad2b29e38f548044caa8fa5ece06aea1f7630b8b07f070b604/dev;id=/;instance=cadvisor:8080;job=iot_service","2025-10-31T10:17:24Z","0"
"container_fs_reads_total","device=/var/lib/docker/rootfs/overlayfs/fdfc0724b613bbad2b29e38f548044caa8fa5ece06aea1f7630b8b07f070b604/rootfs/var/lib/docker/rootfs/overlayfs/fdfc0724b613bbad2b29e38f548044caa8fa5ece06aea1f7630b8b07f070b604/dev;id=/;instance=cadvisor:8080;job=iot_service","2025-10-31T10:17:39Z","0"
"container_fs_reads_total","device=/var/lib/docker/rootfs/overlayfs/fdfc0724b613bbad2b29e38f548044caa8fa5ece06aea1f7630b8b07f070b604/rootfs/var/lib/docker/rootfs/overlayfs/fdfc0724b613bbad2b29e38f548044caa8fa5ece06aea1f7630b8b07f070b604/dev;id=/;instance=cadvisor:8080;job=iot_service","2025-10-31T10:17:54Z","0"
"container_fs_reads_total","device=/var/lib/docker/rootfs/overlayfs/fdfc0724b613bbad2b29e38f548044caa8fa5ece06aea1f7630b8b07f070b604/rootfs/var/lib/docker/rootfs/overlayfs/fdfc0724b613bbad2b29e38f548044caa8fa5ece06aea1f7630b8b07f070b604/dev;id=/;instance=cadvisor:8080;job=iot_service","2025-10-31T10:18:09Z","0"
"container_fs_reads_total","device=/var/lib/docker/rootfs/overlayfs/fdfc0724b613bbad2b29e38f548044caa8fa5ece06aea1f7630b8b07f070b604/rootfs/var/lib/docker/rootfs/overlayfs/fdfc0724b613bbad2b29e38f548044caa8fa5ece06aea1f7630b8b07f070b604/dev;id=/;instance=cadvisor:8080;job=iot_service","2025-10-31T10:18:24Z","0"
"container_fs_reads_total","device=/var/lib/docker/rootfs/overlayfs/fdfc0724b613bbad2b29e38f548044caa8fa5ece06aea1f7630b8b07f070b604/rootfs/var/lib/docker/rootfs/overlayfs/fdfc0724b613bbad2b29e38f548044caa8fa5ece06aea1f7630b8b07f070b604/dev;id=/;instance=cadvisor:8080;job=iot_service","2025-10-31T10:18:39Z","0"
"container_fs_reads_total","device=/var/lib/docker/rootfs/overlayfs/fdfc0724b613bbad2b29e38f548044caa8fa5ece06aea1f7630b8b07f070b604/rootfs/var/lib/docker/rootfs/overlayfs/fdfc0724b613bbad2b29e38f548044caa8fa5ece06aea1f7630b8b07f070b604/dev;id=/;instance=cadvisor:8080;job=iot_service","2025-10-31T10:18:54Z","0"
"container_fs_reads_total","device=/var/lib/docker/rootfs/overlayfs/fdfc0724b613bbad2b29e38f548044caa8fa5ece06aea1f7630b8b07f070b604/rootfs/var/lib/docker/rootfs/overlayfs/fdfc0724b613bbad2b29e38f548044caa8fa5ece06aea1f7630b8b07f070b604/dev;id=/;instance=cadvisor:8080;job=iot_service","2025-10-31T10:19:09Z","0"
"container_fs_reads_total","device=/var/lib/docker/rootfs/overlayfs/fdfc0724b613bbad2b29e38f548044caa8fa5ece06aea1f7630b8b07f070b604/rootfs/var/lib/docker/rootfs/overlayfs/fdfc0724b613bbad2b29e38f548044caa8fa5ece06aea1f7630b8b07f070b604/dev;id=/;instance=cadvisor:8080;job=iot_service","2025-10-31T10:19:24Z","0"
"container_fs_reads_total","device=/var/lib/docker/rootfs/overlayfs/fdfc0724b613bbad2b29e38f548044caa8fa5ece06aea1f7630b8b07f070b604/rootfs/var/lib/docker/rootfs/overlayfs/fdfc0724b613bbad2b29e38f548044caa8fa5ece06aea1f7630b8b07f070b604/dev;id=/;instance=cadvisor:8080;job=iot_service","2025-10-31T10:19:39Z","0"
"container_fs_reads_total","device=/var/lib/docker/rootfs/overlayfs/fdfc0724b613bbad2b29e38f548044caa8fa5ece06aea1f7630b8b07f070b604/rootfs/var/lib/docker/rootfs/overlayfs/fdfc0724b613bbad2b29e38f548044caa8fa5ece06aea1f7630b8b07f070b604/dev;id=/;instance=cadvisor:8080;job=iot_service","2025-10-31T10:19:54Z","0"
"container_fs_reads_total","device=/var/lib/docker/rootfs/overlayfs/fdfc0724b613bbad2b29e38f548044caa8fa5ece06aea1f7630b8b07f070b604/rootfs/var/lib/docker/rootfs/overlayfs/fdfc0724b613bbad2b29e38f548044caa8fa5ece06aea1f7630b8b07f070b604/dev;id=/;instance=cadvisor:8080;job=iot_service","2025-10-31T10:20:09Z","0"
"container_fs_reads_total","device=/var/lib/docker/rootfs/overlayfs/fdfc0724b613bbad2b29e38f548044caa8fa5ece06aea1f7630b8b07f070b604/rootfs/var/lib/docker/rootfs/overlayfs/fdfc0724b613bbad2b29e38f548044caa8fa5ece06aea1f7630b8b07f070b604/dev;id=/;instance=cadvisor:8080;job=iot_service","2025-10-31T10:20:24Z","0"
"container_fs_reads_total","device=/var/lib/docker/rootfs/overlayfs/fdfc0724b613bbad2b29e38f548044caa8fa5ece06aea1f7630b8b07f070b604/rootfs/var/lib/docker/rootfs/overlayfs/fdfc0724b613bbad2b29e38f548044caa8fa5ece06aea1f7630b8b07f070b604/dev;id=/;instance=cadvisor:8080;job=iot_service","2025-10-31T10:20:39Z","0"
"container_fs_reads_total","device=/var/lib/docker/rootfs/overlayfs/fdfc0724b613bbad2b29e38f548044caa8fa5ece06aea1f7630b8b07f070b604/rootfs/var/lib/docker/rootfs/overlayfs/fdfc0724b613bbad2b29e38f548044caa8fa5ece06aea1f7630b8b07f070b604/dev;id=/;instance=cadvisor:8080;job=iot_service","2025-10-31T10:20:54Z","0"
"container_fs_reads_total","device=/var/lib/docker/rootfs/overlayfs/fdfc0724b613bbad2b29e38f548044caa8fa5ece06aea1f7630b8b07f070b604/rootfs/var/lib/docker/rootfs/overlayfs/fdfc0724b613bbad2b29e38f548044caa8fa5ece06aea1f7630b8b07f070b604/dev;id=/;instance=cadvisor:8080;job=iot_service","2025-10-31T10:21:09Z","0"
"container_fs_reads_total","device=/var/lib/docker/rootfs/overlayfs/fdfc0724b613bbad2b29e38f548044caa8fa5ece06aea1f7630b8b07f070b604/rootfs/var/lib/docker/rootfs/overlayfs/fdfc0724b613bbad2b29e38f548044caa8fa5ece06aea1f7630b8b07f070b604/dev;id=/;instance=cadvisor:8080;job=iot_service","2025-10-31T10:21:24Z","0"
"container_fs_reads_total","device=/var/lib/docker/rootfs/overlayfs/fdfc0724b613bbad2b29e38f548044caa8fa5ece06aea1f7630b8b07f070b604/rootfs/var/lib/docker/rootfs/overlayfs/fdfc0724b613bbad2b29e38f548044caa8fa5ece06aea1f7630b8b07f070b604/dev;id=/;instance=cadvisor:8080;job=iot_service","2025-10-31T10:21:39Z","0"
"container_fs_reads_total","device=/var/lib/docker/rootfs/overlayfs/fdfc0724b613bbad2b29e38f548044caa8fa5ece06aea1f7630b8b07f070b604/rootfs/var/lib/docker/rootfs/overlayfs/fdfc0724b613bbad2b29e38f548044caa8fa5ece06aea1f7630b8b07f070b604/dev;id=/;instance=cadvisor:8080;job=iot_service","2025-10-31T10:21:54Z","0"
"container_fs_reads_total","device=/var/lib/docker/rootfs/overlayfs/fdfc0724b613bbad2b29e38f548044caa8fa5ece06aea1f7630b8b07f070b604/rootfs/var/lib/docker/rootfs/overlayfs/fdfc0724b613bbad2b29e38f548044caa8fa5ece06aea1f7630b8b07f070b604/dev;id=/;instance=cadvisor:8080;job=iot_service","2025-10-31T10:22:09Z","0"
"container_fs_reads_total","device=/var/lib/docker/rootfs/overlayfs/fdfc0724b613bbad2b29e38f548044caa8fa5ece06aea1f7630b8b07f070b604/rootfs/var/lib/docker/rootfs/overlayfs/fdfc0724b613bbad2b29e38f548044caa8fa5ece06aea1f7630b8b07f070b604/dev;id=/;instance=cadvisor:8080;job=iot_service","2025-10-31T10:22:24Z","0"
"container_fs_reads_total","device=/var/lib/docker/rootfs/overlayfs/fdfc0724b613bbad2b29e38f548044caa8fa5ece06aea1f7630b8b07f070b604/rootfs/var/lib/docker/rootfs/overlayfs/fdfc0724b613bbad2b29e38f548044caa8fa5ece06aea1f7630b8b07f070b604/dev;id=/;instance=cadvisor:8080;job=iot_service","2025-10-31T10:22:39Z","0"
"container_fs_reads_total","device=/var/lib/docker/rootfs/overlayfs/fdfc0724b613bbad2b29e38f548044caa8fa5ece06aea1f7630b8b07f070b604/rootfs/var/lib/docker/rootfs/overlayfs/fdfc0724b613bbad2b29e38f548044caa8fa5ece06aea1f7630b8b07f070b604/dev;id=/;instance=cadvisor:8080;job=iot_service","2025-10-31T10:22:54Z","0"
"container_fs_reads_total","device=/var/lib/docker/rootfs/overlayfs/fdfc0724b613bbad2b29e38f548044caa8fa5ece06aea1f7630b8b07f070b604/rootfs/var/lib/docker/rootfs/overlayfs/fdfc0724b613bbad2b29e38f548044caa8fa5ece06aea1f7630b8b07f070b604/dev;id=/;instance=cadvisor:8080;job=iot_service","2025-10-31T10:23:09Z","0"
"container_fs_reads_total","device=/var/lib/docker/rootfs/overlayfs/fdfc0724b613bbad2b29e38f548044caa8fa5ece06aea1f7630b8b07f070b604/rootfs/var/lib/docker/rootfs/overlayfs/fdfc0724b613bbad2b29e38f548044caa8fa5ece06aea1f7630b8b07f070b604/dev;id=/;instance=cadvisor:8080;job=iot_service","2025-10-31T10:23:24Z","0"
"container_fs_reads_total","device=/var/lib/docker/rootfs/overlayfs/fdfc0724b613bbad2b29e38f548044caa8fa5ece06aea1f7630b8b07f070b604/rootfs/var/lib/docker/rootfs/overlayfs/fdfc0724b613bbad2b29e38f548044caa8fa5ece06aea1f7630b8b07f070b604/dev;id=/;instance=cadvisor:8080;job=iot_service","2025-10-31T10:23:39Z","0"
"container_fs_reads_total","device=/var/lib/docker/rootfs/overlayfs/fdfc0724b613bbad2b29e38f548044caa8fa5ece06aea1f7630b8b07f070b604/rootfs/var/lib/docker/rootfs/overlayfs/fdfc0724b613bbad2b29e38f548044caa8fa5ece06aea1f7630b8b07f070b604/dev;id=/;instance=cadvisor:8080;job=iot_service","2025-10-31T10:23:54Z","0"
"container_fs_reads_total","device=/var/lib/docker/rootfs/overlayfs/fdfc0724b613bbad2b29e38f548044caa8fa5ece06aea1f7630b8b07f070b604/rootfs/var/lib/docker/rootfs/overlayfs/fdfc0724b613bbad2b29e38f548044caa8fa5ece06aea1f7630b8b07f070b604/dev;id=/;instance=cadvisor:8080;job=iot_service","2025-10-31T10:24:09Z","0"
"container_fs_reads_total","device=/var/lib/docker/rootfs/overlayfs/fdfc0724b613bbad2b29e38f548044caa8fa5ece06aea1f7630b8b07f070b604/rootfs/var/lib/docker/rootfs/overlayfs/fdfc0724b613bbad2b29e38f548044caa8fa5ece06aea1f7630b8b07f070b604/dev;id=/;instance=cadvisor:8080;job=iot_service","2025-10-31T10:24:24Z","0"
"container_fs_reads_total","device=/var/lib/docker/rootfs/overlayfs/fdfc0724b613bbad2b29e38f548044caa8fa5ece06aea1f7630b8b07f070b604/rootfs/var/lib/docker/rootfs/overlayfs/fdfc0724b613bbad2b29e38f548044caa8fa5ece06aea1f7630b8b07f070b604/dev;id=/;instance=cadvisor:8080;job=iot_service","2025-10-31T10:24:39Z","0"
"container_fs_reads_total","device=/var/lib/docker/rootfs/overlayfs/fdfc0724b613bbad2b29e38f548044caa8fa5ece06aea1f7630b8b07f070b604/rootfs/var/lib/docker/rootfs/overlayfs/fdfc0724b613bbad2b29e38f548044caa8fa5ece06aea1f7630b8b07f070b604/dev;id=/;instance=cadvisor:8080;job=iot_service","2025-10-31T10:24:54Z","0"
"container_fs_reads_total","device=/var/lib/docker/rootfs/overlayfs/fdfc0724b613bbad2b29e38f548044caa8fa5ece06aea1f7630b8b07f070b604/rootfs/var/lib/docker/rootfs/overlayfs/fdfc0724b613bbad2b29e38f548044caa8fa5ece06aea1f7630b8b07f070b604/dev;id=/;instance=cadvisor:8080;job=iot_service","2025-10-31T10:25:09Z","0"
"container_fs_reads_total","device=/var/lib/docker/rootfs/overlayfs/fdfc0724b613bbad2b29e38f548044caa8fa5ece06aea1f7630b8b07f070b604/rootfs/var/lib/docker/rootfs/overlayfs/fdfc0724b613bbad2b29e38f548044caa8fa5ece06aea1f7630b8b07f070b604/dev;id=/;instance=cadvisor:8080;job=iot_service","2025-10-31T10:25:24Z","0"
"container_fs_reads_total","device=/var/lib/docker/rootfs/overlayfs/fdfc0724b613bbad2b29e38f548044caa8fa5ece06aea1f7630b8b07f070b604/rootfs/var/lib/docker/rootfs/overlayfs/fdfc0724b613bbad2b29e38f548044caa8fa5ece06aea1f7630b8b07f070b604/dev;id=/;instance=cadvisor:8080;job=iot_service","2025-10-31T10:25:39Z","0"
"container_fs_reads_total","device=/var/lib/docker/rootfs/overlayfs/fdfc0724b613bbad2b29e38f548044caa8fa5ece06aea1f7630b8b07f070b604/rootfs/var/lib/docker/rootfs/overlayfs/fdfc0724b613bbad2b29e38f548044caa8fa5ece06aea1f7630b8b07f070b604/dev;id=/;instance=cadvisor:8080;job=iot_service","2025-10-31T10:25:54Z","0"
"container_fs_reads_total","device=/var/lib/docker/rootfs/overlayfs/fdfc0724b613bbad2b29e38f548044caa8fa5ece06aea1f7630b8b07f070b604/rootfs/var/lib/docker/rootfs/overlayfs/fdfc0724b613bbad2b29e38f548044caa8fa5ece06aea1f7630b8b07f070b604/dev;id=/;instance=cadvisor:8080;job=iot_service","2025-10-31T10:26:09Z","0"
"container_fs_reads_total","device=/var/lib/docker/rootfs/overlayfs/fdfc0724b613bbad2b29e38f548044caa8fa5ece06aea1f7630b8b07f070b604/rootfs/var/lib/docker/rootfs/overlayfs/fdfc0724b613bbad2b29e38f548044caa8fa5ece06aea1f7630b8b07f070b604/dev;id=/;instance=cadvisor:8080;job=iot_service","2025-10-31T10:26:24Z","0"
"container_fs_reads_total","device=/var/lib/docker/rootfs/overlayfs/fdfc0724b613bbad2b29e38f548044caa8fa5ece06aea1f7630b8b07f070b604/rootfs/var/lib/docker/rootfs/overlayfs/fdfc0724b613bbad2b29e38f548044caa8fa5ece06aea1f7630b8b07f070b604/dev;id=/;instance=cadvisor:8080;job=iot_service","2025-10-31T10:26:39Z","0"
"container_fs_reads_total","device=/var/lib/docker/rootfs/overlayfs/fdfc0724b613bbad2b29e38f548044caa8fa5ece06aea1f7630b8b07f070b604/rootfs/var/lib/docker/rootfs/overlayfs/fdfc0724b613bbad2b29e38f548044caa8fa5ece06aea1f7630b8b07f070b604/dev;id=/;instance=cadvisor:8080;job=iot_service","2025-10-31T10:26:54Z","0"
"container_fs_reads_total","device=/var/lib/docker/rootfs/overlayfs/fdfc0724b613bbad2b29e38f548044caa8fa5ece06aea1f7630b8b07f070b604/rootfs/var/lib/docker/rootfs/overlayfs/fdfc0724b613bbad2b29e38f548044caa8fa5ece06aea1f7630b8b07f070b604/dev;id=/;instance=cadvisor:8080;job=iot_service","2025-10-31T10:27:09Z","0"
"container_fs_reads_total","device=/var/lib/docker/rootfs/overlayfs/fdfc0724b613bbad2b29e38f548044caa8fa5ece06aea1f7630b8b07f070b604/rootfs/var/lib/docker/rootfs/overlayfs/fdfc0724b613bbad2b29e38f548044caa8fa5ece06aea1f7630b8b07f070b604/dev;id=/;instance=cadvisor:8080;job=iot_service","2025-10-31T10:27:24Z","0"
"container_fs_reads_total","device=/var/lib/docker/rootfs/overlayfs/fdfc0724b613bbad2b29e38f548044caa8fa5ece06aea1f7630b8b07f070b604/rootfs/var/lib/docker/rootfs/overlayfs/fdfc0724b613bbad2b29e38f548044caa8fa5ece06aea1f7630b8b07f070b604/dev;id=/;instance=cadvisor:8080;job=iot_service","2025-10-31T10:27:39Z","0"
"container_fs_reads_total","device=/var/lib/docker/rootfs/overlayfs/fdfc0724b613bbad2b29e38f548044caa8fa5ece06aea1f7630b8b07f070b604/rootfs/var/lib/docker/rootfs/overlayfs/fdfc0724b613bbad2b29e38f548044caa8fa5ece06aea1f7630b8b07f070b604/dev;id=/;instance=cadvisor:8080;job=iot_service","2025-10-31T10:27:54Z","0"
"container_fs_reads_total","device=/var/lib/docker/rootfs/overlayfs/fdfc0724b613bbad2b29e38f548044caa8fa5ece06aea1f7630b8b07f070b604/rootfs/var/lib/docker/rootfs/overlayfs/fdfc0724b613bbad2b29e38f548044caa8fa5ece06aea1f7630b8b07f070b604/dev;id=/;instance=cadvisor:8080;job=iot_service","2025-10-31T10:28:09Z","0"
"container_fs_reads_total","device=/var/lib/docker/rootfs/overlayfs/fdfc0724b613bbad2b29e38f548044caa8fa5ece06aea1f7630b8b07f070b604/rootfs/var/lib/docker/rootfs/overlayfs/fdfc0724b613bbad2b29e38f548044caa8fa5ece06aea1f7630b8b07f070b604/dev;id=/;instance=cadvisor:8080;job=iot_service","2025-10-31T10:28:24Z","0"
"container_fs_reads_total","device=/var/lib/docker/rootfs/overlayfs/fdfc0724b613bbad2b29e38f548044caa8fa5ece06aea1f7630b8b07f070b604/rootfs/var/lib/docker/rootfs/overlayfs/fdfc0724b613bbad2b29e38f548044caa8fa5ece06aea1f7630b8b07f070b604/dev;id=/;instance=cadvisor:8080;job=iot_service","2025-10-31T10:28:39Z","0"
"container_fs_reads_total","device=/var/lib/docker/rootfs/overlayfs/fdfc0724b613bbad2b29e38f548044caa8fa5ece06aea1f7630b8b07f070b604/rootfs/var/lib/docker/rootfs/overlayfs/fdfc0724b613bbad2b29e38f548044caa8fa5ece06aea1f7630b8b07f070b604/dev;id=/;instance=cadvisor:8080;job=iot_service","2025-10-31T10:28:54Z","0"
"container_fs_reads_total","device=/var/lib/docker/rootfs/overlayfs/fdfc0724b613bbad2b29e38f548044caa8fa5ece06aea1f7630b8b07f070b604/rootfs/var/lib/docker/rootfs/overlayfs/fdfc0724b613bbad2b29e38f548044caa8fa5ece06aea1f7630b8b07f070b604/dev;id=/;instance=cadvisor:8080;job=iot_service","2025-10-31T10:29:09Z","0"
"container_fs_reads_total","device=/var/lib/docker/rootfs/overlayfs/fdfc0724b613bbad2b29e38f548044caa8fa5ece06aea1f7630b8b07f070b604/rootfs/var/lib/docker/rootfs/overlayfs/fdfc0724b613bbad2b29e38f548044caa8fa5ece06aea1f7630b8b07f070b604/dev;id=/;instance=cadvisor:8080;job=iot_service","2025-10-31T10:29:24Z","0"
"container_fs_reads_total","device=/var/lib/docker/rootfs/overlayfs/fdfc0724b613bbad2b29e38f548044caa8fa5ece06aea1f7630b8b07f070b604/rootfs/var/lib/docker/rootfs/overlayfs/fdfc0724b613bbad2b29e38f548044caa8fa5ece06aea1f7630b8b07f070b604/dev;id=/;instance=cadvisor:8080;job=iot_service","2025-10-31T10:29:39Z","0"
"container_fs_reads_total","device=/var/lib/docker/rootfs/overlayfs/fdfc0724b613bbad2b29e38f548044caa8fa5ece06aea1f7630b8b07f070b604/rootfs/var/lib/docker/rootfs/overlayfs/fdfc0724b613bbad2b29e38f548044caa8fa5ece06aea1f7630b8b07f070b604/dev;id=/;instance=cadvisor:8080;job=iot_service","2025-10-31T10:29:54Z","0"
"container_fs_reads_total","device=/var/lib/docker/rootfs/overlayfs/fdfc0724b613bbad2b29e38f548044caa8fa5ece06aea1f7630b8b07f070b604/rootfs/var/lib/docker/rootfs/overlayfs/fdfc0724b613bbad2b29e38f548044caa8fa5ece06aea1f7630b8b07f070b604/dev;id=/;instance=cadvisor:8080;job=iot_service","2025-10-31T10:30:09Z","0"
"container_fs_reads_total","device=/var/lib/docker/rootfs/overlayfs/fdfc0724b613bbad2b29e38f548044caa8fa5ece06aea1f7630b8b07f070b604/rootfs/var/lib/docker/rootfs/overlayfs/fdfc0724b613bbad2b29e38f548044caa8fa5ece06aea1f7630b8b07f070b604/dev;id=/;instance=cadvisor:8080;job=iot_service","2025-10-31T10:30:24Z","0"
"container_fs_reads_total","device=/var/lib/docker/rootfs/overlayfs/fdfc0724b613bbad2b29e38f548044caa8fa5ece06aea1f7630b8b07f070b604/rootfs/var/lib/docker/rootfs/overlayfs/fdfc0724b613bbad2b29e38f548044caa8fa5ece06aea1f7630b8b07f070b604/dev;id=/;instance=cadvisor:8080;job=iot_service","2025-10-31T10:30:39Z","0"
"container_fs_reads_total","device=/var/lib/docker/rootfs/overlayfs/fdfc0724b613bbad2b29e38f548044caa8fa5ece06aea1f7630b8b07f070b604/rootfs/var/lib/docker/rootfs/overlayfs/fdfc0724b613bbad2b29e38f548044caa8fa5ece06aea1f7630b8b07f070b604/dev;id=/;instance=cadvisor:8080;job=iot_service","2025-10-31T10:30:54Z","0"
"container_fs_reads_total","device=/var/lib/docker/rootfs/overlayfs/fdfc0724b613bbad2b29e38f548044caa8fa5ece06aea1f7630b8b07f070b604/rootfs/var/lib/docker/rootfs/overlayfs/fdfc0724b613bbad2b29e38f548044caa8fa5ece06aea1f7630b8b07f070b604/dev;id=/;instance=cadvisor:8080;job=iot_service","2025-10-31T10:31:09Z","0"
"container_fs_reads_total","device=/var/lib/docker/rootfs/overlayfs/fdfc0724b613bbad2b29e38f548044caa8fa5ece06aea1f7630b8b07f070b604/rootfs/var/lib/docker/rootfs/overlayfs/fdfc0724b613bbad2b29e38f548044caa8fa5ece06aea1f7630b8b07f070b604/dev/shm;id=/;instance=cadvisor:8080;job=iot_service","2025-10-31T10:16:09Z","0"
"container_fs_reads_total","device=/var/lib/docker/rootfs/overlayfs/fdfc0724b613bbad2b29e38f548044caa8fa5ece06aea1f7630b8b07f070b604/rootfs/var/lib/docker/rootfs/overlayfs/fdfc0724b613bbad2b29e38f548044caa8fa5ece06aea1f7630b8b07f070b604/dev/shm;id=/;instance=cadvisor:8080;job=iot_service","2025-10-31T10:16:24Z","0"
"container_fs_reads_total","device=/var/lib/docker/rootfs/overlayfs/fdfc0724b613bbad2b29e38f548044caa8fa5ece06aea1f7630b8b07f070b604/rootfs/var/lib/docker/rootfs/overlayfs/fdfc0724b613bbad2b29e38f548044caa8fa5ece06aea1f7630b8b07f070b604/dev/shm;id=/;instance=cadvisor:8080;job=iot_service","2025-10-31T10:16:39Z","0"
"container_fs_reads_total","device=/var/lib/docker/rootfs/overlayfs/fdfc0724b613bbad2b29e38f548044caa8fa5ece06aea1f7630b8b07f070b604/rootfs/var/lib/docker/rootfs/overlayfs/fdfc0724b613bbad2b29e38f548044caa8fa5ece06aea1f7630b8b07f070b604/dev/shm;id=/;instance=cadvisor:8080;job=iot_service","2025-10-31T10:16:54Z","0"
"container_fs_reads_total","device=/var/lib/docker/rootfs/overlayfs/fdfc0724b613bbad2b29e38f548044caa8fa5ece06aea1f7630b8b07f070b604/rootfs/var/lib/docker/rootfs/overlayfs/fdfc0724b613bbad2b29e38f548044caa8fa5ece06aea1f7630b8b07f070b604/dev/shm;id=/;instance=cadvisor:8080;job=iot_service","2025-10-31T10:17:09Z","0"
"container_fs_reads_total","device=/var/lib/docker/rootfs/overlayfs/fdfc0724b613bbad2b29e38f548044caa8fa5ece06aea1f7630b8b07f070b604/rootfs/var/lib/docker/rootfs/overlayfs/fdfc0724b613bbad2b29e38f548044caa8fa5ece06aea1f7630b8b07f070b604/dev/shm;id=/;instance=cadvisor:8080;job=iot_service","2025-10-31T10:17:24Z","0"
"container_fs_reads_total","device=/var/lib/docker/rootfs/overlayfs/fdfc0724b613bbad2b29e38f548044caa8fa5ece06aea1f7630b8b07f070b604/rootfs/var/lib/docker/rootfs/overlayfs/fdfc0724b613bbad2b29e38f548044caa8fa5ece06aea1f7630b8b07f070b604/dev/shm;id=/;instance=cadvisor:8080;job=iot_service","2025-10-31T10:17:39Z","0"
"container_fs_reads_total","device=/var/lib/docker/rootfs/overlayfs/fdfc0724b613bbad2b29e38f548044caa8fa5ece06aea1f7630b8b07f070b604/rootfs/var/lib/docker/rootfs/overlayfs/fdfc0724b613bbad2b29e38f548044caa8fa5ece06aea1f7630b8b07f070b604/dev/shm;id=/;instance=cadvisor:8080;job=iot_service","2025-10-31T10:17:54Z","0"
"container_fs_reads_total","device=/var/lib/docker/rootfs/overlayfs/fdfc0724b613bbad2b29e38f548044caa8fa5ece06aea1f7630b8b07f070b604/rootfs/var/lib/docker/rootfs/overlayfs/fdfc0724b613bbad2b29e38f548044caa8fa5ece06aea1f7630b8b07f070b604/dev/shm;id=/;instance=cadvisor:8080;job=iot_service","2025-10-31T10:18:09Z","0"
"container_fs_reads_total","device=/var/lib/docker/rootfs/overlayfs/fdfc0724b613bbad2b29e38f548044caa8fa5ece06aea1f7630b8b07f070b604/rootfs/var/lib/docker/rootfs/overlayfs/fdfc0724b613bbad2b29e38f548044caa8fa5ece06aea1f7630b8b07f070b604/dev/shm;id=/;instance=cadvisor:8080;job=iot_service","2025-10-31T10:18:24Z","0"
"container_fs_reads_total","device=/var/lib/docker/rootfs/overlayfs/fdfc0724b613bbad2b29e38f548044caa8fa5ece06aea1f7630b8b07f070b604/rootfs/var/lib/docker/rootfs/overlayfs/fdfc0724b613bbad2b29e38f548044caa8fa5ece06aea1f7630b8b07f070b604/dev/shm;id=/;instance=cadvisor:8080;job=iot_service","2025-10-31T10:18:39Z","0"
"container_fs_reads_total","device=/var/lib/docker/rootfs/overlayfs/fdfc0724b613bbad2b29e38f548044caa8fa5ece06aea1f7630b8b07f070b604/rootfs/var/lib/docker/rootfs/overlayfs/fdfc0724b613bbad2b29e38f548044caa8fa5ece06aea1f7630b8b07f070b604/dev/shm;id=/;instance=cadvisor:8080;job=iot_service","2025-10-31T10:18:54Z","0"
"container_fs_reads_total","device=/var/lib/docker/rootfs/overlayfs/fdfc0724b613bbad2b29e38f548044caa8fa5ece06aea1f7630b8b07f070b604/rootfs/var/lib/docker/rootfs/overlayfs/fdfc0724b613bbad2b29e38f548044caa8fa5ece06aea1f7630b8b07f070b604/dev/shm;id=/;instance=cadvisor:8080;job=iot_service","2025-10-31T10:19:09Z","0"
"container_fs_reads_total","device=/var/lib/docker/rootfs/overlayfs/fdfc0724b613bbad2b29e38f548044caa8fa5ece06aea1f7630b8b07f070b604/rootfs/var/lib/docker/rootfs/overlayfs/fdfc0724b613bbad2b29e38f548044caa8fa5ece06aea1f7630b8b07f070b604/dev/shm;id=/;instance=cadvisor:8080;job=iot_service","2025-10-31T10:19:24Z","0"
"container_fs_reads_total","device=/var/lib/docker/rootfs/overlayfs/fdfc0724b613bbad2b29e38f548044caa8fa5ece06aea1f7630b8b07f070b604/rootfs/var/lib/docker/rootfs/overlayfs/fdfc0724b613bbad2b29e38f548044caa8fa5ece06aea1f7630b8b07f070b604/dev/shm;id=/;instance=cadvisor:8080;job=iot_service","2025-10-31T10:19:39Z","0"
"container_fs_reads_total","device=/var/lib/docker/rootfs/overlayfs/fdfc0724b613bbad2b29e38f548044caa8fa5ece06aea1f7630b8b07f070b604/rootfs/var/lib/docker/rootfs/overlayfs/fdfc0724b613bbad2b29e38f548044caa8fa5ece06aea1f7630b8b07f070b604/dev/shm;id=/;instance=cadvisor:8080;job=iot_service","2025-10-31T10:19:54Z","0"
"container_fs_reads_total","device=/var/lib/docker/rootfs/overlayfs/fdfc0724b613bbad2b29e38f548044caa8fa5ece06aea1f7630b8b07f070b604/rootfs/var/lib/docker/rootfs/overlayfs/fdfc0724b613bbad2b29e38f548044caa8fa5ece06aea1f7630b8b07f070b604/dev/shm;id=/;instance=cadvisor:8080;job=iot_service","2025-10-31T10:20:09Z","0"
"container_fs_reads_total","device=/var/lib/docker/rootfs/overlayfs/fdfc0724b613bbad2b29e38f548044caa8fa5ece06aea1f7630b8b07f070b604/rootfs/var/lib/docker/rootfs/overlayfs/fdfc0724b613bbad2b29e38f548044caa8fa5ece06aea1f7630b8b07f070b604/dev/shm;id=/;instance=cadvisor:8080;job=iot_service","2025-10-31T10:20:24Z","0"
"container_fs_reads_total","device=/var/lib/docker/rootfs/overlayfs/fdfc0724b613bbad2b29e38f548044caa8fa5ece06aea1f7630b8b07f070b604/rootfs/var/lib/docker/rootfs/overlayfs/fdfc0724b613bbad2b29e38f548044caa8fa5ece06aea1f7630b8b07f070b604/dev/shm;id=/;instance=cadvisor:8080;job=iot_service","2025-10-31T10:20:39Z","0"
"container_fs_reads_total","device=/var/lib/docker/rootfs/overlayfs/fdfc0724b613bbad2b29e38f548044caa8fa5ece06aea1f7630b8b07f070b604/rootfs/var/lib/docker/rootfs/overlayfs/fdfc0724b613bbad2b29e38f548044caa8fa5ece06aea1f7630b8b07f070b604/dev/shm;id=/;instance=cadvisor:8080;job=iot_service","2025-10-31T10:20:54Z","0"
"container_fs_reads_total","device=/var/lib/docker/rootfs/overlayfs/fdfc0724b613bbad2b29e38f548044caa8fa5ece06aea1f7630b8b07f070b604/rootfs/var/lib/docker/rootfs/overlayfs/fdfc0724b613bbad2b29e38f548044caa8fa5ece06aea1f7630b8b07f070b604/dev/shm;id=/;instance=cadvisor:8080;job=iot_service","2025-10-31T10:21:09Z","0"
"container_fs_reads_total","device=/var/lib/docker/rootfs/overlayfs/fdfc0724b613bbad2b29e38f548044caa8fa5ece06aea1f7630b8b07f070b604/rootfs/var/lib/docker/rootfs/overlayfs/fdfc0724b613bbad2b29e38f548044caa8fa5ece06aea1f7630b8b07f070b604/dev/shm;id=/;instance=cadvisor:8080;job=iot_service","2025-10-31T10:21:24Z","0"
"container_fs_reads_total","device=/var/lib/docker/rootfs/overlayfs/fdfc0724b613bbad2b29e38f548044caa8fa5ece06aea1f7630b8b07f070b604/rootfs/var/lib/docker/rootfs/overlayfs/fdfc0724b613bbad2b29e38f548044caa8fa5ece06aea1f7630b8b07f070b604/dev/shm;id=/;instance=cadvisor:8080;job=iot_service","2025-10-31T10:21:39Z","0"
"container_fs_reads_total","device=/var/lib/docker/rootfs/overlayfs/fdfc0724b613bbad2b29e38f548044caa8fa5ece06aea1f7630b8b07f070b604/rootfs/var/lib/docker/rootfs/overlayfs/fdfc0724b613bbad2b29e38f548044caa8fa5ece06aea1f7630b8b07f070b604/dev/shm;id=/;instance=cadvisor:8080;job=iot_service","2025-10-31T10:21:54Z","0"
"container_fs_reads_total","device=/var/lib/docker/rootfs/overlayfs/fdfc0724b613bbad2b29e38f548044caa8fa5ece06aea1f7630b8b07f070b604/rootfs/var/lib/docker/rootfs/overlayfs/fdfc0724b613bbad2b29e38f548044caa8fa5ece06aea1f7630b8b07f070b604/dev/shm;id=/;instance=cadvisor:8080;job=iot_service","2025-10-31T10:22:09Z","0"
"container_fs_reads_total","device=/var/lib/docker/rootfs/overlayfs/fdfc0724b613bbad2b29e38f548044caa8fa5ece06aea1f7630b8b07f070b604/rootfs/var/lib/docker/rootfs/overlayfs/fdfc0724b613bbad2b29e38f548044caa8fa5ece06aea1f7630b8b07f070b604/dev/shm;id=/;instance=cadvisor:8080;job=iot_service","2025-10-31T10:22:24Z","0"
"container_fs_reads_total","device=/var/lib/docker/rootfs/overlayfs/fdfc0724b613bbad2b29e38f548044caa8fa5ece06aea1f7630b8b07f070b604/rootfs/var/lib/docker/rootfs/overlayfs/fdfc0724b613bbad2b29e38f548044caa8fa5ece06aea1f7630b8b07f070b604/dev/shm;id=/;instance=cadvisor:8080;job=iot_service","2025-10-31T10:22:39Z","0"
"container_fs_reads_total","device=/var/lib/docker/rootfs/overlayfs/fdfc0724b613bbad2b29e38f548044caa8fa5ece06aea1f7630b8b07f070b604/rootfs/var/lib/docker/rootfs/overlayfs/fdfc0724b613bbad2b29e38f548044caa8fa5ece06aea1f7630b8b07f070b604/dev/shm;id=/;instance=cadvisor:8080;job=iot_service","2025-10-31T10:22:54Z","0"
"container_fs_reads_total","device=/var/lib/docker/rootfs/overlayfs/fdfc0724b613bbad2b29e38f548044caa8fa5ece06aea1f7630b8b07f070b604/rootfs/var/lib/docker/rootfs/overlayfs/fdfc0724b613bbad2b29e38f548044caa8fa5ece06aea1f7630b8b07f070b604/dev/shm;id=/;instance=cadvisor:8080;job=iot_service","2025-10-31T10:23:09Z","0"
"container_fs_reads_total","device=/var/lib/docker/rootfs/overlayfs/fdfc0724b613bbad2b29e38f548044caa8fa5ece06aea1f7630b8b07f070b604/rootfs/var/lib/docker/rootfs/overlayfs/fdfc0724b613bbad2b29e38f548044caa8fa5ece06aea1f7630b8b07f070b604/dev/shm;id=/;instance=cadvisor:8080;job=iot_service","2025-10-31T10:23:24Z","0"
"container_fs_reads_total","device=/var/lib/docker/rootfs/overlayfs/fdfc0724b613bbad2b29e38f548044caa8fa5ece06aea1f7630b8b07f070b604/rootfs/var/lib/docker/rootfs/overlayfs/fdfc0724b613bbad2b29e38f548044caa8fa5ece06aea1f7630b8b07f070b604/dev/shm;id=/;instance=cadvisor:8080;job=iot_service","2025-10-31T10:23:39Z","0"
"container_fs_reads_total","device=/var/lib/docker/rootfs/overlayfs/fdfc0724b613bbad2b29e38f548044caa8fa5ece06aea1f7630b8b07f070b604/rootfs/var/lib/docker/rootfs/overlayfs/fdfc0724b613bbad2b29e38f548044caa8fa5ece06aea1f7630b8b07f070b604/dev/shm;id=/;instance=cadvisor:8080;job=iot_service","2025-10-31T10:23:54Z","0"
"container_fs_reads_total","device=/var/lib/docker/rootfs/overlayfs/fdfc0724b613bbad2b29e38f548044caa8fa5ece06aea1f7630b8b07f070b604/rootfs/var/lib/docker/rootfs/overlayfs/fdfc0724b613bbad2b29e38f548044caa8fa5ece06aea1f7630b8b07f070b604/dev/shm;id=/;instance=cadvisor:8080;job=iot_service","2025-10-31T10:24:09Z","0"
"container_fs_reads_total","device=/var/lib/docker/rootfs/overlayfs/fdfc0724b613bbad2b29e38f548044caa8fa5ece06aea1f7630b8b07f070b604/rootfs/var/lib/docker/rootfs/overlayfs/fdfc0724b613bbad2b29e38f548044caa8fa5ece06aea1f7630b8b07f070b604/dev/shm;id=/;instance=cadvisor:8080;job=iot_service","2025-10-31T10:24:24Z","0"
"container_fs_reads_total","device=/var/lib/docker/rootfs/overlayfs/fdfc0724b613bbad2b29e38f548044caa8fa5ece06aea1f7630b8b07f070b604/rootfs/var/lib/docker/rootfs/overlayfs/fdfc0724b613bbad2b29e38f548044caa8fa5ece06aea1f7630b8b07f070b604/dev/shm;id=/;instance=cadvisor:8080;job=iot_service","2025-10-31T10:24:39Z","0"
"container_fs_reads_total","device=/var/lib/docker/rootfs/overlayfs/fdfc0724b613bbad2b29e38f548044caa8fa5ece06aea1f7630b8b07f070b604/rootfs/var/lib/docker/rootfs/overlayfs/fdfc0724b613bbad2b29e38f548044caa8fa5ece06aea1f7630b8b07f070b604/dev/shm;id=/;instance=cadvisor:8080;job=iot_service","2025-10-31T10:24:54Z","0"
"container_fs_reads_total","device=/var/lib/docker/rootfs/overlayfs/fdfc0724b613bbad2b29e38f548044caa8fa5ece06aea1f7630b8b07f070b604/rootfs/var/lib/docker/rootfs/overlayfs/fdfc0724b613bbad2b29e38f548044caa8fa5ece06aea1f7630b8b07f070b604/dev/shm;id=/;instance=cadvisor:8080;job=iot_service","2025-10-31T10:25:09Z","0"
"container_fs_reads_total","device=/var/lib/docker/rootfs/overlayfs/fdfc0724b613bbad2b29e38f548044caa8fa5ece06aea1f7630b8b07f070b604/rootfs/var/lib/docker/rootfs/overlayfs/fdfc0724b613bbad2b29e38f548044caa8fa5ece06aea1f7630b8b07f070b604/dev/shm;id=/;instance=cadvisor:8080;job=iot_service","2025-10-31T10:25:24Z","0"
"container_fs_reads_total","device=/var/lib/docker/rootfs/overlayfs/fdfc0724b613bbad2b29e38f548044caa8fa5ece06aea1f7630b8b07f070b604/rootfs/var/lib/docker/rootfs/overlayfs/fdfc0724b613bbad2b29e38f548044caa8fa5ece06aea1f7630b8b07f070b604/dev/shm;id=/;instance=cadvisor:8080;job=iot_service","2025-10-31T10:25:39Z","0"
"container_fs_reads_total","device=/var/lib/docker/rootfs/overlayfs/fdfc0724b613bbad2b29e38f548044caa8fa5ece06aea1f7630b8b07f070b604/rootfs/var/lib/docker/rootfs/overlayfs/fdfc0724b613bbad2b29e38f548044caa8fa5ece06aea1f7630b8b07f070b604/dev/shm;id=/;instance=cadvisor:8080;job=iot_service","2025-10-31T10:25:54Z","0"
"container_fs_reads_total","device=/var/lib/docker/rootfs/overlayfs/fdfc0724b613bbad2b29e38f548044caa8fa5ece06aea1f7630b8b07f070b604/rootfs/var/lib/docker/rootfs/overlayfs/fdfc0724b613bbad2b29e38f548044caa8fa5ece06aea1f7630b8b07f070b604/dev/shm;id=/;instance=cadvisor:8080;job=iot_service","2025-10-31T10:26:09Z","0"
"container_fs_reads_total","device=/var/lib/docker/rootfs/overlayfs/fdfc0724b613bbad2b29e38f548044caa8fa5ece06aea1f7630b8b07f070b604/rootfs/var/lib/docker/rootfs/overlayfs/fdfc0724b613bbad2b29e38f548044caa8fa5ece06aea1f7630b8b07f070b604/dev/shm;id=/;instance=cadvisor:8080;job=iot_service","2025-10-31T10:26:24Z","0"
"container_fs_reads_total","device=/var/lib/docker/rootfs/overlayfs/fdfc0724b613bbad2b29e38f548044caa8fa5ece06aea1f7630b8b07f070b604/rootfs/var/lib/docker/rootfs/overlayfs/fdfc0724b613bbad2b29e38f548044caa8fa5ece06aea1f7630b8b07f070b604/dev/shm;id=/;instance=cadvisor:8080;job=iot_service","2025-10-31T10:26:39Z","0"
"container_fs_reads_total","device=/var/lib/docker/rootfs/overlayfs/fdfc0724b613bbad2b29e38f548044caa8fa5ece06aea1f7630b8b07f070b604/rootfs/var/lib/docker/rootfs/overlayfs/fdfc0724b613bbad2b29e38f548044caa8fa5ece06aea1f7630b8b07f070b604/dev/shm;id=/;instance=cadvisor:8080;job=iot_service","2025-10-31T10:26:54Z","0"
"container_fs_reads_total","device=/var/lib/docker/rootfs/overlayfs/fdfc0724b613bbad2b29e38f548044caa8fa5ece06aea1f7630b8b07f070b604/rootfs/var/lib/docker/rootfs/overlayfs/fdfc0724b613bbad2b29e38f548044caa8fa5ece06aea1f7630b8b07f070b604/dev/shm;id=/;instance=cadvisor:8080;job=iot_service","2025-10-31T10:27:09Z","0"
"container_fs_reads_total","device=/var/lib/docker/rootfs/overlayfs/fdfc0724b613bbad2b29e38f548044caa8fa5ece06aea1f7630b8b07f070b604/rootfs/var/lib/docker/rootfs/overlayfs/fdfc0724b613bbad2b29e38f548044caa8fa5ece06aea1f7630b8b07f070b604/dev/shm;id=/;instance=cadvisor:8080;job=iot_service","2025-10-31T10:27:24Z","0"
"container_fs_reads_total","device=/var/lib/docker/rootfs/overlayfs/fdfc0724b613bbad2b29e38f548044caa8fa5ece06aea1f7630b8b07f070b604/rootfs/var/lib/docker/rootfs/overlayfs/fdfc0724b613bbad2b29e38f548044caa8fa5ece06aea1f7630b8b07f070b604/dev/shm;id=/;instance=cadvisor:8080;job=iot_service","2025-10-31T10:27:39Z","0"
"container_fs_reads_total","device=/var/lib/docker/rootfs/overlayfs/fdfc0724b613bbad2b29e38f548044caa8fa5ece06aea1f7630b8b07f070b604/rootfs/var/lib/docker/rootfs/overlayfs/fdfc0724b613bbad2b29e38f548044caa8fa5ece06aea1f7630b8b07f070b604/dev/shm;id=/;instance=cadvisor:8080;job=iot_service","2025-10-31T10:27:54Z","0"
"container_fs_reads_total","device=/var/lib/docker/rootfs/overlayfs/fdfc0724b613bbad2b29e38f548044caa8fa5ece06aea1f7630b8b07f070b604/rootfs/var/lib/docker/rootfs/overlayfs/fdfc0724b613bbad2b29e38f548044caa8fa5ece06aea1f7630b8b07f070b604/dev/shm;id=/;instance=cadvisor:8080;job=iot_service","2025-10-31T10:28:09Z","0"
"container_fs_reads_total","device=/var/lib/docker/rootfs/overlayfs/fdfc0724b613bbad2b29e38f548044caa8fa5ece06aea1f7630b8b07f070b604/rootfs/var/lib/docker/rootfs/overlayfs/fdfc0724b613bbad2b29e38f548044caa8fa5ece06aea1f7630b8b07f070b604/dev/shm;id=/;instance=cadvisor:8080;job=iot_service","2025-10-31T10:28:24Z","0"
"container_fs_reads_total","device=/var/lib/docker/rootfs/overlayfs/fdfc0724b613bbad2b29e38f548044caa8fa5ece06aea1f7630b8b07f070b604/rootfs/var/lib/docker/rootfs/overlayfs/fdfc0724b613bbad2b29e38f548044caa8fa5ece06aea1f7630b8b07f070b604/dev/shm;id=/;instance=cadvisor:8080;job=iot_service","2025-10-31T10:28:39Z","0"
"container_fs_reads_total","device=/var/lib/docker/rootfs/overlayfs/fdfc0724b613bbad2b29e38f548044caa8fa5ece06aea1f7630b8b07f070b604/rootfs/var/lib/docker/rootfs/overlayfs/fdfc0724b613bbad2b29e38f548044caa8fa5ece06aea1f7630b8b07f070b604/dev/shm;id=/;instance=cadvisor:8080;job=iot_service","2025-10-31T10:28:54Z","0"
"container_fs_reads_total","device=/var/lib/docker/rootfs/overlayfs/fdfc0724b613bbad2b29e38f548044caa8fa5ece06aea1f7630b8b07f070b604/rootfs/var/lib/docker/rootfs/overlayfs/fdfc0724b613bbad2b29e38f548044caa8fa5ece06aea1f7630b8b07f070b604/dev/shm;id=/;instance=cadvisor:8080;job=iot_service","2025-10-31T10:29:09Z","0"
"container_fs_reads_total","device=/var/lib/docker/rootfs/overlayfs/fdfc0724b613bbad2b29e38f548044caa8fa5ece06aea1f7630b8b07f070b604/rootfs/var/lib/docker/rootfs/overlayfs/fdfc0724b613bbad2b29e38f548044caa8fa5ece06aea1f7630b8b07f070b604/dev/shm;id=/;instance=cadvisor:8080;job=iot_service","2025-10-31T10:29:24Z","0"
"container_fs_reads_total","device=/var/lib/docker/rootfs/overlayfs/fdfc0724b613bbad2b29e38f548044caa8fa5ece06aea1f7630b8b07f070b604/rootfs/var/lib/docker/rootfs/overlayfs/fdfc0724b613bbad2b29e38f548044caa8fa5ece06aea1f7630b8b07f070b604/dev/shm;id=/;instance=cadvisor:8080;job=iot_service","2025-10-31T10:29:39Z","0"
"container_fs_reads_total","device=/var/lib/docker/rootfs/overlayfs/fdfc0724b613bbad2b29e38f548044caa8fa5ece06aea1f7630b8b07f070b604/rootfs/var/lib/docker/rootfs/overlayfs/fdfc0724b613bbad2b29e38f548044caa8fa5ece06aea1f7630b8b07f070b604/dev/shm;id=/;instance=cadvisor:8080;job=iot_service","2025-10-31T10:29:54Z","0"
"container_fs_reads_total","device=/var/lib/docker/rootfs/overlayfs/fdfc0724b613bbad2b29e38f548044caa8fa5ece06aea1f7630b8b07f070b604/rootfs/var/lib/docker/rootfs/overlayfs/fdfc0724b613bbad2b29e38f548044caa8fa5ece06aea1f7630b8b07f070b604/dev/shm;id=/;instance=cadvisor:8080;job=iot_service","2025-10-31T10:30:09Z","0"
"container_fs_reads_total","device=/var/lib/docker/rootfs/overlayfs/fdfc0724b613bbad2b29e38f548044caa8fa5ece06aea1f7630b8b07f070b604/rootfs/var/lib/docker/rootfs/overlayfs/fdfc0724b613bbad2b29e38f548044caa8fa5ece06aea1f7630b8b07f070b604/dev/shm;id=/;instance=cadvisor:8080;job=iot_service","2025-10-31T10:30:24Z","0"
"container_fs_reads_total","device=/var/lib/docker/rootfs/overlayfs/fdfc0724b613bbad2b29e38f548044caa8fa5ece06aea1f7630b8b07f070b604/rootfs/var/lib/docker/rootfs/overlayfs/fdfc0724b613bbad2b29e38f548044caa8fa5ece06aea1f7630b8b07f070b604/dev/shm;id=/;instance=cadvisor:8080;job=iot_service","2025-10-31T10:30:39Z","0"
"container_fs_reads_total","device=/var/lib/docker/rootfs/overlayfs/fdfc0724b613bbad2b29e38f548044caa8fa5ece06aea1f7630b8b07f070b604/rootfs/var/lib/docker/rootfs/overlayfs/fdfc0724b613bbad2b29e38f548044caa8fa5ece06aea1f7630b8b07f070b604/dev/shm;id=/;instance=cadvisor:8080;job=iot_service","2025-10-31T10:30:54Z","0"
"container_fs_reads_total","device=/var/lib/docker/rootfs/overlayfs/fdfc0724b613bbad2b29e38f548044caa8fa5ece06aea1f7630b8b07f070b604/rootfs/var/lib/docker/rootfs/overlayfs/fdfc0724b613bbad2b29e38f548044caa8fa5ece06aea1f7630b8b07f070b604/dev/shm;id=/;instance=cadvisor:8080;job=iot_service","2025-10-31T10:31:09Z","0"
"container_fs_reads_total","device=overlay_0-24;id=/;instance=cadvisor:8080;job=iot_service","2025-10-31T10:16:09Z","0"
"container_fs_reads_total","device=overlay_0-24;id=/;instance=cadvisor:8080;job=iot_service","2025-10-31T10:16:24Z","0"
"container_fs_reads_total","device=overlay_0-24;id=/;instance=cadvisor:8080;job=iot_service","2025-10-31T10:16:39Z","0"
"container_fs_reads_total","device=overlay_0-24;id=/;instance=cadvisor:8080;job=iot_service","2025-10-31T10:16:54Z","0"
"container_fs_reads_total","device=overlay_0-24;id=/;instance=cadvisor:8080;job=iot_service","2025-10-31T10:17:09Z","0"
"container_fs_reads_total","device=overlay_0-24;id=/;instance=cadvisor:8080;job=iot_service","2025-10-31T10:17:24Z","0"
"container_fs_reads_total","device=overlay_0-24;id=/;instance=cadvisor:8080;job=iot_service","2025-10-31T10:17:39Z","0"
"container_fs_reads_total","device=overlay_0-24;id=/;instance=cadvisor:8080;job=iot_service","2025-10-31T10:17:54Z","0"
"container_fs_reads_total","device=overlay_0-24;id=/;instance=cadvisor:8080;job=iot_service","2025-10-31T10:18:09Z","0"
"container_fs_reads_total","device=overlay_0-24;id=/;instance=cadvisor:8080;job=iot_service","2025-10-31T10:18:24Z","0"
"container_fs_reads_total","device=overlay_0-24;id=/;instance=cadvisor:8080;job=iot_service","2025-10-31T10:18:39Z","0"
"container_fs_reads_total","device=overlay_0-24;id=/;instance=cadvisor:8080;job=iot_service","2025-10-31T10:18:54Z","0"
"container_fs_reads_total","device=overlay_0-24;id=/;instance=cadvisor:8080;job=iot_service","2025-10-31T10:19:09Z","0"
"container_fs_reads_total","device=overlay_0-24;id=/;instance=cadvisor:8080;job=iot_service","2025-10-31T10:19:24Z","0"
"container_fs_reads_total","device=overlay_0-24;id=/;instance=cadvisor:8080;job=iot_service","2025-10-31T10:19:39Z","0"
"container_fs_reads_total","device=overlay_0-24;id=/;instance=cadvisor:8080;job=iot_service","2025-10-31T10:19:54Z","0"
"container_fs_reads_total","device=overlay_0-24;id=/;instance=cadvisor:8080;job=iot_service","2025-10-31T10:20:09Z","0"
"container_fs_reads_total","device=overlay_0-24;id=/;instance=cadvisor:8080;job=iot_service","2025-10-31T10:20:24Z","0"
"container_fs_reads_total","device=overlay_0-24;id=/;instance=cadvisor:8080;job=iot_service","2025-10-31T10:20:39Z","0"
"container_fs_reads_total","device=overlay_0-24;id=/;instance=cadvisor:8080;job=iot_service","2025-10-31T10:20:54Z","0"
"container_fs_reads_total","device=overlay_0-24;id=/;instance=cadvisor:8080;job=iot_service","2025-10-31T10:21:09Z","0"
"container_fs_reads_total","device=overlay_0-24;id=/;instance=cadvisor:8080;job=iot_service","2025-10-31T10:21:24Z","0"
"container_fs_reads_total","device=overlay_0-24;id=/;instance=cadvisor:8080;job=iot_service","2025-10-31T10:21:39Z","0"
"container_fs_reads_total","device=overlay_0-24;id=/;instance=cadvisor:8080;job=iot_service","2025-10-31T10:21:54Z","0"
"container_fs_reads_total","device=overlay_0-24;id=/;instance=cadvisor:8080;job=iot_service","2025-10-31T10:22:09Z","0"
"container_fs_reads_total","device=overlay_0-24;id=/;instance=cadvisor:8080;job=iot_service","2025-10-31T10:22:24Z","0"
"container_fs_reads_total","device=overlay_0-24;id=/;instance=cadvisor:8080;job=iot_service","2025-10-31T10:22:39Z","0"
"container_fs_reads_total","device=overlay_0-24;id=/;instance=cadvisor:8080;job=iot_service","2025-10-31T10:22:54Z","0"
"container_fs_reads_total","device=overlay_0-24;id=/;instance=cadvisor:8080;job=iot_service","2025-10-31T10:23:09Z","0"
"container_fs_reads_total","device=overlay_0-24;id=/;instance=cadvisor:8080;job=iot_service","2025-10-31T10:23:24Z","0"
"container_fs_reads_total","device=overlay_0-24;id=/;instance=cadvisor:8080;job=iot_service","2025-10-31T10:23:39Z","0"
"container_fs_reads_total","device=overlay_0-24;id=/;instance=cadvisor:8080;job=iot_service","2025-10-31T10:23:54Z","0"
"container_fs_reads_total","device=overlay_0-24;id=/;instance=cadvisor:8080;job=iot_service","2025-10-31T10:24:09Z","0"
"container_fs_reads_total","device=overlay_0-24;id=/;instance=cadvisor:8080;job=iot_service","2025-10-31T10:24:24Z","0"
"container_fs_reads_total","device=overlay_0-24;id=/;instance=cadvisor:8080;job=iot_service","2025-10-31T10:24:39Z","0"
"container_fs_reads_total","device=overlay_0-24;id=/;instance=cadvisor:8080;job=iot_service","2025-10-31T10:24:54Z","0"
"container_fs_reads_total","device=overlay_0-24;id=/;instance=cadvisor:8080;job=iot_service","2025-10-31T10:25:09Z","0"
"container_fs_reads_total","device=overlay_0-24;id=/;instance=cadvisor:8080;job=iot_service","2025-10-31T10:25:24Z","0"
"container_fs_reads_total","device=overlay_0-24;id=/;instance=cadvisor:8080;job=iot_service","2025-10-31T10:25:39Z","0"
"container_fs_reads_total","device=overlay_0-24;id=/;instance=cadvisor:8080;job=iot_service","2025-10-31T10:25:54Z","0"
"container_fs_reads_total","device=overlay_0-24;id=/;instance=cadvisor:8080;job=iot_service","2025-10-31T10:26:09Z","0"
"container_fs_reads_total","device=overlay_0-24;id=/;instance=cadvisor:8080;job=iot_service","2025-10-31T10:26:24Z","0"
"container_fs_reads_total","device=overlay_0-24;id=/;instance=cadvisor:8080;job=iot_service","2025-10-31T10:26:39Z","0"
"container_fs_reads_total","device=overlay_0-24;id=/;instance=cadvisor:8080;job=iot_service","2025-10-31T10:26:54Z","0"
"container_fs_reads_total","device=overlay_0-24;id=/;instance=cadvisor:8080;job=iot_service","2025-10-31T10:27:09Z","0"
"container_fs_reads_total","device=overlay_0-24;id=/;instance=cadvisor:8080;job=iot_service","2025-10-31T10:27:24Z","0"
"container_fs_reads_total","device=overlay_0-24;id=/;instance=cadvisor:8080;job=iot_service","2025-10-31T10:27:39Z","0"
"container_fs_reads_total","device=overlay_0-24;id=/;instance=cadvisor:8080;job=iot_service","2025-10-31T10:27:54Z","0"
"container_fs_reads_total","device=overlay_0-24;id=/;instance=cadvisor:8080;job=iot_service","2025-10-31T10:28:09Z","0"
"container_fs_reads_total","device=overlay_0-24;id=/;instance=cadvisor:8080;job=iot_service","2025-10-31T10:28:24Z","0"
"container_fs_reads_total","device=overlay_0-24;id=/;instance=cadvisor:8080;job=iot_service","2025-10-31T10:28:39Z","0"
"container_fs_reads_total","device=overlay_0-24;id=/;instance=cadvisor:8080;job=iot_service","2025-10-31T10:28:54Z","0"
"container_fs_reads_total","device=overlay_0-24;id=/;instance=cadvisor:8080;job=iot_service","2025-10-31T10:29:09Z","0"
"container_fs_reads_total","device=overlay_0-24;id=/;instance=cadvisor:8080;job=iot_service","2025-10-31T10:29:24Z","0"
"container_fs_reads_total","device=overlay_0-24;id=/;instance=cadvisor:8080;job=iot_service","2025-10-31T10:29:39Z","0"
"container_fs_reads_total","device=overlay_0-24;id=/;instance=cadvisor:8080;job=iot_service","2025-10-31T10:29:54Z","0"
"container_fs_reads_total","device=overlay_0-24;id=/;instance=cadvisor:8080;job=iot_service","2025-10-31T10:30:09Z","0"
"container_fs_reads_total","device=overlay_0-24;id=/;instance=cadvisor:8080;job=iot_service","2025-10-31T10:30:24Z","0"
"container_fs_reads_total","device=overlay_0-24;id=/;instance=cadvisor:8080;job=iot_service","2025-10-31T10:30:39Z","0"
"container_fs_reads_total","device=overlay_0-24;id=/;instance=cadvisor:8080;job=iot_service","2025-10-31T10:30:54Z","0"
"container_fs_reads_total","device=overlay_0-24;id=/;instance=cadvisor:8080;job=iot_service","2025-10-31T10:31:09Z","0"
"container_fs_reads_total","device=overlay_0-62;id=/;instance=cadvisor:8080;job=iot_service","2025-10-31T10:16:09Z","0"
"container_fs_reads_total","device=overlay_0-62;id=/;instance=cadvisor:8080;job=iot_service","2025-10-31T10:16:24Z","0"
"container_fs_reads_total","device=overlay_0-62;id=/;instance=cadvisor:8080;job=iot_service","2025-10-31T10:16:39Z","0"
"container_fs_reads_total","device=overlay_0-62;id=/;instance=cadvisor:8080;job=iot_service","2025-10-31T10:16:54Z","0"
"container_fs_reads_total","device=overlay_0-62;id=/;instance=cadvisor:8080;job=iot_service","2025-10-31T10:17:09Z","0"
"container_fs_reads_total","device=overlay_0-62;id=/;instance=cadvisor:8080;job=iot_service","2025-10-31T10:17:24Z","0"
"container_fs_reads_total","device=overlay_0-62;id=/;instance=cadvisor:8080;job=iot_service","2025-10-31T10:17:39Z","0"
"container_fs_reads_total","device=overlay_0-62;id=/;instance=cadvisor:8080;job=iot_service","2025-10-31T10:17:54Z","0"
"container_fs_reads_total","device=overlay_0-62;id=/;instance=cadvisor:8080;job=iot_service","2025-10-31T10:18:09Z","0"
"container_fs_reads_total","device=overlay_0-62;id=/;instance=cadvisor:8080;job=iot_service","2025-10-31T10:18:24Z","0"
"container_fs_reads_total","device=overlay_0-62;id=/;instance=cadvisor:8080;job=iot_service","2025-10-31T10:18:39Z","0"
"container_fs_reads_total","device=overlay_0-62;id=/;instance=cadvisor:8080;job=iot_service","2025-10-31T10:18:54Z","0"
"container_fs_reads_total","device=overlay_0-62;id=/;instance=cadvisor:8080;job=iot_service","2025-10-31T10:19:09Z","0"
"container_fs_reads_total","device=overlay_0-62;id=/;instance=cadvisor:8080;job=iot_service","2025-10-31T10:19:24Z","0"
"container_fs_reads_total","device=overlay_0-62;id=/;instance=cadvisor:8080;job=iot_service","2025-10-31T10:19:39Z","0"
"container_fs_reads_total","device=overlay_0-62;id=/;instance=cadvisor:8080;job=iot_service","2025-10-31T10:19:54Z","0"
"container_fs_reads_total","device=overlay_0-62;id=/;instance=cadvisor:8080;job=iot_service","2025-10-31T10:20:09Z","0"
"container_fs_reads_total","device=overlay_0-62;id=/;instance=cadvisor:8080;job=iot_service","2025-10-31T10:20:24Z","0"
"container_fs_reads_total","device=overlay_0-62;id=/;instance=cadvisor:8080;job=iot_service","2025-10-31T10:20:39Z","0"
"container_fs_reads_total","device=overlay_0-62;id=/;instance=cadvisor:8080;job=iot_service","2025-10-31T10:20:54Z","0"
"container_fs_reads_total","device=overlay_0-62;id=/;instance=cadvisor:8080;job=iot_service","2025-10-31T10:21:09Z","0"
"container_fs_reads_total","device=overlay_0-62;id=/;instance=cadvisor:8080;job=iot_service","2025-10-31T10:21:24Z","0"
"container_fs_reads_total","device=overlay_0-62;id=/;instance=cadvisor:8080;job=iot_service","2025-10-31T10:21:39Z","0"
"container_fs_reads_total","device=overlay_0-62;id=/;instance=cadvisor:8080;job=iot_service","2025-10-31T10:21:54Z","0"
"container_fs_reads_total","device=overlay_0-62;id=/;instance=cadvisor:8080;job=iot_service","2025-10-31T10:22:09Z","0"
"container_fs_reads_total","device=overlay_0-62;id=/;instance=cadvisor:8080;job=iot_service","2025-10-31T10:22:24Z","0"
"container_fs_reads_total","device=overlay_0-62;id=/;instance=cadvisor:8080;job=iot_service","2025-10-31T10:22:39Z","0"
"container_fs_reads_total","device=overlay_0-62;id=/;instance=cadvisor:8080;job=iot_service","2025-10-31T10:22:54Z","0"
"container_fs_reads_total","device=overlay_0-62;id=/;instance=cadvisor:8080;job=iot_service","2025-10-31T10:23:09Z","0"
"container_fs_reads_total","device=overlay_0-62;id=/;instance=cadvisor:8080;job=iot_service","2025-10-31T10:23:24Z","0"
"container_fs_reads_total","device=overlay_0-62;id=/;instance=cadvisor:8080;job=iot_service","2025-10-31T10:23:39Z","0"
"container_fs_reads_total","device=overlay_0-62;id=/;instance=cadvisor:8080;job=iot_service","2025-10-31T10:23:54Z","0"
"container_fs_reads_total","device=overlay_0-62;id=/;instance=cadvisor:8080;job=iot_service","2025-10-31T10:24:09Z","0"
"container_fs_reads_total","device=overlay_0-62;id=/;instance=cadvisor:8080;job=iot_service","2025-10-31T10:24:24Z","0"
"container_fs_reads_total","device=overlay_0-62;id=/;instance=cadvisor:8080;job=iot_service","2025-10-31T10:24:39Z","0"
"container_fs_reads_total","device=overlay_0-62;id=/;instance=cadvisor:8080;job=iot_service","2025-10-31T10:24:54Z","0"
"container_fs_reads_total","device=overlay_0-62;id=/;instance=cadvisor:8080;job=iot_service","2025-10-31T10:25:09Z","0"
"container_fs_reads_total","device=overlay_0-62;id=/;instance=cadvisor:8080;job=iot_service","2025-10-31T10:25:24Z","0"
"container_fs_reads_total","device=overlay_0-62;id=/;instance=cadvisor:8080;job=iot_service","2025-10-31T10:25:39Z","0"
"container_fs_reads_total","device=overlay_0-62;id=/;instance=cadvisor:8080;job=iot_service","2025-10-31T10:25:54Z","0"
"container_fs_reads_total","device=overlay_0-62;id=/;instance=cadvisor:8080;job=iot_service","2025-10-31T10:26:09Z","0"
"container_fs_reads_total","device=overlay_0-62;id=/;instance=cadvisor:8080;job=iot_service","2025-10-31T10:26:24Z","0"
"container_fs_reads_total","device=overlay_0-62;id=/;instance=cadvisor:8080;job=iot_service","2025-10-31T10:26:39Z","0"
"container_fs_reads_total","device=overlay_0-62;id=/;instance=cadvisor:8080;job=iot_service","2025-10-31T10:26:54Z","0"
"container_fs_reads_total","device=overlay_0-62;id=/;instance=cadvisor:8080;job=iot_service","2025-10-31T10:27:09Z","0"
"container_fs_reads_total","device=overlay_0-62;id=/;instance=cadvisor:8080;job=iot_service","2025-10-31T10:27:24Z","0"
"container_fs_reads_total","device=overlay_0-62;id=/;instance=cadvisor:8080;job=iot_service","2025-10-31T10:27:39Z","0"
"container_fs_reads_total","device=overlay_0-62;id=/;instance=cadvisor:8080;job=iot_service","2025-10-31T10:27:54Z","0"
"container_fs_reads_total","device=overlay_0-62;id=/;instance=cadvisor:8080;job=iot_service","2025-10-31T10:28:09Z","0"
"container_fs_reads_total","device=overlay_0-62;id=/;instance=cadvisor:8080;job=iot_service","2025-10-31T10:28:24Z","0"
"container_fs_reads_total","device=overlay_0-62;id=/;instance=cadvisor:8080;job=iot_service","2025-10-31T10:28:39Z","0"
"container_fs_reads_total","device=overlay_0-62;id=/;instance=cadvisor:8080;job=iot_service","2025-10-31T10:28:54Z","0"
"container_fs_reads_total","device=overlay_0-62;id=/;instance=cadvisor:8080;job=iot_service","2025-10-31T10:29:09Z","0"
"container_fs_reads_total","device=overlay_0-62;id=/;instance=cadvisor:8080;job=iot_service","2025-10-31T10:29:24Z","0"
"container_fs_reads_total","device=overlay_0-62;id=/;instance=cadvisor:8080;job=iot_service","2025-10-31T10:29:39Z","0"
"container_fs_reads_total","device=overlay_0-62;id=/;instance=cadvisor:8080;job=iot_service","2025-10-31T10:29:54Z","0"
"container_fs_reads_total","device=overlay_0-62;id=/;instance=cadvisor:8080;job=iot_service","2025-10-31T10:30:09Z","0"
"container_fs_reads_total","device=overlay_0-62;id=/;instance=cadvisor:8080;job=iot_service","2025-10-31T10:30:24Z","0"
"container_fs_reads_total","device=overlay_0-62;id=/;instance=cadvisor:8080;job=iot_service","2025-10-31T10:30:39Z","0"
"container_fs_reads_total","device=overlay_0-62;id=/;instance=cadvisor:8080;job=iot_service","2025-10-31T10:30:54Z","0"
"container_fs_reads_total","device=overlay_0-62;id=/;instance=cadvisor:8080;job=iot_service","2025-10-31T10:31:09Z","0"
"container_fs_reads_total","device=overlay_0-64;id=/;instance=cadvisor:8080;job=iot_service","2025-10-31T10:16:09Z","0"
"container_fs_reads_total","device=overlay_0-64;id=/;instance=cadvisor:8080;job=iot_service","2025-10-31T10:16:24Z","0"
"container_fs_reads_total","device=overlay_0-64;id=/;instance=cadvisor:8080;job=iot_service","2025-10-31T10:16:39Z","0"
"container_fs_reads_total","device=overlay_0-64;id=/;instance=cadvisor:8080;job=iot_service","2025-10-31T10:16:54Z","0"
"container_fs_reads_total","device=overlay_0-64;id=/;instance=cadvisor:8080;job=iot_service","2025-10-31T10:17:09Z","0"
"container_fs_reads_total","device=overlay_0-64;id=/;instance=cadvisor:8080;job=iot_service","2025-10-31T10:17:24Z","0"
"container_fs_reads_total","device=overlay_0-64;id=/;instance=cadvisor:8080;job=iot_service","2025-10-31T10:17:39Z","0"
"container_fs_reads_total","device=overlay_0-64;id=/;instance=cadvisor:8080;job=iot_service","2025-10-31T10:17:54Z","0"
"container_fs_reads_total","device=overlay_0-64;id=/;instance=cadvisor:8080;job=iot_service","2025-10-31T10:18:09Z","0"
"container_fs_reads_total","device=overlay_0-64;id=/;instance=cadvisor:8080;job=iot_service","2025-10-31T10:18:24Z","0"
"container_fs_reads_total","device=overlay_0-64;id=/;instance=cadvisor:8080;job=iot_service","2025-10-31T10:18:39Z","0"
"container_fs_reads_total","device=overlay_0-64;id=/;instance=cadvisor:8080;job=iot_service","2025-10-31T10:18:54Z","0"
"container_fs_reads_total","device=overlay_0-64;id=/;instance=cadvisor:8080;job=iot_service","2025-10-31T10:19:09Z","0"
"container_fs_reads_total","device=overlay_0-64;id=/;instance=cadvisor:8080;job=iot_service","2025-10-31T10:19:24Z","0"
"container_fs_reads_total","device=overlay_0-64;id=/;instance=cadvisor:8080;job=iot_service","2025-10-31T10:19:39Z","0"
"container_fs_reads_total","device=overlay_0-64;id=/;instance=cadvisor:8080;job=iot_service","2025-10-31T10:19:54Z","0"
"container_fs_reads_total","device=overlay_0-64;id=/;instance=cadvisor:8080;job=iot_service","2025-10-31T10:20:09Z","0"
"container_fs_reads_total","device=overlay_0-64;id=/;instance=cadvisor:8080;job=iot_service","2025-10-31T10:20:24Z","0"
"container_fs_reads_total","device=overlay_0-64;id=/;instance=cadvisor:8080;job=iot_service","2025-10-31T10:20:39Z","0"
"container_fs_reads_total","device=overlay_0-64;id=/;instance=cadvisor:8080;job=iot_service","2025-10-31T10:20:54Z","0"
"container_fs_reads_total","device=overlay_0-64;id=/;instance=cadvisor:8080;job=iot_service","2025-10-31T10:21:09Z","0"
"container_fs_reads_total","device=overlay_0-64;id=/;instance=cadvisor:8080;job=iot_service","2025-10-31T10:21:24Z","0"
"container_fs_reads_total","device=overlay_0-64;id=/;instance=cadvisor:8080;job=iot_service","2025-10-31T10:21:39Z","0"
"container_fs_reads_total","device=overlay_0-64;id=/;instance=cadvisor:8080;job=iot_service","2025-10-31T10:21:54Z","0"
"container_fs_reads_total","device=overlay_0-64;id=/;instance=cadvisor:8080;job=iot_service","2025-10-31T10:22:09Z","0"
"container_fs_reads_total","device=overlay_0-64;id=/;instance=cadvisor:8080;job=iot_service","2025-10-31T10:22:24Z","0"
"container_fs_reads_total","device=overlay_0-64;id=/;instance=cadvisor:8080;job=iot_service","2025-10-31T10:22:39Z","0"
"container_fs_reads_total","device=overlay_0-64;id=/;instance=cadvisor:8080;job=iot_service","2025-10-31T10:22:54Z","0"
"container_fs_reads_total","device=overlay_0-64;id=/;instance=cadvisor:8080;job=iot_service","2025-10-31T10:23:09Z","0"
"container_fs_reads_total","device=overlay_0-64;id=/;instance=cadvisor:8080;job=iot_service","2025-10-31T10:23:24Z","0"
"container_fs_reads_total","device=overlay_0-64;id=/;instance=cadvisor:8080;job=iot_service","2025-10-31T10:23:39Z","0"
"container_fs_reads_total","device=overlay_0-64;id=/;instance=cadvisor:8080;job=iot_service","2025-10-31T10:23:54Z","0"
"container_fs_reads_total","device=overlay_0-64;id=/;instance=cadvisor:8080;job=iot_service","2025-10-31T10:24:09Z","0"
"container_fs_reads_total","device=overlay_0-64;id=/;instance=cadvisor:8080;job=iot_service","2025-10-31T10:24:24Z","0"
"container_fs_reads_total","device=overlay_0-64;id=/;instance=cadvisor:8080;job=iot_service","2025-10-31T10:24:39Z","0"
"container_fs_reads_total","device=overlay_0-64;id=/;instance=cadvisor:8080;job=iot_service","2025-10-31T10:24:54Z","0"
"container_fs_reads_total","device=overlay_0-64;id=/;instance=cadvisor:8080;job=iot_service","2025-10-31T10:25:09Z","0"
"container_fs_reads_total","device=overlay_0-64;id=/;instance=cadvisor:8080;job=iot_service","2025-10-31T10:25:24Z","0"
"container_fs_reads_total","device=overlay_0-64;id=/;instance=cadvisor:8080;job=iot_service","2025-10-31T10:25:39Z","0"
"container_fs_reads_total","device=overlay_0-64;id=/;instance=cadvisor:8080;job=iot_service","2025-10-31T10:25:54Z","0"
"container_fs_reads_total","device=overlay_0-64;id=/;instance=cadvisor:8080;job=iot_service","2025-10-31T10:26:09Z","0"
"container_fs_reads_total","device=overlay_0-64;id=/;instance=cadvisor:8080;job=iot_service","2025-10-31T10:26:24Z","0"
"container_fs_reads_total","device=overlay_0-64;id=/;instance=cadvisor:8080;job=iot_service","2025-10-31T10:26:39Z","0"
"container_fs_reads_total","device=overlay_0-64;id=/;instance=cadvisor:8080;job=iot_service","2025-10-31T10:26:54Z","0"
"container_fs_reads_total","device=overlay_0-64;id=/;instance=cadvisor:8080;job=iot_service","2025-10-31T10:27:09Z","0"
"container_fs_reads_total","device=overlay_0-64;id=/;instance=cadvisor:8080;job=iot_service","2025-10-31T10:27:24Z","0"
"container_fs_reads_total","device=overlay_0-64;id=/;instance=cadvisor:8080;job=iot_service","2025-10-31T10:27:39Z","0"
"container_fs_reads_total","device=overlay_0-64;id=/;instance=cadvisor:8080;job=iot_service","2025-10-31T10:27:54Z","0"
"container_fs_reads_total","device=overlay_0-64;id=/;instance=cadvisor:8080;job=iot_service","2025-10-31T10:28:09Z","0"
"container_fs_reads_total","device=overlay_0-64;id=/;instance=cadvisor:8080;job=iot_service","2025-10-31T10:28:24Z","0"
"container_fs_reads_total","device=overlay_0-64;id=/;instance=cadvisor:8080;job=iot_service","2025-10-31T10:28:39Z","0"
"container_fs_reads_total","device=overlay_0-64;id=/;instance=cadvisor:8080;job=iot_service","2025-10-31T10:28:54Z","0"
"container_fs_reads_total","device=overlay_0-64;id=/;instance=cadvisor:8080;job=iot_service","2025-10-31T10:29:09Z","0"
"container_fs_reads_total","device=overlay_0-64;id=/;instance=cadvisor:8080;job=iot_service","2025-10-31T10:29:24Z","0"
"container_fs_reads_total","device=overlay_0-64;id=/;instance=cadvisor:8080;job=iot_service","2025-10-31T10:29:39Z","0"
"container_fs_reads_total","device=overlay_0-64;id=/;instance=cadvisor:8080;job=iot_service","2025-10-31T10:29:54Z","0"
"container_fs_reads_total","device=overlay_0-64;id=/;instance=cadvisor:8080;job=iot_service","2025-10-31T10:30:09Z","0"
"container_fs_reads_total","device=overlay_0-64;id=/;instance=cadvisor:8080;job=iot_service","2025-10-31T10:30:24Z","0"
"container_fs_reads_total","device=overlay_0-64;id=/;instance=cadvisor:8080;job=iot_service","2025-10-31T10:30:39Z","0"
"container_fs_reads_total","device=overlay_0-64;id=/;instance=cadvisor:8080;job=iot_service","2025-10-31T10:30:54Z","0"
"container_fs_reads_total","device=overlay_0-64;id=/;instance=cadvisor:8080;job=iot_service","2025-10-31T10:31:09Z","0"
"container_fs_reads_total","device=overlay_0-66;id=/;instance=cadvisor:8080;job=iot_service","2025-10-31T10:16:09Z","0"
"container_fs_reads_total","device=overlay_0-66;id=/;instance=cadvisor:8080;job=iot_service","2025-10-31T10:16:24Z","0"
"container_fs_reads_total","device=overlay_0-66;id=/;instance=cadvisor:8080;job=iot_service","2025-10-31T10:16:39Z","0"
"container_fs_reads_total","device=overlay_0-66;id=/;instance=cadvisor:8080;job=iot_service","2025-10-31T10:16:54Z","0"
"container_fs_reads_total","device=overlay_0-66;id=/;instance=cadvisor:8080;job=iot_service","2025-10-31T10:17:09Z","0"
"container_fs_reads_total","device=overlay_0-66;id=/;instance=cadvisor:8080;job=iot_service","2025-10-31T10:17:24Z","0"
"container_fs_reads_total","device=overlay_0-66;id=/;instance=cadvisor:8080;job=iot_service","2025-10-31T10:17:39Z","0"
"container_fs_reads_total","device=overlay_0-66;id=/;instance=cadvisor:8080;job=iot_service","2025-10-31T10:17:54Z","0"
"container_fs_reads_total","device=overlay_0-66;id=/;instance=cadvisor:8080;job=iot_service","2025-10-31T10:18:09Z","0"
"container_fs_reads_total","device=overlay_0-66;id=/;instance=cadvisor:8080;job=iot_service","2025-10-31T10:18:24Z","0"
"container_fs_reads_total","device=overlay_0-66;id=/;instance=cadvisor:8080;job=iot_service","2025-10-31T10:18:39Z","0"
"container_fs_reads_total","device=overlay_0-66;id=/;instance=cadvisor:8080;job=iot_service","2025-10-31T10:18:54Z","0"
"container_fs_reads_total","device=overlay_0-66;id=/;instance=cadvisor:8080;job=iot_service","2025-10-31T10:19:09Z","0"
"container_fs_reads_total","device=overlay_0-66;id=/;instance=cadvisor:8080;job=iot_service","2025-10-31T10:19:24Z","0"
"container_fs_reads_total","device=overlay_0-66;id=/;instance=cadvisor:8080;job=iot_service","2025-10-31T10:19:39Z","0"
"container_fs_reads_total","device=overlay_0-66;id=/;instance=cadvisor:8080;job=iot_service","2025-10-31T10:19:54Z","0"
"container_fs_reads_total","device=overlay_0-66;id=/;instance=cadvisor:8080;job=iot_service","2025-10-31T10:20:09Z","0"
"container_fs_reads_total","device=overlay_0-66;id=/;instance=cadvisor:8080;job=iot_service","2025-10-31T10:20:24Z","0"
"container_fs_reads_total","device=overlay_0-66;id=/;instance=cadvisor:8080;job=iot_service","2025-10-31T10:20:39Z","0"
"container_fs_reads_total","device=overlay_0-66;id=/;instance=cadvisor:8080;job=iot_service","2025-10-31T10:20:54Z","0"
"container_fs_reads_total","device=overlay_0-66;id=/;instance=cadvisor:8080;job=iot_service","2025-10-31T10:21:09Z","0"
"container_fs_reads_total","device=overlay_0-66;id=/;instance=cadvisor:8080;job=iot_service","2025-10-31T10:21:24Z","0"
"container_fs_reads_total","device=overlay_0-66;id=/;instance=cadvisor:8080;job=iot_service","2025-10-31T10:21:39Z","0"
"container_fs_reads_total","device=overlay_0-66;id=/;instance=cadvisor:8080;job=iot_service","2025-10-31T10:21:54Z","0"
"container_fs_reads_total","device=overlay_0-66;id=/;instance=cadvisor:8080;job=iot_service","2025-10-31T10:22:09Z","0"
"container_fs_reads_total","device=overlay_0-66;id=/;instance=cadvisor:8080;job=iot_service","2025-10-31T10:22:24Z","0"
"container_fs_reads_total","device=overlay_0-66;id=/;instance=cadvisor:8080;job=iot_service","2025-10-31T10:22:39Z","0"
"container_fs_reads_total","device=overlay_0-66;id=/;instance=cadvisor:8080;job=iot_service","2025-10-31T10:22:54Z","0"
"container_fs_reads_total","device=overlay_0-66;id=/;instance=cadvisor:8080;job=iot_service","2025-10-31T10:23:09Z","0"
"container_fs_reads_total","device=overlay_0-66;id=/;instance=cadvisor:8080;job=iot_service","2025-10-31T10:23:24Z","0"
"container_fs_reads_total","device=overlay_0-66;id=/;instance=cadvisor:8080;job=iot_service","2025-10-31T10:23:39Z","0"
"container_fs_reads_total","device=overlay_0-66;id=/;instance=cadvisor:8080;job=iot_service","2025-10-31T10:23:54Z","0"
"container_fs_reads_total","device=overlay_0-66;id=/;instance=cadvisor:8080;job=iot_service","2025-10-31T10:24:09Z","0"
"container_fs_reads_total","device=overlay_0-66;id=/;instance=cadvisor:8080;job=iot_service","2025-10-31T10:24:24Z","0"
"container_fs_reads_total","device=overlay_0-66;id=/;instance=cadvisor:8080;job=iot_service","2025-10-31T10:24:39Z","0"
"container_fs_reads_total","device=overlay_0-66;id=/;instance=cadvisor:8080;job=iot_service","2025-10-31T10:24:54Z","0"
"container_fs_reads_total","device=overlay_0-66;id=/;instance=cadvisor:8080;job=iot_service","2025-10-31T10:25:09Z","0"
"container_fs_reads_total","device=overlay_0-66;id=/;instance=cadvisor:8080;job=iot_service","2025-10-31T10:25:24Z","0"
"container_fs_reads_total","device=overlay_0-66;id=/;instance=cadvisor:8080;job=iot_service","2025-10-31T10:25:39Z","0"
"container_fs_reads_total","device=overlay_0-66;id=/;instance=cadvisor:8080;job=iot_service","2025-10-31T10:25:54Z","0"
"container_fs_reads_total","device=overlay_0-66;id=/;instance=cadvisor:8080;job=iot_service","2025-10-31T10:26:09Z","0"
"container_fs_reads_total","device=overlay_0-66;id=/;instance=cadvisor:8080;job=iot_service","2025-10-31T10:26:24Z","0"
"container_fs_reads_total","device=overlay_0-66;id=/;instance=cadvisor:8080;job=iot_service","2025-10-31T10:26:39Z","0"
"container_fs_reads_total","device=overlay_0-66;id=/;instance=cadvisor:8080;job=iot_service","2025-10-31T10:26:54Z","0"
"container_fs_reads_total","device=overlay_0-66;id=/;instance=cadvisor:8080;job=iot_service","2025-10-31T10:27:09Z","0"
"container_fs_reads_total","device=overlay_0-66;id=/;instance=cadvisor:8080;job=iot_service","2025-10-31T10:27:24Z","0"
"container_fs_reads_total","device=overlay_0-66;id=/;instance=cadvisor:8080;job=iot_service","2025-10-31T10:27:39Z","0"
"container_fs_reads_total","device=overlay_0-66;id=/;instance=cadvisor:8080;job=iot_service","2025-10-31T10:27:54Z","0"
"container_fs_reads_total","device=overlay_0-66;id=/;instance=cadvisor:8080;job=iot_service","2025-10-31T10:28:09Z","0"
"container_fs_reads_total","device=overlay_0-66;id=/;instance=cadvisor:8080;job=iot_service","2025-10-31T10:28:24Z","0"
"container_fs_reads_total","device=overlay_0-66;id=/;instance=cadvisor:8080;job=iot_service","2025-10-31T10:28:39Z","0"
"container_fs_reads_total","device=overlay_0-66;id=/;instance=cadvisor:8080;job=iot_service","2025-10-31T10:28:54Z","0"
"container_fs_reads_total","device=overlay_0-66;id=/;instance=cadvisor:8080;job=iot_service","2025-10-31T10:29:09Z","0"
"container_fs_reads_total","device=overlay_0-66;id=/;instance=cadvisor:8080;job=iot_service","2025-10-31T10:29:24Z","0"
"container_fs_reads_total","device=overlay_0-66;id=/;instance=cadvisor:8080;job=iot_service","2025-10-31T10:29:39Z","0"
"container_fs_reads_total","device=overlay_0-66;id=/;instance=cadvisor:8080;job=iot_service","2025-10-31T10:29:54Z","0"
"container_fs_reads_total","device=overlay_0-66;id=/;instance=cadvisor:8080;job=iot_service","2025-10-31T10:30:09Z","0"
"container_fs_reads_total","device=overlay_0-66;id=/;instance=cadvisor:8080;job=iot_service","2025-10-31T10:30:24Z","0"
"container_fs_reads_total","device=overlay_0-66;id=/;instance=cadvisor:8080;job=iot_service","2025-10-31T10:30:39Z","0"
"container_fs_reads_total","device=overlay_0-66;id=/;instance=cadvisor:8080;job=iot_service","2025-10-31T10:30:54Z","0"
"container_fs_reads_total","device=overlay_0-66;id=/;instance=cadvisor:8080;job=iot_service","2025-10-31T10:31:09Z","0"
"container_fs_reads_total","device=overlay_0-68;id=/;instance=cadvisor:8080;job=iot_service","2025-10-31T10:16:09Z","0"
"container_fs_reads_total","device=overlay_0-68;id=/;instance=cadvisor:8080;job=iot_service","2025-10-31T10:16:24Z","0"
"container_fs_reads_total","device=overlay_0-68;id=/;instance=cadvisor:8080;job=iot_service","2025-10-31T10:16:39Z","0"
"container_fs_reads_total","device=overlay_0-68;id=/;instance=cadvisor:8080;job=iot_service","2025-10-31T10:16:54Z","0"
"container_fs_reads_total","device=overlay_0-68;id=/;instance=cadvisor:8080;job=iot_service","2025-10-31T10:17:09Z","0"
"container_fs_reads_total","device=overlay_0-68;id=/;instance=cadvisor:8080;job=iot_service","2025-10-31T10:17:24Z","0"
"container_fs_reads_total","device=overlay_0-68;id=/;instance=cadvisor:8080;job=iot_service","2025-10-31T10:17:39Z","0"
"container_fs_reads_total","device=overlay_0-68;id=/;instance=cadvisor:8080;job=iot_service","2025-10-31T10:17:54Z","0"
"container_fs_reads_total","device=overlay_0-68;id=/;instance=cadvisor:8080;job=iot_service","2025-10-31T10:18:09Z","0"
"container_fs_reads_total","device=overlay_0-68;id=/;instance=cadvisor:8080;job=iot_service","2025-10-31T10:18:24Z","0"
"container_fs_reads_total","device=overlay_0-68;id=/;instance=cadvisor:8080;job=iot_service","2025-10-31T10:18:39Z","0"
"container_fs_reads_total","device=overlay_0-68;id=/;instance=cadvisor:8080;job=iot_service","2025-10-31T10:18:54Z","0"
"container_fs_reads_total","device=overlay_0-68;id=/;instance=cadvisor:8080;job=iot_service","2025-10-31T10:19:09Z","0"
"container_fs_reads_total","device=overlay_0-68;id=/;instance=cadvisor:8080;job=iot_service","2025-10-31T10:19:24Z","0"
"container_fs_reads_total","device=overlay_0-68;id=/;instance=cadvisor:8080;job=iot_service","2025-10-31T10:19:39Z","0"
"container_fs_reads_total","device=overlay_0-68;id=/;instance=cadvisor:8080;job=iot_service","2025-10-31T10:19:54Z","0"
"container_fs_reads_total","device=overlay_0-68;id=/;instance=cadvisor:8080;job=iot_service","2025-10-31T10:20:09Z","0"
"container_fs_reads_total","device=overlay_0-68;id=/;instance=cadvisor:8080;job=iot_service","2025-10-31T10:20:24Z","0"
"container_fs_reads_total","device=overlay_0-68;id=/;instance=cadvisor:8080;job=iot_service","2025-10-31T10:20:39Z","0"
"container_fs_reads_total","device=overlay_0-68;id=/;instance=cadvisor:8080;job=iot_service","2025-10-31T10:20:54Z","0"
"container_fs_reads_total","device=overlay_0-68;id=/;instance=cadvisor:8080;job=iot_service","2025-10-31T10:21:09Z","0"
"container_fs_reads_total","device=overlay_0-68;id=/;instance=cadvisor:8080;job=iot_service","2025-10-31T10:21:24Z","0"
"container_fs_reads_total","device=overlay_0-68;id=/;instance=cadvisor:8080;job=iot_service","2025-10-31T10:21:39Z","0"
"container_fs_reads_total","device=overlay_0-68;id=/;instance=cadvisor:8080;job=iot_service","2025-10-31T10:21:54Z","0"
"container_fs_reads_total","device=overlay_0-68;id=/;instance=cadvisor:8080;job=iot_service","2025-10-31T10:22:09Z","0"
"container_fs_reads_total","device=overlay_0-68;id=/;instance=cadvisor:8080;job=iot_service","2025-10-31T10:22:24Z","0"
"container_fs_reads_total","device=overlay_0-68;id=/;instance=cadvisor:8080;job=iot_service","2025-10-31T10:22:39Z","0"
"container_fs_reads_total","device=overlay_0-68;id=/;instance=cadvisor:8080;job=iot_service","2025-10-31T10:22:54Z","0"
"container_fs_reads_total","device=overlay_0-68;id=/;instance=cadvisor:8080;job=iot_service","2025-10-31T10:23:09Z","0"
"container_fs_reads_total","device=overlay_0-68;id=/;instance=cadvisor:8080;job=iot_service","2025-10-31T10:23:24Z","0"
"container_fs_reads_total","device=overlay_0-68;id=/;instance=cadvisor:8080;job=iot_service","2025-10-31T10:23:39Z","0"
"container_fs_reads_total","device=overlay_0-68;id=/;instance=cadvisor:8080;job=iot_service","2025-10-31T10:23:54Z","0"
"container_fs_reads_total","device=overlay_0-68;id=/;instance=cadvisor:8080;job=iot_service","2025-10-31T10:24:09Z","0"
"container_fs_reads_total","device=overlay_0-68;id=/;instance=cadvisor:8080;job=iot_service","2025-10-31T10:24:24Z","0"
"container_fs_reads_total","device=overlay_0-68;id=/;instance=cadvisor:8080;job=iot_service","2025-10-31T10:24:39Z","0"
"container_fs_reads_total","device=overlay_0-68;id=/;instance=cadvisor:8080;job=iot_service","2025-10-31T10:24:54Z","0"
"container_fs_reads_total","device=overlay_0-68;id=/;instance=cadvisor:8080;job=iot_service","2025-10-31T10:25:09Z","0"
"container_fs_reads_total","device=overlay_0-68;id=/;instance=cadvisor:8080;job=iot_service","2025-10-31T10:25:24Z","0"
"container_fs_reads_total","device=overlay_0-68;id=/;instance=cadvisor:8080;job=iot_service","2025-10-31T10:25:39Z","0"
"container_fs_reads_total","device=overlay_0-68;id=/;instance=cadvisor:8080;job=iot_service","2025-10-31T10:25:54Z","0"
"container_fs_reads_total","device=overlay_0-68;id=/;instance=cadvisor:8080;job=iot_service","2025-10-31T10:26:09Z","0"
"container_fs_reads_total","device=overlay_0-68;id=/;instance=cadvisor:8080;job=iot_service","2025-10-31T10:26:24Z","0"
"container_fs_reads_total","device=overlay_0-68;id=/;instance=cadvisor:8080;job=iot_service","2025-10-31T10:26:39Z","0"
"container_fs_reads_total","device=overlay_0-68;id=/;instance=cadvisor:8080;job=iot_service","2025-10-31T10:26:54Z","0"
"container_fs_reads_total","device=overlay_0-68;id=/;instance=cadvisor:8080;job=iot_service","2025-10-31T10:27:09Z","0"
"container_fs_reads_total","device=overlay_0-68;id=/;instance=cadvisor:8080;job=iot_service","2025-10-31T10:27:24Z","0"
"container_fs_reads_total","device=overlay_0-68;id=/;instance=cadvisor:8080;job=iot_service","2025-10-31T10:27:39Z","0"
"container_fs_reads_total","device=overlay_0-68;id=/;instance=cadvisor:8080;job=iot_service","2025-10-31T10:27:54Z","0"
"container_fs_reads_total","device=overlay_0-68;id=/;instance=cadvisor:8080;job=iot_service","2025-10-31T10:28:09Z","0"
"container_fs_reads_total","device=overlay_0-68;id=/;instance=cadvisor:8080;job=iot_service","2025-10-31T10:28:24Z","0"
"container_fs_reads_total","device=overlay_0-68;id=/;instance=cadvisor:8080;job=iot_service","2025-10-31T10:28:39Z","0"
"container_fs_reads_total","device=overlay_0-68;id=/;instance=cadvisor:8080;job=iot_service","2025-10-31T10:28:54Z","0"
"container_fs_reads_total","device=overlay_0-68;id=/;instance=cadvisor:8080;job=iot_service","2025-10-31T10:29:09Z","0"
"container_fs_reads_total","device=overlay_0-68;id=/;instance=cadvisor:8080;job=iot_service","2025-10-31T10:29:24Z","0"
"container_fs_reads_total","device=overlay_0-68;id=/;instance=cadvisor:8080;job=iot_service","2025-10-31T10:29:39Z","0"
"container_fs_reads_total","device=overlay_0-68;id=/;instance=cadvisor:8080;job=iot_service","2025-10-31T10:29:54Z","0"
"container_fs_reads_total","device=overlay_0-68;id=/;instance=cadvisor:8080;job=iot_service","2025-10-31T10:30:09Z","0"
"container_fs_reads_total","device=overlay_0-68;id=/;instance=cadvisor:8080;job=iot_service","2025-10-31T10:30:24Z","0"
"container_fs_reads_total","device=overlay_0-68;id=/;instance=cadvisor:8080;job=iot_service","2025-10-31T10:30:39Z","0"
"container_fs_reads_total","device=overlay_0-68;id=/;instance=cadvisor:8080;job=iot_service","2025-10-31T10:30:54Z","0"
"container_fs_reads_total","device=overlay_0-68;id=/;instance=cadvisor:8080;job=iot_service","2025-10-31T10:31:09Z","0"
"container_fs_reads_total","device=overlay_0-70;id=/;instance=cadvisor:8080;job=iot_service","2025-10-31T10:16:09Z","0"
"container_fs_reads_total","device=overlay_0-70;id=/;instance=cadvisor:8080;job=iot_service","2025-10-31T10:16:24Z","0"
"container_fs_reads_total","device=overlay_0-70;id=/;instance=cadvisor:8080;job=iot_service","2025-10-31T10:16:39Z","0"
"container_fs_reads_total","device=overlay_0-70;id=/;instance=cadvisor:8080;job=iot_service","2025-10-31T10:16:54Z","0"
"container_fs_reads_total","device=overlay_0-70;id=/;instance=cadvisor:8080;job=iot_service","2025-10-31T10:17:09Z","0"
"container_fs_reads_total","device=overlay_0-70;id=/;instance=cadvisor:8080;job=iot_service","2025-10-31T10:17:24Z","0"
"container_fs_reads_total","device=overlay_0-70;id=/;instance=cadvisor:8080;job=iot_service","2025-10-31T10:17:39Z","0"
"container_fs_reads_total","device=overlay_0-70;id=/;instance=cadvisor:8080;job=iot_service","2025-10-31T10:17:54Z","0"
"container_fs_reads_total","device=overlay_0-70;id=/;instance=cadvisor:8080;job=iot_service","2025-10-31T10:18:09Z","0"
"container_fs_reads_total","device=overlay_0-70;id=/;instance=cadvisor:8080;job=iot_service","2025-10-31T10:18:24Z","0"
"container_fs_reads_total","device=overlay_0-70;id=/;instance=cadvisor:8080;job=iot_service","2025-10-31T10:18:39Z","0"
"container_fs_reads_total","device=overlay_0-70;id=/;instance=cadvisor:8080;job=iot_service","2025-10-31T10:18:54Z","0"
"container_fs_reads_total","device=overlay_0-70;id=/;instance=cadvisor:8080;job=iot_service","2025-10-31T10:19:09Z","0"
"container_fs_reads_total","device=overlay_0-70;id=/;instance=cadvisor:8080;job=iot_service","2025-10-31T10:19:24Z","0"
"container_fs_reads_total","device=overlay_0-70;id=/;instance=cadvisor:8080;job=iot_service","2025-10-31T10:19:39Z","0"
"container_fs_reads_total","device=overlay_0-70;id=/;instance=cadvisor:8080;job=iot_service","2025-10-31T10:19:54Z","0"
"container_fs_reads_total","device=overlay_0-70;id=/;instance=cadvisor:8080;job=iot_service","2025-10-31T10:20:09Z","0"
"container_fs_reads_total","device=overlay_0-70;id=/;instance=cadvisor:8080;job=iot_service","2025-10-31T10:20:24Z","0"
"container_fs_reads_total","device=overlay_0-70;id=/;instance=cadvisor:8080;job=iot_service","2025-10-31T10:20:39Z","0"
"container_fs_reads_total","device=overlay_0-70;id=/;instance=cadvisor:8080;job=iot_service","2025-10-31T10:20:54Z","0"
"container_fs_reads_total","device=overlay_0-70;id=/;instance=cadvisor:8080;job=iot_service","2025-10-31T10:21:09Z","0"
"container_fs_reads_total","device=overlay_0-70;id=/;instance=cadvisor:8080;job=iot_service","2025-10-31T10:21:24Z","0"
"container_fs_reads_total","device=overlay_0-70;id=/;instance=cadvisor:8080;job=iot_service","2025-10-31T10:21:39Z","0"
"container_fs_reads_total","device=overlay_0-70;id=/;instance=cadvisor:8080;job=iot_service","2025-10-31T10:21:54Z","0"
"container_fs_reads_total","device=overlay_0-70;id=/;instance=cadvisor:8080;job=iot_service","2025-10-31T10:22:09Z","0"
"container_fs_reads_total","device=overlay_0-70;id=/;instance=cadvisor:8080;job=iot_service","2025-10-31T10:22:24Z","0"
"container_fs_reads_total","device=overlay_0-70;id=/;instance=cadvisor:8080;job=iot_service","2025-10-31T10:22:39Z","0"
"container_fs_reads_total","device=overlay_0-70;id=/;instance=cadvisor:8080;job=iot_service","2025-10-31T10:22:54Z","0"
"container_fs_reads_total","device=overlay_0-70;id=/;instance=cadvisor:8080;job=iot_service","2025-10-31T10:23:09Z","0"
"container_fs_reads_total","device=overlay_0-70;id=/;instance=cadvisor:8080;job=iot_service","2025-10-31T10:23:24Z","0"
"container_fs_reads_total","device=overlay_0-70;id=/;instance=cadvisor:8080;job=iot_service","2025-10-31T10:23:39Z","0"
"container_fs_reads_total","device=overlay_0-70;id=/;instance=cadvisor:8080;job=iot_service","2025-10-31T10:23:54Z","0"
"container_fs_reads_total","device=overlay_0-70;id=/;instance=cadvisor:8080;job=iot_service","2025-10-31T10:24:09Z","0"
"container_fs_reads_total","device=overlay_0-70;id=/;instance=cadvisor:8080;job=iot_service","2025-10-31T10:24:24Z","0"
"container_fs_reads_total","device=overlay_0-70;id=/;instance=cadvisor:8080;job=iot_service","2025-10-31T10:24:39Z","0"
"container_fs_reads_total","device=overlay_0-70;id=/;instance=cadvisor:8080;job=iot_service","2025-10-31T10:24:54Z","0"
"container_fs_reads_total","device=overlay_0-70;id=/;instance=cadvisor:8080;job=iot_service","2025-10-31T10:25:09Z","0"
"container_fs_reads_total","device=overlay_0-70;id=/;instance=cadvisor:8080;job=iot_service","2025-10-31T10:25:24Z","0"
"container_fs_reads_total","device=overlay_0-70;id=/;instance=cadvisor:8080;job=iot_service","2025-10-31T10:25:39Z","0"
"container_fs_reads_total","device=overlay_0-70;id=/;instance=cadvisor:8080;job=iot_service","2025-10-31T10:25:54Z","0"
"container_fs_reads_total","device=overlay_0-70;id=/;instance=cadvisor:8080;job=iot_service","2025-10-31T10:26:09Z","0"
"container_fs_reads_total","device=overlay_0-70;id=/;instance=cadvisor:8080;job=iot_service","2025-10-31T10:26:24Z","0"
"container_fs_reads_total","device=overlay_0-70;id=/;instance=cadvisor:8080;job=iot_service","2025-10-31T10:26:39Z","0"
"container_fs_reads_total","device=overlay_0-70;id=/;instance=cadvisor:8080;job=iot_service","2025-10-31T10:26:54Z","0"
"container_fs_reads_total","device=overlay_0-70;id=/;instance=cadvisor:8080;job=iot_service","2025-10-31T10:27:09Z","0"
"container_fs_reads_total","device=overlay_0-70;id=/;instance=cadvisor:8080;job=iot_service","2025-10-31T10:27:24Z","0"
"container_fs_reads_total","device=overlay_0-70;id=/;instance=cadvisor:8080;job=iot_service","2025-10-31T10:27:39Z","0"
"container_fs_reads_total","device=overlay_0-70;id=/;instance=cadvisor:8080;job=iot_service","2025-10-31T10:27:54Z","0"
"container_fs_reads_total","device=overlay_0-70;id=/;instance=cadvisor:8080;job=iot_service","2025-10-31T10:28:09Z","0"
"container_fs_reads_total","device=overlay_0-70;id=/;instance=cadvisor:8080;job=iot_service","2025-10-31T10:28:24Z","0"
"container_fs_reads_total","device=overlay_0-70;id=/;instance=cadvisor:8080;job=iot_service","2025-10-31T10:28:39Z","0"
"container_fs_reads_total","device=overlay_0-70;id=/;instance=cadvisor:8080;job=iot_service","2025-10-31T10:28:54Z","0"
"container_fs_reads_total","device=overlay_0-70;id=/;instance=cadvisor:8080;job=iot_service","2025-10-31T10:29:09Z","0"
"container_fs_reads_total","device=overlay_0-70;id=/;instance=cadvisor:8080;job=iot_service","2025-10-31T10:29:24Z","0"
"container_fs_reads_total","device=overlay_0-70;id=/;instance=cadvisor:8080;job=iot_service","2025-10-31T10:29:39Z","0"
"container_fs_reads_total","device=overlay_0-70;id=/;instance=cadvisor:8080;job=iot_service","2025-10-31T10:29:54Z","0"
"container_fs_reads_total","device=overlay_0-70;id=/;instance=cadvisor:8080;job=iot_service","2025-10-31T10:30:09Z","0"
"container_fs_reads_total","device=overlay_0-70;id=/;instance=cadvisor:8080;job=iot_service","2025-10-31T10:30:24Z","0"
"container_fs_reads_total","device=overlay_0-70;id=/;instance=cadvisor:8080;job=iot_service","2025-10-31T10:30:39Z","0"
"container_fs_reads_total","device=overlay_0-70;id=/;instance=cadvisor:8080;job=iot_service","2025-10-31T10:30:54Z","0"
"container_fs_reads_total","device=overlay_0-70;id=/;instance=cadvisor:8080;job=iot_service","2025-10-31T10:31:09Z","0"
"container_fs_reads_total","device=overlay_0-72;id=/;instance=cadvisor:8080;job=iot_service","2025-10-31T10:16:09Z","0"
"container_fs_reads_total","device=overlay_0-72;id=/;instance=cadvisor:8080;job=iot_service","2025-10-31T10:16:24Z","0"
"container_fs_reads_total","device=overlay_0-72;id=/;instance=cadvisor:8080;job=iot_service","2025-10-31T10:16:39Z","0"
"container_fs_reads_total","device=overlay_0-72;id=/;instance=cadvisor:8080;job=iot_service","2025-10-31T10:16:54Z","0"
"container_fs_reads_total","device=overlay_0-72;id=/;instance=cadvisor:8080;job=iot_service","2025-10-31T10:17:09Z","0"
"container_fs_reads_total","device=overlay_0-72;id=/;instance=cadvisor:8080;job=iot_service","2025-10-31T10:17:24Z","0"
"container_fs_reads_total","device=overlay_0-72;id=/;instance=cadvisor:8080;job=iot_service","2025-10-31T10:17:39Z","0"
"container_fs_reads_total","device=overlay_0-72;id=/;instance=cadvisor:8080;job=iot_service","2025-10-31T10:17:54Z","0"
"container_fs_reads_total","device=overlay_0-72;id=/;instance=cadvisor:8080;job=iot_service","2025-10-31T10:18:09Z","0"
"container_fs_reads_total","device=overlay_0-72;id=/;instance=cadvisor:8080;job=iot_service","2025-10-31T10:18:24Z","0"
"container_fs_reads_total","device=overlay_0-72;id=/;instance=cadvisor:8080;job=iot_service","2025-10-31T10:18:39Z","0"
"container_fs_reads_total","device=overlay_0-72;id=/;instance=cadvisor:8080;job=iot_service","2025-10-31T10:18:54Z","0"
"container_fs_reads_total","device=overlay_0-72;id=/;instance=cadvisor:8080;job=iot_service","2025-10-31T10:19:09Z","0"
"container_fs_reads_total","device=overlay_0-72;id=/;instance=cadvisor:8080;job=iot_service","2025-10-31T10:19:24Z","0"
"container_fs_reads_total","device=overlay_0-72;id=/;instance=cadvisor:8080;job=iot_service","2025-10-31T10:19:39Z","0"
"container_fs_reads_total","device=overlay_0-72;id=/;instance=cadvisor:8080;job=iot_service","2025-10-31T10:19:54Z","0"
"container_fs_reads_total","device=overlay_0-72;id=/;instance=cadvisor:8080;job=iot_service","2025-10-31T10:20:09Z","0"
"container_fs_reads_total","device=overlay_0-72;id=/;instance=cadvisor:8080;job=iot_service","2025-10-31T10:20:24Z","0"
"container_fs_reads_total","device=overlay_0-72;id=/;instance=cadvisor:8080;job=iot_service","2025-10-31T10:20:39Z","0"
"container_fs_reads_total","device=overlay_0-72;id=/;instance=cadvisor:8080;job=iot_service","2025-10-31T10:20:54Z","0"
"container_fs_reads_total","device=overlay_0-72;id=/;instance=cadvisor:8080;job=iot_service","2025-10-31T10:21:09Z","0"
"container_fs_reads_total","device=overlay_0-72;id=/;instance=cadvisor:8080;job=iot_service","2025-10-31T10:21:24Z","0"
"container_fs_reads_total","device=overlay_0-72;id=/;instance=cadvisor:8080;job=iot_service","2025-10-31T10:21:39Z","0"
"container_fs_reads_total","device=overlay_0-72;id=/;instance=cadvisor:8080;job=iot_service","2025-10-31T10:21:54Z","0"
"container_fs_reads_total","device=overlay_0-72;id=/;instance=cadvisor:8080;job=iot_service","2025-10-31T10:22:09Z","0"
"container_fs_reads_total","device=overlay_0-72;id=/;instance=cadvisor:8080;job=iot_service","2025-10-31T10:22:24Z","0"
"container_fs_reads_total","device=overlay_0-72;id=/;instance=cadvisor:8080;job=iot_service","2025-10-31T10:22:39Z","0"
"container_fs_reads_total","device=overlay_0-72;id=/;instance=cadvisor:8080;job=iot_service","2025-10-31T10:22:54Z","0"
"container_fs_reads_total","device=overlay_0-72;id=/;instance=cadvisor:8080;job=iot_service","2025-10-31T10:23:09Z","0"
"container_fs_reads_total","device=overlay_0-72;id=/;instance=cadvisor:8080;job=iot_service","2025-10-31T10:23:24Z","0"
"container_fs_reads_total","device=overlay_0-72;id=/;instance=cadvisor:8080;job=iot_service","2025-10-31T10:23:39Z","0"
"container_fs_reads_total","device=overlay_0-72;id=/;instance=cadvisor:8080;job=iot_service","2025-10-31T10:23:54Z","0"
"container_fs_reads_total","device=overlay_0-72;id=/;instance=cadvisor:8080;job=iot_service","2025-10-31T10:24:09Z","0"
"container_fs_reads_total","device=overlay_0-72;id=/;instance=cadvisor:8080;job=iot_service","2025-10-31T10:24:24Z","0"
"container_fs_reads_total","device=overlay_0-72;id=/;instance=cadvisor:8080;job=iot_service","2025-10-31T10:24:39Z","0"
"container_fs_reads_total","device=overlay_0-72;id=/;instance=cadvisor:8080;job=iot_service","2025-10-31T10:24:54Z","0"
"container_fs_reads_total","device=overlay_0-72;id=/;instance=cadvisor:8080;job=iot_service","2025-10-31T10:25:09Z","0"
"container_fs_reads_total","device=overlay_0-72;id=/;instance=cadvisor:8080;job=iot_service","2025-10-31T10:25:24Z","0"
"container_fs_reads_total","device=overlay_0-72;id=/;instance=cadvisor:8080;job=iot_service","2025-10-31T10:25:39Z","0"
"container_fs_reads_total","device=overlay_0-72;id=/;instance=cadvisor:8080;job=iot_service","2025-10-31T10:25:54Z","0"
"container_fs_reads_total","device=overlay_0-72;id=/;instance=cadvisor:8080;job=iot_service","2025-10-31T10:26:09Z","0"
"container_fs_reads_total","device=overlay_0-72;id=/;instance=cadvisor:8080;job=iot_service","2025-10-31T10:26:24Z","0"
"container_fs_reads_total","device=overlay_0-72;id=/;instance=cadvisor:8080;job=iot_service","2025-10-31T10:26:39Z","0"
"container_fs_reads_total","device=overlay_0-72;id=/;instance=cadvisor:8080;job=iot_service","2025-10-31T10:26:54Z","0"
"container_fs_reads_total","device=overlay_0-72;id=/;instance=cadvisor:8080;job=iot_service","2025-10-31T10:27:09Z","0"
"container_fs_reads_total","device=overlay_0-72;id=/;instance=cadvisor:8080;job=iot_service","2025-10-31T10:27:24Z","0"
"container_fs_reads_total","device=overlay_0-72;id=/;instance=cadvisor:8080;job=iot_service","2025-10-31T10:27:39Z","0"
"container_fs_reads_total","device=overlay_0-72;id=/;instance=cadvisor:8080;job=iot_service","2025-10-31T10:27:54Z","0"
"container_fs_reads_total","device=overlay_0-72;id=/;instance=cadvisor:8080;job=iot_service","2025-10-31T10:28:09Z","0"
"container_fs_reads_total","device=overlay_0-72;id=/;instance=cadvisor:8080;job=iot_service","2025-10-31T10:28:24Z","0"
"container_fs_reads_total","device=overlay_0-72;id=/;instance=cadvisor:8080;job=iot_service","2025-10-31T10:28:39Z","0"
"container_fs_reads_total","device=overlay_0-72;id=/;instance=cadvisor:8080;job=iot_service","2025-10-31T10:28:54Z","0"
"container_fs_reads_total","device=overlay_0-72;id=/;instance=cadvisor:8080;job=iot_service","2025-10-31T10:29:09Z","0"
"container_fs_reads_total","device=overlay_0-72;id=/;instance=cadvisor:8080;job=iot_service","2025-10-31T10:29:24Z","0"
"container_fs_reads_total","device=overlay_0-72;id=/;instance=cadvisor:8080;job=iot_service","2025-10-31T10:29:39Z","0"
"container_fs_reads_total","device=overlay_0-72;id=/;instance=cadvisor:8080;job=iot_service","2025-10-31T10:29:54Z","0"
"container_fs_reads_total","device=overlay_0-72;id=/;instance=cadvisor:8080;job=iot_service","2025-10-31T10:30:09Z","0"
"container_fs_reads_total","device=overlay_0-72;id=/;instance=cadvisor:8080;job=iot_service","2025-10-31T10:30:24Z","0"
"container_fs_reads_total","device=overlay_0-72;id=/;instance=cadvisor:8080;job=iot_service","2025-10-31T10:30:39Z","0"
"container_fs_reads_total","device=overlay_0-72;id=/;instance=cadvisor:8080;job=iot_service","2025-10-31T10:30:54Z","0"
"container_fs_reads_total","device=overlay_0-72;id=/;instance=cadvisor:8080;job=iot_service","2025-10-31T10:31:09Z","0"
"container_fs_reads_total","device=overlay_0-74;id=/;instance=cadvisor:8080;job=iot_service","2025-10-31T10:16:09Z","0"
"container_fs_reads_total","device=overlay_0-74;id=/;instance=cadvisor:8080;job=iot_service","2025-10-31T10:16:24Z","0"
"container_fs_reads_total","device=overlay_0-74;id=/;instance=cadvisor:8080;job=iot_service","2025-10-31T10:16:39Z","0"
"container_fs_reads_total","device=overlay_0-74;id=/;instance=cadvisor:8080;job=iot_service","2025-10-31T10:16:54Z","0"
"container_fs_reads_total","device=overlay_0-74;id=/;instance=cadvisor:8080;job=iot_service","2025-10-31T10:17:09Z","0"
"container_fs_reads_total","device=overlay_0-74;id=/;instance=cadvisor:8080;job=iot_service","2025-10-31T10:17:24Z","0"
"container_fs_reads_total","device=overlay_0-74;id=/;instance=cadvisor:8080;job=iot_service","2025-10-31T10:17:39Z","0"
"container_fs_reads_total","device=overlay_0-74;id=/;instance=cadvisor:8080;job=iot_service","2025-10-31T10:17:54Z","0"
"container_fs_reads_total","device=overlay_0-74;id=/;instance=cadvisor:8080;job=iot_service","2025-10-31T10:18:09Z","0"
"container_fs_reads_total","device=overlay_0-74;id=/;instance=cadvisor:8080;job=iot_service","2025-10-31T10:18:24Z","0"
"container_fs_reads_total","device=overlay_0-74;id=/;instance=cadvisor:8080;job=iot_service","2025-10-31T10:18:39Z","0"
"container_fs_reads_total","device=overlay_0-74;id=/;instance=cadvisor:8080;job=iot_service","2025-10-31T10:18:54Z","0"
"container_fs_reads_total","device=overlay_0-74;id=/;instance=cadvisor:8080;job=iot_service","2025-10-31T10:19:09Z","0"
"container_fs_reads_total","device=overlay_0-74;id=/;instance=cadvisor:8080;job=iot_service","2025-10-31T10:19:24Z","0"
"container_fs_reads_total","device=overlay_0-74;id=/;instance=cadvisor:8080;job=iot_service","2025-10-31T10:19:39Z","0"
"container_fs_reads_total","device=overlay_0-74;id=/;instance=cadvisor:8080;job=iot_service","2025-10-31T10:19:54Z","0"
"container_fs_reads_total","device=overlay_0-74;id=/;instance=cadvisor:8080;job=iot_service","2025-10-31T10:20:09Z","0"
"container_fs_reads_total","device=overlay_0-74;id=/;instance=cadvisor:8080;job=iot_service","2025-10-31T10:20:24Z","0"
"container_fs_reads_total","device=overlay_0-74;id=/;instance=cadvisor:8080;job=iot_service","2025-10-31T10:20:39Z","0"
"container_fs_reads_total","device=overlay_0-74;id=/;instance=cadvisor:8080;job=iot_service","2025-10-31T10:20:54Z","0"
"container_fs_reads_total","device=overlay_0-74;id=/;instance=cadvisor:8080;job=iot_service","2025-10-31T10:21:09Z","0"
"container_fs_reads_total","device=overlay_0-74;id=/;instance=cadvisor:8080;job=iot_service","2025-10-31T10:21:24Z","0"
"container_fs_reads_total","device=overlay_0-74;id=/;instance=cadvisor:8080;job=iot_service","2025-10-31T10:21:39Z","0"
"container_fs_reads_total","device=overlay_0-74;id=/;instance=cadvisor:8080;job=iot_service","2025-10-31T10:21:54Z","0"
"container_fs_reads_total","device=overlay_0-74;id=/;instance=cadvisor:8080;job=iot_service","2025-10-31T10:22:09Z","0"
"container_fs_reads_total","device=overlay_0-74;id=/;instance=cadvisor:8080;job=iot_service","2025-10-31T10:22:24Z","0"
"container_fs_reads_total","device=overlay_0-74;id=/;instance=cadvisor:8080;job=iot_service","2025-10-31T10:22:39Z","0"
"container_fs_reads_total","device=overlay_0-74;id=/;instance=cadvisor:8080;job=iot_service","2025-10-31T10:22:54Z","0"
"container_fs_reads_total","device=overlay_0-74;id=/;instance=cadvisor:8080;job=iot_service","2025-10-31T10:23:09Z","0"
"container_fs_reads_total","device=overlay_0-74;id=/;instance=cadvisor:8080;job=iot_service","2025-10-31T10:23:24Z","0"
"container_fs_reads_total","device=overlay_0-74;id=/;instance=cadvisor:8080;job=iot_service","2025-10-31T10:23:39Z","0"
"container_fs_reads_total","device=overlay_0-74;id=/;instance=cadvisor:8080;job=iot_service","2025-10-31T10:23:54Z","0"
"container_fs_reads_total","device=overlay_0-74;id=/;instance=cadvisor:8080;job=iot_service","2025-10-31T10:24:09Z","0"
"container_fs_reads_total","device=overlay_0-74;id=/;instance=cadvisor:8080;job=iot_service","2025-10-31T10:24:24Z","0"
"container_fs_reads_total","device=overlay_0-74;id=/;instance=cadvisor:8080;job=iot_service","2025-10-31T10:24:39Z","0"
"container_fs_reads_total","device=overlay_0-74;id=/;instance=cadvisor:8080;job=iot_service","2025-10-31T10:24:54Z","0"
"container_fs_reads_total","device=overlay_0-74;id=/;instance=cadvisor:8080;job=iot_service","2025-10-31T10:25:09Z","0"
"container_fs_reads_total","device=overlay_0-74;id=/;instance=cadvisor:8080;job=iot_service","2025-10-31T10:25:24Z","0"
"container_fs_reads_total","device=overlay_0-74;id=/;instance=cadvisor:8080;job=iot_service","2025-10-31T10:25:39Z","0"
"container_fs_reads_total","device=overlay_0-74;id=/;instance=cadvisor:8080;job=iot_service","2025-10-31T10:25:54Z","0"
"container_fs_reads_total","device=overlay_0-74;id=/;instance=cadvisor:8080;job=iot_service","2025-10-31T10:26:09Z","0"
"container_fs_reads_total","device=overlay_0-74;id=/;instance=cadvisor:8080;job=iot_service","2025-10-31T10:26:24Z","0"
"container_fs_reads_total","device=overlay_0-74;id=/;instance=cadvisor:8080;job=iot_service","2025-10-31T10:26:39Z","0"
"container_fs_reads_total","device=overlay_0-74;id=/;instance=cadvisor:8080;job=iot_service","2025-10-31T10:26:54Z","0"
"container_fs_reads_total","device=overlay_0-74;id=/;instance=cadvisor:8080;job=iot_service","2025-10-31T10:27:09Z","0"
"container_fs_reads_total","device=overlay_0-74;id=/;instance=cadvisor:8080;job=iot_service","2025-10-31T10:27:24Z","0"
"container_fs_reads_total","device=overlay_0-74;id=/;instance=cadvisor:8080;job=iot_service","2025-10-31T10:27:39Z","0"
"container_fs_reads_total","device=overlay_0-74;id=/;instance=cadvisor:8080;job=iot_service","2025-10-31T10:27:54Z","0"
"container_fs_reads_total","device=overlay_0-74;id=/;instance=cadvisor:8080;job=iot_service","2025-10-31T10:28:09Z","0"
"container_fs_reads_total","device=overlay_0-74;id=/;instance=cadvisor:8080;job=iot_service","2025-10-31T10:28:24Z","0"
"container_fs_reads_total","device=overlay_0-74;id=/;instance=cadvisor:8080;job=iot_service","2025-10-31T10:28:39Z","0"
"container_fs_reads_total","device=overlay_0-74;id=/;instance=cadvisor:8080;job=iot_service","2025-10-31T10:28:54Z","0"
"container_fs_reads_total","device=overlay_0-74;id=/;instance=cadvisor:8080;job=iot_service","2025-10-31T10:29:09Z","0"
"container_fs_reads_total","device=overlay_0-74;id=/;instance=cadvisor:8080;job=iot_service","2025-10-31T10:29:24Z","0"
"container_fs_reads_total","device=overlay_0-74;id=/;instance=cadvisor:8080;job=iot_service","2025-10-31T10:29:39Z","0"
"container_fs_reads_total","device=overlay_0-74;id=/;instance=cadvisor:8080;job=iot_service","2025-10-31T10:29:54Z","0"
"container_fs_reads_total","device=overlay_0-74;id=/;instance=cadvisor:8080;job=iot_service","2025-10-31T10:30:09Z","0"
"container_fs_reads_total","device=overlay_0-74;id=/;instance=cadvisor:8080;job=iot_service","2025-10-31T10:30:24Z","0"
"container_fs_reads_total","device=overlay_0-74;id=/;instance=cadvisor:8080;job=iot_service","2025-10-31T10:30:39Z","0"
"container_fs_reads_total","device=overlay_0-74;id=/;instance=cadvisor:8080;job=iot_service","2025-10-31T10:30:54Z","0"
"container_fs_reads_total","device=overlay_0-74;id=/;instance=cadvisor:8080;job=iot_service","2025-10-31T10:31:09Z","0"
