target,K,fs,disc,score,accuracy,mean_prob_true,n_features_including_target,features,time_sec,error
throughput_1,3,markov,classic_uniform,bic,0.333641404805915,0.22265110989598272,4.0,"['data_quality_1', 'data_quality_2', 'data_quality_3', 'throughput_1']",3.611802293919027,
throughput_1,3,markov,classic_uniform,aic,0.6654343807763401,0.663639654608704,4.0,"['data_quality_1', 'data_quality_2', 'data_quality_3', 'throughput_1']",3.234201527899131,
throughput_1,3,markov,classic_quantile,bic,0.6654343807763401,0.7731781580911247,4.0,"['data_quality_1', 'data_quality_2', 'data_quality_3', 'throughput_1']",3.6388846350600943,
throughput_1,3,markov,classic_quantile,aic,0.6654343807763401,0.7727179243242354,4.0,"['data_quality_1', 'data_quality_2', 'data_quality_3', 'throughput_1']",3.8808500709710643,
throughput_1,3,markov,kmeans,bic,0.6654343807763401,0.6488498702519704,4.0,"['data_quality_1', 'data_quality_2', 'data_quality_3', 'throughput_1']",3.809841666952707,
throughput_1,3,markov,kmeans,aic,0.333641404805915,0.4845327736258839,4.0,"['data_quality_1', 'data_quality_2', 'data_quality_3', 'throughput_1']",3.4191603530198336,
throughput_1,3,markov,dbscan,bic,0.33271719038817005,0.34584184019050407,4.0,"['data_quality_1', 'data_quality_2', 'data_quality_3', 'throughput_1']",3.369406644953415,
throughput_1,3,markov,dbscan,aic,0.4121996303142329,0.3855647686840062,4.0,"['data_quality_1', 'data_quality_2', 'data_quality_3', 'throughput_1']",3.4970261799171567,
throughput_1,3,mrmr,classic_uniform,bic,0.6654343807763401,0.6647802963680702,4.0,"['throughput_2', 'avg_p_latency_1', 'cores_1', 'throughput_1']",1.1589448440354317,
throughput_1,3,mrmr,classic_uniform,aic,0.6654343807763401,0.7748149163784865,4.0,"['throughput_2', 'avg_p_latency_1', 'cores_1', 'throughput_1']",1.083395443041809,
throughput_1,3,mrmr,classic_quantile,bic,0.9972273567467652,0.9410229018744842,3.0,"['throughput_2', 'avg_p_latency_1', 'throughput_1']",1.0039090079953894,
throughput_1,3,mrmr,classic_quantile,aic,0.9972273567467652,0.9393746227720032,3.0,"['throughput_2', 'avg_p_latency_1', 'throughput_1']",0.9932100980076939,
throughput_1,3,mrmr,kmeans,bic,0.6654343807763401,0.6738449108830018,4.0,"['throughput_2', 'avg_p_latency_1', 'cores_1', 'throughput_1']",1.1493806599173695,
throughput_1,3,mrmr,kmeans,aic,0.6654343807763401,0.6632798438174556,4.0,"['throughput_2', 'avg_p_latency_1', 'cores_1', 'throughput_1']",1.1202100990340114,
throughput_1,3,mrmr,dbscan,bic,0.333641404805915,0.19255935942683325,4.0,"['throughput_2', 'avg_p_latency_1', 'cores_1', 'throughput_1']",1.4350458580302075,
throughput_1,3,mrmr,dbscan,aic,0.41589648798521256,0.3961161340322771,4.0,"['throughput_2', 'avg_p_latency_1', 'cores_1', 'throughput_1']",1.5041948920115829,
throughput_1,3,pca,classic_uniform,bic,0.0,0.019469447349054255,4.0,"['pca_1', 'pca_2', 'pca_3', 'throughput_1']",0.3197374449810013,
throughput_1,3,pca,classic_uniform,aic,0.0,0.2387833177313372,4.0,"['pca_1', 'pca_2', 'pca_3', 'throughput_1']",0.5743749280227348,
throughput_1,3,pca,classic_quantile,bic,0.33271719038817005,0.33274505819387734,4.0,"['pca_1', 'pca_2', 'pca_3', 'throughput_1']",0.3290951440576464,
throughput_1,3,pca,classic_quantile,aic,0.33271719038817005,0.3327202479003314,4.0,"['pca_1', 'pca_2', 'pca_3', 'throughput_1']",0.2633626690367237,
throughput_1,3,pca,kmeans,bic,0.0,0.0019337877779177829,4.0,"['pca_1', 'pca_2', 'pca_3', 'throughput_1']",0.42986361403018236,
throughput_1,3,pca,kmeans,aic,0.0,0.018487274202530643,4.0,"['pca_1', 'pca_2', 'pca_3', 'throughput_1']",0.47931153792887926,
throughput_1,3,pca,dbscan,bic,,,,,0.06638359499629587,The node throughput_1_t1 is not in the digraph.
throughput_1,3,pca,dbscan,aic,0.0,0.011957040076265288,3.0,"['pca_1', 'pca_2', 'throughput_1']",0.5713074309751391,
throughput_1,5,markov,classic_uniform,bic,0.6654343807763401,0.4183132092451302,6.0,"['cores_1', 'data_quality_1', 'data_quality_3', 'data_quality_2', 'throughput_2', 'throughput_1']",4.266373065998778,
throughput_1,5,markov,classic_uniform,aic,0.6654343807763401,0.6641066355125941,6.0,"['cores_1', 'data_quality_1', 'data_quality_3', 'data_quality_2', 'throughput_2', 'throughput_1']",4.084638508036733,
throughput_1,5,markov,classic_quantile,bic,0.9972273567467652,0.840523101870098,5.0,"['data_quality_1', 'data_quality_3', 'data_quality_2', 'throughput_2', 'throughput_1']",3.720032576005906,
throughput_1,5,markov,classic_quantile,aic,0.9972273567467652,0.6620014224946059,5.0,"['data_quality_1', 'data_quality_3', 'data_quality_2', 'throughput_2', 'throughput_1']",4.124536409974098,
throughput_1,5,markov,kmeans,bic,0.333641404805915,0.4485625320064635,6.0,"['cores_1', 'data_quality_1', 'data_quality_3', 'data_quality_2', 'throughput_2', 'throughput_1']",3.893415536964312,
throughput_1,5,markov,kmeans,aic,0.333641404805915,0.39379323229648133,6.0,"['cores_1', 'data_quality_1', 'data_quality_3', 'data_quality_2', 'throughput_2', 'throughput_1']",3.7072952310554683,
throughput_1,5,markov,dbscan,bic,0.33271719038817005,0.34536227757368576,6.0,"['cores_1', 'data_quality_1', 'data_quality_3', 'data_quality_2', 'throughput_2', 'throughput_1']",4.459998303093016,
throughput_1,5,markov,dbscan,aic,0.33271719038817005,0.34499969542070175,6.0,"['cores_1', 'data_quality_1', 'data_quality_3', 'data_quality_2', 'throughput_2', 'throughput_1']",3.9944923819275573,
throughput_1,5,mrmr,classic_uniform,bic,0.6654343807763401,0.6501883555565309,6.0,"['throughput_2', 'avg_p_latency_1', 'cores_1', 'throughput_3', 'buffer_size_2', 'throughput_1']",2.933180922991596,
throughput_1,5,mrmr,classic_uniform,aic,0.6654343807763401,0.686665492897517,6.0,"['throughput_2', 'avg_p_latency_1', 'cores_1', 'throughput_3', 'buffer_size_2', 'throughput_1']",2.811223917058669,
throughput_1,5,mrmr,classic_quantile,bic,0.9695009242144177,0.9248361021788115,5.0,"['throughput_2', 'avg_p_latency_1', 'throughput_3', 'buffer_size_2', 'throughput_1']",2.6106899020960554,
throughput_1,5,mrmr,classic_quantile,aic,0.9972273567467652,0.9071194323020264,5.0,"['throughput_2', 'avg_p_latency_1', 'throughput_3', 'buffer_size_2', 'throughput_1']",2.6024791710078716,
throughput_1,5,mrmr,kmeans,bic,0.6654343807763401,0.6673613218156339,6.0,"['throughput_2', 'avg_p_latency_1', 'cores_1', 'throughput_3', 'buffer_size_2', 'throughput_1']",2.6907474889885634,
throughput_1,5,mrmr,kmeans,aic,0.6654343807763401,0.6665672562713347,6.0,"['throughput_2', 'avg_p_latency_1', 'cores_1', 'throughput_3', 'buffer_size_2', 'throughput_1']",2.6937649050960317,
throughput_1,5,mrmr,dbscan,bic,0.333641404805915,0.19255935942683325,6.0,"['throughput_2', 'avg_p_latency_1', 'cores_1', 'throughput_3', 'buffer_size_2', 'throughput_1']",3.064025119994767,
throughput_1,5,mrmr,dbscan,aic,0.41589648798521256,0.3961161340322771,6.0,"['throughput_2', 'avg_p_latency_1', 'cores_1', 'throughput_3', 'buffer_size_2', 'throughput_1']",2.8653992279432714,
throughput_1,5,pca,classic_uniform,bic,0.0,0.04258377949224348,6.0,"['pca_1', 'pca_2', 'pca_3', 'pca_4', 'pca_5', 'throughput_1']",0.6774241649545729,
throughput_1,5,pca,classic_uniform,aic,0.0,0.19356556707624747,6.0,"['pca_1', 'pca_2', 'pca_3', 'pca_4', 'pca_5', 'throughput_1']",0.8059286701027304,
throughput_1,5,pca,classic_quantile,bic,0.33271719038817005,0.3327200453165236,6.0,"['pca_1', 'pca_2', 'pca_3', 'pca_4', 'pca_5', 'throughput_1']",0.6966025399742648,
throughput_1,5,pca,classic_quantile,aic,0.33271719038817005,0.33271943379996965,6.0,"['pca_1', 'pca_2', 'pca_3', 'pca_4', 'pca_5', 'throughput_1']",1.105191571987234,
throughput_1,5,pca,kmeans,bic,0.0,0.0013378266126158568,6.0,"['pca_1', 'pca_2', 'pca_3', 'pca_4', 'pca_5', 'throughput_1']",0.7000244720838964,
throughput_1,5,pca,kmeans,aic,0.0,0.0006833885152422309,6.0,"['pca_1', 'pca_2', 'pca_3', 'pca_4', 'pca_5', 'throughput_1']",0.845779352937825,
throughput_1,5,pca,dbscan,bic,,,,,0.0902904630638659,The node throughput_1_t1 is not in the digraph.
throughput_1,5,pca,dbscan,aic,0.0,0.009966152074964254,4.0,"['pca_1', 'pca_2', 'pca_5', 'throughput_1']",0.7455963290994987,
throughput_1,8,markov,classic_uniform,bic,0.33271719038817005,0.3115265518966994,9.0,"['cores_1', 'data_quality_1', 'data_quality_3', 'data_quality_2', 'throughput_2', 'process_cpu_seconds_total_1', 'python_gc_objects_collected_total_1', 'python_gc_collections_total_1', 'throughput_1']",4.332090322976001,
throughput_1,8,markov,classic_uniform,aic,0.6654343807763401,0.663639654608704,9.0,"['cores_1', 'data_quality_1', 'data_quality_3', 'data_quality_2', 'throughput_2', 'process_cpu_seconds_total_1', 'python_gc_objects_collected_total_1', 'python_gc_collections_total_1', 'throughput_1']",4.760175365023315,
throughput_1,8,markov,classic_quantile,bic,0.333641404805915,0.3231742190117939,8.0,"['data_quality_1', 'data_quality_3', 'data_quality_2', 'throughput_2', 'process_cpu_seconds_total_1', 'python_gc_objects_collected_total_1', 'python_gc_collections_total_1', 'throughput_1']",3.901988269062713,
throughput_1,8,markov,classic_quantile,aic,0.333641404805915,0.4582630825518161,8.0,"['data_quality_1', 'data_quality_3', 'data_quality_2', 'throughput_2', 'process_cpu_seconds_total_1', 'python_gc_objects_collected_total_1', 'python_gc_collections_total_1', 'throughput_1']",4.119362725992687,
throughput_1,8,markov,kmeans,bic,0.333641404805915,0.2591428116524133,9.0,"['cores_1', 'data_quality_1', 'data_quality_3', 'data_quality_2', 'throughput_2', 'process_cpu_seconds_total_1', 'python_gc_objects_collected_total_1', 'python_gc_collections_total_1', 'throughput_1']",4.415555011946708,
throughput_1,8,markov,kmeans,aic,0.33271719038817005,0.24796868145006418,9.0,"['cores_1', 'data_quality_1', 'data_quality_3', 'data_quality_2', 'throughput_2', 'process_cpu_seconds_total_1', 'python_gc_objects_collected_total_1', 'python_gc_collections_total_1', 'throughput_1']",4.886068584048189,
throughput_1,8,markov,dbscan,bic,0.33271719038817005,0.34536227757368576,6.0,"['cores_1', 'data_quality_1', 'data_quality_3', 'data_quality_2', 'throughput_2', 'throughput_1']",3.8761015459895134,
throughput_1,8,markov,dbscan,aic,0.33271719038817005,0.34499969542070175,6.0,"['cores_1', 'data_quality_1', 'data_quality_3', 'data_quality_2', 'throughput_2', 'throughput_1']",4.483296800986864,
throughput_1,8,mrmr,classic_uniform,bic,0.33271719038817005,0.26584092158108746,9.0,"['throughput_2', 'avg_p_latency_1', 'cores_1', 'throughput_3', 'buffer_size_2', 'data_quality_1', 'scrape_duration_seconds_1', 'data_quality_2', 'throughput_1']",6.488911745953374,
throughput_1,8,mrmr,classic_uniform,aic,0.6654343807763401,0.6637915738657448,9.0,"['throughput_2', 'avg_p_latency_1', 'cores_1', 'throughput_3', 'buffer_size_2', 'data_quality_1', 'scrape_duration_seconds_1', 'data_quality_2', 'throughput_1']",6.602891304064542,
throughput_1,8,mrmr,classic_quantile,bic,0.9972273567467652,0.9438327714991944,8.0,"['throughput_2', 'avg_p_latency_1', 'throughput_3', 'buffer_size_2', 'data_quality_1', 'scrape_duration_seconds_1', 'data_quality_2', 'throughput_1']",6.266784986946732,
throughput_1,8,mrmr,classic_quantile,aic,0.9972273567467652,0.7665171362607776,8.0,"['throughput_2', 'avg_p_latency_1', 'throughput_3', 'buffer_size_2', 'data_quality_1', 'scrape_duration_seconds_1', 'data_quality_2', 'throughput_1']",6.807276948005892,
throughput_1,8,mrmr,kmeans,bic,0.6654343807763401,0.6649583162565678,9.0,"['throughput_2', 'avg_p_latency_1', 'cores_1', 'throughput_3', 'buffer_size_2', 'data_quality_1', 'scrape_duration_seconds_1', 'data_quality_2', 'throughput_1']",6.381311737000942,
throughput_1,8,mrmr,kmeans,aic,0.6654343807763401,0.6897746822860497,9.0,"['throughput_2', 'avg_p_latency_1', 'cores_1', 'throughput_3', 'buffer_size_2', 'data_quality_1', 'scrape_duration_seconds_1', 'data_quality_2', 'throughput_1']",6.612267251941375,
throughput_1,8,mrmr,dbscan,bic,0.33271719038817005,0.34584184019050407,8.0,"['throughput_2', 'avg_p_latency_1', 'cores_1', 'throughput_3', 'buffer_size_2', 'data_quality_1', 'data_quality_2', 'throughput_1']",6.398625432047993,
throughput_1,8,mrmr,dbscan,aic,0.4121996303142329,0.38886717828764433,8.0,"['throughput_2', 'avg_p_latency_1', 'cores_1', 'throughput_3', 'buffer_size_2', 'data_quality_1', 'data_quality_2', 'throughput_1']",6.618798739043996,
throughput_1,8,pca,classic_uniform,bic,0.33271719038817005,0.2480865018964857,9.0,"['pca_1', 'pca_2', 'pca_3', 'pca_4', 'pca_5', 'pca_6', 'pca_7', 'pca_8', 'throughput_1']",1.00927421299275,
throughput_1,8,pca,classic_uniform,aic,0.32532347504621073,0.24838910786015816,9.0,"['pca_1', 'pca_2', 'pca_3', 'pca_4', 'pca_5', 'pca_6', 'pca_7', 'pca_8', 'throughput_1']",1.878721090964973,
throughput_1,8,pca,classic_quantile,bic,0.33271719038817005,0.3198019378867957,9.0,"['pca_1', 'pca_2', 'pca_3', 'pca_4', 'pca_5', 'pca_6', 'pca_7', 'pca_8', 'throughput_1']",1.3231026760768145,
throughput_1,8,pca,classic_quantile,aic,0.33271719038817005,0.33301756008665995,9.0,"['pca_1', 'pca_2', 'pca_3', 'pca_4', 'pca_5', 'pca_6', 'pca_7', 'pca_8', 'throughput_1']",3.0288227240089327,
throughput_1,8,pca,kmeans,bic,0.33086876155268025,0.2371427147594775,9.0,"['pca_1', 'pca_2', 'pca_3', 'pca_4', 'pca_5', 'pca_6', 'pca_7', 'pca_8', 'throughput_1']",1.395394159015268,
throughput_1,8,pca,kmeans,aic,0.3807763401109057,0.34986588586246337,9.0,"['pca_1', 'pca_2', 'pca_3', 'pca_4', 'pca_5', 'pca_6', 'pca_7', 'pca_8', 'throughput_1']",1.5986679650377482,
throughput_1,8,pca,dbscan,bic,,,,,0.1696180070284754,The node throughput_1_t1 is not in the digraph.
throughput_1,8,pca,dbscan,aic,0.3345656192236599,0.12109163355277242,7.0,"['pca_1', 'pca_2', 'pca_5', 'pca_6', 'pca_7', 'pca_8', 'throughput_1']",1.3923354180296883,
throughput_1,10,markov,classic_uniform,bic,0.33271719038817005,0.31146437688053075,11.0,"['cores_1', 'data_quality_1', 'data_quality_3', 'data_quality_2', 'throughput_2', 'process_cpu_seconds_total_1', 'python_gc_objects_collected_total_1', 'python_gc_collections_total_1', 'buffer_size_2', 'python_gc_collections_total_2', 'throughput_1']",4.854459450929426,
throughput_1,10,markov,classic_uniform,aic,0.6654343807763401,0.6637915738657448,11.0,"['cores_1', 'data_quality_1', 'data_quality_3', 'data_quality_2', 'throughput_2', 'process_cpu_seconds_total_1', 'python_gc_objects_collected_total_1', 'python_gc_collections_total_1', 'buffer_size_2', 'python_gc_collections_total_2', 'throughput_1']",5.183408538927324,
throughput_1,10,markov,classic_quantile,bic,0.9972273567467652,0.7616163602924813,10.0,"['data_quality_1', 'data_quality_3', 'data_quality_2', 'throughput_2', 'process_cpu_seconds_total_1', 'python_gc_objects_collected_total_1', 'python_gc_collections_total_1', 'buffer_size_2', 'python_gc_collections_total_2', 'throughput_1']",4.712224638904445,
throughput_1,10,markov,classic_quantile,aic,0.6654343807763401,0.4302722847628961,10.0,"['data_quality_1', 'data_quality_3', 'data_quality_2', 'throughput_2', 'process_cpu_seconds_total_1', 'python_gc_objects_collected_total_1', 'python_gc_collections_total_1', 'buffer_size_2', 'python_gc_collections_total_2', 'throughput_1']",4.711142284912057,
throughput_1,10,markov,kmeans,bic,0.333641404805915,0.2750077084486685,11.0,"['cores_1', 'data_quality_1', 'data_quality_3', 'data_quality_2', 'throughput_2', 'process_cpu_seconds_total_1', 'python_gc_objects_collected_total_1', 'python_gc_collections_total_1', 'buffer_size_2', 'python_gc_collections_total_2', 'throughput_1']",4.678584611043334,
throughput_1,10,markov,kmeans,aic,0.33271719038817005,0.24830361512340623,11.0,"['cores_1', 'data_quality_1', 'data_quality_3', 'data_quality_2', 'throughput_2', 'process_cpu_seconds_total_1', 'python_gc_objects_collected_total_1', 'python_gc_collections_total_1', 'buffer_size_2', 'python_gc_collections_total_2', 'throughput_1']",4.77431999205146,
throughput_1,10,markov,dbscan,bic,0.33271719038817005,0.34536227757368576,7.0,"['cores_1', 'data_quality_1', 'data_quality_3', 'data_quality_2', 'throughput_2', 'buffer_size_2', 'throughput_1']",4.103385248919949,
throughput_1,10,markov,dbscan,aic,0.33271719038817005,0.34499969542070175,7.0,"['cores_1', 'data_quality_1', 'data_quality_3', 'data_quality_2', 'throughput_2', 'buffer_size_2', 'throughput_1']",4.654128481051885,
throughput_1,10,mrmr,classic_uniform,bic,0.6654343807763401,0.33835213947186227,11.0,"['throughput_2', 'avg_p_latency_1', 'cores_1', 'throughput_3', 'buffer_size_2', 'data_quality_1', 'scrape_duration_seconds_1', 'data_quality_2', 'buffer_size_3', 'process_cpu_seconds_total_1', 'throughput_1']",9.536967529915273,
throughput_1,10,mrmr,classic_uniform,aic,0.6654343807763401,0.663791573865745,11.0,"['throughput_2', 'avg_p_latency_1', 'cores_1', 'throughput_3', 'buffer_size_2', 'data_quality_1', 'scrape_duration_seconds_1', 'data_quality_2', 'buffer_size_3', 'process_cpu_seconds_total_1', 'throughput_1']",9.449033971060999,
throughput_1,10,mrmr,classic_quantile,bic,0.9972273567467652,0.8325972219874833,10.0,"['throughput_2', 'avg_p_latency_1', 'throughput_3', 'buffer_size_2', 'data_quality_1', 'scrape_duration_seconds_1', 'data_quality_2', 'buffer_size_3', 'process_cpu_seconds_total_1', 'throughput_1']",9.753510609036312,
throughput_1,10,mrmr,classic_quantile,aic,0.9972273567467652,0.812650952407931,10.0,"['throughput_2', 'avg_p_latency_1', 'throughput_3', 'buffer_size_2', 'data_quality_1', 'scrape_duration_seconds_1', 'data_quality_2', 'buffer_size_3', 'process_cpu_seconds_total_1', 'throughput_1']",9.850268861977383,
throughput_1,10,mrmr,kmeans,bic,0.6654343807763401,0.5266986621555719,11.0,"['throughput_2', 'avg_p_latency_1', 'cores_1', 'throughput_3', 'buffer_size_2', 'data_quality_1', 'scrape_duration_seconds_1', 'data_quality_2', 'buffer_size_3', 'process_cpu_seconds_total_1', 'throughput_1']",9.574798368965276,
throughput_1,10,mrmr,kmeans,aic,0.6654343807763401,0.6809370369769019,11.0,"['throughput_2', 'avg_p_latency_1', 'cores_1', 'throughput_3', 'buffer_size_2', 'data_quality_1', 'scrape_duration_seconds_1', 'data_quality_2', 'buffer_size_3', 'process_cpu_seconds_total_1', 'throughput_1']",9.506639912026003,
throughput_1,10,mrmr,dbscan,bic,0.4121996303142329,0.3898749851853346,9.0,"['throughput_2', 'avg_p_latency_1', 'cores_1', 'throughput_3', 'buffer_size_2', 'data_quality_1', 'data_quality_2', 'buffer_size_3', 'throughput_1']",9.42078023799695,
throughput_1,10,mrmr,dbscan,aic,0.4121996303142329,0.3844168405791034,9.0,"['throughput_2', 'avg_p_latency_1', 'cores_1', 'throughput_3', 'buffer_size_2', 'data_quality_1', 'data_quality_2', 'buffer_size_3', 'throughput_1']",9.761514024925418,
throughput_1,10,pca,classic_uniform,bic,0.03789279112754159,0.22325212945752532,11.0,"['pca_1', 'pca_2', 'pca_3', 'pca_4', 'pca_5', 'pca_6', 'pca_7', 'pca_8', 'pca_9', 'pca_10', 'throughput_1']",1.6860125389648601,
throughput_1,10,pca,classic_uniform,aic,0.32532347504621073,0.24896559120772332,11.0,"['pca_1', 'pca_2', 'pca_3', 'pca_4', 'pca_5', 'pca_6', 'pca_7', 'pca_8', 'pca_9', 'pca_10', 'throughput_1']",2.5277223989833146,
throughput_1,10,pca,classic_quantile,bic,0.33271719038817005,0.3108492033203101,11.0,"['pca_1', 'pca_2', 'pca_3', 'pca_4', 'pca_5', 'pca_6', 'pca_7', 'pca_8', 'pca_9', 'pca_10', 'throughput_1']",2.0606692729052156,
throughput_1,10,pca,classic_quantile,aic,0.27634011090573013,0.2877040487201844,11.0,"['pca_1', 'pca_2', 'pca_3', 'pca_4', 'pca_5', 'pca_6', 'pca_7', 'pca_8', 'pca_9', 'pca_10', 'throughput_1']",6.856217434047721,
throughput_1,10,pca,kmeans,bic,0.33086876155268025,0.24240672448527747,11.0,"['pca_1', 'pca_2', 'pca_3', 'pca_4', 'pca_5', 'pca_6', 'pca_7', 'pca_8', 'pca_9', 'pca_10', 'throughput_1']",1.9611719800159335,
throughput_1,10,pca,kmeans,aic,0.0,0.06560736357621574,11.0,"['pca_1', 'pca_2', 'pca_3', 'pca_4', 'pca_5', 'pca_6', 'pca_7', 'pca_8', 'pca_9', 'pca_10', 'throughput_1']",4.357152107986622,
throughput_1,10,pca,dbscan,bic,,,,,0.28875700396019965,The node throughput_1_t1 is not in the digraph.
throughput_1,10,pca,dbscan,aic,0.0,0.011957040076265291,9.0,"['pca_1', 'pca_2', 'pca_5', 'pca_6', 'pca_7', 'pca_8', 'pca_9', 'pca_10', 'throughput_1']",1.9413426400860772,
throughput_1,12,markov,classic_uniform,bic,0.33271719038817005,0.24972370344662165,13.0,"['cores_1', 'data_quality_1', 'data_quality_3', 'data_quality_2', 'throughput_2', 'process_cpu_seconds_total_1', 'python_gc_objects_collected_total_1', 'python_gc_collections_total_1', 'buffer_size_2', 'python_gc_collections_total_2', 'python_gc_objects_collected_total_2', 'python_gc_collections_total_3', 'throughput_1']",5.744661181000993,
throughput_1,12,markov,classic_uniform,aic,0.6654343807763401,0.25046542317780074,13.0,"['cores_1', 'data_quality_1', 'data_quality_3', 'data_quality_2', 'throughput_2', 'process_cpu_seconds_total_1', 'python_gc_objects_collected_total_1', 'python_gc_collections_total_1', 'buffer_size_2', 'python_gc_collections_total_2', 'python_gc_objects_collected_total_2', 'python_gc_collections_total_3', 'throughput_1']",5.79498984804377,
throughput_1,12,markov,classic_quantile,bic,0.9972273567467652,0.8573827138081576,12.0,"['data_quality_1', 'data_quality_3', 'data_quality_2', 'throughput_2', 'process_cpu_seconds_total_1', 'python_gc_objects_collected_total_1', 'python_gc_collections_total_1', 'buffer_size_2', 'python_gc_collections_total_2', 'python_gc_objects_collected_total_2', 'python_gc_collections_total_3', 'throughput_1']",4.678000698098913,
throughput_1,12,markov,classic_quantile,aic,0.6654343807763401,0.4302722847628961,12.0,"['data_quality_1', 'data_quality_3', 'data_quality_2', 'throughput_2', 'process_cpu_seconds_total_1', 'python_gc_objects_collected_total_1', 'python_gc_collections_total_1', 'buffer_size_2', 'python_gc_collections_total_2', 'python_gc_objects_collected_total_2', 'python_gc_collections_total_3', 'throughput_1']",5.09168082405813,
throughput_1,12,markov,kmeans,bic,0.0,0.1447759492559736,13.0,"['cores_1', 'data_quality_1', 'data_quality_3', 'data_quality_2', 'throughput_2', 'process_cpu_seconds_total_1', 'python_gc_objects_collected_total_1', 'python_gc_collections_total_1', 'buffer_size_2', 'python_gc_collections_total_2', 'python_gc_objects_collected_total_2', 'python_gc_collections_total_3', 'throughput_1']",5.242011052905582,
throughput_1,12,markov,kmeans,aic,0.33271719038817005,0.22910323777678993,13.0,"['cores_1', 'data_quality_1', 'data_quality_3', 'data_quality_2', 'throughput_2', 'process_cpu_seconds_total_1', 'python_gc_objects_collected_total_1', 'python_gc_collections_total_1', 'buffer_size_2', 'python_gc_collections_total_2', 'python_gc_objects_collected_total_2', 'python_gc_collections_total_3', 'throughput_1']",5.588355566957034,
throughput_1,12,markov,dbscan,bic,0.33271719038817005,0.35085496891452594,9.0,"['cores_1', 'data_quality_1', 'data_quality_3', 'data_quality_2', 'throughput_2', 'buffer_size_2', 'python_gc_objects_collected_total_2', 'python_gc_collections_total_3', 'throughput_1']",4.404657103004865,
throughput_1,12,markov,dbscan,aic,0.33271719038817005,0.059547352421753894,9.0,"['cores_1', 'data_quality_1', 'data_quality_3', 'data_quality_2', 'throughput_2', 'buffer_size_2', 'python_gc_objects_collected_total_2', 'python_gc_collections_total_3', 'throughput_1']",4.777148288092576,
throughput_1,12,mrmr,classic_uniform,bic,0.33271719038817005,0.41746917309129405,13.0,"['throughput_2', 'avg_p_latency_1', 'cores_1', 'throughput_3', 'buffer_size_2', 'data_quality_1', 'scrape_duration_seconds_1', 'data_quality_2', 'buffer_size_3', 'process_cpu_seconds_total_1', 'cores_3', 'avg_p_latency_2', 'throughput_1']",12.959858134039678,
throughput_1,12,mrmr,classic_uniform,aic,0.6654343807763401,0.663639654608704,13.0,"['throughput_2', 'avg_p_latency_1', 'cores_1', 'throughput_3', 'buffer_size_2', 'data_quality_1', 'scrape_duration_seconds_1', 'data_quality_2', 'buffer_size_3', 'process_cpu_seconds_total_1', 'cores_3', 'avg_p_latency_2', 'throughput_1']",13.139688626979478,
throughput_1,12,mrmr,classic_quantile,bic,0.9972273567467652,0.7185205202632363,11.0,"['throughput_2', 'avg_p_latency_1', 'throughput_3', 'buffer_size_2', 'data_quality_1', 'scrape_duration_seconds_1', 'data_quality_2', 'buffer_size_3', 'process_cpu_seconds_total_1', 'avg_p_latency_2', 'throughput_1']",13.230284975026734,
throughput_1,12,mrmr,classic_quantile,aic,0.9972273567467652,0.5512870948794528,11.0,"['throughput_2', 'avg_p_latency_1', 'throughput_3', 'buffer_size_2', 'data_quality_1', 'scrape_duration_seconds_1', 'data_quality_2', 'buffer_size_3', 'process_cpu_seconds_total_1', 'avg_p_latency_2', 'throughput_1']",13.30264518095646,
throughput_1,12,mrmr,kmeans,bic,0.333641404805915,0.2570975095908877,13.0,"['throughput_2', 'avg_p_latency_1', 'cores_1', 'throughput_3', 'buffer_size_2', 'data_quality_1', 'scrape_duration_seconds_1', 'data_quality_2', 'buffer_size_3', 'process_cpu_seconds_total_1', 'cores_3', 'avg_p_latency_2', 'throughput_1']",13.132519665057771,
throughput_1,12,mrmr,kmeans,aic,0.333641404805915,0.28822532688397995,13.0,"['throughput_2', 'avg_p_latency_1', 'cores_1', 'throughput_3', 'buffer_size_2', 'data_quality_1', 'scrape_duration_seconds_1', 'data_quality_2', 'buffer_size_3', 'process_cpu_seconds_total_1', 'cores_3', 'avg_p_latency_2', 'throughput_1']",13.614345032954589,
throughput_1,12,mrmr,dbscan,bic,0.33271719038817005,0.3459955084248185,11.0,"['throughput_2', 'avg_p_latency_1', 'cores_1', 'throughput_3', 'buffer_size_2', 'data_quality_1', 'data_quality_2', 'buffer_size_3', 'cores_3', 'avg_p_latency_2', 'throughput_1']",13.052900479990058,
throughput_1,12,mrmr,dbscan,aic,0.33271719038817005,0.35270659461988857,11.0,"['throughput_2', 'avg_p_latency_1', 'cores_1', 'throughput_3', 'buffer_size_2', 'data_quality_1', 'data_quality_2', 'buffer_size_3', 'cores_3', 'avg_p_latency_2', 'throughput_1']",13.09568348294124,
throughput_1,12,pca,classic_uniform,bic,0.33271719038817005,0.25048708586501933,13.0,"['pca_1', 'pca_2', 'pca_3', 'pca_4', 'pca_5', 'pca_6', 'pca_7', 'pca_8', 'pca_9', 'pca_10', 'pca_11', 'pca_12', 'throughput_1']",2.55133173300419,
throughput_1,12,pca,classic_uniform,aic,0.32532347504621073,0.24963282289049443,13.0,"['pca_1', 'pca_2', 'pca_3', 'pca_4', 'pca_5', 'pca_6', 'pca_7', 'pca_8', 'pca_9', 'pca_10', 'pca_11', 'pca_12', 'throughput_1']",4.112576423911378,
throughput_1,12,pca,classic_quantile,bic,0.3853974121996303,0.30085928088116476,13.0,"['pca_1', 'pca_2', 'pca_3', 'pca_4', 'pca_5', 'pca_6', 'pca_7', 'pca_8', 'pca_9', 'pca_10', 'pca_11', 'pca_12', 'throughput_1']",2.773246183991432,
throughput_1,12,pca,classic_quantile,aic,0.29944547134935307,0.30678266081774985,13.0,"['pca_1', 'pca_2', 'pca_3', 'pca_4', 'pca_5', 'pca_6', 'pca_7', 'pca_8', 'pca_9', 'pca_10', 'pca_11', 'pca_12', 'throughput_1']",9.47971943905577,
throughput_1,12,pca,kmeans,bic,0.33086876155268025,0.24461404858804353,13.0,"['pca_1', 'pca_2', 'pca_3', 'pca_4', 'pca_5', 'pca_6', 'pca_7', 'pca_8', 'pca_9', 'pca_10', 'pca_11', 'pca_12', 'throughput_1']",2.987416113028303,
throughput_1,12,pca,kmeans,aic,0.009242144177449169,0.1984303777647307,13.0,"['pca_1', 'pca_2', 'pca_3', 'pca_4', 'pca_5', 'pca_6', 'pca_7', 'pca_8', 'pca_9', 'pca_10', 'pca_11', 'pca_12', 'throughput_1']",3.9722848599776626,
throughput_1,12,pca,dbscan,bic,,,,,0.4918780019506812,The node throughput_1_t1 is not in the digraph.
throughput_1,12,pca,dbscan,aic,0.333641404805915,0.18329639876080864,11.0,"['pca_1', 'pca_2', 'pca_5', 'pca_6', 'pca_7', 'pca_8', 'pca_9', 'pca_10', 'pca_11', 'pca_12', 'throughput_1']",1.8502190060680732,
throughput_1,15,markov,classic_uniform,bic,0.6654343807763401,0.34746397301140963,16.0,"['cores_1', 'data_quality_1', 'data_quality_3', 'data_quality_2', 'throughput_2', 'process_cpu_seconds_total_1', 'python_gc_objects_collected_total_1', 'python_gc_collections_total_1', 'buffer_size_2', 'python_gc_collections_total_2', 'python_gc_objects_collected_total_2', 'python_gc_collections_total_3', 'avg_p_latency_1', 'python_gc_objects_collected_total_3', 'buffer_size_3', 'throughput_1']",6.256030738004483,
throughput_1,15,markov,classic_uniform,aic,0.6654343807763401,0.6641066355125941,16.0,"['cores_1', 'data_quality_1', 'data_quality_3', 'data_quality_2', 'throughput_2', 'process_cpu_seconds_total_1', 'python_gc_objects_collected_total_1', 'python_gc_collections_total_1', 'buffer_size_2', 'python_gc_collections_total_2', 'python_gc_objects_collected_total_2', 'python_gc_collections_total_3', 'avg_p_latency_1', 'python_gc_objects_collected_total_3', 'buffer_size_3', 'throughput_1']",6.204628831008449,
throughput_1,15,markov,classic_quantile,bic,0.333641404805915,0.2700637120595555,15.0,"['data_quality_1', 'data_quality_3', 'data_quality_2', 'throughput_2', 'process_cpu_seconds_total_1', 'python_gc_objects_collected_total_1', 'python_gc_collections_total_1', 'buffer_size_2', 'python_gc_collections_total_2', 'python_gc_objects_collected_total_2', 'python_gc_collections_total_3', 'avg_p_latency_1', 'python_gc_objects_collected_total_3', 'buffer_size_3', 'throughput_1']",6.1519380760146305,
throughput_1,15,markov,classic_quantile,aic,0.333641404805915,0.32743290712144324,15.0,"['data_quality_1', 'data_quality_3', 'data_quality_2', 'throughput_2', 'process_cpu_seconds_total_1', 'python_gc_objects_collected_total_1', 'python_gc_collections_total_1', 'buffer_size_2', 'python_gc_collections_total_2', 'python_gc_objects_collected_total_2', 'python_gc_collections_total_3', 'avg_p_latency_1', 'python_gc_objects_collected_total_3', 'buffer_size_3', 'throughput_1']",5.692993339966051,
throughput_1,15,markov,kmeans,bic,0.6654343807763401,0.3270989863057726,16.0,"['cores_1', 'data_quality_1', 'data_quality_3', 'data_quality_2', 'throughput_2', 'process_cpu_seconds_total_1', 'python_gc_objects_collected_total_1', 'python_gc_collections_total_1', 'buffer_size_2', 'python_gc_collections_total_2', 'python_gc_objects_collected_total_2', 'python_gc_collections_total_3', 'avg_p_latency_1', 'python_gc_objects_collected_total_3', 'buffer_size_3', 'throughput_1']",5.790902485023253,
throughput_1,15,markov,kmeans,aic,0.33271719038817005,0.23946581440672032,16.0,"['cores_1', 'data_quality_1', 'data_quality_3', 'data_quality_2', 'throughput_2', 'process_cpu_seconds_total_1', 'python_gc_objects_collected_total_1', 'python_gc_collections_total_1', 'buffer_size_2', 'python_gc_collections_total_2', 'python_gc_objects_collected_total_2', 'python_gc_collections_total_3', 'avg_p_latency_1', 'python_gc_objects_collected_total_3', 'buffer_size_3', 'throughput_1']",6.411490835016593,
throughput_1,15,markov,dbscan,bic,0.4121996303142329,0.3855647686840062,12.0,"['cores_1', 'data_quality_1', 'data_quality_3', 'data_quality_2', 'throughput_2', 'buffer_size_2', 'python_gc_objects_collected_total_2', 'python_gc_collections_total_3', 'avg_p_latency_1', 'python_gc_objects_collected_total_3', 'buffer_size_3', 'throughput_1']",5.152112268959172,
throughput_1,15,markov,dbscan,aic,0.33271719038817005,0.0926699463508214,12.0,"['cores_1', 'data_quality_1', 'data_quality_3', 'data_quality_2', 'throughput_2', 'buffer_size_2', 'python_gc_objects_collected_total_2', 'python_gc_collections_total_3', 'avg_p_latency_1', 'python_gc_objects_collected_total_3', 'buffer_size_3', 'throughput_1']",4.923304566065781,
throughput_1,15,mrmr,classic_uniform,bic,0.33271719038817005,0.28188032091355497,15.0,"['throughput_2', 'avg_p_latency_1', 'cores_1', 'throughput_3', 'buffer_size_2', 'data_quality_1', 'scrape_duration_seconds_1', 'data_quality_2', 'buffer_size_3', 'process_cpu_seconds_total_1', 'cores_3', 'avg_p_latency_2', 'data_quality_3', 'python_gc_objects_collected_total_3', 'throughput_1']",18.559795227949508,
throughput_1,15,mrmr,classic_uniform,aic,0.6654343807763401,0.6641066355125939,15.0,"['throughput_2', 'avg_p_latency_1', 'cores_1', 'throughput_3', 'buffer_size_2', 'data_quality_1', 'scrape_duration_seconds_1', 'data_quality_2', 'buffer_size_3', 'process_cpu_seconds_total_1', 'cores_3', 'avg_p_latency_2', 'data_quality_3', 'python_gc_objects_collected_total_3', 'throughput_1']",18.996516330051236,
throughput_1,15,mrmr,classic_quantile,bic,0.333641404805915,0.33183785266259697,13.0,"['throughput_2', 'avg_p_latency_1', 'throughput_3', 'buffer_size_2', 'data_quality_1', 'scrape_duration_seconds_1', 'data_quality_2', 'buffer_size_3', 'process_cpu_seconds_total_1', 'avg_p_latency_2', 'data_quality_3', 'python_gc_objects_collected_total_3', 'throughput_1']",18.906936360057443,
throughput_1,15,mrmr,classic_quantile,aic,0.333641404805915,0.43202336031171507,13.0,"['throughput_2', 'avg_p_latency_1', 'throughput_3', 'buffer_size_2', 'data_quality_1', 'scrape_duration_seconds_1', 'data_quality_2', 'buffer_size_3', 'process_cpu_seconds_total_1', 'avg_p_latency_2', 'data_quality_3', 'python_gc_objects_collected_total_3', 'throughput_1']",18.990572737995535,
throughput_1,15,mrmr,kmeans,bic,0.6654343807763401,0.48641298461117943,15.0,"['throughput_2', 'avg_p_latency_1', 'cores_1', 'throughput_3', 'buffer_size_2', 'data_quality_1', 'scrape_duration_seconds_1', 'data_quality_2', 'buffer_size_3', 'process_cpu_seconds_total_1', 'cores_3', 'avg_p_latency_2', 'data_quality_3', 'python_gc_objects_collected_total_3', 'throughput_1']",18.74790293397382,
throughput_1,15,mrmr,kmeans,aic,0.33271719038817005,0.20841375757773775,15.0,"['throughput_2', 'avg_p_latency_1', 'cores_1', 'throughput_3', 'buffer_size_2', 'data_quality_1', 'scrape_duration_seconds_1', 'data_quality_2', 'buffer_size_3', 'process_cpu_seconds_total_1', 'cores_3', 'avg_p_latency_2', 'data_quality_3', 'python_gc_objects_collected_total_3', 'throughput_1']",19.208108631079085,
throughput_1,15,mrmr,dbscan,bic,0.33271719038817005,0.3459955084248185,13.0,"['throughput_2', 'avg_p_latency_1', 'cores_1', 'throughput_3', 'buffer_size_2', 'data_quality_1', 'data_quality_2', 'buffer_size_3', 'cores_3', 'avg_p_latency_2', 'data_quality_3', 'python_gc_objects_collected_total_3', 'throughput_1']",18.364966831053607,
throughput_1,15,mrmr,dbscan,aic,0.33271719038817005,0.12610852110587897,13.0,"['throughput_2', 'avg_p_latency_1', 'cores_1', 'throughput_3', 'buffer_size_2', 'data_quality_1', 'data_quality_2', 'buffer_size_3', 'cores_3', 'avg_p_latency_2', 'data_quality_3', 'python_gc_objects_collected_total_3', 'throughput_1']",18.642774767940864,
throughput_1,15,pca,classic_uniform,bic,0.3567467652495379,0.25031819884470247,16.0,"['pca_1', 'pca_2', 'pca_3', 'pca_4', 'pca_5', 'pca_6', 'pca_7', 'pca_8', 'pca_9', 'pca_10', 'pca_11', 'pca_12', 'pca_13', 'pca_14', 'pca_15', 'throughput_1']",3.9400062219938263,
throughput_1,15,pca,classic_uniform,aic,0.32532347504621073,0.24979165430294714,16.0,"['pca_1', 'pca_2', 'pca_3', 'pca_4', 'pca_5', 'pca_6', 'pca_7', 'pca_8', 'pca_9', 'pca_10', 'pca_11', 'pca_12', 'pca_13', 'pca_14', 'pca_15', 'throughput_1']",6.527066585957073,
throughput_1,15,pca,classic_quantile,bic,0.33271719038817005,0.3243121084019296,16.0,"['pca_1', 'pca_2', 'pca_3', 'pca_4', 'pca_5', 'pca_6', 'pca_7', 'pca_8', 'pca_9', 'pca_10', 'pca_11', 'pca_12', 'pca_13', 'pca_14', 'pca_15', 'throughput_1']",4.248635965981521,
throughput_1,15,pca,classic_quantile,aic,0.3022181146025878,0.3009675630314686,16.0,"['pca_1', 'pca_2', 'pca_3', 'pca_4', 'pca_5', 'pca_6', 'pca_7', 'pca_8', 'pca_9', 'pca_10', 'pca_11', 'pca_12', 'pca_13', 'pca_14', 'pca_15', 'throughput_1']",13.300142877968028,
throughput_1,15,pca,kmeans,bic,0.33086876155268025,0.24461404858804353,16.0,"['pca_1', 'pca_2', 'pca_3', 'pca_4', 'pca_5', 'pca_6', 'pca_7', 'pca_8', 'pca_9', 'pca_10', 'pca_11', 'pca_12', 'pca_13', 'pca_14', 'pca_15', 'throughput_1']",3.91838381299749,
throughput_1,15,pca,kmeans,aic,0.0,0.21298650227178786,16.0,"['pca_1', 'pca_2', 'pca_3', 'pca_4', 'pca_5', 'pca_6', 'pca_7', 'pca_8', 'pca_9', 'pca_10', 'pca_11', 'pca_12', 'pca_13', 'pca_14', 'pca_15', 'throughput_1']",7.683823022991419,
throughput_1,15,pca,dbscan,bic,0.0,0.012053640809605217,14.0,"['pca_1', 'pca_2', 'pca_5', 'pca_6', 'pca_7', 'pca_8', 'pca_9', 'pca_10', 'pca_11', 'pca_12', 'pca_13', 'pca_14', 'pca_15', 'throughput_1']",1.2080424840096384,
throughput_1,15,pca,dbscan,aic,0.333641404805915,0.18329639876080864,14.0,"['pca_1', 'pca_2', 'pca_5', 'pca_6', 'pca_7', 'pca_8', 'pca_9', 'pca_10', 'pca_11', 'pca_12', 'pca_13', 'pca_14', 'pca_15', 'throughput_1']",2.484436032944359,
throughput_1,20,markov,classic_uniform,bic,0.6654343807763401,0.371692138937894,21.0,"['cores_1', 'data_quality_1', 'data_quality_3', 'data_quality_2', 'throughput_2', 'process_cpu_seconds_total_1', 'python_gc_objects_collected_total_1', 'python_gc_collections_total_1', 'buffer_size_2', 'python_gc_collections_total_2', 'python_gc_objects_collected_total_2', 'python_gc_collections_total_3', 'avg_p_latency_1', 'python_gc_objects_collected_total_3', 'buffer_size_3', 'process_resident_memory_bytes_1', 'throughput_3', 'avg_p_latency_2', 'avg_p_latency_3', 'process_virtual_memory_bytes_1', 'throughput_1']",7.284277057042345,
throughput_1,20,markov,classic_uniform,aic,0.0009242144177449168,0.17873171345464844,21.0,"['cores_1', 'data_quality_1', 'data_quality_3', 'data_quality_2', 'throughput_2', 'process_cpu_seconds_total_1', 'python_gc_objects_collected_total_1', 'python_gc_collections_total_1', 'buffer_size_2', 'python_gc_collections_total_2', 'python_gc_objects_collected_total_2', 'python_gc_collections_total_3', 'avg_p_latency_1', 'python_gc_objects_collected_total_3', 'buffer_size_3', 'process_resident_memory_bytes_1', 'throughput_3', 'avg_p_latency_2', 'avg_p_latency_3', 'process_virtual_memory_bytes_1', 'throughput_1']",8.08079221600201,
throughput_1,20,markov,classic_quantile,bic,0.9972273567467652,0.6074769564733207,20.0,"['data_quality_1', 'data_quality_3', 'data_quality_2', 'throughput_2', 'process_cpu_seconds_total_1', 'python_gc_objects_collected_total_1', 'python_gc_collections_total_1', 'buffer_size_2', 'python_gc_collections_total_2', 'python_gc_objects_collected_total_2', 'python_gc_collections_total_3', 'avg_p_latency_1', 'python_gc_objects_collected_total_3', 'buffer_size_3', 'process_resident_memory_bytes_1', 'throughput_3', 'avg_p_latency_2', 'avg_p_latency_3', 'process_virtual_memory_bytes_1', 'throughput_1']",7.136541052022949,
throughput_1,20,markov,classic_quantile,aic,0.33271719038817005,0.33141524824957547,20.0,"['data_quality_1', 'data_quality_3', 'data_quality_2', 'throughput_2', 'process_cpu_seconds_total_1', 'python_gc_objects_collected_total_1', 'python_gc_collections_total_1', 'buffer_size_2', 'python_gc_collections_total_2', 'python_gc_objects_collected_total_2', 'python_gc_collections_total_3', 'avg_p_latency_1', 'python_gc_objects_collected_total_3', 'buffer_size_3', 'process_resident_memory_bytes_1', 'throughput_3', 'avg_p_latency_2', 'avg_p_latency_3', 'process_virtual_memory_bytes_1', 'throughput_1']",7.751810138928704,
throughput_1,20,markov,kmeans,bic,0.333641404805915,0.24021572666245367,21.0,"['cores_1', 'data_quality_1', 'data_quality_3', 'data_quality_2', 'throughput_2', 'process_cpu_seconds_total_1', 'python_gc_objects_collected_total_1', 'python_gc_collections_total_1', 'buffer_size_2', 'python_gc_collections_total_2', 'python_gc_objects_collected_total_2', 'python_gc_collections_total_3', 'avg_p_latency_1', 'python_gc_objects_collected_total_3', 'buffer_size_3', 'process_resident_memory_bytes_1', 'throughput_3', 'avg_p_latency_2', 'avg_p_latency_3', 'process_virtual_memory_bytes_1', 'throughput_1']",7.807557048043236,
throughput_1,20,markov,kmeans,aic,0.33271719038817005,0.2369386912819857,21.0,"['cores_1', 'data_quality_1', 'data_quality_3', 'data_quality_2', 'throughput_2', 'process_cpu_seconds_total_1', 'python_gc_objects_collected_total_1', 'python_gc_collections_total_1', 'buffer_size_2', 'python_gc_collections_total_2', 'python_gc_objects_collected_total_2', 'python_gc_collections_total_3', 'avg_p_latency_1', 'python_gc_objects_collected_total_3', 'buffer_size_3', 'process_resident_memory_bytes_1', 'throughput_3', 'avg_p_latency_2', 'avg_p_latency_3', 'process_virtual_memory_bytes_1', 'throughput_1']",9.160665576928295,
throughput_1,20,markov,dbscan,bic,0.33271719038817005,0.34548774752033046,17.0,"['cores_1', 'data_quality_1', 'data_quality_3', 'data_quality_2', 'throughput_2', 'buffer_size_2', 'python_gc_objects_collected_total_2', 'python_gc_collections_total_3', 'avg_p_latency_1', 'python_gc_objects_collected_total_3', 'buffer_size_3', 'process_resident_memory_bytes_1', 'throughput_3', 'avg_p_latency_2', 'avg_p_latency_3', 'process_virtual_memory_bytes_1', 'throughput_1']",5.748071276000701,
throughput_1,20,markov,dbscan,aic,0.33271719038817005,0.12610852110587897,17.0,"['cores_1', 'data_quality_1', 'data_quality_3', 'data_quality_2', 'throughput_2', 'buffer_size_2', 'python_gc_objects_collected_total_2', 'python_gc_collections_total_3', 'avg_p_latency_1', 'python_gc_objects_collected_total_3', 'buffer_size_3', 'process_resident_memory_bytes_1', 'throughput_3', 'avg_p_latency_2', 'avg_p_latency_3', 'process_virtual_memory_bytes_1', 'throughput_1']",6.641920714057051,
throughput_1,20,mrmr,classic_uniform,bic,0.6654343807763401,0.3519968289466263,19.0,"['throughput_2', 'avg_p_latency_1', 'cores_1', 'throughput_3', 'buffer_size_2', 'data_quality_1', 'scrape_duration_seconds_1', 'data_quality_2', 'buffer_size_3', 'process_cpu_seconds_total_1', 'cores_3', 'avg_p_latency_2', 'data_quality_3', 'python_gc_objects_collected_total_3', 'process_virtual_memory_bytes_1', 'cores_2', 'avg_p_latency_3', 'process_resident_memory_bytes_1', 'throughput_1']",29.40957568900194,
throughput_1,20,mrmr,classic_uniform,aic,0.6654343807763401,0.2883084324358914,19.0,"['throughput_2', 'avg_p_latency_1', 'cores_1', 'throughput_3', 'buffer_size_2', 'data_quality_1', 'scrape_duration_seconds_1', 'data_quality_2', 'buffer_size_3', 'process_cpu_seconds_total_1', 'cores_3', 'avg_p_latency_2', 'data_quality_3', 'python_gc_objects_collected_total_3', 'process_virtual_memory_bytes_1', 'cores_2', 'avg_p_latency_3', 'process_resident_memory_bytes_1', 'throughput_1']",29.57352403504774,
throughput_1,20,mrmr,classic_quantile,bic,0.9972273567467652,0.745085383174301,17.0,"['throughput_2', 'avg_p_latency_1', 'throughput_3', 'buffer_size_2', 'data_quality_1', 'scrape_duration_seconds_1', 'data_quality_2', 'buffer_size_3', 'process_cpu_seconds_total_1', 'avg_p_latency_2', 'data_quality_3', 'python_gc_objects_collected_total_3', 'process_virtual_memory_bytes_1', 'cores_2', 'avg_p_latency_3', 'process_resident_memory_bytes_1', 'throughput_1']",28.708394825924188,
throughput_1,20,mrmr,classic_quantile,aic,0.7994454713493531,0.7538960684179017,17.0,"['throughput_2', 'avg_p_latency_1', 'throughput_3', 'buffer_size_2', 'data_quality_1', 'scrape_duration_seconds_1', 'data_quality_2', 'buffer_size_3', 'process_cpu_seconds_total_1', 'avg_p_latency_2', 'data_quality_3', 'python_gc_objects_collected_total_3', 'process_virtual_memory_bytes_1', 'cores_2', 'avg_p_latency_3', 'process_resident_memory_bytes_1', 'throughput_1']",28.9985902919434,
throughput_1,20,mrmr,kmeans,bic,0.6654343807763401,0.4373675364999322,19.0,"['throughput_2', 'avg_p_latency_1', 'cores_1', 'throughput_3', 'buffer_size_2', 'data_quality_1', 'scrape_duration_seconds_1', 'data_quality_2', 'buffer_size_3', 'process_cpu_seconds_total_1', 'cores_3', 'avg_p_latency_2', 'data_quality_3', 'python_gc_objects_collected_total_3', 'process_virtual_memory_bytes_1', 'cores_2', 'avg_p_latency_3', 'process_resident_memory_bytes_1', 'throughput_1']",29.399678291985765,
throughput_1,20,mrmr,kmeans,aic,0.33271719038817005,0.20839552616754667,19.0,"['throughput_2', 'avg_p_latency_1', 'cores_1', 'throughput_3', 'buffer_size_2', 'data_quality_1', 'scrape_duration_seconds_1', 'data_quality_2', 'buffer_size_3', 'process_cpu_seconds_total_1', 'cores_3', 'avg_p_latency_2', 'data_quality_3', 'python_gc_objects_collected_total_3', 'process_virtual_memory_bytes_1', 'cores_2', 'avg_p_latency_3', 'process_resident_memory_bytes_1', 'throughput_1']",29.441913738963194,
throughput_1,20,mrmr,dbscan,bic,0.33271719038817005,0.3459955084248185,17.0,"['throughput_2', 'avg_p_latency_1', 'cores_1', 'throughput_3', 'buffer_size_2', 'data_quality_1', 'data_quality_2', 'buffer_size_3', 'cores_3', 'avg_p_latency_2', 'data_quality_3', 'python_gc_objects_collected_total_3', 'process_virtual_memory_bytes_1', 'cores_2', 'avg_p_latency_3', 'process_resident_memory_bytes_1', 'throughput_1']",28.26732195704244,
throughput_1,20,mrmr,dbscan,aic,0.33271719038817005,0.12610852110587895,17.0,"['throughput_2', 'avg_p_latency_1', 'cores_1', 'throughput_3', 'buffer_size_2', 'data_quality_1', 'data_quality_2', 'buffer_size_3', 'cores_3', 'avg_p_latency_2', 'data_quality_3', 'python_gc_objects_collected_total_3', 'process_virtual_memory_bytes_1', 'cores_2', 'avg_p_latency_3', 'process_resident_memory_bytes_1', 'throughput_1']",28.639330573030747,
throughput_1,20,pca,classic_uniform,bic,0.33271719038817005,0.249542163317648,21.0,"['pca_1', 'pca_2', 'pca_3', 'pca_4', 'pca_5', 'pca_6', 'pca_7', 'pca_8', 'pca_9', 'pca_10', 'pca_11', 'pca_12', 'pca_13', 'pca_14', 'pca_15', 'pca_16', 'pca_17', 'pca_18', 'pca_19', 'pca_20', 'throughput_1']",5.392925513908267,
throughput_1,20,pca,classic_uniform,aic,0.32532347504621073,0.24989710572369087,21.0,"['pca_1', 'pca_2', 'pca_3', 'pca_4', 'pca_5', 'pca_6', 'pca_7', 'pca_8', 'pca_9', 'pca_10', 'pca_11', 'pca_12', 'pca_13', 'pca_14', 'pca_15', 'pca_16', 'pca_17', 'pca_18', 'pca_19', 'pca_20', 'throughput_1']",7.837188258999959,
throughput_1,20,pca,classic_quantile,bic,0.33271719038817005,0.3253705296904372,21.0,"['pca_1', 'pca_2', 'pca_3', 'pca_4', 'pca_5', 'pca_6', 'pca_7', 'pca_8', 'pca_9', 'pca_10', 'pca_11', 'pca_12', 'pca_13', 'pca_14', 'pca_15', 'pca_16', 'pca_17', 'pca_18', 'pca_19', 'pca_20', 'throughput_1']",7.070350828929804,
throughput_1,20,pca,classic_quantile,aic,0.33548983364140483,0.33406450394923765,21.0,"['pca_1', 'pca_2', 'pca_3', 'pca_4', 'pca_5', 'pca_6', 'pca_7', 'pca_8', 'pca_9', 'pca_10', 'pca_11', 'pca_12', 'pca_13', 'pca_14', 'pca_15', 'pca_16', 'pca_17', 'pca_18', 'pca_19', 'pca_20', 'throughput_1']",21.337614614050835,
throughput_1,20,pca,kmeans,bic,0.33086876155268025,0.24444789768647163,21.0,"['pca_1', 'pca_2', 'pca_3', 'pca_4', 'pca_5', 'pca_6', 'pca_7', 'pca_8', 'pca_9', 'pca_10', 'pca_11', 'pca_12', 'pca_13', 'pca_14', 'pca_15', 'pca_16', 'pca_17', 'pca_18', 'pca_19', 'pca_20', 'throughput_1']",6.859800372971222,
throughput_1,20,pca,kmeans,aic,0.3317929759704251,0.2592945001851303,21.0,"['pca_1', 'pca_2', 'pca_3', 'pca_4', 'pca_5', 'pca_6', 'pca_7', 'pca_8', 'pca_9', 'pca_10', 'pca_11', 'pca_12', 'pca_13', 'pca_14', 'pca_15', 'pca_16', 'pca_17', 'pca_18', 'pca_19', 'pca_20', 'throughput_1']",10.08997361001093,
throughput_1,20,pca,dbscan,bic,0.0,0.012053640809605212,15.0,"['pca_1', 'pca_2', 'pca_5', 'pca_6', 'pca_7', 'pca_8', 'pca_9', 'pca_10', 'pca_11', 'pca_12', 'pca_13', 'pca_14', 'pca_15', 'pca_16', 'throughput_1']",1.6322059539379552,
throughput_1,20,pca,dbscan,aic,0.333641404805915,0.18329639876080864,15.0,"['pca_1', 'pca_2', 'pca_5', 'pca_6', 'pca_7', 'pca_8', 'pca_9', 'pca_10', 'pca_11', 'pca_12', 'pca_13', 'pca_14', 'pca_15', 'pca_16', 'throughput_1']",3.1650428290013224,
throughput_1,30,markov,classic_uniform,bic,0.6654343807763401,0.32804951323192794,25.0,"['cores_1', 'data_quality_1', 'data_quality_3', 'data_quality_2', 'throughput_2', 'process_cpu_seconds_total_1', 'python_gc_objects_collected_total_1', 'python_gc_collections_total_1', 'buffer_size_2', 'python_gc_collections_total_2', 'python_gc_objects_collected_total_2', 'python_gc_collections_total_3', 'avg_p_latency_1', 'python_gc_objects_collected_total_3', 'buffer_size_3', 'process_resident_memory_bytes_1', 'throughput_3', 'avg_p_latency_2', 'avg_p_latency_3', 'process_virtual_memory_bytes_1', 'scrape_duration_seconds_1', 'cores_3', 'cores_2', 'process_open_fds_1', 'throughput_1']",9.638162381015718,
throughput_1,30,markov,classic_uniform,aic,0.0009242144177449168,0.253430609545501,25.0,"['cores_1', 'data_quality_1', 'data_quality_3', 'data_quality_2', 'throughput_2', 'process_cpu_seconds_total_1', 'python_gc_objects_collected_total_1', 'python_gc_collections_total_1', 'buffer_size_2', 'python_gc_collections_total_2', 'python_gc_objects_collected_total_2', 'python_gc_collections_total_3', 'avg_p_latency_1', 'python_gc_objects_collected_total_3', 'buffer_size_3', 'process_resident_memory_bytes_1', 'throughput_3', 'avg_p_latency_2', 'avg_p_latency_3', 'process_virtual_memory_bytes_1', 'scrape_duration_seconds_1', 'cores_3', 'cores_2', 'process_open_fds_1', 'throughput_1']",10.58513837098144,
throughput_1,30,markov,classic_quantile,bic,0.9972273567467652,0.7419738368330177,22.0,"['data_quality_1', 'data_quality_3', 'data_quality_2', 'throughput_2', 'process_cpu_seconds_total_1', 'python_gc_objects_collected_total_1', 'python_gc_collections_total_1', 'buffer_size_2', 'python_gc_collections_total_2', 'python_gc_objects_collected_total_2', 'python_gc_collections_total_3', 'avg_p_latency_1', 'python_gc_objects_collected_total_3', 'buffer_size_3', 'process_resident_memory_bytes_1', 'throughput_3', 'avg_p_latency_2', 'avg_p_latency_3', 'process_virtual_memory_bytes_1', 'scrape_duration_seconds_1', 'cores_2', 'throughput_1']",8.816686717094854,
throughput_1,30,markov,classic_quantile,aic,0.6645101663585952,0.5624373003633494,22.0,"['data_quality_1', 'data_quality_3', 'data_quality_2', 'throughput_2', 'process_cpu_seconds_total_1', 'python_gc_objects_collected_total_1', 'python_gc_collections_total_1', 'buffer_size_2', 'python_gc_collections_total_2', 'python_gc_objects_collected_total_2', 'python_gc_collections_total_3', 'avg_p_latency_1', 'python_gc_objects_collected_total_3', 'buffer_size_3', 'process_resident_memory_bytes_1', 'throughput_3', 'avg_p_latency_2', 'avg_p_latency_3', 'process_virtual_memory_bytes_1', 'scrape_duration_seconds_1', 'cores_2', 'throughput_1']",9.068396860966459,
throughput_1,30,markov,kmeans,bic,0.6654343807763401,0.40241149088321815,25.0,"['cores_1', 'data_quality_1', 'data_quality_3', 'data_quality_2', 'throughput_2', 'process_cpu_seconds_total_1', 'python_gc_objects_collected_total_1', 'python_gc_collections_total_1', 'buffer_size_2', 'python_gc_collections_total_2', 'python_gc_objects_collected_total_2', 'python_gc_collections_total_3', 'avg_p_latency_1', 'python_gc_objects_collected_total_3', 'buffer_size_3', 'process_resident_memory_bytes_1', 'throughput_3', 'avg_p_latency_2', 'avg_p_latency_3', 'process_virtual_memory_bytes_1', 'scrape_duration_seconds_1', 'cores_3', 'cores_2', 'process_open_fds_1', 'throughput_1']",9.131618816987611,
throughput_1,30,markov,kmeans,aic,0.33271719038817005,0.2273147267438516,25.0,"['cores_1', 'data_quality_1', 'data_quality_3', 'data_quality_2', 'throughput_2', 'process_cpu_seconds_total_1', 'python_gc_objects_collected_total_1', 'python_gc_collections_total_1', 'buffer_size_2', 'python_gc_collections_total_2', 'python_gc_objects_collected_total_2', 'python_gc_collections_total_3', 'avg_p_latency_1', 'python_gc_objects_collected_total_3', 'buffer_size_3', 'process_resident_memory_bytes_1', 'throughput_3', 'avg_p_latency_2', 'avg_p_latency_3', 'process_virtual_memory_bytes_1', 'scrape_duration_seconds_1', 'cores_3', 'cores_2', 'process_open_fds_1', 'throughput_1']",10.793050181004219,
throughput_1,30,markov,dbscan,bic,0.33271719038817005,0.3459955084248185,20.0,"['cores_1', 'data_quality_1', 'data_quality_3', 'data_quality_2', 'throughput_2', 'buffer_size_2', 'python_gc_objects_collected_total_2', 'python_gc_collections_total_3', 'avg_p_latency_1', 'python_gc_objects_collected_total_3', 'buffer_size_3', 'process_resident_memory_bytes_1', 'throughput_3', 'avg_p_latency_2', 'avg_p_latency_3', 'process_virtual_memory_bytes_1', 'cores_3', 'cores_2', 'process_open_fds_1', 'throughput_1']",7.443775331019424,
throughput_1,30,markov,dbscan,aic,0.33271719038817005,0.12610852110587897,20.0,"['cores_1', 'data_quality_1', 'data_quality_3', 'data_quality_2', 'throughput_2', 'buffer_size_2', 'python_gc_objects_collected_total_2', 'python_gc_collections_total_3', 'avg_p_latency_1', 'python_gc_objects_collected_total_3', 'buffer_size_3', 'process_resident_memory_bytes_1', 'throughput_3', 'avg_p_latency_2', 'avg_p_latency_3', 'process_virtual_memory_bytes_1', 'cores_3', 'cores_2', 'process_open_fds_1', 'throughput_1']",8.19193694810383,
throughput_1,30,mrmr,classic_uniform,bic,0.333641404805915,0.42631580937099356,22.0,"['throughput_2', 'avg_p_latency_1', 'cores_1', 'throughput_3', 'buffer_size_2', 'data_quality_1', 'scrape_duration_seconds_1', 'data_quality_2', 'buffer_size_3', 'process_cpu_seconds_total_1', 'cores_3', 'avg_p_latency_2', 'data_quality_3', 'python_gc_objects_collected_total_3', 'process_virtual_memory_bytes_1', 'cores_2', 'avg_p_latency_3', 'process_resident_memory_bytes_1', 'python_gc_objects_collected_total_1', 'python_gc_collections_total_3', 'python_gc_objects_collected_total_2', 'throughput_1']",43.01361546595581,
throughput_1,30,mrmr,classic_uniform,aic,0.0009242144177449168,0.17871506476248006,22.0,"['throughput_2', 'avg_p_latency_1', 'cores_1', 'throughput_3', 'buffer_size_2', 'data_quality_1', 'scrape_duration_seconds_1', 'data_quality_2', 'buffer_size_3', 'process_cpu_seconds_total_1', 'cores_3', 'avg_p_latency_2', 'data_quality_3', 'python_gc_objects_collected_total_3', 'process_virtual_memory_bytes_1', 'cores_2', 'avg_p_latency_3', 'process_resident_memory_bytes_1', 'python_gc_objects_collected_total_1', 'python_gc_collections_total_3', 'python_gc_objects_collected_total_2', 'throughput_1']",43.97153265099041,
throughput_1,30,mrmr,classic_quantile,bic,0.9972273567467652,0.7419738368330177,20.0,"['throughput_2', 'avg_p_latency_1', 'throughput_3', 'buffer_size_2', 'data_quality_1', 'scrape_duration_seconds_1', 'data_quality_2', 'buffer_size_3', 'process_cpu_seconds_total_1', 'avg_p_latency_2', 'data_quality_3', 'python_gc_objects_collected_total_3', 'process_virtual_memory_bytes_1', 'cores_2', 'avg_p_latency_3', 'process_resident_memory_bytes_1', 'python_gc_objects_collected_total_1', 'python_gc_collections_total_3', 'python_gc_objects_collected_total_2', 'throughput_1']",43.141862921998836,
throughput_1,30,mrmr,classic_quantile,aic,0.6645101663585952,0.43410991276958305,20.0,"['throughput_2', 'avg_p_latency_1', 'throughput_3', 'buffer_size_2', 'data_quality_1', 'scrape_duration_seconds_1', 'data_quality_2', 'buffer_size_3', 'process_cpu_seconds_total_1', 'avg_p_latency_2', 'data_quality_3', 'python_gc_objects_collected_total_3', 'process_virtual_memory_bytes_1', 'cores_2', 'avg_p_latency_3', 'process_resident_memory_bytes_1', 'python_gc_objects_collected_total_1', 'python_gc_collections_total_3', 'python_gc_objects_collected_total_2', 'throughput_1']",43.568905832013115,
throughput_1,30,mrmr,kmeans,bic,0.333641404805915,0.23028309209004338,22.0,"['throughput_2', 'avg_p_latency_1', 'cores_1', 'throughput_3', 'buffer_size_2', 'data_quality_1', 'scrape_duration_seconds_1', 'data_quality_2', 'buffer_size_3', 'process_cpu_seconds_total_1', 'cores_3', 'avg_p_latency_2', 'data_quality_3', 'python_gc_objects_collected_total_3', 'process_virtual_memory_bytes_1', 'cores_2', 'avg_p_latency_3', 'process_resident_memory_bytes_1', 'python_gc_objects_collected_total_1', 'python_gc_collections_total_3', 'python_gc_objects_collected_total_2', 'throughput_1']",43.23564631806221,
throughput_1,30,mrmr,kmeans,aic,0.33271719038817005,0.23180306978640394,22.0,"['throughput_2', 'avg_p_latency_1', 'cores_1', 'throughput_3', 'buffer_size_2', 'data_quality_1', 'scrape_duration_seconds_1', 'data_quality_2', 'buffer_size_3', 'process_cpu_seconds_total_1', 'cores_3', 'avg_p_latency_2', 'data_quality_3', 'python_gc_objects_collected_total_3', 'process_virtual_memory_bytes_1', 'cores_2', 'avg_p_latency_3', 'process_resident_memory_bytes_1', 'python_gc_objects_collected_total_1', 'python_gc_collections_total_3', 'python_gc_objects_collected_total_2', 'throughput_1']",44.87739530194085,
throughput_1,30,mrmr,dbscan,bic,0.33271719038817005,0.3459955084248185,19.0,"['throughput_2', 'avg_p_latency_1', 'cores_1', 'throughput_3', 'buffer_size_2', 'data_quality_1', 'data_quality_2', 'buffer_size_3', 'cores_3', 'avg_p_latency_2', 'data_quality_3', 'python_gc_objects_collected_total_3', 'process_virtual_memory_bytes_1', 'cores_2', 'avg_p_latency_3', 'process_resident_memory_bytes_1', 'python_gc_collections_total_3', 'python_gc_objects_collected_total_2', 'throughput_1']",41.911245202994905,
throughput_1,30,mrmr,dbscan,aic,0.33271719038817005,0.12610852110587895,19.0,"['throughput_2', 'avg_p_latency_1', 'cores_1', 'throughput_3', 'buffer_size_2', 'data_quality_1', 'data_quality_2', 'buffer_size_3', 'cores_3', 'avg_p_latency_2', 'data_quality_3', 'python_gc_objects_collected_total_3', 'process_virtual_memory_bytes_1', 'cores_2', 'avg_p_latency_3', 'process_resident_memory_bytes_1', 'python_gc_collections_total_3', 'python_gc_objects_collected_total_2', 'throughput_1']",43.02459203102626,
throughput_1,30,pca,classic_uniform,bic,0.33271719038817005,0.23514702865046477,31.0,"['pca_1', 'pca_2', 'pca_3', 'pca_4', 'pca_5', 'pca_6', 'pca_7', 'pca_8', 'pca_9', 'pca_10', 'pca_11', 'pca_12', 'pca_13', 'pca_14', 'pca_15', 'pca_16', 'pca_17', 'pca_18', 'pca_19', 'pca_20', 'pca_21', 'pca_22', 'pca_23', 'pca_24', 'pca_25', 'pca_26', 'pca_27', 'pca_28', 'pca_29', 'pca_30', 'throughput_1']",10.996607849025168,
throughput_1,30,pca,classic_uniform,aic,0.32532347504621073,0.24895008324658008,31.0,"['pca_1', 'pca_2', 'pca_3', 'pca_4', 'pca_5', 'pca_6', 'pca_7', 'pca_8', 'pca_9', 'pca_10', 'pca_11', 'pca_12', 'pca_13', 'pca_14', 'pca_15', 'pca_16', 'pca_17', 'pca_18', 'pca_19', 'pca_20', 'pca_21', 'pca_22', 'pca_23', 'pca_24', 'pca_25', 'pca_26', 'pca_27', 'pca_28', 'pca_29', 'pca_30', 'throughput_1']",16.285351244034246,
throughput_1,30,pca,classic_quantile,bic,0.33271719038817005,0.3339116039349489,24.0,"['pca_1', 'pca_2', 'pca_3', 'pca_4', 'pca_5', 'pca_6', 'pca_7', 'pca_8', 'pca_9', 'pca_10', 'pca_11', 'pca_12', 'pca_13', 'pca_14', 'pca_15', 'pca_16', 'pca_17', 'pca_18', 'pca_19', 'pca_20', 'pca_21', 'pca_22', 'pca_23', 'throughput_1']",9.236371941049583,
throughput_1,30,pca,classic_quantile,aic,0.333641404805915,0.25778739416413493,24.0,"['pca_1', 'pca_2', 'pca_3', 'pca_4', 'pca_5', 'pca_6', 'pca_7', 'pca_8', 'pca_9', 'pca_10', 'pca_11', 'pca_12', 'pca_13', 'pca_14', 'pca_15', 'pca_16', 'pca_17', 'pca_18', 'pca_19', 'pca_20', 'pca_21', 'pca_22', 'pca_23', 'throughput_1']",23.831364988000132,
throughput_1,30,pca,kmeans,bic,0.32532347504621073,0.32662171312925664,24.0,"['pca_1', 'pca_2', 'pca_3', 'pca_4', 'pca_5', 'pca_6', 'pca_7', 'pca_8', 'pca_9', 'pca_10', 'pca_11', 'pca_12', 'pca_13', 'pca_14', 'pca_15', 'pca_16', 'pca_17', 'pca_18', 'pca_19', 'pca_20', 'pca_21', 'pca_22', 'pca_23', 'throughput_1']",8.413773489999585,
throughput_1,30,pca,kmeans,aic,0.06192236598890943,0.23648328285322828,24.0,"['pca_1', 'pca_2', 'pca_3', 'pca_4', 'pca_5', 'pca_6', 'pca_7', 'pca_8', 'pca_9', 'pca_10', 'pca_11', 'pca_12', 'pca_13', 'pca_14', 'pca_15', 'pca_16', 'pca_17', 'pca_18', 'pca_19', 'pca_20', 'pca_21', 'pca_22', 'pca_23', 'throughput_1']",12.910797348013148,
throughput_1,30,pca,dbscan,bic,0.0,0.012053640809605212,15.0,"['pca_1', 'pca_2', 'pca_5', 'pca_6', 'pca_7', 'pca_8', 'pca_9', 'pca_10', 'pca_11', 'pca_12', 'pca_13', 'pca_14', 'pca_15', 'pca_16', 'throughput_1']",2.402558460016735,
throughput_1,30,pca,dbscan,aic,0.333641404805915,0.18329639876080864,15.0,"['pca_1', 'pca_2', 'pca_5', 'pca_6', 'pca_7', 'pca_8', 'pca_9', 'pca_10', 'pca_11', 'pca_12', 'pca_13', 'pca_14', 'pca_15', 'pca_16', 'throughput_1']",3.7708950230153278,
throughput_1,50,markov,classic_uniform,bic,0.6654343807763401,0.32804951323192794,25.0,"['cores_1', 'data_quality_1', 'data_quality_3', 'data_quality_2', 'throughput_2', 'process_cpu_seconds_total_1', 'python_gc_objects_collected_total_1', 'python_gc_collections_total_1', 'buffer_size_2', 'python_gc_collections_total_2', 'python_gc_objects_collected_total_2', 'python_gc_collections_total_3', 'avg_p_latency_1', 'python_gc_objects_collected_total_3', 'buffer_size_3', 'process_resident_memory_bytes_1', 'throughput_3', 'avg_p_latency_2', 'avg_p_latency_3', 'process_virtual_memory_bytes_1', 'scrape_duration_seconds_1', 'cores_3', 'cores_2', 'process_open_fds_1', 'throughput_1']",9.759351465036161,
throughput_1,50,markov,classic_uniform,aic,0.0009242144177449168,0.253430609545501,25.0,"['cores_1', 'data_quality_1', 'data_quality_3', 'data_quality_2', 'throughput_2', 'process_cpu_seconds_total_1', 'python_gc_objects_collected_total_1', 'python_gc_collections_total_1', 'buffer_size_2', 'python_gc_collections_total_2', 'python_gc_objects_collected_total_2', 'python_gc_collections_total_3', 'avg_p_latency_1', 'python_gc_objects_collected_total_3', 'buffer_size_3', 'process_resident_memory_bytes_1', 'throughput_3', 'avg_p_latency_2', 'avg_p_latency_3', 'process_virtual_memory_bytes_1', 'scrape_duration_seconds_1', 'cores_3', 'cores_2', 'process_open_fds_1', 'throughput_1']",10.730361874913797,
throughput_1,50,markov,classic_quantile,bic,0.9972273567467652,0.7419738368330177,22.0,"['data_quality_1', 'data_quality_3', 'data_quality_2', 'throughput_2', 'process_cpu_seconds_total_1', 'python_gc_objects_collected_total_1', 'python_gc_collections_total_1', 'buffer_size_2', 'python_gc_collections_total_2', 'python_gc_objects_collected_total_2', 'python_gc_collections_total_3', 'avg_p_latency_1', 'python_gc_objects_collected_total_3', 'buffer_size_3', 'process_resident_memory_bytes_1', 'throughput_3', 'avg_p_latency_2', 'avg_p_latency_3', 'process_virtual_memory_bytes_1', 'scrape_duration_seconds_1', 'cores_2', 'throughput_1']",8.057912823045626,
throughput_1,50,markov,classic_quantile,aic,0.6645101663585952,0.5624373003633494,22.0,"['data_quality_1', 'data_quality_3', 'data_quality_2', 'throughput_2', 'process_cpu_seconds_total_1', 'python_gc_objects_collected_total_1', 'python_gc_collections_total_1', 'buffer_size_2', 'python_gc_collections_total_2', 'python_gc_objects_collected_total_2', 'python_gc_collections_total_3', 'avg_p_latency_1', 'python_gc_objects_collected_total_3', 'buffer_size_3', 'process_resident_memory_bytes_1', 'throughput_3', 'avg_p_latency_2', 'avg_p_latency_3', 'process_virtual_memory_bytes_1', 'scrape_duration_seconds_1', 'cores_2', 'throughput_1']",8.697616387042217,
throughput_1,50,markov,kmeans,bic,0.6654343807763401,0.40241149088321815,25.0,"['cores_1', 'data_quality_1', 'data_quality_3', 'data_quality_2', 'throughput_2', 'process_cpu_seconds_total_1', 'python_gc_objects_collected_total_1', 'python_gc_collections_total_1', 'buffer_size_2', 'python_gc_collections_total_2', 'python_gc_objects_collected_total_2', 'python_gc_collections_total_3', 'avg_p_latency_1', 'python_gc_objects_collected_total_3', 'buffer_size_3', 'process_resident_memory_bytes_1', 'throughput_3', 'avg_p_latency_2', 'avg_p_latency_3', 'process_virtual_memory_bytes_1', 'scrape_duration_seconds_1', 'cores_3', 'cores_2', 'process_open_fds_1', 'throughput_1']",10.147969934041612,
throughput_1,50,markov,kmeans,aic,0.33271719038817005,0.2273147267438516,25.0,"['cores_1', 'data_quality_1', 'data_quality_3', 'data_quality_2', 'throughput_2', 'process_cpu_seconds_total_1', 'python_gc_objects_collected_total_1', 'python_gc_collections_total_1', 'buffer_size_2', 'python_gc_collections_total_2', 'python_gc_objects_collected_total_2', 'python_gc_collections_total_3', 'avg_p_latency_1', 'python_gc_objects_collected_total_3', 'buffer_size_3', 'process_resident_memory_bytes_1', 'throughput_3', 'avg_p_latency_2', 'avg_p_latency_3', 'process_virtual_memory_bytes_1', 'scrape_duration_seconds_1', 'cores_3', 'cores_2', 'process_open_fds_1', 'throughput_1']",10.867699050926603,
throughput_1,50,markov,dbscan,bic,0.33271719038817005,0.3459955084248185,20.0,"['cores_1', 'data_quality_1', 'data_quality_3', 'data_quality_2', 'throughput_2', 'buffer_size_2', 'python_gc_objects_collected_total_2', 'python_gc_collections_total_3', 'avg_p_latency_1', 'python_gc_objects_collected_total_3', 'buffer_size_3', 'process_resident_memory_bytes_1', 'throughput_3', 'avg_p_latency_2', 'avg_p_latency_3', 'process_virtual_memory_bytes_1', 'cores_3', 'cores_2', 'process_open_fds_1', 'throughput_1']",7.585819217027165,
throughput_1,50,markov,dbscan,aic,0.33271719038817005,0.12610852110587897,20.0,"['cores_1', 'data_quality_1', 'data_quality_3', 'data_quality_2', 'throughput_2', 'buffer_size_2', 'python_gc_objects_collected_total_2', 'python_gc_collections_total_3', 'avg_p_latency_1', 'python_gc_objects_collected_total_3', 'buffer_size_3', 'process_resident_memory_bytes_1', 'throughput_3', 'avg_p_latency_2', 'avg_p_latency_3', 'process_virtual_memory_bytes_1', 'cores_3', 'cores_2', 'process_open_fds_1', 'throughput_1']",8.117238131002523,
throughput_1,50,mrmr,classic_uniform,bic,0.6654343807763401,0.32804951323192794,25.0,"['throughput_2', 'avg_p_latency_1', 'cores_1', 'throughput_3', 'buffer_size_2', 'data_quality_1', 'scrape_duration_seconds_1', 'data_quality_2', 'buffer_size_3', 'process_cpu_seconds_total_1', 'cores_3', 'avg_p_latency_2', 'data_quality_3', 'python_gc_objects_collected_total_3', 'process_virtual_memory_bytes_1', 'cores_2', 'avg_p_latency_3', 'process_resident_memory_bytes_1', 'python_gc_objects_collected_total_1', 'python_gc_collections_total_3', 'python_gc_objects_collected_total_2', 'python_gc_collections_total_1', 'process_open_fds_1', 'python_gc_collections_total_2', 'throughput_1']",47.6626384339761,
throughput_1,50,mrmr,classic_uniform,aic,0.0009242144177449168,0.253430609545501,25.0,"['throughput_2', 'avg_p_latency_1', 'cores_1', 'throughput_3', 'buffer_size_2', 'data_quality_1', 'scrape_duration_seconds_1', 'data_quality_2', 'buffer_size_3', 'process_cpu_seconds_total_1', 'cores_3', 'avg_p_latency_2', 'data_quality_3', 'python_gc_objects_collected_total_3', 'process_virtual_memory_bytes_1', 'cores_2', 'avg_p_latency_3', 'process_resident_memory_bytes_1', 'python_gc_objects_collected_total_1', 'python_gc_collections_total_3', 'python_gc_objects_collected_total_2', 'python_gc_collections_total_1', 'process_open_fds_1', 'python_gc_collections_total_2', 'throughput_1']",46.818970994092524,
throughput_1,50,mrmr,classic_quantile,bic,0.9972273567467652,0.7419738368330175,22.0,"['throughput_2', 'avg_p_latency_1', 'throughput_3', 'buffer_size_2', 'data_quality_1', 'scrape_duration_seconds_1', 'data_quality_2', 'buffer_size_3', 'process_cpu_seconds_total_1', 'avg_p_latency_2', 'data_quality_3', 'python_gc_objects_collected_total_3', 'process_virtual_memory_bytes_1', 'cores_2', 'avg_p_latency_3', 'process_resident_memory_bytes_1', 'python_gc_objects_collected_total_1', 'python_gc_collections_total_3', 'python_gc_objects_collected_total_2', 'python_gc_collections_total_1', 'python_gc_collections_total_2', 'throughput_1']",45.007204003981315,
throughput_1,50,mrmr,classic_quantile,aic,0.6645101663585952,0.5624373003633493,22.0,"['throughput_2', 'avg_p_latency_1', 'throughput_3', 'buffer_size_2', 'data_quality_1', 'scrape_duration_seconds_1', 'data_quality_2', 'buffer_size_3', 'process_cpu_seconds_total_1', 'avg_p_latency_2', 'data_quality_3', 'python_gc_objects_collected_total_3', 'process_virtual_memory_bytes_1', 'cores_2', 'avg_p_latency_3', 'process_resident_memory_bytes_1', 'python_gc_objects_collected_total_1', 'python_gc_collections_total_3', 'python_gc_objects_collected_total_2', 'python_gc_collections_total_1', 'python_gc_collections_total_2', 'throughput_1']",46.00381456199102,
throughput_1,50,mrmr,kmeans,bic,0.6654343807763401,0.4024114908832181,25.0,"['throughput_2', 'avg_p_latency_1', 'cores_1', 'throughput_3', 'buffer_size_2', 'data_quality_1', 'scrape_duration_seconds_1', 'data_quality_2', 'buffer_size_3', 'process_cpu_seconds_total_1', 'cores_3', 'avg_p_latency_2', 'data_quality_3', 'python_gc_objects_collected_total_3', 'process_virtual_memory_bytes_1', 'cores_2', 'avg_p_latency_3', 'process_resident_memory_bytes_1', 'python_gc_objects_collected_total_1', 'python_gc_collections_total_3', 'python_gc_objects_collected_total_2', 'python_gc_collections_total_1', 'process_open_fds_1', 'python_gc_collections_total_2', 'throughput_1']",46.17845088604372,
throughput_1,50,mrmr,kmeans,aic,0.33271719038817005,0.2273147267438516,25.0,"['throughput_2', 'avg_p_latency_1', 'cores_1', 'throughput_3', 'buffer_size_2', 'data_quality_1', 'scrape_duration_seconds_1', 'data_quality_2', 'buffer_size_3', 'process_cpu_seconds_total_1', 'cores_3', 'avg_p_latency_2', 'data_quality_3', 'python_gc_objects_collected_total_3', 'process_virtual_memory_bytes_1', 'cores_2', 'avg_p_latency_3', 'process_resident_memory_bytes_1', 'python_gc_objects_collected_total_1', 'python_gc_collections_total_3', 'python_gc_objects_collected_total_2', 'python_gc_collections_total_1', 'process_open_fds_1', 'python_gc_collections_total_2', 'throughput_1']",48.11034046905115,
throughput_1,50,mrmr,dbscan,bic,0.33271719038817005,0.3459955084248185,20.0,"['throughput_2', 'avg_p_latency_1', 'cores_1', 'throughput_3', 'buffer_size_2', 'data_quality_1', 'data_quality_2', 'buffer_size_3', 'cores_3', 'avg_p_latency_2', 'data_quality_3', 'python_gc_objects_collected_total_3', 'process_virtual_memory_bytes_1', 'cores_2', 'avg_p_latency_3', 'process_resident_memory_bytes_1', 'python_gc_collections_total_3', 'python_gc_objects_collected_total_2', 'process_open_fds_1', 'throughput_1']",44.84780005097855,
throughput_1,50,mrmr,dbscan,aic,0.33271719038817005,0.12610852110587897,20.0,"['throughput_2', 'avg_p_latency_1', 'cores_1', 'throughput_3', 'buffer_size_2', 'data_quality_1', 'data_quality_2', 'buffer_size_3', 'cores_3', 'avg_p_latency_2', 'data_quality_3', 'python_gc_objects_collected_total_3', 'process_virtual_memory_bytes_1', 'cores_2', 'avg_p_latency_3', 'process_resident_memory_bytes_1', 'python_gc_collections_total_3', 'python_gc_objects_collected_total_2', 'process_open_fds_1', 'throughput_1']",45.11338110291399,
throughput_1,50,pca,classic_uniform,bic,0.33271719038817005,0.23893202834646815,35.0,"['pca_1', 'pca_2', 'pca_3', 'pca_4', 'pca_5', 'pca_6', 'pca_7', 'pca_8', 'pca_9', 'pca_10', 'pca_11', 'pca_12', 'pca_13', 'pca_14', 'pca_15', 'pca_16', 'pca_17', 'pca_18', 'pca_19', 'pca_20', 'pca_21', 'pca_22', 'pca_23', 'pca_24', 'pca_25', 'pca_26', 'pca_27', 'pca_28', 'pca_29', 'pca_30', 'pca_31', 'pca_32', 'pca_33', 'pca_34', 'throughput_1']",12.466642151004635,
throughput_1,50,pca,classic_uniform,aic,0.32532347504621073,0.2489329815852459,35.0,"['pca_1', 'pca_2', 'pca_3', 'pca_4', 'pca_5', 'pca_6', 'pca_7', 'pca_8', 'pca_9', 'pca_10', 'pca_11', 'pca_12', 'pca_13', 'pca_14', 'pca_15', 'pca_16', 'pca_17', 'pca_18', 'pca_19', 'pca_20', 'pca_21', 'pca_22', 'pca_23', 'pca_24', 'pca_25', 'pca_26', 'pca_27', 'pca_28', 'pca_29', 'pca_30', 'pca_31', 'pca_32', 'pca_33', 'pca_34', 'throughput_1']",22.906844080076553,
throughput_1,50,pca,classic_quantile,bic,0.333641404805915,0.33422841978273343,27.0,"['pca_1', 'pca_2', 'pca_3', 'pca_4', 'pca_5', 'pca_6', 'pca_7', 'pca_8', 'pca_9', 'pca_10', 'pca_11', 'pca_12', 'pca_13', 'pca_14', 'pca_15', 'pca_16', 'pca_17', 'pca_18', 'pca_19', 'pca_20', 'pca_21', 'pca_22', 'pca_23', 'pca_32', 'pca_33', 'pca_34', 'throughput_1']",11.943684687023051,
throughput_1,50,pca,classic_quantile,aic,0.33548983364140483,0.23158603654309293,27.0,"['pca_1', 'pca_2', 'pca_3', 'pca_4', 'pca_5', 'pca_6', 'pca_7', 'pca_8', 'pca_9', 'pca_10', 'pca_11', 'pca_12', 'pca_13', 'pca_14', 'pca_15', 'pca_16', 'pca_17', 'pca_18', 'pca_19', 'pca_20', 'pca_21', 'pca_22', 'pca_23', 'pca_32', 'pca_33', 'pca_34', 'throughput_1']",28.540998953045346,
throughput_1,50,pca,kmeans,bic,0.32532347504621073,0.32114449558659774,27.0,"['pca_1', 'pca_2', 'pca_3', 'pca_4', 'pca_5', 'pca_6', 'pca_7', 'pca_8', 'pca_9', 'pca_10', 'pca_11', 'pca_12', 'pca_13', 'pca_14', 'pca_15', 'pca_16', 'pca_17', 'pca_18', 'pca_19', 'pca_20', 'pca_21', 'pca_22', 'pca_23', 'pca_32', 'pca_33', 'pca_34', 'throughput_1']",11.00627006299328,
throughput_1,50,pca,kmeans,aic,0.06192236598890943,0.24066566751164176,27.0,"['pca_1', 'pca_2', 'pca_3', 'pca_4', 'pca_5', 'pca_6', 'pca_7', 'pca_8', 'pca_9', 'pca_10', 'pca_11', 'pca_12', 'pca_13', 'pca_14', 'pca_15', 'pca_16', 'pca_17', 'pca_18', 'pca_19', 'pca_20', 'pca_21', 'pca_22', 'pca_23', 'pca_32', 'pca_33', 'pca_34', 'throughput_1']",15.274720720015466,
throughput_1,50,pca,dbscan,bic,0.0,0.012053640809605212,15.0,"['pca_1', 'pca_2', 'pca_5', 'pca_6', 'pca_7', 'pca_8', 'pca_9', 'pca_10', 'pca_11', 'pca_12', 'pca_13', 'pca_14', 'pca_15', 'pca_16', 'throughput_1']",2.824219616013579,
throughput_1,50,pca,dbscan,aic,0.333641404805915,0.18329639876080864,15.0,"['pca_1', 'pca_2', 'pca_5', 'pca_6', 'pca_7', 'pca_8', 'pca_9', 'pca_10', 'pca_11', 'pca_12', 'pca_13', 'pca_14', 'pca_15', 'pca_16', 'throughput_1']",4.494282157975249,
throughput_2,3,markov,classic_uniform,bic,0.36506469500924216,0.35249844059402413,4.0,"['buffer_size_2', 'python_gc_objects_collected_total_1', 'throughput_3', 'throughput_2']",3.6741775890113786,
throughput_2,3,markov,classic_uniform,aic,0.36506469500924216,0.34362049070714973,4.0,"['buffer_size_2', 'python_gc_objects_collected_total_1', 'throughput_3', 'throughput_2']",3.513266070978716,
throughput_2,3,markov,classic_quantile,bic,0.32809611829944546,0.23322562021361132,4.0,"['buffer_size_2', 'python_gc_objects_collected_total_1', 'throughput_3', 'throughput_2']",3.733077335054986,
throughput_2,3,markov,classic_quantile,aic,0.0,0.14396035039188565,4.0,"['buffer_size_2', 'python_gc_objects_collected_total_1', 'throughput_3', 'throughput_2']",3.535095173981972,
throughput_2,3,markov,kmeans,bic,0.9593345656192237,0.8874458564055147,4.0,"['buffer_size_2', 'python_gc_objects_collected_total_1', 'throughput_3', 'throughput_2']",3.6980387980584055,
throughput_2,3,markov,kmeans,aic,0.9593345656192237,0.8979448629426886,4.0,"['buffer_size_2', 'python_gc_objects_collected_total_1', 'throughput_3', 'throughput_2']",3.513890202040784,
throughput_2,3,markov,dbscan,bic,,,,,3.497271522996016,The node throughput_2_t1 is not in the digraph.
throughput_2,3,markov,dbscan,aic,0.40388170055452866,0.3435236575699477,3.0,"['buffer_size_2', 'throughput_3', 'throughput_2']",3.9004453140078112,
throughput_2,3,mrmr,classic_uniform,bic,0.3364140480591497,0.37436577139523125,4.0,"['buffer_size_2', 'buffer_size_3', 'throughput_1', 'throughput_2']",1.08481529308483,
throughput_2,3,mrmr,classic_uniform,aic,0.3364140480591497,0.33471965495995065,4.0,"['buffer_size_2', 'buffer_size_3', 'throughput_1', 'throughput_2']",1.1983071159338579,
throughput_2,3,mrmr,classic_quantile,bic,0.33271719038817005,0.31099677194417435,4.0,"['buffer_size_2', 'buffer_size_3', 'throughput_1', 'throughput_2']",1.1001618119189516,
throughput_2,3,mrmr,classic_quantile,aic,0.1987060998151571,0.24542159244780928,4.0,"['buffer_size_2', 'buffer_size_3', 'throughput_1', 'throughput_2']",1.1465179700171575,
throughput_2,3,mrmr,kmeans,bic,0.8530499075785583,0.7643908030063385,4.0,"['buffer_size_2', 'buffer_size_3', 'throughput_1', 'throughput_2']",1.0729505809722468,
throughput_2,3,mrmr,kmeans,aic,0.655268022181146,0.7383171381130488,4.0,"['buffer_size_2', 'buffer_size_3', 'throughput_1', 'throughput_2']",1.0876868180930614,
throughput_2,3,mrmr,dbscan,bic,,,,,0.9045339840231463,The node throughput_2_t1 is not in the digraph.
throughput_2,3,mrmr,dbscan,aic,0.33271719038817005,0.33108288669332425,4.0,"['buffer_size_2', 'buffer_size_3', 'throughput_1', 'throughput_2']",1.5333007380831987,
throughput_2,3,pca,classic_uniform,bic,0.3364140480591497,0.32242168651837855,4.0,"['pca_1', 'pca_2', 'pca_3', 'throughput_2']",0.35281483305152506,
throughput_2,3,pca,classic_uniform,aic,0.3364140480591497,0.2539787268581791,4.0,"['pca_1', 'pca_2', 'pca_3', 'throughput_2']",0.34272982191760093,
throughput_2,3,pca,classic_quantile,bic,0.0,0.012851889528763543,4.0,"['pca_1', 'pca_2', 'pca_3', 'throughput_2']",0.3233607769943774,
throughput_2,3,pca,classic_quantile,aic,0.333641404805915,0.22236475321472368,4.0,"['pca_1', 'pca_2', 'pca_3', 'throughput_2']",0.4379681400023401,
throughput_2,3,pca,kmeans,bic,0.655268022181146,0.6458423003314966,4.0,"['pca_1', 'pca_2', 'pca_3', 'throughput_2']",0.4106524119852111,
throughput_2,3,pca,kmeans,aic,0.655268022181146,0.4912186499951502,4.0,"['pca_1', 'pca_2', 'pca_3', 'throughput_2']",0.4062793869525194,
throughput_2,3,pca,dbscan,bic,,,,,0.06220068398397416,The node throughput_2_t1 is not in the digraph.
throughput_2,3,pca,dbscan,aic,0.0,0.012626883851649241,3.0,"['pca_1', 'pca_2', 'throughput_2']",0.5485405920771882,
throughput_2,5,markov,classic_uniform,bic,0.0036968576709796672,0.11932624741764347,6.0,"['buffer_size_2', 'python_gc_objects_collected_total_1', 'throughput_3', 'data_quality_1', 'data_quality_3', 'throughput_2']",3.6262488609645516,
throughput_2,5,markov,classic_uniform,aic,0.3364140480591497,0.25038530643252355,6.0,"['buffer_size_2', 'python_gc_objects_collected_total_1', 'throughput_3', 'data_quality_1', 'data_quality_3', 'throughput_2']",3.7751653670566157,
throughput_2,5,markov,classic_quantile,bic,0.33548983364140483,0.24977749884490888,6.0,"['buffer_size_2', 'python_gc_objects_collected_total_1', 'throughput_3', 'data_quality_1', 'data_quality_3', 'throughput_2']",3.70146490202751,
throughput_2,5,markov,classic_quantile,aic,0.5341959334565619,0.5123778030227084,6.0,"['buffer_size_2', 'python_gc_objects_collected_total_1', 'throughput_3', 'data_quality_1', 'data_quality_3', 'throughput_2']",4.2583733920473605,
throughput_2,5,markov,kmeans,bic,0.3391866913123845,0.2840210032361917,6.0,"['buffer_size_2', 'python_gc_objects_collected_total_1', 'throughput_3', 'data_quality_1', 'data_quality_3', 'throughput_2']",3.998820625944063,
throughput_2,5,markov,kmeans,aic,0.6598890942698706,0.6301724066015395,6.0,"['buffer_size_2', 'python_gc_objects_collected_total_1', 'throughput_3', 'data_quality_1', 'data_quality_3', 'throughput_2']",3.8139953969512135,
throughput_2,5,markov,dbscan,bic,0.33271719038817005,0.24071026278814447,5.0,"['buffer_size_2', 'throughput_3', 'data_quality_1', 'data_quality_3', 'throughput_2']",3.4774358270224184,
throughput_2,5,markov,dbscan,aic,0.4121996303142329,0.27978823349369425,5.0,"['buffer_size_2', 'throughput_3', 'data_quality_1', 'data_quality_3', 'throughput_2']",3.5765273390570655,
throughput_2,5,mrmr,classic_uniform,bic,0.5351201478743068,0.4317833762504566,6.0,"['buffer_size_2', 'buffer_size_3', 'throughput_1', 'avg_p_latency_2', 'cores_3', 'throughput_2']",2.799662980949506,
throughput_2,5,mrmr,classic_uniform,aic,0.3364140480591497,0.3849446532157472,6.0,"['buffer_size_2', 'buffer_size_3', 'throughput_1', 'avg_p_latency_2', 'cores_3', 'throughput_2']",2.732267752988264,
throughput_2,5,mrmr,classic_quantile,bic,0.2024029574861368,0.28307057582341916,5.0,"['buffer_size_2', 'buffer_size_3', 'throughput_1', 'avg_p_latency_2', 'throughput_2']",2.5425410049501806,
throughput_2,5,mrmr,classic_quantile,aic,0.3364140480591497,0.2409168069329358,5.0,"['buffer_size_2', 'buffer_size_3', 'throughput_1', 'avg_p_latency_2', 'throughput_2']",2.7264873349340633,
throughput_2,5,mrmr,kmeans,bic,0.8530499075785583,0.8303787871558492,6.0,"['buffer_size_2', 'buffer_size_3', 'throughput_1', 'avg_p_latency_2', 'cores_3', 'throughput_2']",2.67344227200374,
throughput_2,5,mrmr,kmeans,aic,0.8530499075785583,0.6980971549893844,6.0,"['buffer_size_2', 'buffer_size_3', 'throughput_1', 'avg_p_latency_2', 'cores_3', 'throughput_2']",2.8016299000009894,
throughput_2,5,mrmr,dbscan,bic,0.3345656192236599,0.25553302801213656,6.0,"['buffer_size_2', 'buffer_size_3', 'throughput_1', 'avg_p_latency_2', 'cores_3', 'throughput_2']",2.834215034963563,
throughput_2,5,mrmr,dbscan,aic,0.333641404805915,0.30695400377290516,6.0,"['buffer_size_2', 'buffer_size_3', 'throughput_1', 'avg_p_latency_2', 'cores_3', 'throughput_2']",2.9336024009389803,
throughput_2,5,pca,classic_uniform,bic,0.3364140480591497,0.3069904871830165,6.0,"['pca_1', 'pca_2', 'pca_3', 'pca_4', 'pca_5', 'throughput_2']",0.6253311410546303,
throughput_2,5,pca,classic_uniform,aic,0.3364140480591497,0.2582086762906597,6.0,"['pca_1', 'pca_2', 'pca_3', 'pca_4', 'pca_5', 'throughput_2']",0.8742389800027013,
throughput_2,5,pca,classic_quantile,bic,0.0,0.022658509824225077,6.0,"['pca_1', 'pca_2', 'pca_3', 'pca_4', 'pca_5', 'throughput_2']",0.8379183149663731,
throughput_2,5,pca,classic_quantile,aic,0.0,0.0072332475115974145,6.0,"['pca_1', 'pca_2', 'pca_3', 'pca_4', 'pca_5', 'throughput_2']",0.9982944909716025,
throughput_2,5,pca,kmeans,bic,0.655268022181146,0.6463738502588625,6.0,"['pca_1', 'pca_2', 'pca_3', 'pca_4', 'pca_5', 'throughput_2']",0.6389501499943435,
throughput_2,5,pca,kmeans,aic,0.655268022181146,0.6500470739635476,6.0,"['pca_1', 'pca_2', 'pca_3', 'pca_4', 'pca_5', 'throughput_2']",1.0080958909820765,
throughput_2,5,pca,dbscan,bic,,,,,0.09737099998164922,The node throughput_2_t1 is not in the digraph.
throughput_2,5,pca,dbscan,aic,0.0,0.011856501361672616,4.0,"['pca_1', 'pca_2', 'pca_5', 'throughput_2']",10.252895275014453,
throughput_2,8,markov,classic_uniform,bic,0.0036968576709796672,0.17088467226483164,9.0,"['buffer_size_2', 'cores_1', 'data_quality_1', 'data_quality_3', 'throughput_3', 'python_gc_objects_collected_total_1', 'throughput_1', 'process_cpu_seconds_total_1', 'throughput_2']",4.688405615044758,
throughput_2,8,markov,classic_uniform,aic,0.33086876155268025,0.2556529516076943,9.0,"['buffer_size_2', 'cores_1', 'data_quality_1', 'data_quality_3', 'throughput_3', 'python_gc_objects_collected_total_1', 'throughput_1', 'process_cpu_seconds_total_1', 'throughput_2']",4.519620946026407,
throughput_2,8,markov,classic_quantile,bic,0.0027726432532347504,0.23719439719364357,8.0,"['buffer_size_2', 'data_quality_1', 'data_quality_3', 'throughput_3', 'python_gc_objects_collected_total_1', 'throughput_1', 'process_cpu_seconds_total_1', 'throughput_2']",4.611992469988763,
throughput_2,8,markov,classic_quantile,aic,0.6682070240295749,0.4263876157989465,8.0,"['buffer_size_2', 'data_quality_1', 'data_quality_3', 'throughput_3', 'python_gc_objects_collected_total_1', 'throughput_1', 'process_cpu_seconds_total_1', 'throughput_2']",4.330095740966499,
throughput_2,8,markov,kmeans,bic,0.788354898336414,0.40500138073740116,9.0,"['buffer_size_2', 'cores_1', 'data_quality_1', 'data_quality_3', 'throughput_3', 'python_gc_objects_collected_total_1', 'throughput_1', 'process_cpu_seconds_total_1', 'throughput_2']",4.35505844396539,
throughput_2,8,markov,kmeans,aic,0.9870609981515711,0.6034799756865707,9.0,"['buffer_size_2', 'cores_1', 'data_quality_1', 'data_quality_3', 'throughput_3', 'python_gc_objects_collected_total_1', 'throughput_1', 'process_cpu_seconds_total_1', 'throughput_2']",4.310171557008289,
throughput_2,8,markov,dbscan,bic,0.33271719038817005,0.24071026278814447,7.0,"['buffer_size_2', 'cores_1', 'data_quality_1', 'data_quality_3', 'throughput_3', 'throughput_1', 'throughput_2']",4.199088077992201,
throughput_2,8,markov,dbscan,aic,0.41497227356746763,0.28517405904441706,7.0,"['buffer_size_2', 'cores_1', 'data_quality_1', 'data_quality_3', 'throughput_3', 'throughput_1', 'throughput_2']",4.464293019962497,
throughput_2,8,mrmr,classic_uniform,bic,0.966728280961183,0.651973852612094,9.0,"['buffer_size_2', 'buffer_size_3', 'throughput_1', 'avg_p_latency_2', 'cores_3', 'data_quality_1', 'throughput_3', 'scrape_duration_seconds_1', 'throughput_2']",6.482768135960214,
throughput_2,8,mrmr,classic_uniform,aic,0.6691312384473198,0.25607031072134984,9.0,"['buffer_size_2', 'buffer_size_3', 'throughput_1', 'avg_p_latency_2', 'cores_3', 'data_quality_1', 'throughput_3', 'scrape_duration_seconds_1', 'throughput_2']",6.593320578918792,
throughput_2,8,mrmr,classic_quantile,bic,0.6931608133086876,0.4743558148740319,8.0,"['buffer_size_2', 'buffer_size_3', 'throughput_1', 'avg_p_latency_2', 'data_quality_1', 'throughput_3', 'scrape_duration_seconds_1', 'throughput_2']",6.227367446059361,
throughput_2,8,mrmr,classic_quantile,aic,0.66728280961183,0.524395842269193,8.0,"['buffer_size_2', 'buffer_size_3', 'throughput_1', 'avg_p_latency_2', 'data_quality_1', 'throughput_3', 'scrape_duration_seconds_1', 'throughput_2']",6.624377661966719,
throughput_2,8,mrmr,kmeans,bic,0.9870609981515711,0.9549153353345976,9.0,"['buffer_size_2', 'buffer_size_3', 'throughput_1', 'avg_p_latency_2', 'cores_3', 'data_quality_1', 'throughput_3', 'scrape_duration_seconds_1', 'throughput_2']",6.309445931925438,
throughput_2,8,mrmr,kmeans,aic,0.911275415896488,0.7748369823805252,9.0,"['buffer_size_2', 'buffer_size_3', 'throughput_1', 'avg_p_latency_2', 'cores_3', 'data_quality_1', 'throughput_3', 'scrape_duration_seconds_1', 'throughput_2']",6.527122693951242,
throughput_2,8,mrmr,dbscan,bic,0.33271719038817005,0.24612158683838903,8.0,"['buffer_size_2', 'buffer_size_3', 'throughput_1', 'avg_p_latency_2', 'cores_3', 'data_quality_1', 'throughput_3', 'throughput_2']",6.244786234921776,
throughput_2,8,mrmr,dbscan,aic,0.33271719038817005,0.23575257943019215,8.0,"['buffer_size_2', 'buffer_size_3', 'throughput_1', 'avg_p_latency_2', 'cores_3', 'data_quality_1', 'throughput_3', 'throughput_2']",6.811044618953019,
throughput_2,8,pca,classic_uniform,bic,0.3364140480591497,0.2423541303248786,9.0,"['pca_1', 'pca_2', 'pca_3', 'pca_4', 'pca_5', 'pca_6', 'pca_7', 'pca_8', 'throughput_2']",1.2494637339841574,
throughput_2,8,pca,classic_uniform,aic,0.38724584103512016,0.23174708422206813,9.0,"['pca_1', 'pca_2', 'pca_3', 'pca_4', 'pca_5', 'pca_6', 'pca_7', 'pca_8', 'throughput_2']",1.6450433799764141,
throughput_2,8,pca,classic_quantile,bic,0.33548983364140483,0.3546992718248076,9.0,"['pca_1', 'pca_2', 'pca_3', 'pca_4', 'pca_5', 'pca_6', 'pca_7', 'pca_8', 'throughput_2']",1.5907278450904414,
throughput_2,8,pca,classic_quantile,aic,0.33271719038817005,0.23836062304056563,9.0,"['pca_1', 'pca_2', 'pca_3', 'pca_4', 'pca_5', 'pca_6', 'pca_7', 'pca_8', 'throughput_2']",2.6899781859247014,
throughput_2,8,pca,kmeans,bic,0.655268022181146,0.26132070234920357,9.0,"['pca_1', 'pca_2', 'pca_3', 'pca_4', 'pca_5', 'pca_6', 'pca_7', 'pca_8', 'throughput_2']",1.5121181479189545,
throughput_2,8,pca,kmeans,aic,0.6543438077634011,0.33882391022527936,9.0,"['pca_1', 'pca_2', 'pca_3', 'pca_4', 'pca_5', 'pca_6', 'pca_7', 'pca_8', 'throughput_2']",1.6431013389956206,
throughput_2,8,pca,dbscan,bic,,,,,0.21078557497821748,The node throughput_2_t1 is not in the digraph.
throughput_2,8,pca,dbscan,aic,0.35027726432532347,0.11786210525399621,7.0,"['pca_1', 'pca_2', 'pca_5', 'pca_6', 'pca_7', 'pca_8', 'throughput_2']",13.52033811993897,
throughput_2,10,markov,classic_uniform,bic,0.0036968576709796672,0.17088467226483164,11.0,"['buffer_size_2', 'cores_1', 'data_quality_1', 'data_quality_3', 'throughput_3', 'python_gc_objects_collected_total_1', 'throughput_1', 'process_cpu_seconds_total_1', 'python_gc_collections_total_1', 'python_gc_collections_total_2', 'throughput_2']",4.677048473968171,
throughput_2,10,markov,classic_uniform,aic,0.3364140480591497,0.2541378641152572,11.0,"['buffer_size_2', 'cores_1', 'data_quality_1', 'data_quality_3', 'throughput_3', 'python_gc_objects_collected_total_1', 'throughput_1', 'process_cpu_seconds_total_1', 'python_gc_collections_total_1', 'python_gc_collections_total_2', 'throughput_2']",4.977168154087849,
throughput_2,10,markov,classic_quantile,bic,0.33548983364140483,0.2497782247404984,10.0,"['buffer_size_2', 'data_quality_1', 'data_quality_3', 'throughput_3', 'python_gc_objects_collected_total_1', 'throughput_1', 'process_cpu_seconds_total_1', 'python_gc_collections_total_1', 'python_gc_collections_total_2', 'throughput_2']",5.000954561983235,
throughput_2,10,markov,classic_quantile,aic,0.6682070240295749,0.4375402827625305,10.0,"['buffer_size_2', 'data_quality_1', 'data_quality_3', 'throughput_3', 'python_gc_objects_collected_total_1', 'throughput_1', 'process_cpu_seconds_total_1', 'python_gc_collections_total_1', 'python_gc_collections_total_2', 'throughput_2']",4.957926126895472,
throughput_2,10,markov,kmeans,bic,0.788354898336414,0.40522474545294707,11.0,"['buffer_size_2', 'cores_1', 'data_quality_1', 'data_quality_3', 'throughput_3', 'python_gc_objects_collected_total_1', 'throughput_1', 'process_cpu_seconds_total_1', 'python_gc_collections_total_1', 'python_gc_collections_total_2', 'throughput_2']",5.0892098639160395,
throughput_2,10,markov,kmeans,aic,0.9870609981515711,0.5004966738568476,11.0,"['buffer_size_2', 'cores_1', 'data_quality_1', 'data_quality_3', 'throughput_3', 'python_gc_objects_collected_total_1', 'throughput_1', 'process_cpu_seconds_total_1', 'python_gc_collections_total_1', 'python_gc_collections_total_2', 'throughput_2']",5.197933938005008,
throughput_2,10,markov,dbscan,bic,0.33271719038817005,0.24071026278814447,7.0,"['buffer_size_2', 'cores_1', 'data_quality_1', 'data_quality_3', 'throughput_3', 'throughput_1', 'throughput_2']",4.293438345077448,
throughput_2,10,markov,dbscan,aic,0.41497227356746763,0.28517405904441706,7.0,"['buffer_size_2', 'cores_1', 'data_quality_1', 'data_quality_3', 'throughput_3', 'throughput_1', 'throughput_2']",4.051361882011406,
throughput_2,10,mrmr,classic_uniform,bic,0.9953789279112755,0.7386771011677263,11.0,"['buffer_size_2', 'buffer_size_3', 'throughput_1', 'avg_p_latency_2', 'cores_3', 'data_quality_1', 'throughput_3', 'scrape_duration_seconds_1', 'avg_p_latency_1', 'data_quality_2', 'throughput_2']",9.698954419000074,
throughput_2,10,mrmr,classic_uniform,aic,0.6691312384473198,0.5580927230265748,11.0,"['buffer_size_2', 'buffer_size_3', 'throughput_1', 'avg_p_latency_2', 'cores_3', 'data_quality_1', 'throughput_3', 'scrape_duration_seconds_1', 'avg_p_latency_1', 'data_quality_2', 'throughput_2']",9.625763996969908,
throughput_2,10,mrmr,classic_quantile,bic,0.6654343807763401,0.5478652803370185,10.0,"['buffer_size_2', 'buffer_size_3', 'throughput_1', 'avg_p_latency_2', 'data_quality_1', 'throughput_3', 'scrape_duration_seconds_1', 'avg_p_latency_1', 'data_quality_2', 'throughput_2']",9.821480371057987,
throughput_2,10,mrmr,classic_quantile,aic,0.66728280961183,0.55545621808666,10.0,"['buffer_size_2', 'buffer_size_3', 'throughput_1', 'avg_p_latency_2', 'data_quality_1', 'throughput_3', 'scrape_duration_seconds_1', 'avg_p_latency_1', 'data_quality_2', 'throughput_2']",10.079511852934957,
throughput_2,10,mrmr,kmeans,bic,0.9870609981515711,0.5779072156787679,11.0,"['buffer_size_2', 'buffer_size_3', 'throughput_1', 'avg_p_latency_2', 'cores_3', 'data_quality_1', 'throughput_3', 'scrape_duration_seconds_1', 'avg_p_latency_1', 'data_quality_2', 'throughput_2']",9.561063576955348,
throughput_2,10,mrmr,kmeans,aic,0.655268022181146,0.39688374902498186,11.0,"['buffer_size_2', 'buffer_size_3', 'throughput_1', 'avg_p_latency_2', 'cores_3', 'data_quality_1', 'throughput_3', 'scrape_duration_seconds_1', 'avg_p_latency_1', 'data_quality_2', 'throughput_2']",9.803704908001237,
throughput_2,10,mrmr,dbscan,bic,0.33271719038817005,0.24096814838003705,10.0,"['buffer_size_2', 'buffer_size_3', 'throughput_1', 'avg_p_latency_2', 'cores_3', 'data_quality_1', 'throughput_3', 'avg_p_latency_1', 'data_quality_2', 'throughput_2']",9.314070333028212,
throughput_2,10,mrmr,dbscan,aic,0.33271719038817005,0.2410981588511121,10.0,"['buffer_size_2', 'buffer_size_3', 'throughput_1', 'avg_p_latency_2', 'cores_3', 'data_quality_1', 'throughput_3', 'avg_p_latency_1', 'data_quality_2', 'throughput_2']",9.896821287926286,
throughput_2,10,pca,classic_uniform,bic,0.41497227356746763,0.25051539806681217,11.0,"['pca_1', 'pca_2', 'pca_3', 'pca_4', 'pca_5', 'pca_6', 'pca_7', 'pca_8', 'pca_9', 'pca_10', 'throughput_2']",1.7109000609489158,
throughput_2,10,pca,classic_uniform,aic,0.24676524953789278,0.24955887760218706,11.0,"['pca_1', 'pca_2', 'pca_3', 'pca_4', 'pca_5', 'pca_6', 'pca_7', 'pca_8', 'pca_9', 'pca_10', 'throughput_2']",2.8710489079821855,
throughput_2,10,pca,classic_quantile,bic,0.33548983364140483,0.3912328092731673,11.0,"['pca_1', 'pca_2', 'pca_3', 'pca_4', 'pca_5', 'pca_6', 'pca_7', 'pca_8', 'pca_9', 'pca_10', 'throughput_2']",2.399643359007314,
throughput_2,10,pca,classic_quantile,aic,0.0,0.11432806295775358,11.0,"['pca_1', 'pca_2', 'pca_3', 'pca_4', 'pca_5', 'pca_6', 'pca_7', 'pca_8', 'pca_9', 'pca_10', 'throughput_2']",4.5837292519863695,
throughput_2,10,pca,kmeans,bic,0.655268022181146,0.25141884087715105,11.0,"['pca_1', 'pca_2', 'pca_3', 'pca_4', 'pca_5', 'pca_6', 'pca_7', 'pca_8', 'pca_9', 'pca_10', 'throughput_2']",2.3167251420672983,
throughput_2,10,pca,kmeans,aic,0.6543438077634011,0.3388239102252792,11.0,"['pca_1', 'pca_2', 'pca_3', 'pca_4', 'pca_5', 'pca_6', 'pca_7', 'pca_8', 'pca_9', 'pca_10', 'throughput_2']",3.7665495598921552,
throughput_2,10,pca,dbscan,bic,,,,,0.27477172506041825,The node throughput_2_t1 is not in the digraph.
throughput_2,10,pca,dbscan,aic,0.2356746765249538,0.10868253848643902,9.0,"['pca_1', 'pca_2', 'pca_5', 'pca_6', 'pca_7', 'pca_8', 'pca_9', 'pca_10', 'throughput_2']",11.690291205071844,
throughput_2,12,markov,classic_uniform,bic,0.3364140480591497,0.17932642198494778,13.0,"['buffer_size_2', 'cores_1', 'data_quality_1', 'data_quality_3', 'throughput_3', 'python_gc_objects_collected_total_1', 'throughput_1', 'process_cpu_seconds_total_1', 'python_gc_collections_total_1', 'python_gc_collections_total_2', 'python_gc_objects_collected_total_2', 'python_gc_collections_total_3', 'throughput_2']",5.766014156979509,
throughput_2,12,markov,classic_uniform,aic,0.3364140480591497,0.25068041364018834,13.0,"['buffer_size_2', 'cores_1', 'data_quality_1', 'data_quality_3', 'throughput_3', 'python_gc_objects_collected_total_1', 'throughput_1', 'process_cpu_seconds_total_1', 'python_gc_collections_total_1', 'python_gc_collections_total_2', 'python_gc_objects_collected_total_2', 'python_gc_collections_total_3', 'throughput_2']",5.5165002410067245,
throughput_2,12,markov,classic_quantile,bic,0.33548983364140483,0.2497782247404984,12.0,"['buffer_size_2', 'data_quality_1', 'data_quality_3', 'throughput_3', 'python_gc_objects_collected_total_1', 'throughput_1', 'process_cpu_seconds_total_1', 'python_gc_collections_total_1', 'python_gc_collections_total_2', 'python_gc_objects_collected_total_2', 'python_gc_collections_total_3', 'throughput_2']",4.73315276298672,
throughput_2,12,markov,classic_quantile,aic,0.621996303142329,0.3982642956458321,12.0,"['buffer_size_2', 'data_quality_1', 'data_quality_3', 'throughput_3', 'python_gc_objects_collected_total_1', 'throughput_1', 'process_cpu_seconds_total_1', 'python_gc_collections_total_1', 'python_gc_collections_total_2', 'python_gc_objects_collected_total_2', 'python_gc_collections_total_3', 'throughput_2']",4.852809019968845,
throughput_2,12,markov,kmeans,bic,0.6598890942698706,0.41112957788655974,13.0,"['buffer_size_2', 'cores_1', 'data_quality_1', 'data_quality_3', 'throughput_3', 'python_gc_objects_collected_total_1', 'throughput_1', 'process_cpu_seconds_total_1', 'python_gc_collections_total_1', 'python_gc_collections_total_2', 'python_gc_objects_collected_total_2', 'python_gc_collections_total_3', 'throughput_2']",5.017000064020976,
throughput_2,12,markov,kmeans,aic,0.6968576709796673,0.2045133634203413,13.0,"['buffer_size_2', 'cores_1', 'data_quality_1', 'data_quality_3', 'throughput_3', 'python_gc_objects_collected_total_1', 'throughput_1', 'process_cpu_seconds_total_1', 'python_gc_collections_total_1', 'python_gc_collections_total_2', 'python_gc_objects_collected_total_2', 'python_gc_collections_total_3', 'throughput_2']",5.438628564006649,
throughput_2,12,markov,dbscan,bic,0.4121996303142329,0.2797882334936942,9.0,"['buffer_size_2', 'cores_1', 'data_quality_1', 'data_quality_3', 'throughput_3', 'throughput_1', 'python_gc_objects_collected_total_2', 'python_gc_collections_total_3', 'throughput_2']",4.724475629976951,
throughput_2,12,markov,dbscan,aic,0.41497227356746763,0.28517405904441706,9.0,"['buffer_size_2', 'cores_1', 'data_quality_1', 'data_quality_3', 'throughput_3', 'throughput_1', 'python_gc_objects_collected_total_2', 'python_gc_collections_total_3', 'throughput_2']",4.925086858100258,
throughput_2,12,mrmr,classic_uniform,bic,0.0036968576709796672,0.2460108094724117,13.0,"['buffer_size_2', 'buffer_size_3', 'throughput_1', 'avg_p_latency_2', 'cores_3', 'data_quality_1', 'throughput_3', 'scrape_duration_seconds_1', 'avg_p_latency_1', 'data_quality_2', 'python_gc_objects_collected_total_1', 'cores_1', 'throughput_2']",13.156285878038034,
throughput_2,12,mrmr,classic_uniform,aic,0.3364140480591497,0.23803643102904157,13.0,"['buffer_size_2', 'buffer_size_3', 'throughput_1', 'avg_p_latency_2', 'cores_3', 'data_quality_1', 'throughput_3', 'scrape_duration_seconds_1', 'avg_p_latency_1', 'data_quality_2', 'python_gc_objects_collected_total_1', 'cores_1', 'throughput_2']",13.546982453088276,
throughput_2,12,mrmr,classic_quantile,bic,0.6654343807763401,0.480603588101409,11.0,"['buffer_size_2', 'buffer_size_3', 'throughput_1', 'avg_p_latency_2', 'data_quality_1', 'throughput_3', 'scrape_duration_seconds_1', 'avg_p_latency_1', 'data_quality_2', 'python_gc_objects_collected_total_1', 'throughput_2']",13.18088921601884,
throughput_2,12,mrmr,classic_quantile,aic,0.0018484288354898336,0.24331988430567839,11.0,"['buffer_size_2', 'buffer_size_3', 'throughput_1', 'avg_p_latency_2', 'data_quality_1', 'throughput_3', 'scrape_duration_seconds_1', 'avg_p_latency_1', 'data_quality_2', 'python_gc_objects_collected_total_1', 'throughput_2']",13.648003895999864,
throughput_2,12,mrmr,kmeans,bic,0.8530499075785583,0.502142813228,13.0,"['buffer_size_2', 'buffer_size_3', 'throughput_1', 'avg_p_latency_2', 'cores_3', 'data_quality_1', 'throughput_3', 'scrape_duration_seconds_1', 'avg_p_latency_1', 'data_quality_2', 'python_gc_objects_collected_total_1', 'cores_1', 'throughput_2']",13.187105091987178,
throughput_2,12,mrmr,kmeans,aic,0.8530499075785583,0.3299596659409969,13.0,"['buffer_size_2', 'buffer_size_3', 'throughput_1', 'avg_p_latency_2', 'cores_3', 'data_quality_1', 'throughput_3', 'scrape_duration_seconds_1', 'avg_p_latency_1', 'data_quality_2', 'python_gc_objects_collected_total_1', 'cores_1', 'throughput_2']",13.543087965925224,
throughput_2,12,mrmr,dbscan,bic,0.33271719038817005,0.24096814838003705,11.0,"['buffer_size_2', 'buffer_size_3', 'throughput_1', 'avg_p_latency_2', 'cores_3', 'data_quality_1', 'throughput_3', 'avg_p_latency_1', 'data_quality_2', 'cores_1', 'throughput_2']",12.558868495048955,
throughput_2,12,mrmr,dbscan,aic,0.33548983364140483,0.2416155596637849,11.0,"['buffer_size_2', 'buffer_size_3', 'throughput_1', 'avg_p_latency_2', 'cores_3', 'data_quality_1', 'throughput_3', 'avg_p_latency_1', 'data_quality_2', 'cores_1', 'throughput_2']",13.155695053050295,
throughput_2,12,pca,classic_uniform,bic,0.3364140480591497,0.24542193163746043,13.0,"['pca_1', 'pca_2', 'pca_3', 'pca_4', 'pca_5', 'pca_6', 'pca_7', 'pca_8', 'pca_9', 'pca_10', 'pca_11', 'pca_12', 'throughput_2']",2.896681785932742,
throughput_2,12,pca,classic_uniform,aic,0.13863216266173753,0.23125864665181253,13.0,"['pca_1', 'pca_2', 'pca_3', 'pca_4', 'pca_5', 'pca_6', 'pca_7', 'pca_8', 'pca_9', 'pca_10', 'pca_11', 'pca_12', 'throughput_2']",3.819185931002721,
throughput_2,12,pca,classic_quantile,bic,0.0027726432532347504,0.20567314521928182,13.0,"['pca_1', 'pca_2', 'pca_3', 'pca_4', 'pca_5', 'pca_6', 'pca_7', 'pca_8', 'pca_9', 'pca_10', 'pca_11', 'pca_12', 'throughput_2']",3.102906773914583,
throughput_2,12,pca,classic_quantile,aic,0.0,0.11430698753470349,13.0,"['pca_1', 'pca_2', 'pca_3', 'pca_4', 'pca_5', 'pca_6', 'pca_7', 'pca_8', 'pca_9', 'pca_10', 'pca_11', 'pca_12', 'throughput_2']",10.535160062951036,
throughput_2,12,pca,kmeans,bic,0.655268022181146,0.26301633756565407,13.0,"['pca_1', 'pca_2', 'pca_3', 'pca_4', 'pca_5', 'pca_6', 'pca_7', 'pca_8', 'pca_9', 'pca_10', 'pca_11', 'pca_12', 'throughput_2']",3.157343936036341,
throughput_2,12,pca,kmeans,aic,0.13031423290203328,0.2697692075589758,13.0,"['pca_1', 'pca_2', 'pca_3', 'pca_4', 'pca_5', 'pca_6', 'pca_7', 'pca_8', 'pca_9', 'pca_10', 'pca_11', 'pca_12', 'throughput_2']",4.52547081199009,
throughput_2,12,pca,dbscan,bic,,,,,0.4750165860168636,The node throughput_2_t1 is not in the digraph.
throughput_2,12,pca,dbscan,aic,0.2356746765249538,0.10868253848643902,11.0,"['pca_1', 'pca_2', 'pca_5', 'pca_6', 'pca_7', 'pca_8', 'pca_9', 'pca_10', 'pca_11', 'pca_12', 'throughput_2']",12.113366549019702,
throughput_2,15,markov,classic_uniform,bic,0.3364140480591497,0.1824123176140353,16.0,"['buffer_size_2', 'cores_1', 'data_quality_1', 'data_quality_3', 'throughput_3', 'python_gc_objects_collected_total_1', 'throughput_1', 'process_cpu_seconds_total_1', 'python_gc_collections_total_1', 'python_gc_collections_total_2', 'python_gc_objects_collected_total_2', 'python_gc_collections_total_3', 'buffer_size_3', 'python_gc_objects_collected_total_3', 'process_resident_memory_bytes_1', 'throughput_2']",5.833082173019648,
throughput_2,15,markov,classic_uniform,aic,0.3364140480591497,0.2506900686222657,16.0,"['buffer_size_2', 'cores_1', 'data_quality_1', 'data_quality_3', 'throughput_3', 'python_gc_objects_collected_total_1', 'throughput_1', 'process_cpu_seconds_total_1', 'python_gc_collections_total_1', 'python_gc_collections_total_2', 'python_gc_objects_collected_total_2', 'python_gc_collections_total_3', 'buffer_size_3', 'python_gc_objects_collected_total_3', 'process_resident_memory_bytes_1', 'throughput_2']",6.848644108045846,
throughput_2,15,markov,classic_quantile,bic,0.33548983364140483,0.24977822298444696,15.0,"['buffer_size_2', 'data_quality_1', 'data_quality_3', 'throughput_3', 'python_gc_objects_collected_total_1', 'throughput_1', 'process_cpu_seconds_total_1', 'python_gc_collections_total_1', 'python_gc_collections_total_2', 'python_gc_objects_collected_total_2', 'python_gc_collections_total_3', 'buffer_size_3', 'python_gc_objects_collected_total_3', 'process_resident_memory_bytes_1', 'throughput_2']",5.559752881061286,
throughput_2,15,markov,classic_quantile,aic,0.2024029574861368,0.22949806709398543,15.0,"['buffer_size_2', 'data_quality_1', 'data_quality_3', 'throughput_3', 'python_gc_objects_collected_total_1', 'throughput_1', 'process_cpu_seconds_total_1', 'python_gc_collections_total_1', 'python_gc_collections_total_2', 'python_gc_objects_collected_total_2', 'python_gc_collections_total_3', 'buffer_size_3', 'python_gc_objects_collected_total_3', 'process_resident_memory_bytes_1', 'throughput_2']",6.184538590954617,
throughput_2,15,markov,kmeans,bic,0.6598890942698706,0.4132382889213802,16.0,"['buffer_size_2', 'cores_1', 'data_quality_1', 'data_quality_3', 'throughput_3', 'python_gc_objects_collected_total_1', 'throughput_1', 'process_cpu_seconds_total_1', 'python_gc_collections_total_1', 'python_gc_collections_total_2', 'python_gc_objects_collected_total_2', 'python_gc_collections_total_3', 'buffer_size_3', 'python_gc_objects_collected_total_3', 'process_resident_memory_bytes_1', 'throughput_2']",6.197544642956927,
throughput_2,15,markov,kmeans,aic,0.5628465804066544,0.1835431654201599,16.0,"['buffer_size_2', 'cores_1', 'data_quality_1', 'data_quality_3', 'throughput_3', 'python_gc_objects_collected_total_1', 'throughput_1', 'process_cpu_seconds_total_1', 'python_gc_collections_total_1', 'python_gc_collections_total_2', 'python_gc_objects_collected_total_2', 'python_gc_collections_total_3', 'buffer_size_3', 'python_gc_objects_collected_total_3', 'process_resident_memory_bytes_1', 'throughput_2']",6.399415482999757,
throughput_2,15,markov,dbscan,bic,0.4121996303142329,0.27978823349369425,12.0,"['buffer_size_2', 'cores_1', 'data_quality_1', 'data_quality_3', 'throughput_3', 'throughput_1', 'python_gc_objects_collected_total_2', 'python_gc_collections_total_3', 'buffer_size_3', 'python_gc_objects_collected_total_3', 'process_resident_memory_bytes_1', 'throughput_2']",4.701294607017189,
throughput_2,15,markov,dbscan,aic,0.0027726432532347504,0.015071454260771337,12.0,"['buffer_size_2', 'cores_1', 'data_quality_1', 'data_quality_3', 'throughput_3', 'throughput_1', 'python_gc_objects_collected_total_2', 'python_gc_collections_total_3', 'buffer_size_3', 'python_gc_objects_collected_total_3', 'process_resident_memory_bytes_1', 'throughput_2']",4.988508517970331,
throughput_2,15,mrmr,classic_uniform,bic,0.0036968576709796672,0.2507023486639602,15.0,"['buffer_size_2', 'buffer_size_3', 'throughput_1', 'avg_p_latency_2', 'cores_3', 'data_quality_1', 'throughput_3', 'scrape_duration_seconds_1', 'avg_p_latency_1', 'data_quality_2', 'python_gc_objects_collected_total_1', 'cores_1', 'data_quality_3', 'python_gc_objects_collected_total_3', 'throughput_2']",19.25301566894632,
throughput_2,15,mrmr,classic_uniform,aic,0.3364140480591497,0.25069007374537394,15.0,"['buffer_size_2', 'buffer_size_3', 'throughput_1', 'avg_p_latency_2', 'cores_3', 'data_quality_1', 'throughput_3', 'scrape_duration_seconds_1', 'avg_p_latency_1', 'data_quality_2', 'python_gc_objects_collected_total_1', 'cores_1', 'data_quality_3', 'python_gc_objects_collected_total_3', 'throughput_2']",18.853100895998068,
throughput_2,15,mrmr,classic_quantile,bic,0.0027726432532347504,0.2496379916187457,13.0,"['buffer_size_2', 'buffer_size_3', 'throughput_1', 'avg_p_latency_2', 'data_quality_1', 'throughput_3', 'scrape_duration_seconds_1', 'avg_p_latency_1', 'data_quality_2', 'python_gc_objects_collected_total_1', 'data_quality_3', 'python_gc_objects_collected_total_3', 'throughput_2']",18.83757416997105,
throughput_2,15,mrmr,classic_quantile,aic,0.6682070240295749,0.384767286025145,13.0,"['buffer_size_2', 'buffer_size_3', 'throughput_1', 'avg_p_latency_2', 'data_quality_1', 'throughput_3', 'scrape_duration_seconds_1', 'avg_p_latency_1', 'data_quality_2', 'python_gc_objects_collected_total_1', 'data_quality_3', 'python_gc_objects_collected_total_3', 'throughput_2']",19.27501553297043,
throughput_2,15,mrmr,kmeans,bic,0.9870609981515711,0.43927390892345297,15.0,"['buffer_size_2', 'buffer_size_3', 'throughput_1', 'avg_p_latency_2', 'cores_3', 'data_quality_1', 'throughput_3', 'scrape_duration_seconds_1', 'avg_p_latency_1', 'data_quality_2', 'python_gc_objects_collected_total_1', 'cores_1', 'data_quality_3', 'python_gc_objects_collected_total_3', 'throughput_2']",18.9643608169863,
throughput_2,15,mrmr,kmeans,aic,0.8530499075785583,0.31536485345854937,15.0,"['buffer_size_2', 'buffer_size_3', 'throughput_1', 'avg_p_latency_2', 'cores_3', 'data_quality_1', 'throughput_3', 'scrape_duration_seconds_1', 'avg_p_latency_1', 'data_quality_2', 'python_gc_objects_collected_total_1', 'cores_1', 'data_quality_3', 'python_gc_objects_collected_total_3', 'throughput_2']",19.49073009705171,
throughput_2,15,mrmr,dbscan,bic,0.33271719038817005,0.2409681483800371,13.0,"['buffer_size_2', 'buffer_size_3', 'throughput_1', 'avg_p_latency_2', 'cores_3', 'data_quality_1', 'throughput_3', 'avg_p_latency_1', 'data_quality_2', 'cores_1', 'data_quality_3', 'python_gc_objects_collected_total_3', 'throughput_2']",17.967093415907584,
throughput_2,15,mrmr,dbscan,aic,0.33548983364140483,0.06370772180878011,13.0,"['buffer_size_2', 'buffer_size_3', 'throughput_1', 'avg_p_latency_2', 'cores_3', 'data_quality_1', 'throughput_3', 'avg_p_latency_1', 'data_quality_2', 'cores_1', 'data_quality_3', 'python_gc_objects_collected_total_3', 'throughput_2']",18.538543398026377,
throughput_2,15,pca,classic_uniform,bic,0.3364140480591497,0.24542193163746043,16.0,"['pca_1', 'pca_2', 'pca_3', 'pca_4', 'pca_5', 'pca_6', 'pca_7', 'pca_8', 'pca_9', 'pca_10', 'pca_11', 'pca_12', 'pca_13', 'pca_14', 'pca_15', 'throughput_2']",3.730263176956214,
throughput_2,15,pca,classic_uniform,aic,0.13863216266173753,0.23125864665181253,16.0,"['pca_1', 'pca_2', 'pca_3', 'pca_4', 'pca_5', 'pca_6', 'pca_7', 'pca_8', 'pca_9', 'pca_10', 'pca_11', 'pca_12', 'pca_13', 'pca_14', 'pca_15', 'throughput_2']",5.435738234082237,
throughput_2,15,pca,classic_quantile,bic,0.0027726432532347504,0.1989468900672564,16.0,"['pca_1', 'pca_2', 'pca_3', 'pca_4', 'pca_5', 'pca_6', 'pca_7', 'pca_8', 'pca_9', 'pca_10', 'pca_11', 'pca_12', 'pca_13', 'pca_14', 'pca_15', 'throughput_2']",4.7635322590358555,
throughput_2,15,pca,classic_quantile,aic,0.3299445471349353,0.28649187472072135,16.0,"['pca_1', 'pca_2', 'pca_3', 'pca_4', 'pca_5', 'pca_6', 'pca_7', 'pca_8', 'pca_9', 'pca_10', 'pca_11', 'pca_12', 'pca_13', 'pca_14', 'pca_15', 'throughput_2']",15.261536701000296,
throughput_2,15,pca,kmeans,bic,0.655268022181146,0.26305596119313074,16.0,"['pca_1', 'pca_2', 'pca_3', 'pca_4', 'pca_5', 'pca_6', 'pca_7', 'pca_8', 'pca_9', 'pca_10', 'pca_11', 'pca_12', 'pca_13', 'pca_14', 'pca_15', 'throughput_2']",4.0822148059960455,
throughput_2,15,pca,kmeans,aic,0.13031423290203328,0.2697692075589758,16.0,"['pca_1', 'pca_2', 'pca_3', 'pca_4', 'pca_5', 'pca_6', 'pca_7', 'pca_8', 'pca_9', 'pca_10', 'pca_11', 'pca_12', 'pca_13', 'pca_14', 'pca_15', 'throughput_2']",5.978774849092588,
throughput_2,15,pca,dbscan,bic,,,,,0.8639251620043069,The node throughput_2_t1 is not in the digraph.
throughput_2,15,pca,dbscan,aic,0.02033271719038817,0.008350124489903837,14.0,"['pca_1', 'pca_2', 'pca_5', 'pca_6', 'pca_7', 'pca_8', 'pca_9', 'pca_10', 'pca_11', 'pca_12', 'pca_13', 'pca_14', 'pca_15', 'throughput_2']",15.13737521902658,
throughput_2,20,markov,classic_uniform,bic,0.6691312384473198,0.3937634148923888,21.0,"['buffer_size_2', 'cores_1', 'data_quality_1', 'data_quality_3', 'throughput_3', 'python_gc_objects_collected_total_1', 'throughput_1', 'process_cpu_seconds_total_1', 'python_gc_collections_total_1', 'python_gc_collections_total_2', 'python_gc_objects_collected_total_2', 'python_gc_collections_total_3', 'buffer_size_3', 'python_gc_objects_collected_total_3', 'process_resident_memory_bytes_1', 'avg_p_latency_1', 'avg_p_latency_2', 'data_quality_2', 'avg_p_latency_3', 'process_virtual_memory_bytes_1', 'throughput_2']",6.973705674055964,
throughput_2,20,markov,classic_uniform,aic,0.3364140480591497,0.2464434954492065,21.0,"['buffer_size_2', 'cores_1', 'data_quality_1', 'data_quality_3', 'throughput_3', 'python_gc_objects_collected_total_1', 'throughput_1', 'process_cpu_seconds_total_1', 'python_gc_collections_total_1', 'python_gc_collections_total_2', 'python_gc_objects_collected_total_2', 'python_gc_collections_total_3', 'buffer_size_3', 'python_gc_objects_collected_total_3', 'process_resident_memory_bytes_1', 'avg_p_latency_1', 'avg_p_latency_2', 'data_quality_2', 'avg_p_latency_3', 'process_virtual_memory_bytes_1', 'throughput_2']",7.843145110993646,
throughput_2,20,markov,classic_quantile,bic,0.6654343807763401,0.4457754337468623,20.0,"['buffer_size_2', 'data_quality_1', 'data_quality_3', 'throughput_3', 'python_gc_objects_collected_total_1', 'throughput_1', 'process_cpu_seconds_total_1', 'python_gc_collections_total_1', 'python_gc_collections_total_2', 'python_gc_objects_collected_total_2', 'python_gc_collections_total_3', 'buffer_size_3', 'python_gc_objects_collected_total_3', 'process_resident_memory_bytes_1', 'avg_p_latency_1', 'avg_p_latency_2', 'data_quality_2', 'avg_p_latency_3', 'process_virtual_memory_bytes_1', 'throughput_2']",8.049863685038872,
throughput_2,20,markov,classic_quantile,aic,0.0027726432532347504,0.24301586554576704,20.0,"['buffer_size_2', 'data_quality_1', 'data_quality_3', 'throughput_3', 'python_gc_objects_collected_total_1', 'throughput_1', 'process_cpu_seconds_total_1', 'python_gc_collections_total_1', 'python_gc_collections_total_2', 'python_gc_objects_collected_total_2', 'python_gc_collections_total_3', 'buffer_size_3', 'python_gc_objects_collected_total_3', 'process_resident_memory_bytes_1', 'avg_p_latency_1', 'avg_p_latency_2', 'data_quality_2', 'avg_p_latency_3', 'process_virtual_memory_bytes_1', 'throughput_2']",9.413903631968424,
throughput_2,20,markov,kmeans,bic,0.788354898336414,0.3919696787872423,21.0,"['buffer_size_2', 'cores_1', 'data_quality_1', 'data_quality_3', 'throughput_3', 'python_gc_objects_collected_total_1', 'throughput_1', 'process_cpu_seconds_total_1', 'python_gc_collections_total_1', 'python_gc_collections_total_2', 'python_gc_objects_collected_total_2', 'python_gc_collections_total_3', 'buffer_size_3', 'python_gc_objects_collected_total_3', 'process_resident_memory_bytes_1', 'avg_p_latency_1', 'avg_p_latency_2', 'data_quality_2', 'avg_p_latency_3', 'process_virtual_memory_bytes_1', 'throughput_2']",7.859681775094941,
throughput_2,20,markov,kmeans,aic,0.49907578558225507,0.3559139091322921,21.0,"['buffer_size_2', 'cores_1', 'data_quality_1', 'data_quality_3', 'throughput_3', 'python_gc_objects_collected_total_1', 'throughput_1', 'process_cpu_seconds_total_1', 'python_gc_collections_total_1', 'python_gc_collections_total_2', 'python_gc_objects_collected_total_2', 'python_gc_collections_total_3', 'buffer_size_3', 'python_gc_objects_collected_total_3', 'process_resident_memory_bytes_1', 'avg_p_latency_1', 'avg_p_latency_2', 'data_quality_2', 'avg_p_latency_3', 'process_virtual_memory_bytes_1', 'throughput_2']",9.929808710003272,
throughput_2,20,markov,dbscan,bic,0.33271719038817005,0.24058592541093318,17.0,"['buffer_size_2', 'cores_1', 'data_quality_1', 'data_quality_3', 'throughput_3', 'throughput_1', 'python_gc_objects_collected_total_2', 'python_gc_collections_total_3', 'buffer_size_3', 'python_gc_objects_collected_total_3', 'process_resident_memory_bytes_1', 'avg_p_latency_1', 'avg_p_latency_2', 'data_quality_2', 'avg_p_latency_3', 'process_virtual_memory_bytes_1', 'throughput_2']",6.395901557058096,
throughput_2,20,markov,dbscan,aic,0.33548983364140483,0.06459021336388733,17.0,"['buffer_size_2', 'cores_1', 'data_quality_1', 'data_quality_3', 'throughput_3', 'throughput_1', 'python_gc_objects_collected_total_2', 'python_gc_collections_total_3', 'buffer_size_3', 'python_gc_objects_collected_total_3', 'process_resident_memory_bytes_1', 'avg_p_latency_1', 'avg_p_latency_2', 'data_quality_2', 'avg_p_latency_3', 'process_virtual_memory_bytes_1', 'throughput_2']",6.795249721966684,
throughput_2,20,mrmr,classic_uniform,bic,0.6691312384473198,0.3937634148923888,19.0,"['buffer_size_2', 'buffer_size_3', 'throughput_1', 'avg_p_latency_2', 'cores_3', 'data_quality_1', 'throughput_3', 'scrape_duration_seconds_1', 'avg_p_latency_1', 'data_quality_2', 'python_gc_objects_collected_total_1', 'cores_1', 'data_quality_3', 'python_gc_objects_collected_total_3', 'process_virtual_memory_bytes_1', 'avg_p_latency_3', 'cores_2', 'process_resident_memory_bytes_1', 'throughput_2']",28.58943895995617,
throughput_2,20,mrmr,classic_uniform,aic,0.0036968576709796672,0.15766233868630936,19.0,"['buffer_size_2', 'buffer_size_3', 'throughput_1', 'avg_p_latency_2', 'cores_3', 'data_quality_1', 'throughput_3', 'scrape_duration_seconds_1', 'avg_p_latency_1', 'data_quality_2', 'python_gc_objects_collected_total_1', 'cores_1', 'data_quality_3', 'python_gc_objects_collected_total_3', 'process_virtual_memory_bytes_1', 'avg_p_latency_3', 'cores_2', 'process_resident_memory_bytes_1', 'throughput_2']",29.00749614997767,
throughput_2,20,mrmr,classic_quantile,bic,0.6654343807763401,0.4595878745935517,17.0,"['buffer_size_2', 'buffer_size_3', 'throughput_1', 'avg_p_latency_2', 'data_quality_1', 'throughput_3', 'scrape_duration_seconds_1', 'avg_p_latency_1', 'data_quality_2', 'python_gc_objects_collected_total_1', 'data_quality_3', 'python_gc_objects_collected_total_3', 'process_virtual_memory_bytes_1', 'avg_p_latency_3', 'cores_2', 'process_resident_memory_bytes_1', 'throughput_2']",28.490186221082695,
throughput_2,20,mrmr,classic_quantile,aic,0.33271719038817005,0.2497771457062382,17.0,"['buffer_size_2', 'buffer_size_3', 'throughput_1', 'avg_p_latency_2', 'data_quality_1', 'throughput_3', 'scrape_duration_seconds_1', 'avg_p_latency_1', 'data_quality_2', 'python_gc_objects_collected_total_1', 'data_quality_3', 'python_gc_objects_collected_total_3', 'process_virtual_memory_bytes_1', 'avg_p_latency_3', 'cores_2', 'process_resident_memory_bytes_1', 'throughput_2']",29.69214177504182,
throughput_2,20,mrmr,kmeans,bic,0.9870609981515711,0.5278237339105872,19.0,"['buffer_size_2', 'buffer_size_3', 'throughput_1', 'avg_p_latency_2', 'cores_3', 'data_quality_1', 'throughput_3', 'scrape_duration_seconds_1', 'avg_p_latency_1', 'data_quality_2', 'python_gc_objects_collected_total_1', 'cores_1', 'data_quality_3', 'python_gc_objects_collected_total_3', 'process_virtual_memory_bytes_1', 'avg_p_latency_3', 'cores_2', 'process_resident_memory_bytes_1', 'throughput_2']",29.487641540006734,
throughput_2,20,mrmr,kmeans,aic,0.8530499075785583,0.31629975430354484,19.0,"['buffer_size_2', 'buffer_size_3', 'throughput_1', 'avg_p_latency_2', 'cores_3', 'data_quality_1', 'throughput_3', 'scrape_duration_seconds_1', 'avg_p_latency_1', 'data_quality_2', 'python_gc_objects_collected_total_1', 'cores_1', 'data_quality_3', 'python_gc_objects_collected_total_3', 'process_virtual_memory_bytes_1', 'avg_p_latency_3', 'cores_2', 'process_resident_memory_bytes_1', 'throughput_2']",30.25335397699382,
throughput_2,20,mrmr,dbscan,bic,0.33271719038817005,0.24096814838003705,17.0,"['buffer_size_2', 'buffer_size_3', 'throughput_1', 'avg_p_latency_2', 'cores_3', 'data_quality_1', 'throughput_3', 'avg_p_latency_1', 'data_quality_2', 'cores_1', 'data_quality_3', 'python_gc_objects_collected_total_3', 'process_virtual_memory_bytes_1', 'avg_p_latency_3', 'cores_2', 'process_resident_memory_bytes_1', 'throughput_2']",28.27223658503499,
throughput_2,20,mrmr,dbscan,aic,0.33548983364140483,0.06459021336388733,17.0,"['buffer_size_2', 'buffer_size_3', 'throughput_1', 'avg_p_latency_2', 'cores_3', 'data_quality_1', 'throughput_3', 'avg_p_latency_1', 'data_quality_2', 'cores_1', 'data_quality_3', 'python_gc_objects_collected_total_3', 'process_virtual_memory_bytes_1', 'avg_p_latency_3', 'cores_2', 'process_resident_memory_bytes_1', 'throughput_2']",28.74766907794401,
throughput_2,20,pca,classic_uniform,bic,0.3364140480591497,0.2587546844047984,21.0,"['pca_1', 'pca_2', 'pca_3', 'pca_4', 'pca_5', 'pca_6', 'pca_7', 'pca_8', 'pca_9', 'pca_10', 'pca_11', 'pca_12', 'pca_13', 'pca_14', 'pca_15', 'pca_16', 'pca_17', 'pca_18', 'pca_19', 'pca_20', 'throughput_2']",5.649721797090024,
throughput_2,20,pca,classic_uniform,aic,0.3364140480591497,0.25097136882844,21.0,"['pca_1', 'pca_2', 'pca_3', 'pca_4', 'pca_5', 'pca_6', 'pca_7', 'pca_8', 'pca_9', 'pca_10', 'pca_11', 'pca_12', 'pca_13', 'pca_14', 'pca_15', 'pca_16', 'pca_17', 'pca_18', 'pca_19', 'pca_20', 'throughput_2']",8.085221923072822,
throughput_2,20,pca,classic_quantile,bic,0.0,0.24928080783270207,21.0,"['pca_1', 'pca_2', 'pca_3', 'pca_4', 'pca_5', 'pca_6', 'pca_7', 'pca_8', 'pca_9', 'pca_10', 'pca_11', 'pca_12', 'pca_13', 'pca_14', 'pca_15', 'pca_16', 'pca_17', 'pca_18', 'pca_19', 'pca_20', 'throughput_2']",6.895289776031859,
throughput_2,20,pca,classic_quantile,aic,0.28188539741219965,0.37237116489034977,21.0,"['pca_1', 'pca_2', 'pca_3', 'pca_4', 'pca_5', 'pca_6', 'pca_7', 'pca_8', 'pca_9', 'pca_10', 'pca_11', 'pca_12', 'pca_13', 'pca_14', 'pca_15', 'pca_16', 'pca_17', 'pca_18', 'pca_19', 'pca_20', 'throughput_2']",22.635769068961963,
throughput_2,20,pca,kmeans,bic,0.4926062846580407,0.26205100378224594,21.0,"['pca_1', 'pca_2', 'pca_3', 'pca_4', 'pca_5', 'pca_6', 'pca_7', 'pca_8', 'pca_9', 'pca_10', 'pca_11', 'pca_12', 'pca_13', 'pca_14', 'pca_15', 'pca_16', 'pca_17', 'pca_18', 'pca_19', 'pca_20', 'throughput_2']",6.376174060977064,
throughput_2,20,pca,kmeans,aic,0.13031423290203328,0.26793874522468225,21.0,"['pca_1', 'pca_2', 'pca_3', 'pca_4', 'pca_5', 'pca_6', 'pca_7', 'pca_8', 'pca_9', 'pca_10', 'pca_11', 'pca_12', 'pca_13', 'pca_14', 'pca_15', 'pca_16', 'pca_17', 'pca_18', 'pca_19', 'pca_20', 'throughput_2']",9.644071554066613,
throughput_2,20,pca,dbscan,bic,,,,,1.129593376070261,The node throughput_2_t1 is not in the digraph.
throughput_2,20,pca,dbscan,aic,0.02033271719038817,0.008350124489903837,15.0,"['pca_1', 'pca_2', 'pca_5', 'pca_6', 'pca_7', 'pca_8', 'pca_9', 'pca_10', 'pca_11', 'pca_12', 'pca_13', 'pca_14', 'pca_15', 'pca_16', 'throughput_2']",15.68697651696857,
throughput_2,30,markov,classic_uniform,bic,0.33733826247689463,0.2553715508532166,25.0,"['buffer_size_2', 'cores_1', 'data_quality_1', 'data_quality_3', 'throughput_3', 'python_gc_objects_collected_total_1', 'throughput_1', 'process_cpu_seconds_total_1', 'python_gc_collections_total_1', 'python_gc_collections_total_2', 'python_gc_objects_collected_total_2', 'python_gc_collections_total_3', 'buffer_size_3', 'python_gc_objects_collected_total_3', 'process_resident_memory_bytes_1', 'avg_p_latency_1', 'avg_p_latency_2', 'data_quality_2', 'avg_p_latency_3', 'process_virtual_memory_bytes_1', 'scrape_duration_seconds_1', 'cores_3', 'cores_2', 'process_open_fds_1', 'throughput_2']",9.750055395066738,
throughput_2,30,markov,classic_uniform,aic,0.0046210720887245845,0.2698212406045815,25.0,"['buffer_size_2', 'cores_1', 'data_quality_1', 'data_quality_3', 'throughput_3', 'python_gc_objects_collected_total_1', 'throughput_1', 'process_cpu_seconds_total_1', 'python_gc_collections_total_1', 'python_gc_collections_total_2', 'python_gc_objects_collected_total_2', 'python_gc_collections_total_3', 'buffer_size_3', 'python_gc_objects_collected_total_3', 'process_resident_memory_bytes_1', 'avg_p_latency_1', 'avg_p_latency_2', 'data_quality_2', 'avg_p_latency_3', 'process_virtual_memory_bytes_1', 'scrape_duration_seconds_1', 'cores_3', 'cores_2', 'process_open_fds_1', 'throughput_2']",10.340758024016395,
throughput_2,30,markov,classic_quantile,bic,0.6654343807763401,0.45212620764610456,22.0,"['buffer_size_2', 'data_quality_1', 'data_quality_3', 'throughput_3', 'python_gc_objects_collected_total_1', 'throughput_1', 'process_cpu_seconds_total_1', 'python_gc_collections_total_1', 'python_gc_collections_total_2', 'python_gc_objects_collected_total_2', 'python_gc_collections_total_3', 'buffer_size_3', 'python_gc_objects_collected_total_3', 'process_resident_memory_bytes_1', 'avg_p_latency_1', 'avg_p_latency_2', 'data_quality_2', 'avg_p_latency_3', 'process_virtual_memory_bytes_1', 'scrape_duration_seconds_1', 'cores_2', 'throughput_2']",8.268885997007601,
throughput_2,30,markov,classic_quantile,aic,0.33271719038817005,0.2497772349918619,22.0,"['buffer_size_2', 'data_quality_1', 'data_quality_3', 'throughput_3', 'python_gc_objects_collected_total_1', 'throughput_1', 'process_cpu_seconds_total_1', 'python_gc_collections_total_1', 'python_gc_collections_total_2', 'python_gc_objects_collected_total_2', 'python_gc_collections_total_3', 'buffer_size_3', 'python_gc_objects_collected_total_3', 'process_resident_memory_bytes_1', 'avg_p_latency_1', 'avg_p_latency_2', 'data_quality_2', 'avg_p_latency_3', 'process_virtual_memory_bytes_1', 'scrape_duration_seconds_1', 'cores_2', 'throughput_2']",9.027952164993621,
throughput_2,30,markov,kmeans,bic,0.9870609981515711,0.5498937673153097,25.0,"['buffer_size_2', 'cores_1', 'data_quality_1', 'data_quality_3', 'throughput_3', 'python_gc_objects_collected_total_1', 'throughput_1', 'process_cpu_seconds_total_1', 'python_gc_collections_total_1', 'python_gc_collections_total_2', 'python_gc_objects_collected_total_2', 'python_gc_collections_total_3', 'buffer_size_3', 'python_gc_objects_collected_total_3', 'process_resident_memory_bytes_1', 'avg_p_latency_1', 'avg_p_latency_2', 'data_quality_2', 'avg_p_latency_3', 'process_virtual_memory_bytes_1', 'scrape_duration_seconds_1', 'cores_3', 'cores_2', 'process_open_fds_1', 'throughput_2']",10.386885502957739,
throughput_2,30,markov,kmeans,aic,0.9870609981515711,0.39496387522595877,25.0,"['buffer_size_2', 'cores_1', 'data_quality_1', 'data_quality_3', 'throughput_3', 'python_gc_objects_collected_total_1', 'throughput_1', 'process_cpu_seconds_total_1', 'python_gc_collections_total_1', 'python_gc_collections_total_2', 'python_gc_objects_collected_total_2', 'python_gc_collections_total_3', 'buffer_size_3', 'python_gc_objects_collected_total_3', 'process_resident_memory_bytes_1', 'avg_p_latency_1', 'avg_p_latency_2', 'data_quality_2', 'avg_p_latency_3', 'process_virtual_memory_bytes_1', 'scrape_duration_seconds_1', 'cores_3', 'cores_2', 'process_open_fds_1', 'throughput_2']",11.360498785041273,
throughput_2,30,markov,dbscan,bic,0.33271719038817005,0.24096814838003705,20.0,"['buffer_size_2', 'cores_1', 'data_quality_1', 'data_quality_3', 'throughput_3', 'throughput_1', 'python_gc_objects_collected_total_2', 'python_gc_collections_total_3', 'buffer_size_3', 'python_gc_objects_collected_total_3', 'process_resident_memory_bytes_1', 'avg_p_latency_1', 'avg_p_latency_2', 'data_quality_2', 'avg_p_latency_3', 'process_virtual_memory_bytes_1', 'cores_3', 'cores_2', 'process_open_fds_1', 'throughput_2']",6.935057959053665,
throughput_2,30,markov,dbscan,aic,0.33548983364140483,0.06459021336388732,20.0,"['buffer_size_2', 'cores_1', 'data_quality_1', 'data_quality_3', 'throughput_3', 'throughput_1', 'python_gc_objects_collected_total_2', 'python_gc_collections_total_3', 'buffer_size_3', 'python_gc_objects_collected_total_3', 'process_resident_memory_bytes_1', 'avg_p_latency_1', 'avg_p_latency_2', 'data_quality_2', 'avg_p_latency_3', 'process_virtual_memory_bytes_1', 'cores_3', 'cores_2', 'process_open_fds_1', 'throughput_2']",8.323876825976186,
throughput_2,30,mrmr,classic_uniform,bic,0.33733826247689463,0.2554257207771377,24.0,"['buffer_size_2', 'buffer_size_3', 'throughput_1', 'avg_p_latency_2', 'cores_3', 'data_quality_1', 'throughput_3', 'scrape_duration_seconds_1', 'avg_p_latency_1', 'data_quality_2', 'python_gc_objects_collected_total_1', 'cores_1', 'data_quality_3', 'python_gc_objects_collected_total_3', 'process_virtual_memory_bytes_1', 'avg_p_latency_3', 'cores_2', 'process_resident_memory_bytes_1', 'process_cpu_seconds_total_1', 'python_gc_collections_total_3', 'process_open_fds_1', 'python_gc_objects_collected_total_2', 'python_gc_collections_total_1', 'throughput_2']",45.1371325670043,
throughput_2,30,mrmr,classic_uniform,aic,0.0046210720887245845,0.26982124060458157,24.0,"['buffer_size_2', 'buffer_size_3', 'throughput_1', 'avg_p_latency_2', 'cores_3', 'data_quality_1', 'throughput_3', 'scrape_duration_seconds_1', 'avg_p_latency_1', 'data_quality_2', 'python_gc_objects_collected_total_1', 'cores_1', 'data_quality_3', 'python_gc_objects_collected_total_3', 'process_virtual_memory_bytes_1', 'avg_p_latency_3', 'cores_2', 'process_resident_memory_bytes_1', 'process_cpu_seconds_total_1', 'python_gc_collections_total_3', 'process_open_fds_1', 'python_gc_objects_collected_total_2', 'python_gc_collections_total_1', 'throughput_2']",45.076151487999596,
throughput_2,30,mrmr,classic_quantile,bic,0.6654343807763401,0.4521262076461046,21.0,"['buffer_size_2', 'buffer_size_3', 'throughput_1', 'avg_p_latency_2', 'data_quality_1', 'throughput_3', 'scrape_duration_seconds_1', 'avg_p_latency_1', 'data_quality_2', 'python_gc_objects_collected_total_1', 'data_quality_3', 'python_gc_objects_collected_total_3', 'process_virtual_memory_bytes_1', 'avg_p_latency_3', 'cores_2', 'process_resident_memory_bytes_1', 'process_cpu_seconds_total_1', 'python_gc_collections_total_3', 'python_gc_objects_collected_total_2', 'python_gc_collections_total_1', 'throughput_2']",43.54235159000382,
throughput_2,30,mrmr,classic_quantile,aic,0.33271719038817005,0.24976997901203277,21.0,"['buffer_size_2', 'buffer_size_3', 'throughput_1', 'avg_p_latency_2', 'data_quality_1', 'throughput_3', 'scrape_duration_seconds_1', 'avg_p_latency_1', 'data_quality_2', 'python_gc_objects_collected_total_1', 'data_quality_3', 'python_gc_objects_collected_total_3', 'process_virtual_memory_bytes_1', 'avg_p_latency_3', 'cores_2', 'process_resident_memory_bytes_1', 'process_cpu_seconds_total_1', 'python_gc_collections_total_3', 'python_gc_objects_collected_total_2', 'python_gc_collections_total_1', 'throughput_2']",44.391336956992745,
throughput_2,30,mrmr,kmeans,bic,0.9870609981515711,0.5498937673153096,24.0,"['buffer_size_2', 'buffer_size_3', 'throughput_1', 'avg_p_latency_2', 'cores_3', 'data_quality_1', 'throughput_3', 'scrape_duration_seconds_1', 'avg_p_latency_1', 'data_quality_2', 'python_gc_objects_collected_total_1', 'cores_1', 'data_quality_3', 'python_gc_objects_collected_total_3', 'process_virtual_memory_bytes_1', 'avg_p_latency_3', 'cores_2', 'process_resident_memory_bytes_1', 'process_cpu_seconds_total_1', 'python_gc_collections_total_3', 'process_open_fds_1', 'python_gc_objects_collected_total_2', 'python_gc_collections_total_1', 'throughput_2']",45.37836429395247,
throughput_2,30,mrmr,kmeans,aic,0.9870609981515711,0.3749139062879999,24.0,"['buffer_size_2', 'buffer_size_3', 'throughput_1', 'avg_p_latency_2', 'cores_3', 'data_quality_1', 'throughput_3', 'scrape_duration_seconds_1', 'avg_p_latency_1', 'data_quality_2', 'python_gc_objects_collected_total_1', 'cores_1', 'data_quality_3', 'python_gc_objects_collected_total_3', 'process_virtual_memory_bytes_1', 'avg_p_latency_3', 'cores_2', 'process_resident_memory_bytes_1', 'process_cpu_seconds_total_1', 'python_gc_collections_total_3', 'process_open_fds_1', 'python_gc_objects_collected_total_2', 'python_gc_collections_total_1', 'throughput_2']",45.16580557799898,
throughput_2,30,mrmr,dbscan,bic,0.33271719038817005,0.2409681483800371,20.0,"['buffer_size_2', 'buffer_size_3', 'throughput_1', 'avg_p_latency_2', 'cores_3', 'data_quality_1', 'throughput_3', 'avg_p_latency_1', 'data_quality_2', 'cores_1', 'data_quality_3', 'python_gc_objects_collected_total_3', 'process_virtual_memory_bytes_1', 'avg_p_latency_3', 'cores_2', 'process_resident_memory_bytes_1', 'python_gc_collections_total_3', 'process_open_fds_1', 'python_gc_objects_collected_total_2', 'throughput_2']",42.57178859307896,
throughput_2,30,mrmr,dbscan,aic,0.33548983364140483,0.06459021336388733,20.0,"['buffer_size_2', 'buffer_size_3', 'throughput_1', 'avg_p_latency_2', 'cores_3', 'data_quality_1', 'throughput_3', 'avg_p_latency_1', 'data_quality_2', 'cores_1', 'data_quality_3', 'python_gc_objects_collected_total_3', 'process_virtual_memory_bytes_1', 'avg_p_latency_3', 'cores_2', 'process_resident_memory_bytes_1', 'python_gc_collections_total_3', 'process_open_fds_1', 'python_gc_objects_collected_total_2', 'throughput_2']",43.35414610605221,
throughput_2,30,pca,classic_uniform,bic,0.3364140480591497,0.2570474266950352,31.0,"['pca_1', 'pca_2', 'pca_3', 'pca_4', 'pca_5', 'pca_6', 'pca_7', 'pca_8', 'pca_9', 'pca_10', 'pca_11', 'pca_12', 'pca_13', 'pca_14', 'pca_15', 'pca_16', 'pca_17', 'pca_18', 'pca_19', 'pca_20', 'pca_21', 'pca_22', 'pca_23', 'pca_24', 'pca_25', 'pca_26', 'pca_27', 'pca_28', 'pca_29', 'pca_30', 'throughput_2']",13.047567347995937,
throughput_2,30,pca,classic_uniform,aic,0.3364140480591497,0.2509434542143219,31.0,"['pca_1', 'pca_2', 'pca_3', 'pca_4', 'pca_5', 'pca_6', 'pca_7', 'pca_8', 'pca_9', 'pca_10', 'pca_11', 'pca_12', 'pca_13', 'pca_14', 'pca_15', 'pca_16', 'pca_17', 'pca_18', 'pca_19', 'pca_20', 'pca_21', 'pca_22', 'pca_23', 'pca_24', 'pca_25', 'pca_26', 'pca_27', 'pca_28', 'pca_29', 'pca_30', 'throughput_2']",16.06409730098676,
throughput_2,30,pca,classic_quantile,bic,0.0,0.22081389394457301,25.0,"['pca_1', 'pca_2', 'pca_3', 'pca_4', 'pca_5', 'pca_6', 'pca_7', 'pca_8', 'pca_9', 'pca_10', 'pca_11', 'pca_12', 'pca_13', 'pca_14', 'pca_15', 'pca_16', 'pca_17', 'pca_18', 'pca_19', 'pca_20', 'pca_21', 'pca_22', 'pca_23', 'pca_24', 'throughput_2']",10.464672571979463,
throughput_2,30,pca,classic_quantile,aic,0.0009242144177449168,0.24733212814287034,25.0,"['pca_1', 'pca_2', 'pca_3', 'pca_4', 'pca_5', 'pca_6', 'pca_7', 'pca_8', 'pca_9', 'pca_10', 'pca_11', 'pca_12', 'pca_13', 'pca_14', 'pca_15', 'pca_16', 'pca_17', 'pca_18', 'pca_19', 'pca_20', 'pca_21', 'pca_22', 'pca_23', 'pca_24', 'throughput_2']",30.25209269404877,
throughput_2,30,pca,kmeans,bic,0.4926062846580407,0.26216937934949297,25.0,"['pca_1', 'pca_2', 'pca_3', 'pca_4', 'pca_5', 'pca_6', 'pca_7', 'pca_8', 'pca_9', 'pca_10', 'pca_11', 'pca_12', 'pca_13', 'pca_14', 'pca_15', 'pca_16', 'pca_17', 'pca_18', 'pca_19', 'pca_20', 'pca_21', 'pca_22', 'pca_23', 'pca_24', 'throughput_2']",7.999389849952422,
throughput_2,30,pca,kmeans,aic,0.13031423290203328,0.2597951708750232,25.0,"['pca_1', 'pca_2', 'pca_3', 'pca_4', 'pca_5', 'pca_6', 'pca_7', 'pca_8', 'pca_9', 'pca_10', 'pca_11', 'pca_12', 'pca_13', 'pca_14', 'pca_15', 'pca_16', 'pca_17', 'pca_18', 'pca_19', 'pca_20', 'pca_21', 'pca_22', 'pca_23', 'pca_24', 'throughput_2']",12.936896333936602,
throughput_2,30,pca,dbscan,bic,,,,,2.0856322870822623,The node throughput_2_t1 is not in the digraph.
throughput_2,30,pca,dbscan,aic,0.02033271719038817,0.008350124489903837,15.0,"['pca_1', 'pca_2', 'pca_5', 'pca_6', 'pca_7', 'pca_8', 'pca_9', 'pca_10', 'pca_11', 'pca_12', 'pca_13', 'pca_14', 'pca_15', 'pca_16', 'throughput_2']",16.72610743297264,
throughput_2,50,markov,classic_uniform,bic,0.33733826247689463,0.2553715508532166,25.0,"['buffer_size_2', 'cores_1', 'data_quality_1', 'data_quality_3', 'throughput_3', 'python_gc_objects_collected_total_1', 'throughput_1', 'process_cpu_seconds_total_1', 'python_gc_collections_total_1', 'python_gc_collections_total_2', 'python_gc_objects_collected_total_2', 'python_gc_collections_total_3', 'buffer_size_3', 'python_gc_objects_collected_total_3', 'process_resident_memory_bytes_1', 'avg_p_latency_1', 'avg_p_latency_2', 'data_quality_2', 'avg_p_latency_3', 'process_virtual_memory_bytes_1', 'scrape_duration_seconds_1', 'cores_3', 'cores_2', 'process_open_fds_1', 'throughput_2']",10.56494642002508,
throughput_2,50,markov,classic_uniform,aic,0.0046210720887245845,0.2698212406045815,25.0,"['buffer_size_2', 'cores_1', 'data_quality_1', 'data_quality_3', 'throughput_3', 'python_gc_objects_collected_total_1', 'throughput_1', 'process_cpu_seconds_total_1', 'python_gc_collections_total_1', 'python_gc_collections_total_2', 'python_gc_objects_collected_total_2', 'python_gc_collections_total_3', 'buffer_size_3', 'python_gc_objects_collected_total_3', 'process_resident_memory_bytes_1', 'avg_p_latency_1', 'avg_p_latency_2', 'data_quality_2', 'avg_p_latency_3', 'process_virtual_memory_bytes_1', 'scrape_duration_seconds_1', 'cores_3', 'cores_2', 'process_open_fds_1', 'throughput_2']",10.970769639010541,
throughput_2,50,markov,classic_quantile,bic,0.6654343807763401,0.45212620764610456,22.0,"['buffer_size_2', 'data_quality_1', 'data_quality_3', 'throughput_3', 'python_gc_objects_collected_total_1', 'throughput_1', 'process_cpu_seconds_total_1', 'python_gc_collections_total_1', 'python_gc_collections_total_2', 'python_gc_objects_collected_total_2', 'python_gc_collections_total_3', 'buffer_size_3', 'python_gc_objects_collected_total_3', 'process_resident_memory_bytes_1', 'avg_p_latency_1', 'avg_p_latency_2', 'data_quality_2', 'avg_p_latency_3', 'process_virtual_memory_bytes_1', 'scrape_duration_seconds_1', 'cores_2', 'throughput_2']",8.376410388969816,
throughput_2,50,markov,classic_quantile,aic,0.33271719038817005,0.2497772349918619,22.0,"['buffer_size_2', 'data_quality_1', 'data_quality_3', 'throughput_3', 'python_gc_objects_collected_total_1', 'throughput_1', 'process_cpu_seconds_total_1', 'python_gc_collections_total_1', 'python_gc_collections_total_2', 'python_gc_objects_collected_total_2', 'python_gc_collections_total_3', 'buffer_size_3', 'python_gc_objects_collected_total_3', 'process_resident_memory_bytes_1', 'avg_p_latency_1', 'avg_p_latency_2', 'data_quality_2', 'avg_p_latency_3', 'process_virtual_memory_bytes_1', 'scrape_duration_seconds_1', 'cores_2', 'throughput_2']",9.013214688980952,
throughput_2,50,markov,kmeans,bic,0.9870609981515711,0.5498937673153097,25.0,"['buffer_size_2', 'cores_1', 'data_quality_1', 'data_quality_3', 'throughput_3', 'python_gc_objects_collected_total_1', 'throughput_1', 'process_cpu_seconds_total_1', 'python_gc_collections_total_1', 'python_gc_collections_total_2', 'python_gc_objects_collected_total_2', 'python_gc_collections_total_3', 'buffer_size_3', 'python_gc_objects_collected_total_3', 'process_resident_memory_bytes_1', 'avg_p_latency_1', 'avg_p_latency_2', 'data_quality_2', 'avg_p_latency_3', 'process_virtual_memory_bytes_1', 'scrape_duration_seconds_1', 'cores_3', 'cores_2', 'process_open_fds_1', 'throughput_2']",10.273854444967583,
throughput_2,50,markov,kmeans,aic,0.9870609981515711,0.39496387522595877,25.0,"['buffer_size_2', 'cores_1', 'data_quality_1', 'data_quality_3', 'throughput_3', 'python_gc_objects_collected_total_1', 'throughput_1', 'process_cpu_seconds_total_1', 'python_gc_collections_total_1', 'python_gc_collections_total_2', 'python_gc_objects_collected_total_2', 'python_gc_collections_total_3', 'buffer_size_3', 'python_gc_objects_collected_total_3', 'process_resident_memory_bytes_1', 'avg_p_latency_1', 'avg_p_latency_2', 'data_quality_2', 'avg_p_latency_3', 'process_virtual_memory_bytes_1', 'scrape_duration_seconds_1', 'cores_3', 'cores_2', 'process_open_fds_1', 'throughput_2']",11.440652398974635,
throughput_2,50,markov,dbscan,bic,0.33271719038817005,0.24096814838003705,20.0,"['buffer_size_2', 'cores_1', 'data_quality_1', 'data_quality_3', 'throughput_3', 'throughput_1', 'python_gc_objects_collected_total_2', 'python_gc_collections_total_3', 'buffer_size_3', 'python_gc_objects_collected_total_3', 'process_resident_memory_bytes_1', 'avg_p_latency_1', 'avg_p_latency_2', 'data_quality_2', 'avg_p_latency_3', 'process_virtual_memory_bytes_1', 'cores_3', 'cores_2', 'process_open_fds_1', 'throughput_2']",6.996573462965898,
throughput_2,50,markov,dbscan,aic,0.33548983364140483,0.06459021336388732,20.0,"['buffer_size_2', 'cores_1', 'data_quality_1', 'data_quality_3', 'throughput_3', 'throughput_1', 'python_gc_objects_collected_total_2', 'python_gc_collections_total_3', 'buffer_size_3', 'python_gc_objects_collected_total_3', 'process_resident_memory_bytes_1', 'avg_p_latency_1', 'avg_p_latency_2', 'data_quality_2', 'avg_p_latency_3', 'process_virtual_memory_bytes_1', 'cores_3', 'cores_2', 'process_open_fds_1', 'throughput_2']",8.563500560005195,
throughput_2,50,mrmr,classic_uniform,bic,0.33733826247689463,0.2553715508532166,25.0,"['buffer_size_2', 'buffer_size_3', 'throughput_1', 'avg_p_latency_2', 'cores_3', 'data_quality_1', 'throughput_3', 'scrape_duration_seconds_1', 'avg_p_latency_1', 'data_quality_2', 'python_gc_objects_collected_total_1', 'cores_1', 'data_quality_3', 'python_gc_objects_collected_total_3', 'process_virtual_memory_bytes_1', 'avg_p_latency_3', 'cores_2', 'process_resident_memory_bytes_1', 'process_cpu_seconds_total_1', 'python_gc_collections_total_3', 'process_open_fds_1', 'python_gc_objects_collected_total_2', 'python_gc_collections_total_1', 'python_gc_collections_total_2', 'throughput_2']",46.47054306801874,
throughput_2,50,mrmr,classic_uniform,aic,0.0046210720887245845,0.2698212406045815,25.0,"['buffer_size_2', 'buffer_size_3', 'throughput_1', 'avg_p_latency_2', 'cores_3', 'data_quality_1', 'throughput_3', 'scrape_duration_seconds_1', 'avg_p_latency_1', 'data_quality_2', 'python_gc_objects_collected_total_1', 'cores_1', 'data_quality_3', 'python_gc_objects_collected_total_3', 'process_virtual_memory_bytes_1', 'avg_p_latency_3', 'cores_2', 'process_resident_memory_bytes_1', 'process_cpu_seconds_total_1', 'python_gc_collections_total_3', 'process_open_fds_1', 'python_gc_objects_collected_total_2', 'python_gc_collections_total_1', 'python_gc_collections_total_2', 'throughput_2']",47.9021395619493,
throughput_2,50,mrmr,classic_quantile,bic,0.6654343807763401,0.45212620764610456,22.0,"['buffer_size_2', 'buffer_size_3', 'throughput_1', 'avg_p_latency_2', 'data_quality_1', 'throughput_3', 'scrape_duration_seconds_1', 'avg_p_latency_1', 'data_quality_2', 'python_gc_objects_collected_total_1', 'data_quality_3', 'python_gc_objects_collected_total_3', 'process_virtual_memory_bytes_1', 'avg_p_latency_3', 'cores_2', 'process_resident_memory_bytes_1', 'process_cpu_seconds_total_1', 'python_gc_collections_total_3', 'python_gc_objects_collected_total_2', 'python_gc_collections_total_1', 'python_gc_collections_total_2', 'throughput_2']",45.06875530106481,
throughput_2,50,mrmr,classic_quantile,aic,0.33271719038817005,0.2497772349918619,22.0,"['buffer_size_2', 'buffer_size_3', 'throughput_1', 'avg_p_latency_2', 'data_quality_1', 'throughput_3', 'scrape_duration_seconds_1', 'avg_p_latency_1', 'data_quality_2', 'python_gc_objects_collected_total_1', 'data_quality_3', 'python_gc_objects_collected_total_3', 'process_virtual_memory_bytes_1', 'avg_p_latency_3', 'cores_2', 'process_resident_memory_bytes_1', 'process_cpu_seconds_total_1', 'python_gc_collections_total_3', 'python_gc_objects_collected_total_2', 'python_gc_collections_total_1', 'python_gc_collections_total_2', 'throughput_2']",45.80599641194567,
throughput_2,50,mrmr,kmeans,bic,0.9870609981515711,0.5498937673153096,25.0,"['buffer_size_2', 'buffer_size_3', 'throughput_1', 'avg_p_latency_2', 'cores_3', 'data_quality_1', 'throughput_3', 'scrape_duration_seconds_1', 'avg_p_latency_1', 'data_quality_2', 'python_gc_objects_collected_total_1', 'cores_1', 'data_quality_3', 'python_gc_objects_collected_total_3', 'process_virtual_memory_bytes_1', 'avg_p_latency_3', 'cores_2', 'process_resident_memory_bytes_1', 'process_cpu_seconds_total_1', 'python_gc_collections_total_3', 'process_open_fds_1', 'python_gc_objects_collected_total_2', 'python_gc_collections_total_1', 'python_gc_collections_total_2', 'throughput_2']",47.67423940799199,
throughput_2,50,mrmr,kmeans,aic,0.9870609981515711,0.3949638752259587,25.0,"['buffer_size_2', 'buffer_size_3', 'throughput_1', 'avg_p_latency_2', 'cores_3', 'data_quality_1', 'throughput_3', 'scrape_duration_seconds_1', 'avg_p_latency_1', 'data_quality_2', 'python_gc_objects_collected_total_1', 'cores_1', 'data_quality_3', 'python_gc_objects_collected_total_3', 'process_virtual_memory_bytes_1', 'avg_p_latency_3', 'cores_2', 'process_resident_memory_bytes_1', 'process_cpu_seconds_total_1', 'python_gc_collections_total_3', 'process_open_fds_1', 'python_gc_objects_collected_total_2', 'python_gc_collections_total_1', 'python_gc_collections_total_2', 'throughput_2']",48.17731357901357,
throughput_2,50,mrmr,dbscan,bic,0.33271719038817005,0.2409681483800371,20.0,"['buffer_size_2', 'buffer_size_3', 'throughput_1', 'avg_p_latency_2', 'cores_3', 'data_quality_1', 'throughput_3', 'avg_p_latency_1', 'data_quality_2', 'cores_1', 'data_quality_3', 'python_gc_objects_collected_total_3', 'process_virtual_memory_bytes_1', 'avg_p_latency_3', 'cores_2', 'process_resident_memory_bytes_1', 'python_gc_collections_total_3', 'process_open_fds_1', 'python_gc_objects_collected_total_2', 'throughput_2']",44.47660935600288,
throughput_2,50,mrmr,dbscan,aic,0.33548983364140483,0.06459021336388733,20.0,"['buffer_size_2', 'buffer_size_3', 'throughput_1', 'avg_p_latency_2', 'cores_3', 'data_quality_1', 'throughput_3', 'avg_p_latency_1', 'data_quality_2', 'cores_1', 'data_quality_3', 'python_gc_objects_collected_total_3', 'process_virtual_memory_bytes_1', 'avg_p_latency_3', 'cores_2', 'process_resident_memory_bytes_1', 'python_gc_collections_total_3', 'process_open_fds_1', 'python_gc_objects_collected_total_2', 'throughput_2']",45.27362514100969,
throughput_2,50,pca,classic_uniform,bic,0.3364140480591497,0.25608607998770033,35.0,"['pca_1', 'pca_2', 'pca_3', 'pca_4', 'pca_5', 'pca_6', 'pca_7', 'pca_8', 'pca_9', 'pca_10', 'pca_11', 'pca_12', 'pca_13', 'pca_14', 'pca_15', 'pca_16', 'pca_17', 'pca_18', 'pca_19', 'pca_20', 'pca_21', 'pca_22', 'pca_23', 'pca_24', 'pca_25', 'pca_26', 'pca_27', 'pca_28', 'pca_29', 'pca_30', 'pca_31', 'pca_32', 'pca_33', 'pca_34', 'throughput_2']",16.52180315402802,
throughput_2,50,pca,classic_uniform,aic,0.3364140480591497,0.250904720052586,35.0,"['pca_1', 'pca_2', 'pca_3', 'pca_4', 'pca_5', 'pca_6', 'pca_7', 'pca_8', 'pca_9', 'pca_10', 'pca_11', 'pca_12', 'pca_13', 'pca_14', 'pca_15', 'pca_16', 'pca_17', 'pca_18', 'pca_19', 'pca_20', 'pca_21', 'pca_22', 'pca_23', 'pca_24', 'pca_25', 'pca_26', 'pca_27', 'pca_28', 'pca_29', 'pca_30', 'pca_31', 'pca_32', 'pca_33', 'pca_34', 'throughput_2']",20.332719890982844,
throughput_2,50,pca,classic_quantile,bic,0.0,0.220813893944573,27.0,"['pca_1', 'pca_2', 'pca_3', 'pca_4', 'pca_5', 'pca_6', 'pca_7', 'pca_8', 'pca_9', 'pca_10', 'pca_11', 'pca_12', 'pca_13', 'pca_14', 'pca_15', 'pca_16', 'pca_17', 'pca_18', 'pca_19', 'pca_20', 'pca_21', 'pca_22', 'pca_23', 'pca_24', 'pca_33', 'pca_34', 'throughput_2']",12.025732335983776,
throughput_2,50,pca,classic_quantile,aic,0.0009242144177449168,0.24725680552154583,27.0,"['pca_1', 'pca_2', 'pca_3', 'pca_4', 'pca_5', 'pca_6', 'pca_7', 'pca_8', 'pca_9', 'pca_10', 'pca_11', 'pca_12', 'pca_13', 'pca_14', 'pca_15', 'pca_16', 'pca_17', 'pca_18', 'pca_19', 'pca_20', 'pca_21', 'pca_22', 'pca_23', 'pca_24', 'pca_33', 'pca_34', 'throughput_2']",34.31944642495364,
throughput_2,50,pca,kmeans,bic,0.3687615526802218,0.25961352648803576,27.0,"['pca_1', 'pca_2', 'pca_3', 'pca_4', 'pca_5', 'pca_6', 'pca_7', 'pca_8', 'pca_9', 'pca_10', 'pca_11', 'pca_12', 'pca_13', 'pca_14', 'pca_15', 'pca_16', 'pca_17', 'pca_18', 'pca_19', 'pca_20', 'pca_21', 'pca_22', 'pca_23', 'pca_24', 'pca_33', 'pca_34', 'throughput_2']",9.317619621986523,
throughput_2,50,pca,kmeans,aic,0.13031423290203328,0.25880701155796987,27.0,"['pca_1', 'pca_2', 'pca_3', 'pca_4', 'pca_5', 'pca_6', 'pca_7', 'pca_8', 'pca_9', 'pca_10', 'pca_11', 'pca_12', 'pca_13', 'pca_14', 'pca_15', 'pca_16', 'pca_17', 'pca_18', 'pca_19', 'pca_20', 'pca_21', 'pca_22', 'pca_23', 'pca_24', 'pca_33', 'pca_34', 'throughput_2']",15.755240903003141,
throughput_2,50,pca,dbscan,bic,,,,,2.2970890450524166,The node throughput_2_t1 is not in the digraph.
throughput_2,50,pca,dbscan,aic,0.02033271719038817,0.008350124489903837,15.0,"['pca_1', 'pca_2', 'pca_5', 'pca_6', 'pca_7', 'pca_8', 'pca_9', 'pca_10', 'pca_11', 'pca_12', 'pca_13', 'pca_14', 'pca_15', 'pca_16', 'throughput_2']",17.406839243951254,
throughput_3,3,markov,classic_uniform,bic,0.0009242144177449168,0.27069762831809674,4.0,"['throughput_2', 'data_quality_3', 'buffer_size_3', 'throughput_3']",3.6221980958944187,
throughput_3,3,markov,classic_uniform,aic,0.0009242144177449168,0.360658147468488,4.0,"['throughput_2', 'data_quality_3', 'buffer_size_3', 'throughput_3']",3.5363277749856934,
throughput_3,3,markov,classic_quantile,bic,0.6682070240295749,0.37191190933783175,4.0,"['throughput_2', 'data_quality_3', 'buffer_size_3', 'throughput_3']",4.069689583033323,
throughput_3,3,markov,classic_quantile,aic,1.0,0.37128789591441574,4.0,"['throughput_2', 'data_quality_3', 'buffer_size_3', 'throughput_3']",4.156342271948233,
throughput_3,3,markov,kmeans,bic,0.0009242144177449168,0.2620836402053504,4.0,"['throughput_2', 'data_quality_3', 'buffer_size_3', 'throughput_3']",4.042994481045753,
throughput_3,3,markov,kmeans,aic,0.0009242144177449168,0.30176568483725763,4.0,"['throughput_2', 'data_quality_3', 'buffer_size_3', 'throughput_3']",4.017516741994768,
throughput_3,3,markov,dbscan,bic,0.0,0.011444509650921057,4.0,"['throughput_2', 'data_quality_3', 'buffer_size_3', 'throughput_3']",3.6089570730691776,
throughput_3,3,markov,dbscan,aic,0.0,0.016258645192200785,4.0,"['throughput_2', 'data_quality_3', 'buffer_size_3', 'throughput_3']",14.777270107995719,
throughput_3,3,mrmr,classic_uniform,bic,1.0,0.7538062283737024,3.0,"['buffer_size_3', 'process_cpu_seconds_total_1', 'throughput_3']",1.0279225070262328,
throughput_3,3,mrmr,classic_uniform,aic,1.0,0.9962686567164177,3.0,"['buffer_size_3', 'process_cpu_seconds_total_1', 'throughput_3']",1.0481294610071927,
throughput_3,3,mrmr,classic_quantile,bic,1.0,0.5365431103948428,3.0,"['buffer_size_3', 'process_cpu_seconds_total_1', 'throughput_3']",1.0487822979921475,
throughput_3,3,mrmr,classic_quantile,aic,0.0,0.39577996243041735,3.0,"['buffer_size_3', 'process_cpu_seconds_total_1', 'throughput_3']",1.0743882469832897,
throughput_3,3,mrmr,kmeans,bic,1.0,0.42516361374416733,3.0,"['buffer_size_3', 'process_cpu_seconds_total_1', 'throughput_3']",1.042147336062044,
throughput_3,3,mrmr,kmeans,aic,1.0,0.9959162766491303,3.0,"['buffer_size_3', 'process_cpu_seconds_total_1', 'throughput_3']",1.0868797770235687,
throughput_3,3,mrmr,dbscan,bic,,,,,0.8527991360751912,The node throughput_3_t1 is not in the digraph.
throughput_3,3,mrmr,dbscan,aic,0.0,0.04098884760124082,2.0,"['buffer_size_3', 'throughput_3']",1.0467176139354706,
throughput_3,3,pca,classic_uniform,bic,1.0,0.9669244379008117,4.0,"['pca_1', 'pca_2', 'pca_3', 'throughput_3']",0.4055893380427733,
throughput_3,3,pca,classic_uniform,aic,1.0,0.9873230480282102,4.0,"['pca_1', 'pca_2', 'pca_3', 'throughput_3']",0.4575641549890861,
throughput_3,3,pca,classic_quantile,bic,1.0,0.9689492919083679,4.0,"['pca_1', 'pca_2', 'pca_3', 'throughput_3']",0.35565593000501394,
throughput_3,3,pca,classic_quantile,aic,0.0,0.3039419087136929,4.0,"['pca_1', 'pca_2', 'pca_3', 'throughput_3']",0.35738500498700887,
throughput_3,3,pca,kmeans,bic,1.0,0.9914855077019433,4.0,"['pca_1', 'pca_2', 'pca_3', 'throughput_3']",0.4951719809323549,
throughput_3,3,pca,kmeans,aic,1.0,0.9902745733009816,4.0,"['pca_1', 'pca_2', 'pca_3', 'throughput_3']",0.40328023000620306,
throughput_3,3,pca,dbscan,bic,,,,,0.057943213963881135,The node throughput_3_t1 is not in the digraph.
throughput_3,3,pca,dbscan,aic,0.0,0.05029215055099526,3.0,"['pca_1', 'pca_2', 'throughput_3']",0.5298511430155486,
throughput_3,5,markov,classic_uniform,bic,1.0,0.28839089546830554,6.0,"['throughput_2', 'data_quality_3', 'buffer_size_3', 'process_cpu_seconds_total_1', 'python_gc_objects_collected_total_1', 'throughput_3']",4.344118955079466,
throughput_3,5,markov,classic_uniform,aic,1.0,0.29838978940539346,6.0,"['throughput_2', 'data_quality_3', 'buffer_size_3', 'process_cpu_seconds_total_1', 'python_gc_objects_collected_total_1', 'throughput_3']",3.943480778951198,
throughput_3,5,markov,classic_quantile,bic,0.6682070240295749,0.4338452740965831,6.0,"['throughput_2', 'data_quality_3', 'buffer_size_3', 'process_cpu_seconds_total_1', 'python_gc_objects_collected_total_1', 'throughput_3']",4.160070591024123,
throughput_3,5,markov,classic_quantile,aic,0.6682070240295749,0.39642791735830335,6.0,"['throughput_2', 'data_quality_3', 'buffer_size_3', 'process_cpu_seconds_total_1', 'python_gc_objects_collected_total_1', 'throughput_3']",4.037231289898045,
throughput_3,5,markov,kmeans,bic,0.6682070240295749,0.3153788575264515,6.0,"['throughput_2', 'data_quality_3', 'buffer_size_3', 'process_cpu_seconds_total_1', 'python_gc_objects_collected_total_1', 'throughput_3']",4.339447987964377,
throughput_3,5,markov,kmeans,aic,0.0009242144177449168,0.2240083651251474,6.0,"['throughput_2', 'data_quality_3', 'buffer_size_3', 'process_cpu_seconds_total_1', 'python_gc_objects_collected_total_1', 'throughput_3']",3.72384332108777,
throughput_3,5,markov,dbscan,bic,0.0,0.011444509650921057,4.0,"['throughput_2', 'data_quality_3', 'buffer_size_3', 'throughput_3']",3.6584875570842996,
throughput_3,5,markov,dbscan,aic,0.0,0.016258645192200785,4.0,"['throughput_2', 'data_quality_3', 'buffer_size_3', 'throughput_3']",13.468536223983392,
throughput_3,5,mrmr,classic_uniform,bic,1.0,0.9797884696729553,5.0,"['buffer_size_3', 'process_cpu_seconds_total_1', 'throughput_2', 'avg_p_latency_3', 'throughput_3']",2.4112990520661697,
throughput_3,5,mrmr,classic_uniform,aic,1.0,0.9645831644763219,5.0,"['buffer_size_3', 'process_cpu_seconds_total_1', 'throughput_2', 'avg_p_latency_3', 'throughput_3']",2.424527939991094,
throughput_3,5,mrmr,classic_quantile,bic,1.0,0.5781305718710793,5.0,"['buffer_size_3', 'process_cpu_seconds_total_1', 'throughput_2', 'avg_p_latency_3', 'throughput_3']",2.44831675500609,
throughput_3,5,mrmr,classic_quantile,aic,1.0,0.5526196364592693,5.0,"['buffer_size_3', 'process_cpu_seconds_total_1', 'throughput_2', 'avg_p_latency_3', 'throughput_3']",2.781274901004508,
throughput_3,5,mrmr,kmeans,bic,1.0,0.9916244926005703,5.0,"['buffer_size_3', 'process_cpu_seconds_total_1', 'throughput_2', 'avg_p_latency_3', 'throughput_3']",2.412532242015004,
throughput_3,5,mrmr,kmeans,aic,1.0,0.9869967015513134,5.0,"['buffer_size_3', 'process_cpu_seconds_total_1', 'throughput_2', 'avg_p_latency_3', 'throughput_3']",2.490063122007996,
throughput_3,5,mrmr,dbscan,bic,,,,,2.1519561070017517,The node throughput_3_t1 is not in the digraph.
throughput_3,5,mrmr,dbscan,aic,0.0,0.0414368915027223,4.0,"['buffer_size_3', 'throughput_2', 'avg_p_latency_3', 'throughput_3']",2.669497261987999,
throughput_3,5,pca,classic_uniform,bic,1.0,0.3074203376923876,6.0,"['pca_1', 'pca_2', 'pca_3', 'pca_4', 'pca_5', 'throughput_3']",0.5949803499970585,
throughput_3,5,pca,classic_uniform,aic,1.0,0.43693785105669924,6.0,"['pca_1', 'pca_2', 'pca_3', 'pca_4', 'pca_5', 'throughput_3']",0.9618312789825723,
throughput_3,5,pca,classic_quantile,bic,1.0,0.8113750078049711,6.0,"['pca_1', 'pca_2', 'pca_3', 'pca_4', 'pca_5', 'throughput_3']",0.8048929939977825,
throughput_3,5,pca,classic_quantile,aic,1.0,0.916310807289854,6.0,"['pca_1', 'pca_2', 'pca_3', 'pca_4', 'pca_5', 'throughput_3']",0.8633616669103503,
throughput_3,5,pca,kmeans,bic,1.0,0.9946636709465759,6.0,"['pca_1', 'pca_2', 'pca_3', 'pca_4', 'pca_5', 'throughput_3']",0.6040150619810447,
throughput_3,5,pca,kmeans,aic,1.0,0.9916349108375483,6.0,"['pca_1', 'pca_2', 'pca_3', 'pca_4', 'pca_5', 'throughput_3']",1.0719917190726846,
throughput_3,5,pca,dbscan,bic,,,,,0.07465953007340431,The node throughput_3_t1 is not in the digraph.
throughput_3,5,pca,dbscan,aic,0.0,0.042471731042067404,4.0,"['pca_1', 'pca_2', 'pca_5', 'throughput_3']",0.7807200259994715,
throughput_3,8,markov,classic_uniform,bic,1.0,0.4157398436410325,9.0,"['throughput_2', 'data_quality_3', 'buffer_size_3', 'process_cpu_seconds_total_1', 'python_gc_objects_collected_total_1', 'python_gc_collections_total_1', 'python_gc_collections_total_2', 'python_gc_objects_collected_total_2', 'throughput_3']",4.319068336044438,
throughput_3,8,markov,classic_uniform,aic,1.0,0.5750296135969787,9.0,"['throughput_2', 'data_quality_3', 'buffer_size_3', 'process_cpu_seconds_total_1', 'python_gc_objects_collected_total_1', 'python_gc_collections_total_1', 'python_gc_collections_total_2', 'python_gc_objects_collected_total_2', 'throughput_3']",4.446772082010284,
throughput_3,8,markov,classic_quantile,bic,0.6682070240295749,0.4338452740965832,9.0,"['throughput_2', 'data_quality_3', 'buffer_size_3', 'process_cpu_seconds_total_1', 'python_gc_objects_collected_total_1', 'python_gc_collections_total_1', 'python_gc_collections_total_2', 'python_gc_objects_collected_total_2', 'throughput_3']",4.122180563979782,
throughput_3,8,markov,classic_quantile,aic,0.6682070240295749,0.46768588701615704,9.0,"['throughput_2', 'data_quality_3', 'buffer_size_3', 'process_cpu_seconds_total_1', 'python_gc_objects_collected_total_1', 'python_gc_collections_total_1', 'python_gc_collections_total_2', 'python_gc_objects_collected_total_2', 'throughput_3']",4.868481253972277,
throughput_3,8,markov,kmeans,bic,0.6682070240295749,0.38036600853671276,9.0,"['throughput_2', 'data_quality_3', 'buffer_size_3', 'process_cpu_seconds_total_1', 'python_gc_objects_collected_total_1', 'python_gc_collections_total_1', 'python_gc_collections_total_2', 'python_gc_objects_collected_total_2', 'throughput_3']",4.196965891052969,
throughput_3,8,markov,kmeans,aic,0.6682070240295749,0.2506825139332339,9.0,"['throughput_2', 'data_quality_3', 'buffer_size_3', 'process_cpu_seconds_total_1', 'python_gc_objects_collected_total_1', 'python_gc_collections_total_1', 'python_gc_collections_total_2', 'python_gc_objects_collected_total_2', 'throughput_3']",4.49121055600699,
throughput_3,8,markov,dbscan,bic,0.0,0.016208401732200204,5.0,"['throughput_2', 'data_quality_3', 'buffer_size_3', 'python_gc_objects_collected_total_2', 'throughput_3']",3.727921223035082,
throughput_3,8,markov,dbscan,aic,0.0,0.016258645192200785,5.0,"['throughput_2', 'data_quality_3', 'buffer_size_3', 'python_gc_objects_collected_total_2', 'throughput_3']",14.541016331058927,
throughput_3,8,mrmr,classic_uniform,bic,0.3345656192236599,0.39355901057025444,8.0,"['buffer_size_3', 'process_cpu_seconds_total_1', 'throughput_2', 'avg_p_latency_3', 'throughput_1', 'data_quality_1', 'cores_1', 'throughput_3']",6.024944826960564,
throughput_3,8,mrmr,classic_uniform,aic,1.0,0.4259556958600873,8.0,"['buffer_size_3', 'process_cpu_seconds_total_1', 'throughput_2', 'avg_p_latency_3', 'throughput_1', 'data_quality_1', 'cores_1', 'throughput_3']",5.978817413095385,
throughput_3,8,mrmr,classic_quantile,bic,1.0,0.3919768262628977,7.0,"['buffer_size_3', 'process_cpu_seconds_total_1', 'throughput_2', 'avg_p_latency_3', 'throughput_1', 'data_quality_1', 'throughput_3']",6.022235303069465,
throughput_3,8,mrmr,classic_quantile,aic,0.33271719038817005,0.3139097945934649,7.0,"['buffer_size_3', 'process_cpu_seconds_total_1', 'throughput_2', 'avg_p_latency_3', 'throughput_1', 'data_quality_1', 'throughput_3']",6.292561052017845,
throughput_3,8,mrmr,kmeans,bic,0.666358595194085,0.6797723855115049,8.0,"['buffer_size_3', 'process_cpu_seconds_total_1', 'throughput_2', 'avg_p_latency_3', 'throughput_1', 'data_quality_1', 'cores_1', 'throughput_3']",5.80004952091258,
throughput_3,8,mrmr,kmeans,aic,0.666358595194085,0.3006446456330231,8.0,"['buffer_size_3', 'process_cpu_seconds_total_1', 'throughput_2', 'avg_p_latency_3', 'throughput_1', 'data_quality_1', 'cores_1', 'throughput_3']",6.1284472399856895,
throughput_3,8,mrmr,dbscan,bic,0.0,0.03669437705251703,7.0,"['buffer_size_3', 'throughput_2', 'avg_p_latency_3', 'throughput_1', 'data_quality_1', 'cores_1', 'throughput_3']",5.810274958028458,
throughput_3,8,mrmr,dbscan,aic,0.0,0.016126096355080687,7.0,"['buffer_size_3', 'throughput_2', 'avg_p_latency_3', 'throughput_1', 'data_quality_1', 'cores_1', 'throughput_3']",15.650165606988594,
throughput_3,8,pca,classic_uniform,bic,1.0,0.28259899828185986,9.0,"['pca_1', 'pca_2', 'pca_3', 'pca_4', 'pca_5', 'pca_6', 'pca_7', 'pca_8', 'throughput_3']",1.5071615210035816,
throughput_3,8,pca,classic_uniform,aic,1.0,0.34048240495146964,9.0,"['pca_1', 'pca_2', 'pca_3', 'pca_4', 'pca_5', 'pca_6', 'pca_7', 'pca_8', 'throughput_3']",1.5235439470270649,
throughput_3,8,pca,classic_quantile,bic,1.0,0.6475489346859161,9.0,"['pca_1', 'pca_2', 'pca_3', 'pca_4', 'pca_5', 'pca_6', 'pca_7', 'pca_8', 'throughput_3']",1.7215086319483817,
throughput_3,8,pca,classic_quantile,aic,1.0,0.28410683770295153,9.0,"['pca_1', 'pca_2', 'pca_3', 'pca_4', 'pca_5', 'pca_6', 'pca_7', 'pca_8', 'throughput_3']",3.1708708299556747,
throughput_3,8,pca,kmeans,bic,1.0,0.7891145594608515,9.0,"['pca_1', 'pca_2', 'pca_3', 'pca_4', 'pca_5', 'pca_6', 'pca_7', 'pca_8', 'throughput_3']",1.1489776580128819,
throughput_3,8,pca,kmeans,aic,1.0,0.35181433666163553,9.0,"['pca_1', 'pca_2', 'pca_3', 'pca_4', 'pca_5', 'pca_6', 'pca_7', 'pca_8', 'throughput_3']",2.2926139869960025,
throughput_3,8,pca,dbscan,bic,,,,,0.16652893600985408,The node throughput_3_t1 is not in the digraph.
throughput_3,8,pca,dbscan,aic,0.0,0.004005311318537037,7.0,"['pca_1', 'pca_2', 'pca_5', 'pca_6', 'pca_7', 'pca_8', 'throughput_3']",1.3657434170600027,
throughput_3,10,markov,classic_uniform,bic,1.0,0.8855746948178241,11.0,"['throughput_2', 'data_quality_3', 'buffer_size_3', 'process_cpu_seconds_total_1', 'python_gc_objects_collected_total_1', 'python_gc_collections_total_1', 'python_gc_collections_total_2', 'python_gc_objects_collected_total_2', 'python_gc_collections_total_3', 'python_gc_objects_collected_total_3', 'throughput_3']",5.040136585012078,
throughput_3,10,markov,classic_uniform,aic,1.0,0.9518512464016946,11.0,"['throughput_2', 'data_quality_3', 'buffer_size_3', 'process_cpu_seconds_total_1', 'python_gc_objects_collected_total_1', 'python_gc_collections_total_1', 'python_gc_collections_total_2', 'python_gc_objects_collected_total_2', 'python_gc_collections_total_3', 'python_gc_objects_collected_total_3', 'throughput_3']",5.569287481950596,
throughput_3,10,markov,classic_quantile,bic,0.6682070240295749,0.40085057956129677,11.0,"['throughput_2', 'data_quality_3', 'buffer_size_3', 'process_cpu_seconds_total_1', 'python_gc_objects_collected_total_1', 'python_gc_collections_total_1', 'python_gc_collections_total_2', 'python_gc_objects_collected_total_2', 'python_gc_collections_total_3', 'python_gc_objects_collected_total_3', 'throughput_3']",4.803746005054563,
throughput_3,10,markov,classic_quantile,aic,0.6682070240295749,0.4799130706697464,11.0,"['throughput_2', 'data_quality_3', 'buffer_size_3', 'process_cpu_seconds_total_1', 'python_gc_objects_collected_total_1', 'python_gc_collections_total_1', 'python_gc_collections_total_2', 'python_gc_objects_collected_total_2', 'python_gc_collections_total_3', 'python_gc_objects_collected_total_3', 'throughput_3']",4.797320629004389,
throughput_3,10,markov,kmeans,bic,0.0009242144177449168,0.31041587532666176,11.0,"['throughput_2', 'data_quality_3', 'buffer_size_3', 'process_cpu_seconds_total_1', 'python_gc_objects_collected_total_1', 'python_gc_collections_total_1', 'python_gc_collections_total_2', 'python_gc_objects_collected_total_2', 'python_gc_collections_total_3', 'python_gc_objects_collected_total_3', 'throughput_3']",4.755559482029639,
throughput_3,10,markov,kmeans,aic,0.6682070240295749,0.2575051197333795,11.0,"['throughput_2', 'data_quality_3', 'buffer_size_3', 'process_cpu_seconds_total_1', 'python_gc_objects_collected_total_1', 'python_gc_collections_total_1', 'python_gc_collections_total_2', 'python_gc_objects_collected_total_2', 'python_gc_collections_total_3', 'python_gc_objects_collected_total_3', 'throughput_3']",5.422574326978065,
throughput_3,10,markov,dbscan,bic,0.0,0.016208401732200204,7.0,"['throughput_2', 'data_quality_3', 'buffer_size_3', 'python_gc_objects_collected_total_2', 'python_gc_collections_total_3', 'python_gc_objects_collected_total_3', 'throughput_3']",3.8606680150842294,
throughput_3,10,markov,dbscan,aic,0.5036968576709797,0.1044329895037869,7.0,"['throughput_2', 'data_quality_3', 'buffer_size_3', 'python_gc_objects_collected_total_2', 'python_gc_collections_total_3', 'python_gc_objects_collected_total_3', 'throughput_3']",4.781970128999092,
throughput_3,10,mrmr,classic_uniform,bic,0.3345656192236599,0.3176025155355005,10.0,"['buffer_size_3', 'process_cpu_seconds_total_1', 'throughput_2', 'avg_p_latency_3', 'throughput_1', 'data_quality_1', 'cores_1', 'buffer_size_2', 'avg_p_latency_1', 'throughput_3']",9.014557332033291,
throughput_3,10,mrmr,classic_uniform,aic,1.0,0.5007025324478235,10.0,"['buffer_size_3', 'process_cpu_seconds_total_1', 'throughput_2', 'avg_p_latency_3', 'throughput_1', 'data_quality_1', 'cores_1', 'buffer_size_2', 'avg_p_latency_1', 'throughput_3']",9.39975019195117,
throughput_3,10,mrmr,classic_quantile,bic,0.6386321626617375,0.4475308750430144,9.0,"['buffer_size_3', 'process_cpu_seconds_total_1', 'throughput_2', 'avg_p_latency_3', 'throughput_1', 'data_quality_1', 'buffer_size_2', 'avg_p_latency_1', 'throughput_3']",9.189200993976556,
throughput_3,10,mrmr,classic_quantile,aic,0.3049907578558225,0.31491620018943955,9.0,"['buffer_size_3', 'process_cpu_seconds_total_1', 'throughput_2', 'avg_p_latency_3', 'throughput_1', 'data_quality_1', 'buffer_size_2', 'avg_p_latency_1', 'throughput_3']",9.844623773009516,
throughput_3,10,mrmr,kmeans,bic,0.666358595194085,0.6641732975846343,10.0,"['buffer_size_3', 'process_cpu_seconds_total_1', 'throughput_2', 'avg_p_latency_3', 'throughput_1', 'data_quality_1', 'cores_1', 'buffer_size_2', 'avg_p_latency_1', 'throughput_3']",9.007669133017771,
throughput_3,10,mrmr,kmeans,aic,0.666358595194085,0.6350714165555768,10.0,"['buffer_size_3', 'process_cpu_seconds_total_1', 'throughput_2', 'avg_p_latency_3', 'throughput_1', 'data_quality_1', 'cores_1', 'buffer_size_2', 'avg_p_latency_1', 'throughput_3']",9.069020187947899,
throughput_3,10,mrmr,dbscan,bic,0.0,0.03669437705251704,9.0,"['buffer_size_3', 'throughput_2', 'avg_p_latency_3', 'throughput_1', 'data_quality_1', 'cores_1', 'buffer_size_2', 'avg_p_latency_1', 'throughput_3']",8.747104068053886,
throughput_3,10,mrmr,dbscan,aic,0.0,0.021859406697275534,9.0,"['buffer_size_3', 'throughput_2', 'avg_p_latency_3', 'throughput_1', 'data_quality_1', 'cores_1', 'buffer_size_2', 'avg_p_latency_1', 'throughput_3']",9.238290235982276,
throughput_3,10,pca,classic_uniform,bic,1.0,0.28259899828185986,11.0,"['pca_1', 'pca_2', 'pca_3', 'pca_4', 'pca_5', 'pca_6', 'pca_7', 'pca_8', 'pca_9', 'pca_10', 'throughput_3']",1.96744947694242,
throughput_3,10,pca,classic_uniform,aic,1.0,0.258401238352904,11.0,"['pca_1', 'pca_2', 'pca_3', 'pca_4', 'pca_5', 'pca_6', 'pca_7', 'pca_8', 'pca_9', 'pca_10', 'throughput_3']",3.342743525048718,
throughput_3,10,pca,classic_quantile,bic,1.0,0.6441405475477191,11.0,"['pca_1', 'pca_2', 'pca_3', 'pca_4', 'pca_5', 'pca_6', 'pca_7', 'pca_8', 'pca_9', 'pca_10', 'throughput_3']",2.294565549935214,
throughput_3,10,pca,classic_quantile,aic,1.0,0.2604593322649038,11.0,"['pca_1', 'pca_2', 'pca_3', 'pca_4', 'pca_5', 'pca_6', 'pca_7', 'pca_8', 'pca_9', 'pca_10', 'throughput_3']",6.2942060340428725,
throughput_3,10,pca,kmeans,bic,1.0,0.4194493860608399,11.0,"['pca_1', 'pca_2', 'pca_3', 'pca_4', 'pca_5', 'pca_6', 'pca_7', 'pca_8', 'pca_9', 'pca_10', 'throughput_3']",2.0915689039975405,
throughput_3,10,pca,kmeans,aic,1.0,0.34230159037081814,11.0,"['pca_1', 'pca_2', 'pca_3', 'pca_4', 'pca_5', 'pca_6', 'pca_7', 'pca_8', 'pca_9', 'pca_10', 'throughput_3']",5.591260447981767,
throughput_3,10,pca,dbscan,bic,,,,,0.2543431150261313,The node throughput_3_t1 is not in the digraph.
throughput_3,10,pca,dbscan,aic,0.0,0.010803282948110988,9.0,"['pca_1', 'pca_2', 'pca_5', 'pca_6', 'pca_7', 'pca_8', 'pca_9', 'pca_10', 'throughput_3']",12.006634242017753,
throughput_3,12,markov,classic_uniform,bic,0.33271719038817005,0.23054745568819004,13.0,"['throughput_2', 'data_quality_3', 'buffer_size_3', 'process_cpu_seconds_total_1', 'python_gc_objects_collected_total_1', 'python_gc_collections_total_1', 'python_gc_collections_total_2', 'python_gc_objects_collected_total_2', 'python_gc_collections_total_3', 'python_gc_objects_collected_total_3', 'process_resident_memory_bytes_1', 'throughput_1', 'throughput_3']",4.847612580982968,
throughput_3,12,markov,classic_uniform,aic,1.0,0.2503496155630251,13.0,"['throughput_2', 'data_quality_3', 'buffer_size_3', 'process_cpu_seconds_total_1', 'python_gc_objects_collected_total_1', 'python_gc_collections_total_1', 'python_gc_collections_total_2', 'python_gc_objects_collected_total_2', 'python_gc_collections_total_3', 'python_gc_objects_collected_total_3', 'process_resident_memory_bytes_1', 'throughput_1', 'throughput_3']",5.8227485090028495,
throughput_3,12,markov,classic_quantile,bic,1.0,0.5216277016288534,13.0,"['throughput_2', 'data_quality_3', 'buffer_size_3', 'process_cpu_seconds_total_1', 'python_gc_objects_collected_total_1', 'python_gc_collections_total_1', 'python_gc_collections_total_2', 'python_gc_objects_collected_total_2', 'python_gc_collections_total_3', 'python_gc_objects_collected_total_3', 'process_resident_memory_bytes_1', 'throughput_1', 'throughput_3']",5.015052028000355,
throughput_3,12,markov,classic_quantile,aic,0.6682070240295749,0.5021982256789352,13.0,"['throughput_2', 'data_quality_3', 'buffer_size_3', 'process_cpu_seconds_total_1', 'python_gc_objects_collected_total_1', 'python_gc_collections_total_1', 'python_gc_collections_total_2', 'python_gc_objects_collected_total_2', 'python_gc_collections_total_3', 'python_gc_objects_collected_total_3', 'process_resident_memory_bytes_1', 'throughput_1', 'throughput_3']",5.236657986999489,
throughput_3,12,markov,kmeans,bic,1.0,0.9945720999339522,13.0,"['throughput_2', 'data_quality_3', 'buffer_size_3', 'process_cpu_seconds_total_1', 'python_gc_objects_collected_total_1', 'python_gc_collections_total_1', 'python_gc_collections_total_2', 'python_gc_objects_collected_total_2', 'python_gc_collections_total_3', 'python_gc_objects_collected_total_3', 'process_resident_memory_bytes_1', 'throughput_1', 'throughput_3']",5.20085720194038,
throughput_3,12,markov,kmeans,aic,1.0,0.36018519328075704,13.0,"['throughput_2', 'data_quality_3', 'buffer_size_3', 'process_cpu_seconds_total_1', 'python_gc_objects_collected_total_1', 'python_gc_collections_total_1', 'python_gc_collections_total_2', 'python_gc_objects_collected_total_2', 'python_gc_collections_total_3', 'python_gc_objects_collected_total_3', 'process_resident_memory_bytes_1', 'throughput_1', 'throughput_3']",5.861364925047383,
throughput_3,12,markov,dbscan,bic,0.0,0.011909282777929093,9.0,"['throughput_2', 'data_quality_3', 'buffer_size_3', 'python_gc_objects_collected_total_2', 'python_gc_collections_total_3', 'python_gc_objects_collected_total_3', 'process_resident_memory_bytes_1', 'throughput_1', 'throughput_3']",4.716709275031462,
throughput_3,12,markov,dbscan,aic,0.5036968576709797,0.10443298950378688,9.0,"['throughput_2', 'data_quality_3', 'buffer_size_3', 'python_gc_objects_collected_total_2', 'python_gc_collections_total_3', 'python_gc_objects_collected_total_3', 'process_resident_memory_bytes_1', 'throughput_1', 'throughput_3']",4.6408498079981655,
throughput_3,12,mrmr,classic_uniform,bic,0.3345656192236599,0.28306900152438186,12.0,"['buffer_size_3', 'process_cpu_seconds_total_1', 'throughput_2', 'avg_p_latency_3', 'throughput_1', 'data_quality_1', 'cores_1', 'buffer_size_2', 'avg_p_latency_1', 'data_quality_2', 'scrape_duration_seconds_1', 'throughput_3']",12.699179640971124,
throughput_3,12,mrmr,classic_uniform,aic,0.3345656192236599,0.2644534382024947,12.0,"['buffer_size_3', 'process_cpu_seconds_total_1', 'throughput_2', 'avg_p_latency_3', 'throughput_1', 'data_quality_1', 'cores_1', 'buffer_size_2', 'avg_p_latency_1', 'data_quality_2', 'scrape_duration_seconds_1', 'throughput_3']",13.153689133003354,
throughput_3,12,mrmr,classic_quantile,bic,0.6201478743068392,0.34649459518571235,11.0,"['buffer_size_3', 'process_cpu_seconds_total_1', 'throughput_2', 'avg_p_latency_3', 'throughput_1', 'data_quality_1', 'buffer_size_2', 'avg_p_latency_1', 'data_quality_2', 'scrape_duration_seconds_1', 'throughput_3']",12.88487955997698,
throughput_3,12,mrmr,classic_quantile,aic,0.333641404805915,0.24876655825432273,11.0,"['buffer_size_3', 'process_cpu_seconds_total_1', 'throughput_2', 'avg_p_latency_3', 'throughput_1', 'data_quality_1', 'buffer_size_2', 'avg_p_latency_1', 'data_quality_2', 'scrape_duration_seconds_1', 'throughput_3']",13.505250941962004,
throughput_3,12,mrmr,kmeans,bic,1.0,0.7137569705594469,12.0,"['buffer_size_3', 'process_cpu_seconds_total_1', 'throughput_2', 'avg_p_latency_3', 'throughput_1', 'data_quality_1', 'cores_1', 'buffer_size_2', 'avg_p_latency_1', 'data_quality_2', 'scrape_duration_seconds_1', 'throughput_3']",12.400229980004951,
throughput_3,12,mrmr,kmeans,aic,0.6682070240295749,0.3166618036723728,12.0,"['buffer_size_3', 'process_cpu_seconds_total_1', 'throughput_2', 'avg_p_latency_3', 'throughput_1', 'data_quality_1', 'cores_1', 'buffer_size_2', 'avg_p_latency_1', 'data_quality_2', 'scrape_duration_seconds_1', 'throughput_3']",12.96101600700058,
throughput_3,12,mrmr,dbscan,bic,0.0,0.02900706187457328,10.0,"['buffer_size_3', 'throughput_2', 'avg_p_latency_3', 'throughput_1', 'data_quality_1', 'cores_1', 'buffer_size_2', 'avg_p_latency_1', 'data_quality_2', 'throughput_3']",12.081699022906832,
throughput_3,12,mrmr,dbscan,aic,0.0,0.021859406697275534,10.0,"['buffer_size_3', 'throughput_2', 'avg_p_latency_3', 'throughput_1', 'data_quality_1', 'cores_1', 'buffer_size_2', 'avg_p_latency_1', 'data_quality_2', 'throughput_3']",12.653885809937492,
throughput_3,12,pca,classic_uniform,bic,1.0,0.27947781456599574,13.0,"['pca_1', 'pca_2', 'pca_3', 'pca_4', 'pca_5', 'pca_6', 'pca_7', 'pca_8', 'pca_9', 'pca_10', 'pca_11', 'pca_12', 'throughput_3']",2.4819303120020777,
throughput_3,12,pca,classic_uniform,aic,0.6857670979667283,0.308657327495428,13.0,"['pca_1', 'pca_2', 'pca_3', 'pca_4', 'pca_5', 'pca_6', 'pca_7', 'pca_8', 'pca_9', 'pca_10', 'pca_11', 'pca_12', 'throughput_3']",3.6634372629923746,
throughput_3,12,pca,classic_quantile,bic,1.0,0.6490712405422027,13.0,"['pca_1', 'pca_2', 'pca_3', 'pca_4', 'pca_5', 'pca_6', 'pca_7', 'pca_8', 'pca_9', 'pca_10', 'pca_11', 'pca_12', 'throughput_3']",3.312325090984814,
throughput_3,12,pca,classic_quantile,aic,0.9325323475046211,0.3632388436134625,13.0,"['pca_1', 'pca_2', 'pca_3', 'pca_4', 'pca_5', 'pca_6', 'pca_7', 'pca_8', 'pca_9', 'pca_10', 'pca_11', 'pca_12', 'throughput_3']",9.665763663942926,
throughput_3,12,pca,kmeans,bic,1.0,0.26729153818288376,13.0,"['pca_1', 'pca_2', 'pca_3', 'pca_4', 'pca_5', 'pca_6', 'pca_7', 'pca_8', 'pca_9', 'pca_10', 'pca_11', 'pca_12', 'throughput_3']",2.9826981050428003,
throughput_3,12,pca,kmeans,aic,0.9158964879852126,0.3245873858556537,13.0,"['pca_1', 'pca_2', 'pca_3', 'pca_4', 'pca_5', 'pca_6', 'pca_7', 'pca_8', 'pca_9', 'pca_10', 'pca_11', 'pca_12', 'throughput_3']",7.552438266924582,
throughput_3,12,pca,dbscan,bic,,,,,0.47885295702144504,The node throughput_3_t1 is not in the digraph.
throughput_3,12,pca,dbscan,aic,0.0,0.013419028257079331,11.0,"['pca_1', 'pca_2', 'pca_5', 'pca_6', 'pca_7', 'pca_8', 'pca_9', 'pca_10', 'pca_11', 'pca_12', 'throughput_3']",11.587567934999242,
throughput_3,15,markov,classic_uniform,bic,0.666358595194085,0.34429209729703264,16.0,"['throughput_2', 'data_quality_3', 'buffer_size_3', 'process_cpu_seconds_total_1', 'python_gc_objects_collected_total_1', 'python_gc_collections_total_1', 'python_gc_collections_total_2', 'python_gc_objects_collected_total_2', 'python_gc_collections_total_3', 'python_gc_objects_collected_total_3', 'process_resident_memory_bytes_1', 'throughput_1', 'buffer_size_2', 'avg_p_latency_1', 'avg_p_latency_3', 'throughput_3']",6.724509095889516,
throughput_3,15,markov,classic_uniform,aic,1.0,0.25068985590223114,16.0,"['throughput_2', 'data_quality_3', 'buffer_size_3', 'process_cpu_seconds_total_1', 'python_gc_objects_collected_total_1', 'python_gc_collections_total_1', 'python_gc_collections_total_2', 'python_gc_objects_collected_total_2', 'python_gc_collections_total_3', 'python_gc_objects_collected_total_3', 'process_resident_memory_bytes_1', 'throughput_1', 'buffer_size_2', 'avg_p_latency_1', 'avg_p_latency_3', 'throughput_3']",7.619541242020205,
throughput_3,15,markov,classic_quantile,bic,0.4685767097966728,0.3418298822538579,16.0,"['throughput_2', 'data_quality_3', 'buffer_size_3', 'process_cpu_seconds_total_1', 'python_gc_objects_collected_total_1', 'python_gc_collections_total_1', 'python_gc_collections_total_2', 'python_gc_objects_collected_total_2', 'python_gc_collections_total_3', 'python_gc_objects_collected_total_3', 'process_resident_memory_bytes_1', 'throughput_1', 'buffer_size_2', 'avg_p_latency_1', 'avg_p_latency_3', 'throughput_3']",6.9648896410362795,
throughput_3,15,markov,classic_quantile,aic,0.3345656192236599,0.29865527872976727,16.0,"['throughput_2', 'data_quality_3', 'buffer_size_3', 'process_cpu_seconds_total_1', 'python_gc_objects_collected_total_1', 'python_gc_collections_total_1', 'python_gc_collections_total_2', 'python_gc_objects_collected_total_2', 'python_gc_collections_total_3', 'python_gc_objects_collected_total_3', 'process_resident_memory_bytes_1', 'throughput_1', 'buffer_size_2', 'avg_p_latency_1', 'avg_p_latency_3', 'throughput_3']",8.154114441014826,
throughput_3,15,markov,kmeans,bic,0.5341959334565619,0.3753073702883407,16.0,"['throughput_2', 'data_quality_3', 'buffer_size_3', 'process_cpu_seconds_total_1', 'python_gc_objects_collected_total_1', 'python_gc_collections_total_1', 'python_gc_collections_total_2', 'python_gc_objects_collected_total_2', 'python_gc_collections_total_3', 'python_gc_objects_collected_total_3', 'process_resident_memory_bytes_1', 'throughput_1', 'buffer_size_2', 'avg_p_latency_1', 'avg_p_latency_3', 'throughput_3']",5.843702532933094,
throughput_3,15,markov,kmeans,aic,0.6386321626617375,0.3779085414510546,16.0,"['throughput_2', 'data_quality_3', 'buffer_size_3', 'process_cpu_seconds_total_1', 'python_gc_objects_collected_total_1', 'python_gc_collections_total_1', 'python_gc_collections_total_2', 'python_gc_objects_collected_total_2', 'python_gc_collections_total_3', 'python_gc_objects_collected_total_3', 'process_resident_memory_bytes_1', 'throughput_1', 'buffer_size_2', 'avg_p_latency_1', 'avg_p_latency_3', 'throughput_3']",6.19954273395706,
throughput_3,15,markov,dbscan,bic,0.0,0.016208401732200204,12.0,"['throughput_2', 'data_quality_3', 'buffer_size_3', 'python_gc_objects_collected_total_2', 'python_gc_collections_total_3', 'python_gc_objects_collected_total_3', 'process_resident_memory_bytes_1', 'throughput_1', 'buffer_size_2', 'avg_p_latency_1', 'avg_p_latency_3', 'throughput_3']",5.127162266988307,
throughput_3,15,markov,dbscan,aic,0.021256931608133085,0.029944555717743265,12.0,"['throughput_2', 'data_quality_3', 'buffer_size_3', 'python_gc_objects_collected_total_2', 'python_gc_collections_total_3', 'python_gc_objects_collected_total_3', 'process_resident_memory_bytes_1', 'throughput_1', 'buffer_size_2', 'avg_p_latency_1', 'avg_p_latency_3', 'throughput_3']",5.153997884015553,
throughput_3,15,mrmr,classic_uniform,bic,0.3345656192236599,0.3872808116326241,15.0,"['buffer_size_3', 'process_cpu_seconds_total_1', 'throughput_2', 'avg_p_latency_3', 'throughput_1', 'data_quality_1', 'cores_1', 'buffer_size_2', 'avg_p_latency_1', 'data_quality_2', 'scrape_duration_seconds_1', 'python_gc_objects_collected_total_3', 'process_virtual_memory_bytes_1', 'avg_p_latency_2', 'throughput_3']",18.748352524940856,
throughput_3,15,mrmr,classic_uniform,aic,0.3345656192236599,0.31245918585402327,15.0,"['buffer_size_3', 'process_cpu_seconds_total_1', 'throughput_2', 'avg_p_latency_3', 'throughput_1', 'data_quality_1', 'cores_1', 'buffer_size_2', 'avg_p_latency_1', 'data_quality_2', 'scrape_duration_seconds_1', 'python_gc_objects_collected_total_3', 'process_virtual_memory_bytes_1', 'avg_p_latency_2', 'throughput_3']",19.062958976021037,
throughput_3,15,mrmr,classic_quantile,bic,0.666358595194085,0.33987202127974425,14.0,"['buffer_size_3', 'process_cpu_seconds_total_1', 'throughput_2', 'avg_p_latency_3', 'throughput_1', 'data_quality_1', 'buffer_size_2', 'avg_p_latency_1', 'data_quality_2', 'scrape_duration_seconds_1', 'python_gc_objects_collected_total_3', 'process_virtual_memory_bytes_1', 'avg_p_latency_2', 'throughput_3']",18.63877436099574,
throughput_3,15,mrmr,classic_quantile,aic,0.666358595194085,0.27153016949974884,14.0,"['buffer_size_3', 'process_cpu_seconds_total_1', 'throughput_2', 'avg_p_latency_3', 'throughput_1', 'data_quality_1', 'buffer_size_2', 'avg_p_latency_1', 'data_quality_2', 'scrape_duration_seconds_1', 'python_gc_objects_collected_total_3', 'process_virtual_memory_bytes_1', 'avg_p_latency_2', 'throughput_3']",19.40545258799102,
throughput_3,15,mrmr,kmeans,bic,0.865988909426987,0.6434337373148438,15.0,"['buffer_size_3', 'process_cpu_seconds_total_1', 'throughput_2', 'avg_p_latency_3', 'throughput_1', 'data_quality_1', 'cores_1', 'buffer_size_2', 'avg_p_latency_1', 'data_quality_2', 'scrape_duration_seconds_1', 'python_gc_objects_collected_total_3', 'process_virtual_memory_bytes_1', 'avg_p_latency_2', 'throughput_3']",18.745797988027334,
throughput_3,15,mrmr,kmeans,aic,1.0,0.46170159572184943,15.0,"['buffer_size_3', 'process_cpu_seconds_total_1', 'throughput_2', 'avg_p_latency_3', 'throughput_1', 'data_quality_1', 'cores_1', 'buffer_size_2', 'avg_p_latency_1', 'data_quality_2', 'scrape_duration_seconds_1', 'python_gc_objects_collected_total_3', 'process_virtual_memory_bytes_1', 'avg_p_latency_2', 'throughput_3']",18.84697891108226,
throughput_3,15,mrmr,dbscan,bic,0.0,0.02697872701277037,13.0,"['buffer_size_3', 'throughput_2', 'avg_p_latency_3', 'throughput_1', 'data_quality_1', 'cores_1', 'buffer_size_2', 'avg_p_latency_1', 'data_quality_2', 'python_gc_objects_collected_total_3', 'process_virtual_memory_bytes_1', 'avg_p_latency_2', 'throughput_3']",17.610536523046903,
throughput_3,15,mrmr,dbscan,aic,0.0,0.015995344742420273,13.0,"['buffer_size_3', 'throughput_2', 'avg_p_latency_3', 'throughput_1', 'data_quality_1', 'cores_1', 'buffer_size_2', 'avg_p_latency_1', 'data_quality_2', 'python_gc_objects_collected_total_3', 'process_virtual_memory_bytes_1', 'avg_p_latency_2', 'throughput_3']",18.24068110890221,
throughput_3,15,pca,classic_uniform,bic,1.0,0.27947781456599574,16.0,"['pca_1', 'pca_2', 'pca_3', 'pca_4', 'pca_5', 'pca_6', 'pca_7', 'pca_8', 'pca_9', 'pca_10', 'pca_11', 'pca_12', 'pca_13', 'pca_14', 'pca_15', 'throughput_3']",3.2918450799770653,
throughput_3,15,pca,classic_uniform,aic,0.6857670979667283,0.308657327495428,16.0,"['pca_1', 'pca_2', 'pca_3', 'pca_4', 'pca_5', 'pca_6', 'pca_7', 'pca_8', 'pca_9', 'pca_10', 'pca_11', 'pca_12', 'pca_13', 'pca_14', 'pca_15', 'throughput_3']",5.009597949916497,
throughput_3,15,pca,classic_quantile,bic,1.0,0.6201645679430045,16.0,"['pca_1', 'pca_2', 'pca_3', 'pca_4', 'pca_5', 'pca_6', 'pca_7', 'pca_8', 'pca_9', 'pca_10', 'pca_11', 'pca_12', 'pca_13', 'pca_14', 'pca_15', 'throughput_3']",5.034801818896085,
throughput_3,15,pca,classic_quantile,aic,0.9325323475046211,0.3767088882080064,16.0,"['pca_1', 'pca_2', 'pca_3', 'pca_4', 'pca_5', 'pca_6', 'pca_7', 'pca_8', 'pca_9', 'pca_10', 'pca_11', 'pca_12', 'pca_13', 'pca_14', 'pca_15', 'throughput_3']",14.03227186203003,
throughput_3,15,pca,kmeans,bic,1.0,0.26729153818288376,16.0,"['pca_1', 'pca_2', 'pca_3', 'pca_4', 'pca_5', 'pca_6', 'pca_7', 'pca_8', 'pca_9', 'pca_10', 'pca_11', 'pca_12', 'pca_13', 'pca_14', 'pca_15', 'throughput_3']",4.114192001987249,
throughput_3,15,pca,kmeans,aic,0.9158964879852126,0.3205929122676812,16.0,"['pca_1', 'pca_2', 'pca_3', 'pca_4', 'pca_5', 'pca_6', 'pca_7', 'pca_8', 'pca_9', 'pca_10', 'pca_11', 'pca_12', 'pca_13', 'pca_14', 'pca_15', 'throughput_3']",10.71718872897327,
throughput_3,15,pca,dbscan,bic,,,,,0.6932350019924343,The node throughput_3_t1 is not in the digraph.
throughput_3,15,pca,dbscan,aic,0.0009242144177449168,0.007720395283747817,13.0,"['pca_1', 'pca_2', 'pca_5', 'pca_6', 'pca_7', 'pca_8', 'pca_9', 'pca_10', 'pca_11', 'pca_12', 'pca_13', 'pca_14', 'throughput_3']",11.321982454042882,
throughput_3,20,markov,classic_uniform,bic,0.666358595194085,0.3446331646515747,21.0,"['throughput_2', 'data_quality_3', 'buffer_size_3', 'process_cpu_seconds_total_1', 'python_gc_objects_collected_total_1', 'python_gc_collections_total_1', 'python_gc_collections_total_2', 'python_gc_objects_collected_total_2', 'python_gc_collections_total_3', 'python_gc_objects_collected_total_3', 'process_resident_memory_bytes_1', 'throughput_1', 'buffer_size_2', 'avg_p_latency_1', 'avg_p_latency_3', 'data_quality_1', 'avg_p_latency_2', 'data_quality_2', 'process_virtual_memory_bytes_1', 'scrape_duration_seconds_1', 'throughput_3']",7.706702937022783,
throughput_3,20,markov,classic_uniform,aic,1.0,0.6050196416563988,21.0,"['throughput_2', 'data_quality_3', 'buffer_size_3', 'process_cpu_seconds_total_1', 'python_gc_objects_collected_total_1', 'python_gc_collections_total_1', 'python_gc_collections_total_2', 'python_gc_objects_collected_total_2', 'python_gc_collections_total_3', 'python_gc_objects_collected_total_3', 'process_resident_memory_bytes_1', 'throughput_1', 'buffer_size_2', 'avg_p_latency_1', 'avg_p_latency_3', 'data_quality_1', 'avg_p_latency_2', 'data_quality_2', 'process_virtual_memory_bytes_1', 'scrape_duration_seconds_1', 'throughput_3']",9.298589000012726,
throughput_3,20,markov,classic_quantile,bic,0.33733826247689463,0.2948107283588132,21.0,"['throughput_2', 'data_quality_3', 'buffer_size_3', 'process_cpu_seconds_total_1', 'python_gc_objects_collected_total_1', 'python_gc_collections_total_1', 'python_gc_collections_total_2', 'python_gc_objects_collected_total_2', 'python_gc_collections_total_3', 'python_gc_objects_collected_total_3', 'process_resident_memory_bytes_1', 'throughput_1', 'buffer_size_2', 'avg_p_latency_1', 'avg_p_latency_3', 'data_quality_1', 'avg_p_latency_2', 'data_quality_2', 'process_virtual_memory_bytes_1', 'scrape_duration_seconds_1', 'throughput_3']",8.477999273920432,
throughput_3,20,markov,classic_quantile,aic,0.3317929759704251,0.2980381323142257,21.0,"['throughput_2', 'data_quality_3', 'buffer_size_3', 'process_cpu_seconds_total_1', 'python_gc_objects_collected_total_1', 'python_gc_collections_total_1', 'python_gc_collections_total_2', 'python_gc_objects_collected_total_2', 'python_gc_collections_total_3', 'python_gc_objects_collected_total_3', 'process_resident_memory_bytes_1', 'throughput_1', 'buffer_size_2', 'avg_p_latency_1', 'avg_p_latency_3', 'data_quality_1', 'avg_p_latency_2', 'data_quality_2', 'process_virtual_memory_bytes_1', 'scrape_duration_seconds_1', 'throughput_3']",10.499286739039235,
throughput_3,20,markov,kmeans,bic,0.865988909426987,0.6591765698982391,21.0,"['throughput_2', 'data_quality_3', 'buffer_size_3', 'process_cpu_seconds_total_1', 'python_gc_objects_collected_total_1', 'python_gc_collections_total_1', 'python_gc_collections_total_2', 'python_gc_objects_collected_total_2', 'python_gc_collections_total_3', 'python_gc_objects_collected_total_3', 'process_resident_memory_bytes_1', 'throughput_1', 'buffer_size_2', 'avg_p_latency_1', 'avg_p_latency_3', 'data_quality_1', 'avg_p_latency_2', 'data_quality_2', 'process_virtual_memory_bytes_1', 'scrape_duration_seconds_1', 'throughput_3']",8.293071014923044,
throughput_3,20,markov,kmeans,aic,0.865988909426987,0.46708065352852457,21.0,"['throughput_2', 'data_quality_3', 'buffer_size_3', 'process_cpu_seconds_total_1', 'python_gc_objects_collected_total_1', 'python_gc_collections_total_1', 'python_gc_collections_total_2', 'python_gc_objects_collected_total_2', 'python_gc_collections_total_3', 'python_gc_objects_collected_total_3', 'process_resident_memory_bytes_1', 'throughput_1', 'buffer_size_2', 'avg_p_latency_1', 'avg_p_latency_3', 'data_quality_1', 'avg_p_latency_2', 'data_quality_2', 'process_virtual_memory_bytes_1', 'scrape_duration_seconds_1', 'throughput_3']",9.922347810002975,
throughput_3,20,markov,dbscan,bic,0.0,0.02697872701277037,16.0,"['throughput_2', 'data_quality_3', 'buffer_size_3', 'python_gc_objects_collected_total_2', 'python_gc_collections_total_3', 'python_gc_objects_collected_total_3', 'process_resident_memory_bytes_1', 'throughput_1', 'buffer_size_2', 'avg_p_latency_1', 'avg_p_latency_3', 'data_quality_1', 'avg_p_latency_2', 'data_quality_2', 'process_virtual_memory_bytes_1', 'throughput_3']",5.4781041810056195,
throughput_3,20,markov,dbscan,aic,0.0,0.018862078419543307,16.0,"['throughput_2', 'data_quality_3', 'buffer_size_3', 'python_gc_objects_collected_total_2', 'python_gc_collections_total_3', 'python_gc_objects_collected_total_3', 'process_resident_memory_bytes_1', 'throughput_1', 'buffer_size_2', 'avg_p_latency_1', 'avg_p_latency_3', 'data_quality_1', 'avg_p_latency_2', 'data_quality_2', 'process_virtual_memory_bytes_1', 'throughput_3']",5.6354160530027,
throughput_3,20,mrmr,classic_uniform,bic,0.20055452865064696,0.2700380488434969,18.0,"['buffer_size_3', 'process_cpu_seconds_total_1', 'throughput_2', 'avg_p_latency_3', 'throughput_1', 'data_quality_1', 'cores_1', 'buffer_size_2', 'avg_p_latency_1', 'data_quality_2', 'scrape_duration_seconds_1', 'python_gc_objects_collected_total_3', 'process_virtual_memory_bytes_1', 'avg_p_latency_2', 'cores_3', 'process_resident_memory_bytes_1', 'python_gc_objects_collected_total_1', 'throughput_3']",27.752787544042803,
throughput_3,20,mrmr,classic_uniform,aic,0.8382624768946395,0.7275154523975408,18.0,"['buffer_size_3', 'process_cpu_seconds_total_1', 'throughput_2', 'avg_p_latency_3', 'throughput_1', 'data_quality_1', 'cores_1', 'buffer_size_2', 'avg_p_latency_1', 'data_quality_2', 'scrape_duration_seconds_1', 'python_gc_objects_collected_total_3', 'process_virtual_memory_bytes_1', 'avg_p_latency_2', 'cores_3', 'process_resident_memory_bytes_1', 'python_gc_objects_collected_total_1', 'throughput_3']",28.642805785988458,
throughput_3,20,mrmr,classic_quantile,bic,0.666358595194085,0.35984060661791256,16.0,"['buffer_size_3', 'process_cpu_seconds_total_1', 'throughput_2', 'avg_p_latency_3', 'throughput_1', 'data_quality_1', 'buffer_size_2', 'avg_p_latency_1', 'data_quality_2', 'scrape_duration_seconds_1', 'python_gc_objects_collected_total_3', 'process_virtual_memory_bytes_1', 'avg_p_latency_2', 'process_resident_memory_bytes_1', 'python_gc_objects_collected_total_1', 'throughput_3']",28.23529735498596,
throughput_3,20,mrmr,classic_quantile,aic,0.666358595194085,0.27089499085311897,16.0,"['buffer_size_3', 'process_cpu_seconds_total_1', 'throughput_2', 'avg_p_latency_3', 'throughput_1', 'data_quality_1', 'buffer_size_2', 'avg_p_latency_1', 'data_quality_2', 'scrape_duration_seconds_1', 'python_gc_objects_collected_total_3', 'process_virtual_memory_bytes_1', 'avg_p_latency_2', 'process_resident_memory_bytes_1', 'python_gc_objects_collected_total_1', 'throughput_3']",29.050454205018468,
throughput_3,20,mrmr,kmeans,bic,0.865988909426987,0.6127480410584768,18.0,"['buffer_size_3', 'process_cpu_seconds_total_1', 'throughput_2', 'avg_p_latency_3', 'throughput_1', 'data_quality_1', 'cores_1', 'buffer_size_2', 'avg_p_latency_1', 'data_quality_2', 'scrape_duration_seconds_1', 'python_gc_objects_collected_total_3', 'process_virtual_memory_bytes_1', 'avg_p_latency_2', 'cores_3', 'process_resident_memory_bytes_1', 'python_gc_objects_collected_total_1', 'throughput_3']",28.39493324200157,
throughput_3,20,mrmr,kmeans,aic,1.0,0.3189535114977293,18.0,"['buffer_size_3', 'process_cpu_seconds_total_1', 'throughput_2', 'avg_p_latency_3', 'throughput_1', 'data_quality_1', 'cores_1', 'buffer_size_2', 'avg_p_latency_1', 'data_quality_2', 'scrape_duration_seconds_1', 'python_gc_objects_collected_total_3', 'process_virtual_memory_bytes_1', 'avg_p_latency_2', 'cores_3', 'process_resident_memory_bytes_1', 'python_gc_objects_collected_total_1', 'throughput_3']",29.57182388100773,
throughput_3,20,mrmr,dbscan,bic,0.0,0.02697872701277037,15.0,"['buffer_size_3', 'throughput_2', 'avg_p_latency_3', 'throughput_1', 'data_quality_1', 'cores_1', 'buffer_size_2', 'avg_p_latency_1', 'data_quality_2', 'python_gc_objects_collected_total_3', 'process_virtual_memory_bytes_1', 'avg_p_latency_2', 'cores_3', 'process_resident_memory_bytes_1', 'throughput_3']",27.080024754046462,
throughput_3,20,mrmr,dbscan,aic,0.0,0.015995344742420273,15.0,"['buffer_size_3', 'throughput_2', 'avg_p_latency_3', 'throughput_1', 'data_quality_1', 'cores_1', 'buffer_size_2', 'avg_p_latency_1', 'data_quality_2', 'python_gc_objects_collected_total_3', 'process_virtual_memory_bytes_1', 'avg_p_latency_2', 'cores_3', 'process_resident_memory_bytes_1', 'throughput_3']",27.60414997197222,
throughput_3,20,pca,classic_uniform,bic,1.0,0.27854904729041824,21.0,"['pca_1', 'pca_2', 'pca_3', 'pca_4', 'pca_5', 'pca_6', 'pca_7', 'pca_8', 'pca_9', 'pca_10', 'pca_11', 'pca_12', 'pca_13', 'pca_14', 'pca_15', 'pca_16', 'pca_17', 'pca_18', 'pca_19', 'pca_20', 'throughput_3']",4.984757261001505,
throughput_3,20,pca,classic_uniform,aic,0.910351201478743,0.31008478786778215,21.0,"['pca_1', 'pca_2', 'pca_3', 'pca_4', 'pca_5', 'pca_6', 'pca_7', 'pca_8', 'pca_9', 'pca_10', 'pca_11', 'pca_12', 'pca_13', 'pca_14', 'pca_15', 'pca_16', 'pca_17', 'pca_18', 'pca_19', 'pca_20', 'throughput_3']",7.568093131994829,
throughput_3,20,pca,classic_quantile,bic,0.9981515711645101,0.3878200185085246,21.0,"['pca_1', 'pca_2', 'pca_3', 'pca_4', 'pca_5', 'pca_6', 'pca_7', 'pca_8', 'pca_9', 'pca_10', 'pca_11', 'pca_12', 'pca_13', 'pca_14', 'pca_15', 'pca_16', 'pca_17', 'pca_18', 'pca_19', 'pca_20', 'throughput_3']",8.434703571954742,
throughput_3,20,pca,classic_quantile,aic,0.9325323475046211,0.33899798731891284,21.0,"['pca_1', 'pca_2', 'pca_3', 'pca_4', 'pca_5', 'pca_6', 'pca_7', 'pca_8', 'pca_9', 'pca_10', 'pca_11', 'pca_12', 'pca_13', 'pca_14', 'pca_15', 'pca_16', 'pca_17', 'pca_18', 'pca_19', 'pca_20', 'throughput_3']",20.938002823037095,
throughput_3,20,pca,kmeans,bic,1.0,0.26488882490230614,21.0,"['pca_1', 'pca_2', 'pca_3', 'pca_4', 'pca_5', 'pca_6', 'pca_7', 'pca_8', 'pca_9', 'pca_10', 'pca_11', 'pca_12', 'pca_13', 'pca_14', 'pca_15', 'pca_16', 'pca_17', 'pca_18', 'pca_19', 'pca_20', 'throughput_3']",7.204329292988405,
throughput_3,20,pca,kmeans,aic,0.9990757855822551,0.3144240712580787,21.0,"['pca_1', 'pca_2', 'pca_3', 'pca_4', 'pca_5', 'pca_6', 'pca_7', 'pca_8', 'pca_9', 'pca_10', 'pca_11', 'pca_12', 'pca_13', 'pca_14', 'pca_15', 'pca_16', 'pca_17', 'pca_18', 'pca_19', 'pca_20', 'throughput_3']",15.181237383047119,
throughput_3,20,pca,dbscan,bic,,,,,1.042992934002541,The node throughput_3_t1 is not in the digraph.
throughput_3,20,pca,dbscan,aic,0.0009242144177449168,0.007720395283747818,15.0,"['pca_1', 'pca_2', 'pca_5', 'pca_6', 'pca_7', 'pca_8', 'pca_9', 'pca_10', 'pca_11', 'pca_12', 'pca_13', 'pca_14', 'pca_16', 'pca_17', 'throughput_3']",13.413473102962598,
throughput_3,30,markov,classic_uniform,bic,0.8382624768946395,0.3147179334092936,25.0,"['throughput_2', 'data_quality_3', 'buffer_size_3', 'process_cpu_seconds_total_1', 'python_gc_objects_collected_total_1', 'python_gc_collections_total_1', 'python_gc_collections_total_2', 'python_gc_objects_collected_total_2', 'python_gc_collections_total_3', 'python_gc_objects_collected_total_3', 'process_resident_memory_bytes_1', 'throughput_1', 'buffer_size_2', 'avg_p_latency_1', 'avg_p_latency_3', 'data_quality_1', 'avg_p_latency_2', 'data_quality_2', 'process_virtual_memory_bytes_1', 'scrape_duration_seconds_1', 'cores_1', 'cores_3', 'cores_2', 'process_open_fds_1', 'throughput_3']",9.948519697994925,
throughput_3,30,markov,classic_uniform,aic,0.666358595194085,0.29208316736364626,25.0,"['throughput_2', 'data_quality_3', 'buffer_size_3', 'process_cpu_seconds_total_1', 'python_gc_objects_collected_total_1', 'python_gc_collections_total_1', 'python_gc_collections_total_2', 'python_gc_objects_collected_total_2', 'python_gc_collections_total_3', 'python_gc_objects_collected_total_3', 'process_resident_memory_bytes_1', 'throughput_1', 'buffer_size_2', 'avg_p_latency_1', 'avg_p_latency_3', 'data_quality_1', 'avg_p_latency_2', 'data_quality_2', 'process_virtual_memory_bytes_1', 'scrape_duration_seconds_1', 'cores_1', 'cores_3', 'cores_2', 'process_open_fds_1', 'throughput_3']",10.653581208083779,
throughput_3,30,markov,classic_quantile,bic,0.0036968576709796672,0.22884163735680663,22.0,"['throughput_2', 'data_quality_3', 'buffer_size_3', 'process_cpu_seconds_total_1', 'python_gc_objects_collected_total_1', 'python_gc_collections_total_1', 'python_gc_collections_total_2', 'python_gc_objects_collected_total_2', 'python_gc_collections_total_3', 'python_gc_objects_collected_total_3', 'process_resident_memory_bytes_1', 'throughput_1', 'buffer_size_2', 'avg_p_latency_1', 'avg_p_latency_3', 'data_quality_1', 'avg_p_latency_2', 'data_quality_2', 'process_virtual_memory_bytes_1', 'scrape_duration_seconds_1', 'cores_2', 'throughput_3']",9.8385654570302,
throughput_3,30,markov,classic_quantile,aic,0.5369685767097967,0.26463929352562815,22.0,"['throughput_2', 'data_quality_3', 'buffer_size_3', 'process_cpu_seconds_total_1', 'python_gc_objects_collected_total_1', 'python_gc_collections_total_1', 'python_gc_collections_total_2', 'python_gc_objects_collected_total_2', 'python_gc_collections_total_3', 'python_gc_objects_collected_total_3', 'process_resident_memory_bytes_1', 'throughput_1', 'buffer_size_2', 'avg_p_latency_1', 'avg_p_latency_3', 'data_quality_1', 'avg_p_latency_2', 'data_quality_2', 'process_virtual_memory_bytes_1', 'scrape_duration_seconds_1', 'cores_2', 'throughput_3']",11.27856852801051,
throughput_3,30,markov,kmeans,bic,0.865988909426987,0.5918961026409749,25.0,"['throughput_2', 'data_quality_3', 'buffer_size_3', 'process_cpu_seconds_total_1', 'python_gc_objects_collected_total_1', 'python_gc_collections_total_1', 'python_gc_collections_total_2', 'python_gc_objects_collected_total_2', 'python_gc_collections_total_3', 'python_gc_objects_collected_total_3', 'process_resident_memory_bytes_1', 'throughput_1', 'buffer_size_2', 'avg_p_latency_1', 'avg_p_latency_3', 'data_quality_1', 'avg_p_latency_2', 'data_quality_2', 'process_virtual_memory_bytes_1', 'scrape_duration_seconds_1', 'cores_1', 'cores_3', 'cores_2', 'process_open_fds_1', 'throughput_3']",9.960999709088355,
throughput_3,30,markov,kmeans,aic,0.865988909426987,0.4040130723756099,25.0,"['throughput_2', 'data_quality_3', 'buffer_size_3', 'process_cpu_seconds_total_1', 'python_gc_objects_collected_total_1', 'python_gc_collections_total_1', 'python_gc_collections_total_2', 'python_gc_objects_collected_total_2', 'python_gc_collections_total_3', 'python_gc_objects_collected_total_3', 'process_resident_memory_bytes_1', 'throughput_1', 'buffer_size_2', 'avg_p_latency_1', 'avg_p_latency_3', 'data_quality_1', 'avg_p_latency_2', 'data_quality_2', 'process_virtual_memory_bytes_1', 'scrape_duration_seconds_1', 'cores_1', 'cores_3', 'cores_2', 'process_open_fds_1', 'throughput_3']",11.825341468094848,
throughput_3,30,markov,dbscan,bic,0.0,0.02697872701277037,20.0,"['throughput_2', 'data_quality_3', 'buffer_size_3', 'python_gc_objects_collected_total_2', 'python_gc_collections_total_3', 'python_gc_objects_collected_total_3', 'process_resident_memory_bytes_1', 'throughput_1', 'buffer_size_2', 'avg_p_latency_1', 'avg_p_latency_3', 'data_quality_1', 'avg_p_latency_2', 'data_quality_2', 'process_virtual_memory_bytes_1', 'cores_1', 'cores_3', 'cores_2', 'process_open_fds_1', 'throughput_3']",7.662359802983701,
throughput_3,30,markov,dbscan,aic,0.0,0.01593899498630834,20.0,"['throughput_2', 'data_quality_3', 'buffer_size_3', 'python_gc_objects_collected_total_2', 'python_gc_collections_total_3', 'python_gc_objects_collected_total_3', 'process_resident_memory_bytes_1', 'throughput_1', 'buffer_size_2', 'avg_p_latency_1', 'avg_p_latency_3', 'data_quality_1', 'avg_p_latency_2', 'data_quality_2', 'process_virtual_memory_bytes_1', 'cores_1', 'cores_3', 'cores_2', 'process_open_fds_1', 'throughput_3']",8.744436764973216,
throughput_3,30,mrmr,classic_uniform,bic,0.8382624768946395,0.3146873798708729,24.0,"['buffer_size_3', 'process_cpu_seconds_total_1', 'throughput_2', 'avg_p_latency_3', 'throughput_1', 'data_quality_1', 'cores_1', 'buffer_size_2', 'avg_p_latency_1', 'data_quality_2', 'scrape_duration_seconds_1', 'python_gc_objects_collected_total_3', 'process_virtual_memory_bytes_1', 'avg_p_latency_2', 'cores_3', 'process_resident_memory_bytes_1', 'python_gc_objects_collected_total_1', 'data_quality_3', 'process_open_fds_1', 'python_gc_collections_total_3', 'cores_2', 'python_gc_objects_collected_total_2', 'python_gc_collections_total_1', 'throughput_3']",44.871521805995144,
throughput_3,30,mrmr,classic_uniform,aic,0.666358595194085,0.29208316736364626,24.0,"['buffer_size_3', 'process_cpu_seconds_total_1', 'throughput_2', 'avg_p_latency_3', 'throughput_1', 'data_quality_1', 'cores_1', 'buffer_size_2', 'avg_p_latency_1', 'data_quality_2', 'scrape_duration_seconds_1', 'python_gc_objects_collected_total_3', 'process_virtual_memory_bytes_1', 'avg_p_latency_2', 'cores_3', 'process_resident_memory_bytes_1', 'python_gc_objects_collected_total_1', 'data_quality_3', 'process_open_fds_1', 'python_gc_collections_total_3', 'cores_2', 'python_gc_objects_collected_total_2', 'python_gc_collections_total_1', 'throughput_3']",45.15343597799074,
throughput_3,30,mrmr,classic_quantile,bic,0.0036968576709796672,0.22963530109077002,21.0,"['buffer_size_3', 'process_cpu_seconds_total_1', 'throughput_2', 'avg_p_latency_3', 'throughput_1', 'data_quality_1', 'buffer_size_2', 'avg_p_latency_1', 'data_quality_2', 'scrape_duration_seconds_1', 'python_gc_objects_collected_total_3', 'process_virtual_memory_bytes_1', 'avg_p_latency_2', 'process_resident_memory_bytes_1', 'python_gc_objects_collected_total_1', 'data_quality_3', 'python_gc_collections_total_3', 'cores_2', 'python_gc_objects_collected_total_2', 'python_gc_collections_total_1', 'throughput_3']",44.921883847913705,
throughput_3,30,mrmr,classic_quantile,aic,0.33733826247689463,0.26164249143696144,21.0,"['buffer_size_3', 'process_cpu_seconds_total_1', 'throughput_2', 'avg_p_latency_3', 'throughput_1', 'data_quality_1', 'buffer_size_2', 'avg_p_latency_1', 'data_quality_2', 'scrape_duration_seconds_1', 'python_gc_objects_collected_total_3', 'process_virtual_memory_bytes_1', 'avg_p_latency_2', 'process_resident_memory_bytes_1', 'python_gc_objects_collected_total_1', 'data_quality_3', 'python_gc_collections_total_3', 'cores_2', 'python_gc_objects_collected_total_2', 'python_gc_collections_total_1', 'throughput_3']",46.52116450597532,
throughput_3,30,mrmr,kmeans,bic,0.865988909426987,0.5918961026409749,24.0,"['buffer_size_3', 'process_cpu_seconds_total_1', 'throughput_2', 'avg_p_latency_3', 'throughput_1', 'data_quality_1', 'cores_1', 'buffer_size_2', 'avg_p_latency_1', 'data_quality_2', 'scrape_duration_seconds_1', 'python_gc_objects_collected_total_3', 'process_virtual_memory_bytes_1', 'avg_p_latency_2', 'cores_3', 'process_resident_memory_bytes_1', 'python_gc_objects_collected_total_1', 'data_quality_3', 'process_open_fds_1', 'python_gc_collections_total_3', 'cores_2', 'python_gc_objects_collected_total_2', 'python_gc_collections_total_1', 'throughput_3']",44.09064200299326,
throughput_3,30,mrmr,kmeans,aic,0.865988909426987,0.38892499543527187,24.0,"['buffer_size_3', 'process_cpu_seconds_total_1', 'throughput_2', 'avg_p_latency_3', 'throughput_1', 'data_quality_1', 'cores_1', 'buffer_size_2', 'avg_p_latency_1', 'data_quality_2', 'scrape_duration_seconds_1', 'python_gc_objects_collected_total_3', 'process_virtual_memory_bytes_1', 'avg_p_latency_2', 'cores_3', 'process_resident_memory_bytes_1', 'python_gc_objects_collected_total_1', 'data_quality_3', 'process_open_fds_1', 'python_gc_collections_total_3', 'cores_2', 'python_gc_objects_collected_total_2', 'python_gc_collections_total_1', 'throughput_3']",45.37030632898677,
throughput_3,30,mrmr,dbscan,bic,0.0,0.02697872701277037,20.0,"['buffer_size_3', 'throughput_2', 'avg_p_latency_3', 'throughput_1', 'data_quality_1', 'cores_1', 'buffer_size_2', 'avg_p_latency_1', 'data_quality_2', 'python_gc_objects_collected_total_3', 'process_virtual_memory_bytes_1', 'avg_p_latency_2', 'cores_3', 'process_resident_memory_bytes_1', 'data_quality_3', 'process_open_fds_1', 'python_gc_collections_total_3', 'cores_2', 'python_gc_objects_collected_total_2', 'throughput_3']",41.6369799959939,
throughput_3,30,mrmr,dbscan,aic,0.0,0.01593899498630834,20.0,"['buffer_size_3', 'throughput_2', 'avg_p_latency_3', 'throughput_1', 'data_quality_1', 'cores_1', 'buffer_size_2', 'avg_p_latency_1', 'data_quality_2', 'python_gc_objects_collected_total_3', 'process_virtual_memory_bytes_1', 'avg_p_latency_2', 'cores_3', 'process_resident_memory_bytes_1', 'data_quality_3', 'process_open_fds_1', 'python_gc_collections_total_3', 'cores_2', 'python_gc_objects_collected_total_2', 'throughput_3']",43.00143450591713,
throughput_3,30,pca,classic_uniform,bic,1.0,0.27760762769990804,31.0,"['pca_1', 'pca_2', 'pca_3', 'pca_4', 'pca_5', 'pca_6', 'pca_7', 'pca_8', 'pca_9', 'pca_10', 'pca_11', 'pca_12', 'pca_13', 'pca_14', 'pca_15', 'pca_16', 'pca_17', 'pca_18', 'pca_19', 'pca_20', 'pca_21', 'pca_22', 'pca_23', 'pca_24', 'pca_25', 'pca_26', 'pca_27', 'pca_28', 'pca_29', 'pca_30', 'throughput_3']",10.418941889074631,
throughput_3,30,pca,classic_uniform,aic,0.9057301293900185,0.3194224127110923,31.0,"['pca_1', 'pca_2', 'pca_3', 'pca_4', 'pca_5', 'pca_6', 'pca_7', 'pca_8', 'pca_9', 'pca_10', 'pca_11', 'pca_12', 'pca_13', 'pca_14', 'pca_15', 'pca_16', 'pca_17', 'pca_18', 'pca_19', 'pca_20', 'pca_21', 'pca_22', 'pca_23', 'pca_24', 'pca_25', 'pca_26', 'pca_27', 'pca_28', 'pca_29', 'pca_30', 'throughput_3']",14.703130680019967,
throughput_3,30,pca,classic_quantile,bic,1.0,0.5295950193230283,25.0,"['pca_1', 'pca_2', 'pca_3', 'pca_4', 'pca_5', 'pca_6', 'pca_7', 'pca_8', 'pca_9', 'pca_10', 'pca_11', 'pca_12', 'pca_13', 'pca_14', 'pca_15', 'pca_16', 'pca_17', 'pca_18', 'pca_19', 'pca_20', 'pca_21', 'pca_22', 'pca_23', 'pca_24', 'throughput_3']",11.985444469028153,
throughput_3,30,pca,classic_quantile,aic,0.19038817005545286,0.25059191213596926,25.0,"['pca_1', 'pca_2', 'pca_3', 'pca_4', 'pca_5', 'pca_6', 'pca_7', 'pca_8', 'pca_9', 'pca_10', 'pca_11', 'pca_12', 'pca_13', 'pca_14', 'pca_15', 'pca_16', 'pca_17', 'pca_18', 'pca_19', 'pca_20', 'pca_21', 'pca_22', 'pca_23', 'pca_24', 'throughput_3']",29.45768221700564,
throughput_3,30,pca,kmeans,bic,1.0,0.26440663452650004,25.0,"['pca_1', 'pca_2', 'pca_3', 'pca_4', 'pca_5', 'pca_6', 'pca_7', 'pca_8', 'pca_9', 'pca_10', 'pca_11', 'pca_12', 'pca_13', 'pca_14', 'pca_15', 'pca_16', 'pca_17', 'pca_18', 'pca_19', 'pca_20', 'pca_21', 'pca_22', 'pca_23', 'pca_24', 'throughput_3']",8.56588892498985,
throughput_3,30,pca,kmeans,aic,0.9990757855822551,0.30032122832848307,25.0,"['pca_1', 'pca_2', 'pca_3', 'pca_4', 'pca_5', 'pca_6', 'pca_7', 'pca_8', 'pca_9', 'pca_10', 'pca_11', 'pca_12', 'pca_13', 'pca_14', 'pca_15', 'pca_16', 'pca_17', 'pca_18', 'pca_19', 'pca_20', 'pca_21', 'pca_22', 'pca_23', 'pca_24', 'throughput_3']",18.984065147931688,
throughput_3,30,pca,dbscan,bic,,,,,2.01299357006792,The node throughput_3_t1 is not in the digraph.
throughput_3,30,pca,dbscan,aic,0.0009242144177449168,0.007720395283747818,15.0,"['pca_1', 'pca_2', 'pca_5', 'pca_6', 'pca_7', 'pca_8', 'pca_9', 'pca_10', 'pca_11', 'pca_12', 'pca_13', 'pca_14', 'pca_16', 'pca_17', 'throughput_3']",15.083082007011399,
throughput_3,50,markov,classic_uniform,bic,0.8382624768946395,0.3147179334092936,25.0,"['throughput_2', 'data_quality_3', 'buffer_size_3', 'process_cpu_seconds_total_1', 'python_gc_objects_collected_total_1', 'python_gc_collections_total_1', 'python_gc_collections_total_2', 'python_gc_objects_collected_total_2', 'python_gc_collections_total_3', 'python_gc_objects_collected_total_3', 'process_resident_memory_bytes_1', 'throughput_1', 'buffer_size_2', 'avg_p_latency_1', 'avg_p_latency_3', 'data_quality_1', 'avg_p_latency_2', 'data_quality_2', 'process_virtual_memory_bytes_1', 'scrape_duration_seconds_1', 'cores_1', 'cores_3', 'cores_2', 'process_open_fds_1', 'throughput_3']",11.046960063977167,
throughput_3,50,markov,classic_uniform,aic,0.666358595194085,0.29208316736364626,25.0,"['throughput_2', 'data_quality_3', 'buffer_size_3', 'process_cpu_seconds_total_1', 'python_gc_objects_collected_total_1', 'python_gc_collections_total_1', 'python_gc_collections_total_2', 'python_gc_objects_collected_total_2', 'python_gc_collections_total_3', 'python_gc_objects_collected_total_3', 'process_resident_memory_bytes_1', 'throughput_1', 'buffer_size_2', 'avg_p_latency_1', 'avg_p_latency_3', 'data_quality_1', 'avg_p_latency_2', 'data_quality_2', 'process_virtual_memory_bytes_1', 'scrape_duration_seconds_1', 'cores_1', 'cores_3', 'cores_2', 'process_open_fds_1', 'throughput_3']",10.857626826968044,
throughput_3,50,markov,classic_quantile,bic,0.0036968576709796672,0.22884163735680663,22.0,"['throughput_2', 'data_quality_3', 'buffer_size_3', 'process_cpu_seconds_total_1', 'python_gc_objects_collected_total_1', 'python_gc_collections_total_1', 'python_gc_collections_total_2', 'python_gc_objects_collected_total_2', 'python_gc_collections_total_3', 'python_gc_objects_collected_total_3', 'process_resident_memory_bytes_1', 'throughput_1', 'buffer_size_2', 'avg_p_latency_1', 'avg_p_latency_3', 'data_quality_1', 'avg_p_latency_2', 'data_quality_2', 'process_virtual_memory_bytes_1', 'scrape_duration_seconds_1', 'cores_2', 'throughput_3']",10.499889132915996,
throughput_3,50,markov,classic_quantile,aic,0.5369685767097967,0.26463929352562815,22.0,"['throughput_2', 'data_quality_3', 'buffer_size_3', 'process_cpu_seconds_total_1', 'python_gc_objects_collected_total_1', 'python_gc_collections_total_1', 'python_gc_collections_total_2', 'python_gc_objects_collected_total_2', 'python_gc_collections_total_3', 'python_gc_objects_collected_total_3', 'process_resident_memory_bytes_1', 'throughput_1', 'buffer_size_2', 'avg_p_latency_1', 'avg_p_latency_3', 'data_quality_1', 'avg_p_latency_2', 'data_quality_2', 'process_virtual_memory_bytes_1', 'scrape_duration_seconds_1', 'cores_2', 'throughput_3']",10.848433093982749,
throughput_3,50,markov,kmeans,bic,0.865988909426987,0.5918961026409749,25.0,"['throughput_2', 'data_quality_3', 'buffer_size_3', 'process_cpu_seconds_total_1', 'python_gc_objects_collected_total_1', 'python_gc_collections_total_1', 'python_gc_collections_total_2', 'python_gc_objects_collected_total_2', 'python_gc_collections_total_3', 'python_gc_objects_collected_total_3', 'process_resident_memory_bytes_1', 'throughput_1', 'buffer_size_2', 'avg_p_latency_1', 'avg_p_latency_3', 'data_quality_1', 'avg_p_latency_2', 'data_quality_2', 'process_virtual_memory_bytes_1', 'scrape_duration_seconds_1', 'cores_1', 'cores_3', 'cores_2', 'process_open_fds_1', 'throughput_3']",9.95967438002117,
throughput_3,50,markov,kmeans,aic,0.865988909426987,0.4040130723756099,25.0,"['throughput_2', 'data_quality_3', 'buffer_size_3', 'process_cpu_seconds_total_1', 'python_gc_objects_collected_total_1', 'python_gc_collections_total_1', 'python_gc_collections_total_2', 'python_gc_objects_collected_total_2', 'python_gc_collections_total_3', 'python_gc_objects_collected_total_3', 'process_resident_memory_bytes_1', 'throughput_1', 'buffer_size_2', 'avg_p_latency_1', 'avg_p_latency_3', 'data_quality_1', 'avg_p_latency_2', 'data_quality_2', 'process_virtual_memory_bytes_1', 'scrape_duration_seconds_1', 'cores_1', 'cores_3', 'cores_2', 'process_open_fds_1', 'throughput_3']",11.447150859050453,
throughput_3,50,markov,dbscan,bic,0.0,0.02697872701277037,20.0,"['throughput_2', 'data_quality_3', 'buffer_size_3', 'python_gc_objects_collected_total_2', 'python_gc_collections_total_3', 'python_gc_objects_collected_total_3', 'process_resident_memory_bytes_1', 'throughput_1', 'buffer_size_2', 'avg_p_latency_1', 'avg_p_latency_3', 'data_quality_1', 'avg_p_latency_2', 'data_quality_2', 'process_virtual_memory_bytes_1', 'cores_1', 'cores_3', 'cores_2', 'process_open_fds_1', 'throughput_3']",7.58043811400421,
throughput_3,50,markov,dbscan,aic,0.0,0.01593899498630834,20.0,"['throughput_2', 'data_quality_3', 'buffer_size_3', 'python_gc_objects_collected_total_2', 'python_gc_collections_total_3', 'python_gc_objects_collected_total_3', 'process_resident_memory_bytes_1', 'throughput_1', 'buffer_size_2', 'avg_p_latency_1', 'avg_p_latency_3', 'data_quality_1', 'avg_p_latency_2', 'data_quality_2', 'process_virtual_memory_bytes_1', 'cores_1', 'cores_3', 'cores_2', 'process_open_fds_1', 'throughput_3']",8.657607750967145,
throughput_3,50,mrmr,classic_uniform,bic,0.8382624768946395,0.3147179334092936,25.0,"['buffer_size_3', 'process_cpu_seconds_total_1', 'throughput_2', 'avg_p_latency_3', 'throughput_1', 'data_quality_1', 'cores_1', 'buffer_size_2', 'avg_p_latency_1', 'data_quality_2', 'scrape_duration_seconds_1', 'python_gc_objects_collected_total_3', 'process_virtual_memory_bytes_1', 'avg_p_latency_2', 'cores_3', 'process_resident_memory_bytes_1', 'python_gc_objects_collected_total_1', 'data_quality_3', 'process_open_fds_1', 'python_gc_collections_total_3', 'cores_2', 'python_gc_objects_collected_total_2', 'python_gc_collections_total_1', 'python_gc_collections_total_2', 'throughput_3']",46.322118520969525,
throughput_3,50,mrmr,classic_uniform,aic,0.666358595194085,0.29208316736364626,25.0,"['buffer_size_3', 'process_cpu_seconds_total_1', 'throughput_2', 'avg_p_latency_3', 'throughput_1', 'data_quality_1', 'cores_1', 'buffer_size_2', 'avg_p_latency_1', 'data_quality_2', 'scrape_duration_seconds_1', 'python_gc_objects_collected_total_3', 'process_virtual_memory_bytes_1', 'avg_p_latency_2', 'cores_3', 'process_resident_memory_bytes_1', 'python_gc_objects_collected_total_1', 'data_quality_3', 'process_open_fds_1', 'python_gc_collections_total_3', 'cores_2', 'python_gc_objects_collected_total_2', 'python_gc_collections_total_1', 'python_gc_collections_total_2', 'throughput_3']",47.33333385898732,
throughput_3,50,mrmr,classic_quantile,bic,0.0036968576709796672,0.22884163735680668,22.0,"['buffer_size_3', 'process_cpu_seconds_total_1', 'throughput_2', 'avg_p_latency_3', 'throughput_1', 'data_quality_1', 'buffer_size_2', 'avg_p_latency_1', 'data_quality_2', 'scrape_duration_seconds_1', 'python_gc_objects_collected_total_3', 'process_virtual_memory_bytes_1', 'avg_p_latency_2', 'process_resident_memory_bytes_1', 'python_gc_objects_collected_total_1', 'data_quality_3', 'python_gc_collections_total_3', 'cores_2', 'python_gc_objects_collected_total_2', 'python_gc_collections_total_1', 'python_gc_collections_total_2', 'throughput_3']",46.366040517925285,
throughput_3,50,mrmr,classic_quantile,aic,0.5369685767097967,0.2646392935256281,22.0,"['buffer_size_3', 'process_cpu_seconds_total_1', 'throughput_2', 'avg_p_latency_3', 'throughput_1', 'data_quality_1', 'buffer_size_2', 'avg_p_latency_1', 'data_quality_2', 'scrape_duration_seconds_1', 'python_gc_objects_collected_total_3', 'process_virtual_memory_bytes_1', 'avg_p_latency_2', 'process_resident_memory_bytes_1', 'python_gc_objects_collected_total_1', 'data_quality_3', 'python_gc_collections_total_3', 'cores_2', 'python_gc_objects_collected_total_2', 'python_gc_collections_total_1', 'python_gc_collections_total_2', 'throughput_3']",47.7195129370084,
throughput_3,50,mrmr,kmeans,bic,0.865988909426987,0.5918961026409749,25.0,"['buffer_size_3', 'process_cpu_seconds_total_1', 'throughput_2', 'avg_p_latency_3', 'throughput_1', 'data_quality_1', 'cores_1', 'buffer_size_2', 'avg_p_latency_1', 'data_quality_2', 'scrape_duration_seconds_1', 'python_gc_objects_collected_total_3', 'process_virtual_memory_bytes_1', 'avg_p_latency_2', 'cores_3', 'process_resident_memory_bytes_1', 'python_gc_objects_collected_total_1', 'data_quality_3', 'process_open_fds_1', 'python_gc_collections_total_3', 'cores_2', 'python_gc_objects_collected_total_2', 'python_gc_collections_total_1', 'python_gc_collections_total_2', 'throughput_3']",46.36000981600955,
throughput_3,50,mrmr,kmeans,aic,0.865988909426987,0.40401307237560985,25.0,"['buffer_size_3', 'process_cpu_seconds_total_1', 'throughput_2', 'avg_p_latency_3', 'throughput_1', 'data_quality_1', 'cores_1', 'buffer_size_2', 'avg_p_latency_1', 'data_quality_2', 'scrape_duration_seconds_1', 'python_gc_objects_collected_total_3', 'process_virtual_memory_bytes_1', 'avg_p_latency_2', 'cores_3', 'process_resident_memory_bytes_1', 'python_gc_objects_collected_total_1', 'data_quality_3', 'process_open_fds_1', 'python_gc_collections_total_3', 'cores_2', 'python_gc_objects_collected_total_2', 'python_gc_collections_total_1', 'python_gc_collections_total_2', 'throughput_3']",47.502023902954534,
throughput_3,50,mrmr,dbscan,bic,0.0,0.02697872701277037,20.0,"['buffer_size_3', 'throughput_2', 'avg_p_latency_3', 'throughput_1', 'data_quality_1', 'cores_1', 'buffer_size_2', 'avg_p_latency_1', 'data_quality_2', 'python_gc_objects_collected_total_3', 'process_virtual_memory_bytes_1', 'avg_p_latency_2', 'cores_3', 'process_resident_memory_bytes_1', 'data_quality_3', 'process_open_fds_1', 'python_gc_collections_total_3', 'cores_2', 'python_gc_objects_collected_total_2', 'throughput_3']",43.56693006597925,
throughput_3,50,mrmr,dbscan,aic,0.0,0.01593899498630834,20.0,"['buffer_size_3', 'throughput_2', 'avg_p_latency_3', 'throughput_1', 'data_quality_1', 'cores_1', 'buffer_size_2', 'avg_p_latency_1', 'data_quality_2', 'python_gc_objects_collected_total_3', 'process_virtual_memory_bytes_1', 'avg_p_latency_2', 'cores_3', 'process_resident_memory_bytes_1', 'data_quality_3', 'process_open_fds_1', 'python_gc_collections_total_3', 'cores_2', 'python_gc_objects_collected_total_2', 'throughput_3']",44.94307720893994,
throughput_3,50,pca,classic_uniform,bic,1.0,0.2691421222976618,35.0,"['pca_1', 'pca_2', 'pca_3', 'pca_4', 'pca_5', 'pca_6', 'pca_7', 'pca_8', 'pca_9', 'pca_10', 'pca_11', 'pca_12', 'pca_13', 'pca_14', 'pca_15', 'pca_16', 'pca_17', 'pca_18', 'pca_19', 'pca_20', 'pca_21', 'pca_22', 'pca_23', 'pca_24', 'pca_25', 'pca_26', 'pca_27', 'pca_28', 'pca_29', 'pca_30', 'pca_31', 'pca_32', 'pca_33', 'pca_34', 'throughput_3']",15.938479611999355,
throughput_3,50,pca,classic_uniform,aic,0.9057301293900185,0.31421285022885964,35.0,"['pca_1', 'pca_2', 'pca_3', 'pca_4', 'pca_5', 'pca_6', 'pca_7', 'pca_8', 'pca_9', 'pca_10', 'pca_11', 'pca_12', 'pca_13', 'pca_14', 'pca_15', 'pca_16', 'pca_17', 'pca_18', 'pca_19', 'pca_20', 'pca_21', 'pca_22', 'pca_23', 'pca_24', 'pca_25', 'pca_26', 'pca_27', 'pca_28', 'pca_29', 'pca_30', 'pca_31', 'pca_32', 'pca_33', 'pca_34', 'throughput_3']",18.98590276390314,
throughput_3,50,pca,classic_quantile,bic,1.0,0.42113856546248346,27.0,"['pca_1', 'pca_2', 'pca_3', 'pca_4', 'pca_5', 'pca_6', 'pca_7', 'pca_8', 'pca_9', 'pca_10', 'pca_11', 'pca_12', 'pca_13', 'pca_14', 'pca_15', 'pca_16', 'pca_17', 'pca_18', 'pca_19', 'pca_20', 'pca_21', 'pca_22', 'pca_23', 'pca_24', 'pca_33', 'pca_34', 'throughput_3']",13.959843248012476,
throughput_3,50,pca,classic_quantile,aic,0.7273567467652495,0.2804045264390036,27.0,"['pca_1', 'pca_2', 'pca_3', 'pca_4', 'pca_5', 'pca_6', 'pca_7', 'pca_8', 'pca_9', 'pca_10', 'pca_11', 'pca_12', 'pca_13', 'pca_14', 'pca_15', 'pca_16', 'pca_17', 'pca_18', 'pca_19', 'pca_20', 'pca_21', 'pca_22', 'pca_23', 'pca_24', 'pca_33', 'pca_34', 'throughput_3']",35.53220606199466,
throughput_3,50,pca,kmeans,bic,1.0,0.26765053162220287,27.0,"['pca_1', 'pca_2', 'pca_3', 'pca_4', 'pca_5', 'pca_6', 'pca_7', 'pca_8', 'pca_9', 'pca_10', 'pca_11', 'pca_12', 'pca_13', 'pca_14', 'pca_15', 'pca_16', 'pca_17', 'pca_18', 'pca_19', 'pca_20', 'pca_21', 'pca_22', 'pca_23', 'pca_24', 'pca_33', 'pca_34', 'throughput_3']",10.732084128074348,
throughput_3,50,pca,kmeans,aic,1.0,0.3064389407422429,27.0,"['pca_1', 'pca_2', 'pca_3', 'pca_4', 'pca_5', 'pca_6', 'pca_7', 'pca_8', 'pca_9', 'pca_10', 'pca_11', 'pca_12', 'pca_13', 'pca_14', 'pca_15', 'pca_16', 'pca_17', 'pca_18', 'pca_19', 'pca_20', 'pca_21', 'pca_22', 'pca_23', 'pca_24', 'pca_33', 'pca_34', 'throughput_3']",21.74558364506811,
throughput_3,50,pca,dbscan,bic,,,,,2.1046682479791343,The node throughput_3_t1 is not in the digraph.
throughput_3,50,pca,dbscan,aic,0.0009242144177449168,0.007720395283747818,15.0,"['pca_1', 'pca_2', 'pca_5', 'pca_6', 'pca_7', 'pca_8', 'pca_9', 'pca_10', 'pca_11', 'pca_12', 'pca_13', 'pca_14', 'pca_16', 'pca_17', 'throughput_3']",14.390210472047329,
